index,id,y_true,y_pred,w_text,w_audio,w_vision,pred_text_center,pred_audio_center,pred_vision_center,err_text_center,err_audio_center,err_vision_center,oracle_w_text,oracle_w_audio,oracle_w_vision,router_selected_anchor,oracle_selected_anchor,router_oracle_match,availability_text,availability_audio,availability_vision
81,cXypl4FnoZo$_$28,-2.200000047683716,0.7640737891197205,0.2285824567079544,0.3170485496520996,0.4543690085411072,0.5161651372909546,0.5892247557640076,0.4886130690574646,2.716165065765381,2.789224863052368,2.688613176345825,0.34721696376800537,0.27216747403144836,0.3806155323982239,vision,vision,1,0.7272727489471436,0.6000000238418579,0.5333333611488342
364,nbWiPyCm4g0$_$1,1.2000000476837158,0.43803682923316956,0.1190069168806076,0.32653719186782837,0.5544559359550476,0.24972735345363617,0.3564058840274811,0.2654620409011841,0.9502726793289185,0.8435941934585571,0.9345380067825317,0.28728383779525757,0.4099624752998352,0.30275365710258484,vision,audio,0,0.5,0.71875,0.7435897588729858
39,cM3Yna7AavY$_$16,-2.799999952316284,0.6538471579551697,0.24281251430511475,0.2947291135787964,0.46245837211608887,0.43672966957092285,0.5263705849647522,0.42974138259887695,3.236729621887207,3.3263704776763916,3.229741334915161,0.36162784695625305,0.26822152733802795,0.3701506555080414,vision,vision,1,0.800000011920929,0.6071428656578064,0.5882353186607361
514,tmZoasNr4rU$_$20,-1.0,-0.7972897291183472,0.21024514734745026,0.29793745279312134,0.4918173551559448,-0.709223747253418,-0.6841585636138916,-0.7381722927093506,0.29077625274658203,0.3158414363861084,0.2618277072906494,0.3309999108314514,0.3044684827327728,0.36453160643577576,vision,vision,1,0.699999988079071,0.5897436141967773,0.6041666865348816
206,f9O3YtZ2VfI$_$28,1.2000000476837158,1.6916805505752563,0.15307287871837616,0.4118272066116333,0.43509986996650696,1.0737837553024292,1.1413965225219727,1.0359596014022827,0.12621629238128662,0.058603525161743164,0.1640404462814331,0.31904667615890503,0.3996995985507965,0.2812536358833313,vision,audio,0,0.5,0.7096773982048035,0.5
566,vyB00TXsimI$_$13,2.4000000953674316,1.9222005605697632,0.14599774777889252,0.2120097577571869,0.641992449760437,1.5624103546142578,1.537903070449829,1.4041316509246826,0.8375897407531738,0.8620970249176025,0.995868444442749,0.39815595746040344,0.3669233024120331,0.23492075502872467,vision,text,0,0.6666666865348816,0.5555555820465088,0.8571428656578064
426,pLTX3ipuDJI$_$8,-2.0,-0.6283442974090576,0.17467384040355682,0.3413349986076355,0.4839911460876465,-0.6573910117149353,-0.6276978254318237,-0.6554567217826843,1.34260892868042,1.3723021745681763,1.344543218612671,0.34490659832954407,0.3124036490917206,0.3426898419857025,vision,text,0,0.6296296119689941,0.6774193644523621,0.6081081032752991
683,zhpQhgha_KU$_$34,1.2000000476837158,2.1705543994903564,0.17473167181015015,0.22235023975372314,0.6029180884361267,1.677643895149231,1.6359494924545288,1.5156760215759277,0.47764384746551514,0.435949444770813,0.3156759738922119,0.2587372064590454,0.2973155975341797,0.4439471960067749,vision,vision,1,0.625,0.4444444477558136,0.6818181872367859
569,vyB00TXsimI$_$14,2.0,1.3031562566757202,0.20007561147212982,0.2664656341075897,0.5334587097167969,0.9807721972465515,1.0065689086914062,0.8809725046157837,1.0192277431488037,0.9934310913085938,1.1190274953842163,0.35627710819244385,0.38826870918273926,0.2554541528224945,vision,audio,0,0.6363636255264282,0.47999998927116394,0.5666666626930237
46,cM3Yna7AavY$_$6,2.799999952316284,1.3611658811569214,0.18062980473041534,0.2904748320579529,0.528895378112793,1.0534887313842773,1.0871824026107788,0.9518934488296509,1.7465112209320068,1.7128175497055054,1.8481065034866333,0.35315799713134766,0.39513513445854187,0.2517067790031433,vision,audio,0,0.6000000238418579,0.5446428656578064,0.6000000238418579
180,etzxEpPuc6I$_$10,-1.399999976158142,-0.7669793367385864,0.18237079679965973,0.2309626191854477,0.5866665244102478,-0.6945731043815613,-0.669301450252533,-0.7043372392654419,0.7054268717765808,0.7306985259056091,0.6956627368927002,0.3387196362018585,0.3113550841808319,0.34992530941963196,vision,vision,1,0.6666666865348816,0.5,0.7234042286872864
198,f9O3YtZ2VfI$_$24,-2.5999999046325684,-1.8058048486709595,0.20712849497795105,0.2966569662094116,0.49621453881263733,-1.5944753885269165,-1.5732589960098267,-1.5665370225906372,1.0055245161056519,1.0267409086227417,1.0334628820419312,0.35176610946655273,0.32774800062179565,0.3204859495162964,vision,text,0,0.7200000286102295,0.6096774339675903,0.6263440847396851
242,f_pcplsH_V0$_$8,0.800000011920929,-0.7043027281761169,0.24514320492744446,0.22510355710983276,0.5297532081604004,-0.5784295201301575,-0.5577651858329773,-0.6179129481315613,1.3784295320510864,1.3577651977539062,1.4179129600524902,0.3392142057418823,0.3634031414985657,0.2973826825618744,vision,audio,0,0.75,0.42307692766189575,0.6129032373428345
65,cW1FSBF59ik$_$13,2.0,2.077270746231079,0.22441475093364716,0.26755982637405396,0.5080254077911377,1.6211087703704834,1.5788674354553223,1.4511350393295288,0.3788912296295166,0.42113256454467773,0.5488649606704712,0.4104883670806885,0.35657447576522827,0.23293711245059967,vision,text,0,0.7894737124443054,0.5822784900665283,0.6595744490623474
675,zhpQhgha_KU$_$14,-1.5,-2.25728440284729,0.21201278269290924,0.19705548882484436,0.5909317135810852,-2.1117289066314697,-2.109626293182373,-2.0517754554748535,0.6117289066314697,0.609626293182373,0.5517754554748535,0.30976563692092896,0.3119443655014038,0.37828996777534485,vision,vision,1,0.75,0.4285714328289032,0.7575757503509521
298,jUzDDGyPkXU$_$17,-2.799999952316284,-0.9317128658294678,0.171452134847641,0.36716192960739136,0.4613859951496124,-0.921864926815033,-0.9168264865875244,-0.947245717048645,1.8781349658966064,1.8831734657287598,1.8527542352676392,0.3255601227283478,0.32013794779777527,0.35430192947387695,vision,vision,1,0.5714285969734192,0.6666666865348816,0.5384615659713745
629,yvsjCA6Y5Fc$_$21,-1.7999999523162842,-0.6426151394844055,0.16940146684646606,0.2983503043651581,0.5322482585906982,-0.5665414929389954,-0.5060444474220276,-0.5608610510826111,1.2334585189819336,1.2939555644989014,1.2391388416290283,0.35731908679008484,0.29206380248069763,0.3506171405315399,vision,text,0,0.6000000238418579,0.5909090638160706,0.6380952596664429
478,tIrG4oNLFzE$_$18,-2.200000047683716,-2.22873854637146,0.1966487467288971,0.3144989013671875,0.48885244131088257,-2.1240179538726807,-2.140409231185913,-2.077059507369995,0.07598209381103516,0.059590816497802734,0.1229405403137207,0.34349325299263,0.36278313398361206,0.2937236428260803,vision,audio,0,0.7599999904632568,0.7121211886405945,0.6962025165557861
239,f_pcplsH_V0$_$7,0.0,-0.7605569958686829,0.1939699798822403,0.3365146219730377,0.46951550245285034,-0.7187098264694214,-0.6755657196044922,-0.7293007969856262,0.7187098264694214,0.6755657196044922,0.7293007969856262,0.3205147385597229,0.3700884282588959,0.3093969225883484,vision,audio,0,0.6363636255264282,0.625,0.5517241358757019
15,c7UH_rxdZv4$_$7,-3.0,-0.804538369178772,0.13690787553787231,0.3875386118888855,0.4755535125732422,-0.8146581649780273,-0.7674142122268677,-0.8009466528892517,2.1853418350219727,2.232585906982422,2.1990532875061035,0.35592031478881836,0.3040604889392853,0.3400191366672516,vision,text,0,0.5714285969734192,0.8125,0.699999988079071
488,tStelxIAHjw$_$11,-2.799999952316284,-1.8701061010360718,0.26903411746025085,0.22637289762496948,0.5045928955078125,-1.7037650346755981,-1.7120299339294434,-1.6919914484024048,1.096234917640686,1.0879700183868408,1.1080085039138794,0.3345099985599518,0.3438537120819092,0.3216363191604614,vision,audio,0,0.8333333134651184,0.47058823704719543,0.6499999761581421
146,d6hH302o4v8$_$11,-1.0,0.8044436573982239,0.1513916701078415,0.41533955931663513,0.43326878547668457,0.4610176384449005,0.557017982006073,0.44075271487236023,1.4610176086425781,1.5570180416107178,1.4407527446746826,0.3576498031616211,0.25970664620399475,0.38264358043670654,vision,vision,1,0.5,0.7142857313156128,0.4878048896789551
216,f9O3YtZ2VfI$_$8,-1.7999999523162842,-0.7908111214637756,0.1726197451353073,0.32507002353668213,0.5023102164268494,-0.711441695690155,-0.6834943294525146,-0.7360615134239197,1.0885581970214844,1.1165056228637695,1.0639383792877197,0.3337140679359436,0.30403003096580505,0.36225584149360657,vision,vision,1,0.6363636255264282,0.6666666865348816,0.6499999761581421
405,ob23OKe5a9Q$_$5,-1.7999999523162842,-0.07773743569850922,0.151963472366333,0.34941744804382324,0.4986191391944885,-0.12430644035339355,-0.06797231733798981,-0.11258696019649506,1.6756935119628906,1.7320276498794556,1.687412977218628,0.3583606481552124,0.29700812697410583,0.34463122487068176,vision,text,0,0.5416666865348816,0.6695652008056641,0.6014492511749268
44,cM3Yna7AavY$_$4,0.6000000238418579,0.2379593402147293,0.14404316246509552,0.3129369616508484,0.5430198907852173,0.1420067548751831,0.24246425926685333,0.14169520139694214,0.4579932689666748,0.35753577947616577,0.45830482244491577,0.2944030463695526,0.4114995300769806,0.2940974533557892,vision,audio,0,0.5,0.5955055952072144,0.625
574,wMbj6ajWbic$_$24,1.399999976158142,2.254122257232666,0.18015770614147186,0.31630900502204895,0.5035332441329956,1.637373924255371,1.6198993921279907,1.5168695449829102,0.237373948097229,0.21989941596984863,0.11686956882476807,0.281348317861557,0.2982231080532074,0.420428603887558,vision,vision,1,0.6000000238418579,0.5882353186607361,0.5714285969734192
307,k5Y_838nuGo$_$21,-0.20000000298023224,-1.401951789855957,0.13770730793476105,0.24569843709468842,0.6165942549705505,-1.2634944915771484,-1.2514491081237793,-1.2692450284957886,1.0634944438934326,1.0514490604400635,1.0692449808120728,0.3309086561203003,0.34446534514427185,0.32462599873542786,vision,audio,0,0.5833333134651184,0.5909090638160706,0.8148148059844971
336,lXPQBPVc5Cw$_$27,-2.799999952316284,-1.7056288719177246,0.1638384312391281,0.3655097484588623,0.4706517457962036,-1.6272767782211304,-1.6220377683639526,-1.6149380207061768,1.1727231740951538,1.1779621839523315,1.1850619316101074,0.33985933661460876,0.3339758515357971,0.3261648118495941,vision,text,0,0.625,0.7419354915618896,0.6315789222717285
525,v0zCBqDeKcE$_$10,2.200000047683716,1.595621943473816,0.20112040638923645,0.3421368896961212,0.45674261450767517,1.1658002138137817,1.184193730354309,1.0583595037460327,1.034199833869934,1.0158063173294067,1.141640543937683,0.36202916502952576,0.3849203586578369,0.25305044651031494,vision,audio,0,0.5714285969734192,0.5454545617103577,0.4444444477558136
220,f9O3YtZ2VfI$_$12,-1.7999999523162842,-1.2460147142410278,0.18585355579853058,0.3601774573326111,0.45396900177001953,-1.1738423109054565,-1.1371245384216309,-1.1796982288360596,0.6261576414108276,0.6628754138946533,0.6203017234802246,0.3442918360233307,0.30462974309921265,0.3510783910751343,vision,vision,1,0.6666666865348816,0.7142857313156128,0.6000000238418579
360,lXPQBPVc5Cw$_$19,-1.7999999523162842,-1.7514793872833252,0.2917860448360443,0.3174038827419281,0.3908100426197052,-1.695812463760376,-1.6898335218429565,-1.6806637048721313,0.1041874885559082,0.11016643047332764,0.11933624744415283,0.3411775827407837,0.3344452679157257,0.32437723875045776,vision,text,0,0.8888888955116272,0.6499999761581421,0.5199999809265137
13,c7UH_rxdZv4$_$5,-2.200000047683716,-0.7386519312858582,0.13961604237556458,0.3265124559402466,0.5338715314865112,-0.6641324162483215,-0.600511908531189,-0.6405817270278931,1.535867691040039,1.5994881391525269,1.5594183206558228,0.3658434748649597,0.2959342896938324,0.3382222652435303,vision,text,0,0.5263158082962036,0.6666666865348816,0.6875
495,tStelxIAHjw$_$1,0.0,0.23166222870349884,0.20324857532978058,0.26535916328430176,0.5313922762870789,0.15185046195983887,0.24760949611663818,0.17010417580604553,0.15185046195983887,0.24760949611663818,0.17010417580604553,0.3748546242713928,0.2724190354347229,0.3527263402938843,vision,text,0,0.7083333134651184,0.5507246255874634,0.650602400302887
275,jUzDDGyPkXU$_$24,-1.0,-0.31438377499580383,0.2792477011680603,0.3049042224884033,0.41584810614585876,-0.3575415313243866,-0.28191491961479187,-0.33452078700065613,0.642458438873291,0.7180850505828857,0.6654791831970215,0.3699168264865875,0.28749045729637146,0.3425927758216858,vision,text,0,0.8148148059844971,0.5625,0.4642857015132904
320,k5Y_838nuGo$_$8,-1.399999976158142,-0.5418437719345093,0.15728120505809784,0.3467026650905609,0.49601608514785767,-0.533934473991394,-0.452509343624115,-0.5059384703636169,0.866065502166748,0.9474906325340271,0.8940615057945251,0.37408339977264404,0.2851632237434387,0.34075337648391724,vision,text,0,0.5,0.6000000238418579,0.5277777910232544
654,zhpQhgha_KU$_$27,0.800000011920929,0.9313322901725769,0.13574136793613434,0.27794769406318665,0.5863109827041626,0.6759876012802124,0.7481057047843933,0.669244110584259,0.12401241064071655,0.051894307136535645,0.13075590133666992,0.3077375590801239,0.391365110874176,0.3008973300457001,vision,audio,0,0.6000000238418579,0.6666666865348816,0.7857142686843872
561,vyB00TXsimI$_$6,2.0,1.4136903285980225,0.18751105666160583,0.30068767070770264,0.5118012428283691,1.1115761995315552,1.1234376430511475,0.9663305878639221,0.8884238004684448,0.8765623569488525,1.0336694717407227,0.37642812728881836,0.3916095197200775,0.23196235299110413,vision,audio,0,0.6521739363670349,0.5921052694320679,0.6086956262588501
672,zhpQhgha_KU$_$13,-1.0,1.111081838607788,0.15740004181861877,0.40739816427230835,0.43520185351371765,0.7110588550567627,0.7809599041938782,0.6863186955451965,1.7110588550567627,1.7809598445892334,1.6863186359405518,0.3474496901035309,0.2752326428890228,0.3773176670074463,vision,vision,1,0.5,0.6875,0.4736842215061188
163,d6hH302o4v8$_$32,-0.6000000238418579,0.17550894618034363,0.28190526366233826,0.23208540678024292,0.486009418964386,0.05818600952625275,0.1618039906024933,0.10442986339330673,0.6581860184669495,0.7618039846420288,0.7044298648834229,0.38985010981559753,0.2759912312030792,0.3341587483882904,vision,text,0,0.8888888955116272,0.5,0.6206896305084229
190,etzxEpPuc6I$_$3,-1.600000023841858,-0.6164619326591492,0.30185022950172424,0.2857319712638855,0.41241785883903503,-0.5817895531654358,-0.5514367818832397,-0.5959634184837341,1.0182104110717773,1.0485632419586182,1.0040366649627686,0.3387357294559479,0.3061405420303345,0.35512369871139526,vision,vision,1,0.9090909361839294,0.5957446694374084,0.5357142686843872
120,d3_k5Xpfmik$_$8,2.200000047683716,2.8437860012054443,0.1450577825307846,0.3203252851963043,0.5346169471740723,2.0225183963775635,1.8769428730010986,1.7829042673110962,0.17748165130615234,0.3230571746826172,0.41709578037261963,0.48415607213974,0.29801854491233826,0.21782535314559937,vision,text,0,0.5714285969734192,0.6666666865348816,0.6666666865348816
30,c7UH_rxdZv4$_$30,1.2000000476837158,1.5123449563980103,0.3165139853954315,0.30643928050994873,0.3770467936992645,1.1128309965133667,1.0992980003356934,0.9716512560844421,0.08716905117034912,0.10070204734802246,0.22834879159927368,0.3875187635421753,0.3704261779785156,0.24205505847930908,vision,text,0,0.875,0.5666666626930237,0.4285714328289032
449,rnaNMUZpvvg$_$21,-2.5999999046325684,-1.8952382802963257,0.1735020875930786,0.3467508852481842,0.47974708676338196,-1.8499683141708374,-1.8594857454299927,-1.8141000270843506,0.750031590461731,0.7405141592025757,0.7858998775482178,0.3425193428993225,0.3535598814487457,0.30392077565193176,vision,audio,0,0.6363636255264282,0.699999988079071,0.625
51,cW1FSBF59ik$_$21,1.600000023841858,1.0790297985076904,0.09764205664396286,0.36652207374572754,0.535835862159729,0.6805865168571472,0.7809740900993347,0.6992053389549255,0.9194135069847107,0.8190259337425232,0.9007946848869324,0.2888966500759125,0.40370893478393555,0.307394415140152,vision,audio,0,0.38461539149284363,0.7586206793785095,0.7058823704719543
117,d3_k5Xpfmik$_$7,0.4000000059604645,-0.031571388244628906,0.1510416716337204,0.29202842712402344,0.556929886341095,-0.05739550292491913,0.015711022540926933,-0.009593065828084946,0.4573954939842224,0.3842889964580536,0.4095930755138397,0.2899656295776367,0.3699805736541748,0.3400537669658661,vision,audio,0,0.5,0.5421686768531799,0.6190476417541504
650,yvsjCA6Y5Fc$_$18,-2.200000047683716,-1.8105429410934448,0.23790809512138367,0.27545982599258423,0.4866320490837097,-1.6957939863204956,-1.6844085454940796,-1.6641467809677124,0.5042060613632202,0.5155915021896362,0.5358532667160034,0.34932756423950195,0.3363184630870819,0.314353883266449,vision,text,0,0.7407407164573669,0.5270270109176636,0.5789473652839661
308,k5Y_838nuGo$_$22,0.4000000059604645,0.7865986227989197,0.28173211216926575,0.3299810290336609,0.38828685879707336,0.5402203798294067,0.6006413102149963,0.47481685876846313,0.14022037386894226,0.20064130425453186,0.07481685280799866,0.32667094469070435,0.26708054542541504,0.4062485098838806,vision,vision,1,0.9333333373069763,0.71875,0.5526315569877625
372,nbWiPyCm4g0$_$8,-2.200000047683716,-1.376466155052185,0.19929373264312744,0.2919903099536896,0.5087159276008606,-1.2352904081344604,-1.2208902835845947,-1.238727331161499,0.9647096395492554,0.9791097640991211,0.9612727165222168,0.33730730414390564,0.321498841047287,0.3411938548088074,vision,vision,1,0.7142857313156128,0.6184210777282715,0.6630434989929199
434,phBUpBr1hSo$_$16,-1.600000023841858,0.488951712846756,0.23235803842544556,0.29406094551086426,0.47358107566833496,0.3254064917564392,0.33956947922706604,0.27377554774284363,1.9254064559936523,1.9395694732666016,1.873775601387024,0.31830036640167236,0.3036225140094757,0.3780771791934967,vision,vision,1,0.7200000286102295,0.5416666865348816,0.5344827771186829
74,cXypl4FnoZo$_$25,-1.2000000476837158,0.44568559527397156,0.18538735806941986,0.29362261295318604,0.5209900736808777,0.32022231817245483,0.4107881486415863,0.29734349250793457,1.5202224254608154,1.6107882261276245,1.4973435401916504,0.35477739572525024,0.26233047246932983,0.3828922212123871,vision,vision,1,0.7142857313156128,0.6530612111091614,0.694915235042572
228,f_pcplsH_V0$_$11,-0.4000000059604645,0.6856091618537903,0.1761457771062851,0.40662896633148193,0.4172252416610718,0.37486499547958374,0.47429850697517395,0.3648231327533722,0.7748650312423706,0.8742985129356384,0.7648231387138367,0.363381952047348,0.2608666718006134,0.3757513165473938,vision,vision,1,0.5714285969734192,0.699999988079071,0.4680851101875305
559,vyB00TXsimI$_$4,1.7999999523162842,2.198852300643921,0.23575842380523682,0.19407451152801514,0.570167064666748,1.7094388008117676,1.6106033325195312,1.5098991394042969,0.0905611515045166,0.18939661979675293,0.2901008129119873,0.4477229714393616,0.32205531001091003,0.23022165894508362,vision,text,0,0.7777777910232544,0.3870967626571655,0.6842105388641357
502,tStelxIAHjw$_$9,-1.399999976158142,0.16933324933052063,0.11132782697677612,0.5265867114067078,0.3620854914188385,-0.05194445699453354,0.009318239986896515,-0.020116155967116356,1.3480554819107056,1.409318208694458,1.3798837661743164,0.3683741092681885,0.30033236742019653,0.331293523311615,audio,text,0,0.4444444477558136,0.9333333373069763,0.5
474,tIrG4oNLFzE$_$15,-2.0,1.5714393854141235,0.22085149586200714,0.308095246553421,0.47105321288108826,1.2050877809524536,1.2130221128463745,1.0667393207550049,3.205087661743164,3.213022232055664,3.066739320755005,0.2809135913848877,0.273581326007843,0.4455051124095917,vision,vision,1,0.75,0.6197183132171631,0.5833333134651184
319,k5Y_838nuGo$_$9,1.7999999523162842,1.424491047859192,0.14840304851531982,0.32928696274757385,0.5223099589347839,0.9785110354423523,1.0457903146743774,0.9223734140396118,0.8214889168739319,0.7542096376419067,0.8776265382766724,0.32459720969200134,0.40620145201683044,0.2692013680934906,vision,audio,0,0.5,0.6086956262588501,0.5925925970077515
674,zhpQhgha_KU$_$15,-2.0,-1.3090850114822388,0.22471971809864044,0.2693995535373688,0.5058807134628296,-1.2085524797439575,-1.2005441188812256,-1.2016758918762207,0.7914475202560425,0.7994558811187744,0.7983241081237793,0.33886849880218506,0.3299422264099121,0.3311893045902252,vision,text,0,0.7027027010917664,0.5052631497383118,0.5806451439857483
371,nbWiPyCm4g0$_$9,-1.399999976158142,-0.5634779334068298,0.1350129246711731,0.3178713023662567,0.5471157431602478,-0.5023280382156372,-0.4542997479438782,-0.5008435845375061,0.8976719379425049,0.9457002282142639,0.899156391620636,0.3512312173843384,0.29927125573158264,0.349497526884079,vision,text,0,0.5416666865348816,0.6808510422706604,0.7142857313156128
554,vyB00TXsimI$_$22,0.6000000238418579,0.9710296988487244,0.23156599700450897,0.34268325567245483,0.4257507920265198,0.6027985215187073,0.5988619327545166,0.5281279683113098,0.0027984976768493652,0.0011380910873413086,0.0718720555305481,0.35715705156326294,0.35913926362991333,0.2837037146091461,vision,audio,0,0.8333333134651184,0.7307692170143127,0.5806451439857483
537,v0zCBqDeKcE$_$6,0.800000011920929,1.4824000597000122,0.23409749567508698,0.3007347583770752,0.46516773104667664,1.1056777238845825,1.120481014251709,1.0039794445037842,0.30567771196365356,0.32048100233078003,0.20397943258285522,0.2980280816555023,0.2836790382862091,0.41829293966293335,vision,vision,1,0.75,0.5789473652839661,0.54347825050354
209,f9O3YtZ2VfI$_$3,0.6000000238418579,0.7471296191215515,0.2496490478515625,0.2746373116970062,0.4757136404514313,0.49593520164489746,0.5378137230873108,0.46626561880111694,0.10406482219696045,0.06218630075454712,0.13373440504074097,0.32726338505744934,0.37629008293151855,0.2964465022087097,vision,audio,0,0.8333333134651184,0.5945945978164673,0.6363636255264282
217,f9O3YtZ2VfI$_$11,-0.800000011920929,-0.7079598307609558,0.1289360374212265,0.3020326495170593,0.569031298160553,-0.6416905522346497,-0.6185212135314941,-0.6805257201194763,0.1583094596862793,0.18147879838943481,0.11947429180145264,0.32638368010520935,0.302125483751297,0.37149080634117126,vision,vision,1,0.4444444477558136,0.5882353186607361,0.6666666865348816
200,f9O3YtZ2VfI$_$26,1.399999976158142,1.4599844217300415,0.2563084363937378,0.2518807351589203,0.49181076884269714,1.049434781074524,1.1225470304489136,1.0100024938583374,0.35056519508361816,0.2774529457092285,0.3899974822998047,0.3171781599521637,0.40471017360687256,0.27811166644096375,vision,audio,0,0.8571428656578064,0.5625,0.6578947305679321
121,d6hH302o4v8$_$42,-1.399999976158142,-1.6733859777450562,0.24737609922885895,0.33805206418037415,0.4145718812942505,-1.5449904203414917,-1.550071120262146,-1.5554237365722656,0.1449904441833496,0.1500711441040039,0.15542376041412354,0.3390949070453644,0.3334004282951355,0.3275046646595001,vision,text,0,0.8181818127632141,0.6896551847457886,0.5588235259056091
447,phBUpBr1hSo$_$21,0.800000011920929,0.46942177414894104,0.11906475573778152,0.3396683633327484,0.541266918182373,0.26240071654319763,0.37742361426353455,0.28095805644989014,0.5375993251800537,0.4225763976573944,0.5190419554710388,0.28319865465164185,0.4155314862728119,0.30126991868019104,vision,audio,0,0.43478259444236755,0.6666666865348816,0.6451612710952759
419,pLTX3ipuDJI$_$3,-1.2000000476837158,-1.2589049339294434,0.19280245900154114,0.3632349371910095,0.4439625144004822,-1.22038733959198,-1.2175668478012085,-1.219294548034668,0.02038729190826416,0.017566800117492676,0.01929450035095215,0.3318846523761749,0.335019588470459,0.3330957591533661,vision,audio,0,0.6086956262588501,0.6415094137191772,0.5
264,iiK8YX8oH1E$_$16,0.0,-0.31780529022216797,0.15958057343959808,0.2971935272216797,0.543225884437561,-0.27226677536964417,-0.20600228011608124,-0.28348788619041443,0.27226677536964417,0.20600228011608124,0.28348788619041443,0.3114815354347229,0.3884722888469696,0.3000461757183075,vision,audio,0,0.625,0.6428571343421936,0.6875
455,rnaNMUZpvvg$_$4,-2.4000000953674316,-1.0162101984024048,0.17549178004264832,0.36359935998916626,0.4609088897705078,-1.0256553888320923,-0.9885807633399963,-0.9957650899887085,1.3743447065353394,1.41141939163208,1.4042350053787231,0.3585621416568756,0.31687888503074646,0.3245590031147003,vision,text,0,0.5510203838348389,0.6241135001182556,0.5
373,nzpVDcQ0ywM$_$24,1.600000023841858,1.00290846824646,0.2574658989906311,0.3520353436470032,0.3904987871646881,0.6126605868339539,0.6004390716552734,0.5333325266838074,0.987339437007904,0.9995609521865845,1.0666675567626953,0.3666057586669922,0.35197094082832336,0.28142327070236206,vision,text,0,0.7777777910232544,0.6428571343421936,0.4545454680919647
321,k5Y_838nuGo$_$11,0.5,1.7367273569107056,0.291338711977005,0.29431039094924927,0.41435083746910095,1.2362414598464966,1.2649331092834473,1.1490955352783203,0.7362414598464966,0.7649331092834473,0.6490955352783203,0.3080838620662689,0.27998414635658264,0.4119320213794708,vision,vision,1,0.875,0.5882353186607361,0.5121951103210449
395,nzpVDcQ0ywM$_$19,-2.0,1.4405796527862549,0.18542660772800446,0.25480833649635315,0.559765100479126,1.2003570795059204,1.1869550943374634,1.0462607145309448,3.200356960296631,3.186954975128174,3.0462608337402344,0.2690288722515106,0.2813197076320648,0.4496513605117798,vision,vision,1,0.6000000238418579,0.46296295523643494,0.609375
52,cW1FSBF59ik$_$22,-1.0,0.8457227945327759,0.21949931979179382,0.3222416937351227,0.45825904607772827,0.5944651961326599,0.6604016423225403,0.5683546662330627,1.5944652557373047,1.6604015827178955,1.568354606628418,0.34558728337287903,0.2773992419242859,0.3770134747028351,vision,vision,1,0.7599999904632568,0.656862735748291,0.5874999761581421
458,rnaNMUZpvvg$_$9,-1.399999976158142,-0.726616621017456,0.15582308173179626,0.3310520052909851,0.513124942779541,-0.6825197339057922,-0.6459698677062988,-0.6913675665855408,0.7174802422523499,0.7540301084518433,0.7086324095726013,0.343026340007782,0.3036799132823944,0.3532937467098236,vision,vision,1,0.6000000238418579,0.6896551847457886,0.6666666865348816
498,tStelxIAHjw$_$5,-2.200000047683716,-1.7171200513839722,0.15591929852962494,0.36853206157684326,0.475548654794693,-1.6302943229675293,-1.6074308156967163,-1.57743501663208,0.5697057247161865,0.5925692319869995,0.6225650310516357,0.36165422201156616,0.33511602878570557,0.30322974920272827,vision,text,0,0.5714285969734192,0.7200000286102295,0.6333333253860474
463,rnaNMUZpvvg$_$12,-1.0,-0.924683153629303,0.13947927951812744,0.27961233258247375,0.5809083580970764,-0.8836596608161926,-0.8582654595375061,-0.8808513283729553,0.11634033918380737,0.1417345404624939,0.11914867162704468,0.34369945526123047,0.31580349802970886,0.34049704670906067,vision,text,0,0.5,0.5625,0.6842105388641357
626,yDtzw_Y-7RU$_$19,-1.600000023841858,0.669640839099884,0.19148415327072144,0.2796304225921631,0.5288854837417603,0.4811599850654602,0.5708256363868713,0.4600277543067932,2.081160068511963,2.170825719833374,2.060027837753296,0.3552870750427246,0.26349666714668274,0.38121628761291504,vision,vision,1,0.5555555820465088,0.4583333432674408,0.5357142686843872
240,f_pcplsH_V0$_$6,1.600000023841858,0.6105616092681885,0.2583892345428467,0.28796589374542236,0.45364493131637573,0.40268445014953613,0.44948574900627136,0.3657280206680298,1.1973155736923218,1.1505142450332642,1.2342720031738281,0.327554315328598,0.38285577297210693,0.28958994150161743,vision,audio,0,0.7777777910232544,0.5333333611488342,0.5
305,k5Y_838nuGo$_$27,-0.800000011920929,-0.3961273431777954,0.17802976071834564,0.35029852390289307,0.4716716706752777,-0.38177502155303955,-0.33008626103401184,-0.3861714005470276,0.4182249903678894,0.4699137508869171,0.41382861137390137,0.35007965564727783,0.2946726083755493,0.35524773597717285,vision,vision,1,0.5757575631141663,0.6236559152603149,0.5267857313156128
441,phBUpBr1hSo$_$5,-1.399999976158142,1.4339925050735474,0.12880955636501312,0.3189995288848877,0.552190899848938,1.0364574193954468,1.057433843612671,0.9703242182731628,2.436457395553589,2.4574337005615234,2.37032413482666,0.31455475091934204,0.2933119237422943,0.39213326573371887,vision,vision,1,0.47058823704719543,0.6226415038108826,0.6315789222717285
181,etzxEpPuc6I$_$13,-2.200000047683716,0.056322164833545685,0.2137850821018219,0.33841174840927124,0.44780319929122925,-0.04336194694042206,0.0554974265396595,0.012237392365932465,2.1566381454467773,2.255497455596924,2.2122373580932617,0.3921428620815277,0.2820531725883484,0.3258039653301239,vision,text,0,0.6388888955116272,0.5757575631141663,0.46666666865348816
223,f9O3YtZ2VfI$_$17,-2.0,0.3084314167499542,0.2219090610742569,0.3414395749568939,0.436651349067688,0.143668532371521,0.22936300933361053,0.14957335591316223,2.1436686515808105,2.229362964630127,2.14957332611084,0.36602720618247986,0.2750794291496277,0.35889336466789246,vision,text,0,0.7058823704719543,0.6301369667053223,0.5087719559669495
433,phBUpBr1hSo$_$17,2.0,1.2587522268295288,0.215776264667511,0.3087076246738434,0.47551611065864563,0.9409157633781433,0.9738459587097168,0.858471691608429,1.059084177017212,1.0261540412902832,1.1415283679962158,0.3477376699447632,0.38808146119117737,0.2641809284687042,vision,audio,0,0.75,0.6323529481887817,0.5925925970077515
14,c7UH_rxdZv4$_$4,1.600000023841858,1.9634034633636475,0.13270136713981628,0.31458285450935364,0.5527158379554749,1.4381064176559448,1.428968071937561,1.3069844245910645,0.16189360618591309,0.17103195190429688,0.29301559925079346,0.3822743594646454,0.37080541253089905,0.24692024290561676,vision,text,0,0.5333333611488342,0.6666666865348816,0.688524603843689
649,yvsjCA6Y5Fc$_$19,-1.600000023841858,-0.07331067323684692,0.15589186549186707,0.2793591618537903,0.5647489428520203,-0.10622949153184891,-0.011841941624879837,-0.040426794439554214,1.4937704801559448,1.588158130645752,1.5595731735229492,0.3947717845439911,0.28820791840553284,0.3170202374458313,vision,text,0,0.5757575631141663,0.5754716992378235,0.6851851940155029
249,fvVhgmXxadc$_$3,-2.200000047683716,-1.8336564302444458,0.17878690361976624,0.25933533906936646,0.5618777871131897,-1.680627703666687,-1.6569037437438965,-1.6597561836242676,0.5193723440170288,0.5430963039398193,0.5402438640594482,0.35004693269729614,0.3234315812587738,0.32652145624160767,vision,text,0,0.6000000238418579,0.5,0.6538461446762085
162,d6hH302o4v8$_$33,-3.0,-1.5138576030731201,0.42664864659309387,0.23908258974552155,0.3342687785625458,-1.410423755645752,-1.35589599609375,-1.3909517526626587,1.589576244354248,1.64410400390625,1.6090482473373413,0.3608861565589905,0.30090761184692383,0.3382062613964081,text,text,1,1.0,0.4285714328289032,0.375
188,etzxEpPuc6I$_$18,1.399999976158142,1.3554757833480835,0.18417850136756897,0.36698779463768005,0.44883376359939575,0.9467031955718994,0.977281928062439,0.8378959894180298,0.4532967805862427,0.4227180480957031,0.5621039867401123,0.3567470610141754,0.395027756690979,0.2482251673936844,vision,audio,0,0.6499999761581421,0.6938775777816772,0.5344827771186829
499,tStelxIAHjw$_$4,-2.799999952316284,-1.7141616344451904,0.2142745703458786,0.3275807499885559,0.4581446349620819,-1.6223238706588745,-1.6151784658432007,-1.6055248975753784,1.1776760816574097,1.1848214864730835,1.1944750547409058,0.3422306478023529,0.334175705909729,0.3235935866832733,vision,text,0,0.7037037014961243,0.6296296119689941,0.5567010045051575
106,d3_k5Xpfmik$_$15,2.5999999046325684,-0.3085534870624542,0.14572955667972565,0.3319728374481201,0.5222976207733154,-0.31924182176589966,-0.22384874522686005,-0.2757091224193573,2.9192416667938232,2.8238487243652344,2.875709056854248,0.28324517607688904,0.3892764449119568,0.3274783790111542,vision,audio,0,0.5428571701049805,0.65625,0.6315789222717285
582,wMbj6ajWbic$_$28,2.4000000953674316,2.2356903553009033,0.2541777193546295,0.24393928050994873,0.5018829703330994,1.7079293727874756,1.6711431741714478,1.542260766029358,0.692070722579956,0.7288569211959839,0.8577393293380737,0.40646031498908997,0.3595544993877411,0.23398515582084656,vision,text,0,0.7368420958518982,0.41999998688697815,0.5333333611488342
82,cXypl4FnoZo$_$29,-1.399999976158142,-0.28315815329551697,0.25715282559394836,0.18175144493579865,0.5610957145690918,-0.22452890872955322,-0.16870374977588654,-0.22510528564453125,1.1754710674285889,1.231296181678772,1.1748946905136108,0.3530915081501007,0.29313796758651733,0.35377049446105957,vision,vision,1,0.8571428656578064,0.4000000059604645,0.7272727489471436
539,v0zCBqDeKcE$_$8,1.7999999523162842,-0.4901381731033325,0.17540661990642548,0.3130382299423218,0.5115551948547363,-0.4430773854255676,-0.4114021062850952,-0.48215624690055847,2.243077278137207,2.21140193939209,2.282156229019165,0.3345349133014679,0.37178879976272583,0.2936762571334839,vision,audio,0,0.6000000238418579,0.6041666865348816,0.6086956262588501
576,wMbj6ajWbic$_$26,1.7999999523162842,1.6117422580718994,0.2732003927230835,0.23579682409763336,0.49100273847579956,1.243730902671814,1.2742500305175781,1.1539931297302246,0.5562690496444702,0.525749921798706,0.6460068225860596,0.35105571150779724,0.38864845037460327,0.2602958679199219,vision,audio,0,0.9166666865348816,0.550000011920929,0.6666666865348816
154,d6hH302o4v8$_$19,-2.799999952316284,-0.630922794342041,0.18206927180290222,0.3446387052536011,0.4732920229434967,-0.5815262198448181,-0.5359050631523132,-0.5967873930931091,2.2184736728668213,2.264094829559326,2.2032124996185303,0.34351107478141785,0.2950511574745178,0.36143773794174194,vision,vision,1,0.6666666865348816,0.699999988079071,0.6216216087341309
62,cW1FSBF59ik$_$8,1.7999999523162842,0.905297040939331,0.24214543402194977,0.23789727687835693,0.5199573040008545,0.6413992047309875,0.7360495924949646,0.6517705321311951,1.1586008071899414,1.0639503002166748,1.1482293605804443,0.29358893632888794,0.4024948179721832,0.3039162755012512,vision,audio,0,0.8571428656578064,0.5600000023841858,0.7096773982048035
335,lXPQBPVc5Cw$_$26,-2.799999952316284,-1.6810619831085205,0.16608794033527374,0.39272063970565796,0.4411914646625519,-1.650952935218811,-1.6541194915771484,-1.640186071395874,1.1490470170974731,1.1458804607391357,1.1598138809204102,0.3360939919948578,0.3396603763103485,0.3242455720901489,vision,audio,0,0.6363636255264282,0.7857142686843872,0.6060606241226196
303,k5Y_838nuGo$_$25,-0.20000000298023224,-0.7837815880775452,0.23003806173801422,0.2841029763221741,0.48585885763168335,-0.7192145586013794,-0.6721031665802002,-0.7185770869255066,0.5192145705223083,0.47210317850112915,0.5185770988464355,0.31524187326431274,0.3688456118106842,0.31591248512268066,vision,audio,0,0.7142857313156128,0.5319148898124695,0.5614035129547119
89,cXypl4FnoZo$_$6,-0.6000000238418579,0.6504920721054077,0.1611456423997879,0.3585558831691742,0.4802984297275543,0.4400593340396881,0.5108138918876648,0.4017553925514221,1.0400593280792236,1.110813856124878,1.0017554759979248,0.3417530953884125,0.26995086669921875,0.38829606771469116,vision,vision,1,0.5789473652839661,0.686274528503418,0.5833333134651184
402,ob23OKe5a9Q$_$1,1.2000000476837158,2.094904899597168,0.22264426946640015,0.3789869546890259,0.398368775844574,1.455603837966919,1.4686249494552612,1.3315730094909668,0.2556037902832031,0.2686249017715454,0.13157296180725098,0.2882235646247864,0.27598118782043457,0.43579524755477905,vision,vision,1,0.75,0.7241379022598267,0.5
157,d6hH302o4v8$_$30,-2.799999952316284,-1.7351878881454468,0.22978277504444122,0.4356986880302429,0.33451858162879944,-1.6576493978500366,-1.6863325834274292,-1.6679459810256958,1.1423505544662476,1.113667368888855,1.1320539712905884,0.3189539909362793,0.3509548306465149,0.3300912082195282,audio,audio,1,0.6666666865348816,0.7058823704719543,0.3499999940395355
115,d3_k5Xpfmik$_$5,2.200000047683716,0.8594319820404053,0.1211656928062439,0.35786178708076477,0.520972490310669,0.5670604109764099,0.6551501750946045,0.5342506170272827,1.6329395771026611,1.5448498725891113,1.665749430656433,0.3088618516921997,0.41427361965179443,0.27686449885368347,vision,audio,0,0.38461539149284363,0.6363636255264282,0.574999988079071
667,zhpQhgha_KU$_$6,1.0,0.1236782893538475,0.2107105404138565,0.27894699573516846,0.5103424191474915,-0.0013114456087350845,0.0898963212966919,0.05458327382802963,1.0013114213943481,0.9101036787033081,0.9454167485237122,0.28089046478271484,0.3806920349597931,0.33841753005981445,vision,audio,0,0.800000011920929,0.6499999761581421,0.7083333134651184
568,vyB00TXsimI$_$15,2.5999999046325684,-0.5315887331962585,0.14748509228229523,0.2979593873023987,0.5545554757118225,-0.48706769943237305,-0.4078422486782074,-0.46956443786621094,3.0870676040649414,3.0078420639038086,3.0695643424987793,0.2974138855934143,0.38730382919311523,0.31528234481811523,vision,audio,0,0.550000011920929,0.6086956262588501,0.6707317233085632
482,tIrG4oNLFzE$_$5,0.4000000059604645,2.278721332550049,0.11407116800546646,0.3859364092350006,0.49999237060546875,1.6221903562545776,1.5971921682357788,1.4777209758758545,1.2221903800964355,1.1971921920776367,1.0777209997177124,0.2698688805103302,0.2933198809623718,0.4368111491203308,vision,vision,1,0.4166666567325592,0.7333333492279053,0.6111111044883728
606,yDtzw_Y-7RU$_$21,0.20000000298023224,0.1252879798412323,0.14610417187213898,0.330173522233963,0.5237222909927368,0.005993906408548355,0.1019633412361145,0.05537751317024231,0.19400610029697418,0.09803666174411774,0.14462248980998993,0.281220942735672,0.38723769783973694,0.33154138922691345,vision,audio,0,0.46666666865348816,0.5862069129943848,0.5714285969734192
630,yvsjCA6Y5Fc$_$22,-1.600000023841858,-1.199800729751587,0.18613478541374207,0.318671852350235,0.4951933026313782,-1.0088601112365723,-0.9201938509941101,-0.9844765663146973,0.5911399126052856,0.6798061728477478,0.6155234575271606,0.3750859200954437,0.27910855412483215,0.3458055257797241,vision,text,0,0.5714285969734192,0.5714285969734192,0.5882353186607361
351,lXPQBPVc5Cw$_$8,2.5999999046325684,1.836030125617981,0.146812304854393,0.29130539298057556,0.5618822574615479,1.3554761409759521,1.3815792798995972,1.269768238067627,1.2445237636566162,1.2184206247329712,1.3302316665649414,0.35181522369384766,0.3837980628013611,0.26438674330711365,vision,audio,0,0.5454545617103577,0.6000000238418579,0.6857143044471741
376,nzpVDcQ0ywM$_$22,2.0,1.0490972995758057,0.41074439883232117,0.23291264474391937,0.35634300112724304,0.4913035035133362,0.40831682085990906,0.3843090534210205,1.5086965560913086,1.5916831493377686,1.6156909465789795,0.40677517652511597,0.30847442150115967,0.2847503125667572,text,text,1,0.5555555820465088,0.0,0.0
585,wMbj6ajWbic$_$3,0.0,1.8326412439346313,0.3404221832752228,0.25113600492477417,0.40844181180000305,1.3870857954025269,1.3736635446548462,1.2472736835479736,1.3870857954025269,1.3736635446548462,1.2472736835479736,0.2747684717178345,0.2873409688472748,0.43789052963256836,vision,vision,1,0.8888888955116272,0.4444444477558136,0.4375
579,wMbj6ajWbic$_$21,1.600000023841858,0.314161092042923,0.22179542481899261,0.25292372703552246,0.5252808332443237,0.20387771725654602,0.3029543459415436,0.23167768120765686,1.3961223363876343,1.2970457077026367,1.3683223724365234,0.286662757396698,0.3988407254219055,0.31449657678604126,vision,audio,0,0.7647058963775635,0.5384615659713745,0.6595744490623474
385,nzpVDcQ0ywM$_$9,-2.200000047683716,-0.8488279581069946,0.21503517031669617,0.3022252917289734,0.48273956775665283,-0.7357808947563171,-0.6967686414718628,-0.7415041923522949,1.464219093322754,1.503231406211853,1.458495855331421,0.3451465666294098,0.3030591607093811,0.3517942428588867,vision,vision,1,0.7200000286102295,0.6020408272743225,0.5982906222343445
337,lXPQBPVc5Cw$_$20,-1.7999999523162842,0.26617977023124695,0.1676458865404129,0.36845874786376953,0.46389544010162354,0.12973499298095703,0.21761782467365265,0.12866780161857605,1.9297349452972412,2.017617702484131,1.9286677837371826,0.3636854887008667,0.2713330090045929,0.3649815022945404,vision,vision,1,0.5151515007019043,0.6161616444587708,0.4864864945411682
160,d6hH302o4v8$_$35,-1.600000023841858,-2.014662981033325,0.17480340600013733,0.324393630027771,0.5008029937744141,-1.872122883796692,-1.864890456199646,-1.8395843505859375,0.272122859954834,0.2648904323577881,0.2395843267440796,0.31857648491859436,0.3263501226902008,0.35507336258888245,vision,vision,1,0.6666666865348816,0.692307710647583,0.6808510422706604
261,iiK8YX8oH1E$_$15,0.6000000238418579,0.7294397950172424,0.20912383496761322,0.40803900361061096,0.3828371465206146,0.39008134603500366,0.4364832937717438,0.3547962009906769,0.20991867780685425,0.16351673007011414,0.24520382285118103,0.32719162106513977,0.38192304968833923,0.2908852696418762,audio,audio,1,0.5625,0.6071428656578064,0.3333333432674408
300,jUzDDGyPkXU$_$19,2.200000047683716,-0.3518257141113281,0.24728968739509583,0.34327432513237,0.40943601727485657,-0.3591271638870239,-0.3035014569759369,-0.36748579144477844,2.5591273307800293,2.5035014152526855,2.567485809326172,0.31483694911003113,0.3789767920970917,0.3061861991882324,vision,audio,0,0.8999999761581421,0.7714285850524902,0.6097561120986938
472,tIrG4oNLFzE$_$13,-2.0,0.7367193102836609,0.23350854218006134,0.2824562191963196,0.4840351641178131,0.6297462582588196,0.6567822098731995,0.5209488868713379,2.629746198654175,2.6567821502685547,2.520948886871338,0.2984214127063751,0.2727040946483612,0.4288744628429413,vision,vision,1,0.800000011920929,0.5961538553237915,0.6231883764266968
396,nzpVDcQ0ywM$_$18,1.2000000476837158,1.8215957880020142,0.16460250318050385,0.25123968720436096,0.5841577649116516,1.4622712135314941,1.423472285270691,1.2793524265289307,0.2622711658477783,0.2234722375869751,0.07935237884521484,0.2513827085494995,0.2860899269580841,0.46252739429473877,vision,vision,1,0.625,0.5333333611488342,0.6944444179534912
286,jUzDDGyPkXU$_$5,-1.2000000476837158,-1.3558862209320068,0.15311521291732788,0.32324478030204773,0.5236399173736572,-1.2668100595474243,-1.2571536302566528,-1.2705156803131104,0.0668100118637085,0.05715358257293701,0.07051563262939453,0.33107808232307434,0.34190821647644043,0.32701376080513,vision,audio,0,0.5625,0.6511628031730652,0.6538461446762085
392,nzpVDcQ0ywM$_$14,0.20000000298023224,0.9520391225814819,0.17461642622947693,0.2968534827232361,0.5285300612449646,0.7654968500137329,0.8219690918922424,0.6792007684707642,0.5654968619346619,0.6219691038131714,0.4792007803916931,0.3162844777107239,0.26201483607292175,0.421700656414032,vision,vision,1,0.6000000238418579,0.5714285969734192,0.6086956262588501
265,iiK8YX8oH1E$_$18,-1.0,-0.1769033521413803,0.11081203073263168,0.2785506248474121,0.610637366771698,-0.14246907830238342,-0.08394154906272888,-0.14449995756149292,0.857530951499939,0.9160584211349487,0.8555000424385071,0.35341283679008484,0.2907737195491791,0.3558134138584137,vision,vision,1,0.4545454680919647,0.6296296119689941,0.78125
1,c7UH_rxdZv4$_$25,0.0,1.6186920404434204,0.11881618201732635,0.2694891095161438,0.6116946339607239,0.9983144402503967,0.937121570110321,0.9204513430595398,0.9983144402503967,0.937121570110321,0.9204513430595398,0.2838806211948395,0.3481139838695526,0.36800533533096313,vision,vision,1,0.4444444477558136,0.5714285969734192,0.7599999904632568
203,f9O3YtZ2VfI$_$21,2.0,0.897476851940155,0.16018755733966827,0.30474865436553955,0.5350638031959534,0.6924573183059692,0.7640731930732727,0.6230506896972656,1.3075426816940308,1.235926866531372,1.3769493103027344,0.32646888494491577,0.41449201107025146,0.25903910398483276,vision,audio,0,0.6000000238418579,0.6315789222717285,0.6666666865348816
56,cW1FSBF59ik$_$2,3.0,2.0722744464874268,0.2195446938276291,0.28752976655960083,0.4929255545139313,1.5919837951660156,1.554787039756775,1.398010492324829,1.4080162048339844,1.445212960243225,1.601989507675171,0.4154161214828491,0.3669741749763489,0.21760964393615723,vision,text,0,0.75,0.5887850522994995,0.6124030947685242
122,d6hH302o4v8$_$43,-2.5,-0.643316924571991,0.19416895508766174,0.291246622800827,0.5145844221115112,-0.5413419604301453,-0.5137425661087036,-0.5639082789421082,1.95865797996521,1.9862574338912964,1.936091661453247,0.3344225287437439,0.3050290644168854,0.3605484068393707,vision,vision,1,0.6153846383094788,0.53125,0.5789473652839661
666,zhpQhgha_KU$_$7,1.0,0.6170342564582825,0.2124064415693283,0.356823205947876,0.4307703375816345,0.21646644175052643,0.19172844290733337,0.14495334029197693,0.7835335731506348,0.8082715272903442,0.8550466299057007,0.36917340755462646,0.3399527370929718,0.29087385535240173,vision,text,0,0.7142857313156128,0.692307710647583,0.5625
75,cXypl4FnoZo$_$26,0.6000000238418579,1.8826388120651245,0.2198745161294937,0.3120442032814026,0.4680812656879425,1.3375920057296753,1.3538918495178223,1.2409496307373047,0.7375919818878174,0.7538918256759644,0.6409496068954468,0.3005533218383789,0.28465914726257324,0.41478753089904785,vision,vision,1,0.7142857313156128,0.6000000238418579,0.5555555820465088
491,tStelxIAHjw$_$12,-1.0,0.6138606667518616,0.1999903917312622,0.3864211440086365,0.4135884642601013,0.3138226568698883,0.40635374188423157,0.3296465575695038,1.313822627067566,1.4063537120819092,1.3296465873718262,0.3726873993873596,0.2737739086151123,0.35353875160217285,vision,text,0,0.75,0.7931034564971924,0.5882353186607361
562,vyB00TXsimI$_$9,-0.25,0.9600595235824585,0.13906419277191162,0.24870429933071136,0.6122314929962158,0.764625608921051,0.8287076950073242,0.7028047442436218,1.0146255493164062,1.0787076950073242,0.9528047442436218,0.3293260633945465,0.2659853398799896,0.40468859672546387,vision,vision,1,0.5,0.5,0.699999988079071
390,nzpVDcQ0ywM$_$12,-1.399999976158142,0.523698091506958,0.1343345195055008,0.3768197000026703,0.4888458251953125,0.3083641827106476,0.4090223014354706,0.30555659532546997,1.7083641290664673,1.809022307395935,1.7055566310882568,0.36705833673477173,0.26243236660957336,0.3705093264579773,vision,vision,1,0.46666666865348816,0.692307710647583,0.5744680762290955
131,d6hH302o4v8$_$28,-1.0,0.15621207654476166,0.2128600776195526,0.2959572374820709,0.4911826550960541,0.0746021568775177,0.17614220082759857,0.10998468846082687,1.0746021270751953,1.1761422157287598,1.1099846363067627,0.3843773305416107,0.2740081250667572,0.3416145145893097,vision,text,0,0.6666666865348816,0.5416666865348816,0.5517241358757019
172,dq3Nf_lMPnE$_$2,-1.399999976158142,-0.2517527937889099,0.1950025111436844,0.3240129053592682,0.4809845983982086,-0.23741640150547028,-0.19584406912326813,-0.25551384687423706,1.162583589553833,1.2041559219360352,1.1444861888885498,0.340973436832428,0.29685088992118835,0.3621756434440613,vision,vision,1,0.692307710647583,0.65625,0.6052631735801697
679,zhpQhgha_KU$_$18,0.6000000238418579,1.9348763227462769,0.23398010432720184,0.2827063798904419,0.48331353068351746,1.463095784187317,1.453997015953064,1.3492299318313599,0.863095760345459,0.853996992111206,0.749229907989502,0.28633400797843933,0.29515135288238525,0.418514609336853,vision,vision,1,0.8181818127632141,0.6176470518112183,0.6341463327407837
466,rnaNMUZpvvg$_$17,-1.600000023841858,-1.0866385698318481,0.18123473227024078,0.31865450739860535,0.5001107454299927,-1.022916316986084,-1.0152591466903687,-1.0398714542388916,0.5770837068557739,0.5847408771514893,0.5601285696029663,0.3297126591205597,0.3214035928249359,0.348883718252182,vision,vision,1,0.5714285969734192,0.5714285969734192,0.5600000023841858
101,cXypl4FnoZo$_$18,-0.25,-0.39393317699432373,0.17213217914104462,0.3492376506328583,0.4786301553249359,-0.36904847621917725,-0.32946503162384033,-0.38546043634414673,0.11904847621917725,0.07946503162384033,0.13546043634414673,0.3238542973995209,0.36953243613243103,0.3066132366657257,vision,audio,0,0.6190476417541504,0.6849315166473389,0.5977011322975159
520,tmZoasNr4rU$_$7,-1.0,-1.1479593515396118,0.1882208287715912,0.2880554497241974,0.5237237811088562,-1.0481928586959839,-1.00440514087677,-1.027279257774353,0.04819285869598389,0.0044051408767700195,0.027279257774353027,0.30966001749038696,0.35832270979881287,0.3320172429084778,vision,audio,0,0.6551724076271057,0.5779221057891846,0.635869562625885
422,pLTX3ipuDJI$_$4,-2.200000047683716,0.8004916310310364,0.1608671396970749,0.2922491133213043,0.5468838214874268,0.6459627747535706,0.7081257104873657,0.572864294052124,2.8459627628326416,2.908125877380371,2.77286434173584,0.3237544894218445,0.26316338777542114,0.41308215260505676,vision,vision,1,0.6111111044883728,0.6138613820075989,0.6779661178588867
378,nzpVDcQ0ywM$_$1,0.0,2.0280258655548096,0.15984688699245453,0.3291153609752655,0.5110378265380859,1.5050126314163208,1.5095924139022827,1.356561541557312,1.5050126314163208,1.5095924139022827,1.356561541557312,0.2758559584617615,0.2716767191886902,0.45246732234954834,vision,vision,1,0.5333333611488342,0.6041666865348816,0.5789473652839661
301,jUzDDGyPkXU$_$18,-2.4000000953674316,-1.4062151908874512,0.1917976438999176,0.15421445667743683,0.6539878249168396,-1.2691911458969116,-1.2390888929367065,-1.2608213424682617,1.13080894947052,1.160911202430725,1.13917875289917,0.34758248925209045,0.3143984079360962,0.3380190432071686,vision,text,0,0.8571428656578064,0.4583333432674408,0.931034505367279
16,c7UH_rxdZv4$_$6,-2.5999999046325684,-0.7355181574821472,0.20558606088161469,0.3166421949863434,0.4777717888355255,-0.7059788107872009,-0.6664765477180481,-0.7044126391410828,1.8940210342407227,1.933523416519165,1.8955872058868408,0.3482598662376404,0.30529364943504333,0.34644657373428345,vision,text,0,0.6800000071525574,0.6071428656578064,0.5699999928474426
21,c7UH_rxdZv4$_$13,-2.5999999046325684,0.9306045770645142,0.24069036543369293,0.3267951011657715,0.43251457810401917,0.5768694281578064,0.5749487280845642,0.5141533613204956,3.1768693923950195,3.1749486923217773,3.1141533851623535,0.3087436556816101,0.3107265532016754,0.3805297017097473,vision,vision,1,0.8888888955116272,0.75,0.6486486196517944
279,jUzDDGyPkXU$_$20,-2.200000047683716,-2.528456449508667,0.2827758193016052,0.22471702098846436,0.49250712990760803,-2.3479087352752686,-2.3533527851104736,-2.278019666671753,0.14790868759155273,0.1533527374267578,0.07801961898803711,0.30822792649269104,0.3026849925518036,0.389087051153183,vision,vision,1,0.800000011920929,0.4054054021835327,0.5777778029441833
384,nzpVDcQ0ywM$_$6,-1.399999976158142,-0.9728937745094299,0.18353022634983063,0.2260688841342926,0.5904008746147156,-0.8716532588005066,-0.7962296605110168,-0.8585280179977417,0.5283467173576355,0.6037703156471252,0.5414719581604004,0.36564481258392334,0.28436270356178284,0.34999245405197144,vision,text,0,0.6363636255264282,0.44680851697921753,0.6785714030265808
283,jUzDDGyPkXU$_$1,2.799999952316284,0.275807648897171,0.25501561164855957,0.24125896394252777,0.5037254095077515,0.1494087278842926,0.23580120503902435,0.17830899357795715,2.6505911350250244,2.5641987323760986,2.6216909885406494,0.2911335825920105,0.388291597366333,0.32057487964630127,vision,audio,0,0.8571428656578064,0.5333333611488342,0.6470588445663452
516,tmZoasNr4rU$_$3,-2.0,0.23050764203071594,0.18180757761001587,0.3498590290546417,0.4683333933353424,0.013213912025094032,0.10398806631565094,0.06451120227575302,2.013213872909546,2.1039881706237793,2.064511299133301,0.3873360753059387,0.28620588779449463,0.32645803689956665,vision,text,0,0.5,0.5384615659713745,0.4375
259,iiK8YX8oH1E$_$13,-2.0,-0.8056811690330505,0.12536989152431488,0.28744417428970337,0.5871859192848206,-0.7163720726966858,-0.631680428981781,-0.7089609503746033,1.283627986907959,1.3683195114135742,1.291038990020752,0.36634817719459534,0.27624261379241943,0.35740914940834045,vision,text,0,0.5454545617103577,0.6666666865348816,0.7777777910232544
580,wMbj6ajWbic$_$22,1.399999976158142,1.6982486248016357,0.13711191713809967,0.2793724834918976,0.5835155844688416,1.2957966327667236,1.2662372589111328,1.1749939918518066,0.10420334339141846,0.13376271724700928,0.22500598430633545,0.3883952796459198,0.35195115208625793,0.2596535384654999,vision,text,0,0.5,0.5517241358757019,0.6551724076271057
510,tmZoasNr4rU$_$17,-1.399999976158142,-0.1816796064376831,0.20281939208507538,0.289950966835022,0.5072296261787415,-0.14376452565193176,-0.061874743551015854,-0.08700455725193024,1.2562354803085327,1.338125228881836,1.312995433807373,0.3862883448600769,0.29401126503944397,0.31970033049583435,vision,text,0,0.692307710647583,0.5805243253707886,0.6156250238418579
290,jUzDDGyPkXU$_$9,2.799999952316284,2.910921096801758,0.27366530895233154,0.2736664116382599,0.45266827940940857,2.1890666484832764,2.1203415393829346,2.0032882690429688,0.6109333038330078,0.6796584129333496,0.7967116832733154,0.4285217821598053,0.34078702330589294,0.23069123923778534,vision,text,0,0.8571428656578064,0.5652173757553101,0.5714285969734192
682,zhpQhgha_KU$_$35,0.6000000238418579,1.3499468564987183,0.16585370898246765,0.3495846688747406,0.48456165194511414,0.9948366284370422,1.0182065963745117,0.8845210671424866,0.3948366045951843,0.4182065725326538,0.28452104330062866,0.2967805862426758,0.2745389938354492,0.428680419921875,vision,vision,1,0.6086956262588501,0.6857143044471741,0.5952380895614624
565,vyB00TXsimI$_$10,1.3333333730697632,0.4838681221008301,0.15699005126953125,0.3644944131374359,0.47851547598838806,0.2603154182434082,0.35270121693611145,0.2598540782928467,1.073017954826355,0.9806321859359741,1.0734792947769165,0.2976987957954407,0.4050598442554474,0.29724133014678955,vision,audio,0,0.5454545617103577,0.6774193644523621,0.5675675868988037
611,yDtzw_Y-7RU$_$2,0.800000011920929,0.6973580121994019,0.19770236313343048,0.28172191977500916,0.5205757021903992,0.5609528422355652,0.6366878151893616,0.4980212450027466,0.23904716968536377,0.16331219673156738,0.3019787669181824,0.32279470562934875,0.41549330949783325,0.261711984872818,vision,audio,0,0.6363636255264282,0.5222222208976746,0.5833333134651184
665,zhpQhgha_KU$_$4,-1.600000023841858,1.760021686553955,0.20523756742477417,0.3844926059246063,0.4102698266506195,1.20241117477417,1.23553466796875,1.100825309753418,2.8024110794067383,2.8355345726013184,2.7008252143859863,0.30317044258117676,0.27147865295410156,0.4253508746623993,vision,vision,1,0.75,0.7727272510528564,0.5555555820465088
194,etzxEpPuc6I$_$7,-1.2000000476837158,-0.6367736458778381,0.17122872173786163,0.28790283203125,0.5408684015274048,-0.644229531288147,-0.6159583330154419,-0.6366846561431885,0.5557705163955688,0.5840417146682739,0.5633153915405273,0.3465927243232727,0.31542250514030457,0.33798474073410034,vision,text,0,0.6666666865348816,0.6388888955116272,0.7096773982048035
556,vyB00TXsimI$_$3,2.200000047683716,0.5530136823654175,0.2038276493549347,0.33056342601776123,0.4656089246273041,0.38107991218566895,0.4756183326244354,0.36085355281829834,1.8189201354980469,1.724381685256958,1.8391464948654175,0.30255019664764404,0.4146254062652588,0.28282439708709717,vision,audio,0,0.6666666865348816,0.6142857074737549,0.5357142686843872
86,cXypl4FnoZo$_$5,1.7999999523162842,2.273625612258911,0.16663143038749695,0.27942514419555664,0.5539434552192688,1.67643141746521,1.5968118906021118,1.4937012195587158,0.12356853485107422,0.20318806171417236,0.30629873275756836,0.4327617883682251,0.3318851590156555,0.23535305261611938,vision,text,0,0.6875,0.6451612710952759,0.7297297120094299
353,lXPQBPVc5Cw$_$10,-2.200000047683716,-1.7270857095718384,0.2102249264717102,0.3101145327091217,0.47966063022613525,-1.6086512804031372,-1.5782305002212524,-1.5568064451217651,0.5913487672805786,0.6217695474624634,0.6431936025619507,0.3643171191215515,0.32918572425842285,0.306497186422348,vision,text,0,0.6734693646430969,0.5789473652839661,0.562841534614563
546,vvZ4IcEtiZc$_$5,1.2000000476837158,2.2841410636901855,0.165848046541214,0.3306741416454315,0.5034777522087097,1.702330231666565,1.6777961254119873,1.5261062383651733,0.5023301839828491,0.4777960777282715,0.3261061906814575,0.25743040442466736,0.27936792373657227,0.46320170164108276,vision,vision,1,0.6153846383094788,0.6666666865348816,0.6279069781303406
428,phBUpBr1hSo$_$10,-1.399999976158142,0.23741063475608826,0.17243875563144684,0.31236615777015686,0.5151950716972351,0.037246719002723694,0.1603885442018509,0.09807037562131882,1.4372466802597046,1.5603885650634766,1.4980703592300415,0.4032546281814575,0.2674935460090637,0.32925179600715637,vision,text,0,0.5555555820465088,0.5666666626930237,0.5714285969734192
232,f_pcplsH_V0$_$15,-1.0,-0.8224236965179443,0.2632294297218323,0.23777782917022705,0.49899280071258545,-0.7242559790611267,-0.7028084993362427,-0.7493467330932617,0.2757440209388733,0.2971915006637573,0.2506532669067383,0.33131927251815796,0.3084595501422882,0.3602212071418762,vision,vision,1,0.9166666865348816,0.5819672346115112,0.7142857313156128
54,cW1FSBF59ik$_$1,-2.5999999046325684,-2.0796871185302734,0.17715585231781006,0.2723553478717804,0.5504887700080872,-1.8857637643814087,-1.9138376712799072,-1.8784701824188232,0.7142361402511597,0.6861622333526611,0.7215297222137451,0.3253006339073181,0.35721203684806824,0.31748735904693604,vision,audio,0,0.5909090638160706,0.52173912525177,0.6385542154312134
178,dq3Nf_lMPnE$_$8,0.6000000238418579,3.021660327911377,0.24734652042388916,0.3084162771701813,0.4442371428012848,2.2800910472869873,2.1872901916503906,2.0404298305511475,1.6800910234451294,1.5872901678085327,1.4404298067092896,0.21807639300823212,0.29713353514671326,0.4847901165485382,vision,vision,1,0.800000011920929,0.6136363744735718,0.557692289352417
196,etzxEpPuc6I$_$9,-2.799999952316284,-1.7009342908859253,0.1794939935207367,0.3159877359867096,0.5045182704925537,-1.6346237659454346,-1.6286823749542236,-1.605140209197998,1.1653761863708496,1.1713175773620605,1.1948597431182861,0.346405953168869,0.3396129608154297,0.3139810860157013,vision,text,0,0.6190476417541504,0.6190476417541504,0.6133333444595337
57,cW1FSBF59ik$_$5,2.0,0.08826563507318497,0.18566156923770905,0.4357680380344391,0.37857043743133545,-0.15592120587825775,-0.05062301829457283,-0.0936947613954544,2.155921220779419,2.0506229400634766,2.0936946868896484,0.27389901876449585,0.38906779885292053,0.33703315258026123,audio,audio,1,0.6666666865348816,0.8181818127632141,0.5384615659713745
91,cXypl4FnoZo$_$8,1.399999976158142,0.851730227470398,0.17247530817985535,0.24598096311092377,0.5815438032150269,0.7228098511695862,0.7775899767875671,0.6484271883964539,0.6771901249885559,0.622409999370575,0.7515727877616882,0.33548715710639954,0.4026969373226166,0.2618158757686615,vision,audio,0,0.5652173757553101,0.4507042169570923,0.6309523582458496
657,zhpQhgha_KU$_$22,0.6000000238418579,-0.3989161550998688,0.17484845221042633,0.3311751186847687,0.4939764440059662,-0.4019767642021179,-0.35602572560310364,-0.42947790026664734,1.001976728439331,0.9560257196426392,1.0294779539108276,0.3248938322067261,0.37867122888565063,0.2964349091053009,vision,audio,0,0.6363636255264282,0.6666666865348816,0.6190476417541504
600,wMbj6ajWbic$_$16,-0.4000000059604645,-0.7892354130744934,0.25940608978271484,0.32434508204460144,0.41624879837036133,-0.7783717513084412,-0.7429561614990234,-0.7685351967811584,0.3783717453479767,0.34295615553855896,0.36853519082069397,0.3165925145149231,0.35626232624053955,0.32714515924453735,vision,audio,0,0.8399999737739563,0.6619718074798584,0.5411764979362488
621,yDtzw_Y-7RU$_$12,-0.6666666865348816,-0.7104824781417847,0.17032156884670258,0.2527419924736023,0.5769364833831787,-0.6539167761802673,-0.6236306428909302,-0.6625129580497742,0.012749910354614258,0.043036043643951416,0.004153728485107422,0.3409428000450134,0.30820369720458984,0.35085347294807434,vision,vision,1,0.6000000238418579,0.5102040767669678,0.6779661178588867
116,d3_k5Xpfmik$_$4,-1.0,0.27483126521110535,0.2891308665275574,0.2766534090042114,0.434215784072876,0.16257643699645996,0.22859443724155426,0.15160062909126282,1.16257643699646,1.228594422340393,1.1516005992889404,0.35214564204216003,0.28258657455444336,0.365267813205719,vision,vision,1,0.8888888955116272,0.5744680762290955,0.5535714030265808
379,nzpVDcQ0ywM$_$3,0.800000011920929,1.9469671249389648,0.17332769930362701,0.2893628180027008,0.537309467792511,1.5087138414382935,1.48872709274292,1.3424642086029053,0.7087138295173645,0.688727080821991,0.5424641966819763,0.26250991225242615,0.28059473633766174,0.4568953216075897,vision,vision,1,0.5882353186607361,0.5507246255874634,0.6144578456878662
527,v0zCBqDeKcE$_$12,-0.4000000059604645,-0.6736986637115479,0.18005642294883728,0.283037930727005,0.5369056463241577,-0.5820741057395935,-0.5355188846588135,-0.6026512980461121,0.18207409977912903,0.135518878698349,0.20265129208564758,0.32241615653038025,0.3765410780906677,0.301042765378952,vision,audio,0,0.6000000238418579,0.5384615659713745,0.6153846383094788
133,d6hH302o4v8$_$40,-1.0,-1.244583249092102,0.32616573572158813,0.5601558089256287,0.11367841809988022,-1.1171098947525024,-0.9923596978187561,-1.078582525253296,0.11710989475250244,0.0076403021812438965,0.0785825252532959,0.2795323431491852,0.40262946486473083,0.31783825159072876,audio,audio,1,1.0,1.0,0.0
95,cXypl4FnoZo$_$12,2.0,2.3512420654296875,0.1842433363199234,0.33210498094558716,0.48365163803100586,1.7476617097854614,1.703454852104187,1.5577822923660278,0.2523382902145386,0.296545147895813,0.44221770763397217,0.41770753264427185,0.360476016998291,0.22181645035743713,vision,text,0,0.6666666865348816,0.6666666865348816,0.6122449040412903
680,zhpQhgha_KU$_$31,-1.0,-0.13094410300254822,0.1875450611114502,0.3079017102718353,0.5045531988143921,-0.1599409133195877,-0.11293937265872955,-0.15628820657730103,0.8400591015815735,0.8870606422424316,0.843711793422699,0.35175561904907227,0.3007456660270691,0.34749874472618103,vision,text,0,0.5416666865348816,0.5,0.5
646,yvsjCA6Y5Fc$_$14,-1.0,-1.3641293048858643,0.22488366067409515,0.3295500576496124,0.44556623697280884,-1.2300156354904175,-1.2248691320419312,-1.2540287971496582,0.23001563549041748,0.22486913204193115,0.2540287971496582,0.3400922417640686,0.345976859331131,0.3139309287071228,vision,audio,0,0.7692307829856873,0.6756756901741028,0.5909090638160706
183,etzxEpPuc6I$_$15,0.20000000298023224,-0.6490809917449951,0.2187211811542511,0.2747684717178345,0.506510317325592,-0.6234202980995178,-0.5555624961853027,-0.6206654906272888,0.8234202861785889,0.7555624842643738,0.8206654787063599,0.30646246671676636,0.38424792885780334,0.3092895746231079,vision,audio,0,0.75,0.5714285969734192,0.625
648,yvsjCA6Y5Fc$_$16,-1.7999999523162842,-2.203469753265381,0.19726915657520294,0.29296258091926575,0.5097682476043701,-2.0059542655944824,-1.9848161935806274,-1.9422004222869873,0.20595431327819824,0.18481624126434326,0.14220046997070312,0.30213454365730286,0.3241909444332123,0.37367457151412964,vision,vision,1,0.6600000262260437,0.5714285969734192,0.6184210777282715
638,yvsjCA6Y5Fc$_$6,0.0,-0.8048028349876404,0.20356011390686035,0.29249462485313416,0.5039452314376831,-0.7190466523170471,-0.6869333386421204,-0.735076904296875,0.7190466523170471,0.6869333386421204,0.735076904296875,0.32669582962989807,0.3636070191860199,0.3096972107887268,vision,audio,0,0.8181818127632141,0.7142857313156128,0.75
669,zhpQhgha_KU$_$8,-1.0,-1.4468752145767212,0.17262765765190125,0.25578898191452026,0.5715833902359009,-1.3308385610580444,-1.3136028051376343,-1.324946641921997,0.33083856105804443,0.3136028051376343,0.32494664192199707,0.3247841000556946,0.34399014711380005,0.33122578263282776,vision,audio,0,0.6000000238418579,0.5121951103210449,0.6734693646430969
262,iiK8YX8oH1E$_$14,-1.2000000476837158,-0.6225296854972839,0.18714061379432678,0.2722058892250061,0.5406535267829895,-0.5806277394294739,-0.4978557527065277,-0.5681065320968628,0.6193723082542419,0.7021442651748657,0.631893515586853,0.36791688203811646,0.27920615673065186,0.35287705063819885,vision,text,0,0.7142857313156128,0.6052631735801697,0.695652186870575
134,d6hH302o4v8$_$41,-2.4000000953674316,-0.2581917643547058,0.22856050729751587,0.31968554854393005,0.45175397396087646,-0.239958718419075,-0.19665534794330597,-0.25758814811706543,2.160041332244873,2.2033448219299316,2.142411947250366,0.34175002574920654,0.2958151400089264,0.3624347746372223,vision,vision,1,0.75,0.6315789222717285,0.5652173757553101
464,rnaNMUZpvvg$_$15,-1.600000023841858,-2.3090364933013916,0.14121681451797485,0.3232739567756653,0.5355091691017151,-2.178644895553589,-2.19789457321167,-2.1483376026153564,0.578644871711731,0.597894549369812,0.5483375787734985,0.32849857211112976,0.30808225274086,0.36341914534568787,vision,vision,1,0.4736842215061188,0.604938268661499,0.6161616444587708
177,dq3Nf_lMPnE$_$9,-0.800000011920929,1.2832481861114502,0.25069135427474976,0.32681241631507874,0.4224962294101715,0.9313610196113586,0.9624086022377014,0.8530324101448059,1.7313610315322876,1.7624086141586304,1.6530324220657349,0.3124966621398926,0.2817729115486145,0.40573033690452576,vision,vision,1,0.75,0.5869565010070801,0.4642857015132904
234,f_pcplsH_V0$_$1,0.25,1.6284936666488647,0.22159260511398315,0.29032620787620544,0.488081157207489,1.1889567375183105,1.2261537313461304,1.1029820442199707,0.9389567375183105,0.9761537313461304,0.8529820442199707,0.3110172152519226,0.2747490406036377,0.4142337441444397,vision,vision,1,0.75,0.59375,0.6052631735801697
424,pLTX3ipuDJI$_$6,-1.399999976158142,0.5585267543792725,0.19004683196544647,0.2812511622905731,0.5287020206451416,0.43316707015037537,0.5120383501052856,0.41698938608169556,1.8331670761108398,1.9120383262634277,1.8169894218444824,0.35407987236976624,0.2722221314907074,0.37369802594184875,vision,vision,1,0.699999988079071,0.6037735939025879,0.671875
653,zhpQhgha_KU$_$26,0.0,-1.207404375076294,0.14802373945713043,0.3371882438659668,0.514788031578064,-1.1200400590896606,-1.1199241876602173,-1.1472322940826416,1.1200400590896606,1.1199241876602173,1.1472322940826416,0.34320247173309326,0.34333503246307373,0.3134625256061554,vision,audio,0,0.5384615659713745,0.6666666865348816,0.6399999856948853
357,lXPQBPVc5Cw$_$14,-2.200000047683716,0.6804981231689453,0.24565564095973969,0.3004959225654602,0.4538484513759613,0.46113061904907227,0.5465803742408752,0.4454875588417053,2.661130666732788,2.7465803623199463,2.6454875469207764,0.356421560049057,0.26807889342308044,0.37549957633018494,vision,vision,1,0.7272727489471436,0.5396825671195984,0.5066666603088379
151,d6hH302o4v8$_$14,-1.7999999523162842,-1.6284852027893066,0.22130617499351501,0.3000097870826721,0.4786840081214905,-1.518757939338684,-1.5271538496017456,-1.5140975713729858,0.2812420129776001,0.2728461027145386,0.28590238094329834,0.3318987488746643,0.3413185775279999,0.3267827033996582,vision,audio,0,0.7857142686843872,0.6551724076271057,0.6571428775787354
93,cXypl4FnoZo$_$10,2.0,1.39816415309906,0.20151405036449432,0.3189621567726135,0.47952380776405334,0.998103678226471,1.045076847076416,0.9309061169624329,1.0018963813781738,0.954923152923584,1.069093942642212,0.3368338346481323,0.39392757415771484,0.26923859119415283,vision,audio,0,0.6666666865348816,0.6060606241226196,0.5641025900840759
88,cXypl4FnoZo$_$7,-1.0,0.5563674569129944,0.2508193254470825,0.23363323509693146,0.515547513961792,0.4509938061237335,0.5277389287948608,0.41460344195365906,1.4509937763214111,1.5277389287948608,1.4146034717559814,0.34444186091423035,0.2666955888271332,0.38886258006095886,vision,vision,1,0.9166666865348816,0.5909090638160706,0.7407407164573669
545,vvZ4IcEtiZc$_$2,2.4000000953674316,2.738920211791992,0.1988711804151535,0.3241904079914093,0.476938396692276,2.0805630683898926,1.9794985055923462,1.8313424587249756,0.31943702697753906,0.42050158977508545,0.568657636642456,0.46517643332481384,0.3321327865123749,0.2026907503604889,vision,text,0,0.6666666865348816,0.6176470518112183,0.574999988079071
398,ob23OKe5a9Q$_$10,1.25,0.9888063669204712,0.29095199704170227,0.2644061744213104,0.4446417987346649,0.7463748455047607,0.7954811453819275,0.6773101687431335,0.5036251544952393,0.4545188546180725,0.5726898312568665,0.33645015954971313,0.3962865471839905,0.2672633230686188,vision,audio,0,0.699999988079071,0.3529411852359772,0.3499999940395355
519,tmZoasNr4rU$_$4,-0.800000011920929,-2.369023323059082,0.23798926174640656,0.2859543561935425,0.4760563373565674,-2.1961429119110107,-2.2011847496032715,-2.159522771835327,1.3961429595947266,1.4011847972869873,1.359522819519043,0.3212165832519531,0.31586331129074097,0.3629200756549835,vision,vision,1,0.75,0.5602836608886719,0.5833333134651184
278,jUzDDGyPkXU$_$27,-2.0,1.5875217914581299,0.14470234513282776,0.3018170893192291,0.5534805655479431,1.1465414762496948,1.1454176902770996,1.0640411376953125,3.1465415954589844,3.1454176902770996,3.0640411376953125,0.30117881298065186,0.30230942368507385,0.3965117633342743,vision,vision,1,0.5,0.5714285969734192,0.6200000047683716
461,rnaNMUZpvvg$_$10,-2.5999999046325684,0.4256221055984497,0.16835002601146698,0.42261406779289246,0.40903592109680176,0.14864088594913483,0.23138205707073212,0.182693213224411,2.748640775680542,2.8313820362091064,2.7826931476593018,0.37712252140045166,0.28622138500213623,0.3366560935974121,audio,text,0,0.6153846383094788,0.782608687877655,0.5185185074806213
152,d6hH302o4v8$_$17,-2.0,0.5041036009788513,0.32697898149490356,0.3143411874771118,0.3586798906326294,0.12385354191064835,0.14229413866996765,0.1277274787425995,2.1238534450531006,2.14229416847229,2.127727508544922,0.34158238768577576,0.32121792435646057,0.3371996581554413,vision,text,0,0.8333333134651184,0.5333333611488342,0.3888888955116272
462,rnaNMUZpvvg$_$13,-2.0,1.222242832183838,0.2591351270675659,0.2989811301231384,0.44188374280929565,0.8875864744186401,0.929758608341217,0.8271651268005371,2.8875865936279297,2.9297585487365723,2.827165126800537,0.32341742515563965,0.281004399061203,0.39557817578315735,vision,vision,1,0.75,0.529411792755127,0.4761904776096344
438,phBUpBr1hSo$_$1,1.399999976158142,2.401440143585205,0.18803080916404724,0.29737213253974915,0.5145969986915588,1.7885817289352417,1.744913935661316,1.6433405876159668,0.3885817527770996,0.34491395950317383,0.2433406114578247,0.26458802819252014,0.3060453236103058,0.4293665885925293,vision,vision,1,0.699999988079071,0.6363636255264282,0.6666666865348816
367,nbWiPyCm4g0$_$5,-1.399999976158142,0.4418569505214691,0.1875162571668625,0.31584206223487854,0.49664169549942017,0.33528274297714233,0.4000668227672577,0.28139299154281616,1.7352826595306396,1.8000668287277222,1.6813929080963135,0.33304962515830994,0.2683640122413635,0.39858633279800415,vision,vision,1,0.6388888955116272,0.604938268661499,0.5833333134651184
507,tmZoasNr4rU$_$12,-2.200000047683716,-0.020933490246534348,0.22417277097702026,0.26125890016555786,0.5145683884620667,-0.045620396733284,0.020398439839482307,0.01552320271730423,2.1543796062469482,2.220398426055908,2.2155232429504395,0.3819586932659149,0.306509792804718,0.3115314841270447,vision,text,0,0.800000011920929,0.5862069129943848,0.6857143044471741
73,cXypl4FnoZo$_$24,0.20000000298023224,-0.8473008275032043,0.14080128073692322,0.3330225944519043,0.5261760950088501,-0.8167464137077332,-0.7734962701797485,-0.8044916391372681,1.0167464017868042,0.9734962582588196,1.0044916868209839,0.3128155767917633,0.36132606863975525,0.32585838437080383,vision,audio,0,0.5799999833106995,0.7196261882781982,0.7037037014961243
528,v0zCBqDeKcE$_$15,2.4000000953674316,0.9590243697166443,0.25164249539375305,0.2787814438343048,0.46957606077194214,0.6877726912498474,0.7592109441757202,0.6362762451171875,1.7122273445129395,1.6407891511917114,1.7637238502502441,0.32142558693885803,0.40784743428230286,0.2707269787788391,vision,audio,0,0.875,0.6363636255264282,0.6499999761581421
536,v0zCBqDeKcE$_$7,1.399999976158142,0.25903019309043884,0.1810627579689026,0.25904977321624756,0.5598874688148499,0.17490115761756897,0.29012641310691833,0.18765580654144287,1.2250988483428955,1.1098735332489014,1.2123441696166992,0.28476226329803467,0.41810765862464905,0.2971300482749939,vision,audio,0,0.6000000238418579,0.4888888895511627,0.6290322542190552
77,cXypl4FnoZo$_$20,-1.0,1.0240792036056519,0.23251643776893616,0.31494635343551636,0.4525371491909027,0.7310268878936768,0.8046720623970032,0.6695936322212219,1.7310268878936768,1.8046720027923584,1.6695935726165771,0.3322724997997284,0.25994545221328735,0.40778210759162903,vision,vision,1,0.75,0.6101694703102112,0.5428571701049805
311,k5Y_838nuGo$_$29,-0.75,-0.6826344728469849,0.175286665558815,0.3253723382949829,0.49934104084968567,-0.6519096493721008,-0.6106258034706116,-0.6705359816551208,0.09809035062789917,0.13937419652938843,0.07946401834487915,0.34065842628479004,0.29686200618743896,0.362479567527771,vision,vision,1,0.6666666865348816,0.6875,0.6578947305679321
119,d3_k5Xpfmik$_$9,1.399999976158142,2.1131579875946045,0.24285729229450226,0.24785295128822327,0.5092898011207581,1.5920178890228271,1.580492377281189,1.4621514081954956,0.19201791286468506,0.18049240112304688,0.062151432037353516,0.2792617678642273,0.29019927978515625,0.43053895235061646,vision,vision,1,0.9090909361839294,0.625,0.7368420958518982
150,d6hH302o4v8$_$15,-1.75,-1.0803965330123901,0.27921995520591736,0.29931455850601196,0.4214654862880707,-0.9908584952354431,-0.9598497748374939,-1.0023943185806274,0.7591415047645569,0.7901502251625061,0.7476056814193726,0.34002020955085754,0.30663028359413147,0.353349506855011,vision,vision,1,0.75,0.5,0.4375
20,c7UH_rxdZv4$_$10,0.800000011920929,0.2919607162475586,0.19478367269039154,0.2317039668560028,0.5735123753547668,0.2374470978975296,0.2553083300590515,0.17797505855560303,0.5625529289245605,0.5446916818618774,0.6220249533653259,0.34703928232192993,0.3683285415172577,0.2846321761608124,vision,audio,0,0.75,0.5405405163764954,0.75
111,d3_k5Xpfmik$_$18,0.800000011920929,1.4060139656066895,0.1526406705379486,0.2808815538883209,0.5664778351783752,1.0236070156097412,1.0218960046768188,0.9158859848976135,0.22360700368881226,0.2218959927558899,0.11588597297668457,0.29089072346687317,0.2925545573234558,0.4165547490119934,vision,vision,1,0.4285714328289032,0.4324324429035187,0.5227272510528564
3,c7UH_rxdZv4$_$27,-1.7999999523162842,-1.4125053882598877,0.2090504765510559,0.30629515647888184,0.48465436697006226,-1.2895480394363403,-1.2601433992385864,-1.2792649269104004,0.5104519128799438,0.5398565530776978,0.5207350254058838,0.34807565808296204,0.31557750701904297,0.3363468050956726,vision,text,0,0.695652186870575,0.6000000238418579,0.5934959053993225
287,jUzDDGyPkXU$_$4,-1.600000023841858,1.5801507234573364,0.21616217494010925,0.2726767361164093,0.5111610889434814,1.2519832849502563,1.24022376537323,1.1182334423065186,2.8519833087921143,2.840223789215088,2.718233585357666,0.27764150500297546,0.2887408435344696,0.43361762166023254,vision,vision,1,0.7105262875556946,0.5280898809432983,0.59375
35,cM3Yna7AavY$_$13,-1.600000023841858,2.749063491821289,0.15664270520210266,0.43503302335739136,0.4083242416381836,1.8381425142288208,1.740522861480713,1.646085500717163,3.4381425380706787,3.3405227661132812,3.2460856437683105,0.23356710374355316,0.32339316606521606,0.44303974509239197,audio,vision,0,0.5,0.7142857313156128,0.4375
268,iiK8YX8oH1E$_$2,1.2000000476837158,0.501187264919281,0.12529942393302917,0.2958449721336365,0.5788556337356567,0.27986860275268555,0.31369879841804504,0.2578725218772888,0.9201314449310303,0.8863012790679932,0.942127525806427,0.3280114531517029,0.36716651916503906,0.30482202768325806,vision,audio,0,0.4285714328289032,0.5666666626930237,0.6578947305679321
28,c7UH_rxdZv4$_$18,-2.25,-0.6946344971656799,0.27027440071105957,0.27329081296920776,0.45643484592437744,-0.6357759237289429,-0.5757801532745361,-0.6391242146492004,1.6142240762710571,1.6742198467254639,1.6108758449554443,0.3533611595630646,0.2893117070198059,0.35732707381248474,vision,vision,1,0.8666666746139526,0.5862069129943848,0.6086956262588501
125,d6hH302o4v8$_$26,-2.5999999046325684,-1.7717801332473755,0.34699249267578125,0.22390152513980865,0.4291059374809265,-1.610756754875183,-1.6129655838012695,-1.6206159591674805,0.9892431497573853,0.9870343208312988,0.9793839454650879,0.3288608491420746,0.3312911093235016,0.3398481011390686,vision,vision,1,1.0,0.5,0.6000000238418579
555,vyB00TXsimI$_$1,0.0,1.0588152408599854,0.1757068932056427,0.2919788658618927,0.5323142409324646,0.7562659978866577,0.7699257731437683,0.6894059181213379,0.7562659978866577,0.7699257731437683,0.6894059181213379,0.31199854612350464,0.29811108112335205,0.3898903727531433,vision,vision,1,0.6000000238418579,0.5555555820465088,0.59375
602,wMbj6ajWbic$_$18,-1.0,1.2680810689926147,0.219420924782753,0.26456430554389954,0.5160147547721863,0.9672919511795044,0.9969083666801453,0.8962395787239075,1.9672919511795044,1.99690842628479,1.8962395191192627,0.31513574719429016,0.28551143407821655,0.3993528187274933,vision,vision,1,0.8235294222831726,0.6170212626457214,0.6938775777816772
591,wMbj6ajWbic$_$9,-2.0,0.37996792793273926,0.19020752608776093,0.2798202633857727,0.5299721360206604,0.2177768498659134,0.3149968385696411,0.24821367859840393,2.2177767753601074,2.3149967193603516,2.248213768005371,0.38070252537727356,0.2753249704837799,0.34397244453430176,vision,text,0,0.699999988079071,0.6000000238418579,0.6666666865348816
94,cXypl4FnoZo$_$13,-1.0,-0.9896308779716492,0.1975046992301941,0.32553109526634216,0.47696420550346375,-0.9599725604057312,-0.9267392754554749,-0.9553162455558777,0.0400274395942688,0.07326072454452515,0.044683754444122314,0.3472539484500885,0.3108401596546173,0.3419058322906494,vision,text,0,0.625,0.5857142806053162,0.5333333611488342
9,c7UH_rxdZv4$_$29,0.6000000238418579,-0.055103152990341187,0.12986257672309875,0.3742945194244385,0.49584296345710754,-0.0860610380768776,-0.04131617024540901,-0.09208343923091888,0.6860610842704773,0.6413161754608154,0.692083477973938,0.31837278604507446,0.3695819675922394,0.31204530596733093,vision,audio,0,0.4166666567325592,0.6595744490623474,0.5614035129547119
412,pLTX3ipuDJI$_$10,-1.600000023841858,-1.169593095779419,0.1945495307445526,0.2890615463256836,0.5163889527320862,-1.0875020027160645,-1.0804845094680786,-1.0788871049880981,0.5124980211257935,0.5195155143737793,0.5211129188537598,0.3391472399234772,0.3313060998916626,0.329546719789505,vision,text,0,0.695652186870575,0.6065573692321777,0.6575342416763306
187,etzxEpPuc6I$_$19,-0.5,-0.98487788438797,0.17486995458602905,0.2945469617843628,0.5305830836296082,-0.9538711905479431,-0.9120259881019592,-0.9277741312980652,0.4538711905479431,0.41202598810195923,0.4277741312980652,0.30858802795410156,0.35477757453918457,0.3366343677043915,vision,audio,0,0.6000000238418579,0.5730994343757629,0.6225489974021912
231,f_pcplsH_V0$_$12,-0.800000011920929,0.0894215852022171,0.1611679047346115,0.3209235668182373,0.51790851354599,0.083130843937397,0.16662757098674774,0.0859111025929451,0.8831308484077454,0.9666275978088379,0.8859111070632935,0.3639238178730011,0.2755095064640045,0.3605666756629944,vision,text,0,0.5400000214576721,0.5896656513214111,0.5822784900665283
407,ob23OKe5a9Q$_$7,0.6000000238418579,-0.3944004476070404,0.19301500916481018,0.32734188437461853,0.47964316606521606,-0.40754371881484985,-0.34250354766845703,-0.4014511704444885,1.0075438022613525,0.9425035715103149,1.0014512538909912,0.3065028190612793,0.38070616126060486,0.3127910792827606,vision,audio,0,0.7058823704719543,0.6770833134651184,0.6206896305084229
533,v0zCBqDeKcE$_$2,-0.4000000059604645,0.45362818241119385,0.2050161212682724,0.3443991541862488,0.45058473944664,0.2295607179403305,0.3295791745185852,0.24386954307556152,0.6295607089996338,0.7295792102813721,0.6438695192337036,0.3745443820953369,0.26835623383522034,0.35709938406944275,vision,text,0,0.6363636255264282,0.6060606241226196,0.5
622,yDtzw_Y-7RU$_$15,0.6000000238418579,1.4928826093673706,0.156571626663208,0.32683417201042175,0.5165941715240479,1.0730063915252686,1.0875312089920044,0.9546968936920166,0.47300636768341064,0.4875311851501465,0.3546968698501587,0.2910209000110626,0.2772665023803711,0.4317125976085663,vision,vision,1,0.5384615659713745,0.6071428656578064,0.5757575631141663
678,zhpQhgha_KU$_$19,-0.800000011920929,-0.8414216637611389,0.22394610941410065,0.33476927876472473,0.44128456711769104,-0.8318213224411011,-0.8037645816802979,-0.835867166519165,0.03182131052017212,0.0037645697593688965,0.035867154598236084,0.32418695092201233,0.355968713760376,0.3198442757129669,vision,audio,0,0.6875,0.60317462682724,0.5
587,wMbj6ajWbic$_$5,0.20000000298023224,0.4894946813583374,0.16796888411045074,0.3587341010570526,0.47329699993133545,0.26501038670539856,0.341368168592453,0.2678200900554657,0.06501038372516632,0.14136816561222076,0.06782008707523346,0.3615378737449646,0.2802945375442505,0.3581676483154297,vision,text,0,0.5625,0.6410256624221802,0.5208333134651184
437,phBUpBr1hSo$_$20,-1.25,1.0053175687789917,0.1378091275691986,0.2635789215564728,0.5986119508743286,0.7946701645851135,0.7863053679466248,0.7155773639678955,2.0446701049804688,2.0363054275512695,1.9655773639678955,0.3003059923648834,0.3087970018386841,0.3908970355987549,vision,vision,1,0.5416666865348816,0.5625,0.7068965435028076
613,yDtzw_Y-7RU$_$4,-1.0,0.8065235614776611,0.15413732826709747,0.3431129455566406,0.5027496814727783,0.5338821411132812,0.6220223903656006,0.5293371081352234,1.5338821411132812,1.6220223903656006,1.5293371677398682,0.3622282147407532,0.2700139284133911,0.36775776743888855,vision,vision,1,0.5,0.609375,0.5526315569877625
450,rnaNMUZpvvg$_$22,-2.200000047683716,0.46498972177505493,0.19041292369365692,0.30545854568481445,0.5041285753250122,0.3571436107158661,0.42897236347198486,0.3275367319583893,2.5571436882019043,2.6289725303649902,2.5275368690490723,0.34592488408088684,0.27226942777633667,0.3818056285381317,vision,vision,1,0.6551724076271057,0.5972222089767456,0.5977011322975159
343,lXPQBPVc5Cw$_$1,0.20000000298023224,1.0347572565078735,0.2642384469509125,0.2914593815803528,0.44430211186408997,0.7809027433395386,0.8368023037910461,0.7043585777282715,0.5809027552604675,0.6368023157119751,0.5043585896492004,0.32044607400894165,0.2659696638584137,0.41358426213264465,vision,vision,1,0.7777777910232544,0.5306122303009033,0.49152541160583496
32,c7UH_rxdZv4$_$32,-2.200000047683716,-0.3050944209098816,0.16332457959651947,0.34159937500953674,0.4950760304927826,-0.3290731608867645,-0.282594233751297,-0.34956398606300354,1.870926856994629,1.9174058437347412,1.8504360914230347,0.3416275680065155,0.2925954759120941,0.365776926279068,vision,vision,1,0.6666666865348816,0.75,0.695652186870575
214,f9O3YtZ2VfI$_$6,-2.5999999046325684,-1.7864573001861572,0.2141961008310318,0.21546131372451782,0.5703426003456116,-1.5970298051834106,-1.5904817581176758,-1.5899759531021118,1.0029700994491577,1.0095181465148926,1.0100239515304565,0.33838987350463867,0.3310839533805847,0.330526202917099,vision,text,0,0.699999988079071,0.42105263471603394,0.6818181872367859
2,c7UH_rxdZv4$_$26,-2.5999999046325684,2.0393893718719482,0.18756546080112457,0.3533216416835785,0.45911285281181335,1.4832359552383423,1.473486065864563,1.3313417434692383,4.083235740661621,4.073485851287842,3.9313416481018066,0.2708413302898407,0.2797883450984955,0.4493703842163086,vision,vision,1,0.6363636255264282,0.6585366129875183,0.5400000214576721
480,tIrG4oNLFzE$_$3,2.5999999046325684,2.7049715518951416,0.22330893576145172,0.21018677949905396,0.5665042996406555,2.1349380016326904,2.0087430477142334,1.9026386737823486,0.46506190299987793,0.591256856918335,0.6973612308502197,0.4722256064414978,0.31007274985313416,0.21770168840885162,vision,text,0,0.7857142686843872,0.4615384638309479,0.7234042286872864
620,yDtzw_Y-7RU$_$13,-1.7999999523162842,0.4655514061450958,0.16346582770347595,0.3086089491844177,0.5279251933097839,0.33722251653671265,0.4343389570713043,0.30644598603248596,2.1372225284576416,2.2343389987945557,2.1064460277557373,0.3531712591648102,0.2555024027824402,0.39132630825042725,vision,vision,1,0.5652173757553101,0.5897436141967773,0.6086956262588501
169,dq3Nf_lMPnE$_$14,-1.7999999523162842,0.478440523147583,0.23821420967578888,0.2567691206932068,0.5050166845321655,0.3465149998664856,0.43384358286857605,0.34755444526672363,2.146514892578125,2.2338435649871826,2.147554397583008,0.36443349719047546,0.27239367365837097,0.36317282915115356,vision,text,0,0.7333333492279053,0.4791666567325592,0.568965494632721
144,d6hH302o4v8$_$39,-3.0,-1.2839269638061523,0.2670290172100067,0.24833248555660248,0.4846384525299072,-1.1546541452407837,-1.1281861066818237,-1.1578383445739746,1.8453458547592163,1.8718138933181763,1.8421616554260254,0.34173738956451416,0.31287872791290283,0.3453838527202606,vision,vision,1,0.8888888955116272,0.5714285969734192,0.6764705777168274
592,wMbj6ajWbic$_$8,-0.20000000298023224,0.10517390072345734,0.2896619141101837,0.28706392645835876,0.4232741594314575,-0.008624427020549774,0.08856302499771118,0.04618973284959793,0.19137558341026306,0.2885630130767822,0.24618974328041077,0.39119237661361694,0.2829418182373047,0.325865775346756,vision,text,0,0.875,0.5833333134651184,0.5357142686843872
469,rnaNMUZpvvg$_$18,-2.200000047683716,-0.37705135345458984,0.21415302157402039,0.3150596022605896,0.4707874357700348,-0.4115220904350281,-0.3543793559074402,-0.38089412450790405,1.788477897644043,1.8456206321716309,1.819105863571167,0.3663659691810608,0.30282554030418396,0.33080846071243286,vision,text,0,0.7209302186965942,0.6204379796981812,0.5766870975494385
440,phBUpBr1hSo$_$2,2.200000047683716,1.7078440189361572,0.2944442927837372,0.31536540389060974,0.3901903033256531,1.2108112573623657,1.2419418096542358,1.126879096031189,0.9891887903213501,0.95805823802948,1.0731209516525269,0.34900376200675964,0.3871651887893677,0.2638310194015503,vision,audio,0,0.8571428656578064,0.6000000238418579,0.4583333432674408
43,cM3Yna7AavY$_$5,2.799999952316284,1.1148457527160645,0.1877930760383606,0.2572571635246277,0.5549497604370117,0.8498198986053467,0.9035575985908508,0.7952378988265991,1.9501800537109375,1.8964424133300781,2.0047621726989746,0.3300524652004242,0.39479905366897583,0.27514854073524475,vision,audio,0,0.6666666865348816,0.5348837375640869,0.6730769276618958
276,jUzDDGyPkXU$_$25,-2.0,-0.8444969654083252,0.10842079669237137,0.3196602165699005,0.5719189643859863,-0.8002764582633972,-0.7863516211509705,-0.8229048252105713,1.199723482131958,1.2136483192443848,1.1770951747894287,0.32970768213272095,0.3147536516189575,0.35553863644599915,vision,vision,1,0.4117647111415863,0.6666666865348816,0.7115384340286255
354,lXPQBPVc5Cw$_$13,2.799999952316284,1.2678825855255127,0.146185502409935,0.38033559918403625,0.47347891330718994,0.8669561743736267,0.9090516567230225,0.7960379719734192,1.9330437183380127,1.8909482955932617,2.0039620399475098,0.3401235044002533,0.39135950803756714,0.26851701736450195,vision,audio,0,0.5,0.6875,0.5555555820465088
515,tmZoasNr4rU$_$1,0.0,0.6387481093406677,0.1558666080236435,0.29575151205062866,0.5483819246292114,0.44386518001556396,0.5523743033409119,0.4412630796432495,0.44386518001556396,0.5523743033409119,0.4412630796432495,0.3696577548980713,0.257464200258255,0.37287798523902893,vision,vision,1,0.5454545617103577,0.5744680762290955,0.6315789222717285
145,d6hH302o4v8$_$38,-3.0,-1.0776314735412598,0.3583650588989258,0.23267307877540588,0.40896186232566833,-0.9798869490623474,-0.9448577165603638,-0.9820261001586914,2.020112991333008,2.055142402648926,2.0179738998413086,0.34519055485725403,0.30714869499206543,0.34766077995300293,vision,vision,1,1.0,0.5,0.5517241358757019
309,k5Y_838nuGo$_$23,-0.20000000298023224,2.271836757659912,0.2037661224603653,0.4315841495990753,0.3646496534347534,1.4693306684494019,1.3971000909805298,1.2916722297668457,1.6693307161331177,1.5971001386642456,1.4916722774505615,0.24508735537528992,0.3118066191673279,0.4431060552597046,audio,vision,0,0.8333333134651184,0.9090909361839294,0.5714285969734192
225,f9O3YtZ2VfI$_$19,-0.6000000238418579,-1.2914624214172363,0.29309505224227905,0.2872747480869293,0.4196301996707916,-1.2033406496047974,-1.1616054773330688,-1.2058887481689453,0.6033406257629395,0.5616054534912109,0.6058887243270874,0.3183901309967041,0.36591264605522156,0.3156972825527191,vision,audio,0,0.875,0.5757575631141663,0.5249999761581421
18,c7UH_rxdZv4$_$8,-2.799999952316284,1.3069188594818115,0.24642831087112427,0.2948349714279175,0.45873671770095825,0.9850413203239441,1.0207397937774658,0.892667829990387,3.785041332244873,3.82073974609375,3.6926677227020264,0.30784448981285095,0.2733081877231598,0.41884735226631165,vision,vision,1,0.800000011920929,0.5955055952072144,0.5692307949066162
573,vyB00TXsimI$_$18,2.4000000953674316,2.869699478149414,0.14821258187294006,0.33180928230285645,0.5199781060218811,2.059847354888916,1.989319920539856,1.8818148374557495,0.3401527404785156,0.4106801748275757,0.5181852579116821,0.4268175959587097,0.3373986780643463,0.23578375577926636,vision,text,0,0.5,0.6111111044883728,0.5909090638160706
446,phBUpBr1hSo$_$8,-2.200000047683716,0.09197279810905457,0.14857304096221924,0.3340832591056824,0.5173436403274536,-0.018894052132964134,0.10876378417015076,0.03799300640821457,2.1811060905456543,2.3087637424468994,2.237993001937866,0.4031124711036682,0.2634042799472809,0.3334833085536957,vision,text,0,0.5199999809265137,0.6310975551605225,0.5980707406997681
219,f9O3YtZ2VfI$_$13,-1.600000023841858,-0.15912853181362152,0.1849270462989807,0.3088446855545044,0.5062282681465149,-0.1325545758008957,-0.09021894633769989,-0.13503381609916687,1.4674454927444458,1.5097811222076416,1.4649661779403687,0.3476223945617676,0.3018704056739807,0.3505072295665741,vision,vision,1,0.6153846383094788,0.5833333134651184,0.5882353186607361
186,etzxEpPuc6I$_$16,-2.4000000953674316,-1.2946419715881348,0.24909482896327972,0.23802970349788666,0.5128754377365112,-1.1932802200317383,-1.1808072328567505,-1.1871637105941772,1.2067198753356934,1.2191928625106812,1.2128363847732544,0.34024086594581604,0.32638493180274963,0.3333742618560791,vision,text,0,0.8333333134651184,0.5277777910232544,0.6744186282157898
639,yvsjCA6Y5Fc$_$9,-1.399999976158142,0.05893426388502121,0.18707294762134552,0.30039796233177185,0.5125290751457214,-0.0634341612458229,0.01716628111898899,0.00917847827076912,1.3365658521652222,1.4171662330627441,1.4091784954071045,0.3922460377216339,0.29983168840408325,0.30792224407196045,vision,text,0,0.5789473652839661,0.5263158082962036,0.5588235259056091
633,yvsjCA6Y5Fc$_$3,-2.0,-1.551803469657898,0.18904893100261688,0.30431604385375977,0.5066350102424622,-1.4037333726882935,-1.3878823518753052,-1.4070507287979126,0.5962666273117065,0.6121176481246948,0.5929492712020874,0.3378773331642151,0.32048842310905457,0.34163427352905273,vision,vision,1,0.6153846383094788,0.5714285969734192,0.5932203531265259
494,tStelxIAHjw$_$16,0.800000011920929,2.4202589988708496,0.3484943211078644,0.2561081051826477,0.3953976333141327,1.7231630086898804,1.6268141269683838,1.5768111944198608,0.9231629967689514,0.8268141150474548,0.7768111824989319,0.24953067302703857,0.34403544664382935,0.4064338803291321,vision,vision,1,1.0,0.5555555820465088,0.5454545617103577
355,lXPQBPVc5Cw$_$12,-2.0,0.4971872568130493,0.13714797794818878,0.2411283254623413,0.6217236518859863,0.4193561375141144,0.49178895354270935,0.39543068408966064,2.419356107711792,2.491788864135742,2.395430564880371,0.34861281514167786,0.2738332152366638,0.37755393981933594,vision,vision,1,0.6153846383094788,0.6071428656578064,0.8333333134651184
406,ob23OKe5a9Q$_$4,-1.5,-1.338213324546814,0.23560181260108948,0.3169320821762085,0.44746607542037964,-1.2484110593795776,-1.2523064613342285,-1.2671301364898682,0.25158894062042236,0.24769353866577148,0.23286986351013184,0.3249439001083374,0.329190731048584,0.3458653688430786,vision,vision,1,0.800000011920929,0.6666666865348816,0.6060606241226196
149,d6hH302o4v8$_$12,1.399999976158142,1.6515748500823975,0.19240973889827728,0.20811954140663147,0.5994707345962524,1.3206506967544556,1.3424898386001587,1.2226970195770264,0.07934927940368652,0.0575101375579834,0.17730295658111572,0.3575326204299927,0.3845307230949402,0.2579367160797119,vision,audio,0,0.7777777910232544,0.523809552192688,0.800000011920929
479,tIrG4oNLFzE$_$1,2.799999952316284,1.5618374347686768,0.24241600930690765,0.2706919014453888,0.48689207434654236,1.1805500984191895,1.2161544561386108,1.0796704292297363,1.6194498538970947,1.5838454961776733,1.7203295230865479,0.352057546377182,0.3964207172393799,0.25152164697647095,vision,audio,0,0.8333333134651184,0.5975610017776489,0.6428571343421936
40,cM3Yna7AavY$_$1,2.200000047683716,-0.6292791962623596,0.23121842741966248,0.3124646246433258,0.4563169777393341,-0.5769433975219727,-0.5336272716522217,-0.5778952836990356,2.7769434452056885,2.7336273193359375,2.777895450592041,0.3172425925731659,0.3665200173854828,0.31623733043670654,vision,audio,0,0.699999988079071,0.5600000023841858,0.5052631497383118
87,cXypl4FnoZo$_$4,-0.800000011920929,-1.1726818084716797,0.21152037382125854,0.30505284667015076,0.4834267795085907,-1.0928634405136108,-1.061164140701294,-1.084801197052002,0.2928634285926819,0.261164128780365,0.284801185131073,0.31860455870628357,0.3541126251220703,0.3272828459739685,vision,audio,0,0.7083333134651184,0.6056337952613831,0.6000000238418579
107,d3_k5Xpfmik$_$14,2.0,0.10421685129404068,0.18018341064453125,0.28501224517822266,0.5348043441772461,0.07795996963977814,0.167145237326622,0.09087295085191727,1.9220399856567383,1.8328547477722168,1.9091269969940186,0.29496949911117554,0.3970872759819031,0.3079432249069214,vision,audio,0,0.6304348111152649,0.5634920597076416,0.6329113841056824
623,yDtzw_Y-7RU$_$14,2.200000047683716,0.6190361380577087,0.16781669855117798,0.3440965712070465,0.4880867302417755,0.4105459749698639,0.49968060851097107,0.37599748373031616,1.7894541025161743,1.7003194093704224,1.8240025043487549,0.3089096248149872,0.41578325629234314,0.2753071188926697,vision,audio,0,0.6086956262588501,0.6741573214530945,0.5981308221817017
34,cM3Yna7AavY$_$10,1.600000023841858,1.6954913139343262,0.2031245231628418,0.2765766382217407,0.5202988982200623,1.2297542095184326,1.2353031635284424,1.1231426000595093,0.3702458143234253,0.3646968603134155,0.47685742378234863,0.3677036464214325,0.3745681941509247,0.25772812962532043,vision,audio,0,0.7142857313156128,0.5789473652839661,0.6521739363670349
17,c7UH_rxdZv4$_$9,-0.4000000059604645,-0.1373416781425476,0.12923882901668549,0.2738160192966461,0.5969451069831848,-0.1414417028427124,-0.08373387157917023,-0.11297981441020966,0.2585583031177521,0.31626611948013306,0.287020206451416,0.3656977415084839,0.301704466342926,0.33259785175323486,vision,text,0,0.48148149251937866,0.5625,0.7058823704719543
664,zhpQhgha_KU$_$5,-2.200000047683716,-2.1480071544647217,0.21404699981212616,0.32910120487213135,0.45685186982154846,-2.039400815963745,-2.0481250286102295,-2.0049824714660645,0.1605992317199707,0.15187501907348633,0.19501757621765137,0.3423348665237427,0.352436363697052,0.3052287995815277,vision,audio,0,0.6521739363670349,0.5833333134651184,0.5116279125213623
164,dq3Nf_lMPnE$_$11,-0.6000000238418579,1.0296748876571655,0.19066569209098816,0.3348062038421631,0.47452810406684875,0.771394670009613,0.789202868938446,0.6653054356575012,1.3713946342468262,1.3892028331756592,1.265305519104004,0.29703596234321594,0.2799168825149536,0.42304718494415283,vision,vision,1,0.6818181872367859,0.6666666865348816,0.5921052694320679
608,yDtzw_Y-7RU$_$23,2.200000047683716,2.358705759048462,0.13451430201530457,0.2915254533290863,0.5739603042602539,1.7828017473220825,1.7579823732376099,1.6152799129486084,0.4171983003616333,0.44201767444610596,0.5847201347351074,0.4011683762073517,0.3693149983882904,0.22951658070087433,vision,text,0,0.5,0.59375,0.6842105388641357
29,c7UH_rxdZv4$_$31,-1.399999976158142,1.439236044883728,0.1768149435520172,0.31371572613716125,0.5094693303108215,1.087042212486267,1.1152275800704956,0.9682703614234924,2.487042188644409,2.5152275562286377,2.3682703971862793,0.29445916414260864,0.26805415749549866,0.4374866783618927,vision,vision,1,0.6470588445663452,0.6404494643211365,0.6355140209197998
141,d6hH302o4v8$_$6,-2.0,0.6227461099624634,0.14965057373046875,0.3064948618412018,0.5438545942306519,0.4068688750267029,0.5063285827636719,0.39798933267593384,2.4068689346313477,2.506328582763672,2.397989273071289,0.3639190196990967,0.26122939586639404,0.3748515546321869,vision,vision,1,0.4285714328289032,0.5,0.5416666865348816
227,f9O3YtZ2VfI$_$30,-1.0,-0.9179807901382446,0.17990225553512573,0.3654443323612213,0.45465341210365295,-0.8192760348320007,-0.7952203154563904,-0.844511091709137,0.18072396516799927,0.20477968454360962,0.15548890829086304,0.33214855194091797,0.3065548539161682,0.3612965941429138,vision,vision,1,0.5714285969734192,0.6399999856948853,0.5166666507720947
243,fvVhgmXxadc$_$11,-0.20000000298023224,0.44560569524765015,0.24177634716033936,0.30152037739753723,0.4567033350467682,0.3125094175338745,0.40073680877685547,0.28996366262435913,0.5125094056129456,0.6007367968559265,0.4899636507034302,0.3542008399963379,0.26395344734191895,0.38184571266174316,vision,vision,1,0.800000011920929,0.6153846383094788,0.5714285969734192
377,nzpVDcQ0ywM$_$23,2.0,0.5111842155456543,0.13873648643493652,0.44599199295043945,0.41527149081230164,0.14547847211360931,0.24697746336460114,0.1657623052597046,1.8545215129852295,1.75302255153656,1.8342376947402954,0.28797248005867004,0.40391111373901367,0.3081164062023163,audio,audio,1,0.5,0.7894737124443054,0.5
6,c7UH_rxdZv4$_$22,-2.4000000953674316,-1.9038710594177246,0.14485475420951843,0.3044668436050415,0.5506784319877625,-1.7357782125473022,-1.7318211793899536,-1.7092422246932983,0.6642218828201294,0.668178915977478,0.6907578706741333,0.3445611298084259,0.3400462567806244,0.3153926134109497,vision,text,0,0.5,0.5901639461517334,0.6575342416763306
103,d3_k5Xpfmik$_$10,0.4000000059604645,0.6494709849357605,0.1499827653169632,0.3208466172218323,0.5291706323623657,0.44540056586265564,0.5370046496391296,0.42452821135520935,0.04540055990219116,0.13700464367866516,0.024528205394744873,0.35600876808166504,0.26233136653900146,0.3816598951816559,vision,vision,1,0.5714285969734192,0.6615384817123413,0.6623376607894897
476,tIrG4oNLFzE$_$17,-0.4000000059604645,0.14873430132865906,0.1744004637002945,0.31821122765541077,0.5073882937431335,0.0685262456536293,0.1678730994462967,0.07812168449163437,0.4685262441635132,0.5678731203079224,0.47812169790267944,0.37221571803092957,0.2672854959964752,0.36049884557724,vision,text,0,0.5909090638160706,0.5979381203651428,0.5811966061592102
230,f_pcplsH_V0$_$13,1.600000023841858,0.9242898225784302,0.18276141583919525,0.3317590355873108,0.48547956347465515,0.6114189624786377,0.7046040892601013,0.5982620120048523,0.9885810613632202,0.8953959345817566,1.0017380714416504,0.30108171701431274,0.4107557535171509,0.28816255927085876,vision,audio,0,0.5454545617103577,0.5555555820465088,0.5
571,vyB00TXsimI$_$16,0.4000000059604645,1.0077767372131348,0.20520798861980438,0.32731562852859497,0.4674763083457947,0.7433990836143494,0.7960814237594604,0.6764140725135803,0.3433990776538849,0.39608141779899597,0.27641406655311584,0.3237166404724121,0.2715810537338257,0.404702365398407,vision,vision,1,0.6666666865348816,0.6063829660415649,0.5398229956626892
391,nzpVDcQ0ywM$_$15,-0.6000000238418579,1.8163167238235474,0.22963441908359528,0.2903849482536316,0.47998061776161194,1.1568031311035156,1.0059500932693481,0.9747418761253357,1.7568031549453735,1.605950117111206,1.5747418403625488,0.22281154990196228,0.3684001564979553,0.4087883234024048,vision,vision,1,0.625,0.4444444477558136,0.4545454680919647
267,iiK8YX8oH1E$_$3,-1.25,0.6038786768913269,0.11189629137516022,0.34284576773643494,0.5452579855918884,0.2783763110637665,0.2924700677394867,0.25127410888671875,1.5283763408660889,1.542470097541809,1.5012741088867188,0.32801347970962524,0.312960147857666,0.35902634263038635,vision,vision,1,0.2142857164144516,0.48148149251937866,0.46875
523,tmZoasNr4rU$_$8,-2.0,-1.1340503692626953,0.32530540227890015,0.25115445256233215,0.4235401451587677,-1.035300850868225,-0.9881425499916077,-1.0391836166381836,0.9646991491317749,1.011857509613037,0.9608163833618164,0.3487280011177063,0.298001229763031,0.3532707691192627,vision,vision,1,1.0,0.5874999761581421,0.6145833134651184
316,k5Y_838nuGo$_$4,1.0,1.2230806350708008,0.22302782535552979,0.3596305847167969,0.4173416197299957,0.8002127408981323,0.8639855980873108,0.7462087273597717,0.19978725910186768,0.1360144019126892,0.25379127264022827,0.32550814747810364,0.40260815620422363,0.27188363671302795,vision,audio,0,0.692307710647583,0.6399999856948853,0.46666666865348816
380,nzpVDcQ0ywM$_$2,-1.600000023841858,0.4104771018028259,0.21364164352416992,0.2711329460144043,0.5152254104614258,0.29533910751342773,0.3884272277355194,0.28786706924438477,1.8953391313552856,1.9884272813796997,1.8878670930862427,0.36252233386039734,0.2658127248287201,0.37166494131088257,vision,vision,1,0.699999988079071,0.529411792755127,0.6097561120986938
71,cW1FSBF59ik$_$19,0.20000000298023224,-0.3138315975666046,0.17474479973316193,0.19475315511226654,0.6305020451545715,-0.21403275430202484,-0.13891379535198212,-0.19780394434928894,0.4140327572822571,0.33891379833221436,0.3978039622306824,0.29939037561416626,0.38457736372947693,0.3160322606563568,vision,audio,0,0.699999988079071,0.4583333432674408,0.7931034564971924
452,rnaNMUZpvvg$_$3,-0.800000011920929,-0.2973751127719879,0.22803780436515808,0.26241666078567505,0.5095455646514893,-0.2792179584503174,-0.19301511347293854,-0.2509782314300537,0.5207820534706116,0.6069849133491516,0.5490217804908752,0.3758809566497803,0.2820063531398773,0.34211263060569763,vision,text,0,0.8181818127632141,0.5909090638160706,0.6666666865348816
614,yDtzw_Y-7RU$_$7,-0.20000000298023224,1.0868690013885498,0.15253964066505432,0.25023961067199707,0.597220778465271,0.8898358345031738,0.9477471709251404,0.8107469081878662,1.0898358821868896,1.1477471590042114,1.010746955871582,0.3198877274990082,0.2637317180633545,0.4163805842399597,vision,vision,1,0.5333333611488342,0.4883720874786377,0.6730769276618958
347,lXPQBPVc5Cw$_$4,-1.2000000476837158,-2.226571559906006,0.154203861951828,0.29382839798927307,0.5519677400588989,-2.0554795265197754,-2.0747547149658203,-2.0369515419006348,0.8554794788360596,0.8747546672821045,0.836951494216919,0.3331693410873413,0.31243619322776794,0.3543945252895355,vision,vision,1,0.5,0.5384615659713745,0.6170212626457214
63,cW1FSBF59ik$_$11,-1.0,-1.5303388833999634,0.17444169521331787,0.3303438425064087,0.49521446228027344,-1.454928994178772,-1.4760576486587524,-1.4558738470077515,0.454928994178772,0.47605764865875244,0.45587384700775146,0.34143099188804626,0.3182116448879242,0.34035736322402954,vision,text,0,0.5882353186607361,0.6235294342041016,0.5922330021858215
413,pLTX3ipuDJI$_$13,-1.399999976158142,0.8414043188095093,0.19395840167999268,0.30924713611602783,0.4967944622039795,0.625508189201355,0.6873275637626648,0.5792543292045593,2.025508165359497,2.087327480316162,1.9792542457580566,0.3355162441730499,0.2730366587638855,0.3914470672607422,vision,vision,1,0.6875,0.625,0.6052631735801697
661,zhpQhgha_KU$_$1,-1.600000023841858,1.7406110763549805,0.12044272571802139,0.40603986382484436,0.47351735830307007,1.2120088338851929,1.210135579109192,1.0812963247299194,2.812008857727051,2.81013560295105,2.6812963485717773,0.2815060317516327,0.2832694351673126,0.4352244734764099,vision,vision,1,0.5,0.807692289352417,0.625
435,phBUpBr1hSo$_$19,2.0,1.7881165742874146,0.3347768187522888,0.15021957457065582,0.5150035619735718,1.3389291763305664,1.2235947847366333,1.1841716766357422,0.6610708236694336,0.7764052152633667,0.8158283233642578,0.43901732563972473,0.29889461398124695,0.2620880901813507,vision,text,0,1.0,0.30000001192092896,0.6666666865348816
83,cXypl4FnoZo$_$1,1.0,-0.037262655794620514,0.22892341017723083,0.4197837710380554,0.35129278898239136,-0.1393917053937912,-0.09269487857818604,-0.12642818689346313,1.1393916606903076,1.092694878578186,1.1264281272888184,0.31127601861953735,0.3637023866176605,0.3250216543674469,audio,audio,1,0.7692307829856873,0.782608687877655,0.4444444477558136
521,tmZoasNr4rU$_$6,-1.7999999523162842,-1.4120166301727295,0.20691417157649994,0.2727314531803131,0.5203543305397034,-1.2687078714370728,-1.2423057556152344,-1.2741730213165283,0.5312920808792114,0.5576941967010498,0.5258269309997559,0.34081554412841797,0.3121033310890198,0.34708112478256226,vision,vision,1,0.75,0.6027397513389587,0.6896551847457886
97,cXypl4FnoZo$_$14,-0.6000000238418579,0.3335340619087219,0.17157141864299774,0.33521297574043274,0.49321553111076355,0.22184808552265167,0.3251059353351593,0.21092796325683594,0.8218480944633484,0.9251059293746948,0.8109279870986938,0.3641842007637024,0.2581309676170349,0.3776848316192627,vision,vision,1,0.5517241358757019,0.5945945978164673,0.5393258333206177
341,lXPQBPVc5Cw$_$28,0.800000011920929,1.3611103296279907,0.19763310253620148,0.2963135242462158,0.5060533881187439,1.0354700088500977,1.0769227743148804,0.9287394881248474,0.2354699969291687,0.2769227623939514,0.12873947620391846,0.303193598985672,0.26406511664390564,0.43274128437042236,vision,vision,1,0.7058823704719543,0.6153846383094788,0.6349206566810608
659,zhpQhgha_KU$_$28,1.399999976158142,1.7687238454818726,0.18412171304225922,0.29068809747695923,0.5251902341842651,1.3387001752853394,1.3354638814926147,1.2144062519073486,0.061299800872802734,0.06453609466552734,0.18559372425079346,0.377349317073822,0.3733004629611969,0.2493501752614975,vision,text,0,0.6363636255264282,0.5714285969734192,0.6176470518112183
112,d3_k5Xpfmik$_$1,2.0,2.307716131210327,0.23524747788906097,0.28434649109840393,0.4804060757160187,1.7905248403549194,1.730248212814331,1.5797687768936157,0.20947515964508057,0.26975178718566895,0.4202312231063843,0.4322807192802429,0.3535953164100647,0.21412393450737,vision,text,0,0.7599999904632568,0.5571428537368774,0.5714285969734192
168,dq3Nf_lMPnE$_$15,1.0,0.34645089507102966,0.1681869924068451,0.36367741227149963,0.4681355953216553,0.17522484064102173,0.29669204354286194,0.20031636953353882,0.8247751593589783,0.7033079862594604,0.7996836304664612,0.27883315086364746,0.418009489774704,0.30315738916397095,vision,audio,0,0.529411792755127,0.6271186470985413,0.5
26,c7UH_rxdZv4$_$16,-2.0,-0.6894155144691467,0.2663060426712036,0.336931973695755,0.396761953830719,-0.6302398443222046,-0.5578224658966064,-0.6207234263420105,1.3697601556777954,1.4421775341033936,1.3792765140533447,0.3630672097206116,0.285201758146286,0.3517310917377472,vision,text,0,0.800000011920929,0.6363636255264282,0.5
642,yvsjCA6Y5Fc$_$10,-2.0,0.8134561777114868,0.17237751185894012,0.35113731026649475,0.47648516297340393,0.5647760033607483,0.5579712986946106,0.4741790294647217,2.5647759437561035,2.557971239089966,2.4741790294647217,0.29625341296195984,0.30304986238479614,0.400696724653244,vision,vision,1,0.5714285969734192,0.6329113841056824,0.542553186416626
535,v0zCBqDeKcE$_$4,0.0,0.08498000353574753,0.2370862066745758,0.29077693819999695,0.47213682532310486,0.021881254389882088,0.12376439571380615,0.07519546896219254,0.021881254389882088,0.12376439571380615,0.07519546896219254,0.3922753930091858,0.27931877970695496,0.32840585708618164,vision,text,0,0.7647058963775635,0.5777778029441833,0.5714285969734192
549,vvZ4IcEtiZc$_$6,1.0,2.1506197452545166,0.17213435471057892,0.3517688512802124,0.4760967791080475,1.574607014656067,1.5646193027496338,1.4056825637817383,0.5746070146560669,0.5646193027496338,0.4056825637817383,0.26385724544525146,0.27278953790664673,0.4633532166481018,vision,vision,1,0.5,0.5633803009986877,0.46666666865348816
179,etzxEpPuc6I$_$11,-1.600000023841858,-0.7152757048606873,0.21133948862552643,0.3264293074607849,0.46223121881484985,-0.709881067276001,-0.6714109778404236,-0.7026609778404236,0.8901189565658569,0.9285890460014343,0.8973390460014343,0.35015618801116943,0.3080142140388489,0.3418296277523041,vision,text,0,0.7368420958518982,0.6666666865348816,0.5967742204666138
269,iiK8YX8oH1E$_$5,-0.4000000059604645,-1.1021562814712524,0.21413582563400269,0.3099704086780548,0.47589370608329773,-1.0354365110397339,-1.004264235496521,-1.0262038707733154,0.6354365348815918,0.6042642593383789,0.6262038946151733,0.31839510798454285,0.3532586991786957,0.3283461332321167,vision,audio,0,0.6857143044471741,0.5785123705863953,0.550000011920929
421,pLTX3ipuDJI$_$5,-2.0,-1.7099047899246216,0.16333472728729248,0.33958324790000916,0.49708208441734314,-1.658847451210022,-1.6543912887573242,-1.6255229711532593,0.341152548789978,0.3456087112426758,0.3744770288467407,0.34720757603645325,0.3420882821083069,0.31070414185523987,vision,text,0,0.6000000238418579,0.6818181872367859,0.6329113841056824
306,k5Y_838nuGo$_$20,0.4000000059604645,-0.42662742733955383,0.23297150433063507,0.29302191734313965,0.4740065634250641,-0.4102174639701843,-0.3605268895626068,-0.4135574996471405,0.8102174997329712,0.7605268955230713,0.813557505607605,0.3155498802661896,0.3723938763141632,0.31205618381500244,vision,audio,0,0.699999988079071,0.5263158082962036,0.523809552192688
330,k5Y_838nuGo$_$18,0.4000000059604645,1.7194567918777466,0.12742426991462708,0.2709904611110687,0.6015852093696594,1.3096555471420288,1.330917477607727,1.1924481391906738,0.9096555709838867,0.930917501449585,0.7924481630325317,0.2932910621166229,0.2732241153717041,0.4334847927093506,vision,vision,1,0.625,0.7058823704719543,0.8500000238418579
589,wMbj6ajWbic$_$7,-1.2000000476837158,0.22375543415546417,0.12653079628944397,0.4591851830482483,0.41428402066230774,-0.016523264348506927,0.055090270936489105,0.034835077822208405,1.1834768056869507,1.255090355873108,1.234835147857666,0.3801848590373993,0.29944947361946106,0.32036569714546204,audio,text,0,0.38461539149284363,0.7407407164573669,0.44117647409439087
109,d3_k5Xpfmik$_$16,2.0,2.4148995876312256,0.19863265752792358,0.4776867926120758,0.3236805498600006,1.5783249139785767,1.5062479972839355,1.3942502737045288,0.42167508602142334,0.49375200271606445,0.6057497262954712,0.4295838475227356,0.33783599734306335,0.23258014023303986,audio,text,0,0.6000000238418579,0.739130437374115,0.2857142984867096
487,tIrG4oNLFzE$_$8,-1.2000000476837158,-0.14934977889060974,0.15854986011981964,0.31063222885131836,0.5308179259300232,-0.19045527279376984,-0.1046738475561142,-0.13914628326892853,1.0095447301864624,1.0953261852264404,1.0608537197113037,0.385489284992218,0.28962165117263794,0.32488903403282166,vision,text,0,0.5400000214576721,0.5846154093742371,0.6111111044883728
38,cM3Yna7AavY$_$14,-2.5999999046325684,2.3026978969573975,0.21474914252758026,0.2260277271270752,0.5592230558395386,1.7857050895690918,1.7363802194595337,1.590981364250183,4.38570499420166,4.3363800048828125,4.190981388092041,0.24435055255889893,0.2880171835422516,0.4676322638988495,vision,vision,1,0.6666666865348816,0.3913043439388275,0.5925925970077515
202,f9O3YtZ2VfI$_$20,-0.4000000059604645,-0.12530377507209778,0.17313651740550995,0.31753864884376526,0.5093247890472412,-0.11831075698137283,-0.05039540305733681,-0.0941876620054245,0.28168925642967224,0.34960460662841797,0.30581235885620117,0.36762693524360657,0.2931499183177948,0.339223176240921,vision,text,0,0.5,0.5151515007019043,0.5128205418586731
237,f_pcplsH_V0$_$5,1.2000000476837158,0.07455923408269882,0.19414383172988892,0.3076808750629425,0.49817532300949097,0.0018201526254415512,0.10728740692138672,0.049320727586746216,1.198179841041565,1.092712640762329,1.150679349899292,0.2783315181732178,0.39558684825897217,0.32608166337013245,vision,audio,0,0.6842105388641357,0.6236559152603149,0.6160714030265808
241,f_pcplsH_V0$_$9,-2.4000000953674316,-1.2613400220870972,0.23184843361377716,0.3124823272228241,0.45566922426223755,-1.2277334928512573,-1.170851707458496,-1.218559980392456,1.1722666025161743,1.2291483879089355,1.1814401149749756,0.357504278421402,0.29575785994529724,0.3467378318309784,vision,text,0,0.6666666865348816,0.529411792755127,0.4761904776096344
644,yvsjCA6Y5Fc$_$12,-0.6000000238418579,-1.5381025075912476,0.1721346080303192,0.31399959325790405,0.5138658285140991,-1.3974167108535767,-1.3638089895248413,-1.3669123649597168,0.7974166870117188,0.7638089656829834,0.7669123411178589,0.3100225031375885,0.34677308797836304,0.34320440888404846,vision,audio,0,0.6190476417541504,0.6302521228790283,0.6408450603485107
492,tStelxIAHjw$_$15,0.4000000059604645,1.2473574876785278,0.190566286444664,0.3059730529785156,0.5034606456756592,0.9180497527122498,0.9536804556846619,0.8361612558364868,0.5180497169494629,0.553680419921875,0.43616124987602234,0.31231820583343506,0.2773425877094269,0.4103391766548157,vision,vision,1,0.6666666865348816,0.6111111044883728,0.609375
685,zhpQhgha_KU$_$32,0.800000011920929,0.5399903059005737,0.17937107384204865,0.28588947653770447,0.5347394943237305,0.4086276590824127,0.4813973307609558,0.37774768471717834,0.39137235283851624,0.31860268115997314,0.4222523272037506,0.31479185819625854,0.40120694041252136,0.2840012311935425,vision,audio,0,0.6000000238418579,0.5396825671195984,0.6052631735801697
660,zhpQhgha_KU$_$29,-1.2000000476837158,0.5196406841278076,0.1737392395734787,0.2988568842411041,0.5274038910865784,0.3398433327674866,0.43707311153411865,0.3407917618751526,1.5398433208465576,1.6370731592178345,1.5407917499542236,0.3676441013813019,0.26587235927581787,0.366483598947525,vision,text,0,0.6428571343421936,0.625,0.6666666865348816
189,etzxEpPuc6I$_$1,0.4000000059604645,-0.08471638709306717,0.20517610013484955,0.3355240225791931,0.4592999219894409,-0.12700825929641724,-0.06984284520149231,-0.11973200738430023,0.5270082950592041,0.4698428511619568,0.5197319984436035,0.3091699182987213,0.3740697503089905,0.31676027178764343,vision,audio,0,0.7037037014961243,0.6575342416763306,0.5632184147834778
612,yDtzw_Y-7RU$_$5,0.5,1.5360524654388428,0.15514712035655975,0.37555718421936035,0.4692957103252411,1.0625120401382446,1.115407109260559,0.9713218808174133,0.5625120401382446,0.6154071092605591,0.47132188081741333,0.3131285011768341,0.2625119388103485,0.4243595004081726,vision,vision,1,0.5263158082962036,0.6769230961799622,0.5384615659713745
365,nbWiPyCm4g0$_$3,-1.7999999523162842,-0.16877388954162598,0.20917664468288422,0.3637924790382385,0.42703092098236084,-0.16822122037410736,-0.08918708562850952,-0.16019128262996674,1.6317787170410156,1.7108128070831299,1.6398086547851562,0.36469900608062744,0.280234158039093,0.35506683588027954,vision,text,0,0.5833333134651184,0.5666666626930237,0.4000000059604645
457,rnaNMUZpvvg$_$6,-2.5999999046325684,-1.1989033222198486,0.1333775669336319,0.32728326320648193,0.5393391847610474,-1.1349531412124634,-1.13046133518219,-1.1412805318832397,1.465046763420105,1.4695385694503784,1.4587193727493286,0.33261775970458984,0.3276746869087219,0.3397076427936554,vision,vision,1,0.5,0.6666666865348816,0.6785714030265808
140,d6hH302o4v8$_$7,-2.799999952316284,-0.5463926792144775,0.1912565529346466,0.3477913737297058,0.46095210313796997,-0.5165755152702332,-0.4660162627696991,-0.5156739354133606,2.2834243774414062,2.3339836597442627,2.2843260765075684,0.35187670588493347,0.2973024547100067,0.35082077980041504,vision,text,0,0.6111111044883728,0.6216216087341309,0.5227272510528564
68,cW1FSBF59ik$_$14,-1.2000000476837158,-0.3977676331996918,0.16014041006565094,0.2762714922428131,0.5635881423950195,-0.36251017451286316,-0.32315945625305176,-0.3643724322319031,0.8374898433685303,0.8768405914306641,0.8356276154518127,0.3468253016471863,0.3041898012161255,0.3489849269390106,vision,vision,1,0.5652173757553101,0.5480769276618958,0.6607142686843872
50,cW1FSBF59ik$_$20,2.5,2.6733415126800537,0.17940066754817963,0.35430246591567993,0.46629688143730164,1.902416706085205,1.8757233619689941,1.7588802576065063,0.5975832939147949,0.6242766380310059,0.7411197423934937,0.39453867077827454,0.36094993352890015,0.2445114552974701,vision,text,0,0.6363636255264282,0.6842105388641357,0.5797101259231567
45,cM3Yna7AavY$_$7,3.0,2.340820074081421,0.16991953551769257,0.3137407898902893,0.5163397192955017,1.7772306203842163,1.712405800819397,1.5680559873580933,1.2227693796157837,1.287594199180603,1.4319440126419067,0.4340989589691162,0.34973999857902527,0.21616101264953613,vision,text,0,0.5555555820465088,0.5675675868988037,0.574999988079071
416,pLTX3ipuDJI$_$14,-2.0,-1.7799267768859863,0.28075072169303894,0.2664475739002228,0.4528017044067383,-1.65834379196167,-1.6519078016281128,-1.6529996395111084,0.3416562080383301,0.3480921983718872,0.3470003604888916,0.3377101421356201,0.33054232597351074,0.33174753189086914,vision,text,0,0.75,0.4375,0.4615384638309479
295,jUzDDGyPkXU$_$12,0.5,1.9168486595153809,0.1641990691423416,0.34658774733543396,0.4892132580280304,1.3865516185760498,1.3902301788330078,1.2724101543426514,0.8865516185760498,0.8902301788330078,0.7724101543426514,0.2897889316082001,0.286257266998291,0.4239538311958313,vision,vision,1,0.6000000238418579,0.6800000071525574,0.6000000238418579
255,fvVhgmXxadc$_$9,-0.4000000059604645,0.9325507283210754,0.21258540451526642,0.36597102880477905,0.42144355177879333,0.5905448794364929,0.6279407143592834,0.5260036587715149,0.9905449151992798,1.0279407501220703,0.9260036945343018,0.32022175192832947,0.2826928496360779,0.3970853090286255,vision,vision,1,0.8461538553237915,0.8181818127632141,0.625
59,cW1FSBF59ik$_$7,0.5,0.5871710777282715,0.13387911021709442,0.26549896597862244,0.6006218791007996,0.3684559762477875,0.4337724447250366,0.351026713848114,0.13154402375221252,0.06622755527496338,0.148973286151886,0.3137945532798767,0.3901221752166748,0.29608333110809326,vision,audio,0,0.6000000238418579,0.6470588445663452,0.800000011920929
104,d3_k5Xpfmik$_$13,2.200000047683716,2.3383233547210693,0.1857558935880661,0.4512108862400055,0.36303314566612244,1.5116487741470337,1.4566011428833008,1.3567949533462524,0.6883512735366821,0.743398904800415,0.8432050943374634,0.41166582703590393,0.3426535129547119,0.24568067491054535,audio,text,0,0.6666666865348816,0.8095238208770752,0.4399999976158142
36,cM3Yna7AavY$_$12,-1.0,-0.3016338348388672,0.24490685760974884,0.3530191481113434,0.4020739793777466,-0.285819947719574,-0.21879510581493378,-0.2908635139465332,0.714180052280426,0.781204879283905,0.7091364860534668,0.3550208806991577,0.28393930196762085,0.3610398769378662,vision,vision,1,0.7142857313156128,0.6086956262588501,0.4324324429035187
244,fvVhgmXxadc$_$10,0.0,0.7843583226203918,0.17137965559959412,0.2822950482368469,0.5463252663612366,0.5967647433280945,0.6731882691383362,0.5587047338485718,0.5967647433280945,0.6731882691383362,0.5587047338485718,0.34359779953956604,0.266327440738678,0.39007478952407837,vision,vision,1,0.625,0.5833333134651184,0.6610169410705566
604,yDtzw_Y-7RU$_$24,-0.800000011920929,-0.40515172481536865,0.22280354797840118,0.3293895721435547,0.4478068947792053,-0.3914933204650879,-0.3532111942768097,-0.41726720333099365,0.40850669145584106,0.44678881764411926,0.3827328085899353,0.33671045303344727,0.29637229442596436,0.3669172525405884,vision,vision,1,0.7777777910232544,0.6875,0.6000000238418579
383,nzpVDcQ0ywM$_$7,-1.0,-0.7645904421806335,0.2796464264392853,0.235493004322052,0.4848605990409851,-0.6915417313575745,-0.6096418499946594,-0.6674485802650452,0.30845826864242554,0.3903581500053406,0.33255141973495483,0.37258896231651306,0.2835748493671417,0.3438361883163452,vision,text,0,0.875,0.5,0.6296296119689941
451,rnaNMUZpvvg$_$1,-2.5999999046325684,-2.5698609352111816,0.15488585829734802,0.23414833843708038,0.6109657883644104,-2.3549721240997314,-2.4091076850891113,-2.3248047828674316,0.24502778053283691,0.19089221954345703,0.2751951217651367,0.3223631680011749,0.3861132264137268,0.29152360558509827,vision,audio,0,0.5833333134651184,0.5116279125213623,0.7647058963775635
195,etzxEpPuc6I$_$6,0.4000000059604645,0.7935729026794434,0.21137648820877075,0.24469062685966492,0.5439328551292419,0.6141497492790222,0.6726738810539246,0.5832273364067078,0.21414974331855774,0.2726738750934601,0.1832273304462433,0.34114059805870056,0.28067973256111145,0.3781796991825104,vision,vision,1,0.75,0.5277777910232544,0.6744186282157898
277,jUzDDGyPkXU$_$26,-2.0,-1.0207794904708862,0.2423066794872284,0.2883374094963074,0.46935588121414185,-1.022637963294983,-0.9872215390205383,-0.9969320893287659,0.9773620367050171,1.0127785205841064,1.003067970275879,0.35631197690963745,0.3166356682777405,0.32705235481262207,vision,text,0,0.800000011920929,0.6000000238418579,0.6000000238418579
340,lXPQBPVc5Cw$_$23,-2.4000000953674316,1.6883512735366821,0.18533627688884735,0.32354605197906494,0.4911176562309265,1.0862966775894165,0.9440917372703552,0.900964081287384,3.4862966537475586,3.3440918922424316,3.300964117050171,0.22415338456630707,0.36008739471435547,0.41575926542282104,vision,vision,1,0.5333333611488342,0.52173912525177,0.5
684,zhpQhgha_KU$_$33,-0.4000000059604645,0.7014703154563904,0.16937914490699768,0.3171246349811554,0.5134962201118469,0.5197123885154724,0.5931234955787659,0.49256783723831177,0.9197124242782593,0.9931235313415527,0.8925678730010986,0.34750720858573914,0.2720760405063629,0.3804166615009308,vision,vision,1,0.625,0.6470588445663452,0.6393442749977112
201,f9O3YtZ2VfI$_$27,1.600000023841858,1.4647778272628784,0.2231142520904541,0.38606786727905273,0.39081788063049316,0.9936382174491882,1.0391364097595215,0.9049065113067627,0.6063618063926697,0.5608636140823364,0.6950935125350952,0.3439117968082428,0.40023258328437805,0.255855530500412,vision,audio,0,0.7272727489471436,0.7083333134651184,0.4642857015132904
358,lXPQBPVc5Cw$_$17,-1.7999999523162842,-0.08801156282424927,0.16901206970214844,0.2821282744407654,0.548859715461731,-0.09108906984329224,-0.01675458997488022,-0.056154392659664154,1.7089109420776367,1.783245325088501,1.7438455820083618,0.374446839094162,0.29226723313331604,0.33328598737716675,vision,text,0,0.6000000238418579,0.5652173757553101,0.650602400302887
238,f_pcplsH_V0$_$4,0.5,1.48200261592865,0.18350940942764282,0.3497861325740814,0.46670448780059814,1.098533272743225,1.1104226112365723,0.9780130982398987,0.5985332727432251,0.6104226112365723,0.4780130982398987,0.28938889503479004,0.2781444191932678,0.4324667453765869,vision,vision,1,0.6666666865348816,0.6933333277702332,0.5888888835906982
153,d6hH302o4v8$_$16,-2.0,0.9824181199073792,0.25359052419662476,0.23053252696990967,0.5158770084381104,0.7320359349250793,0.784099817276001,0.6861602663993835,2.7320358753204346,2.784099817276001,2.6861603260040283,0.3326781690120697,0.279675155878067,0.3876466751098633,vision,vision,1,0.6666666865348816,0.3333333432674408,0.5
676,zhpQhgha_KU$_$17,1.75,2.47776460647583,0.19127099215984344,0.31014108657836914,0.49858784675598145,1.8342429399490356,1.7825226783752441,1.67227303981781,0.08424293994903564,0.03252267837524414,0.07772696018218994,0.3115156590938568,0.3701285719871521,0.3183557987213135,vision,audio,0,0.692307710647583,0.6388888955116272,0.6285714507102966
257,iiK8YX8oH1E$_$11,1.0,-0.4445539116859436,0.2290487438440323,0.2754785120487213,0.49547266960144043,-0.38070356845855713,-0.32224470376968384,-0.37886637449264526,1.3807035684585571,1.322244644165039,1.37886643409729,0.3104349672794342,0.37722325325012207,0.31234171986579895,vision,audio,0,0.7692307829856873,0.5696202516555786,0.6170212626457214
485,tIrG4oNLFzE$_$6,1.25,0.7971001267433167,0.1987924426794052,0.27254095673561096,0.5286665558815002,0.5985482335090637,0.6816629767417908,0.5735986828804016,0.6514517664909363,0.5683370232582092,0.6764013171195984,0.3086962401866913,0.40724170207977295,0.2840620279312134,vision,audio,0,0.6153846383094788,0.4838709533214569,0.5675675868988037
233,f_pcplsH_V0$_$14,-1.0,-0.1676151603460312,0.15249700844287872,0.30647584795951843,0.5410271883010864,-0.15011708438396454,-0.1089995801448822,-0.16233417391777039,0.8498829007148743,0.8910003900527954,0.8376657962799072,0.3432317078113556,0.2992703914642334,0.3574979305267334,vision,vision,1,0.5666666626930237,0.6236559152603149,0.6607142686843872
503,tStelxIAHjw$_$8,-2.0,2.2747957706451416,0.093977190554142,0.2962602972984314,0.6097625494003296,1.7090564966201782,1.6224322319030762,1.550999641418457,3.7090563774108887,3.622432231903076,3.550999641418457,0.24824045598506927,0.33133989572525024,0.4204196631908417,vision,vision,1,0.4444444477558136,0.7272727489471436,0.8461538553237915
404,ob23OKe5a9Q$_$2,1.0,1.0922490358352661,0.13379700481891632,0.45131105184555054,0.41489192843437195,0.5856813192367554,0.6108683943748474,0.5491604208946228,0.41431868076324463,0.3891316056251526,0.4508395791053772,0.33636465668678284,0.3658241927623749,0.2978111803531647,audio,audio,1,0.4285714328289032,0.75,0.4736842215061188
326,k5Y_838nuGo$_$14,-1.7999999523162842,0.2843383550643921,0.12874579429626465,0.34178704023361206,0.5294671654701233,0.09065034985542297,0.18409235775470734,0.12158768624067307,1.8906502723693848,1.984092354774475,1.921587586402893,0.37959563732147217,0.27800339460372925,0.3424009680747986,vision,text,0,0.4736842215061188,0.6734693646430969,0.6499999761581421
564,vyB00TXsimI$_$11,-0.20000000298023224,0.5775803923606873,0.14734163880348206,0.306551069021225,0.5461072325706482,0.3809366822242737,0.46413537859916687,0.3664206862449646,0.5809366703033447,0.6641353964805603,0.5664206743240356,0.3562037944793701,0.2699330747127533,0.3738631308078766,vision,vision,1,0.46666666865348816,0.5405405163764954,0.5777778029441833
662,zhpQhgha_KU$_$3,-1.600000023841858,-0.4390717148780823,0.18457567691802979,0.30903637409210205,0.5063879489898682,-0.4373408555984497,-0.39960888028144836,-0.43690764904022217,1.1626591682434082,1.200391173362732,1.1630923748016357,0.3471773862838745,0.30614617466926575,0.34667646884918213,vision,text,0,0.6000000238418579,0.568965494632721,0.5714285969734192
161,d6hH302o4v8$_$34,-3.0,1.4560186862945557,0.16200268268585205,0.3300321102142334,0.5079652070999146,0.9779501557350159,1.0294053554534912,0.9255654811859131,3.977950096130371,4.02940559387207,3.925565481185913,0.3296877145767212,0.2777239680290222,0.39258837699890137,vision,vision,1,0.6000000238418579,0.6666666865348816,0.6363636255264282
542,vvZ4IcEtiZc$_$12,0.20000000298023224,1.696924090385437,0.17902350425720215,0.2842892110347748,0.5366872549057007,1.377163052558899,1.355018973350525,1.204811930656433,1.177163004875183,1.155018925666809,1.0048118829727173,0.2595478296279907,0.2794307470321655,0.46102145314216614,vision,vision,1,0.6666666865348816,0.6000000238418579,0.6707317233085632
673,zhpQhgha_KU$_$12,-1.399999976158142,0.4448769986629486,0.11898254603147507,0.35119155049324036,0.5298258662223816,0.2716076970100403,0.38730183243751526,0.2733020782470703,1.6716077327728271,1.787301778793335,1.6733020544052124,0.3739185631275177,0.254268616437912,0.3718127906322479,vision,text,0,0.3684210479259491,0.6200000047683716,0.5769230723381042
443,phBUpBr1hSo$_$7,-1.0,-0.7660231590270996,0.15649710595607758,0.3209443986415863,0.5225585103034973,-0.7323865294456482,-0.7098195552825928,-0.7374817728996277,0.2676134705543518,0.2901804447174072,0.2625182271003723,0.3395971655845642,0.3149887025356293,0.3454141318798065,vision,vision,1,0.5,0.5666666626930237,0.5625
248,fvVhgmXxadc$_$1,-0.4000000059604645,1.0929572582244873,0.17741571366786957,0.3149019181728363,0.5076823830604553,0.8297935128211975,0.8431345820426941,0.7112091183662415,1.2297935485839844,1.243134617805481,1.1112091541290283,0.29058730602264404,0.2779480516910553,0.43146467208862305,vision,vision,1,0.6499999761581421,0.6346153616905212,0.6136363744735718
387,nzpVDcQ0ywM$_$11,0.0,1.1839035749435425,0.18494798243045807,0.24165362119674683,0.5733984112739563,0.9657408595085144,0.9839527606964111,0.8530385494232178,0.9657408595085144,0.9839527606964111,0.8530385494232178,0.2943711280822754,0.2770325243473053,0.4285963773727417,vision,vision,1,0.692307710647583,0.529411792755127,0.707317054271698
429,phBUpBr1hSo$_$13,0.800000011920929,2.6783626079559326,0.23572339117527008,0.3924995958805084,0.3717770576477051,1.9433664083480835,1.8653831481933594,1.7286419868469238,1.1433663368225098,1.0653831958770752,0.9286419749259949,0.23027822375297546,0.2986379861831665,0.4710838198661804,audio,vision,0,0.7272727489471436,0.6842105388641357,0.40909090638160706
114,d3_k5Xpfmik$_$2,0.0,0.9797675013542175,0.1452426016330719,0.30454108119010925,0.5502162575721741,0.579565167427063,0.5286434292793274,0.4980472922325134,0.579565167427063,0.5286434292793274,0.4980472922325134,0.28594115376472473,0.33883899450302124,0.3752198815345764,vision,vision,1,0.5,0.5714285969734192,0.6176470518112183
625,yDtzw_Y-7RU$_$16,0.6000000238418579,0.3290713131427765,0.18916374444961548,0.2905365824699402,0.5202997326850891,0.24519796669483185,0.3369627892971039,0.23280450701713562,0.35480207204818726,0.26303723454475403,0.3671955168247223,0.3014450967311859,0.40930914878845215,0.28924575448036194,vision,audio,0,0.5882353186607361,0.5116279125213623,0.553398072719574
470,tIrG4oNLFzE$_$11,-1.600000023841858,-0.34233975410461426,0.19475556910037994,0.2994195520877838,0.505824863910675,-0.3241671025753021,-0.2745518982410431,-0.31530654430389404,1.2758328914642334,1.3254481554031372,1.2846934795379639,0.3548031151294708,0.3007197380065918,0.3444771468639374,vision,text,0,0.65625,0.5789473652839661,0.595588207244873
210,f9O3YtZ2VfI$_$2,1.25,3.0704843997955322,0.189279243350029,0.4563050866127014,0.3544156551361084,1.8987466096878052,1.6589479446411133,1.617667317390442,0.6487466096878052,0.4089479446411133,0.3676673173904419,0.17312465608119965,0.38503754138946533,0.4418378174304962,audio,vision,0,0.5714285969734192,0.7307692170143127,0.3870967626571655
184,etzxEpPuc6I$_$14,-1.2000000476837158,-1.5131183862686157,0.17110460996627808,0.2728767395019531,0.5560186505317688,-1.4263908863067627,-1.417815923690796,-1.4040745496749878,0.22639083862304688,0.21781587600708008,0.20407450199127197,0.32193470001220703,0.33126935362815857,0.3467959463596344,vision,vision,1,0.6399999856948853,0.5866666436195374,0.699999988079071
570,vyB00TXsimI$_$17,1.399999976158142,-1.4060403108596802,0.13720358908176422,0.3237416446208954,0.5390547513961792,-1.3127137422561646,-1.2891935110092163,-1.307083010673523,2.7127137184143066,2.6891934871673584,2.707082986831665,0.3225283622741699,0.3488324284553528,0.3286391794681549,vision,audio,0,0.4736842215061188,0.6170212626457214,0.6315789222717285
324,k5Y_838nuGo$_$12,0.20000000298023224,0.4612841308116913,0.19588318467140198,0.2712019681930542,0.5329148173332214,0.3204701840877533,0.4230876863002777,0.3161839544773102,0.12047018110752106,0.22308768332004547,0.11618395149707794,0.3670133054256439,0.2606920599937439,0.3722946345806122,vision,vision,1,0.6842105388641357,0.5555555820465088,0.6481481194496155
76,cXypl4FnoZo$_$27,0.800000011920929,0.8970648050308228,0.21859712898731232,0.284044086933136,0.49735888838768005,0.5914016366004944,0.5448533296585083,0.5002565383911133,0.20859837532043457,0.25514668226242065,0.2997434735298157,0.3854644298553467,0.33006441593170166,0.28447115421295166,vision,text,0,0.7142857313156128,0.550000011920929,0.5833333134651184
156,d6hH302o4v8$_$31,-1.399999976158142,-1.0734935998916626,0.18438126146793365,0.3841250538825989,0.43149369955062866,-1.0281474590301514,-1.0126858949661255,-1.041192650794983,0.3718525171279907,0.3873140811920166,0.3588073253631592,0.3339778780937195,0.317201167345047,0.3488209545612335,vision,vision,1,0.6470588445663452,0.7272727489471436,0.5471698045730591
541,vvZ4IcEtiZc$_$10,-2.0,-0.13503417372703552,0.16804029047489166,0.47733941674232483,0.3546202778816223,-0.2646538317203522,-0.22602497041225433,-0.2767864167690277,1.7353461980819702,1.7739750146865845,1.72321355342865,0.3424125015735626,0.3010431230068207,0.3565443754196167,audio,vision,0,0.6000000238418579,0.8333333134651184,0.4385964870452881
575,wMbj6ajWbic$_$25,2.0,1.0256867408752441,0.2203754335641861,0.29882264137268066,0.48080188035964966,0.7676604986190796,0.8237231373786926,0.7265695333480835,1.2323395013809204,1.1762769222259521,1.2734304666519165,0.3249419033527374,0.3917098939418793,0.2833481431007385,vision,audio,0,0.75,0.6086956262588501,0.5925925970077515
98,cXypl4FnoZo$_$17,-0.6000000238418579,-0.6005992293357849,0.1833713799715042,0.30592796206474304,0.5107007026672363,-0.5548933148384094,-0.5182816982269287,-0.580798864364624,0.045106709003448486,0.0817183256149292,0.019201159477233887,0.33610013127326965,0.29748696088790894,0.3664129376411438,vision,vision,1,0.6153846383094788,0.5862069129943848,0.6000000238418579
7,c7UH_rxdZv4$_$23,-0.6000000238418579,0.9810006618499756,0.13538657128810883,0.3621475398540497,0.5024659037590027,0.6708999276161194,0.74660724401474,0.6196984648704529,1.270900011062622,1.3466072082519531,1.219698429107666,0.33748793601989746,0.26221704483032227,0.4002949893474579,vision,vision,1,0.5,0.699999988079071,0.6111111044883728
543,vvZ4IcEtiZc$_$1,2.0,2.9331107139587402,0.258388489484787,0.26717138290405273,0.4744401276111603,2.236459732055664,2.1486093997955322,1.995776653289795,0.23645973205566406,0.14860939979553223,0.004223346710205078,0.22178325057029724,0.2972385883331299,0.4809781610965729,vision,vision,1,0.75,0.4736842215061188,0.52173912525177
329,k5Y_838nuGo$_$19,-0.6000000238418579,1.6008985042572021,0.1356545239686966,0.35931330919265747,0.5050321817398071,1.157912015914917,1.1890157461166382,1.0403087139129639,1.757912039756775,1.789015769958496,1.6403087377548218,0.29572951793670654,0.2666044533252716,0.4376659691333771,vision,vision,1,0.5789473652839661,0.7714285850524902,0.6904761791229248
294,jUzDDGyPkXU$_$13,-0.6000000238418579,-0.671211302280426,0.14072467386722565,0.2892022430896759,0.5700730681419373,-0.6038683652877808,-0.5510950088500977,-0.6170297265052795,0.0038683414459228516,0.048905014991760254,0.01702970266342163,0.35490190982818604,0.3054295778274536,0.33966851234436035,vision,text,0,0.5333333611488342,0.6078431606292725,0.7049180269241333
504,tmZoasNr4rU$_$11,-0.6000000238418579,0.8518175482749939,0.2469320446252823,0.27339497208595276,0.47967302799224854,0.6168593764305115,0.69718337059021,0.5904198288917542,1.2168593406677246,1.2971833944320679,1.1904199123382568,0.34998899698257446,0.2677770256996155,0.38223400712013245,vision,vision,1,0.8999999761581421,0.6578947305679321,0.6888889074325562
414,pLTX3ipuDJI$_$12,-2.0,-0.8117885589599609,0.1916327327489853,0.3264541029930115,0.48191314935684204,-0.8061131238937378,-0.7692315578460693,-0.7912643551826477,1.1938868761062622,1.2307684421539307,1.208735704421997,0.3526059687137604,0.3118157684803009,0.33557817339897156,vision,text,0,0.6944444179534912,0.6704545617103577,0.6206896305084229
78,cXypl4FnoZo$_$21,-0.6000000238418579,0.36697646975517273,0.17655250430107117,0.2753676474094391,0.5480798482894897,0.2629963159561157,0.3603239953517914,0.248363196849823,0.8629963397979736,0.9603240489959717,0.8483632206916809,0.3606295585632324,0.26071441173553467,0.3786560595035553,vision,vision,1,0.6666666865348816,0.5967742204666138,0.6891891956329346
567,vyB00TXsimI$_$12,0.20000000298023224,0.734390139579773,0.24446511268615723,0.17966921627521515,0.5758656859397888,0.6119529604911804,0.6833452582359314,0.5657998919487,0.4119529724121094,0.48334527015686035,0.3657999038696289,0.33846315741539,0.2667843997478485,0.3947524428367615,vision,vision,1,0.8999999761581421,0.4516128897666931,0.7837837934494019
191,etzxEpPuc6I$_$2,1.2000000476837158,0.4212228059768677,0.17791256308555603,0.39615383744239807,0.4259335994720459,0.18668143451213837,0.2852281332015991,0.20029065012931824,1.013318657875061,0.9147719144821167,0.9997093677520752,0.29109734296798706,0.40429577231407166,0.3046068847179413,vision,audio,0,0.6315789222717285,0.739130437374115,0.5272727012634277
597,wMbj6ajWbic$_$15,2.0,-0.8467042446136475,0.16283956170082092,0.2972051203250885,0.5399553179740906,-0.8105224370956421,-0.7734066843986511,-0.8064870238304138,2.8105225563049316,2.773406744003296,2.8064870834350586,0.31794071197509766,0.3598129153251648,0.32224640250205994,vision,audio,0,0.529411792755127,0.54347825050354,0.6000000238418579
409,ob23OKe5a9Q$_$9,-1.399999976158142,-1.8800785541534424,0.19824956357479095,0.2585008144378662,0.5432496070861816,-1.7719396352767944,-1.7517610788345337,-1.703954815864563,0.37193965911865234,0.3517611026763916,0.3039548397064209,0.3008492887020111,0.3217810094356537,0.3773697316646576,vision,vision,1,0.7400000095367432,0.5860927104949951,0.7215189933776855
670,zhpQhgha_KU$_$11,-2.4000000953674316,2.1829333305358887,0.19353394210338593,0.2827777862548828,0.5236883163452148,1.6471613645553589,1.618273377418518,1.4995319843292236,4.04716157913208,4.01827335357666,3.8995320796966553,0.2676067650318146,0.29465702176094055,0.4377362132072449,vision,vision,1,0.6666666865348816,0.5625,0.625
96,cXypl4FnoZo$_$15,0.0,0.7567905783653259,0.1988498866558075,0.3361835479736328,0.4649665653705597,0.5657237768173218,0.6188064217567444,0.4843457341194153,0.5657237768173218,0.6188064217567444,0.4843457341194153,0.3175162971019745,0.2660241723060608,0.41645950078964233,vision,vision,1,0.6666666865348816,0.6352941393852234,0.5490196347236633
619,yDtzw_Y-7RU$_$10,-0.6000000238418579,0.4746206998825073,0.27685606479644775,0.3369342088699341,0.3862096965312958,0.23927901685237885,0.3413175046443939,0.24861392378807068,0.839279055595398,0.9413175582885742,0.848613977432251,0.37298935651779175,0.2654486894607544,0.36156198382377625,vision,text,0,0.8888888955116272,0.695652186870575,0.5185185074806213
263,iiK8YX8oH1E$_$17,1.600000023841858,2.0022687911987305,0.2032010555267334,0.22014008462429047,0.5766588449478149,1.5913282632827759,1.472795009613037,1.3752297163009644,0.008671760559082031,0.1272050142288208,0.22477030754089355,0.46292057633399963,0.31182584166526794,0.2252536565065384,vision,text,0,0.7333333492279053,0.47999998927116394,0.7241379022598267
247,fvVhgmXxadc$_$14,0.0,0.5429037809371948,0.22612033784389496,0.3770428001880646,0.3968368470668793,0.31524282693862915,0.3937150239944458,0.28104114532470703,0.31524282693862915,0.3937150239944458,0.28104114532470703,0.34594929218292236,0.2663252055644989,0.3877255320549011,vision,vision,1,0.7368420958518982,0.698113203048706,0.4761904776096344
84,cXypl4FnoZo$_$3,1.7999999523162842,1.8473700284957886,0.15728406608104706,0.2037888616323471,0.6389270424842834,1.3939104080200195,1.3608449697494507,1.302430510520935,0.40608954429626465,0.4391549825668335,0.4975694417953491,0.3798220753669739,0.3401833772659302,0.27999451756477356,vision,text,0,0.7142857313156128,0.5454545617103577,0.8571428656578064
618,yDtzw_Y-7RU$_$11,-1.399999976158142,2.0252790451049805,0.10201837867498398,0.3790993392467499,0.5188822746276855,1.4043822288513184,1.3858946561813354,1.2891756296157837,2.80438232421875,2.7858946323394775,2.689175605773926,0.2831464409828186,0.3011443614959717,0.4157092273235321,vision,vision,1,0.4375,0.7941176295280457,0.6904761791229248
185,etzxEpPuc6I$_$17,-0.4000000059604645,0.4238942563533783,0.1969492882490158,0.3830236494541168,0.4200270473957062,0.19470559060573578,0.3038451373577118,0.21698158979415894,0.5947055816650391,0.7038451433181763,0.6169816255569458,0.38117489218711853,0.2649284601211548,0.3538966476917267,vision,text,0,0.6875,0.7291666865348816,0.5263158082962036
393,nzpVDcQ0ywM$_$17,1.600000023841858,0.793628454208374,0.21031738817691803,0.21553248167037964,0.5741500854492188,0.45491474866867065,0.3763340413570404,0.3610265254974365,1.145085334777832,1.2236659526824951,1.2389734983444214,0.3998657166957855,0.30772092938423157,0.2924133241176605,vision,text,0,0.75,0.47826087474823,0.7407407164573669
70,cW1FSBF59ik$_$16,3.0,0.320456326007843,0.13742366433143616,0.3005027770996094,0.5620735883712769,0.12098667770624161,0.24442178010940552,0.16502001881599426,2.8790132999420166,2.7555782794952393,2.834980010986328,0.2726950943470001,0.4114978313446045,0.3158071041107178,vision,audio,0,0.5,0.6029411554336548,0.6707317233085632
192,etzxEpPuc6I$_$5,0.0,1.5790541172027588,0.1468500941991806,0.28934651613235474,0.5638033747673035,1.2029430866241455,1.243597149848938,1.1093578338623047,1.2029430866241455,1.243597149848938,1.1093578338623047,0.3087035119533539,0.269580602645874,0.4217159152030945,vision,vision,1,0.47826087474823,0.523809552192688,0.6052631735801697
342,lXPQBPVc5Cw$_$29,-1.2000000476837158,0.19699756801128387,0.17870479822158813,0.3392561078071594,0.48203912377357483,0.10542044788599014,0.19124697148799896,0.12212645262479782,1.3054205179214478,1.391247034072876,1.3221265077590942,0.37077805399894714,0.27852705121040344,0.3506948947906494,vision,text,0,0.6451612710952759,0.6714285612106323,0.6000000238418579
598,wMbj6ajWbic$_$14,-0.800000011920929,0.942750871181488,0.1600663661956787,0.2965089678764343,0.5434247255325317,0.6625999212265015,0.7244372963905334,0.6303356289863586,1.4625999927520752,1.5244373083114624,1.4303356409072876,0.3416144847869873,0.277982622385025,0.38040295243263245,vision,vision,1,0.5625,0.5757575631141663,0.625
456,rnaNMUZpvvg$_$7,-0.4000000059604645,1.2188855409622192,0.2254573553800583,0.2384706437587738,0.5360719561576843,0.892741858959198,0.9594038724899292,0.874914824962616,1.2927418947219849,1.3594038486480713,1.2749148607254028,0.3494091331958771,0.2797893285751343,0.37080153822898865,vision,vision,1,0.7777777910232544,0.517241358757019,0.6764705777168274
22,c7UH_rxdZv4$_$12,-2.799999952316284,-0.8921040892601013,0.25849026441574097,0.3131117820739746,0.42839789390563965,-0.7956936359405518,-0.7765533924102783,-0.828227162361145,2.0043063163757324,2.023446559906006,1.9717727899551392,0.32757505774497986,0.3073282539844513,0.36509668827056885,vision,vision,1,0.6428571343421936,0.4545454680919647,0.375
641,yvsjCA6Y5Fc$_$11,2.0,0.7579259276390076,0.15114250779151917,0.29139071702957153,0.5574668049812317,0.5396975874900818,0.5598530173301697,0.4767194986343384,1.4603023529052734,1.4401469230651855,1.5232805013656616,0.34720578789711,0.3713342249393463,0.2814600467681885,vision,audio,0,0.529411792755127,0.5609756112098694,0.6326530575752258
389,nzpVDcQ0ywM$_$13,-1.0,-0.6921113729476929,0.22210747003555298,0.28211158514022827,0.49578097462654114,-0.6055379509925842,-0.5554397702217102,-0.606805682182312,0.39446204900741577,0.4445602297782898,0.393194317817688,0.35082313418388367,0.29686814546585083,0.3523087203502655,vision,vision,1,0.7058823704719543,0.5357142686843872,0.5735294222831726
423,pLTX3ipuDJI$_$7,0.800000011920929,-1.5156164169311523,0.2068098783493042,0.2268371880054474,0.566352903842926,-1.3660763502120972,-1.368135690689087,-1.3507931232452393,2.166076421737671,2.168135643005371,2.1507930755615234,0.32836151123046875,0.32611533999443054,0.3455231487751007,vision,vision,1,0.7142857313156128,0.4761904776096344,0.699999988079071
293,jUzDDGyPkXU$_$10,2.4000000953674316,1.6538095474243164,0.1632273942232132,0.3400768041610718,0.496695876121521,1.1979328393936157,1.2014548778533936,1.095228672027588,1.202067255973816,1.198545217514038,1.3047714233398438,0.36738890409469604,0.3717275857925415,0.26088348031044006,vision,audio,0,0.523809552192688,0.5932203531265259,0.5283018946647644
127,d6hH302o4v8$_$20,1.0,0.18418385088443756,0.17786893248558044,0.334561288356781,0.4875697195529938,0.035545267164707184,0.14070235192775726,0.09407194703817368,0.964454710483551,0.8592976331710815,0.9059280753135681,0.2750857472419739,0.3905697762966156,0.3343444764614105,vision,audio,0,0.5714285969734192,0.6000000238418579,0.550000011920929
534,v0zCBqDeKcE$_$5,2.0,2.4389219284057617,0.17962978780269623,0.2841898500919342,0.536180317401886,1.8450918197631836,1.789474606513977,1.6476101875305176,0.1549081802368164,0.21052539348602295,0.3523898124694824,0.4257992208003998,0.3537452816963196,0.22045549750328064,vision,text,0,0.6666666865348816,0.6000000238418579,0.6666666865348816
631,yvsjCA6Y5Fc$_$23,-1.2000000476837158,-0.1885666400194168,0.19925107061862946,0.28882932662963867,0.5119196176528931,-0.16373349726200104,-0.07015331089496613,-0.09632648527622223,1.036266565322876,1.1298466920852661,1.1036735773086548,0.3951329290866852,0.28924915194511414,0.3156178891658783,vision,text,0,0.7400000095367432,0.6315789222717285,0.6763284802436829
362,lXPQBPVc5Cw$_$30,-2.0,0.4411630928516388,0.1324508786201477,0.3667779266834259,0.5007712244987488,0.2631586790084839,0.32847246527671814,0.23820269107818604,2.2631587982177734,2.328472375869751,2.2382025718688965,0.34588876366615295,0.2782180905342102,0.37589311599731445,vision,vision,1,0.4285714328289032,0.6461538672447205,0.5555555820465088
285,jUzDDGyPkXU$_$2,2.5999999046325684,2.8727359771728516,0.2849586308002472,0.3667528033256531,0.34828856587409973,2.104475736618042,2.017604351043701,1.884636402130127,0.49552416801452637,0.5823955535888672,0.7153635025024414,0.4486021101474762,0.33581653237342834,0.21558138728141785,audio,text,0,0.8888888955116272,0.7200000286102295,0.4516128897666931
280,jUzDDGyPkXU$_$21,-1.0,0.357477068901062,0.30450406670570374,0.25467145442962646,0.4408245086669922,0.24184603989124298,0.3038102090358734,0.2303524613380432,1.2418460845947266,1.3038102388381958,1.2303524017333984,0.35057660937309265,0.2851547300815582,0.3642686605453491,vision,vision,1,0.875,0.48571428656578064,0.5
317,k5Y_838nuGo$_$7,-2.4000000953674316,0.5576512813568115,0.15905949473381042,0.384429931640625,0.4565105140209198,0.115013487637043,0.1459028273820877,0.10142896324396133,2.5150136947631836,2.545902967453003,2.5014290809631348,0.33915743231773376,0.30597424507141113,0.3548682928085327,vision,vision,1,0.5,0.6666666865348816,0.5454545617103577
171,dq3Nf_lMPnE$_$3,-1.2000000476837158,1.5777826309204102,0.19294211268424988,0.23750999569892883,0.5695478916168213,1.118690013885498,1.1219550371170044,1.0440469980239868,2.318690061569214,2.3219552040100098,2.244047164916992,0.30565395951271057,0.3023453652858734,0.39200061559677124,vision,vision,1,0.7142857313156128,0.52173912525177,0.7037037014961243
256,fvVhgmXxadc$_$8,-0.5,-1.461893081665039,0.20707005262374878,0.3529523015022278,0.43997761607170105,-1.3956269025802612,-1.3860931396484375,-1.3894529342651367,0.8956269025802612,0.8860931396484375,0.8894529342651367,0.32753780484199524,0.33811384439468384,0.3343483507633209,vision,audio,0,0.7142857313156128,0.699999988079071,0.5833333134651184
193,etzxEpPuc6I$_$4,0.800000011920929,0.9385401606559753,0.16573505103588104,0.26710668206214905,0.5671582221984863,0.7291231751441956,0.7908416390419006,0.6852092146873474,0.0708768367767334,0.00915837287902832,0.11479079723358154,0.3233892321586609,0.39725759625434875,0.27935320138931274,vision,audio,0,0.5454545617103577,0.49056604504585266,0.6129032373428345
66,cW1FSBF59ik$_$12,2.200000047683716,-1.0714848041534424,0.18795627355575562,0.2648012638092041,0.5472425222396851,-1.0071173906326294,-0.9910711646080017,-1.0023386478424072,3.2071175575256348,3.1910712718963623,3.202338695526123,0.3256267309188843,0.3435179889202118,0.33085522055625916,vision,audio,0,0.6399999856948853,0.5277777910232544,0.6511628031730652
266,iiK8YX8oH1E$_$1,-2.5999999046325684,-0.729145884513855,0.24596254527568817,0.3009306788444519,0.45310673117637634,-0.6901032328605652,-0.6699149012565613,-0.712303102016449,1.9098966121673584,1.9300849437713623,1.8876967430114746,0.33203554153442383,0.3104265630245209,0.3575379252433777,vision,vision,1,0.75,0.5641025900840759,0.52173912525177
339,lXPQBPVc5Cw$_$22,2.5999999046325684,2.506122589111328,0.188669815659523,0.24348998069763184,0.5678402185440063,1.9671295881271362,1.883660912513733,1.7316882610321045,0.6328703165054321,0.7163389921188354,0.8683116436004639,0.4518074095249176,0.3420739769935608,0.20611858367919922,vision,text,0,0.692307710647583,0.5263158082962036,0.7111111283302307
143,d6hH302o4v8$_$8,-2.200000047683716,-0.792583703994751,0.21450302004814148,0.27479681372642517,0.5107001662254333,-0.7546764612197876,-0.6914287805557251,-0.7578529119491577,1.4453235864639282,1.5085712671279907,1.442147135734558,0.35453957319259644,0.28714707493782043,0.3583134114742279,vision,vision,1,0.8333333134651184,0.6666666865348816,0.7272727489471436
473,tIrG4oNLFzE$_$12,-2.5999999046325684,-0.9022855162620544,0.19315040111541748,0.3417387902736664,0.4651108384132385,-0.8332976698875427,-0.7976953983306885,-0.8350884914398193,1.7667021751403809,1.8023045063018799,1.764911413192749,0.34553247690200806,0.3068663775920868,0.34760111570358276,vision,vision,1,0.6666666865348816,0.6666666865348816,0.59375
328,k5Y_838nuGo$_$16,0.25,0.11193782091140747,0.17707817256450653,0.2570020258426666,0.565919816493988,0.00967877171933651,0.09151041507720947,0.06459856778383255,0.24032123386859894,0.15848958492279053,0.18540143966674805,0.2845359742641449,0.3737666606903076,0.3416973948478699,vision,audio,0,0.625,0.5263158082962036,0.6818181872367859
388,nzpVDcQ0ywM$_$10,-1.0,-0.8107375502586365,0.1988091617822647,0.31043294072151184,0.49075794219970703,-0.7618027329444885,-0.7275326251983643,-0.7655534744262695,0.23819726705551147,0.27246737480163574,0.23444652557373047,0.34427785873413086,0.3071129024028778,0.3486092686653137,vision,vision,1,0.6666666865348816,0.6000000238418579,0.5833333134651184
671,zhpQhgha_KU$_$10,0.6000000238418579,0.6299096941947937,0.1663549840450287,0.31542009115219116,0.5182248950004578,0.47639986872673035,0.5514455437660217,0.4586828351020813,0.12360015511512756,0.04855448007583618,0.1413171887397766,0.30989745259284973,0.3979767858982086,0.2921258211135864,vision,audio,0,0.5882353186607361,0.6138613820075989,0.6111111044883728
315,k5Y_838nuGo$_$5,-1.3333333730697632,-1.5136147737503052,0.30536115169525146,0.32239335775375366,0.3722454607486725,-1.4361838102340698,-1.429742693901062,-1.4445796012878418,0.10285043716430664,0.09640932083129883,0.11124622821807861,0.3339896500110626,0.3412380814552307,0.3247722089290619,vision,audio,0,0.8181818127632141,0.5625,0.4000000059604645
79,cXypl4FnoZo$_$22,0.20000000298023224,-0.6297637820243835,0.1700613796710968,0.3142738342285156,0.51566481590271,-0.6214761137962341,-0.574207603931427,-0.6109420657157898,0.8214761018753052,0.774207592010498,0.8109420537948608,0.31187719106674194,0.3650999665260315,0.3230228126049042,vision,audio,0,0.6000000238418579,0.6132075190544128,0.6122449040412903
448,rnaNMUZpvvg$_$20,0.800000011920929,-0.14353139698505402,0.27283650636672974,0.40441760420799255,0.3227458894252777,-0.24210365116596222,-0.18628938496112823,-0.22493726015090942,1.04210364818573,0.986289381980896,1.0249372720718384,0.30643177032470703,0.3690907657146454,0.32447749376296997,audio,audio,1,0.6800000071525574,0.5853658318519592,0.2222222238779068
118,d3_k5Xpfmik$_$6,1.600000023841858,2.208580255508423,0.19866126775741577,0.28006112575531006,0.5212776064872742,1.7213324308395386,1.6734415292739868,1.5162681341171265,0.12133240699768066,0.0734415054321289,0.08373188972473145,0.3024243116378784,0.35476917028427124,0.34280645847320557,vision,audio,0,0.6818181872367859,0.5569620132446289,0.625
246,fvVhgmXxadc$_$12,0.0,1.9866124391555786,0.12765009701251984,0.31489357352256775,0.5574563145637512,1.504473328590393,1.4968847036361694,1.3603203296661377,1.504473328590393,1.4968847036361694,1.3603203296661377,0.27453550696372986,0.2815685272216797,0.44389599561691284,vision,vision,1,0.523809552192688,0.6818181872367859,0.7169811129570007
427,phBUpBr1hSo$_$11,2.0,1.8569316864013672,0.14842760562896729,0.2566344738006592,0.5949379205703735,1.3518273830413818,1.3797074556350708,1.2881008386611938,0.6481726169586182,0.6202925443649292,0.7118991613388062,0.34411412477493286,0.37762701511383057,0.2782588303089142,vision,audio,0,0.4444444477558136,0.4285714328289032,0.6000000238418579
47,cM3Yna7AavY$_$9,-0.20000000298023224,1.2698501348495483,0.22152875363826752,0.3511247932910919,0.427346408367157,0.9150840044021606,0.9441476464271545,0.8073529601097107,1.1150840520858765,1.1441476345062256,1.0073529481887817,0.2994270622730255,0.2717798054218292,0.42879313230514526,vision,vision,1,0.7222222089767456,0.6575342416763306,0.5057471394538879
170,dq3Nf_lMPnE$_$1,0.0,1.7951959371566772,0.17882902920246124,0.26016750931739807,0.5610034465789795,1.432543396949768,1.4137176275253296,1.2707865238189697,1.432543396949768,1.4137176275253296,1.2707865238189697,0.26459363102912903,0.28172963857650757,0.4536767303943634,vision,vision,1,0.695652186870575,0.5862069129943848,0.7209302186965942
274,iiK8YX8oH1E$_$8,-1.0,-0.7875844836235046,0.15337629616260529,0.3073684573173523,0.5392552018165588,-0.6912915110588074,-0.6428009867668152,-0.7121244668960571,0.3087084889411926,0.3571990132331848,0.28787553310394287,0.34215372800827026,0.29108789563179016,0.36675840616226196,vision,vision,1,0.5,0.5625,0.6052631735801697
90,cXypl4FnoZo$_$9,1.2000000476837158,1.4913991689682007,0.21230056881904602,0.3375290334224701,0.4501704275608063,1.100880742073059,1.109327793121338,0.9703518748283386,0.09911930561065674,0.09067225456237793,0.2296481728553772,0.37372565269470215,0.3843981623649597,0.24187615513801575,vision,audio,0,0.7368420958518982,0.6734693646430969,0.568965494632721
401,ob23OKe5a9Q$_$14,0.800000011920929,0.4497615694999695,0.1563839167356491,0.27828720211982727,0.56532883644104,0.2865564525127411,0.40094998478889465,0.29643678665161133,0.5134435892105103,0.3990500271320343,0.5035632252693176,0.2859032154083252,0.4186207056045532,0.2954760789871216,vision,audio,0,0.5,0.5,0.6068376302719116
8,c7UH_rxdZv4$_$28,-0.800000011920929,-0.10693871229887009,0.20152218639850616,0.3174893856048584,0.48098835349082947,-0.12403354793787003,-0.06911629438400269,-0.10370245575904846,0.6759664416313171,0.7308837175369263,0.6962975263595581,0.3613767921924591,0.30092570185661316,0.3376975357532501,vision,text,0,0.6363636255264282,0.5769230723381042,0.5483871102333069
176,dq3Nf_lMPnE$_$6,0.800000011920929,-1.2374358177185059,0.2615091800689697,0.32989391684532166,0.4085969030857086,-1.1666162014007568,-1.1370309591293335,-1.1656349897384644,1.966616153717041,1.9370310306549072,1.965635061264038,0.32186219096183777,0.3552211821079254,0.32291659712791443,vision,audio,0,0.6666666865348816,0.5,0.375
540,vvZ4IcEtiZc$_$11,1.600000023841858,0.7130337953567505,0.2574295103549957,0.3097861409187317,0.4327843189239502,0.4797210693359375,0.5202092528343201,0.4217188358306885,1.1202789545059204,1.0797908306121826,1.1782811880111694,0.336848646402359,0.3855203688144684,0.277631014585495,vision,audio,0,0.75,0.5416666865348816,0.44999998807907104
350,lXPQBPVc5Cw$_$9,-2.5999999046325684,-1.8108543157577515,0.24744638800621033,0.25913122296333313,0.49342238903045654,-1.7067337036132812,-1.6861971616744995,-1.6631325483322144,0.8932662010192871,0.9138027429580688,0.936867356300354,0.35732582211494446,0.33368349075317383,0.3089906573295593,vision,text,0,0.8125,0.5487805008888245,0.6326530575752258
506,tmZoasNr4rU$_$13,-0.800000011920929,-1.0153162479400635,0.23082561790943146,0.316976934671402,0.45219743251800537,-0.919772744178772,-0.8715161681175232,-0.9254353046417236,0.11977273225784302,0.07151615619659424,0.12543529272079468,0.3168751895427704,0.37217462062835693,0.3109501898288727,vision,audio,0,0.6875,0.5600000023841858,0.5
288,jUzDDGyPkXU$_$7,-0.6000000238418579,-0.2928943932056427,0.18318085372447968,0.29956090450286865,0.5172582268714905,-0.27162861824035645,-0.1946001648902893,-0.25452667474746704,0.32837140560150146,0.4053998589515686,0.34547334909439087,0.367898553609848,0.28458893299102783,0.34751254320144653,vision,text,0,0.6315789222717285,0.5849056839942932,0.609375
615,yDtzw_Y-7RU$_$6,-1.2000000476837158,-1.6620270013809204,0.20042303204536438,0.2970133423805237,0.5025635957717896,-1.5822428464889526,-1.551726222038269,-1.533261775970459,0.3822427988052368,0.3517261743545532,0.33326172828674316,0.30446678400039673,0.33706778287887573,0.35846543312072754,vision,vision,1,0.6734693646430969,0.5798319578170776,0.6013985872268677
640,yvsjCA6Y5Fc$_$8,0.4000000059604645,-1.6781197786331177,0.20041710138320923,0.23914755880832672,0.5604352951049805,-1.4975190162658691,-1.4785974025726318,-1.4835846424102783,1.8975189924240112,1.878597378730774,1.8835846185684204,0.3212699294090271,0.34218576550483704,0.33654430508613586,vision,audio,0,0.6521739363670349,0.4571428596973419,0.650602400302887
31,c7UH_rxdZv4$_$33,-1.7999999523162842,-1.2849948406219482,0.3412715792655945,0.16059574484825134,0.4981326758861542,-1.1536762714385986,-1.0713835954666138,-1.128890037536621,0.6463236808776855,0.7286163568496704,0.6711099147796631,0.37302330136299133,0.2835340201854706,0.3434427082538605,vision,text,0,1.0,0.3333333432674408,0.6666666865348816
5,c7UH_rxdZv4$_$21,-0.800000011920929,1.4920929670333862,0.20186950266361237,0.3328889310359955,0.46524158120155334,1.0648362636566162,1.0416667461395264,0.9499135613441467,1.8648362159729004,1.8416666984558105,1.7499135732650757,0.28192198276519775,0.30455806851387024,0.41351988911628723,vision,vision,1,0.6842105388641357,0.6413043737411499,0.5632184147834778
346,lXPQBPVc5Cw$_$5,-1.0,-0.5596609115600586,0.21619057655334473,0.3041703402996063,0.4796389937400818,-0.49809184670448303,-0.45496466755867004,-0.4957205653190613,0.5019081830978394,0.5450353622436523,0.5042794346809387,0.3498675525188446,0.30301952362060547,0.3471130132675171,vision,text,0,0.7142857313156128,0.5921052694320679,0.5760869383811951
245,fvVhgmXxadc$_$13,0.20000000298023224,1.054307222366333,0.1957883983850479,0.35130512714385986,0.4529065191745758,0.7463460564613342,0.809501588344574,0.6648146510124207,0.5463460683822632,0.6095016002655029,0.4648146629333496,0.3202612102031708,0.2594641149044037,0.42027464509010315,vision,vision,1,0.6499999761581421,0.6481481194496155,0.5230769515037537
124,d6hH302o4v8$_$25,-1.600000023841858,-2.238560438156128,0.27700546383857727,0.20988313853740692,0.5131114721298218,-1.9948610067367554,-1.9692968130111694,-1.9533149003982544,0.39486098289489746,0.3692967891693115,0.3533148765563965,0.3088817596435547,0.3363568186759949,0.3547614514827728,vision,vision,1,0.800000011920929,0.38461539149284363,0.625
532,v0zCBqDeKcE$_$3,0.6000000238418579,0.14081904292106628,0.24094988405704498,0.27329251170158386,0.48575764894485474,0.035754717886447906,0.14226098358631134,0.07438384741544724,0.5642452836036682,0.45773905515670776,0.5256161689758301,0.28061264753341675,0.4002126157283783,0.31917473673820496,vision,audio,0,0.7857142686843872,0.5600000023841858,0.6000000238418579
400,ob23OKe5a9Q$_$12,2.799999952316284,2.7709288597106934,0.20718629658222198,0.27315574884414673,0.5196579694747925,2.095597743988037,2.0335659980773926,1.9056899547576904,0.7044022083282471,0.7664339542388916,0.8943099975585938,0.4265871047973633,0.3469025790691376,0.22651030123233795,vision,text,0,0.7272727489471436,0.5714285969734192,0.6470588445663452
48,cM3Yna7AavY$_$8,-0.6000000238418579,0.5425233840942383,0.23211830854415894,0.2161535769701004,0.5517280697822571,0.44387468695640564,0.46868696808815,0.3862820267677307,1.043874740600586,1.0686869621276855,0.9862820506095886,0.3192581236362457,0.29391559958457947,0.3868262469768524,vision,vision,1,0.8999999761581421,0.5714285969734192,0.800000011920929
645,yvsjCA6Y5Fc$_$15,-2.0,-0.9310207366943359,0.15883608162403107,0.2747379243373871,0.5664259791374207,-0.7794697880744934,-0.7590556144714355,-0.8040952682495117,1.2205302715301514,1.2409443855285645,1.1959047317504883,0.3311516046524048,0.30936726927757263,0.3594810962677002,vision,vision,1,0.5,0.4912280738353729,0.6176470518112183
99,cXypl4FnoZo$_$16,-0.6000000238418579,-0.0662069097161293,0.1413855254650116,0.3493907153606415,0.5092237591743469,-0.13877728581428528,-0.08107097446918488,-0.11622389405965805,0.46122273802757263,0.5189290642738342,0.48377612233161926,0.3632938265800476,0.2997226417064667,0.3369835317134857,vision,text,0,0.48275861144065857,0.6458333134651184,0.5862069129943848
586,wMbj6ajWbic$_$2,-0.800000011920929,0.5013356804847717,0.18072094023227692,0.26422590017318726,0.5550531148910522,0.396870881319046,0.4885431230068207,0.3871166408061981,1.1968709230422974,1.2885431051254272,1.1871166229248047,0.3610435426235199,0.26598095893859863,0.37297555804252625,vision,vision,1,0.5714285969734192,0.46987950801849365,0.5899999737739563
284,jUzDDGyPkXU$_$3,0.0,0.7360417246818542,0.19917088747024536,0.2841878831386566,0.5166411995887756,0.4885576367378235,0.557503879070282,0.4930459260940552,0.4885576367378235,0.557503879070282,0.4930459260940552,0.3597347140312195,0.28587251901626587,0.35439276695251465,vision,text,0,0.5555555820465088,0.4444444477558136,0.5
254,fvVhgmXxadc$_$6,-0.20000000298023224,-0.9097983837127686,0.23817123472690582,0.2517282962799072,0.5101004838943481,-0.8406197428703308,-0.8027960062026978,-0.8375170826911926,0.6406197547912598,0.6027960181236267,0.6375170946121216,0.3179885149002075,0.360717236995697,0.32129427790641785,vision,audio,0,0.7599999904632568,0.5,0.6111111044883728
505,tmZoasNr4rU$_$10,-1.7999999523162842,0.5832914113998413,0.13870221376419067,0.2797726094722748,0.5815251469612122,0.41548630595207214,0.50092613697052,0.40376031398773193,2.2154862880706787,2.3009262084960938,2.2037601470947266,0.3581628203392029,0.2693975567817688,0.3724396526813507,vision,vision,1,0.5,0.5600000023841858,0.6785714030265808
208,f9O3YtZ2VfI$_$1,-1.2000000476837158,-1.9789307117462158,0.2186080813407898,0.3357670307159424,0.44562485814094543,-1.8583996295928955,-1.845319390296936,-1.8303091526031494,0.6583995819091797,0.6453193426132202,0.6303091049194336,0.31819531321525574,0.33237579464912415,0.3494289517402649,vision,vision,1,0.7777777910232544,0.7142857313156128,0.6470588445663452
272,iiK8YX8oH1E$_$6,0.20000000298023224,1.5986888408660889,0.33883559703826904,0.363027423620224,0.29813703894615173,0.983332097530365,0.8694092631340027,0.8185811042785645,0.783332109451294,0.6694092750549316,0.6185811161994934,0.23845158517360687,0.3485943377017975,0.41295406222343445,audio,vision,0,1.0,0.7333333492279053,0.3888888955116272
302,k5Y_838nuGo$_$24,0.6000000238418579,-0.5751712918281555,0.09475439786911011,0.32530689239501953,0.5799387097358704,-0.4658604860305786,-0.44486311078071594,-0.5021342039108276,1.0658605098724365,1.0448631048202515,1.1021342277526855,0.3379965126514435,0.3625009059906006,0.2995026111602783,vision,audio,0,0.3333333432674408,0.6666666865348816,0.7200000286102295
314,k5Y_838nuGo$_$2,1.2000000476837158,0.8880408406257629,0.19036269187927246,0.26073509454727173,0.548902153968811,0.658538818359375,0.74397212266922,0.6236032247543335,0.5414612293243408,0.45602792501449585,0.5763968229293823,0.31060341000556946,0.41293686628341675,0.276459664106369,vision,audio,0,0.7142857313156128,0.5833333134651184,0.7142857313156128
511,tmZoasNr4rU$_$16,-1.399999976158142,-1.1205368041992188,0.29413509368896484,0.3033902645111084,0.40247464179992676,-1.0518125295639038,-1.0057215690612793,-1.0475174188613892,0.3481874465942383,0.3942784070968628,0.35248255729675293,0.35169553756713867,0.30160829424858093,0.346696138381958,vision,text,0,0.8666666746139526,0.59375,0.5
296,jUzDDGyPkXU$_$15,1.3333333730697632,0.47390949726104736,0.17068250477313995,0.37201589345932007,0.45730164647102356,0.24832727015018463,0.3313142955303192,0.23352158069610596,1.0850061178207397,1.0020190477371216,1.0998117923736572,0.3057621717453003,0.40319937467575073,0.2910384237766266,vision,audio,0,0.5882353186607361,0.6818181872367859,0.5283018946647644
310,k5Y_838nuGo$_$28,2.0,2.263967752456665,0.11187140643596649,0.2564109265804291,0.6317176222801208,1.5232847929000854,1.3428322076797485,1.3024591207504272,0.47671520709991455,0.6571677923202515,0.6975408792495728,0.4933473467826843,0.27034661173820496,0.2363060563802719,vision,text,0,0.5,0.625,0.8421052694320679
593,wMbj6ajWbic$_$11,0.4000000059604645,-1.078598976135254,0.20404453575611115,0.24812297523021698,0.5478324890136719,-1.044791579246521,-0.995477020740509,-1.0158454179763794,1.444791555404663,1.395477056503296,1.4158453941345215,0.3048817217350006,0.35935327410697937,0.33576500415802,vision,audio,0,0.7058823704719543,0.5128205418586731,0.6595744490623474
207,f9O3YtZ2VfI$_$29,-2.0,1.8484703302383423,0.245340496301651,0.2734941840171814,0.48116534948349,1.3782594203948975,1.3981386423110962,1.2541664838790894,3.3782594203948975,3.3981385231018066,3.254166603088379,0.2900063097476959,0.2714121639728546,0.4385814666748047,vision,vision,1,0.75,0.5151515007019043,0.5569620132446289
69,cW1FSBF59ik$_$17,2.4000000953674316,1.5531140565872192,0.14471545815467834,0.32869666814804077,0.5265878438949585,1.0099846124649048,1.0050278902053833,0.9597237706184387,1.3900154829025269,1.3949722051620483,1.4402763843536377,0.3534369468688965,0.34764522314071655,0.29891782999038696,vision,text,0,0.5,0.6153846383094788,0.6000000238418579
418,pLTX3ipuDJI$_$1,-2.4000000953674316,-0.31743869185447693,0.18869999051094055,0.3448256254196167,0.466474324464798,-0.3342652916908264,-0.3019329607486725,-0.34339770674705505,2.06573486328125,2.098067045211792,2.0566024780273438,0.3414437472820282,0.30655866861343384,0.3519975543022156,vision,vision,1,0.6470588445663452,0.6607142686843872,0.5671641826629639
135,d6hH302o4v8$_$1,-2.799999952316284,1.328654408454895,0.24466510117053986,0.2483178675174713,0.5070170760154724,1.0364269018173218,1.0602340698242188,0.9266641139984131,3.8364267349243164,3.860234022140503,3.7266640663146973,0.29713380336761475,0.2744654715061188,0.4284006357192993,vision,vision,1,0.8333333134651184,0.550000011920929,0.6666666865348816
292,jUzDDGyPkXU$_$11,2.4000000953674316,2.4495339393615723,0.139060840010643,0.38790249824523926,0.4730367064476013,1.7592339515686035,1.7085884809494019,1.5674519538879395,0.6407661437988281,0.6914116144180298,0.8325481414794922,0.4215250313282013,0.3560463786125183,0.2224285751581192,vision,text,0,0.52173912525177,0.734375,0.5769230723381042
590,wMbj6ajWbic$_$6,1.7999999523162842,1.643951416015625,0.18800809979438782,0.3277895450592041,0.4842023551464081,1.2172168493270874,1.233877182006836,1.1042265892028809,0.5827831029891968,0.5661227703094482,0.6957733631134033,0.3645281195640564,0.3853447139263153,0.2501271963119507,vision,audio,0,0.6071428656578064,0.5882353186607361,0.5333333611488342
80,cXypl4FnoZo$_$23,0.4000000059604645,0.37088143825531006,0.35512271523475647,0.21036145091056824,0.4345158338546753,0.12761585414409637,0.17839328944683075,0.11588618904352188,0.2723841667175293,0.22160671651363373,0.2841138243675232,0.31785571575164795,0.376476526260376,0.3056677281856537,vision,audio,0,0.8571428656578064,0.30000001192092896,0.4166666567325592
323,k5Y_838nuGo$_$13,0.6000000238418579,1.482016921043396,0.14362230896949768,0.41057971119880676,0.44579797983169556,0.9481731057167053,0.9916902184486389,0.8647626042366028,0.3481730818748474,0.391690194606781,0.2647625803947449,0.3139219284057617,0.2715339958667755,0.41454410552978516,vision,vision,1,0.5714285969734192,0.800000011920929,0.5833333134651184
408,ob23OKe5a9Q$_$6,0.0,-0.43674957752227783,0.1738017201423645,0.32116302847862244,0.5050352215766907,-0.4222133755683899,-0.3898899257183075,-0.4219628870487213,0.4222133755683899,0.3898899257183075,0.4219628870487213,0.3210686445236206,0.3575945496559143,0.3213368356227875,vision,audio,0,0.6399999856948853,0.6538461446762085,0.6349206566810608
304,k5Y_838nuGo$_$26,2.0,2.133478879928589,0.1258516162633896,0.27423378825187683,0.5999146103858948,1.6047331094741821,1.5990554094314575,1.4603350162506104,0.39526689052581787,0.4009445905685425,0.5396649837493896,0.3847315311431885,0.3775187134742737,0.23774978518486023,vision,text,0,0.5,0.6000000238418579,0.75
563,vyB00TXsimI$_$8,2.5999999046325684,0.5109539031982422,0.17415346205234528,0.3000069260597229,0.5258395671844482,0.3450847566127777,0.42252519726753235,0.32972249388694763,2.254915237426758,2.1774747371673584,2.270277500152588,0.30820491909980774,0.39897534251213074,0.2928197383880615,vision,audio,0,0.6000000238418579,0.5799999833106995,0.6101694703102112
100,cXypl4FnoZo$_$19,0.800000011920929,-0.3622181713581085,0.18854284286499023,0.33033454418182373,0.48112258315086365,-0.42550981044769287,-0.35629668831825256,-0.3948637545108795,1.2255098819732666,1.156296730041504,1.1948637962341309,0.29699599742889404,0.37406492233276367,0.3289390504360199,vision,audio,0,0.675000011920929,0.6623376607894897,0.6000000238418579
603,wMbj6ajWbic$_$30,0.800000011920929,0.3195577561855316,0.1919885128736496,0.2745382785797119,0.5334731936454773,0.18984629213809967,0.25569090247154236,0.21551766991615295,0.6101537346839905,0.544309139251709,0.5844823122024536,0.29987069964408875,0.3734683692455292,0.3266609311103821,vision,audio,0,0.6153846383094788,0.5,0.5833333134651184
538,v0zCBqDeKcE$_$9,1.7999999523162842,2.379563093185425,0.14092598855495453,0.31791967153549194,0.5411542654037476,1.732852816581726,1.6615430116653442,1.5549309253692627,0.0671471357345581,0.13845694065093994,0.24506902694702148,0.4271557629108429,0.33678656816482544,0.2360576093196869,vision,text,0,0.5555555820465088,0.6666666865348816,0.6800000071525574
531,v0zCBqDeKcE$_$1,2.5999999046325684,1.2893766164779663,0.14826010167598724,0.3083491921424866,0.5433906316757202,0.914458155632019,0.9423614740371704,0.8459231853485107,1.6855417490005493,1.657638430595398,1.7540767192840576,0.345633327960968,0.37932348251342773,0.27504321932792664,vision,audio,0,0.5,0.5757575631141663,0.6153846383094788
204,f9O3YtZ2VfI$_$22,1.399999976158142,1.62074613571167,0.24637264013290405,0.2983894348144531,0.4552379250526428,1.2133229970932007,1.1983723640441895,1.0699267387390137,0.1866769790649414,0.20162761211395264,0.3300732374191284,0.3888907730579376,0.3699852228164673,0.24112394452095032,vision,text,0,0.8181818127632141,0.6206896305084229,0.5882353186607361
356,lXPQBPVc5Cw$_$15,-2.799999952316284,-1.441089391708374,0.17190305888652802,0.35036391019821167,0.4777330458164215,-1.3129721879959106,-1.3107773065567017,-1.3231134414672852,1.4870277643203735,1.4892226457595825,1.476886510848999,0.33035001158714294,0.32794198393821716,0.34170806407928467,vision,vision,1,0.5,0.574999988079071,0.5
652,zhpQhgha_KU$_$25,1.0,-0.0825871005654335,0.1867630034685135,0.2932961583137512,0.5199408531188965,-0.09956083446741104,-0.010710254311561584,-0.06344166398048401,1.0995608568191528,1.0107102394104004,1.0634416341781616,0.28796523809432983,0.3872258961200714,0.32480889558792114,vision,audio,0,0.625,0.5588235259056091,0.5945945978164673
655,zhpQhgha_KU$_$20,-1.399999976158142,-0.7425110340118408,0.18714463710784912,0.3170904219150543,0.49576491117477417,-0.7032845616340637,-0.6562092900276184,-0.7197664976119995,0.6967154145240784,0.7437906861305237,0.6802334785461426,0.34349489212036133,0.29361069202423096,0.3628944456577301,vision,vision,1,0.6666666865348816,0.6428571343421936,0.625
558,vyB00TXsimI$_$5,1.7999999523162842,2.3023881912231445,0.3804242014884949,0.17063824832439423,0.44893762469291687,1.8640094995498657,1.7424085140228271,1.6246111392974854,0.06400954723358154,0.05759143829345703,0.17538881301879883,0.36880144476890564,0.3767765164375305,0.25442197918891907,vision,audio,0,1.0,0.30000001192092896,0.5454545617103577
467,rnaNMUZpvvg$_$16,-1.7999999523162842,0.9283286929130554,0.2320713847875595,0.2635214328765869,0.5044071674346924,0.6887290477752686,0.7169082760810852,0.6306867003440857,2.4887290000915527,2.5169081687927246,2.4306867122650146,0.3201223909854889,0.2914222478866577,0.3884553909301758,vision,vision,1,0.800000011920929,0.5714285969734192,0.6470588445663452
64,cW1FSBF59ik$_$10,-1.0,1.453553557395935,0.1812833696603775,0.2758302390575409,0.5428863167762756,1.088118553161621,1.12846839427948,1.0290443897247314,2.088118553161621,2.1284685134887695,2.0290443897247314,0.32343703508377075,0.28273338079452515,0.3938295245170593,vision,vision,1,0.6666666865348816,0.5833333134651184,0.6744186282157898
199,f9O3YtZ2VfI$_$25,-1.399999976158142,2.287778615951538,0.17230217158794403,0.32203808426856995,0.5056597590446472,1.7092806100845337,1.6575387716293335,1.516075849533081,3.109280586242676,3.0575387477874756,2.9160757064819336,0.24435822665691376,0.2903561294078827,0.46528565883636475,vision,vision,1,0.6000000238418579,0.6190476417541504,0.6000000238418579
681,zhpQhgha_KU$_$30,-2.0,-1.2125626802444458,0.10729004442691803,0.28464335203170776,0.6080666184425354,-1.0828999280929565,-1.0810937881469727,-1.1065692901611328,0.9171000719070435,0.9189062118530273,0.8934307098388672,0.3250878155231476,0.3231365978717804,0.351775586605072,vision,vision,1,0.5714285969734192,0.7749999761581421,0.9166666865348816
175,dq3Nf_lMPnE$_$7,-2.0,-0.5317617654800415,0.23038244247436523,0.2898024022579193,0.47981512546539307,-0.4736236333847046,-0.4312628507614136,-0.4807218909263611,1.5263763666152954,1.5687371492385864,1.5192780494689941,0.3457508087158203,0.3002200722694397,0.3540291488170624,vision,vision,1,0.8571428656578064,0.6829268336296082,0.6938775777816772
4,c7UH_rxdZv4$_$20,-1.7999999523162842,-0.44893744587898254,0.17085425555706024,0.2841642200946808,0.5449814796447754,-0.38901031017303467,-0.334140419960022,-0.3800787329673767,1.4109896421432495,1.4658595323562622,1.4199211597442627,0.3566945791244507,0.2970737814903259,0.3462316393852234,vision,text,0,0.6666666865348816,0.6301369667053223,0.7159090638160706
142,d6hH302o4v8$_$9,-2.4000000953674316,-0.7349504828453064,0.2891470789909363,0.3084736466407776,0.4023793041706085,-0.691730260848999,-0.6552525758743286,-0.7156873345375061,1.7082698345184326,1.744747519493103,1.6843128204345703,0.3368545174598694,0.2982877492904663,0.3648577034473419,vision,vision,1,0.875,0.625,0.5263158082962036
235,f_pcplsH_V0$_$3,0.800000011920929,-0.20103460550308228,0.29929932951927185,0.2984732389450073,0.40222737193107605,-0.19209779798984528,-0.1304355412721634,-0.18941867351531982,0.992097795009613,0.9304355382919312,0.9894186854362488,0.3089127838611603,0.37940332293510437,0.3116838335990906,vision,audio,0,0.9090909361839294,0.6190476417541504,0.5263158082962036
518,tmZoasNr4rU$_$5,-0.800000011920929,-1.2734971046447754,0.20931720733642578,0.3582781255245209,0.43240460753440857,-1.206493616104126,-1.205851435661316,-1.2142829895019531,0.406493604183197,0.40585142374038696,0.41428297758102417,0.3359636068344116,0.33668360114097595,0.32735276222229004,vision,audio,0,0.75,0.7333333492279053,0.5925925970077515
349,lXPQBPVc5Cw$_$6,-1.399999976158142,-0.2150854468345642,0.15381844341754913,0.3304192125797272,0.5157623291015625,-0.18382684886455536,-0.129652202129364,-0.15675988793373108,1.2161731719970703,1.2703478336334229,1.2432401180267334,0.36383339762687683,0.30372220277786255,0.332444429397583,vision,text,0,0.5,0.5920000076293945,0.5733333230018616
560,vyB00TXsimI$_$7,2.4000000953674316,2.4750587940216064,0.16358934342861176,0.322458952665329,0.5139516592025757,1.8549610376358032,1.8049811124801636,1.6726388931274414,0.5450390577316284,0.5950189828872681,0.7273612022399902,0.418214350938797,0.3540344834327698,0.22775115072727203,vision,text,0,0.6875,0.7297297120094299,0.7111111283302307
289,jUzDDGyPkXU$_$6,-1.600000023841858,-1.5064826011657715,0.25102025270462036,0.327186644077301,0.42179304361343384,-1.4652868509292603,-1.4402658939361572,-1.4405014514923096,0.13471317291259766,0.15973412990570068,0.15949857234954834,0.3520279824733734,0.32385876774787903,0.3241131603717804,vision,text,0,0.7419354915618896,0.5876288414001465,0.4761904776096344
363,nbWiPyCm4g0$_$10,1.2000000476837158,2.279784917831421,0.1865900605916977,0.30329522490501404,0.5101147294044495,1.716464638710022,1.678700566291809,1.5262296199798584,0.5164645910263062,0.47870051860809326,0.3262295722961426,0.2487870156764984,0.2821608781814575,0.46905210614204407,vision,vision,1,0.6363636255264282,0.5853658318519592,0.6041666865348816
212,f9O3YtZ2VfI$_$4,-2.4000000953674316,0.6498417854309082,0.13220323622226715,0.3156355023384094,0.5521612167358398,0.2904127836227417,0.3087598383426666,0.2848125696182251,2.690412998199463,2.7087600231170654,2.684812545776367,0.33789268136024475,0.3178476095199585,0.34425976872444153,vision,vision,1,0.27272728085517883,0.42500001192092896,0.47826087474823
251,fvVhgmXxadc$_$5,0.0,-0.1540980339050293,0.16743892431259155,0.30836018919944763,0.5242008566856384,-0.13876844942569733,-0.08234786987304688,-0.13474617898464203,0.13876844942569733,0.08234786987304688,0.13474617898464203,0.3105190694332123,0.37477052211761475,0.31471043825149536,vision,audio,0,0.6153846383094788,0.6315789222717285,0.6521739363670349
375,nzpVDcQ0ywM$_$21,-1.399999976158142,0.22363482415676117,0.21474353969097137,0.33529818058013916,0.44995832443237305,0.08182694762945175,0.1623949259519577,0.11135389655828476,1.481826901435852,1.5623948574066162,1.511353850364685,0.3744274079799652,0.2862420976161957,0.3393304944038391,vision,text,0,0.800000011920929,0.7307692170143127,0.6349206566810608
599,wMbj6ajWbic$_$17,2.0,1.6661614179611206,0.22664578258991241,0.3234027326107025,0.4499514698982239,1.2341643571853638,1.2260746955871582,1.0953903198242188,0.7658356428146362,0.7739253044128418,0.9046096801757812,0.3841644525527954,0.37394365668296814,0.24189186096191406,vision,text,0,0.7272727489471436,0.6037735939025879,0.515625
37,cM3Yna7AavY$_$15,-2.4000000953674316,-1.2724761962890625,0.3168201744556427,0.3171946108341217,0.3659852147102356,-1.1981922388076782,-1.1737464666366577,-1.2032501697540283,1.2018078565597534,1.226253628730774,1.1967499256134033,0.3402809798717499,0.3136524260044098,0.34606659412384033,vision,vision,1,0.9090909361839294,0.625,0.4615384638309479
627,yDtzw_Y-7RU$_$18,-2.0,1.0756943225860596,0.16604988276958466,0.29187968373298645,0.5420705080032349,0.8222547173500061,0.8757438063621521,0.7406535744667053,2.8222546577453613,2.875743865966797,2.7406535148620605,0.3175322711467743,0.265677273273468,0.4167904555797577,vision,vision,1,0.5,0.4897959232330322,0.5517241358757019
166,dq3Nf_lMPnE$_$13,-1.2000000476837158,1.6484519243240356,0.16460341215133667,0.36735042929649353,0.4680461287498474,1.2280949354171753,1.2319961786270142,1.081520438194275,2.4280948638916016,2.4319963455200195,2.281520366668701,0.2764659821987152,0.2728937864303589,0.45064017176628113,vision,vision,1,0.6000000238418579,0.7032257914543152,0.5721924901008606
215,f9O3YtZ2VfI$_$9,-2.200000047683716,-0.29240670800209045,0.17204110324382782,0.2802797853946686,0.5476791262626648,-0.37183046340942383,-0.20774628221988678,-0.29540586471557617,1.828169584274292,1.9922537803649902,1.9045941829681396,0.42484045028686523,0.2458609789609909,0.32929858565330505,vision,text,0,0.5384615659713745,0.5,0.6097561120986938
616,yDtzw_Y-7RU$_$9,-1.0,0.4634314477443695,0.1565149873495102,0.2971500754356384,0.5463349223136902,0.38290953636169434,0.45863595604896545,0.33289283514022827,1.3829095363616943,1.458635926246643,1.332892894744873,0.3380270302295685,0.2626190185546875,0.399353951215744,vision,vision,1,0.53125,0.5588235259056091,0.6186440587043762
252,fvVhgmXxadc$_$4,-2.799999952316284,-0.895329475402832,0.2120751291513443,0.4159508943557739,0.3719739317893982,-0.8933367729187012,-0.8555500507354736,-0.8988025784492493,1.906663179397583,1.9444499015808105,1.9011974334716797,0.34482282400131226,0.3040144443511963,0.35116273164749146,audio,vision,0,0.6363636255264282,0.6875,0.3947368562221527
432,phBUpBr1hSo$_$14,-1.2000000476837158,0.4583108127117157,0.20746292173862457,0.336028128862381,0.45650893449783325,0.23667822778224945,0.3383365869522095,0.25404417514801025,1.4366782903671265,1.5383366346359253,1.454044222831726,0.37645795941352844,0.2682569921016693,0.35528498888015747,vision,text,0,0.75,0.699999988079071,0.6041666865348816
439,phBUpBr1hSo$_$3,2.799999952316284,0.803284227848053,0.175048828125,0.3091984689235687,0.5157526731491089,0.5485982298851013,0.6167512536048889,0.5372875332832336,2.251401662826538,2.18324875831604,2.2627124786376953,0.3107471168041229,0.39000359177589417,0.2992492914199829,vision,audio,0,0.7142857313156128,0.707317054271698,0.7142857313156128
359,lXPQBPVc5Cw$_$16,0.20000000298023224,0.36433231830596924,0.13622219860553741,0.3416011929512024,0.5221766233444214,0.22932986915111542,0.3230765163898468,0.22056692838668823,0.02932986617088318,0.12307651340961456,0.020566925406455994,0.36215293407440186,0.2649596929550171,0.37288737297058105,vision,vision,1,0.550000011920929,0.7166666388511658,0.6805555820465088
332,k5Y_838nuGo$_$30,1.600000023841858,1.5261902809143066,0.19787438213825226,0.3125547170639038,0.48957088589668274,1.113876223564148,1.157774567604065,1.0057822465896606,0.48612380027770996,0.44222545623779297,0.5942177772521973,0.35025858879089355,0.40545082092285156,0.24429060518741608,vision,audio,0,0.75,0.6857143044471741,0.6585366129875183
211,f9O3YtZ2VfI$_$5,-1.7999999523162842,-1.4116779565811157,0.20351415872573853,0.33597010374069214,0.46051573753356934,-1.3020930290222168,-1.2848033905029297,-1.3085540533065796,0.4979069232940674,0.5151965618133545,0.4914458990097046,0.33718082308769226,0.31829777359962463,0.3445213735103607,vision,vision,1,0.6666666865348816,0.6321839094161987,0.5523809790611267
85,cXypl4FnoZo$_$2,1.0,0.8581259846687317,0.14809340238571167,0.37839388847351074,0.4735127091407776,0.5609114766120911,0.634533703327179,0.5160032510757446,0.43908852338790894,0.36546629667282104,0.48399674892425537,0.31856128573417664,0.40716657042503357,0.2742721736431122,vision,audio,0,0.5,0.6774193644523621,0.5405405163764954
436,phBUpBr1hSo$_$18,0.800000011920929,0.9076358675956726,0.17488212883472443,0.29156866669654846,0.5335491299629211,0.6478440165519714,0.7210703492164612,0.630556046962738,0.15215599536895752,0.07892966270446777,0.16944396495819092,0.31051477789878845,0.39635857939720154,0.2931267023086548,vision,audio,0,0.75,0.7142857313156128,0.7647058963775635
213,f9O3YtZ2VfI$_$7,-1.2000000476837158,-1.1607921123504639,0.21650345623493195,0.32075417041778564,0.46274232864379883,-1.0796990394592285,-1.0550825595855713,-1.0897586345672607,0.1203010082244873,0.14491748809814453,0.11024141311645508,0.3383726179599762,0.31171607971191406,0.34991130232810974,vision,vision,1,0.6363636255264282,0.550000011920929,0.5
610,yDtzw_Y-7RU$_$3,0.75,1.407801628112793,0.12447575479745865,0.39326927065849304,0.48225489258766174,0.9184364676475525,0.9828769564628601,0.8561341166496277,0.1684364676475525,0.2328769564628601,0.10613411664962769,0.3292165994644165,0.2655795216560364,0.4052039086818695,vision,vision,1,0.3571428656578064,0.6440678238868713,0.5
318,k5Y_838nuGo$_$6,2.0,2.4932267665863037,0.12733475863933563,0.37407922744750977,0.4985860288143158,1.7413649559020996,1.6693600416183472,1.5774953365325928,0.2586350440979004,0.33063995838165283,0.4225046634674072,0.4227001965045929,0.3325023055076599,0.24479743838310242,vision,text,0,0.4444444477558136,0.6875,0.5789473652839661
497,tStelxIAHjw$_$2,-2.0,1.0746852159500122,0.20087450742721558,0.2828955352306366,0.5162299275398254,0.8253077268600464,0.8741434216499329,0.76002037525177,2.825307846069336,2.874143362045288,2.7600202560424805,0.3233218193054199,0.2747502624988556,0.4019278883934021,vision,vision,1,0.699999988079071,0.5802469253540039,0.6349206566810608
333,lXPQBPVc5Cw$_$24,-1.399999976158142,-2.150597095489502,0.16953063011169434,0.29574090242385864,0.534728467464447,-1.9852759838104248,-2.0049819946289062,-1.9842664003372192,0.5852760076522827,0.6049820184707642,0.5842664241790771,0.34015974402427673,0.31853383779525757,0.3413064181804657,vision,vision,1,0.5714285969734192,0.5714285969734192,0.6399999856948853
411,pLTX3ipuDJI$_$11,0.6000000238418579,-0.33928340673446655,0.14605148136615753,0.39116987586021423,0.4627786874771118,-0.34838104248046875,-0.313091903924942,-0.37236636877059937,0.9483810663223267,0.9130918979644775,0.9723663926124573,0.3280850350856781,0.3690394461154938,0.30287548899650574,vision,audio,0,0.4117647111415863,0.6170212626457214,0.45614033937454224
345,lXPQBPVc5Cw$_$2,-2.200000047683716,0.4074356257915497,0.13561779260635376,0.41282930970191956,0.4515529274940491,0.14495274424552917,0.22687987983226776,0.16007289290428162,2.3449528217315674,2.4268798828125,2.3600728511810303,0.3687487840652466,0.28062668442726135,0.3506244719028473,vision,text,0,0.5384615659713745,0.800000011920929,0.5892857313156128
60,cW1FSBF59ik$_$6,1.2000000476837158,2.0281050205230713,0.16658876836299896,0.3757372498512268,0.45767396688461304,1.37539803981781,1.4025315046310425,1.3211114406585693,0.17539799213409424,0.20253145694732666,0.12111139297485352,0.32134848833084106,0.2935597896575928,0.38509172201156616,vision,vision,1,0.5,0.6153846383094788,0.46666666865348816
634,yvsjCA6Y5Fc$_$2,-1.2000000476837158,-1.2664371728897095,0.2315405160188675,0.4158141613006592,0.3526453673839569,-1.143711805343628,-1.0675811767578125,-1.1077253818511963,0.05628824234008789,0.13241887092590332,0.09227466583251953,0.3755400776863098,0.2913707196712494,0.33308926224708557,audio,text,0,0.6666666865348816,0.6785714030265808,0.38235294818878174
92,cXypl4FnoZo$_$11,1.399999976158142,1.239530086517334,0.1730503886938095,0.3430117666721344,0.4839378595352173,0.9443439245223999,0.9499251246452332,0.8162468671798706,0.4556560516357422,0.45007485151290894,0.5837531089782715,0.37435686588287354,0.38138657808303833,0.24425660073757172,vision,audio,0,0.6451612710952759,0.6896551847457886,0.6122449040412903
501,tStelxIAHjw$_$6,1.600000023841858,2.3205978870391846,0.21132983267307281,0.3289007544517517,0.45976942777633667,1.6832729578018188,1.664711833000183,1.5262377262115479,0.08327293395996094,0.0647118091583252,0.07376229763031006,0.32299378514289856,0.3436087369918823,0.33339744806289673,vision,audio,0,0.7142857313156128,0.6428571343421936,0.5625
322,k5Y_838nuGo$_$10,2.0,0.8184396028518677,0.16756609082221985,0.30936241149902344,0.5230715274810791,0.5206025838851929,0.5970036387443542,0.5322572588920593,1.4793974161148071,1.402996301651001,1.467742681503296,0.3003319203853607,0.38743898272514343,0.31222909688949585,vision,audio,0,0.6363636255264282,0.6551724076271057,0.6764705777168274
260,iiK8YX8oH1E$_$12,1.7999999523162842,1.9858598709106445,0.12878139317035675,0.3047027885913849,0.5665158629417419,1.4481737613677979,1.3875006437301636,1.2877991199493408,0.35182619094848633,0.4124993085861206,0.5122008323669434,0.4161793887615204,0.3399752080440521,0.2438453733921051,vision,text,0,0.6000000238418579,0.7333333492279053,0.7894737124443054
281,jUzDDGyPkXU$_$22,-2.4000000953674316,-1.988945722579956,0.2164284735918045,0.25457504391670227,0.5289965271949768,-1.8922127485275269,-1.8924542665481567,-1.8529603481292725,0.5077873468399048,0.5075458288192749,0.5470397472381592,0.34744390845298767,0.34772375226020813,0.3048323392868042,vision,audio,0,0.7222222089767456,0.5199999809265137,0.6440678238868713
415,pLTX3ipuDJI$_$15,-1.399999976158142,-0.5650182366371155,0.17974625527858734,0.2729468047618866,0.5473069548606873,-0.5058744549751282,-0.45772477984428406,-0.514989972114563,0.8941255211830139,0.9422751665115356,0.8850100040435791,0.3469126522541046,0.29547202587127686,0.3576153814792633,vision,vision,1,0.6399999856948853,0.560606062412262,0.6666666865348816
167,dq3Nf_lMPnE$_$12,-1.600000023841858,0.3529243767261505,0.22472168505191803,0.31801506876945496,0.457263320684433,0.1958651840686798,0.2933940589427948,0.2036287486553192,1.7958651781082153,1.893394112586975,1.8036288022994995,0.3707946538925171,0.2678833603858948,0.36132198572158813,vision,text,0,0.7142857313156128,0.5961538553237915,0.5322580933570862
381,nzpVDcQ0ywM$_$5,-0.4000000059604645,0.9898098707199097,0.21786928176879883,0.3318067789077759,0.4503239691257477,0.6753461360931396,0.7576228976249695,0.6280139088630676,1.0753461122512817,1.1576229333877563,1.0280139446258545,0.34117597341537476,0.2593406140804291,0.39948344230651855,vision,vision,1,0.692307710647583,0.6136363744735718,0.5192307829856873
656,zhpQhgha_KU$_$21,0.6000000238418579,0.49579018354415894,0.18731898069381714,0.32427260279655457,0.4884084165096283,0.3605964481830597,0.4431861340999603,0.3278552293777466,0.23940357565879822,0.15681388974189758,0.27214479446411133,0.3111841082572937,0.40980589389801025,0.2790099084377289,vision,audio,0,0.6315789222717285,0.6129032373428345,0.5675675868988037
468,rnaNMUZpvvg$_$19,-1.399999976158142,-1.6198673248291016,0.21343891322612762,0.31962525844573975,0.46693578362464905,-1.5506534576416016,-1.536491870880127,-1.5168812274932861,0.15065348148345947,0.13649189472198486,0.11688125133514404,0.31570714712142944,0.3309675455093384,0.3533252775669098,vision,vision,1,0.6521739363670349,0.5660377144813538,0.515625
299,jUzDDGyPkXU$_$16,1.2000000476837158,2.758552312850952,0.15989422798156738,0.38977453112602234,0.4503312408924103,2.0298383235931396,1.9452533721923828,1.7850401401519775,0.8298382759094238,0.745253324508667,0.5850400924682617,0.21800099313259125,0.28900665044784546,0.4929923415184021,vision,vision,1,0.5625,0.7123287916183472,0.540229856967926
369,nbWiPyCm4g0$_$7,-1.2000000476837158,-1.7604116201400757,0.2601029872894287,0.29275885224342346,0.44713813066482544,-1.631045937538147,-1.632068157196045,-1.6254287958145142,0.43104588985443115,0.4320681095123291,0.42542874813079834,0.33162012696266174,0.3304920792579651,0.33788779377937317,vision,vision,1,0.8181818127632141,0.59375,0.5789473652839661
550,vvZ4IcEtiZc$_$9,2.200000047683716,2.5761806964874268,0.17325584590435028,0.36073586344718933,0.4660083055496216,1.9429205656051636,1.8494843244552612,1.6941392421722412,0.25707948207855225,0.3505157232284546,0.5058608055114746,0.4610954225063324,0.3376976251602173,0.20120692253112793,vision,text,0,0.5625,0.6344085931777954,0.5315315127372742
420,pLTX3ipuDJI$_$2,-1.7999999523162842,0.22594408690929413,0.15656612813472748,0.31228721141815186,0.5311467051506042,0.1708303540945053,0.2627672255039215,0.167669415473938,1.9708303213119507,2.062767267227173,1.9676693677902222,0.36408084630966187,0.2679818868637085,0.367937296628952,vision,vision,1,0.5333333611488342,0.5833333134651184,0.6012658476829529
126,d6hH302o4v8$_$27,-2.5999999046325684,1.726370096206665,0.2965429425239563,0.40386080741882324,0.29959627985954285,1.0748567581176758,1.1384087800979614,1.0216175317764282,3.674856662750244,3.7384085655212402,3.621617317199707,0.3329693078994751,0.2694035768508911,0.3976270854473114,audio,vision,0,0.800000011920929,0.6666666865348816,0.27272728085517883
594,wMbj6ajWbic$_$10,-1.7999999523162842,1.7451939582824707,0.14386025071144104,0.3046455383300781,0.5514941811561584,1.2774946689605713,1.300262451171875,1.2047600746154785,3.0774946212768555,3.100262403488159,3.0047600269317627,0.31237486004829407,0.2895452380180359,0.39807993173599243,vision,vision,1,0.5454545617103577,0.6315789222717285,0.6818181872367859
624,yDtzw_Y-7RU$_$17,0.20000000298023224,1.5397388935089111,0.2196417599916458,0.2882140874862671,0.4921441674232483,1.2144145965576172,1.2085262537002563,1.0712264776229858,1.0144145488739014,1.0085262060165405,0.8712264895439148,0.2753661572933197,0.2808244228363037,0.4438094198703766,vision,vision,1,0.739130437374115,0.5783132314682007,0.6000000238418579
399,ob23OKe5a9Q$_$13,1.25,0.06596831232309341,0.1802133023738861,0.3284510374069214,0.49133560061454773,-0.00831487588584423,0.07708953320980072,0.03499286621809006,1.258314847946167,1.172910451889038,1.2150071859359741,0.28697389364242554,0.3814854323863983,0.33154064416885376,vision,audio,0,0.5882353186607361,0.5961538553237915,0.5483871102333069
530,v0zCBqDeKcE$_$16,0.0,0.509879469871521,0.19550272822380066,0.11844585090875626,0.6860514283180237,0.36360031366348267,0.3058820366859436,0.24027538299560547,0.36360031366348267,0.3058820366859436,0.24027538299560547,0.2687739431858063,0.32579389214515686,0.40543222427368164,vision,vision,1,0.8571428656578064,0.3333333432674408,1.0
500,tStelxIAHjw$_$7,1.399999976158142,1.7319107055664062,0.1750674843788147,0.3454391360282898,0.4794934391975403,1.2132461071014404,1.2310158014297485,1.1247514486312866,0.18675386905670166,0.16898417472839355,0.27524852752685547,0.3564342260360718,0.3781844675540924,0.2653812766075134,vision,audio,0,0.8333333134651184,0.8823529481887817,0.800000011920929
397,ob23OKe5a9Q$_$11,0.800000011920929,0.9433921575546265,0.15682712197303772,0.2966628968715668,0.5465099811553955,0.7335507273674011,0.801754891872406,0.6864137053489685,0.06644928455352783,0.0017548799514770508,0.11358630657196045,0.32307419180870056,0.400827020406723,0.27609875798225403,vision,audio,0,0.5151515007019043,0.5413534045219421,0.6000000238418579
12,c7UH_rxdZv4$_$2,-2.5999999046325684,0.9892399311065674,0.16496092081069946,0.33128780126571655,0.503751277923584,0.4418095350265503,0.37156200408935547,0.38642755150794983,3.041809558868408,2.971561908721924,2.9864275455474854,0.2884677052497864,0.36457881331443787,0.34695345163345337,vision,audio,0,0.4000000059604645,0.4761904776096344,0.47999998927116394
334,lXPQBPVc5Cw$_$25,-2.4000000953674316,-0.7112195491790771,0.23342397809028625,0.26073551177978516,0.505840539932251,-0.6633576154708862,-0.6209904551506042,-0.6572940945625305,1.7366424798965454,1.7790095806121826,1.742706060409546,0.35108840465545654,0.3048482835292816,0.3440633714199066,vision,text,0,0.8260869383811951,0.5932203531265259,0.6829268336296082
297,jUzDDGyPkXU$_$14,0.800000011920929,1.9547301530838013,0.18294040858745575,0.30712205171585083,0.5099375247955322,1.439531922340393,1.4481016397476196,1.3215423822402954,0.6395319104194641,0.6481016278266907,0.5215423703193665,0.28954461216926575,0.28139060735702515,0.4290647506713867,vision,vision,1,0.4615384638309479,0.4285714328289032,0.4285714328289032
128,d6hH302o4v8$_$21,-2.4000000953674316,1.2614086866378784,0.19228990375995636,0.25125810503959656,0.5564519762992859,0.9577458500862122,0.9638743996620178,0.8782424330711365,3.357745885848999,3.3638744354248047,3.278242588043213,0.3045787215232849,0.29841968417167664,0.39700162410736084,vision,vision,1,0.6363636255264282,0.48275861144065857,0.6470588445663452
123,d6hH302o4v8$_$24,-2.799999952316284,-1.4741989374160767,0.22804470360279083,0.32737329602241516,0.4445820152759552,-1.3552879095077515,-1.34579598903656,-1.3670341968536377,1.4447120428085327,1.4542039632797241,1.4329657554626465,0.33235985040664673,0.32200875878334045,0.3456313908100128,vision,vision,1,0.625,0.52173912525177,0.4444444477558136
19,c7UH_rxdZv4$_$11,1.0,0.767702579498291,0.2603175938129425,0.30717796087265015,0.4325045049190521,0.5266648530960083,0.608890950679779,0.4822947382926941,0.4733351469039917,0.39110904932022095,0.5177052617073059,0.3146785497665405,0.4139058589935303,0.2714155912399292,vision,audio,0,0.8333333134651184,0.625,0.5531914830207825
352,lXPQBPVc5Cw$_$11,-1.7999999523162842,-1.0704383850097656,0.23140640556812286,0.34054824709892273,0.4280453622341156,-1.0355879068374634,-0.9815616011619568,-1.04226815700531,0.7644120454788208,0.8184383511543274,0.7577317953109741,0.3499300181865692,0.2922604978084564,0.35780948400497437,vision,vision,1,0.6666666865348816,0.5714285969734192,0.4444444477558136
486,tIrG4oNLFzE$_$9,-1.0,0.7201422452926636,0.21116085350513458,0.27539870142936707,0.5134404897689819,0.5911384224891663,0.647020697593689,0.5118890404701233,1.5911383628845215,1.647020697593689,1.5118889808654785,0.31924524903297424,0.26498815417289734,0.4157666265964508,vision,vision,1,0.6666666865348816,0.5057471394538879,0.567307710647583
471,tIrG4oNLFzE$_$10,-1.7999999523162842,0.6380959153175354,0.1735745072364807,0.2631111741065979,0.5633143186569214,0.4522358179092407,0.504752516746521,0.43223658204078674,2.2522358894348145,2.3047523498535156,2.232236623764038,0.3438378870487213,0.2886212468147278,0.3675408661365509,vision,vision,1,0.6000000238418579,0.5185185074806213,0.65625
636,yvsjCA6Y5Fc$_$4,-0.20000000298023224,-1.6106010675430298,0.17225325107574463,0.2744777798652649,0.5532689690589905,-1.428866982460022,-1.4334927797317505,-1.4326162338256836,1.2288669347763062,1.2334927320480347,1.2326161861419678,0.33644217252731323,0.33129414916038513,0.33226361870765686,vision,text,0,0.5263158082962036,0.4736842215061188,0.5882353186607361
643,yvsjCA6Y5Fc$_$13,-2.0,-0.5797902941703796,0.28942927718162537,0.2822698652744293,0.4283008873462677,-0.5104930996894836,-0.46261799335479736,-0.516355037689209,1.4895069599151611,1.5373820066452026,1.483644962310791,0.3481614589691162,0.296807199716568,0.3550313711166382,vision,vision,1,0.9166666865348816,0.6170212626457214,0.5892857313156128
325,k5Y_838nuGo$_$15,-0.800000011920929,1.839190125465393,0.15689979493618011,0.2818974256515503,0.5612028241157532,1.421095371246338,1.3970099687576294,1.2618355751037598,2.221095323562622,2.197010040283203,2.061835527420044,0.2642706632614136,0.28636234998703003,0.44936704635620117,vision,vision,1,0.5416666865348816,0.5370370149612427,0.6307692527770996
132,d6hH302o4v8$_$29,-1.7999999523162842,-0.2502463161945343,0.20228201150894165,0.223996102809906,0.5737219452857971,-0.18073880672454834,-0.11583305895328522,-0.1320868879556656,1.6192611455917358,1.6841669082641602,1.6679130792617798,0.37654218077659607,0.30328625440597534,0.3201715052127838,vision,text,0,0.7407407164573669,0.5,0.7317073345184326
517,tmZoasNr4rU$_$2,-2.0,-1.832236409187317,0.19799186289310455,0.30847877264022827,0.49352940917015076,-1.7306946516036987,-1.7194863557815552,-1.705759882926941,0.26930534839630127,0.2805136442184448,0.2942401170730591,0.34679198265075684,0.33407458662986755,0.3191334307193756,vision,text,0,0.7142857313156128,0.6527777910232544,0.6511628031730652
173,dq3Nf_lMPnE$_$5,1.2000000476837158,-0.5655302405357361,0.16729441285133362,0.25674813985824585,0.5759575366973877,-0.5190264582633972,-0.45004576444625854,-0.5104119181632996,1.7190265655517578,1.6500458717346191,1.7104120254516602,0.30416861176490784,0.38280197978019714,0.3130294382572174,vision,audio,0,0.6666666865348816,0.5833333134651184,0.7307692170143127
578,wMbj6ajWbic$_$20,-0.4000000059604645,2.0566980838775635,0.17108473181724548,0.3704735040664673,0.45844176411628723,1.483230710029602,1.4686704874038696,1.3483482599258423,1.8832306861877441,1.8686704635620117,1.7483482360839844,0.27643945813179016,0.2901870906352997,0.43337345123291016,vision,vision,1,0.6000000238418579,0.6904761791229248,0.5490196347236633
651,zhpQhgha_KU$_$24,0.0,-0.48124024271965027,0.22800186276435852,0.2935146391391754,0.47848349809646606,-0.4295833706855774,-0.3998943269252777,-0.469039648771286,0.4295833706855774,0.3998943269252777,0.469039648771286,0.3354818820953369,0.3703807294368744,0.2941374182701111,vision,audio,0,0.75,0.5909090638160706,0.5925925970077515
218,f9O3YtZ2VfI$_$10,-2.0,1.1332253217697144,0.20197252929210663,0.34512069821357727,0.4529067873954773,0.5768155455589294,0.46954748034477234,0.47158002853393555,2.576815605163574,2.4695475101470947,2.4715800285339355,0.2597389817237854,0.3713843524456024,0.36887669563293457,vision,audio,0,0.625,0.6153846383094788,0.5333333611488342
581,wMbj6ajWbic$_$23,1.7999999523162842,1.5298504829406738,0.11448536813259125,0.2981663644313812,0.5873482823371887,1.1376484632492065,1.1684530973434448,1.0807721614837646,0.6623514890670776,0.6315468549728394,0.7192277908325195,0.34066450595855713,0.3775036334991455,0.281831830739975,vision,audio,0,0.4000000059604645,0.5862069129943848,0.6764705777168274
368,nbWiPyCm4g0$_$4,-2.200000047683716,0.07367498427629471,0.18932121992111206,0.3526853024959564,0.4579935073852539,-0.0014185253530740738,0.11489532887935638,0.03809245675802231,2.1985814571380615,2.3148953914642334,2.2380924224853516,0.39135751128196716,0.2655779719352722,0.3430645763874054,vision,text,0,0.604651153087616,0.6220472455024719,0.5065789222717285
394,nzpVDcQ0ywM$_$16,1.399999976158142,1.0963891744613647,0.24353310465812683,0.23091524839401245,0.5255516171455383,0.9005290865898132,0.9381644129753113,0.8017879128456116,0.49947088956832886,0.4618355631828308,0.5982120633125305,0.3504831790924072,0.3973286747932434,0.25218820571899414,vision,audio,0,0.8333333134651184,0.5121951103210449,0.6734693646430969
548,vvZ4IcEtiZc$_$7,1.399999976158142,0.17709314823150635,0.21205952763557434,0.2737560272216797,0.5141844153404236,0.03454478830099106,0.1459171324968338,0.08506058901548386,1.365455150604248,1.2540827989578247,1.3149393796920776,0.2752602696418762,0.3989986777305603,0.32574114203453064,vision,audio,0,0.800000011920929,0.6296296119689941,0.6875
551,vvZ4IcEtiZc$_$8,-1.5,-0.5125863552093506,0.12603363394737244,0.3806855082511902,0.4932808578014374,-0.5038556456565857,-0.4582064151763916,-0.5101816654205322,0.9961443543434143,1.0417935848236084,0.9898183345794678,0.34720316529273987,0.29819455742836,0.35460227727890015,vision,vision,1,0.4375,0.7049180269241333,0.5945945978164673
338,lXPQBPVc5Cw$_$21,1.7999999523162842,1.0924956798553467,0.1349465698003769,0.2813050150871277,0.5837483406066895,0.7899317145347595,0.7829656004905701,0.7019131779670715,1.0100681781768799,1.0170342922210693,1.0980868339538574,0.3672724664211273,0.35884252190589905,0.27388501167297363,vision,text,0,0.5,0.5714285969734192,0.6800000071525574
344,lXPQBPVc5Cw$_$3,-2.4000000953674316,-1.6743487119674683,0.18284128606319427,0.2347489595413208,0.5824097394943237,-1.5179394483566284,-1.5071280002593994,-1.5069522857666016,0.8820606470108032,0.8928720951080322,0.8930478096008301,0.3414551615715027,0.32936885952949524,0.3291759788990021,vision,text,0,0.625,0.4615384638309479,0.6774193644523621
647,yvsjCA6Y5Fc$_$17,-0.6000000238418579,-0.15027223527431488,0.2307320088148117,0.30763545632362366,0.46163251996040344,-0.1431337594985962,-0.08550937473773956,-0.13025453686714172,0.4568662643432617,0.5144906640052795,0.4697454869747162,0.35929638147354126,0.2965056598186493,0.34419792890548706,vision,text,0,0.800000011920929,0.6530612111091614,0.6101694703102112
148,d6hH302o4v8$_$13,-2.0,0.2801057994365692,0.1959608793258667,0.38546010851860046,0.41857898235321045,0.09640809148550034,0.1865224540233612,0.10928574949502945,2.0964081287384033,2.1865224838256836,2.109285831451416,0.3705737292766571,0.27442315220832825,0.35500311851501465,vision,text,0,0.5833333134651184,0.6315789222717285,0.42424243688583374
282,jUzDDGyPkXU$_$23,1.2000000476837158,0.3208746314048767,0.21959920227527618,0.3353099524974823,0.4450908303260803,0.10447578877210617,0.18761976063251495,0.12363151460886002,1.0955243110656738,1.0123802423477173,1.0763685703277588,0.29539525508880615,0.3897326588630676,0.3148721158504486,vision,audio,0,0.7142857313156128,0.6315789222717285,0.52173912525177
445,phBUpBr1hSo$_$9,-2.0,1.1844513416290283,0.2002442330121994,0.2706911861896515,0.5290645956993103,0.9472667574882507,0.9771180748939514,0.8367429375648499,2.9472668170928955,2.9771180152893066,2.836742877960205,0.2984428405761719,0.27017635107040405,0.43138086795806885,vision,vision,1,0.6399999856948853,0.49295774102211,0.5777778029441833
475,tIrG4oNLFzE$_$14,-2.4000000953674316,-1.7948771715164185,0.21300950646400452,0.30004051327705383,0.48695001006126404,-1.711240530014038,-1.6974889039993286,-1.6652816534042358,0.6887595653533936,0.702511191368103,0.7347184419631958,0.35547247529029846,0.3395458459854126,0.30498164892196655,vision,text,0,0.6888889074325562,0.5743243098258972,0.5762711763381958
291,jUzDDGyPkXU$_$8,1.7999999523162842,1.3782490491867065,0.17872829735279083,0.3708154857158661,0.45045626163482666,0.9550573229789734,1.0013598203659058,0.8793303966522217,0.8449426293373108,0.7986401319503784,0.9206695556640625,0.33969637751579285,0.39638814330101013,0.2639155089855194,vision,audio,0,0.6363636255264282,0.7083333134651184,0.5517241358757019
33,cM3Yna7AavY$_$11,2.0,1.728940725326538,0.27254870533943176,0.2437760978937149,0.48367518186569214,1.0284473896026611,0.9102364778518677,0.8903242945671082,0.9715526103973389,1.0897635221481323,1.109675645828247,0.4337728023529053,0.29250574111938477,0.2737213969230652,vision,text,0,0.7777777910232544,0.4399999976158142,0.5666666626930237
58,cW1FSBF59ik$_$4,1.600000023841858,2.1559414863586426,0.16248957812786102,0.36139342188835144,0.4761170446872711,1.5441176891326904,1.5364052057266235,1.4308414459228516,0.05588233470916748,0.06359481811523438,0.16915857791900635,0.3759211301803589,0.3663800060749054,0.2576988637447357,vision,text,0,0.5416666865348816,0.6455696225166321,0.5384615659713745
174,dq3Nf_lMPnE$_$4,-0.4000000059604645,0.2553965151309967,0.1725708246231079,0.3110722005367279,0.5163570046424866,0.15071527659893036,0.24473793804645538,0.15960931777954102,0.5507152676582336,0.644737958908081,0.5596092939376831,0.3701319396495819,0.2705482542514801,0.359319806098938,vision,text,0,0.5925925970077515,0.5952380895614624,0.5980392098426819
136,d6hH302o4v8$_$3,0.20000000298023224,1.0557334423065186,0.18608617782592773,0.30310192704200745,0.5108118653297424,0.8092365264892578,0.8601519465446472,0.7208285331726074,0.6092365384101868,0.6601519584655762,0.5208285450935364,0.31381240487098694,0.264827162027359,0.42136046290397644,vision,vision,1,0.7222222089767456,0.6734693646430969,0.6896551847457886
617,yDtzw_Y-7RU$_$8,-1.5,-0.859327495098114,0.20890866219997406,0.34797990322113037,0.4431114196777344,-0.7992056012153625,-0.7970942258834839,-0.8349894881248474,0.7007943987846375,0.7029057741165161,0.6650105118751526,0.32054656744003296,0.31829842925071716,0.3611549735069275,vision,vision,1,0.7142857313156128,0.6875,0.5789473652839661
25,c7UH_rxdZv4$_$17,-1.399999976158142,-0.366089791059494,0.18875253200531006,0.30998826026916504,0.5012592077255249,-0.3683311343193054,-0.3136305510997772,-0.35661959648132324,1.0316689014434814,1.0863693952560425,1.0433803796768188,0.3577771484851837,0.2981436252593994,0.34407925605773926,vision,text,0,0.625,0.5833333134651184,0.5813953280448914
544,vvZ4IcEtiZc$_$3,1.399999976158142,-1.566079020500183,0.1716683954000473,0.3147495985031128,0.5135819911956787,-1.483335018157959,-1.466627836227417,-1.4563140869140625,2.8833351135253906,2.8666276931762695,2.856314182281494,0.31730711460113525,0.3354794383049011,0.3472134470939636,vision,vision,1,0.5416666865348816,0.5581395626068115,0.5631067752838135
557,vyB00TXsimI$_$2,-2.4000000953674316,-1.0775387287139893,0.10734453052282333,0.30156761407852173,0.591087818145752,-1.020117163658142,-0.9605007767677307,-1.0019294023513794,1.3798829317092896,1.4394993782043457,1.3980706930160522,0.362193763256073,0.29691842198371887,0.34088781476020813,vision,text,0,0.37037035822868347,0.5888888835906982,0.6666666865348816
584,wMbj6ajWbic$_$1,0.5,1.9750968217849731,0.15248329937458038,0.3337700068950653,0.5137467384338379,1.3893414735794067,1.4164081811904907,1.3132760524749756,0.8893414735794067,0.9164081811904907,0.8132760524749756,0.31227341294288635,0.2853330075740814,0.40239354968070984,vision,vision,1,0.6000000238418579,0.699999988079071,0.6666666865348816
331,k5Y_838nuGo$_$31,-1.0,-1.1803933382034302,0.14040227234363556,0.340152770280838,0.5194449424743652,-1.1094789505004883,-1.0791934728622437,-1.1150565147399902,0.10947895050048828,0.07919347286224365,0.11505651473999023,0.32385486364364624,0.3582557439804077,0.31788942217826843,vision,audio,0,0.5384615659713745,0.695652186870575,0.6666666865348816
221,f9O3YtZ2VfI$_$15,-1.2000000476837158,-0.012521551921963692,0.22505447268486023,0.27719226479530334,0.49775320291519165,-0.17979823052883148,-0.06146532669663429,-0.13397425413131714,1.0202018022537231,1.138534665107727,1.066025733947754,0.394881933927536,0.26617226004600525,0.33894583582878113,vision,text,0,0.699999988079071,0.523809552192688,0.6000000238418579
110,d3_k5Xpfmik$_$19,0.20000000298023224,1.776699423789978,0.19257591664791107,0.3244237005710602,0.48300033807754517,1.3501873016357422,1.3302901983261108,1.1799592971801758,1.1501872539520264,1.130290150642395,0.9799593091011047,0.2609402537345886,0.2788335978984833,0.4602261185646057,vision,vision,1,0.6764705777168274,0.6388888955116272,0.5891472697257996
632,yvsjCA6Y5Fc$_$1,-2.0,0.6504390835762024,0.1561977118253708,0.36757969856262207,0.47622260451316833,0.4348922371864319,0.5098554491996765,0.3936709761619568,2.434892177581787,2.5098555088043213,2.3936710357666016,0.34174153208732605,0.2661813199520111,0.39207717776298523,vision,vision,1,0.5185185074806213,0.6527777910232544,0.5370370149612427
55,cW1FSBF59ik$_$3,-1.0,0.007494041696190834,0.12902818620204926,0.32994258403778076,0.5410292148590088,-0.04819881170988083,0.030499927699565887,0.0077982693910598755,0.9518011808395386,1.0304999351501465,1.0077983140945435,0.38476547598838806,0.29598376154899597,0.3192507028579712,vision,text,0,0.4545454680919647,0.6349206566810608,0.6363636255264282
273,iiK8YX8oH1E$_$9,0.4000000059604645,0.3240770697593689,0.2003205120563507,0.28334254026412964,0.5163369178771973,0.17043723165988922,0.24224890768527985,0.16774526238441467,0.22956277430057526,0.15775109827518463,0.2322547435760498,0.30660566687583923,0.3895275890827179,0.30386674404144287,vision,audio,0,0.6428571343421936,0.517241358757019,0.5588235259056091
442,phBUpBr1hSo$_$4,-0.800000011920929,-0.13578227162361145,0.25816261768341064,0.2852296829223633,0.45660772919654846,-0.14940471947193146,-0.08658300340175629,-0.12170396745204926,0.6505953073501587,0.7134169936180115,0.6782960295677185,0.3672601878643036,0.29787227511405945,0.3348674476146698,vision,text,0,0.78125,0.5384615659713745,0.5267857313156128
108,d3_k5Xpfmik$_$17,1.600000023841858,1.527266263961792,0.18295572698116302,0.2269073873758316,0.5901368856430054,1.2149314880371094,1.2426203489303589,1.1160995960235596,0.38506853580474854,0.357379674911499,0.48390042781829834,0.35511159896850586,0.3894471526145935,0.255441278219223,vision,audio,0,0.6153846383094788,0.4324324429035187,0.6590909361839294
137,d6hH302o4v8$_$2,-1.7999999523162842,0.6270005702972412,0.2307538539171219,0.3054942786693573,0.4637519121170044,0.44378912448883057,0.5304194688796997,0.4038141369819641,2.2437891960144043,2.3304195404052734,2.2038140296936035,0.34581461548805237,0.25907954573631287,0.39510583877563477,vision,vision,1,0.7272727489471436,0.5757575631141663,0.5384615659713745
635,yvsjCA6Y5Fc$_$5,0.4000000059604645,-1.2016829252243042,0.26046761870384216,0.31318917870521545,0.42634326219558716,-1.0969167947769165,-1.0589118003845215,-1.0938048362731934,1.4969167709350586,1.4589117765426636,1.4938048124313354,0.31791606545448303,0.3608529567718506,0.3212309777736664,vision,audio,0,0.75,0.5625,0.5
453,rnaNMUZpvvg$_$2,2.25,3.1445071697235107,0.27368366718292236,0.29977717995643616,0.4265391528606415,2.2435545921325684,2.0259039402008057,1.9401596784591675,0.006445407867431641,0.22409605979919434,0.3098403215408325,0.5411778688430786,0.26197412610054016,0.19684796035289764,vision,text,0,0.7777777910232544,0.529411792755127,0.4761904776096344
253,fvVhgmXxadc$_$7,-1.0,0.4700600802898407,0.10506699234247208,0.25329968333244324,0.6416333317756653,0.383289098739624,0.4612678587436676,0.3601529598236084,1.383289098739624,1.4612678289413452,1.3601529598236084,0.3507198691368103,0.27044227719306946,0.37883782386779785,vision,vision,1,0.42307692766189575,0.5714285969734192,0.7894737124443054
417,pLTX3ipuDJI$_$16,-1.600000023841858,-1.668317198753357,0.17022250592708588,0.32340726256370544,0.5063703060150146,-1.5987803936004639,-1.6151773929595947,-1.5834128856658936,0.001219630241394043,0.015177369117736816,0.016587138175964355,0.3442808985710144,0.32862988114356995,0.32708919048309326,vision,text,0,0.6000000238418579,0.6336633563041687,0.6133333444595337
454,rnaNMUZpvvg$_$5,-2.799999952316284,-0.003276851959526539,0.3016367256641388,0.20559945702552795,0.492763876914978,-0.03767365217208862,0.04216485843062401,0.0067475661635398865,2.762326240539551,2.8421647548675537,2.8067474365234375,0.3804144859313965,0.2915273606777191,0.3280582129955292,vision,text,0,0.8181818127632141,0.3333333432674408,0.5199999809265137
250,fvVhgmXxadc$_$2,-2.799999952316284,-0.9950157999992371,0.13078071177005768,0.30928194522857666,0.5599374175071716,-0.8771995902061462,-0.8788881301879883,-0.9067695736885071,1.9228003025054932,1.921111822128296,1.8932304382324219,0.3216228187084198,0.3234381675720215,0.35493898391723633,vision,vision,1,0.4117647111415863,0.5581395626068115,0.6153846383094788
577,wMbj6ajWbic$_$27,0.0,0.410165011882782,0.1689538210630417,0.3107892572879791,0.5202569365501404,0.22244353592395782,0.310411274433136,0.24790441989898682,0.22244353592395782,0.310411274433136,0.24790441989898682,0.37530696392059326,0.27992406487464905,0.34476903080940247,vision,text,0,0.6666666865348816,0.6800000071525574,0.6896551847457886
67,cW1FSBF59ik$_$15,-2.5999999046325684,0.11474425345659256,0.16714712977409363,0.3466165363788605,0.4862363636493683,-0.01424696110188961,0.06232861056923866,0.029478691518306732,2.5857529640197754,2.6623284816741943,2.629478693008423,0.3789181113243103,0.29355597496032715,0.32752594351768494,vision,text,0,0.5416666865348816,0.6170212626457214,0.5398229956626892
158,d6hH302o4v8$_$37,-2.200000047683716,-1.5797805786132812,0.3232675790786743,0.25986960530281067,0.4168628454208374,-1.3645764589309692,-1.269567608833313,-1.3131064176559448,0.8354235887527466,0.9304324388504028,0.886893630027771,0.38896942138671875,0.2833844721317291,0.3276461064815521,vision,text,0,1.0,0.625,0.6666666865348816
258,iiK8YX8oH1E$_$10,0.0,0.18656113743782043,0.2829258143901825,0.33403027057647705,0.38304394483566284,-0.0012330524623394012,0.06373946368694305,0.05244564265012741,0.0012330524623394012,0.06373946368694305,0.05244564265012741,0.37664979696273804,0.3058091104030609,0.31754109263420105,vision,text,0,0.8571428656578064,0.6499999761581421,0.47826087474823
361,lXPQBPVc5Cw$_$18,-1.399999976158142,1.1768265962600708,0.12762589752674103,0.369021475315094,0.503352701663971,0.7640751004219055,0.8179600834846497,0.7172277569770813,2.1640751361846924,2.2179601192474365,2.117227792739868,0.3328227996826172,0.27810361981391907,0.3890734910964966,vision,vision,1,0.3636363744735718,0.6000000238418579,0.5
490,tStelxIAHjw$_$13,-1.600000023841858,0.5169093012809753,0.17376801371574402,0.21159540116786957,0.6146366000175476,0.30157026648521423,0.32058238983154297,0.2941199541091919,1.9015703201293945,1.9205824136734009,1.8941199779510498,0.3374118208885193,0.31669214367866516,0.34589600563049316,vision,vision,1,0.5714285969734192,0.380952388048172,0.6800000071525574
425,pLTX3ipuDJI$_$9,0.0,-0.41234883666038513,0.21758756041526794,0.33063212037086487,0.4517803192138672,-0.3994227647781372,-0.3538406193256378,-0.4015260934829712,0.3994227647781372,0.3538406193256378,0.4015260934829712,0.31674593687057495,0.368721067905426,0.31453296542167664,vision,audio,0,0.75,0.6666666865348816,0.5769230723381042
588,wMbj6ajWbic$_$4,1.0,-0.42499208450317383,0.15526115894317627,0.4072645604610443,0.4374742805957794,-0.43525993824005127,-0.40220874547958374,-0.4694165885448456,1.4352599382400513,1.4022088050842285,1.469416618347168,0.33235231041908264,0.3710608184337616,0.29658690094947815,vision,audio,0,0.5,0.699999988079071,0.5
222,f9O3YtZ2VfI$_$14,1.2000000476837158,0.11112667620182037,0.203375443816185,0.2207220196723938,0.57590252161026,0.007088245823979378,0.08586715161800385,0.052660517394542694,1.1929117441177368,1.1141328811645508,1.1473395824432373,0.2886541187763214,0.3753373920917511,0.3360084891319275,vision,audio,0,0.7777777910232544,0.5333333611488342,0.7777777910232544
271,iiK8YX8oH1E$_$7,-1.600000023841858,0.34410974383354187,0.15175670385360718,0.3349747061729431,0.5132685899734497,0.14460107684135437,0.24112080037593842,0.16008561849594116,1.7446011304855347,1.8411208391189575,1.7600855827331543,0.37388959527015686,0.27102962136268616,0.3550807535648346,vision,text,0,0.5454545617103577,0.6499999761581421,0.6170212626457214
24,c7UH_rxdZv4$_$14,1.2000000476837158,2.0034878253936768,0.13804812729358673,0.34582170844078064,0.5161301493644714,1.4123437404632568,1.4038385152816772,1.2888684272766113,0.21234369277954102,0.20383846759796143,0.08886837959289551,0.2826484739780426,0.29077643156051636,0.42657506465911865,vision,vision,1,0.5,0.6666666865348816,0.6206896305084229
509,tmZoasNr4rU$_$14,-2.0,-0.5289124250411987,0.18128472566604614,0.2536540925502777,0.5650611519813538,-0.477362722158432,-0.42537572979927063,-0.48710861802101135,1.5226372480392456,1.5746243000030518,1.512891411781311,0.34795764088630676,0.29259535670280457,0.35944703221321106,vision,vision,1,0.6666666865348816,0.5444444417953491,0.6976743936538696
605,yDtzw_Y-7RU$_$20,-0.6000000238418579,1.8737624883651733,0.2169862985610962,0.2631448805332184,0.519868791103363,1.4306447505950928,1.368091344833374,1.2570453882217407,2.0306448936462402,1.968091368675232,1.8570454120635986,0.24903504550457,0.30677223205566406,0.44419270753860474,vision,vision,1,0.6666666865348816,0.4615384638309479,0.5483871102333069
197,etzxEpPuc6I$_$8,-1.0,-0.6134300827980042,0.15223106741905212,0.30300748348236084,0.5447614192962646,-0.619296133518219,-0.554402768611908,-0.6023573875427246,0.380703866481781,0.44559723138809204,0.3976426124572754,0.3635588586330414,0.2928410470485687,0.34360015392303467,vision,text,0,0.5333333611488342,0.5813953280448914,0.6153846383094788
496,tStelxIAHjw$_$3,0.5,0.9055126905441284,0.11415088176727295,0.34562134742736816,0.5402278304100037,0.5568007826805115,0.6178643107414246,0.5564181208610535,0.056800782680511475,0.11786431074142456,0.05641812086105347,0.3549737334251404,0.2895994484424591,0.3554267883300781,vision,vision,1,0.4000000059604645,0.6666666865348816,0.6470588445663452
512,tmZoasNr4rU$_$19,0.20000000298023224,0.5751939415931702,0.17818041145801544,0.3054477870464325,0.5163717865943909,0.43411171436309814,0.5272378921508789,0.39672842621803284,0.2341117113828659,0.32723790407180786,0.1967284232378006,0.348937064409256,0.255819171667099,0.39524367451667786,vision,vision,1,0.6666666865348816,0.6438356041908264,0.6551724076271057
0,c7UH_rxdZv4$_$24,-1.7999999523162842,1.4494324922561646,0.1672976166009903,0.3013513386249542,0.5313510298728943,1.0053434371948242,1.0811923742294312,0.9504050016403198,2.8053433895111084,2.881192207336426,2.7504048347473145,0.3358444571495056,0.26081690192222595,0.40333861112594604,vision,vision,1,0.5714285969734192,0.5757575631141663,0.6153846383094788
663,zhpQhgha_KU$_$2,1.600000023841858,2.0297229290008545,0.19353435933589935,0.2554170787334442,0.5510485768318176,1.5563157796859741,1.5493077039718628,1.422304391860962,0.04368424415588379,0.05069231986999512,0.177695631980896,0.3821690082550049,0.37334492802619934,0.24448606371879578,vision,text,0,0.6875,0.53125,0.6666666865348816
226,f9O3YtZ2VfI$_$18,-1.0,0.5403550863265991,0.21541015803813934,0.38637933135032654,0.3982105255126953,0.29224252700805664,0.3804706335067749,0.27528297901153564,1.2922425270080566,1.380470633506775,1.2752829790115356,0.3567139208316803,0.2658255994319916,0.3774604797363281,vision,vision,1,0.75,0.75,0.5208333134651184
601,wMbj6ajWbic$_$19,-0.6000000238418579,0.25363457202911377,0.191655233502388,0.24794840812683105,0.5603963136672974,0.13370367884635925,0.19055764377117157,0.15578171610832214,0.7337037324905396,0.7905576825141907,0.7557817697525024,0.362790584564209,0.3001590967178345,0.33705031871795654,vision,text,0,0.6470588445663452,0.47999998927116394,0.6333333253860474
508,tmZoasNr4rU$_$15,0.25,-0.4783320426940918,0.20474785566329956,0.2831953465938568,0.512056827545166,-0.4505709409713745,-0.3826862871646881,-0.4437556266784668,0.7005709409713745,0.6326862573623657,0.6937556266784668,0.3051657974720001,0.38265636563301086,0.312177836894989,vision,audio,0,0.6666666865348816,0.5384615659713745,0.59375
165,dq3Nf_lMPnE$_$10,1.0,2.7885982990264893,0.21627405285835266,0.33448362350463867,0.44924235343933105,2.039168119430542,1.9923468828201294,1.8536399602890015,1.039168119430542,0.9923468828201294,0.8536399602890015,0.24845242500305176,0.2904182970523834,0.4611293375492096,vision,vision,1,0.699999988079071,0.625,0.5263158082962036
607,yDtzw_Y-7RU$_$22,2.0,1.1957943439483643,0.2033158242702484,0.27206486463546753,0.5246193408966064,0.8849925994873047,0.9159772992134094,0.8288992047309875,1.1150074005126953,1.0840227603912354,1.1711008548736572,0.34033674001693726,0.3773668706417084,0.282296359539032,vision,audio,0,0.7142857313156128,0.5625,0.6315789222717285
524,v0zCBqDeKcE$_$11,1.600000023841858,1.2001590728759766,0.15480077266693115,0.32934772968292236,0.5158514380455017,0.8720917701721191,0.9214056134223938,0.8062440752983093,0.7279082536697388,0.6785944104194641,0.7937559485435486,0.33539173007011414,0.39531341195106506,0.2692948877811432,vision,audio,0,0.5,0.5855855941772461,0.5581395626068115
130,d6hH302o4v8$_$23,-2.5999999046325684,-2.031450033187866,0.22875681519508362,0.32302799820899963,0.44821521639823914,-1.8667391538619995,-1.8649568557739258,-1.8528058528900146,0.7332607507705688,0.7350430488586426,0.7471940517425537,0.3391331434249878,0.33712440729141235,0.32374247908592224,vision,text,0,0.6666666865348816,0.5588235259056091,0.5
382,nzpVDcQ0ywM$_$4,-1.600000023841858,-0.430990070104599,0.1647184044122696,0.28910425305366516,0.5461773872375488,-0.4036303758621216,-0.33673688769340515,-0.38464999198913574,1.1963696479797363,1.2632631063461304,1.2153500318527222,0.36512017250061035,0.29214441776275635,0.3427354097366333,vision,text,0,0.5666666626930237,0.5555555820465088,0.6279069781303406
529,v0zCBqDeKcE$_$14,1.5,1.6015207767486572,0.2173541933298111,0.29857197403907776,0.4840738773345947,1.1217302083969116,1.1815272569656372,1.054018259048462,0.3782697916030884,0.3184727430343628,0.4459817409515381,0.3312871754169464,0.40436142683029175,0.26435136795043945,vision,audio,0,0.75,0.6206896305084229,0.6176470518112183
459,rnaNMUZpvvg$_$8,-1.600000023841858,0.8661635518074036,0.2510830760002136,0.3021242618560791,0.44679269194602966,0.5980828404426575,0.6686490178108215,0.5937219262123108,2.19808292388916,2.268649101257324,2.1937220096588135,0.3565012812614441,0.28177738189697266,0.36172136664390564,vision,vision,1,0.8181818127632141,0.6206896305084229,0.5714285969734192
403,ob23OKe5a9Q$_$3,-1.2000000476837158,-1.6155198812484741,0.13990259170532227,0.35606876015663147,0.5040286779403687,-1.495090365409851,-1.5013587474822998,-1.5088393688201904,0.29509031772613525,0.301358699798584,0.3088393211364746,0.3407704830169678,0.3337240517139435,0.32550540566444397,vision,text,0,0.5,0.6842105388641357,0.6222222447395325
658,zhpQhgha_KU$_$23,-0.5,1.1279057264328003,0.21831080317497253,0.3090030550956726,0.47268611192703247,0.8241836428642273,0.8926189541816711,0.7587645649909973,1.324183702468872,1.3926188945770264,1.2587645053863525,0.328980028629303,0.2618783414363861,0.4091416299343109,vision,vision,1,0.8333333134651184,0.7142857313156128,0.6744186282157898
552,vyB00TXsimI$_$20,2.200000047683716,0.9846407175064087,0.17830362915992737,0.25165751576423645,0.5700388550758362,0.7769976258277893,0.8424620032310486,0.7191600203514099,1.4230024814605713,1.3575379848480225,1.4808399677276611,0.32589128613471985,0.4053612947463989,0.2687475085258484,vision,audio,0,0.6363636255264282,0.5161290168762207,0.6756756901741028
547,vvZ4IcEtiZc$_$4,2.200000047683716,1.0042893886566162,0.1653388887643814,0.3157481849193573,0.5189129114151001,0.7458359599113464,0.8003323674201965,0.672991931438446,1.4541640281677246,1.399667739868164,1.527008056640625,0.33516359329223633,0.4019281268119812,0.26290827989578247,vision,audio,0,0.5769230723381042,0.6057692170143127,0.6037735939025879
327,k5Y_838nuGo$_$17,0.800000011920929,0.708957850933075,0.1544443666934967,0.2849867641925812,0.5605688691139221,0.49093031883239746,0.5154890418052673,0.4287087619304657,0.3090696930885315,0.2845109701156616,0.37129124999046326,0.3450659215450287,0.3745023310184479,0.2804317772388458,vision,audio,0,0.625,0.6315789222717285,0.7083333134651184
159,d6hH302o4v8$_$36,-2.200000047683716,-2.1496169567108154,0.1827445924282074,0.3184696137905121,0.49878570437431335,-1.9856606721878052,-1.9957581758499146,-1.9658787250518799,0.21433937549591064,0.20424187183380127,0.23412132263183594,0.33665287494659424,0.3481769263744354,0.31517013907432556,vision,audio,0,0.625,0.6176470518112183,0.6097561120986938
182,etzxEpPuc6I$_$12,0.6666666865348816,0.7680034041404724,0.22869296371936798,0.2918948829174042,0.47941213846206665,0.5358682870864868,0.6276030540466309,0.5372754335403442,0.13079839944839478,0.03906363248825073,0.12939125299453735,0.2974076271057129,0.40378648042678833,0.2988058924674988,vision,audio,0,0.6666666865348816,0.5,0.5
677,zhpQhgha_KU$_$16,1.7999999523162842,2.115163803100586,0.1476357877254486,0.3194476068019867,0.5329166054725647,1.5641276836395264,1.5503493547439575,1.4389151334762573,0.2358722686767578,0.24965059757232666,0.36108481884002686,0.38257235288619995,0.36539900302886963,0.25202861428260803,vision,text,0,0.5625,0.6521739363670349,0.6545454263687134
410,ob23OKe5a9Q$_$8,0.6000000238418579,1.6808106899261475,0.16972871124744415,0.32661744952201843,0.503653883934021,1.2518362998962402,1.270116925239563,1.135551929473877,0.6518362760543823,0.6701169013977051,0.535551905632019,0.29288187623023987,0.2755678594112396,0.4315502345561981,vision,vision,1,0.6111111044883728,0.644859790802002,0.6101694703102112
61,cW1FSBF59ik$_$9,-2.4000000953674316,-1.408841848373413,0.18386614322662354,0.30816060304641724,0.5079732537269592,-1.3263894319534302,-1.334986686706543,-1.3168015480041504,1.0736106634140015,1.0650134086608887,1.0831985473632812,0.333598256111145,0.3432966470718384,0.3231050968170166,vision,audio,0,0.6000000238418579,0.5744680762290955,0.5892857313156128
583,wMbj6ajWbic$_$29,1.7999999523162842,3.1275877952575684,0.16369040310382843,0.3245927691459656,0.5117168426513672,2.340216875076294,2.2521591186523438,2.1075780391693115,0.5402169227600098,0.45215916633605957,0.30757808685302734,0.22159463167190552,0.29719117283821106,0.48121416568756104,vision,vision,1,0.6111111044883728,0.6578947305679321,0.644444465637207
10,c7UH_rxdZv4$_$1,-2.799999952316284,-1.7711894512176514,0.13289865851402283,0.32489073276519775,0.542210578918457,-1.6101433038711548,-1.612984538078308,-1.6146408319473267,1.1898566484451294,1.187015414237976,1.1853591203689575,0.3306199908256531,0.33376607298851013,0.3356139361858368,vision,vision,1,0.5,0.6666666865348816,0.692307710647583
430,phBUpBr1hSo$_$12,1.7999999523162842,-0.2628723382949829,0.17668132483959198,0.31787624955177307,0.5054424405097961,-0.3057325482368469,-0.2420974224805832,-0.28946036100387573,2.1057324409484863,2.042097330093384,2.0894603729248047,0.30376386642456055,0.3755410611629486,0.32069510221481323,vision,audio,0,0.6200000047683716,0.6200000047683716,0.6000000238418579
105,d3_k5Xpfmik$_$12,2.0,1.0908557176589966,0.20477226376533508,0.3204822242259979,0.4747454524040222,0.8081686496734619,0.8027678728103638,0.6839200854301453,1.191831350326538,1.1972321271896362,1.31607985496521,0.3783504366874695,0.37160009145736694,0.25004953145980835,vision,text,0,0.7083333134651184,0.6333333253860474,0.577464759349823
483,tIrG4oNLFzE$_$4,1.399999976158142,1.040251612663269,0.19934457540512085,0.2947934865951538,0.5058619976043701,0.7717782855033875,0.831556499004364,0.7020045518875122,0.6282216906547546,0.5684434771537781,0.6979954242706299,0.33189657330513,0.40507972240448,0.26302370429039,vision,audio,0,0.6000000238418579,0.5,0.5151515007019043
465,rnaNMUZpvvg$_$14,-2.5999999046325684,-1.0565565824508667,0.2384212762117386,0.2457035630941391,0.5158751606941223,-0.9893819689750671,-0.9835138916969299,-0.9908432364463806,1.6106178760528564,1.6164860725402832,1.609156608581543,0.33495089411735535,0.32846277952194214,0.3365863859653473,vision,vision,1,0.75,0.48076921701431274,0.6129032373428345
553,vyB00TXsimI$_$21,1.2000000476837158,1.1045653820037842,0.15609732270240784,0.3310755491256714,0.5128270983695984,0.8023277521133423,0.8596298098564148,0.7440489530563354,0.39767229557037354,0.340370237827301,0.45595109462738037,0.3296077251434326,0.3989795446395874,0.2714127004146576,vision,audio,0,0.5454545617103577,0.6285714507102966,0.5952380895614624
609,yDtzw_Y-7RU$_$1,0.800000011920929,1.155737280845642,0.20654332637786865,0.3457278609275818,0.4477287828922272,0.8008869886398315,0.8732784986495972,0.7245607972145081,0.0008869767189025879,0.07327848672866821,0.0754392147064209,0.3897775113582611,0.3062099516391754,0.3040124773979187,vision,text,0,0.6470588445663452,0.6111111044883728,0.4923076927661896
138,d6hH302o4v8$_$5,-1.3333333730697632,1.239192008972168,0.12727366387844086,0.24146729707717896,0.6312591433525085,0.9147239923477173,0.9614832997322083,0.83160001039505,2.2480573654174805,2.294816732406616,2.164933443069458,0.31496596336364746,0.2695084512233734,0.41552555561065674,vision,vision,1,0.5714285969734192,0.6000000238418579,0.8333333134651184
481,tIrG4oNLFzE$_$2,2.4000000953674316,1.2951310873031616,0.13302955031394958,0.3390006721019745,0.5279697775840759,0.8852787613868713,0.9536533355712891,0.8509227633476257,1.514721393585205,1.4463467597961426,1.5490772724151611,0.3176848292350769,0.39900562167167664,0.28330957889556885,vision,audio,0,0.4545454680919647,0.6333333253860474,0.6111111044883728
522,tmZoasNr4rU$_$9,-0.6000000238418579,0.18524369597434998,0.20013611018657684,0.31808990240097046,0.4817739725112915,0.08684094995260239,0.18001754581928253,0.11963055282831192,0.6868409514427185,0.7800175547599792,0.7196305990219116,0.38030368089675903,0.2787684202194214,0.34092792868614197,vision,text,0,0.7200000286102295,0.6583333611488342,0.6180555820465088
49,cW1FSBF59ik$_$24,0.0,0.5870397686958313,0.23616498708724976,0.3183375298976898,0.4454974830150604,0.35734137892723083,0.45024868845939636,0.34535765647888184,0.35734137892723083,0.45024868845939636,0.34535765647888184,0.3604346513748169,0.26444143056869507,0.3751239478588104,vision,vision,1,0.800000011920929,0.6551724076271057,0.5714285969734192
27,c7UH_rxdZv4$_$19,-1.7999999523162842,0.5593776106834412,0.14250198006629944,0.33028414845466614,0.5272138714790344,0.29925549030303955,0.4122534692287445,0.324614554643631,2.0992555618286133,2.2122533321380615,2.1246144771575928,0.38386330008506775,0.2633877098560333,0.3527489900588989,vision,text,0,0.4444444477558136,0.5777778029441833,0.5740740895271301
147,d6hH302o4v8$_$10,-1.2000000476837158,-1.0228511095046997,0.2502291202545166,0.338901549577713,0.4108693599700928,-0.9670963883399963,-0.943405032157898,-0.9805728793144226,0.23290365934371948,0.25659501552581787,0.2194271683692932,0.3366989493370056,0.31113219261169434,0.35216885805130005,vision,vision,1,0.8181818127632141,0.6842105388641357,0.5454545617103577
374,nzpVDcQ0ywM$_$20,0.20000000298023224,1.6244120597839355,0.185982808470726,0.3545874357223511,0.4594297707080841,1.0057412385940552,0.9645463824272156,0.9084812998771667,0.8057412505149841,0.7645463943481445,0.7084813117980957,0.28327691555023193,0.3249727189540863,0.39175039529800415,vision,vision,1,0.6000000238418579,0.6363636255264282,0.5384615659713745
386,nzpVDcQ0ywM$_$8,2.0,2.450626850128174,0.18167904019355774,0.35316410660743713,0.46515679359436035,1.7674087285995483,1.744719386100769,1.5797550678253174,0.23259127140045166,0.25528061389923096,0.4202449321746826,0.40614983439445496,0.3765651285648346,0.21728503704071045,vision,text,0,0.6428571343421936,0.6800000071525574,0.5666666626930237
270,iiK8YX8oH1E$_$4,-2.0,-1.4341967105865479,0.17081795632839203,0.28799882531166077,0.5411831736564636,-1.3503481149673462,-1.3445850610733032,-1.341987133026123,0.6496518850326538,0.6554149389266968,0.658012866973877,0.33858275413513184,0.3321405351161957,0.3292767405509949,vision,text,0,0.7058823704719543,0.6818181872367859,0.7547169923782349
72,cW1FSBF59ik$_$18,2.5999999046325684,2.372408390045166,0.13495703041553497,0.2754906415939331,0.5895523428916931,1.7993807792663574,1.7724143266677856,1.6373603343963623,0.8006191253662109,0.8275855779647827,0.962639570236206,0.4005219638347626,0.36609041690826416,0.23338757455348969,vision,text,0,0.5,0.5633803009986877,0.6976743936538696
366,nbWiPyCm4g0$_$2,-2.4000000953674316,1.2633070945739746,0.17292019724845886,0.27727004885673523,0.5498097538948059,0.9587397575378418,0.9429027438163757,0.8413825035095215,3.3587398529052734,3.342902898788452,3.241382598876953,0.28304973244667053,0.29839324951171875,0.41855698823928833,vision,vision,1,0.692307710647583,0.6363636255264282,0.7407407164573669
11,c7UH_rxdZv4$_$3,-0.800000011920929,-1.0955508947372437,0.3062925636768341,0.19720502197742462,0.49650242924690247,-0.9475796818733215,-0.8585159778594971,-0.8958050608634949,0.14757966995239258,0.058515965938568115,0.09580504894256592,0.28296372294425964,0.38077083230018616,0.3362654149532318,vision,audio,0,0.8571428656578064,0.3636363744735718,0.6153846383094788
668,zhpQhgha_KU$_$9,-1.0,0.9968722462654114,0.20564121007919312,0.3173065483570099,0.4770522117614746,0.720504105091095,0.7761219143867493,0.6753475069999695,1.7205040454864502,1.7761218547821045,1.6753475666046143,0.3340885043144226,0.2775534689426422,0.3883580267429352,vision,vision,1,0.7058823704719543,0.6285714507102966,0.5813953280448914
23,c7UH_rxdZv4$_$15,-2.4000000953674316,-0.7306995391845703,0.35128533840179443,0.2255251407623291,0.42318952083587646,-0.7012266516685486,-0.6031485199928284,-0.6798686385154724,1.6987733840942383,1.796851634979248,1.7201313972473145,0.37701454758644104,0.27187877893447876,0.3511066734790802,vision,text,0,1.0,0.5,0.6000000238418579
596,wMbj6ajWbic$_$12,1.600000023841858,1.4273161888122559,0.18125540018081665,0.2545258104801178,0.5642187595367432,1.0964106321334839,1.1338766813278198,1.0366930961608887,0.503589391708374,0.4661233425140381,0.5633069276809692,0.3386934697628021,0.38374653458595276,0.2775599956512451,vision,audio,0,0.6428571343421936,0.5199999809265137,0.6666666865348816
477,tIrG4oNLFzE$_$16,-1.600000023841858,1.3021621704101562,0.17184454202651978,0.31389060616493225,0.5142648220062256,0.9794191718101501,1.0129088163375854,0.8973901867866516,2.5794191360473633,2.6129088401794434,2.4973902702331543,0.31163927912712097,0.27872180938720703,0.4096389710903168,vision,vision,1,0.5833333134651184,0.5930232405662537,0.5922330021858215
42,cM3Yna7AavY$_$2,2.5,0.7641668915748596,0.28836289048194885,0.3465510904788971,0.36508601903915405,0.4815700650215149,0.5429142713546753,0.4365200698375702,2.01842999458313,1.9570857286453247,2.0634799003601074,0.3238915205001831,0.39737868309020996,0.27872973680496216,vision,audio,0,0.8571428656578064,0.6538461446762085,0.4333333373069763
129,d6hH302o4v8$_$22,-1.0,-1.1958458423614502,0.16635726392269135,0.33084815740585327,0.5027946829795837,-1.082075595855713,-1.0638123750686646,-1.1024718284606934,0.08207559585571289,0.06381237506866455,0.10247182846069336,0.3336624801158905,0.3546060025691986,0.3117315471172333,vision,audio,0,0.6666666865348816,0.7297297120094299,0.7037037014961243
155,d6hH302o4v8$_$18,-2.0,0.09752636402845383,0.18183781206607819,0.3351996839046478,0.4829625189304352,-0.0007972139865159988,0.07008980214595795,0.0536215677857399,1.9992027282714844,2.070089817047119,2.053621530532837,0.38114747405052185,0.3009354770183563,0.31791698932647705,vision,text,0,0.6363636255264282,0.6551724076271057,0.6000000238418579
348,lXPQBPVc5Cw$_$7,-2.799999952316284,-0.9661914110183716,0.14461278915405273,0.32642149925231934,0.5289656519889832,-0.9036616683006287,-0.8922948241233826,-0.9188626408576965,1.8963382244110107,1.9077050685882568,1.8811373710632324,0.33169758319854736,0.31936484575271606,0.3489375710487366,vision,vision,1,0.46666666865348816,0.5873016119003296,0.5844155550003052
489,tStelxIAHjw$_$10,-0.4000000059604645,-1.1305958032608032,0.19225089251995087,0.2729950547218323,0.5347539782524109,-1.0844959020614624,-1.0435982942581177,-1.074231505393982,0.6844959259033203,0.6435983180999756,0.6742315292358398,0.3143802881240845,0.36029699444770813,0.3253227472305298,vision,audio,0,0.7777777910232544,0.6666666865348816,0.761904776096344
637,yvsjCA6Y5Fc$_$7,-1.7999999523162842,-1.5605698823928833,0.23010869324207306,0.27182337641716003,0.4980679452419281,-1.450334072113037,-1.4242968559265137,-1.4432721138000488,0.34966588020324707,0.3757030963897705,0.35672783851623535,0.3455897867679596,0.316860556602478,0.33754968643188477,vision,text,0,0.699999988079071,0.5,0.5714285969734192
139,d6hH302o4v8$_$4,-1.600000023841858,0.9050315618515015,0.07718756049871445,0.430713415145874,0.4920990765094757,0.48538392782211304,0.5856602787971497,0.48362356424331665,2.085383892059326,2.1856603622436523,2.0836236476898193,0.3674098551273346,0.2630181312561035,0.3695719838142395,vision,vision,1,0.25,0.8235294222831726,0.6499999761581421
53,cW1FSBF59ik$_$23,1.399999976158142,1.946615219116211,0.15101973712444305,0.3181934058666229,0.5307868123054504,1.4369158744812012,1.4485341310501099,1.3062106370925903,0.03691589832305908,0.04853415489196777,0.09378933906555176,0.35851019620895386,0.34489139914512634,0.2965983748435974,vision,text,0,0.523809552192688,0.602150559425354,0.6071428656578064
205,f9O3YtZ2VfI$_$23,1.600000023841858,1.5461996793746948,0.1785653978586197,0.23836380243301392,0.5830708146095276,1.2677637338638306,1.2613807916641235,1.1243778467178345,0.33223628997802734,0.3386192321777344,0.47562217712402344,0.3847633898258209,0.376663476228714,0.2385731190443039,vision,text,0,0.6666666865348816,0.5185185074806213,0.71875
484,tIrG4oNLFzE$_$7,-1.399999976158142,-1.1942270994186401,0.20174074172973633,0.2746622562408447,0.523597002029419,-1.0883980989456177,-1.0858162641525269,-1.096867322921753,0.3116018772125244,0.31418371200561523,0.30313265323638916,0.3311188220977783,0.3282814621925354,0.34059977531433105,vision,vision,1,0.7142857313156128,0.5849056839942932,0.6666666865348816
493,tStelxIAHjw$_$14,-1.7999999523162842,-0.9548128247261047,0.2673645615577698,0.19365979731082916,0.5389755964279175,-0.8543612957000732,-0.8228358626365662,-0.8612799048423767,0.9456386566162109,0.977164089679718,0.9387200474739075,0.3420465886592865,0.30792683362960815,0.35002654790878296,vision,vision,1,0.875,0.4285714328289032,0.7058823704719543
313,k5Y_838nuGo$_$3,0.800000011920929,1.9727473258972168,0.19247686862945557,0.3167880177497864,0.49073514342308044,1.4383195638656616,1.4426473379135132,1.301853895187378,0.6383195519447327,0.6426473259925842,0.501853883266449,0.2807671129703522,0.27674588561058044,0.44248703122138977,vision,vision,1,0.6428571343421936,0.6000000238418579,0.5744680762290955
229,f_pcplsH_V0$_$10,1.2000000476837158,-0.14919070899486542,0.2760695815086365,0.3170354962348938,0.40689486265182495,-0.13935531675815582,-0.08203110098838806,-0.12068329751491547,1.3393553495407104,1.2820311784744263,1.3206833600997925,0.3053645193576813,0.3696611523628235,0.32497438788414,vision,audio,0,0.8181818127632141,0.6000000238418579,0.4848484992980957
113,d3_k5Xpfmik$_$3,2.0,2.0794312953948975,0.1831095665693283,0.3573170006275177,0.4595734477043152,1.458495855331421,1.4512001276016235,1.3164453506469727,0.5415041446685791,0.5487998723983765,0.6835546493530273,0.3847942054271698,0.37554919719696045,0.23965659737586975,vision,text,0,0.6153846383094788,0.6491228342056274,0.5147058963775635
526,v0zCBqDeKcE$_$13,1.7999999523162842,-0.0634436309337616,0.2259676307439804,0.2905574142932892,0.4834749698638916,-0.0865674540400505,0.009956732392311096,-0.030312875285744667,1.8865673542022705,1.7900432348251343,1.8303128480911255,0.2788790762424469,0.38472357392311096,0.33639734983444214,vision,audio,0,0.6800000071525574,0.5131579041481018,0.52173912525177
236,f_pcplsH_V0$_$2,1.399999976158142,0.45947736501693726,0.2024228870868683,0.32333824038505554,0.4742388427257538,0.31654322147369385,0.41054433584213257,0.2969922721385956,1.0834567546844482,0.9894556403160095,1.1030076742172241,0.3025818169116974,0.4139266312122345,0.2834915220737457,vision,audio,0,0.7142857313156128,0.6551724076271057,0.6000000238418579
444,phBUpBr1hSo$_$6,1.600000023841858,1.461315631866455,0.1737871915102005,0.3635047376155853,0.46270808577537537,1.018917441368103,1.051376461982727,0.9392383098602295,0.5810825824737549,0.5486235618591309,0.6607617139816284,0.3470999002456665,0.38676196336746216,0.26613813638687134,vision,audio,0,0.6499999761581421,0.7234042286872864,0.5964912176132202
572,vyB00TXsimI$_$19,1.2000000476837158,2.274162769317627,0.2405228614807129,0.25415608286857605,0.5053210854530334,1.5436440706253052,1.3361073732376099,1.2993735074996948,0.34364402294158936,0.13610732555389404,0.099373459815979,0.19030460715293884,0.3800926208496094,0.42960280179977417,vision,vision,1,0.7142857313156128,0.4444444477558136,0.5454545617103577
224,f9O3YtZ2VfI$_$16,-1.0,0.982193112373352,0.18905766308307648,0.36758318543434143,0.4433591067790985,0.7110326886177063,0.7425601482391357,0.6028215289115906,1.7110326290130615,1.7425601482391357,1.6028215885162354,0.29988783597946167,0.2699716091156006,0.43014052510261536,vision,vision,1,0.6666666865348816,0.7037037014961243,0.5490196347236633
370,nbWiPyCm4g0$_$6,0.0,1.0706219673156738,0.16530340909957886,0.27943286299705505,0.5552637577056885,0.8136168718338013,0.8711361289024353,0.7423386573791504,0.8136168718338013,0.8711361289024353,0.7423386573791504,0.32323509454727173,0.26683998107910156,0.4099249243736267,vision,vision,1,0.5833333134651184,0.5555555820465088,0.6511628031730652
431,phBUpBr1hSo$_$15,-2.200000047683716,0.249355286359787,0.19108809530735016,0.2926664650440216,0.516245424747467,0.1751987487077713,0.26402178406715393,0.1612015664577484,2.3751988410949707,2.464021921157837,2.361201524734497,0.3582310676574707,0.2664274573326111,0.375341534614563,vision,vision,1,0.6800000071525574,0.5962733030319214,0.6288659572601318
102,d3_k5Xpfmik$_$11,2.4000000953674316,0.32406023144721985,0.1919369250535965,0.2928747832775116,0.5151882171630859,0.17849242687225342,0.2902654707431793,0.19091039896011353,2.2215075492858887,2.109734535217285,2.209089756011963,0.28622692823410034,0.41544973850250244,0.29832327365875244,vision,audio,0,0.625,0.5423728823661804,0.5714285969734192
41,cM3Yna7AavY$_$3,1.0,0.3618791103363037,0.21955883502960205,0.3562553822994232,0.42418572306632996,0.17347316443920135,0.26120758056640625,0.17481014132499695,0.8265268206596375,0.7387924194335938,0.8251898288726807,0.2990279197692871,0.4006085991859436,0.3003634810447693,vision,audio,0,0.6875,0.6382978558540344,0.48275861144065857
628,yvsjCA6Y5Fc$_$20,0.800000011920929,1.9031245708465576,0.21395370364189148,0.2849925756454468,0.5010536909103394,1.4220231771469116,1.4278478622436523,1.2861477136611938,0.6220231652259827,0.6278478503227234,0.4861477017402649,0.2813994586467743,0.2759886085987091,0.442611962556839,vision,vision,1,0.6666666865348816,0.5199999809265137,0.5666666626930237
312,k5Y_838nuGo$_$1,-1.600000023841858,2.3651063442230225,0.17796409130096436,0.43313801288604736,0.3888978660106659,1.4071468114852905,1.2247744798660278,1.205301284790039,3.0071468353271484,2.8247745037078857,2.8053011894226074,0.20849230885505676,0.3829140067100525,0.40859371423721313,audio,vision,0,0.5555555820465088,0.7222222089767456,0.4545454680919647
460,rnaNMUZpvvg$_$11,-2.5999999046325684,1.1081072092056274,0.13127006590366364,0.4222751259803772,0.44645485281944275,0.6937131285667419,0.7709492444992065,0.6599660515785217,3.293713092803955,3.3709492683410645,3.2599658966064453,0.3457719683647156,0.2672877013683319,0.38694027066230774,vision,vision,1,0.4166666567325592,0.7105262875556946,0.4888888895511627
513,tmZoasNr4rU$_$18,0.0,-0.910603940486908,0.2209414839744568,0.28175854682922363,0.4972999095916748,-0.8471695780754089,-0.8112426996231079,-0.8566203117370605,0.8471695780754089,0.8112426996231079,0.8566203117370605,0.3229754567146301,0.3640650510787964,0.3129594922065735,vision,audio,0,0.7777777910232544,0.6153846383094788,0.6666666865348816
595,wMbj6ajWbic$_$13,2.0,0.21163004636764526,0.16204416751861572,0.3681368827819824,0.4698188900947571,0.035231612622737885,0.14689095318317413,0.0755779966711998,1.964768409729004,1.8531090021133423,1.924422025680542,0.2781740427017212,0.40360844135284424,0.31821751594543457,vision,audio,0,0.5833333134651184,0.7017543911933899,0.5735294222831726
