index,id,y_true,y_pred,w_text,w_audio,w_vision,pred_text_center,pred_audio_center,pred_vision_center,err_text_center,err_audio_center,err_vision_center,oracle_w_text,oracle_w_audio,oracle_w_vision,router_selected_anchor,oracle_selected_anchor,router_oracle_match,availability_text,availability_audio,availability_vision
256,fvVhgmXxadc$_$8,-0.5,-1.3020431995391846,0.31721949577331543,0.3425314128398895,0.34024912118911743,-1.0813981294631958,-1.098073959350586,-1.098506212234497,0.5813981294631958,0.5980739593505859,0.5985062122344971,0.3380419611930847,0.3310684561729431,0.33088961243629456,audio,text,0,0.7142857313156128,0.699999988079071,0.75
207,f9O3YtZ2VfI$_$29,-2.0,1.23821222782135,0.36892539262771606,0.29930415749549866,0.3317703902721405,1.2478255033493042,1.20133638381958,1.2738988399505615,3.2478256225585938,3.20133638381958,3.2738988399505615,0.33027634024620056,0.35003790259361267,0.3196857273578644,text,audio,0,0.75,0.5909090638160706,0.6962025165557861
23,c7UH_rxdZv4$_$15,-2.4000000953674316,-1.4095759391784668,0.481506884098053,0.2532998025417328,0.26519331336021423,-1.1321405172348022,-1.1763067245483398,-1.1560890674591064,1.2678595781326294,1.2236933708190918,1.2439110279083252,0.3239235281944275,0.34230944514274597,0.33376699686050415,text,audio,0,1.0,0.625,0.699999988079071
157,d6hH302o4v8$_$30,-2.799999952316284,-1.7994788885116577,0.3175656497478485,0.4308773875236511,0.25155699253082275,-1.5099833011627197,-1.5137821435928345,-1.510652780532837,1.2900166511535645,1.2862178087234497,1.2893471717834473,0.3327125608921051,0.33429625630378723,0.3329911530017853,audio,audio,1,0.6666666865348816,0.7647058963775635,0.550000011920929
193,etzxEpPuc6I$_$4,0.800000011920929,1.5863118171691895,0.3340997099876404,0.3438017666339874,0.3220984637737274,1.6430174112319946,1.548747181892395,1.6682913303375244,0.8430173993110657,0.7487471699714661,0.8682913184165955,0.32321009039878845,0.3636312186717987,0.31315869092941284,audio,audio,1,0.6818181872367859,0.6415094137191772,0.6612903475761414
355,lXPQBPVc5Cw$_$12,-2.0,-0.8360961675643921,0.2588820457458496,0.26143893599510193,0.4796789884567261,-0.758756160736084,-0.7453494668006897,-0.7811985015869141,1.241243839263916,1.254650592803955,1.218801498413086,0.3320239186286926,0.326506108045578,0.34147003293037415,vision,vision,1,0.692307710647583,0.6428571343421936,1.0
16,c7UH_rxdZv4$_$6,-2.5999999046325684,0.2162172645330429,0.3333674967288971,0.35870617628097534,0.30792632699012756,0.38240689039230347,0.409531831741333,0.41699081659317017,2.9824068546295166,3.0095317363739014,3.0169906616210938,0.34195592999458313,0.33055588603019714,0.3274882137775421,audio,text,0,0.7200000286102295,0.7023809552192688,0.6800000071525574
664,zhpQhgha_KU$_$5,-2.200000047683716,-1.4568078517913818,0.4012678563594818,0.35414934158325195,0.24458281695842743,-1.146773338317871,-1.1354122161865234,-1.1687440872192383,1.0532267093658447,1.0645878314971924,1.0312559604644775,0.3318132758140564,0.3271344006061554,0.3410523235797882,text,vision,0,0.782608687877655,0.6666666865348816,0.5348837375640869
616,yDtzw_Y-7RU$_$9,-1.0,0.1641153246164322,0.2679482102394104,0.3452889621257782,0.3867628574371338,0.3123432397842407,0.3525039553642273,0.2900863289833069,1.3123432397842407,1.352504014968872,1.290086269378662,0.3356549143791199,0.3192206919193268,0.34512439370155334,vision,vision,1,0.5625,0.6372548937797546,0.7457627058029175
310,k5Y_838nuGo$_$28,2.0,0.20960208773612976,0.21724818646907806,0.35181498527526855,0.43093690276145935,0.3267991542816162,0.29728370904922485,0.3863895535469055,1.6732008457183838,1.70271635055542,1.6136105060577393,0.32882726192474365,0.31691649556159973,0.3542562425136566,vision,vision,1,0.5,0.6875,0.8421052694320679
654,zhpQhgha_KU$_$27,0.800000011920929,0.8111167550086975,0.25292423367500305,0.37923693656921387,0.3678387999534607,0.9823346734046936,0.9027554392814636,1.0378687381744385,0.18233466148376465,0.10275542736053467,0.23786872625350952,0.3292151987552643,0.3636477291584015,0.30713704228401184,audio,audio,1,0.6000000238418579,0.75,0.7857142686843872
511,tmZoasNr4rU$_$16,-1.399999976158142,-1.3016363382339478,0.39962515234947205,0.3509528338909149,0.24942204356193542,-1.0485503673553467,-1.035507321357727,-1.086320400238037,0.3514496088027954,0.36449265480041504,0.313679575920105,0.3297964930534363,0.3244631290435791,0.345740407705307,text,vision,0,0.8666666746139526,0.75,0.6315789222717285
168,dq3Nf_lMPnE$_$15,1.0,1.1813721656799316,0.35021743178367615,0.3882891833782196,0.26149338483810425,1.2147529125213623,1.1598803997039795,1.2434359788894653,0.2147529125213623,0.1598803997039795,0.24343597888946533,0.32940474152565,0.3527917265892029,0.3178035020828247,audio,audio,1,0.6470588445663452,0.6440678238868713,0.5
263,iiK8YX8oH1E$_$17,1.600000023841858,2.2902722358703613,0.4021488428115845,0.2245446741580963,0.3733065128326416,2.265967845916748,2.1143229007720947,2.26932954788208,0.6659678220748901,0.5143228769302368,0.6693295240402222,0.3120592534542084,0.37719011306762695,0.31075069308280945,text,audio,0,0.8666666746139526,0.5199999809265137,0.8275862336158752
34,cM3Yna7AavY$_$10,1.600000023841858,1.217498779296875,0.41178014874458313,0.29059383273124695,0.2976260781288147,1.276450753211975,1.2493860721588135,1.2958849668502808,0.3235492706298828,0.35061395168304443,0.30411505699157715,0.3342999815940857,0.3231795132160187,0.34252047538757324,text,vision,0,0.8571428656578064,0.6315789222717285,0.695652186870575
361,lXPQBPVc5Cw$_$18,-1.399999976158142,0.7056182026863098,0.22809775173664093,0.3978741466999054,0.37402811646461487,0.9399991631507874,0.8570117354393005,0.9765232801437378,2.339999198913574,2.257011651992798,2.37652325630188,0.32629862427711487,0.36196500062942505,0.31173640489578247,audio,audio,1,0.4545454680919647,0.6800000071525574,0.699999988079071
591,wMbj6ajWbic$_$9,-2.0,-1.2025206089019775,0.3607081472873688,0.34299835562705994,0.2962934970855713,-0.9559518694877625,-0.9718769192695618,-0.9375461339950562,1.0440480709075928,1.028123140335083,1.0624538660049438,0.33362680673599243,0.34033462405204773,0.3260386288166046,text,audio,0,0.800000011920929,0.7200000286102295,0.699999988079071
579,wMbj6ajWbic$_$21,1.600000023841858,-0.16986748576164246,0.3519219756126404,0.3341146409511566,0.3139634132385254,-0.025115741416811943,-0.0013183653354644775,0.041007108986377716,1.6251157522201538,1.601318359375,1.558992862701416,0.3208872377872467,0.33057600259780884,0.3485367000102997,text,vision,0,0.8235294222831726,0.7435897588729858,0.7659574747085571
599,wMbj6ajWbic$_$17,2.0,1.3121761083602905,0.40047770738601685,0.32539495825767517,0.27412736415863037,1.4380689859390259,1.3051800727844238,1.4773995876312256,0.5619310140609741,0.6948199272155762,0.5226004123687744,0.34514370560646057,0.2923201620578766,0.36253613233566284,text,vision,0,0.8181818127632141,0.6603773832321167,0.625
458,rnaNMUZpvvg$_$9,-1.399999976158142,-0.863381028175354,0.3298031985759735,0.34755927324295044,0.32263752818107605,-0.6573013067245483,-0.6381624341011047,-0.6548484563827515,0.7426986694335938,0.7618375420570374,0.7451515197753906,0.3363267481327057,0.3283761143684387,0.3352971076965332,audio,text,0,0.75,0.7241379022598267,0.739130437374115
242,f_pcplsH_V0$_$8,0.800000011920929,1.8601754903793335,0.4621294438838959,0.22547490894794464,0.3123956024646759,1.854592204093933,1.7368857860565186,1.8644118309020996,1.0545921325683594,0.9368857741355896,1.0644118785858154,0.3178327977657318,0.3682118356227875,0.3139553964138031,text,audio,0,0.875,0.4615384638309479,0.6774193644523621
316,k5Y_838nuGo$_$4,1.0,0.9439017176628113,0.33333253860473633,0.3944549262523651,0.27221256494522095,1.0582832098007202,0.9752883315086365,1.0977009534835815,0.058283209800720215,0.024711668491363525,0.09770095348358154,0.3339143991470337,0.34822511672973633,0.3178604543209076,audio,audio,1,0.7692307829856873,0.800000011920929,0.6666666865348816
304,k5Y_838nuGo$_$26,2.0,1.63872230052948,0.3465666174888611,0.24313852190971375,0.41029486060142517,1.655428171157837,1.582385778427124,1.6596564054489136,0.3445718288421631,0.417614221572876,0.3403435945510864,0.3426957428455353,0.31279247999191284,0.3445117473602295,vision,vision,1,0.8333333134651184,0.6000000238418579,0.9166666865348816
457,rnaNMUZpvvg$_$6,-2.5999999046325684,-1.095540165901184,0.22310134768486023,0.4091053903102875,0.3677932620048523,-0.9230877161026001,-0.9264426827430725,-0.9288364052772522,1.6769121885299683,1.6735572814941406,1.671163558959961,0.33206990361213684,0.33346542716026306,0.3344646990299225,audio,vision,0,0.5,0.75,0.75
629,yvsjCA6Y5Fc$_$21,-1.7999999523162842,-0.4705771505832672,0.2574100196361542,0.3863973319530487,0.3561926484107971,-0.3617313504219055,-0.34670448303222656,-0.39600688219070435,1.4382686614990234,1.4532954692840576,1.4039931297302246,0.33056023716926575,0.324409157037735,0.34503069519996643,audio,vision,0,0.6000000238418579,0.75,0.761904776096344
612,yDtzw_Y-7RU$_$5,0.5,-0.2593100070953369,0.3769512474536896,0.35663551092147827,0.26641321182250977,-0.09099932014942169,-0.0479075089097023,-0.0712144747376442,0.5909993052482605,0.5479075312614441,0.571214497089386,0.3246351480484009,0.34260106086730957,0.33276382088661194,text,audio,0,0.7894737124443054,0.7076923251152039,0.6153846383094788
343,lXPQBPVc5Cw$_$1,0.20000000298023224,0.8779508471488953,0.4241638481616974,0.3326641917228699,0.24317200481891632,0.8844825625419617,0.8686832785606384,0.9129554033279419,0.6844825744628906,0.6686832904815674,0.7129554152488708,0.3350106179714203,0.3416925370693207,0.3232969045639038,text,audio,0,0.8888888955116272,0.7142857313156128,0.6101694703102112
33,cM3Yna7AavY$_$11,2.0,1.3070679903030396,0.4167242646217346,0.27336636185646057,0.30990931391716003,1.3382588624954224,1.313584327697754,1.338724136352539,0.6617411375045776,0.6864156723022461,0.6612758636474609,0.33667659759521484,0.3264509439468384,0.3368724584579468,text,vision,0,0.7777777910232544,0.5199999809265137,0.6333333253860474
685,zhpQhgha_KU$_$32,0.800000011920929,0.16163495182991028,0.3238855004310608,0.3380797505378723,0.3380347490310669,0.31086575984954834,0.3438621163368225,0.3588293194770813,0.4891342520713806,0.45613789558410645,0.44117069244384766,0.3221757113933563,0.33574190735816956,0.3420823812484741,audio,vision,0,0.6499999761581421,0.6190476417541504,0.6710526347160339
178,dq3Nf_lMPnE$_$8,0.6000000238418579,2.523925542831421,0.4071539640426636,0.3559727370738983,0.2368732988834381,2.51011323928833,2.3518667221069336,2.510251760482788,1.9101132154464722,1.7518666982650757,1.9102517366409302,0.31069839000701904,0.3786569833755493,0.31064465641975403,text,audio,0,0.8500000238418579,0.7272727489471436,0.5769230723381042
81,cXypl4FnoZo$_$28,-2.200000047683716,0.8521204590797424,0.338043749332428,0.34186851978302,0.3200877010822296,0.951533854007721,0.9341713786125183,0.96588134765625,3.151533842086792,3.134171485900879,3.165881395339966,0.33287110924720764,0.3401743769645691,0.32695451378822327,audio,audio,1,0.7272727489471436,0.6800000071525574,0.699999988079071
322,k5Y_838nuGo$_$10,2.0,-0.2891899645328522,0.3028087317943573,0.34912899136543274,0.34806227684020996,-0.12196153402328491,-0.10205917060375214,-0.11113549768924713,2.1219615936279297,2.1020591259002686,2.111135482788086,0.3290756642818451,0.33736512064933777,0.33355918526649475,audio,audio,1,0.6363636255264282,0.6551724076271057,0.7058823704719543
60,cW1FSBF59ik$_$6,1.2000000476837158,2.238616704940796,0.2510116994380951,0.4359632730484009,0.31302502751350403,2.3269591331481934,2.189042091369629,2.3300297260284424,1.1269590854644775,0.9890420436859131,1.1300296783447266,0.314039021730423,0.3731250464916229,0.3128359317779541,audio,audio,1,0.625,0.8461538553237915,0.7333333492279053
572,vyB00TXsimI$_$19,1.2000000476837158,1.5943228006362915,0.42273542284965515,0.2738896608352661,0.30337485671043396,1.5720032453536987,1.4204282760620117,1.6333931684494019,0.3720031976699829,0.2204282283782959,0.43339312076568604,0.31900572776794434,0.3855525851249695,0.29544171690940857,text,audio,0,0.7142857313156128,0.4444444477558136,0.5454545617103577
192,etzxEpPuc6I$_$5,0.0,1.0099999904632568,0.3056948781013489,0.3475835919380188,0.3467215597629547,1.0434461832046509,1.0188430547714233,1.0731651782989502,1.0434461832046509,1.0188430547714233,1.0731651782989502,0.3339160680770874,0.344344824552536,0.3217390775680542,audio,audio,1,0.6086956262588501,0.6190476417541504,0.6710526347160339
587,wMbj6ajWbic$_$5,0.20000000298023224,1.223223090171814,0.3451586663722992,0.3601779639720917,0.29466333985328674,1.4048506021499634,1.2651879787445068,1.4458305835723877,1.2048505544662476,1.065187931060791,1.2458305358886719,0.31838932633399963,0.3791201412677765,0.3024905025959015,audio,audio,1,0.75,0.7179487347602844,0.6666666865348816
605,yDtzw_Y-7RU$_$20,-0.6000000238418579,0.7449740171432495,0.42399701476097107,0.28441348671913147,0.2915894091129303,0.894292950630188,0.797075092792511,0.9319489002227783,1.494292974472046,1.3970751762390137,1.5319489240646362,0.32433468103408813,0.3662433624267578,0.30942195653915405,text,audio,0,0.8666666746139526,0.6153846383094788,0.6774193644523621
428,phBUpBr1hSo$_$10,-1.399999976158142,-1.248095989227295,0.3244032561779022,0.33815330266952515,0.337443470954895,-1.0243052244186401,-1.0421278476715088,-1.0156328678131104,0.37569475173950195,0.3578721284866333,0.38436710834503174,0.3320332467556,0.3395134508609772,0.32845333218574524,audio,audio,1,0.6666666865348816,0.6333333253860474,0.6857143044471741
32,c7UH_rxdZv4$_$32,-2.200000047683716,-1.025229811668396,0.25842544436454773,0.415401428937912,0.32617318630218506,-0.7886608242988586,-0.8002933859825134,-0.7904983162879944,1.411339282989502,1.3997066020965576,1.4095017910003662,0.33146095275878906,0.3363158702850342,0.33222317695617676,audio,audio,1,0.6666666865348816,0.8500000238418579,0.782608687877655
426,pLTX3ipuDJI$_$8,-2.0,-1.0991766452789307,0.3087727725505829,0.3827948272228241,0.3084324300289154,-0.864841103553772,-0.8543210625648499,-0.8560361862182617,1.135158896446228,1.145678997039795,1.1439638137817383,0.33602264523506165,0.3316328227519989,0.33234459161758423,audio,text,0,0.7037037014961243,0.7580645084381104,0.7027027010917664
351,lXPQBPVc5Cw$_$8,2.5999999046325684,2.564601182937622,0.27948155999183655,0.33196601271629333,0.3885524570941925,2.572032928466797,2.4269139766693115,2.5650687217712402,0.027966976165771484,0.17308592796325684,0.034931182861328125,0.35392776131629944,0.2952120900154114,0.3508600890636444,vision,text,0,0.6363636255264282,0.6666666865348816,0.800000011920929
582,wMbj6ajWbic$_$28,2.4000000953674316,2.2481002807617188,0.40560561418533325,0.2861156761646271,0.30827876925468445,2.277134418487549,2.131960153579712,2.2820727825164795,0.12286567687988281,0.2680399417877197,0.11792731285095215,0.352083295583725,0.29365330934524536,0.35426339507102966,text,vision,0,0.7894737124443054,0.5600000023841858,0.6499999761581421
184,etzxEpPuc6I$_$14,-1.2000000476837158,-1.0624252557754517,0.3552917242050171,0.31153127551078796,0.33317697048187256,-0.8574079871177673,-0.8539169430732727,-0.8336672186851501,0.3425920605659485,0.3460831046104431,0.3663328289985657,0.3371082842350006,0.33564043045043945,0.32725125551223755,text,text,1,0.800000011920929,0.6800000071525574,0.7666666507720947
452,rnaNMUZpvvg$_$3,-0.800000011920929,-0.2533167898654938,0.412360817193985,0.2912774384021759,0.2963618040084839,-0.08906659483909607,-0.13851232826709747,-0.0835140272974968,0.7109334468841553,0.6614876985549927,0.7164859771728516,0.3271351754665375,0.3479923903942108,0.3248724937438965,text,audio,0,0.9090909361839294,0.6818181872367859,0.7407407164573669
248,fvVhgmXxadc$_$1,-0.4000000059604645,0.6846511363983154,0.29797807335853577,0.37047088146209717,0.3315510153770447,0.8940420150756836,0.8055412173271179,0.9378232359886169,1.2940419912338257,1.2055412530899048,1.3378232717514038,0.326400488615036,0.3645818531513214,0.3090176582336426,audio,audio,1,0.6499999761581421,0.7115384340286255,0.7045454382896423
228,f_pcplsH_V0$_$11,-0.4000000059604645,-1.4601242542266846,0.32860028743743896,0.41266101598739624,0.25873863697052,-1.2276345491409302,-1.226318120956421,-1.2120027542114258,0.8276345729827881,0.8263181447982788,0.8120027780532837,0.3309746980667114,0.3315197825431824,0.3375054895877838,audio,vision,0,0.7142857313156128,0.7749999761581421,0.5957446694374084
11,c7UH_rxdZv4$_$3,-0.800000011920929,-0.47294119000434875,0.3917984664440155,0.27992501854896545,0.32827651500701904,-0.27489763498306274,-0.2817857265472412,-0.26781415939331055,0.5251023769378662,0.5182142853736877,0.5321858525276184,0.3333519697189331,0.33623459935188293,0.3304134011268616,text,audio,0,0.8571428656578064,0.6363636255264282,0.7692307829856873
246,fvVhgmXxadc$_$12,0.0,1.2800045013427734,0.27305281162261963,0.3752064108848572,0.3517407774925232,1.3443671464920044,1.2942519187927246,1.3623348474502563,1.3443671464920044,1.2942519187927246,1.3623348474502563,0.3286837041378021,0.34993237257003784,0.32138386368751526,audio,audio,1,0.6666666865348816,0.7727272510528564,0.7924528121948242
385,nzpVDcQ0ywM$_$9,-2.200000047683716,-0.8268745541572571,0.34272223711013794,0.3543263375759125,0.3029514253139496,-0.6381060481071472,-0.6013885140419006,-0.6714380979537964,1.5618939399719238,1.59861159324646,1.5285619497299194,0.33359068632125854,0.31862595677375793,0.3477833867073059,audio,vision,0,0.7200000286102295,0.6836734414100647,0.6581196784973145
239,f_pcplsH_V0$_$7,0.0,-0.5756415128707886,0.2937403917312622,0.37837764620780945,0.32788199186325073,-0.3937901258468628,-0.3946564793586731,-0.4011966586112976,0.3937901258468628,0.3946564793586731,0.4011966586112976,0.33448147773742676,0.33411943912506104,0.3313990831375122,audio,text,0,0.6363636255264282,0.7083333134651184,0.6896551847457886
189,etzxEpPuc6I$_$1,0.4000000059604645,-0.5713094472885132,0.39357471466064453,0.340592622756958,0.26583269238471985,-0.3171144723892212,-0.30131787061691284,-0.30980491638183594,0.7171144485473633,0.7013179063796997,0.709804892539978,0.3301287889480591,0.33671221137046814,0.33315902948379517,text,audio,0,0.8518518805503845,0.7260273694992065,0.6551724076271057
586,wMbj6ajWbic$_$2,-0.800000011920929,0.3526400923728943,0.3396221995353699,0.3166060745716095,0.34377172589302063,0.4594276547431946,0.48631083965301514,0.49921321868896484,1.2594276666641235,1.2863109111785889,1.299213171005249,0.3426489233970642,0.331325888633728,0.3260251581668854,vision,text,0,0.7142857313156128,0.6265060305595398,0.7200000286102295
87,cXypl4FnoZo$_$4,-0.800000011920929,-0.745766282081604,0.3061104416847229,0.3670429587364197,0.32684656977653503,-0.5809842348098755,-0.5516697764396667,-0.592040479183197,0.21901577711105347,0.2483302354812622,0.20795953273773193,0.33580300211906433,0.3237208425998688,0.3404760956764221,audio,vision,0,0.7083333134651184,0.7464788556098938,0.7411764860153198
508,tmZoasNr4rU$_$15,0.25,-0.45712170004844666,0.30506640672683716,0.35686805844306946,0.338065505027771,-0.2763948440551758,-0.2676119804382324,-0.2880595326423645,0.5263948440551758,0.5176119804382324,0.5380595326423645,0.3337155282497406,0.3373994529247284,0.328885018825531,audio,audio,1,0.6666666865348816,0.692307710647583,0.71875
118,d3_k5Xpfmik$_$6,1.600000023841858,1.7508598566055298,0.36763516068458557,0.3018956482410431,0.33046913146972656,1.7869843244552612,1.6996474266052246,1.7827752828598022,0.18698430061340332,0.0996474027633667,0.18277525901794434,0.32044824957847595,0.35741305351257324,0.3221386969089508,text,audio,0,0.7727272510528564,0.6202531456947327,0.71875
622,yDtzw_Y-7RU$_$15,0.6000000238418579,1.7411457300186157,0.40673571825027466,0.3242008686065674,0.26906344294548035,1.839816689491272,1.6620197296142578,1.8598933219909668,1.239816665649414,1.0620197057724,1.2598932981491089,0.31016451120376587,0.3873579204082489,0.30247753858566284,text,audio,0,0.8461538553237915,0.6785714030265808,0.6363636255264282
430,phBUpBr1hSo$_$12,1.7999999523162842,-0.2891537547111511,0.29707106947898865,0.38276734948158264,0.3201615512371063,-0.12299379706382751,-0.09624795615673065,-0.10411792993545532,1.922993779182434,1.8962478637695312,1.9041178226470947,0.3270246982574463,0.3381426930427551,0.3348325788974762,audio,audio,1,0.6800000071525574,0.753333330154419,0.7166666388511658
123,d6hH302o4v8$_$24,-2.799999952316284,-1.7765575647354126,0.37341511249542236,0.372968465089798,0.25361645221710205,-1.5426777601242065,-1.540675163269043,-1.5930249691009521,1.2573221921920776,1.2593247890472412,1.206974983215332,0.32653525471687317,0.3257189095020294,0.3477458357810974,text,vision,0,0.75,0.695652186870575,0.5555555820465088
346,lXPQBPVc5Cw$_$5,-1.0,-0.43142589926719666,0.3716253638267517,0.3128487765789032,0.3155258297920227,-0.3100627064704895,-0.26913923025131226,-0.3492814302444458,0.6899372935295105,0.7308607697486877,0.6507185697555542,0.3332914412021637,0.31667086482048035,0.35003769397735596,text,vision,0,0.8214285969734192,0.6842105388641357,0.739130437374115
399,ob23OKe5a9Q$_$13,1.25,-0.08739755302667618,0.380326509475708,0.33875003457069397,0.2809235155582428,0.13671691715717316,0.15678641200065613,0.1721944361925125,1.1132830381393433,1.0932135581970215,1.077805519104004,0.32565343379974365,0.33392637968063354,0.3404201567173004,text,vision,0,0.7647058963775635,0.6538461446762085,0.6129032373428345
221,f9O3YtZ2VfI$_$15,-1.2000000476837158,0.14367935061454773,0.38045933842658997,0.26797983050346375,0.3515608608722687,0.18769246339797974,0.165376216173172,0.23468109965324402,1.3876924514770508,1.3653762340545654,1.4346811771392822,0.33655938506126404,0.3460800051689148,0.31736060976982117,text,audio,0,0.800000011920929,0.5714285969734192,0.7599999904632568
470,tIrG4oNLFzE$_$11,-1.600000023841858,-0.28113794326782227,0.36640194058418274,0.33636924624443054,0.2972288429737091,-0.1830713152885437,-0.131660595536232,-0.17864225804805756,1.416928768157959,1.468339443206787,1.4213577508926392,0.34103652834892273,0.31980976462364197,0.3391536772251129,text,text,1,0.75,0.6578947305679321,0.6470588445663452
647,yvsjCA6Y5Fc$_$17,-0.6000000238418579,-0.11656086891889572,0.3640460968017578,0.3406248986721039,0.2953290045261383,0.0014518480747938156,0.018426328897476196,0.053722456097602844,0.6014518737792969,0.6184263229370117,0.6537224650382996,0.34296420216560364,0.3357638716697693,0.3212718963623047,text,text,1,0.800000011920929,0.7142857313156128,0.694915235042572
575,wMbj6ajWbic$_$25,2.0,0.6668700575828552,0.3157491385936737,0.3741910755634308,0.31005972623825073,0.7293053865432739,0.7287521958351135,0.7710108757019043,1.270694613456726,1.2712478637695312,1.2289891242980957,0.32756561040878296,0.32733920216560364,0.3450951874256134,audio,vision,0,0.75,0.782608687877655,0.7407407164573669
502,tStelxIAHjw$_$9,-1.399999976158142,0.40900683403015137,0.18652093410491943,0.5519831776618958,0.2614959180355072,0.6773480772972107,0.620442271232605,0.7320147156715393,2.077347993850708,2.020442247390747,2.132014751434326,0.33248305320739746,0.35699474811553955,0.31052225828170776,audio,audio,1,0.4444444477558136,0.9333333373069763,0.6111111044883728
100,cXypl4FnoZo$_$19,0.800000011920929,0.4011898636817932,0.35116320848464966,0.3457166254520416,0.3031201660633087,0.5374643802642822,0.5098687410354614,0.5709118843078613,0.26253563165664673,0.29013127088546753,0.22908812761306763,0.33235958218574524,0.3210904896259308,0.3465498983860016,text,vision,0,0.75,0.6883116960525513,0.675000011920929
104,d3_k5Xpfmik$_$13,2.200000047683716,0.9357783794403076,0.39569544792175293,0.41364842653274536,0.1906561553478241,1.0429373979568481,0.9338527321815491,1.0895969867706299,1.1570626497268677,1.2661473751068115,1.110403060913086,0.3409954011440277,0.2975294291973114,0.3614751994609833,audio,vision,0,0.8888888955116272,0.8571428656578064,0.5199999809265137
67,cW1FSBF59ik$_$15,-2.5999999046325684,-0.17466424405574799,0.2884998023509979,0.38976335525512695,0.32173678278923035,0.015998600050807,0.05547833442687988,0.057885512709617615,2.6159985065460205,2.6554782390594482,2.6578853130340576,0.34472814202308655,0.328128844499588,0.3271430432796478,audio,text,0,0.5833333134651184,0.6808510422706604,0.6371681690216064
268,iiK8YX8oH1E$_$2,1.2000000476837158,0.18792441487312317,0.30745404958724976,0.35787010192871094,0.3346758782863617,0.3479413390159607,0.30064988136291504,0.4162799119949341,0.8520587086677551,0.8993501663208008,0.7837201356887817,0.3298395872116089,0.31090646982192993,0.35925400257110596,audio,vision,0,0.6428571343421936,0.6666666865348816,0.6842105388641357
387,nzpVDcQ0ywM$_$11,0.0,-0.7291733622550964,0.3454071879386902,0.30037492513656616,0.3542178273200989,-0.6081019639968872,-0.6199076175689697,-0.6504946947097778,0.6081019639968872,0.6199076175689697,0.6504946947097778,0.34086185693740845,0.3358686566352844,0.32326948642730713,vision,text,0,0.7692307829856873,0.6470588445663452,0.7804877758026123
254,fvVhgmXxadc$_$6,-0.20000000298023224,-0.8496282696723938,0.3702620565891266,0.3041141629219055,0.32562384009361267,-0.6251075267791748,-0.6054372787475586,-0.6420184373855591,0.42510753870010376,0.40543729066848755,0.44201844930648804,0.33289217948913574,0.3411787152290344,0.3259291350841522,text,audio,0,0.800000011920929,0.6499999761581421,0.7361111044883728
245,fvVhgmXxadc$_$13,0.20000000298023224,-0.04879454895853996,0.34299570322036743,0.3604756295681,0.2965286672115326,0.1666872352361679,0.18458425998687744,0.21371705830097198,0.03331276774406433,0.015415742993354797,0.013717055320739746,0.328146368265152,0.33557015657424927,0.33628344535827637,audio,vision,0,0.75,0.7222222089767456,0.6769230961799622
557,vyB00TXsimI$_$2,-2.4000000953674316,-0.2575015723705292,0.2384915053844452,0.3882834017276764,0.3732251524925232,-0.20120221376419067,-0.23911531269550323,-0.16836361587047577,2.1987979412078857,2.1608848571777344,2.2316365242004395,0.3324119746685028,0.348544716835022,0.31904336810112,audio,audio,1,0.5185185074806213,0.7111111283302307,0.7407407164573669
36,cM3Yna7AavY$_$12,-1.0,-0.8177599310874939,0.3862939476966858,0.389911025762558,0.2237950563430786,-0.5537132620811462,-0.5457358360290527,-0.5817379951477051,0.44628673791885376,0.45426416397094727,0.4182620048522949,0.3304988145828247,0.32721948623657227,0.34228166937828064,audio,vision,0,0.7857142686843872,0.739130437374115,0.5135135054588318
404,ob23OKe5a9Q$_$2,1.0,1.5102723836898804,0.23069985210895538,0.4888833165168762,0.28041690587997437,1.5806043148040771,1.5074012279510498,1.6091080904006958,0.5806043148040771,0.5074012279510498,0.6091080904006958,0.3267099857330322,0.35801568627357483,0.31527432799339294,audio,audio,1,0.4285714328289032,0.75,0.5263158082962036
136,d6hH302o4v8$_$3,0.20000000298023224,0.5991545915603638,0.3466205894947052,0.34381240606307983,0.30956703424453735,0.6909923553466797,0.6960001587867737,0.7145063877105713,0.49099236726760864,0.49600017070770264,0.5145063996315002,0.3372914791107178,0.3351866900920868,0.3275218904018402,text,text,1,0.8333333134651184,0.7755101919174194,0.7758620977401733
271,iiK8YX8oH1E$_$7,-1.600000023841858,-0.848942220211029,0.30868062376976013,0.3524308204650879,0.3388884961605072,-0.668389081954956,-0.7181585431098938,-0.6779462099075317,0.9316109418869019,0.8818414807319641,0.9220538139343262,0.32507577538490295,0.3459416627883911,0.32898253202438354,audio,audio,1,0.6363636255264282,0.6499999761581421,0.6808510422706604
307,k5Y_838nuGo$_$21,-0.20000000298023224,-1.1388297080993652,0.2617463767528534,0.35929468274116516,0.37895891070365906,-1.0675488710403442,-1.052804946899414,-1.0986875295639038,0.8675488829612732,0.852804958820343,0.8986875414848328,0.3355225920677185,0.34176355600357056,0.32271385192871094,vision,audio,0,0.6666666865348816,0.7727272510528564,0.8518518805503845
162,d6hH302o4v8$_$33,-3.0,-1.972381830215454,0.5421367883682251,0.2577064335346222,0.2001568078994751,-1.6180455684661865,-1.6499977111816406,-1.6552512645721436,1.3819544315338135,1.3500022888183594,1.3447487354278564,0.3237970769405365,0.33699125051498413,0.3392115831375122,text,vision,0,1.0,0.5714285969734192,0.5
331,k5Y_838nuGo$_$31,-1.0,-1.17457914352417,0.28769421577453613,0.4181124269962311,0.2941933870315552,-0.9319709539413452,-0.9174181818962097,-0.9575995206832886,0.06802904605865479,0.08258181810379028,0.042400479316711426,0.33172687888145447,0.325747013092041,0.34252604842185974,audio,vision,0,0.692307710647583,0.8260869383811951,0.7037037014961243
468,rnaNMUZpvvg$_$19,-1.399999976158142,-1.1529074907302856,0.3515927195549011,0.3516167998313904,0.29679054021835327,-0.9012235999107361,-0.9150616526603699,-0.8950939178466797,0.498776376247406,0.4849383234977722,0.5049060583114624,0.3322463035583496,0.33804333209991455,0.32971033453941345,audio,audio,1,0.695652186870575,0.6415094137191772,0.609375
607,yDtzw_Y-7RU$_$22,2.0,1.9766695499420166,0.49732840061187744,0.2627185583114624,0.23995304107666016,2.0137014389038086,1.8235269784927368,2.024963140487671,0.013701438903808594,0.17647302150726318,0.0249631404876709,0.3568980395793915,0.29119282960891724,0.3519091308116913,text,text,1,1.0,0.625,0.6315789222717285
12,c7UH_rxdZv4$_$2,-2.5999999046325684,0.6544835567474365,0.21518419682979584,0.40835869312286377,0.3764570951461792,0.7394405007362366,0.7370275855064392,0.7787227034568787,3.33944034576416,3.3370275497436523,3.378722667694092,0.33839765191078186,0.33941978216171265,0.3221825659275055,audio,audio,1,0.4000000059604645,0.6666666865348816,0.6800000071525574
363,nbWiPyCm4g0$_$10,1.2000000476837158,1.290327787399292,0.3176082670688629,0.3893789052963257,0.2930128574371338,1.4255099296569824,1.3506587743759155,1.4066165685653687,0.2255098819732666,0.1506587266921997,0.20661652088165283,0.32030966877937317,0.3517259359359741,0.3279643952846527,audio,audio,1,0.7272727489471436,0.7804877758026123,0.6875
30,c7UH_rxdZv4$_$30,1.2000000476837158,0.9443703293800354,0.41768115758895874,0.32713744044303894,0.2551814615726471,0.9452667236328125,0.9167159795761108,0.9743754863739014,0.2547333240509033,0.283284068107605,0.22562456130981445,0.33311158418655396,0.32143300771713257,0.3454554080963135,text,vision,0,0.875,0.699999988079071,0.6285714507102966
40,cM3Yna7AavY$_$1,2.200000047683716,-0.647659182548523,0.4076833724975586,0.30791759490966797,0.28439903259277344,-0.41442441940307617,-0.3842918276786804,-0.43715769052505493,2.614424467086792,2.584291934967041,2.637157678604126,0.3321853280067444,0.34493595361709595,0.3228786885738373,text,audio,0,0.8333333134651184,0.6399999856948853,0.6526315808296204
257,iiK8YX8oH1E$_$11,1.0,-0.005161163862794638,0.3797198235988617,0.30570188164711,0.31457823514938354,0.1830914169549942,0.1917613297700882,0.24626998603343964,0.816908597946167,0.808238685131073,0.7537299990653992,0.32330322265625,0.3268260359764099,0.3498707711696625,text,vision,0,0.807692289352417,0.6455696225166321,0.7127659320831299
305,k5Y_838nuGo$_$27,-0.800000011920929,-0.6585697531700134,0.33255916833877563,0.3633289933204651,0.3041118383407593,-0.4421842098236084,-0.4194387197494507,-0.4491086006164551,0.35781580209732056,0.38056129217147827,0.3508914113044739,0.3354959785938263,0.3260915279388428,0.33841249346733093,audio,vision,0,0.6969696879386902,0.6881720423698425,0.6517857313156128
576,wMbj6ajWbic$_$26,1.7999999523162842,1.094784140586853,0.4323876202106476,0.28227153420448303,0.285340815782547,1.0764058828353882,1.0470198392868042,1.1039127111434937,0.723594069480896,0.75298011302948,0.6960872411727905,0.333453893661499,0.32142752408981323,0.34511858224868774,text,vision,0,0.9166666865348816,0.6499999761581421,0.7083333134651184
132,d6hH302o4v8$_$29,-1.7999999523162842,0.36389094591140747,0.36226412653923035,0.2732824981212616,0.36445337533950806,0.5411075949668884,0.5473774075508118,0.5113760232925415,2.3411076068878174,2.347377300262451,2.3113760948181152,0.3300267457962036,0.3274504244327545,0.3425227999687195,vision,vision,1,0.7777777910232544,0.5857142806053162,0.7804877758026123
410,ob23OKe5a9Q$_$8,0.6000000238418579,2.0562095642089844,0.3574083149433136,0.368642657995224,0.2739490568637848,2.023458242416382,1.923436164855957,2.0280163288116455,1.423458218574524,1.3234361410140991,1.4280163049697876,0.31974437832832336,0.36232784390449524,0.3179277777671814,audio,audio,1,0.7777777910232544,0.7383177280426025,0.6440678238868713
197,etzxEpPuc6I$_$8,-1.0,-0.6863611936569214,0.3016389310359955,0.32604458928108215,0.3723164498806,-0.5383872389793396,-0.5697232484817505,-0.5312445163726807,0.4616127610206604,0.4302767515182495,0.46875548362731934,0.3299177587032318,0.3430970311164856,0.3269852101802826,vision,audio,0,0.6666666865348816,0.6511628031730652,0.7692307829856873
577,wMbj6ajWbic$_$27,0.0,-0.11328978091478348,0.31439298391342163,0.33759137988090515,0.34801557660102844,0.007980071008205414,-0.007010653614997864,0.08549123257398605,0.007980071008205414,0.007010653614997864,0.08549123257398605,0.3437761962413788,0.3441930413246155,0.3120307922363281,vision,audio,0,0.7777777910232544,0.7599999904632568,0.8275862336158752
335,lXPQBPVc5Cw$_$26,-2.799999952316284,-1.2630385160446167,0.38622573018074036,0.3609122633934021,0.25286200642585754,-0.9429337382316589,-0.9406730532646179,-0.939215362071991,1.8570661544799805,1.8593268394470215,1.8607845306396484,0.33416417241096497,0.3332211971282959,0.33261457085609436,text,text,1,0.9090909361839294,0.8214285969734192,0.6969696879386902
594,wMbj6ajWbic$_$10,-1.7999999523162842,0.12273798882961273,0.2921130955219269,0.3574380874633789,0.3504487872123718,0.2515774071216583,0.28951495885849,0.30272555351257324,2.05157732963562,2.089514970779419,2.1027255058288574,0.34581127762794495,0.3297950327396393,0.32439374923706055,audio,text,0,0.6363636255264282,0.6842105388641357,0.7272727489471436
29,c7UH_rxdZv4$_$31,-1.399999976158142,-0.6852472424507141,0.3255818486213684,0.35365742444992065,0.32076072692871094,-0.45729511976242065,-0.4411386251449585,-0.46565449237823486,0.9427048563957214,0.9588613510131836,0.9343454837799072,0.3343909978866577,0.3277055323123932,0.3379034698009491,audio,vision,0,0.7647058963775635,0.7528089880943298,0.7570093274116516
103,d3_k5Xpfmik$_$10,0.4000000059604645,0.09055916965007782,0.29809659719467163,0.3707626760005951,0.3311406970024109,0.33552998304367065,0.3689713478088379,0.3612942099571228,0.06447002291679382,0.031028658151626587,0.038705796003341675,0.32515913248062134,0.3390394151210785,0.3358014225959778,audio,audio,1,0.7142857313156128,0.7692307829856873,0.7662337422370911
203,f9O3YtZ2VfI$_$21,2.0,0.8835523128509521,0.31942301988601685,0.3819175362586975,0.29865947365760803,0.9667397141456604,0.9303930401802063,0.9984423518180847,1.0332603454589844,1.0696070194244385,1.0015575885772705,0.3337775468826294,0.3189522325992584,0.3472702205181122,audio,vision,0,0.699999988079071,0.7368420958518982,0.6666666865348816
163,d6hH302o4v8$_$32,-0.6000000238418579,-0.023045677691698074,0.47588279843330383,0.23019294440746307,0.2939242124557495,0.11285131424665451,0.12359684705734253,0.11706337332725525,0.712851345539093,0.7235968708992004,0.7170634269714355,0.3354121148586273,0.3309370279312134,0.3336507976055145,text,text,1,1.0,0.5833333134651184,0.7586206793785095
487,tIrG4oNLFzE$_$8,-1.2000000476837158,0.3495205044746399,0.27145880460739136,0.40079087018966675,0.3277502954006195,0.5754077434539795,0.5767699480056763,0.5891124606132507,1.7754077911376953,1.776769995689392,1.7891125679016113,0.3354226052761078,0.3348519504070282,0.329725444316864,audio,text,0,0.6000000238418579,0.7435897588729858,0.6944444179534912
167,dq3Nf_lMPnE$_$12,-1.600000023841858,0.9786956906318665,0.34914857149124146,0.29826003313064575,0.352591335773468,0.9887524247169495,0.9708275198936462,1.0269960165023804,2.588752508163452,2.5708274841308594,2.6269960403442383,0.33602383732795715,0.3436378836631775,0.32033830881118774,vision,audio,0,0.7857142686843872,0.6538461446762085,0.7903226017951965
571,vyB00TXsimI$_$16,0.4000000059604645,0.687833309173584,0.37131527066230774,0.3539988100528717,0.27468594908714294,0.8144652247428894,0.799900472164154,0.8031489253044128,0.4144652187824249,0.3999004662036896,0.40314891934394836,0.3297480344772339,0.33580636978149414,0.334445595741272,text,audio,0,0.7878788113594055,0.7127659320831299,0.6371681690216064
222,f9O3YtZ2VfI$_$14,1.2000000476837158,0.39990001916885376,0.4037487208843231,0.23480582237243652,0.36144542694091797,0.5228475332260132,0.5013989806175232,0.5619322061538696,0.6771525144577026,0.6986010670661926,0.6380678415298462,0.33072999119758606,0.32198071479797363,0.3472893238067627,text,vision,0,0.8888888955116272,0.5666666626930237,0.8333333134651184
478,tIrG4oNLFzE$_$18,-2.200000047683716,-1.283282995223999,0.34829267859458923,0.3698647916316986,0.28184249997138977,-1.0270333290100098,-1.0121676921844482,-1.0189498662948608,1.172966718673706,1.1878323554992676,1.181050181388855,0.3365263342857361,0.33033066987991333,0.333143025636673,audio,text,0,0.8399999737739563,0.8181818127632141,0.7341772317886353
461,rnaNMUZpvvg$_$10,-2.5999999046325684,-0.9133046865463257,0.4170292317867279,0.3502150774002075,0.23275576531887054,-0.6407501101493835,-0.655512809753418,-0.6185842752456665,1.95924973487854,1.9444870948791504,1.9814156293869019,0.334303081035614,0.3405293822288513,0.32516756653785706,text,audio,0,0.9230769276618958,0.782608687877655,0.6296296119689941
119,d3_k5Xpfmik$_$9,1.399999976158142,1.9234040975570679,0.42897552251815796,0.2734147906303406,0.2976096570491791,1.9165643453598022,1.8240220546722412,1.9189246892929077,0.5165643692016602,0.4240220785140991,0.5189247131347656,0.3205448389053345,0.3598546087741852,0.3196004629135132,text,audio,0,1.0,0.71875,0.8157894611358643
9,c7UH_rxdZv4$_$29,0.6000000238418579,-0.17288191616535187,0.2672574520111084,0.3937826156616211,0.3389599323272705,0.07635965943336487,0.08969251811504364,0.1277344673871994,0.5236403942108154,0.5103074908256531,0.4722655415534973,0.32434555888175964,0.3297964334487915,0.3458579480648041,audio,vision,0,0.5833333134651184,0.7234042286872864,0.7017543911933899
562,vyB00TXsimI$_$9,-0.25,0.7917888760566711,0.3731917142868042,0.28862228989601135,0.33818596601486206,0.8400089144706726,0.8420442938804626,0.8719316124916077,1.0900089740753174,1.0920443534851074,1.121931552886963,0.33802729845046997,0.33716830611228943,0.324804425239563,text,text,1,0.800000011920929,0.6176470518112183,0.75
499,tStelxIAHjw$_$4,-2.799999952316284,-0.8934476971626282,0.3448393940925598,0.35545751452445984,0.29970312118530273,-0.6631937623023987,-0.649138331413269,-0.6400421857833862,2.1368062496185303,2.1508617401123047,2.1599578857421875,0.3385172188282013,0.33262166380882263,0.3288610875606537,audio,text,0,0.7407407164573669,0.7037037014961243,0.6701030731201172
423,pLTX3ipuDJI$_$7,0.800000011920929,-0.9794482588768005,0.36738088726997375,0.2540941536426544,0.3785249590873718,-0.7612264752388,-0.7663713693618774,-0.7516570091247559,1.561226487159729,1.5663714408874512,1.55165696144104,0.3327096998691559,0.3305768370628357,0.3367134630680084,vision,vision,1,0.7857142686843872,0.5476190447807312,0.800000011920929
365,nbWiPyCm4g0$_$3,-1.7999999523162842,0.17647045850753784,0.3445327877998352,0.34380975365638733,0.3116574287414551,0.41021937131881714,0.32324010133743286,0.4180617928504944,2.210219383239746,2.1232399940490723,2.218061685562134,0.3220508098602295,0.35903996229171753,0.318909227848053,text,audio,0,0.75,0.699999988079071,0.699999988079071
437,phBUpBr1hSo$_$20,-1.25,1.7747511863708496,0.29763519763946533,0.3309799134731293,0.371384859085083,1.8828905820846558,1.7468613386154175,1.906052827835083,3.1328907012939453,2.996861457824707,3.156052827835083,0.3167754113674164,0.37548914551734924,0.307735413312912,vision,audio,0,0.6666666865348816,0.6666666865348816,0.7758620977401733
619,yDtzw_Y-7RU$_$10,-0.6000000238418579,-0.37371939420700073,0.44738706946372986,0.3391139507293701,0.2134990096092224,-0.1381022036075592,-0.1271631270647049,-0.12967915832996368,0.4618978202342987,0.4728369116783142,0.4703208804130554,0.3360276520252228,0.33146411180496216,0.3325082063674927,text,text,1,0.8888888955116272,0.695652186870575,0.5185185074806213
455,rnaNMUZpvvg$_$4,-2.4000000953674316,-1.0928540229797363,0.31987494230270386,0.38700050115585327,0.29312458634376526,-0.8601272702217102,-0.8430648446083069,-0.8340763449668884,1.5398728847503662,1.5569353103637695,1.5659236907958984,0.33934441208839417,0.33218345046043396,0.3284721076488495,audio,text,0,0.6734693646430969,0.716312050819397,0.6294117569923401
313,k5Y_838nuGo$_$3,0.800000011920929,1.4789726734161377,0.31265705823898315,0.3495537340641022,0.33778923749923706,1.533469796180725,1.457550287246704,1.5470943450927734,0.7334697842597961,0.6575502753257751,0.7470943331718445,0.32439500093460083,0.35668790340423584,0.31891709566116333,audio,audio,1,0.6428571343421936,0.644444465637207,0.6808510422706604
681,zhpQhgha_KU$_$30,-2.0,-1.3689452409744263,0.20695146918296814,0.38053733110427856,0.4125112295150757,-1.3575211763381958,-1.3352348804473877,-1.4014005661010742,0.6424788236618042,0.6647651195526123,0.5985994338989258,0.3301520347595215,0.32108160853385925,0.34876641631126404,vision,vision,1,0.5714285969734192,0.824999988079071,0.9166666865348816
238,f_pcplsH_V0$_$4,0.5,-0.22526992857456207,0.30984506011009216,0.3919929265975952,0.298162043094635,-0.01809786818921566,0.017061512917280197,0.029610080644488335,0.5180978775024414,0.4829384982585907,0.4703899323940277,0.3219183087348938,0.3363818824291229,0.34169983863830566,audio,vision,0,0.7083333134651184,0.7733333110809326,0.6888889074325562
609,yDtzw_Y-7RU$_$1,0.800000011920929,1.4405744075775146,0.3160160183906555,0.3783826231956482,0.30560141801834106,1.5028609037399292,1.457655906677246,1.4787547588348389,0.7028608918190002,0.6576558947563171,0.6787547469139099,0.32375824451446533,0.34257933497428894,0.33366239070892334,audio,audio,1,0.6470588445663452,0.6851851940155029,0.6307692527770996
330,k5Y_838nuGo$_$18,0.4000000059604645,0.5678415298461914,0.26260262727737427,0.3810690641403198,0.3563283085823059,0.8010807037353516,0.7260955572128296,0.8369090557098389,0.4010806977748871,0.3260955512523651,0.4369090497493744,0.32738929986953735,0.35956013202667236,0.3130505084991455,audio,audio,1,0.75,0.8823529481887817,0.8999999761581421
270,iiK8YX8oH1E$_$4,-2.0,-0.7917962670326233,0.33964112401008606,0.3411116302013397,0.31924721598625183,-0.55709308385849,-0.5473477840423584,-0.5513627529144287,1.4429068565368652,1.4526522159576416,1.4486372470855713,0.33548545837402344,0.33142349123954773,0.33309102058410645,audio,text,0,0.8235294222831726,0.7727272510528564,0.7924528121948242
388,nzpVDcQ0ywM$_$10,-1.0,-0.7651743292808533,0.35498476028442383,0.33784493803977966,0.3071703314781189,-0.5485713481903076,-0.518109917640686,-0.561991274356842,0.4514286518096924,0.48189008235931396,0.43800872564315796,0.33562055230140686,0.32308146357536316,0.34129801392555237,text,vision,0,0.7666666507720947,0.6888889074325562,0.6944444179534912
492,tStelxIAHjw$_$15,0.4000000059604645,1.1199584007263184,0.3537081778049469,0.3359174132347107,0.3103744089603424,1.1386866569519043,1.0901755094528198,1.1782342195510864,0.7386866807937622,0.6901755332946777,0.7782342433929443,0.3317539095878601,0.352493554353714,0.3157525360584259,text,audio,0,0.800000011920929,0.7222222089767456,0.734375
463,rnaNMUZpvvg$_$12,-1.0,-0.41346290707588196,0.3233835995197296,0.34619471430778503,0.33042165637016296,-0.2553909420967102,-0.245200976729393,-0.2533351182937622,0.7446090579032898,0.7547990083694458,0.7466648817062378,0.3350333869457245,0.33079302310943604,0.3341735899448395,audio,text,0,0.7272727489471436,0.7083333134651184,0.7368420958518982
102,d3_k5Xpfmik$_$11,2.4000000953674316,2.093923568725586,0.36949479579925537,0.3220461905002594,0.30845898389816284,2.1824352741241455,2.0165956020355225,2.1757564544677734,0.21756482124328613,0.3834044933319092,0.2242436408996582,0.35657456517219543,0.2898152768611908,0.3536101281642914,text,text,1,0.75,0.6271186470985413,0.6571428775787354
205,f9O3YtZ2VfI$_$23,1.600000023841858,1.304168462753296,0.36292973160743713,0.27369385957717896,0.3633763790130615,1.3336504697799683,1.2613470554351807,1.367374062538147,0.26634955406188965,0.33865296840667725,0.23262596130371094,0.3382217288017273,0.3089941740036011,0.35278406739234924,vision,vision,1,0.75,0.5555555820465088,0.75
95,cXypl4FnoZo$_$12,2.0,1.7624070644378662,0.3799995183944702,0.32762056589126587,0.29237988591194153,1.7754827737808228,1.6855392456054688,1.7910645008087158,0.22451722621917725,0.31446075439453125,0.20893549919128418,0.34325000643730164,0.3067489266395569,0.3500010669231415,text,vision,0,0.8666666746139526,0.738095223903656,0.7346938848495483
407,ob23OKe5a9Q$_$7,0.6000000238418579,0.8259119987487793,0.3317151367664337,0.35131070017814636,0.3169741630554199,0.9064527750015259,0.8915616869926453,0.9429047107696533,0.30645275115966797,0.29156166315078735,0.3429046869277954,0.3362196683883667,0.34253665804862976,0.32124367356300354,audio,audio,1,0.7647058963775635,0.7395833134651184,0.7413793206214905
402,ob23OKe5a9Q$_$1,1.2000000476837158,1.9823077917099,0.3620956838130951,0.39388608932495117,0.24401825666427612,1.9856797456741333,1.8853659629821777,1.994481086730957,0.7856796979904175,0.6853659152984619,0.7944810390472412,0.32024067640304565,0.3630225658416748,0.31673672795295715,audio,audio,1,0.875,0.8620689511299133,0.6764705777168274
544,vvZ4IcEtiZc$_$3,1.399999976158142,-0.7901700139045715,0.30379775166511536,0.3591385781764984,0.33706367015838623,-0.6469917297363281,-0.6100049018859863,-0.6776323318481445,2.0469918251037598,2.010004997253418,2.077632427215576,0.3322543203830719,0.3479762375354767,0.31976938247680664,audio,audio,1,0.6666666865348816,0.6976743936538696,0.7184466123580933
424,pLTX3ipuDJI$_$6,-1.399999976158142,0.44341176748275757,0.3931882083415985,0.3224906623363495,0.2843210995197296,0.5426443219184875,0.5531453490257263,0.5827685594558716,1.9426443576812744,1.9531452655792236,1.9827685356140137,0.3403627872467041,0.335924357175827,0.32371285557746887,text,text,1,0.8500000238418579,0.698113203048706,0.6875
650,yvsjCA6Y5Fc$_$18,-2.200000047683716,-1.1515499353408813,0.39538073539733887,0.2995385527610779,0.305080771446228,-0.8879867196083069,-0.8923826813697815,-0.8860952854156494,1.3120133876800537,1.307617425918579,1.3139047622680664,0.3329838514328003,0.33481860160827637,0.33219754695892334,text,audio,0,0.8148148059844971,0.6216216087341309,0.6842105388641357
657,zhpQhgha_KU$_$22,0.6000000238418579,-0.8328790664672852,0.3050903081893921,0.3348923623561859,0.3600173592567444,-0.6706964373588562,-0.6800878047943115,-0.6688238978385925,1.2706964015960693,1.2800878286361694,1.2688238620758057,0.3343729078769684,0.3304705321788788,0.33515650033950806,vision,vision,1,0.7272727489471436,0.7222222089767456,0.8095238208770752
678,zhpQhgha_KU$_$19,-0.800000011920929,-0.8198402523994446,0.3401036858558655,0.3197903037071228,0.3401060402393341,-0.6002407073974609,-0.5834928154945374,-0.6099628806114197,0.19975930452346802,0.2165071964263916,0.19003713130950928,0.3342793881893158,0.3273540139198303,0.3383665680885315,vision,vision,1,0.75,0.6666666865348816,0.75
255,fvVhgmXxadc$_$9,-0.4000000059604645,0.3595174551010132,0.3718816041946411,0.3771525025367737,0.25096595287323,0.5099772810935974,0.4382402300834656,0.575742244720459,0.9099773168563843,0.8382402658462524,0.9757422208786011,0.3316862881183624,0.3628033995628357,0.3055102825164795,audio,audio,1,0.9230769276618958,0.8787878751754761,0.7250000238418579
287,jUzDDGyPkXU$_$4,-1.600000023841858,1.6975624561309814,0.3485422432422638,0.3321536183357239,0.31930413842201233,1.7415482997894287,1.650130271911621,1.7501962184906006,3.341548442840576,3.2501301765441895,3.350196361541748,0.32151171565055847,0.36043334007263184,0.3180549442768097,text,audio,0,0.7631579041481018,0.6853932738304138,0.71875
425,pLTX3ipuDJI$_$9,0.0,-0.4328747093677521,0.38309672474861145,0.3378464877605438,0.2790568172931671,-0.19708654284477234,-0.16653646528720856,-0.1859772950410843,0.19708654284477234,0.16653646528720856,0.1859772950410843,0.3275563716888428,0.3403068780899048,0.33213672041893005,text,audio,0,0.8125,0.6969696879386902,0.6538461446762085
442,phBUpBr1hSo$_$4,-0.800000011920929,0.23326444625854492,0.4223689138889313,0.32571277022361755,0.25191834568977356,0.3998749256134033,0.40126997232437134,0.4366523027420044,1.1998748779296875,1.2012699842453003,1.2366523742675781,0.3386012315750122,0.3380112648010254,0.3233875036239624,text,text,1,0.875,0.692307710647583,0.6160714030265808
182,etzxEpPuc6I$_$12,0.6666666865348816,-0.4885866641998291,0.3270145058631897,0.4430670142173767,0.22991852462291718,-0.2605811357498169,-0.2678735852241516,-0.24648936092853546,0.9272478222846985,0.9345402717590332,0.9131560325622559,0.3323698341846466,0.32935383915901184,0.33827629685401917,audio,vision,0,0.7777777910232544,0.875,0.6000000238418579
449,rnaNMUZpvvg$_$21,-2.5999999046325684,-0.8692032098770142,0.277353435754776,0.37383052706718445,0.34881603717803955,-0.7111077308654785,-0.7170097827911377,-0.6828471422195435,1.8888921737670898,1.8829901218414307,1.917152762413025,0.3363949954509735,0.33888596296310425,0.32471901178359985,audio,audio,1,0.6363636255264282,0.7333333492279053,0.75
26,c7UH_rxdZv4$_$16,-2.0,-1.3006895780563354,0.34541448950767517,0.33091071248054504,0.3236747980117798,-1.1435521841049194,-1.1276384592056274,-1.1792948246002197,0.8564478158950806,0.8723615407943726,0.8207051753997803,0.3304697275161743,0.32396090030670166,0.34556934237480164,text,vision,0,0.800000011920929,0.7272727489471436,0.7692307829856873
436,phBUpBr1hSo$_$18,0.800000011920929,0.8178097605705261,0.2932795584201813,0.40445226430892944,0.3022681772708893,0.8785611391067505,0.8615657687187195,0.9158385992050171,0.07856112718582153,0.06156575679779053,0.11583858728408813,0.3360278606414795,0.343242883682251,0.32072925567626953,audio,audio,1,0.75,0.8571428656578064,0.7647058963775635
298,jUzDDGyPkXU$_$17,-2.799999952316284,-1.311545491218567,0.3284415900707245,0.40148743987083435,0.27007097005844116,-1.1212472915649414,-1.1548113822937012,-1.0679595470428467,1.6787526607513428,1.645188570022583,1.7320404052734375,0.33574986457824707,0.3501359522342682,0.31411421298980713,audio,audio,1,0.7142857313156128,0.761904776096344,0.6153846383094788
277,jUzDDGyPkXU$_$26,-2.0,-0.9609463214874268,0.4144762456417084,0.29855242371559143,0.2869713306427002,-0.7553503513336182,-0.7711366415023804,-0.7127275466918945,1.2446496486663818,1.2288633584976196,1.2872724533081055,0.33692213892936707,0.3436366021633148,0.3194412291049957,text,audio,0,0.8399999737739563,0.6222222447395325,0.6545454263687134
415,pLTX3ipuDJI$_$15,-1.399999976158142,-0.4913218915462494,0.3306427299976349,0.34742221236228943,0.32193511724472046,-0.2706040143966675,-0.24809743463993073,-0.28437304496765137,1.1293959617614746,1.1519025564193726,1.1156269311904907,0.33449074625968933,0.32521161437034607,0.3402976095676422,audio,vision,0,0.6800000071525574,0.6515151262283325,0.6666666865348816
223,f9O3YtZ2VfI$_$17,-2.0,0.01977381855249405,0.38551580905914307,0.35195937752723694,0.26252487301826477,0.25251975655555725,0.2550835609436035,0.29386842250823975,2.2525198459625244,2.2550835609436035,2.2938685417175293,0.3393940031528473,0.3383081257343292,0.3222978115081787,text,text,1,0.8235294222831726,0.7260273694992065,0.6315789222717285
538,v0zCBqDeKcE$_$9,1.7999999523162842,2.0851097106933594,0.3281995356082916,0.35374099016189575,0.3180594742298126,2.202200174331665,2.0324063301086426,2.2173049449920654,0.40220022201538086,0.2324063777923584,0.41730499267578125,0.3107767701148987,0.3842591643333435,0.3049640655517578,audio,audio,1,0.7777777910232544,0.761904776096344,0.7599999904632568
31,c7UH_rxdZv4$_$33,-1.7999999523162842,-0.4286392033100128,0.5103819966316223,0.19499072432518005,0.29462727904319763,-0.20479053258895874,-0.2547743320465088,-0.21861013770103455,1.5952093601226807,1.5452256202697754,1.5813897848129272,0.3244754374027252,0.3453952968120575,0.3301292955875397,text,audio,0,1.0,0.46666666865348816,0.7222222089767456
523,tmZoasNr4rU$_$8,-2.0,-1.120261788368225,0.46012258529663086,0.2547326385974884,0.28514471650123596,-0.8704397082328796,-0.8596305251121521,-0.8788744211196899,1.1295602321624756,1.1403694152832031,1.12112557888031,0.33364713191986084,0.329169362783432,0.3371834456920624,text,vision,0,1.0,0.6499999761581421,0.7604166865348816
116,d3_k5Xpfmik$_$4,-1.0,-0.22395534813404083,0.48036035895347595,0.26611506938934326,0.2535244822502136,-0.10180491209030151,-0.07245351374149323,-0.06905282288789749,0.8981950879096985,0.927546501159668,0.9309471845626831,0.3420133590698242,0.329692542552948,0.328294038772583,text,text,1,0.9444444179534912,0.5957446694374084,0.625
289,jUzDDGyPkXU$_$6,-1.600000023841858,-0.9887205958366394,0.425473690032959,0.36810505390167236,0.20642127096652985,-0.6679035425186157,-0.6592742800712585,-0.6518650650978088,0.9320964813232422,0.9407257437705994,0.9481349587440491,0.33676576614379883,0.33315274119377136,0.3300814926624298,text,text,1,0.8387096524238586,0.7113401889801025,0.4761904776096344
138,d6hH302o4v8$_$5,-1.3333333730697632,1.4700003862380981,0.3165881335735321,0.2796337902545929,0.403778076171875,1.5845545530319214,1.4339667558670044,1.6164549589157104,2.9178879261016846,2.7673001289367676,2.9497883319854736,0.3156539797782898,0.3810312747955322,0.30331477522850037,vision,audio,0,0.7142857313156128,0.6000000238418579,0.8333333134651184
279,jUzDDGyPkXU$_$20,-2.200000047683716,-1.4658772945404053,0.47135040163993835,0.2180580049753189,0.31059151887893677,-1.2061269283294678,-1.237868070602417,-1.1831814050674438,0.993873119354248,0.9621319770812988,1.016818642616272,0.3319833278656006,0.3454200327396393,0.3225966691970825,text,audio,0,0.8999999761581421,0.45945945382118225,0.6888889074325562
225,f9O3YtZ2VfI$_$19,-0.6000000238418579,-1.0715694427490234,0.43262922763824463,0.2625972628593445,0.3047735393047333,-0.899992823600769,-0.9135836958885193,-0.9260276556015015,0.29999279975891113,0.3135836720466614,0.32602763175964355,0.3388526141643524,0.3331446647644043,0.3280026912689209,text,text,1,0.875,0.5757575631141663,0.699999988079071
625,yDtzw_Y-7RU$_$16,0.6000000238418579,-0.33612585067749023,0.316165953874588,0.3461165726184845,0.3377174437046051,-0.16790059208869934,-0.13705991208553314,-0.1745818853378296,0.7679005861282349,0.7370599508285522,0.7745819091796875,0.3299255967140198,0.3428928256034851,0.3271815776824951,audio,audio,1,0.6470588445663452,0.6395348906517029,0.6796116232872009
543,vvZ4IcEtiZc$_$1,2.0,1.7161484956741333,0.3608507812023163,0.31538549065589905,0.3237636983394623,1.8197132349014282,1.6764883995056152,1.8284868001937866,0.18028676509857178,0.32351160049438477,0.17151319980621338,0.35123372077941895,0.2936594784259796,0.3551068603992462,text,vision,0,0.75,0.6315789222717285,0.695652186870575
417,pLTX3ipuDJI$_$16,-1.600000023841858,-0.8541300892829895,0.305888831615448,0.3387906849384308,0.3553204834461212,-0.6633503437042236,-0.6499750018119812,-0.6495660543441772,0.9366496801376343,0.9500250220298767,0.9504339694976807,0.3371160626411438,0.33152666687965393,0.3313572406768799,vision,text,0,0.6857143044471741,0.6831682920455933,0.7599999904632568
321,k5Y_838nuGo$_$11,0.5,0.13452516496181488,0.4320799708366394,0.2873148024082184,0.2806051969528198,0.29056787490844727,0.30808964371681213,0.34278208017349243,0.20943212509155273,0.19191035628318787,0.15721791982650757,0.3236676752567291,0.33083492517471313,0.34549739956855774,text,vision,0,0.875,0.6176470518112183,0.6585366129875183
261,iiK8YX8oH1E$_$15,0.6000000238418579,0.20120033621788025,0.38765817880630493,0.4019518196582794,0.21039003133773804,0.4188007116317749,0.43192583322525024,0.46899205446243286,0.181199312210083,0.16807419061660767,0.13100796937942505,0.32453930377960205,0.32990777492523193,0.3455529510974884,audio,vision,0,0.75,0.7142857313156128,0.4444444477558136
314,k5Y_838nuGo$_$2,1.2000000476837158,-0.6197507381439209,0.30749112367630005,0.31122204661369324,0.38128677010536194,-0.47974395751953125,-0.44927674531936646,-0.5166946053504944,1.679744005203247,1.6492767333984375,1.7166945934295654,0.3340369760990143,0.3470037579536438,0.3189592659473419,vision,audio,0,0.7142857313156128,0.6666666865348816,0.8214285969734192
105,d3_k5Xpfmik$_$12,2.0,0.9267569184303284,0.335504949092865,0.37411797046661377,0.29037708044052124,1.0512051582336426,0.9835087656974792,1.059040904045105,0.9487948417663574,1.016491174697876,0.940959095954895,0.34144797921180725,0.3137432336807251,0.34480875730514526,audio,vision,0,0.75,0.75,0.6760563254356384
636,yvsjCA6Y5Fc$_$4,-0.20000000298023224,-0.7403813600540161,0.33770516514778137,0.3386346995830536,0.3236601650714874,-0.5406494140625,-0.5390231609344482,-0.53673255443573,0.34064942598342896,0.3390231728553772,0.33673256635665894,0.3325636684894562,0.33324041962623596,0.33419591188430786,audio,vision,0,0.6842105388641357,0.6315789222717285,0.6617646813392639
171,dq3Nf_lMPnE$_$3,-1.2000000476837158,1.906481146812439,0.3364298343658447,0.3313106596469879,0.33225950598716736,2.0430727005004883,1.8639105558395386,2.0882022380828857,3.243072748184204,3.063910484313965,3.2882022857666016,0.312875360250473,0.3914106786251068,0.29571396112442017,text,audio,0,0.7142857313156128,0.6521739363670349,0.7037037014961243
206,f9O3YtZ2VfI$_$28,1.2000000476837158,1.5918066501617432,0.23242928087711334,0.4205990731716156,0.3469716012477875,1.6388442516326904,1.5606715679168701,1.6617238521575928,0.4388442039489746,0.3606715202331543,0.46172380447387695,0.3252609074115753,0.35864877700805664,0.31609034538269043,audio,audio,1,0.5,0.7419354915618896,0.699999988079071
337,lXPQBPVc5Cw$_$20,-1.7999999523162842,0.6377193331718445,0.2969554364681244,0.42187780141830444,0.2811667323112488,0.7371617555618286,0.7417201399803162,0.7503764629364014,2.5371618270874023,2.541720151901245,2.5503764152526855,0.3358030617237091,0.33389511704444885,0.33030179142951965,audio,text,0,0.6363636255264282,0.7575757503509521,0.6081081032752991
438,phBUpBr1hSo$_$1,1.399999976158142,1.2694790363311768,0.2994508147239685,0.35103821754455566,0.34951096773147583,1.3103998899459839,1.2645866870880127,1.3418173789978027,0.0896000862121582,0.1354132890701294,0.058182597160339355,0.3350762128829956,0.3164266347885132,0.34849709272384644,audio,vision,0,0.699999988079071,0.7272727489471436,0.7777777910232544
370,nbWiPyCm4g0$_$6,0.0,1.267923355102539,0.2614283859729767,0.36118388175964355,0.3773877024650574,1.371199131011963,1.3304896354675293,1.3531018495559692,1.371199131011963,1.3304896354675293,1.3531018495559692,0.32519441843032837,0.3421708643436432,0.33263471722602844,vision,audio,0,0.5833333134651184,0.6944444179534912,0.7674418687820435
367,nbWiPyCm4g0$_$5,-1.399999976158142,0.5784153342247009,0.347887247800827,0.3325924873352051,0.31952035427093506,0.6898515224456787,0.6867907643318176,0.6749318838119507,2.0898513793945312,2.0867908000946045,2.0749318599700928,0.3308347463607788,0.33210280537605286,0.33706244826316833,text,vision,0,0.75,0.6790123581886292,0.7083333134651184
63,cW1FSBF59ik$_$11,-1.0,-1.1315683126449585,0.31931743025779724,0.3468063473701477,0.33387622237205505,-0.9418944120407104,-0.9244539737701416,-0.9552789926528931,0.05810558795928955,0.0755460262298584,0.044721007347106934,0.33385559916496277,0.3266561031341553,0.33948826789855957,audio,vision,0,0.7058823704719543,0.6941176652908325,0.7281553149223328
581,wMbj6ajWbic$_$23,1.7999999523162842,1.53127920627594,0.361351877450943,0.30154114961624146,0.33710700273513794,1.5399494171142578,1.4794608354568481,1.5582160949707031,0.26005053520202637,0.32053911685943604,0.24178385734558105,0.3389516770839691,0.31426820158958435,0.34678009152412415,text,vision,0,0.800000011920929,0.6551724076271057,0.7647058963775635
353,lXPQBPVc5Cw$_$10,-2.200000047683716,-1.2009518146514893,0.3657693862915039,0.33026883006095886,0.30396178364753723,-1.0360668897628784,-0.9940809607505798,-1.0661659240722656,1.1639331579208374,1.2059190273284912,1.1338341236114502,0.3347603380680084,0.3176444470882416,0.3475952446460724,text,vision,0,0.7755101919174194,0.6710526347160339,0.6830601096153259
243,fvVhgmXxadc$_$11,-0.20000000298023224,-0.026453722268342972,0.3848755359649658,0.33403968811035156,0.281084805727005,0.2155938297510147,0.1997765153646469,0.26978111267089844,0.41559383273124695,0.39977651834487915,0.4697811007499695,0.33846932649612427,0.34522801637649536,0.3163025975227356,text,audio,0,0.800000011920929,0.6769230961799622,0.6428571343421936
186,etzxEpPuc6I$_$16,-2.4000000953674316,-1.4979820251464844,0.4175255596637726,0.2990829348564148,0.28339147567749023,-1.2097017765045166,-1.2262276411056519,-1.1901497840881348,1.190298318862915,1.1737724542617798,1.2098503112792969,0.33369722962379456,0.34066224098205566,0.3256404995918274,text,audio,0,0.9166666865348816,0.6944444179534912,0.7209302186965942
302,k5Y_838nuGo$_$24,0.6000000238418579,-0.8290681838989258,0.1506757289171219,0.43378329277038574,0.4155409634113312,-0.7873653173446655,-0.7755462527275085,-0.8244982957839966,1.3873653411865234,1.3755462169647217,1.4244983196258545,0.33675384521484375,0.3417659401893616,0.32148024439811707,audio,audio,1,0.3333333432674408,0.8095238208770752,0.8399999737739563
217,f9O3YtZ2VfI$_$11,-0.800000011920929,-0.39551499485969543,0.25780007243156433,0.3875459134578705,0.3546540141105652,-0.21442613005638123,-0.2108449786901474,-0.23314492404460907,0.5855739116668701,0.5891550183296204,0.5668550729751587,0.33121269941329956,0.32973337173461914,0.3390539586544037,audio,vision,0,0.5555555820465088,0.7058823704719543,0.7142857313156128
472,tIrG4oNLFzE$_$13,-2.0,0.05448669567704201,0.39422255754470825,0.31050556898117065,0.2952718138694763,0.32640212774276733,0.35214680433273315,0.3506987690925598,2.326402187347412,2.352146863937378,2.350698709487915,0.34031927585601807,0.32954180240631104,0.3301389217376709,text,text,1,0.8399999737739563,0.6692307591438293,0.695652186870575
3,c7UH_rxdZv4$_$27,-1.7999999523162842,-0.8270707130432129,0.3336390554904938,0.34787923097610474,0.3184817433357239,-0.6032186150550842,-0.5782871842384338,-0.6115374565124512,1.1967813968658447,1.2217128276824951,1.188462495803833,0.3355964422225952,0.32529911398887634,0.33910441398620605,audio,vision,0,0.739130437374115,0.7066666483879089,0.7154471278190613
258,iiK8YX8oH1E$_$10,0.0,-0.2701464295387268,0.42613065242767334,0.3136730492115021,0.2601962983608246,-0.08425354957580566,-0.10335354506969452,-0.08871088922023773,0.08425354957580566,0.10335354506969452,0.08871088922023773,0.3366038203239441,0.32866257429122925,0.3347335755825043,text,text,1,0.8571428656578064,0.6499999761581421,0.6086956262588501
276,jUzDDGyPkXU$_$25,-2.0,-0.7909666895866394,0.24197615683078766,0.3814237713813782,0.376600056886673,-0.6317837238311768,-0.6361806988716125,-0.6251457929611206,1.3682162761688232,1.3638193607330322,1.3748542070388794,0.33363935351371765,0.33547812700271606,0.3308824896812439,audio,audio,1,0.5882353186607361,0.761904776096344,0.807692289352417
301,jUzDDGyPkXU$_$18,-2.4000000953674316,-1.3797234296798706,0.4058321714401245,0.21358980238437653,0.38057804107666016,-1.168047308921814,-1.218593716621399,-1.1475856304168701,1.2319527864456177,1.1814063787460327,1.2524144649505615,0.3289507329463959,0.3504054844379425,0.320643812417984,text,audio,0,1.0,0.625,0.9655172228813171
412,pLTX3ipuDJI$_$10,-1.600000023841858,-0.7421612739562988,0.3319488763809204,0.3369975686073303,0.3310535252094269,-0.5283592343330383,-0.5121130347251892,-0.5180548429489136,1.0716407299041748,1.0878870487213135,1.0819451808929443,0.33702951669692993,0.3302542567253113,0.33271628618240356,audio,text,0,0.782608687877655,0.7377049326896667,0.7808219194412231
574,wMbj6ajWbic$_$24,1.399999976158142,1.269510269165039,0.2665153443813324,0.3266848027706146,0.40679991245269775,1.3596428632736206,1.2817103862762451,1.384950876235962,0.040357112884521484,0.11828958988189697,0.015049099922180176,0.3402147889137268,0.3086357116699219,0.3511495292186737,vision,vision,1,0.6000000238418579,0.6470588445663452,0.8095238208770752
76,cXypl4FnoZo$_$27,0.800000011920929,1.0534776449203491,0.3287429213523865,0.30844151973724365,0.36281558871269226,1.1280509233474731,1.05415940284729,1.167738676071167,0.3280509114265442,0.2541593909263611,0.36773866415023804,0.32804468274116516,0.3597877025604248,0.31216758489608765,vision,audio,0,0.7857142686843872,0.699999988079071,0.8333333134651184
660,zhpQhgha_KU$_$29,-1.2000000476837158,-1.258615493774414,0.3355650305747986,0.3192961812019348,0.3451387286186218,-1.0266669988632202,-1.0278098583221436,-1.0349122285842896,0.1733330488204956,0.17219018936157227,0.16508781909942627,0.33202850818634033,0.33250316977500916,0.33546826243400574,vision,vision,1,0.7857142686843872,0.7083333134651184,0.800000011920929
434,phBUpBr1hSo$_$16,-1.600000023841858,0.9625388979911804,0.32632967829704285,0.35533392429351807,0.3183363676071167,1.01177978515625,0.9809550642967224,1.0481797456741333,2.6117796897888184,2.5809550285339355,2.648179769515991,0.3339118957519531,0.3470288813114166,0.31905922293663025,audio,audio,1,0.7200000286102295,0.7083333134651184,0.7068965435028076
676,zhpQhgha_KU$_$17,1.75,1.863721251487732,0.3451542556285858,0.3462305963039398,0.308615118265152,1.9656953811645508,1.8601363897323608,1.964857816696167,0.21569538116455078,0.11013638973236084,0.214857816696167,0.31825876235961914,0.36314910650253296,0.3185921013355255,audio,audio,1,0.7692307829856873,0.7222222089767456,0.7142857313156128
674,zhpQhgha_KU$_$15,-2.0,-1.2880902290344238,0.3731445074081421,0.31201300024986267,0.3148425221443176,-1.0565670728683472,-1.03257155418396,-1.0665825605392456,0.9434329271316528,0.96742844581604,0.9334174394607544,0.33522745966911316,0.32532182335853577,0.3394506871700287,text,vision,0,0.7837837934494019,0.6421052813529968,0.698924720287323
595,wMbj6ajWbic$_$13,2.0,0.9843181371688843,0.33605676889419556,0.3899216651916504,0.27402153611183167,1.0608340501785278,1.03367280960083,1.0754711627960205,0.9391659498214722,0.9663271903991699,0.9245288372039795,0.3349989950656891,0.3238162100315094,0.3411847651004791,audio,vision,0,0.75,0.7719298005104065,0.6470588445663452
65,cW1FSBF59ik$_$13,2.0,1.8334320783615112,0.35817864537239075,0.30679064989089966,0.335030734539032,1.824404001235962,1.7466176748275757,1.8260669708251953,0.17559599876403809,0.2533823251724243,0.1739330291748047,0.3437104821205139,0.31186386942863464,0.34442564845085144,text,vision,0,0.7894737124443054,0.6582278609275818,0.7553191781044006
580,wMbj6ajWbic$_$22,1.399999976158142,1.5396771430969238,0.30505311489105225,0.32934337854385376,0.365603506565094,1.6806062459945679,1.53709876537323,1.7108070850372314,0.2806062698364258,0.1370987892150879,0.31080710887908936,0.31651246547698975,0.37870100140571594,0.3047865331172943,vision,audio,0,0.6363636255264282,0.6206896305084229,0.7241379022598267
406,ob23OKe5a9Q$_$4,-1.5,-1.4054104089736938,0.3685353696346283,0.365291029214859,0.2661736011505127,-1.085282325744629,-1.0856680870056152,-1.0900508165359497,0.4147176742553711,0.41433191299438477,0.4099491834640503,0.33261701464653015,0.3327774405479431,0.33460554480552673,text,vision,0,0.800000011920929,0.7407407164573669,0.6363636255264282
659,zhpQhgha_KU$_$28,1.399999976158142,1.0689913034439087,0.39557966589927673,0.2880370318889618,0.3163833022117615,1.156218409538269,1.1096470355987549,1.173604965209961,0.24378156661987305,0.2903529405593872,0.22639501094818115,0.3372204899787903,0.3181499242782593,0.34462958574295044,text,vision,0,0.8181818127632141,0.6071428656578064,0.7058823704719543
522,tmZoasNr4rU$_$9,-0.6000000238418579,0.4085220694541931,0.34367266297340393,0.3719313442707062,0.2843960225582123,0.5773236751556396,0.6076857447624207,0.569659411907196,1.1773236989974976,1.2076857089996338,1.1696593761444092,0.3364301323890686,0.32390105724334717,0.33966878056526184,audio,vision,0,0.7599999904632568,0.75,0.6666666865348816
372,nbWiPyCm4g0$_$8,-2.200000047683716,-0.9000621438026428,0.3162634074687958,0.33721837401390076,0.3465181887149811,-0.8469240069389343,-0.8126700520515442,-0.8669960498809814,1.3530759811401367,1.3873300552368164,1.3330039978027344,0.33517754077911377,0.3211289346218109,0.3436935544013977,vision,vision,1,0.7142857313156128,0.6973684430122375,0.760869562625885
275,jUzDDGyPkXU$_$24,-1.0,-0.6687399744987488,0.4339695870876312,0.3508964776992798,0.2151339054107666,-0.4225558042526245,-0.43686938285827637,-0.4099498391151428,0.5774441957473755,0.5631306171417236,0.5900501608848572,0.3330647647380829,0.33907759189605713,0.32785764336586,text,audio,0,0.8888888955116272,0.7291666865348816,0.5357142686843872
151,d6hH302o4v8$_$14,-1.7999999523162842,-1.5503352880477905,0.3706846833229065,0.3168862760066986,0.3124290704727173,-1.2794612646102905,-1.2742011547088623,-1.2882434129714966,0.5205386877059937,0.5257987976074219,0.5117565393447876,0.3328357934951782,0.3306545317173004,0.33650970458984375,text,vision,0,0.8571428656578064,0.7241379022598267,0.7714285850524902
311,k5Y_838nuGo$_$29,-0.75,-0.5778816342353821,0.33657336235046387,0.3416455090045929,0.3217811584472656,-0.38294726610183716,-0.35589683055877686,-0.4042738676071167,0.36705273389816284,0.39410316944122314,0.3457261323928833,0.33402708172798157,0.3229214549064636,0.3430514335632324,audio,vision,0,0.7333333492279053,0.6875,0.7105262875556946
477,tIrG4oNLFzE$_$16,-1.600000023841858,0.6292984485626221,0.3235360383987427,0.34549757838249207,0.3309663236141205,0.7143437266349792,0.7156816124916077,0.741831362247467,2.3143436908721924,2.3156816959381104,2.3418314456939697,0.3373189866542816,0.33675527572631836,0.32592570781707764,audio,text,0,0.6666666865348816,0.6511628031730652,0.6796116232872009
342,lXPQBPVc5Cw$_$29,-1.2000000476837158,0.5632189512252808,0.3419002592563629,0.36682331562042236,0.29127636551856995,0.6993398666381836,0.6916629672050476,0.6842583417892456,1.8993399143218994,1.8916630744934082,1.8842583894729614,0.3301776051521301,0.33336126804351807,0.3364611566066742,audio,vision,0,0.774193525314331,0.7571428418159485,0.6941176652908325
294,jUzDDGyPkXU$_$13,-0.6000000238418579,-0.6107894778251648,0.22994151711463928,0.3755052387714386,0.39455321431159973,-0.4590340852737427,-0.46309858560562134,-0.45349228382110596,0.14096593856811523,0.13690143823623657,0.14650774002075195,0.33353450894355774,0.3352334201335907,0.3312320411205292,vision,audio,0,0.5333333611488342,0.7254902124404907,0.8032786846160889
561,vyB00TXsimI$_$6,2.0,1.6511701345443726,0.3655426502227783,0.3335036635398865,0.3009536862373352,1.6758650541305542,1.6017076969146729,1.681699514389038,0.3241349458694458,0.39829230308532715,0.3183004856109619,0.3426077663898468,0.312276691198349,0.3451155722141266,text,vision,0,0.782608687877655,0.6842105388641357,0.6847826242446899
364,nbWiPyCm4g0$_$1,1.2000000476837158,1.0519474744796753,0.2519321143627167,0.3762563169002533,0.37181156873703003,1.1715489625930786,1.1426312923431396,1.1671967506408691,0.028451085090637207,0.05736875534057617,0.03280329704284668,0.3379436731338501,0.3259461522102356,0.3361101746559143,audio,text,0,0.6000000238418579,0.75,0.7948718070983887
507,tmZoasNr4rU$_$12,-2.200000047683716,-0.712212085723877,0.414885014295578,0.2638305127620697,0.3212844133377075,-0.4938967227935791,-0.5077014565467834,-0.49209338426589966,1.7061033248901367,1.6922986507415771,1.707906723022461,0.3316580653190613,0.3374307155609131,0.330911248922348,text,audio,0,0.8999999761581421,0.6206896305084229,0.7714285850524902
354,lXPQBPVc5Cw$_$13,2.799999952316284,0.6102614998817444,0.2527579367160797,0.46365296840667725,0.28358909487724304,0.8421797156333923,0.7954295873641968,0.8678558468818665,1.957820177078247,2.004570484161377,1.9321441650390625,0.33603817224502563,0.3169636130332947,0.3469981849193573,audio,vision,0,0.5,0.75,0.5555555820465088
640,yvsjCA6Y5Fc$_$8,0.4000000059604645,-1.280624270439148,0.3783278167247772,0.26899173855781555,0.3526804745197296,-1.0448275804519653,-1.029961109161377,-1.0553269386291504,1.4448275566101074,1.429961085319519,1.4553269147872925,0.33269914984703064,0.3389395773410797,0.32836130261421204,text,audio,0,0.782608687877655,0.5571428537368774,0.7469879388809204
403,ob23OKe5a9Q$_$3,-1.2000000476837158,-1.3572965860366821,0.234414204955101,0.3821311891078949,0.3834546208381653,-1.1889461278915405,-1.1970890760421753,-1.1885721683502197,0.011053919792175293,0.0029109716415405273,0.011427879333496094,0.33225202560424805,0.3356512188911438,0.33209675550460815,vision,audio,0,0.6000000238418579,0.7894737124443054,0.8444444537162781
448,rnaNMUZpvvg$_$20,0.800000011920929,1.7020325660705566,0.45124706625938416,0.4006645977497101,0.14808829128742218,1.693848967552185,1.5827937126159668,1.6894092559814453,0.8938489556312561,0.7827937006950378,0.8894092440605164,0.3170093595981598,0.3642171323299408,0.3187735080718994,text,audio,0,0.7799999713897705,0.6666666865348816,0.2222222238779068
548,vvZ4IcEtiZc$_$7,1.399999976158142,1.0191789865493774,0.3882092833518982,0.3225513994693756,0.2892393171787262,1.137115240097046,1.0959051847457886,1.1449991464614868,0.2628847360610962,0.3040947914123535,0.2550008296966553,0.33787259459495544,0.32090863585472107,0.3412187993526459,text,vision,0,0.8666666746139526,0.7222222089767456,0.71875
386,nzpVDcQ0ywM$_$8,2.0,2.1861939430236816,0.2792391777038574,0.4270506799221039,0.2937101423740387,2.284886598587036,2.164764404296875,2.2728383541107178,0.28488659858703613,0.164764404296875,0.2728383541107178,0.3147439658641815,0.36573612689971924,0.31951993703842163,audio,audio,1,0.6428571343421936,0.800000011920929,0.6666666865348816
652,zhpQhgha_KU$_$25,1.0,-0.6350993514060974,0.3145594000816345,0.3230144679546356,0.36242613196372986,-0.4884190559387207,-0.4861646294593811,-0.5108165144920349,1.4884190559387207,1.4861645698547363,1.5108165740966797,0.33611029386520386,0.3370588421821594,0.32683080434799194,vision,audio,0,0.6875,0.6470588445663452,0.7567567825317383
445,phBUpBr1hSo$_$9,-2.0,0.5021281838417053,0.35685640573501587,0.3074033856391907,0.33574020862579346,0.5991026759147644,0.5969170928001404,0.6222830414772034,2.599102735519409,2.596917152404785,2.6222829818725586,0.33622753620147705,0.33714738488197327,0.3266250491142273,text,audio,0,0.7200000286102295,0.591549277305603,0.6888889074325562
97,cXypl4FnoZo$_$14,-0.6000000238418579,0.6640624403953552,0.28843194246292114,0.3678683340549469,0.34369969367980957,0.7364173531532288,0.728773832321167,0.7636337280273438,1.3364174365997314,1.328773856163025,1.3636337518692017,0.336004376411438,0.3392300605773926,0.3247655928134918,audio,audio,1,0.6206896305084229,0.6891891956329346,0.7078651785850525
554,vyB00TXsimI$_$22,0.6000000238418579,0.0936933159828186,0.35232844948768616,0.3716890215873718,0.275982528924942,0.2244362235069275,0.1870119571685791,0.2791176438331604,0.3755638003349304,0.4129880666732788,0.3208823800086975,0.33057424426078796,0.315466046333313,0.35395970940589905,audio,vision,0,0.8333333134651184,0.807692289352417,0.7096773982048035
44,cM3Yna7AavY$_$4,0.6000000238418579,-0.16666705906391144,0.2627710998058319,0.3884938657283783,0.3487350642681122,0.023074081167578697,0.066762275993824,0.02265690639615059,0.5769259333610535,0.5332377552986145,0.5773431062698364,0.3272671401500702,0.3456363379955292,0.327096551656723,audio,audio,1,0.6071428656578064,0.7528089880943298,0.75
309,k5Y_838nuGo$_$23,-0.20000000298023224,1.4030299186706543,0.3461327850818634,0.4476432502269745,0.2062239646911621,1.5862045288085938,1.4241142272949219,1.6312700510025024,1.7862045764923096,1.6241142749786377,1.8312700986862183,0.3154749274253845,0.3863300681114197,0.298194944858551,audio,audio,1,0.8333333134651184,0.9090909361839294,0.5714285969734192
244,fvVhgmXxadc$_$10,0.0,-0.5211603045463562,0.3105981945991516,0.316430926322937,0.37297093868255615,-0.36941757798194885,-0.3487600088119507,-0.37273305654525757,0.36941757798194885,0.3487600088119507,0.37273305654525757,0.33090418577194214,0.3395600914955139,0.32953566312789917,vision,audio,0,0.6875,0.6458333134651184,0.7796609997749329
340,lXPQBPVc5Cw$_$23,-2.4000000953674316,0.8402478694915771,0.3200550973415375,0.37473738193511963,0.3052075207233429,0.9947967529296875,0.9511200189590454,0.9859188199043274,3.394796848297119,3.3511199951171875,3.3859188556671143,0.3260224759578705,0.34431686997413635,0.32966065406799316,audio,audio,1,0.6666666865348816,0.695652186870575,0.6428571343421936
312,k5Y_838nuGo$_$1,-1.600000023841858,2.238685369491577,0.3141157925128937,0.3907080888748169,0.2951761484146118,2.2287180423736572,2.092963218688965,2.236173629760742,3.8287181854248047,3.692963123321533,3.8361735343933105,0.31489449739456177,0.3731318414211273,0.31197360157966614,audio,audio,1,0.6666666865348816,0.7222222089767456,0.6363636255264282
107,d3_k5Xpfmik$_$14,2.0,0.5211561322212219,0.31703460216522217,0.32271113991737366,0.36025431752204895,0.6382907629013062,0.649364173412323,0.6427271366119385,1.3617092370986938,1.3506357669830322,1.3572728633880615,0.33118075132369995,0.3357968330383301,0.33302244544029236,vision,audio,0,0.695652186870575,0.6507936716079712,0.7594936490058899
384,nzpVDcQ0ywM$_$6,-1.399999976158142,-0.6165185570716858,0.3819771111011505,0.27136605978012085,0.34665679931640625,-0.44338560104370117,-0.48809903860092163,-0.45750850439071655,0.9566143751144409,0.9119009375572205,0.9424914717674255,0.32517221570014954,0.34386417269706726,0.330963671207428,text,audio,0,0.8181818127632141,0.5957446694374084,0.7678571343421936
419,pLTX3ipuDJI$_$3,-1.2000000476837158,-1.0071935653686523,0.27090615034103394,0.39954420924186707,0.3295497000217438,-0.79973304271698,-0.7865278124809265,-0.8016788959503174,0.40026700496673584,0.4134722352027893,0.39832115173339844,0.3348889946937561,0.3294064998626709,0.3357045650482178,audio,vision,0,0.6521739363670349,0.7924528121948242,0.75
66,cW1FSBF59ik$_$12,2.200000047683716,-0.4983452558517456,0.3109866678714752,0.32697340846061707,0.3620398938655853,-0.32232004404067993,-0.3025220036506653,-0.33029472827911377,2.522320032119751,2.5025219917297363,2.530294895172119,0.33165982365608215,0.33997005224227905,0.328370064496994,vision,audio,0,0.6800000071525574,0.6527777910232544,0.7558139562606812
283,jUzDDGyPkXU$_$1,2.799999952316284,2.50626277923584,0.48290470242500305,0.2122405618429184,0.30485469102859497,2.5645833015441895,2.340973377227783,2.5808682441711426,0.23541665077209473,0.459026575088501,0.2191317081451416,0.3601374626159668,0.27231884002685547,0.36754366755485535,text,vision,0,1.0,0.5333333611488342,0.7647058963775635
101,cXypl4FnoZo$_$18,-0.25,-0.5340792536735535,0.32447701692581177,0.37442469596862793,0.3010983169078827,-0.3019216060638428,-0.2821193337440491,-0.30494022369384766,0.05192160606384277,0.03211933374404907,0.054940223693847656,0.33098384737968445,0.33927884697914124,0.32973727583885193,audio,audio,1,0.761904776096344,0.7808219194412231,0.7241379022598267
471,tIrG4oNLFzE$_$10,-1.7999999523162842,-0.3430400788784027,0.3253882825374603,0.29024744033813477,0.3843642473220825,-0.20639383792877197,-0.1898750513792038,-0.21515341103076935,1.5936061143875122,1.610124945640564,1.5848464965820312,0.33438411355018616,0.32755035161972046,0.33806556463241577,vision,vision,1,0.6666666865348816,0.5555555820465088,0.75
237,f_pcplsH_V0$_$5,1.2000000476837158,-0.26797109842300415,0.3539019227027893,0.3417922854423523,0.3043058514595032,-0.13306406140327454,-0.08388827741146088,-0.11537353694438934,1.333064079284668,1.283888339996338,1.3153735399246216,0.3240694999694824,0.34461498260498047,0.3313155770301819,text,audio,0,0.7894737124443054,0.7204301357269287,0.7142857313156128
25,c7UH_rxdZv4$_$17,-1.399999976158142,-0.31422731280326843,0.3085422217845917,0.3291822075843811,0.36227554082870483,-0.17733779549598694,-0.1671101599931717,-0.17408646643161774,1.2226622104644775,1.2328897714614868,1.2259135246276855,0.33520594239234924,0.33094775676727295,0.3338463306427002,vision,text,0,0.6875,0.6666666865348816,0.7674418687820435
89,cXypl4FnoZo$_$6,-0.6000000238418579,-0.13702523708343506,0.2790597379207611,0.42158088088035583,0.29935938119888306,0.1031646654009819,0.12084873020648956,0.16009902954101562,0.7031646966934204,0.7208487391471863,0.7600990533828735,0.34370842576026917,0.33619406819343567,0.32009756565093994,audio,text,0,0.6315789222717285,0.7843137383460999,0.6666666865348816
603,wMbj6ajWbic$_$30,0.800000011920929,-0.7758346199989319,0.39723825454711914,0.24483300745487213,0.3579287528991699,-0.5964126586914062,-0.6260456442832947,-0.5857752561569214,1.3964126110076904,1.4260456562042236,1.3857753276824951,0.33590617775917053,0.3236914277076721,0.34040239453315735,text,vision,0,0.8461538553237915,0.550000011920929,0.7916666865348816
134,d6hH302o4v8$_$41,-2.4000000953674316,-1.1876635551452637,0.3161149024963379,0.4235963821411133,0.26028865575790405,-0.9662880301475525,-0.9492543339729309,-1.0075304508209229,1.4337120056152344,1.4507458209991455,1.3924696445465088,0.32983291149139404,0.32288432121276855,0.347282737493515,audio,vision,0,0.75,0.8421052694320679,0.6521739363670349
47,cM3Yna7AavY$_$9,-0.20000000298023224,0.8330601453781128,0.3509375751018524,0.36960935592651367,0.2794530689716339,0.9698251485824585,0.9529905915260315,0.9767451882362366,1.1698251962661743,1.1529905796051025,1.1767451763153076,0.33193328976631165,0.33899226784706116,0.3290744721889496,audio,audio,1,0.7222222089767456,0.698630154132843,0.6091954112052917
568,vyB00TXsimI$_$15,2.5999999046325684,-0.15298201143741608,0.26087871193885803,0.36408281326293945,0.3750384449958801,-0.1324872076511383,-0.1376217156648636,-0.1350831240415573,2.732487201690674,2.737621545791626,2.7350831031799316,0.3344075381755829,0.33226820826530457,0.33332422375679016,vision,text,0,0.550000011920929,0.6666666865348816,0.7317073345184326
74,cXypl4FnoZo$_$25,-1.2000000476837158,-0.43846186995506287,0.31908634305000305,0.34086066484451294,0.340052992105484,-0.2500666677951813,-0.22328783571720123,-0.25482815504074097,0.9499334096908569,0.9767122268676758,0.9451718926429749,0.3363548815250397,0.3252822756767273,0.33836284279823303,audio,vision,0,0.7142857313156128,0.6938775777816772,0.7457627058029175
28,c7UH_rxdZv4$_$18,-2.25,-1.0325487852096558,0.40623003244400024,0.2964436113834381,0.29732638597488403,-0.7495249509811401,-0.7395796179771423,-0.7582806944847107,1.5004750490188599,1.510420322418213,1.4917192459106445,0.33348342776298523,0.32936331629753113,0.3371533155441284,text,vision,0,0.8666666746139526,0.6551724076271057,0.7101449370384216
529,v0zCBqDeKcE$_$14,1.5,1.0855892896652222,0.40016233921051025,0.3300662040710449,0.2697714865207672,1.0932879447937012,1.06602942943573,1.1157114505767822,0.40671205520629883,0.43397057056427,0.3842885494232178,0.33389800786972046,0.3227126896381378,0.3433893322944641,text,vision,0,0.875,0.7241379022598267,0.6764705777168274
485,tIrG4oNLFzE$_$6,1.25,0.9609069228172302,0.364534467458725,0.3160531222820282,0.31941235065460205,0.9868961572647095,0.9628337621688843,1.0223867893218994,0.2631038427352905,0.2871662378311157,0.22761321067810059,0.33159443736076355,0.32176926732063293,0.34663623571395874,text,vision,0,0.7692307829856873,0.6451612710952759,0.7027027010917664
667,zhpQhgha_KU$_$6,1.0,0.7233561873435974,0.370681494474411,0.304625540971756,0.324692964553833,0.8567180633544922,0.8170568346977234,0.9030666947364807,0.1432819366455078,0.1829431653022766,0.09693330526351929,0.3320848047733307,0.3160226047039032,0.3518926203250885,text,vision,0,0.8999999761581421,0.75,0.8333333134651184
435,phBUpBr1hSo$_$19,2.0,1.7067886590957642,0.47356492280960083,0.23718313872814178,0.2892519533634186,1.713297963142395,1.5487091541290283,1.7460696697235107,0.286702036857605,0.4512908458709717,0.25393033027648926,0.35015684366226196,0.28504446148872375,0.3647986948490143,text,vision,0,1.0,0.6000000238418579,0.75
38,cM3Yna7AavY$_$14,-2.5999999046325684,1.6330267190933228,0.32574883103370667,0.29594317078590393,0.37830793857574463,1.7341313362121582,1.6289318799972534,1.7332773208618164,4.334131240844727,4.228931903839111,4.333277225494385,0.31830862164497375,0.36304280161857605,0.3186486065387726,vision,audio,0,0.6666666865348816,0.5652173757553101,0.7407407164573669
373,nzpVDcQ0ywM$_$24,1.600000023841858,1.121536374092102,0.3670238256454468,0.4156944751739502,0.21728169918060303,1.144705891609192,1.1117143630981445,1.1747397184371948,0.455294132232666,0.4882856607437134,0.4252603054046631,0.33357179164886475,0.3200953006744385,0.3463328778743744,audio,vision,0,0.7777777910232544,0.7857142686843872,0.5151515007019043
506,tmZoasNr4rU$_$13,-0.800000011920929,-0.822719395160675,0.4216899275779724,0.3162507712841034,0.2620593309402466,-0.6308249235153198,-0.6078339219093323,-0.6311619281768799,0.16917508840560913,0.19216609001159668,0.16883808374404907,0.33646339178085327,0.3269314765930176,0.33660513162612915,text,vision,0,0.875,0.6800000071525574,0.6379310488700867
433,phBUpBr1hSo$_$17,2.0,1.625976324081421,0.3355456292629242,0.3803892135620117,0.2840651273727417,1.6703153848648071,1.6037458181381226,1.6739941835403442,0.32968461513519287,0.39625418186187744,0.32600581645965576,0.3419078290462494,0.31460851430892944,0.34348368644714355,audio,vision,0,0.800000011920929,0.8088235259056091,0.7160493731498718
49,cW1FSBF59ik$_$24,0.0,0.3987680673599243,0.35723429918289185,0.34115540981292725,0.3016102910041809,0.5774903297424316,0.5452604293823242,0.6076487898826599,0.5774903297424316,0.5452604293823242,0.6076487898826599,0.33287689089775085,0.346561461687088,0.32056164741516113,text,audio,0,0.800000011920929,0.7241379022598267,0.7142857313156128
175,dq3Nf_lMPnE$_$7,-2.0,-1.2711608409881592,0.36927542090415955,0.352843701839447,0.27788081765174866,-0.9805930852890015,-0.9946257472038269,-0.9661628007888794,1.0194069147109985,1.0053741931915283,1.0338371992111206,0.3333534002304077,0.3392522633075714,0.3273942768573761,text,audio,0,0.8571428656578064,0.7804877758026123,0.7142857313156128
143,d6hH302o4v8$_$8,-2.200000047683716,-1.4521048069000244,0.356471985578537,0.3537455201148987,0.28978249430656433,-1.1923742294311523,-1.2646371126174927,-1.1896944046020508,1.0076258182525635,0.9353629350662231,1.010305643081665,0.3235000669956207,0.35408174991607666,0.322418212890625,text,audio,0,0.8333333134651184,0.7777777910232544,0.7272727489471436
266,iiK8YX8oH1E$_$1,-2.5999999046325684,-0.49596351385116577,0.41726478934288025,0.31623750925064087,0.2664976716041565,-0.24108386039733887,-0.23022310435771942,-0.2462998479604721,2.3589160442352295,2.369776725769043,2.3537001609802246,0.33410653471946716,0.3296014666557312,0.336292028427124,text,vision,0,0.8333333134651184,0.6410256624221802,0.6086956262588501
219,f9O3YtZ2VfI$_$13,-1.600000023841858,0.7331826090812683,0.37494412064552307,0.3383985757827759,0.28665733337402344,0.8022454977035522,0.7892500758171082,0.8383519053459167,2.40224552154541,2.3892500400543213,2.43835186958313,0.33644574880599976,0.3419557511806488,0.32159852981567383,text,audio,0,0.7692307829856873,0.6666666865348816,0.6352941393852234
334,lXPQBPVc5Cw$_$25,-2.4000000953674316,-0.8674834370613098,0.3626859188079834,0.3217126727104187,0.3156014084815979,-0.6368860602378845,-0.6210200786590576,-0.6489881277084351,1.7631139755249023,1.778980016708374,1.7510119676589966,0.3338223397731781,0.32726702094078064,0.33891069889068604,text,vision,0,0.8260869383811951,0.7118644118309021,0.7560975551605225
398,ob23OKe5a9Q$_$10,1.25,0.8422101140022278,0.40441444516181946,0.29526472091674805,0.3003208041191101,0.8847991228103638,0.8449072241783142,0.9257405996322632,0.36520087718963623,0.4050927758216858,0.3242594003677368,0.33290421962738037,0.31671109795570374,0.3503846824169159,text,vision,0,0.800000011920929,0.5882353186607361,0.6499999761581421
53,cW1FSBF59ik$_$23,1.399999976158142,1.5708609819412231,0.2884698212146759,0.36854299902915955,0.34298720955848694,1.6539689302444458,1.5925439596176147,1.643987774848938,0.2539689540863037,0.19254398345947266,0.2439877986907959,0.3233775496482849,0.3491849899291992,0.32743746042251587,audio,audio,1,0.6190476417541504,0.6881720423698425,0.7053571343421936
233,f_pcplsH_V0$_$14,-1.0,-0.3681623637676239,0.28977808356285095,0.36731287837028503,0.3429090976715088,-0.20598028600215912,-0.16700582206249237,-0.2164657711982727,0.7940196990966797,0.8329941630363464,0.7835342288017273,0.3371950387954712,0.32116129994392395,0.34164372086524963,audio,vision,0,0.6666666865348816,0.7311828136444092,0.75
126,d6hH302o4v8$_$27,-2.5999999046325684,2.274033784866333,0.3663586676120758,0.31453385949134827,0.3191075026988983,2.350517749786377,2.1721696853637695,2.3559069633483887,4.950517654418945,4.772169589996338,4.955906867980957,0.308353990316391,0.3853621780872345,0.3062838017940521,text,audio,0,0.800000011920929,0.6666666865348816,0.7272727489471436
18,c7UH_rxdZv4$_$8,-2.799999952316284,0.750337541103363,0.3825054168701172,0.33666136860847473,0.2808332145214081,0.8125789761543274,0.817514955997467,0.8356608152389526,3.612578868865967,3.6175148487091064,3.6356606483459473,0.33722153306007385,0.3351473808288574,0.32763105630874634,text,text,1,0.800000011920929,0.6853932738304138,0.6461538672447205
565,vyB00TXsimI$_$10,1.3333333730697632,-0.27042773365974426,0.25690051913261414,0.3715628385543823,0.3715366721153259,-0.14114223420619965,-0.13673309981822968,-0.11082403361797333,1.474475622177124,1.4700664281845093,1.444157361984253,0.3284987211227417,0.3303142189979553,0.3411870300769806,audio,vision,0,0.5454545617103577,0.6774193644523621,0.7297297120094299
379,nzpVDcQ0ywM$_$3,0.800000011920929,2.30066180229187,0.3796314299106598,0.32558250427246094,0.2947860658168793,2.3788137435913086,2.227044105529785,2.3411102294921875,1.5788137912750244,1.427044153213501,1.5411102771759033,0.307015985250473,0.3711521327495575,0.3218318819999695,text,audio,0,0.7647058963775635,0.6376811861991882,0.6385542154312134
6,c7UH_rxdZv4$_$22,-2.4000000953674316,-0.09060841053724289,0.26297473907470703,0.3581072688102722,0.378917932510376,0.14178946614265442,0.16575145721435547,0.18090249598026276,2.5417895317077637,2.565751552581787,2.580902576446533,0.34214046597480774,0.33204442262649536,0.3258150815963745,vision,text,0,0.5714285969734192,0.6721311211585999,0.7534246444702148
421,pLTX3ipuDJI$_$5,-2.0,-0.7497643828392029,0.32740768790245056,0.3605233132839203,0.31206899881362915,-0.5418205261230469,-0.5172520875930786,-0.5517690777778625,1.4581794738769531,1.4827479124069214,1.4482309818267822,0.33531510829925537,0.32517388463020325,0.339510977268219,audio,vision,0,0.7333333492279053,0.7272727489471436,0.7088607549667358
252,fvVhgmXxadc$_$4,-2.799999952316284,-0.9439722895622253,0.31828826665878296,0.41900163888931274,0.2627100646495819,-0.6993898153305054,-0.6866843104362488,-0.726481556892395,2.1006102561950684,2.1133155822753906,2.0735182762145996,0.33126968145370483,0.3260501027107239,0.34268027544021606,audio,vision,0,0.7272727489471436,0.8125,0.6315789222717285
377,nzpVDcQ0ywM$_$23,2.0,1.323642611503601,0.3191174566745758,0.42584529519081116,0.25503721833229065,1.5467454195022583,1.405691385269165,1.5699330568313599,0.4532545804977417,0.594308614730835,0.43006694316864014,0.34870412945747375,0.29233670234680176,0.3589591085910797,audio,vision,0,0.75,0.8421052694320679,0.6363636255264282
390,nzpVDcQ0ywM$_$12,-1.399999976158142,0.5541584491729736,0.2906014323234558,0.39719682931900024,0.31220170855522156,0.6859322786331177,0.7058305144309998,0.691405177116394,2.0859322547912598,2.105830430984497,2.091405153274536,0.33685728907585144,0.3285820484161377,0.33456069231033325,audio,text,0,0.6666666865348816,0.7692307829856873,0.7021276354789734
539,v0zCBqDeKcE$_$8,1.7999999523162842,0.2664569318294525,0.3396388292312622,0.34500616788864136,0.31535500288009644,0.39846205711364746,0.4253252148628235,0.444771409034729,1.4015378952026367,1.3746747970581055,1.3552285432815552,0.3232329785823822,0.33427098393440247,0.34249594807624817,audio,vision,0,0.7333333492279053,0.6875,0.695652186870575
604,yDtzw_Y-7RU$_$24,-0.800000011920929,-0.6563556790351868,0.31181925535202026,0.3280195891857147,0.360161155462265,-0.5191279649734497,-0.5032434463500977,-0.5332874059677124,0.28087204694747925,0.2967565655708313,0.26671260595321655,0.33353379368782043,0.32697659730911255,0.339489609003067,vision,vision,1,0.7777777910232544,0.75,0.8500000238418579
469,rnaNMUZpvvg$_$18,-2.200000047683716,-0.3136851191520691,0.36444249749183655,0.3280845880508423,0.3074728846549988,-0.14064283668994904,-0.10702961683273315,-0.1252671629190445,2.059357166290283,2.092970371246338,2.074732780456543,0.340157151222229,0.3261610269546509,0.3336818516254425,text,text,1,0.7906976938247681,0.6861313581466675,0.7055214643478394
491,tStelxIAHjw$_$12,-1.0,0.22969070076942444,0.4373791813850403,0.3459545075893402,0.2166663557291031,0.4059777557849884,0.4226544499397278,0.4448491930961609,1.405977725982666,1.422654390335083,1.4448492527008057,0.34107086062431335,0.3340345323085785,0.32489460706710815,text,text,1,1.0,0.8275862336158752,0.6470588445663452
73,cXypl4FnoZo$_$24,0.20000000298023224,-0.39640963077545166,0.30055567622184753,0.38685449957847595,0.3125898540019989,-0.23997360467910767,-0.19828619062900543,-0.2354883998632431,0.4399735927581787,0.39828619360923767,0.43548840284347534,0.3268921375274658,0.34437787532806396,0.3287299871444702,audio,audio,1,0.7200000286102295,0.7943925261497498,0.7407407164573669
323,k5Y_838nuGo$_$13,0.6000000238418579,-1.2643564939498901,0.292301744222641,0.44104668498039246,0.26665160059928894,-1.022749900817871,-1.055767297744751,-1.03676438331604,1.622749924659729,1.6557673215866089,1.636764407157898,0.33988136053085327,0.3261394798755646,0.33397918939590454,audio,text,0,0.7142857313156128,0.8666666746139526,0.6666666865348816
70,cW1FSBF59ik$_$16,3.0,1.5370264053344727,0.32743731141090393,0.297017365694046,0.3755453824996948,1.5968362092971802,1.5342941284179688,1.6072722673416138,1.4031637907028198,1.4657058715820312,1.3927277326583862,0.3403756022453308,0.3147794306278229,0.3448449373245239,vision,vision,1,0.75,0.6470588445663452,0.8170731663703918
139,d6hH302o4v8$_$4,-1.600000023841858,0.6510183215141296,0.21644476056098938,0.4602119028568268,0.3233433663845062,0.8100137710571289,0.7996519207954407,0.8448957800865173,2.4100136756896973,2.3996520042419434,2.4448957443237305,0.3366583585739136,0.34104713797569275,0.32229453325271606,audio,audio,1,0.5,0.8235294222831726,0.699999988079071
498,tStelxIAHjw$_$5,-2.200000047683716,-1.5807772874832153,0.24694789946079254,0.43397268652915955,0.3190794289112091,-1.363954782485962,-1.3749502897262573,-1.3490502834320068,0.8360452651977539,0.8250497579574585,0.850949764251709,0.3338473439216614,0.3384675085544586,0.32768514752388,audio,audio,1,0.5714285969734192,0.800000011920929,0.699999988079071
285,jUzDDGyPkXU$_$2,2.5999999046325684,2.1555445194244385,0.46351268887519836,0.3473917841911316,0.18909548223018646,2.196969509124756,2.0531535148620605,2.207710027694702,0.4030303955078125,0.5468463897705078,0.3922898769378662,0.3510029911994934,0.29324978590011597,0.3557472229003906,text,vision,0,1.0,0.800000011920929,0.5483871102333069
359,lXPQBPVc5Cw$_$16,0.20000000298023224,-1.2777999639511108,0.3368346095085144,0.3748007118701935,0.2883646488189697,-1.0333255529403687,-1.0165132284164429,-1.0521836280822754,1.2333256006240845,1.2165132761001587,1.2521836757659912,0.3335622549057007,0.3406463861465454,0.3257913291454315,audio,audio,1,0.800000011920929,0.800000011920929,0.7222222089767456
27,c7UH_rxdZv4$_$19,-1.7999999523162842,-0.5704761147499084,0.3174686133861542,0.35321110486984253,0.3293202817440033,-0.38081374764442444,-0.35865551233291626,-0.4022836685180664,1.4191862344741821,1.4413444995880127,1.3977162837982178,0.3333463668823242,0.3242400884628296,0.34241363406181335,audio,vision,0,0.6666666865348816,0.6666666865348816,0.6851851940155029
517,tmZoasNr4rU$_$2,-2.0,-1.4704948663711548,0.2958766222000122,0.3748607039451599,0.32926270365715027,-1.2369168996810913,-1.2352008819580078,-1.246795415878296,0.7630831003189087,0.7647991180419922,0.7532045841217041,0.3321947753429413,0.33148300647735596,0.33632221817970276,audio,vision,0,0.7142857313156128,0.7777777910232544,0.7674418687820435
531,v0zCBqDeKcE$_$1,2.5999999046325684,2.2929296493530273,0.27567562460899353,0.37423887848854065,0.35008546710014343,2.333568811416626,2.218977212905884,2.3285815715789795,0.2664310932159424,0.38102269172668457,0.27141833305358887,0.34960976243019104,0.3029531240463257,0.3474370539188385,audio,text,0,0.6000000238418579,0.6969696879386902,0.7179487347602844
174,dq3Nf_lMPnE$_$4,-0.4000000059604645,1.8856257200241089,0.36177876591682434,0.3291599750518799,0.3090612292289734,1.893870234489441,1.8066949844360352,1.9073457717895508,2.293870210647583,2.206695079803467,2.3073458671569824,0.3227446973323822,0.3599015772342682,0.3173537254333496,text,audio,0,0.8148148059844971,0.7142857313156128,0.7352941036224365
150,d6hH302o4v8$_$15,-1.75,-1.5419752597808838,0.41598448157310486,0.387421578168869,0.1965940147638321,-1.1587685346603394,-1.1787676811218262,-1.1691670417785645,0.5912314653396606,0.5712323188781738,0.5808329582214355,0.329120934009552,0.3374522924423218,0.3334267735481262,text,audio,0,0.875,0.7857142686843872,0.5
682,zhpQhgha_KU$_$35,0.6000000238418579,0.716711163520813,0.29057037830352783,0.3870830237865448,0.32234659790992737,0.8505465984344482,0.8165372610092163,0.8810986876487732,0.25054657459259033,0.2165372371673584,0.2810986638069153,0.3326726257801056,0.3471200168132782,0.3202073872089386,audio,audio,1,0.6521739363670349,0.7428571581840515,0.7023809552192688
164,dq3Nf_lMPnE$_$11,-0.6000000238418579,1.1176540851593018,0.3224413990974426,0.3732774555683136,0.30428117513656616,1.1596359014511108,1.1342036724090576,1.1973679065704346,1.7596359252929688,1.7342036962509155,1.7973679304122925,0.334870308637619,0.3456868827342987,0.3194428086280823,audio,audio,1,0.7272727489471436,0.7460317611694336,0.6973684430122375
474,tIrG4oNLFzE$_$15,-2.0,1.6249667406082153,0.3866823613643646,0.3225577473640442,0.2907599210739136,1.6735979318618774,1.6034810543060303,1.6735023260116577,3.673597812652588,3.6034810543060303,3.6735024452209473,0.3234444856643677,0.35307249426841736,0.32348302006721497,text,audio,0,0.8333333134651184,0.6901408433914185,0.6904761791229248
382,nzpVDcQ0ywM$_$4,-1.600000023841858,-0.3545893430709839,0.2873980700969696,0.36158353090286255,0.35101836919784546,-0.24059829115867615,-0.21002377569675446,-0.26626646518707275,1.3594017028808594,1.3899762630462646,1.3337335586547852,0.3338777422904968,0.321358323097229,0.34476396441459656,audio,vision,0,0.6333333253860474,0.6944444179534912,0.7325581312179565
2,c7UH_rxdZv4$_$26,-2.5999999046325684,-1.354803442955017,0.3244470953941345,0.4024251103401184,0.2731277346611023,-1.093483805656433,-1.093992829322815,-1.1040416955947876,1.5065160989761353,1.5060070753097534,1.4959582090377808,0.3317936658859253,0.3320048451423645,0.3362014591693878,audio,vision,0,0.7272727489471436,0.7804877758026123,0.6399999856948853
381,nzpVDcQ0ywM$_$5,-0.4000000059604645,-0.07544440031051636,0.34400394558906555,0.40305572748184204,0.2529403567314148,0.17644156515598297,0.21304646134376526,0.18905757367610931,0.5764415860176086,0.6130464673042297,0.5890575647354126,0.3401789963245392,0.3249644637107849,0.33485648036003113,audio,text,0,0.7692307829856873,0.7954545617103577,0.6153846383094788
212,f9O3YtZ2VfI$_$4,-2.4000000953674316,-1.489951729774475,0.3567425012588501,0.3339531123638153,0.3093043863773346,-1.227068543434143,-1.2168247699737549,-1.2535849809646606,1.1729315519332886,1.1831753253936768,1.146415114402771,0.3310185968875885,0.32680708169937134,0.3421742916107178,text,vision,0,0.6363636255264282,0.550000011920929,0.5652173757553101
202,f9O3YtZ2VfI$_$20,-0.4000000059604645,-0.04631447792053223,0.25020942091941833,0.3632526695728302,0.38653790950775146,0.056837067008018494,0.01842014491558075,0.11634017527103424,0.4568370580673218,0.41842013597488403,0.5163401961326599,0.3358507752418518,0.35237228870391846,0.31177693605422974,vision,audio,0,0.5,0.6363636255264282,0.7179487347602844
630,yvsjCA6Y5Fc$_$22,-1.600000023841858,-0.6038146615028381,0.30534467101097107,0.33970698714256287,0.35494834184646606,-0.425248384475708,-0.42361658811569214,-0.4387587308883667,1.17475163936615,1.1763834953308105,1.1612412929534912,0.33167564868927,0.3309997618198395,0.3373245298862457,vision,vision,1,0.5714285969734192,0.5714285969734192,0.6470588445663452
527,v0zCBqDeKcE$_$12,-0.4000000059604645,0.09664249420166016,0.329534649848938,0.35907113552093506,0.31139421463012695,0.3587704300880432,0.3853498101234436,0.36474573612213135,0.7587704658508301,0.7853498458862305,0.7647457122802734,0.33785149455070496,0.3268110454082489,0.33533746004104614,audio,text,0,0.7333333492279053,0.7230769395828247,0.7051281929016113
213,f9O3YtZ2VfI$_$7,-1.2000000476837158,-1.3351167440414429,0.2888457775115967,0.4040854275226593,0.307068794965744,-1.0851792097091675,-1.0875799655914307,-1.0909570455551147,0.11482083797454834,0.11242008209228516,0.10904300212860107,0.332197904586792,0.3331962823867798,0.33460578322410583,audio,vision,0,0.6363636255264282,0.75,0.6666666865348816
156,d6hH302o4v8$_$31,-1.399999976158142,-0.5387603044509888,0.2958679497241974,0.4123099744319916,0.2918221056461334,-0.35852327942848206,-0.32695072889328003,-0.38876020908355713,1.0414767265319824,1.0730493068695068,1.011239767074585,0.33335304260253906,0.3204532861709595,0.34619367122650146,audio,vision,0,0.7058823704719543,0.8181818127632141,0.698113203048706
513,tmZoasNr4rU$_$18,0.0,-0.10589125752449036,0.41706907749176025,0.31429603695869446,0.2686348855495453,-0.010475916787981987,-0.033542126417160034,0.04298103600740433,0.010475916787981987,0.033542126417160034,0.04298103600740433,0.3410918116569519,0.3313976228237152,0.3275105357170105,text,text,1,0.8888888955116272,0.692307710647583,0.6666666865348816
362,lXPQBPVc5Cw$_$30,-2.0,-0.5717946887016296,0.25938281416893005,0.41488590836524963,0.3257313072681427,-0.4587123990058899,-0.4228000044822693,-0.48704808950424194,1.5412876605987549,1.577199935913086,1.5129518508911133,0.33420711755752563,0.31953614950180054,0.3462567627429962,audio,vision,0,0.5714285969734192,0.7538461685180664,0.6851851940155029
374,nzpVDcQ0ywM$_$20,0.20000000298023224,1.0919291973114014,0.27693551778793335,0.478159636259079,0.24490487575531006,1.1709073781967163,1.1352640390396118,1.2041778564453125,0.9709073901176453,0.9352640509605408,1.0041778087615967,0.33279791474342346,0.3479607403278351,0.31924131512641907,audio,audio,1,0.6000000238418579,0.8181818127632141,0.5384615659713745
613,yDtzw_Y-7RU$_$4,-1.0,-0.5798936486244202,0.29660356044769287,0.3857373893260956,0.31765908002853394,-0.3819901645183563,-0.3726986050605774,-0.38605988025665283,0.6180098056793213,0.6273013949394226,0.6139401197433472,0.334051251411438,0.33019381761550903,0.335754930973053,audio,vision,0,0.6111111044883728,0.6875,0.6447368264198303
484,tIrG4oNLFzE$_$7,-1.399999976158142,-1.2073028087615967,0.34118810296058655,0.34353649616241455,0.3152754008769989,-1.0040680170059204,-0.9874351620674133,-1.012384057044983,0.3959319591522217,0.41256481409072876,0.3876159191131592,0.33446240425109863,0.32758036255836487,0.3379572629928589,audio,vision,0,0.7857142686843872,0.7358490824699402,0.7460317611694336
530,v0zCBqDeKcE$_$16,0.0,0.7529388070106506,0.32356512546539307,0.24560107290744781,0.43083375692367554,0.7762663960456848,0.7095780968666077,0.8378496766090393,0.7762663960456848,0.7095780968666077,0.8378496766090393,0.33191242814064026,0.360766738653183,0.30732080340385437,vision,audio,0,0.8571428656578064,0.6666666865348816,1.0
148,d6hH302o4v8$_$13,-2.0,-1.446259617805481,0.36673325300216675,0.35809239745140076,0.27517440915107727,-1.1722897291183472,-1.1727360486984253,-1.1908329725265503,0.8277102708816528,0.8272639513015747,0.8091670274734497,0.3306869864463806,0.33087149262428284,0.33844149112701416,text,vision,0,0.75,0.6842105388641357,0.6060606241226196
262,iiK8YX8oH1E$_$14,-1.2000000476837158,-0.7205581068992615,0.3537770211696625,0.3258379101753235,0.32038506865501404,-0.5139023065567017,-0.5743021368980408,-0.5109416246414185,0.6860977411270142,0.625697910785675,0.6890584230422974,0.3252319395542145,0.3507375717163086,0.32403048872947693,text,audio,0,0.8571428656578064,0.7631579041481018,0.804347813129425
292,jUzDDGyPkXU$_$11,2.4000000953674316,1.462110161781311,0.2841850817203522,0.4363783299922943,0.2794365882873535,1.6132972240447998,1.4901925325393677,1.6425907611846924,0.7867028713226318,0.909807562828064,0.7574093341827393,0.34546253085136414,0.29619067907333374,0.3583467900753021,audio,vision,0,0.6521739363670349,0.8125,0.6410256624221802
383,nzpVDcQ0ywM$_$7,-1.0,-1.2818228006362915,0.4890143573284149,0.23990975320339203,0.27107587456703186,-1.0356956720352173,-1.077721357345581,-1.0571683645248413,0.035695672035217285,0.07772135734558105,0.05716836452484131,0.34219154715538025,0.32467949390411377,0.33312901854515076,text,text,1,1.0,0.5909090638160706,0.7037037014961243
0,c7UH_rxdZv4$_$24,-1.7999999523162842,1.1781516075134277,0.27091184258461,0.3646343946456909,0.3644537627696991,1.3936008214950562,1.2984751462936401,1.4071279764175415,3.193600654602051,3.0984749794006348,3.2071280479431152,0.32159528136253357,0.36220166087150574,0.3162030577659607,audio,audio,1,0.5714285969734192,0.6666666865348816,0.7179487347602844
110,d3_k5Xpfmik$_$19,0.20000000298023224,1.635662317276001,0.3233620524406433,0.3716067969799042,0.3050311505794525,1.7243291139602661,1.6468892097473145,1.700713872909546,1.5243290662765503,1.4468891620635986,1.50071382522583,0.31932565569877625,0.3517819344997406,0.32889240980148315,audio,audio,1,0.7352941036224365,0.75,0.7054263353347778
453,rnaNMUZpvvg$_$2,2.25,2.104879379272461,0.3895716071128845,0.3755033016204834,0.23492509126663208,2.1594135761260986,2.012728691101074,2.158883810043335,0.09058642387390137,0.23727130889892578,0.09111618995666504,0.35313108563423157,0.29397159814834595,0.3528973162174225,text,text,1,0.7777777910232544,0.7058823704719543,0.523809552192688
393,nzpVDcQ0ywM$_$17,1.600000023841858,1.231072187423706,0.39437374472618103,0.28073930740356445,0.32488691806793213,1.263802170753479,1.2025729417800903,1.281071662902832,0.3361978530883789,0.3974270820617676,0.3189283609390259,0.3391968309879303,0.31420451402664185,0.34659865498542786,text,vision,0,0.875,0.6521739363670349,0.7777777910232544
236,f_pcplsH_V0$_$2,1.399999976158142,-0.38520094752311707,0.3631202280521393,0.356101930141449,0.28077787160873413,-0.1825771927833557,-0.17170403897762299,-0.20126406848430634,1.5825772285461426,1.5717040300369263,1.6012639999389648,0.33438146114349365,0.3389572203159332,0.3266613483428955,text,audio,0,0.7857142686843872,0.7241379022598267,0.6571428775787354
94,cXypl4FnoZo$_$13,-1.0,-0.014198757708072662,0.3611009120941162,0.392781138420105,0.24611791968345642,0.2739139199256897,0.2628813683986664,0.3145256042480469,1.273913860321045,1.2628813982009888,1.3145256042480469,0.3373377025127411,0.34202200174331665,0.3206402361392975,audio,audio,1,0.7250000238418579,0.7142857313156128,0.5333333611488342
583,wMbj6ajWbic$_$29,1.7999999523162842,2.485374689102173,0.3324219882488251,0.32670533657073975,0.3408726751804352,2.4887728691101074,2.353086471557617,2.4847323894500732,0.6887729167938232,0.553086519241333,0.6847324371337891,0.3134891092777252,0.3714345395565033,0.31507641077041626,vision,audio,0,0.7222222089767456,0.6578947305679321,0.7333333492279053
46,cM3Yna7AavY$_$6,2.799999952316284,1.526928424835205,0.37262842059135437,0.32434967160224915,0.3030219078063965,1.6026852130889893,1.5457170009613037,1.602962613105774,1.197314739227295,1.2542829513549805,1.1970373392105103,0.34110915660858154,0.31766340136528015,0.3412274718284607,text,vision,0,0.800000011920929,0.6785714030265808,0.6962962746620178
466,rnaNMUZpvvg$_$17,-1.600000023841858,-0.42682945728302,0.33066484332084656,0.3340643644332886,0.33527079224586487,-0.29098814725875854,-0.28315436840057373,-0.29105067253112793,1.3090119361877441,1.3168456554412842,1.30894935131073,0.33441078662872314,0.33115220069885254,0.33443695306777954,vision,vision,1,0.7142857313156128,0.6666666865348816,0.7200000286102295
218,f9O3YtZ2VfI$_$10,-2.0,-0.4233067035675049,0.37177884578704834,0.31402015686035156,0.3142009973526001,-0.2797221541404724,-0.27594244480133057,-0.28564566373825073,1.7202777862548828,1.7240575551986694,1.7143542766571045,0.333031564950943,0.3314617872238159,0.3355066180229187,text,vision,0,0.75,0.6153846383094788,0.6666666865348816
235,f_pcplsH_V0$_$3,0.800000011920929,-0.34271863102912903,0.46224668622016907,0.31715482473373413,0.22059853374958038,-0.1572258472442627,-0.1302267462015152,-0.12790879607200623,0.9572258591651917,0.930226743221283,0.9279087781906128,0.3255578279495239,0.33673253655433655,0.3377096354961395,text,vision,0,1.0,0.761904776096344,0.6315789222717285
658,zhpQhgha_KU$_$23,-0.5,0.6134354472160339,0.3689088523387909,0.36226731538772583,0.26882386207580566,0.6548450589179993,0.6560402512550354,0.6830700635910034,1.1548449993133545,1.1560401916503906,1.1830700635910034,0.33740004897117615,0.3368963301181793,0.3257036507129669,text,text,1,0.8333333134651184,0.7714285850524902,0.6744186282157898
1,c7UH_rxdZv4$_$25,0.0,0.43642252683639526,0.2605334520339966,0.31429821252822876,0.42516830563545227,0.4965760409832001,0.5142746567726135,0.5460458397865295,0.4965760409832001,0.5142746567726135,0.5460458397865295,0.34268221259117126,0.3351841866970062,0.32213354110717773,vision,text,0,0.5555555820465088,0.5952380895614624,0.800000011920929
358,lXPQBPVc5Cw$_$17,-1.7999999523162842,-0.8739697337150574,0.30930688977241516,0.3443159759044647,0.3463771641254425,-0.686176061630249,-0.6709661483764648,-0.6848661303520203,1.1138238906860352,1.1290338039398193,1.1151337623596191,0.33562323451042175,0.329302579164505,0.33507418632507324,vision,text,0,0.6666666865348816,0.6666666865348816,0.7228915691375732
191,etzxEpPuc6I$_$2,1.2000000476837158,1.0992239713668823,0.2812640964984894,0.42387649416923523,0.2948594093322754,1.1544744968414307,1.123037338256836,1.1923353672027588,0.045525550842285156,0.07696270942687988,0.007664680480957031,0.3322336673736572,0.3194313049316406,0.34833502769470215,audio,vision,0,0.6315789222717285,0.782608687877655,0.6545454263687134
551,vvZ4IcEtiZc$_$8,-1.5,-0.5139978528022766,0.23019357025623322,0.42443156242370605,0.3453748822212219,-0.3969663381576538,-0.35983264446258545,-0.42536550760269165,1.1030336618423462,1.1401673555374146,1.0746345520019531,0.33436089754104614,0.31919553875923157,0.3464435338973999,audio,vision,0,0.5,0.7540983557701111,0.7027027010917664
128,d6hH302o4v8$_$21,-2.4000000953674316,0.8015453219413757,0.30316361784935,0.30467215180397034,0.39216428995132446,0.9040987491607666,0.8763818144798279,0.926734447479248,3.3040988445281982,3.2763819694519043,3.3267345428466797,0.332518070936203,0.3442403972148895,0.3232415020465851,vision,audio,0,0.6363636255264282,0.5862069129943848,0.7647058963775635
673,zhpQhgha_KU$_$12,-1.399999976158142,-0.8463142514228821,0.3018929660320282,0.3831953704357147,0.3149116635322571,-0.6892704367637634,-0.6700767874717712,-0.7042697668075562,0.7107295393943787,0.7299231886863708,0.6957302093505859,0.33386534452438354,0.3259505331516266,0.3401840627193451,audio,vision,0,0.6315789222717285,0.699999988079071,0.6538461446762085
456,rnaNMUZpvvg$_$7,-0.4000000059604645,0.8387091755867004,0.3407192826271057,0.3640078902244568,0.2952727973461151,0.8843725323677063,0.868372917175293,0.9249061346054077,1.2843725681304932,1.268372893333435,1.3249061107635498,0.3366101384162903,0.3434098958969116,0.3199799656867981,audio,audio,1,0.7777777910232544,0.7586206793785095,0.7058823704719543
199,f9O3YtZ2VfI$_$25,-1.399999976158142,-1.897331714630127,0.329588383436203,0.378153532743454,0.29225805401802063,-1.6361044645309448,-1.6486256122589111,-1.6450393199920654,0.23610448837280273,0.24862563610076904,0.24503934383392334,0.3363194167613983,0.3310965299606323,0.33258408308029175,audio,text,0,0.699999988079071,0.7142857313156128,0.6399999856948853
14,c7UH_rxdZv4$_$4,1.600000023841858,0.8437614440917969,0.3033876121044159,0.38911014795303345,0.3075021803379059,1.0235276222229004,0.9459988474845886,1.0532360076904297,0.5764724016189575,0.6540011763572693,0.5467640161514282,0.3395043611526489,0.3081466257572174,0.35234901309013367,audio,vision,0,0.7333333492279053,0.8039215803146362,0.7377049326896667
296,jUzDDGyPkXU$_$15,1.3333333730697632,0.4275786280632019,0.3048422634601593,0.38076725602149963,0.3143904507160187,0.5653928518295288,0.5132876038551331,0.6201059222221375,0.7679405212402344,0.8200457692146301,0.7132274508476257,0.33247682452201843,0.31151220202445984,0.35601094365119934,audio,vision,0,0.6470588445663452,0.7045454382896423,0.6603773832321167
43,cM3Yna7AavY$_$5,2.799999952316284,0.6932013630867004,0.3600865304470062,0.33485156297683716,0.3050619065761566,0.7842023968696594,0.7849521636962891,0.7947319149971008,2.0157976150512695,2.015047788619995,2.005268096923828,0.33176445960998535,0.3320755362510681,0.33615997433662415,text,vision,0,0.8333333134651184,0.7441860437393188,0.75
666,zhpQhgha_KU$_$7,1.0,0.12485501170158386,0.39856216311454773,0.31754860281944275,0.28388917446136475,0.21139301359653473,0.1762172281742096,0.26848310232162476,0.7886070013046265,0.8237828016281128,0.7315168976783752,0.3299292027950287,0.3157365620136261,0.3543342649936676,text,vision,0,0.8571428656578064,0.692307710647583,0.6875
559,vyB00TXsimI$_$4,1.7999999523162842,1.9138267040252686,0.4419553577899933,0.2486037164926529,0.309440940618515,1.8820626735687256,1.7952508926391602,1.8858428001403809,0.0820627212524414,0.0047490596771240234,0.08584284782409668,0.32291901111602783,0.3556842803955078,0.32139673829078674,text,audio,0,0.8888888955116272,0.5483871102333069,0.7105262875556946
549,vvZ4IcEtiZc$_$6,1.0,1.1582123041152954,0.27480146288871765,0.4356967806816101,0.28950169682502747,1.245916724205017,1.212758183479309,1.256547212600708,0.2459167242050171,0.21275818347930908,0.256547212600708,0.3301289975643158,0.3440997898578644,0.3257712721824646,audio,audio,1,0.5416666865348816,0.7183098793029785,0.5666666626930237
593,wMbj6ajWbic$_$11,0.4000000059604645,-0.5778141021728516,0.36884573101997375,0.3006468713283539,0.3305074870586395,-0.41401535272598267,-0.4499097466468811,-0.3977372646331787,0.8140153884887695,0.849909782409668,0.7977372407913208,0.335944801568985,0.3212047517299652,0.34285053610801697,text,vision,0,0.8235294222831726,0.6666666865348816,0.7659574747085571
85,cXypl4FnoZo$_$2,1.0,-0.29045626521110535,0.2693328261375427,0.4483749270439148,0.2822922468185425,-0.11972823739051819,-0.09732009470462799,-0.11940211057662964,1.1197282075881958,1.0973200798034668,1.1194021701812744,0.33016225695610046,0.33954089879989624,0.3302968740463257,audio,audio,1,0.5714285969734192,0.774193525314331,0.5945945978164673
352,lXPQBPVc5Cw$_$11,-1.7999999523162842,-1.4204599857330322,0.36078080534935,0.3152146339416504,0.32400453090667725,-1.175977110862732,-1.2416503429412842,-1.2036757469177246,0.6240228414535522,0.558349609375,0.5963242053985596,0.32043224573135376,0.3478468656539917,0.3317209780216217,text,audio,0,0.8333333134651184,0.7142857313156128,0.7777777910232544
112,d3_k5Xpfmik$_$1,2.0,2.0307233333587646,0.42030656337738037,0.31936216354370117,0.26033127307891846,2.064595937728882,1.933988094329834,2.0568299293518066,0.06459593772888184,0.06601190567016602,0.05682992935180664,0.3324483335018158,0.33186042308807373,0.33569127321243286,text,vision,0,0.9200000166893005,0.7285714149475098,0.6785714030265808
122,d6hH302o4v8$_$43,-2.5,0.9506900906562805,0.29208648204803467,0.3882023096084595,0.31971117854118347,1.04033625125885,1.0071499347686768,1.0615572929382324,3.5403361320495605,3.5071499347686768,3.5615572929382324,0.33154547214508057,0.34558817744255066,0.32286638021469116,audio,audio,1,0.692307710647583,0.78125,0.7368420958518982
215,f9O3YtZ2VfI$_$9,-2.200000047683716,-0.7177625298500061,0.3111635446548462,0.2746216058731079,0.4142148494720459,-0.59474778175354,-0.6369662880897522,-0.5891581177711487,1.6052522659301758,1.5630338191986084,1.610841989517212,0.3281671404838562,0.3459506630897522,0.3258821666240692,vision,audio,0,0.6153846383094788,0.5,0.7560975551605225
614,yDtzw_Y-7RU$_$7,-0.20000000298023224,-0.12139186263084412,0.3497181236743927,0.30180245637893677,0.34847941994667053,0.010955827310681343,0.042343370616436005,0.06265692412853241,0.21095582842826843,0.24234336614608765,0.26265692710876465,0.3449532985687256,0.33168137073516846,0.32336530089378357,text,text,1,0.7333333492279053,0.604651153087616,0.7307692170143127
269,iiK8YX8oH1E$_$5,-0.4000000059604645,-0.6995072960853577,0.39305055141448975,0.3156333565711975,0.2913161516189575,-0.4447847902774811,-0.426416277885437,-0.44226670265197754,0.0447847843170166,0.026416271924972534,0.04226669669151306,0.33042794466018677,0.3381025195121765,0.3314695954322815,text,audio,0,0.800000011920929,0.6363636255264282,0.6499999761581421
459,rnaNMUZpvvg$_$8,-1.600000023841858,1.9797849655151367,0.368897408246994,0.3635502755641937,0.26755234599113464,1.996414303779602,1.891930341720581,1.9999525547027588,3.59641432762146,3.4919304847717285,3.5999526977539062,0.31896868348121643,0.36347031593322754,0.31756094098091125,text,audio,0,0.8181818127632141,0.7586206793785095,0.6571428775787354
357,lXPQBPVc5Cw$_$14,-2.200000047683716,-0.724525511264801,0.3717889189720154,0.3546048402786255,0.2736063003540039,-0.5116468667984009,-0.4824908971786499,-0.5550881624221802,1.688353180885315,1.717509150505066,1.6449118852615356,0.33112427592277527,0.3192737400531769,0.3496020436286926,text,vision,0,0.7272727489471436,0.6507936716079712,0.5733333230018616
464,rnaNMUZpvvg$_$15,-1.600000023841858,-1.0944950580596924,0.28606897592544556,0.40425774455070496,0.3096732497215271,-0.8933815360069275,-0.8778542280197144,-0.8775321245193481,0.7066184878349304,0.7221457958221436,0.7224678993225098,0.3377053439617157,0.3312140107154846,0.3310806453227997,audio,text,0,0.6578947305679321,0.7777777910232544,0.6969696879386902
495,tStelxIAHjw$_$1,0.0,-0.40987512469291687,0.37111690640449524,0.32063764333724976,0.3082454800605774,-0.19946271181106567,-0.17373573780059814,-0.1931590586900711,0.19946271181106567,0.17373573780059814,0.1931590586900711,0.3288832902908325,0.33963167667388916,0.33148500323295593,text,audio,0,0.7916666865348816,0.6666666865348816,0.6987951993942261
400,ob23OKe5a9Q$_$12,2.799999952316284,2.688619375228882,0.35575374960899353,0.3231581151485443,0.32108816504478455,2.6965460777282715,2.5116753578186035,2.6877758502960205,0.1034538745880127,0.28832459449768066,0.11222410202026367,0.3593546450138092,0.28520873188972473,0.35543662309646606,text,text,1,0.8181818127632141,0.7142857313156128,0.7647058963775635
56,cW1FSBF59ik$_$2,3.0,0.8671035170555115,0.3819015920162201,0.30781713128089905,0.31028130650520325,0.917779803276062,0.9000177383422852,0.936580240726471,2.0822200775146484,2.099982261657715,2.063419818878174,0.33313116431236267,0.32581624388694763,0.3410525918006897,text,vision,0,0.8333333134651184,0.672897219657898,0.7286821603775024
683,zhpQhgha_KU$_$34,1.2000000476837158,2.2195746898651123,0.3455065190792084,0.2830321490764618,0.3714613616466522,2.33504056930542,2.143808603286743,2.3480827808380127,1.135040521621704,0.9438085556030273,1.1480827331542969,0.30732741951942444,0.3903147876262665,0.3023577332496643,vision,audio,0,0.875,0.7222222089767456,0.9090909361839294
278,jUzDDGyPkXU$_$27,-2.0,-1.6116536855697632,0.3503741919994354,0.33085858821868896,0.3187671899795532,-1.4101901054382324,-1.4530608654022217,-1.3742823600769043,0.5898098945617676,0.5469391345977783,0.6257176399230957,0.3320981562137604,0.3503802418708801,0.3175216019153595,text,audio,0,0.75,0.6666666865348816,0.699999988079071
253,fvVhgmXxadc$_$7,-1.0,-0.8832183480262756,0.2575981318950653,0.33766043186187744,0.40474140644073486,-0.8392329812049866,-0.8159276843070984,-0.8619661927223206,0.16076701879501343,0.1840723156929016,0.13803380727767944,0.3333207964897156,0.32375070452690125,0.3429284691810608,vision,vision,1,0.6153846383094788,0.699999988079071,0.8421052694320679
405,ob23OKe5a9Q$_$5,-1.7999999523162842,-0.22061210870742798,0.27887338399887085,0.3900878131389618,0.33103883266448975,-0.044441625475883484,-0.02211151272058487,0.029153458774089813,1.7555583715438843,1.7778884172439575,1.8291534185409546,0.3466704189777374,0.33712780475616455,0.3162018358707428,audio,text,0,0.625,0.739130437374115,0.7101449370384216
420,pLTX3ipuDJI$_$2,-1.7999999523162842,0.4794353246688843,0.30481255054473877,0.3835909366607666,0.311596542596817,0.6373105049133301,0.6411011815071106,0.6568507552146912,2.4373104572296143,2.44110107421875,2.45685076713562,0.3365707993507385,0.334979772567749,0.32844945788383484,audio,text,0,0.7111111283302307,0.7727272510528564,0.7215189933776855
315,k5Y_838nuGo$_$5,-1.3333333730697632,-0.5010960102081299,0.4727380871772766,0.3379845917224884,0.1892772912979126,-0.22690212726593018,-0.21944953501224518,-0.22688999772071838,1.106431245803833,1.1138838529586792,1.1064434051513672,0.334368497133255,0.3312680721282959,0.3343634009361267,text,text,1,0.9090909361839294,0.6875,0.44999998807907104
462,rnaNMUZpvvg$_$13,-2.0,-1.422760248184204,0.4491705596446991,0.28164142370224,0.26918795704841614,-1.138982892036438,-1.163093090057373,-1.1162545680999756,0.861017107963562,0.836906909942627,0.8837454319000244,0.3330462872982025,0.3432363271713257,0.3237174451351166,text,audio,0,0.875,0.5882353186607361,0.6190476417541504
200,f9O3YtZ2VfI$_$26,1.399999976158142,1.4892698526382446,0.41605064272880554,0.27333638072013855,0.3106130063533783,1.4835585355758667,1.4170594215393066,1.5054882764816284,0.08355855941772461,0.01705944538116455,0.10548830032348633,0.3268361985683441,0.35516518354415894,0.31799858808517456,text,audio,0,0.8571428656578064,0.59375,0.7105262875556946
416,pLTX3ipuDJI$_$14,-2.0,-1.2464463710784912,0.44180533289909363,0.28649601340293884,0.2716986835002899,-0.9190332889556885,-0.9178854823112488,-0.922380805015564,1.0809667110443115,1.0821144580841064,1.077619194984436,0.3330270051956177,0.3325495421886444,0.3344234526157379,text,vision,0,0.8333333134651184,0.5625,0.5897436141967773
600,wMbj6ajWbic$_$16,-0.4000000059604645,-0.5312492251396179,0.38182416558265686,0.3520442247390747,0.26613157987594604,-0.29321709275245667,-0.27036070823669434,-0.2804320454597473,0.10678291320800781,0.12963929772377014,0.11956796050071716,0.3382973372936249,0.328768789768219,0.3329339027404785,text,text,1,0.8399999737739563,0.7464788556098938,0.658823549747467
88,cXypl4FnoZo$_$7,-1.0,-0.5319433808326721,0.4077710509300232,0.2832549512386322,0.308974027633667,-0.30732837319374084,-0.3036563992500305,-0.3117613196372986,0.6926716566085815,0.6963436007499695,0.6882386803627014,0.3332248032093048,0.33169880509376526,0.33507639169692993,text,vision,0,0.9166666865348816,0.6818181872367859,0.7777777910232544
514,tmZoasNr4rU$_$20,-1.0,-0.5045616030693054,0.3056648373603821,0.3705447018146515,0.32379046082496643,-0.33697450160980225,-0.32375335693359375,-0.34660011529922485,0.6630254983901978,0.6762466430664062,0.6533998847007751,0.3338102400302887,0.3283388912677765,0.3378508985042572,audio,vision,0,0.699999988079071,0.7435897588729858,0.7291666865348816
590,wMbj6ajWbic$_$6,1.7999999523162842,1.4559911489486694,0.32913073897361755,0.371208131313324,0.29966115951538086,1.4961702823638916,1.4375450611114502,1.5145390033721924,0.3038296699523926,0.362454891204834,0.2854609489440918,0.3386884927749634,0.31475645303726196,0.34655508399009705,audio,vision,0,0.7142857313156128,0.720588207244873,0.6666666865348816
481,tIrG4oNLFzE$_$2,2.4000000953674316,-0.13731665909290314,0.25880536437034607,0.39215612411499023,0.3490384817123413,0.05000505596399307,0.07350847870111465,0.12327879667282104,2.3499951362609863,2.326491594314575,2.276721239089966,0.3199249505996704,0.32946354150772095,0.35061147809028625,audio,vision,0,0.5454545617103577,0.699999988079071,0.6944444179534912
127,d6hH302o4v8$_$20,1.0,-1.0707366466522217,0.29262346029281616,0.37908998131752014,0.3282865285873413,-0.9425579309463501,-0.9087077975273132,-0.9926067590713501,1.94255793094635,1.908707857131958,1.99260675907135,0.3352805972099304,0.3497716188430786,0.31494778394699097,audio,audio,1,0.6428571343421936,0.7200000286102295,0.699999988079071
52,cW1FSBF59ik$_$22,-1.0,0.9663291573524475,0.41435274481773376,0.33781400322914124,0.2478332817554474,1.045338749885559,0.9989096522331238,1.0402717590332031,2.0453386306762695,1.9989097118377686,2.040271759033203,0.3261464834213257,0.345634788274765,0.3282186985015869,text,audio,0,0.9200000166893005,0.7647058963775635,0.6625000238418579
564,vyB00TXsimI$_$11,-0.20000000298023224,-0.2737511098384857,0.26763468980789185,0.38328081369400024,0.3490845263004303,-0.2627864480018616,-0.2868872284889221,-0.2506980895996094,0.06278644502162933,0.08688722550868988,0.050698086619377136,0.3349468410015106,0.32500672340393066,0.3400464951992035,audio,vision,0,0.6000000238418579,0.7297297120094299,0.7333333492279053
224,f9O3YtZ2VfI$_$16,-1.0,0.9759243130683899,0.32235434651374817,0.3934078812599182,0.284237802028656,1.0942484140396118,1.0281648635864258,1.1159393787384033,2.0942482948303223,2.028164863586426,2.1159393787384033,0.3268654942512512,0.3550125062465668,0.318121999502182,audio,audio,1,0.75,0.7962962985038757,0.686274528503418
615,yDtzw_Y-7RU$_$6,-1.2000000476837158,-0.3082691729068756,0.35317331552505493,0.3216763138771057,0.32515040040016174,-0.1303744614124298,-0.09593148529529572,-0.11135438084602356,1.0696256160736084,1.1040685176849365,1.0886456966400146,0.34078919887542725,0.3264283239841461,0.33278244733810425,text,text,1,0.7551020383834839,0.6554622054100037,0.7132866978645325
332,k5Y_838nuGo$_$30,1.600000023841858,0.24876856803894043,0.3095747232437134,0.3602534532546997,0.3301718533039093,0.4390663206577301,0.4204593896865845,0.4792952537536621,1.1609337329864502,1.1795406341552734,1.1207047700881958,0.3301875591278076,0.3225964605808258,0.3472159802913666,audio,vision,0,0.75,0.7714285850524902,0.7804877758026123
592,wMbj6ajWbic$_$8,-0.20000000298023224,0.2997826635837555,0.4072171151638031,0.27482619881629944,0.31795668601989746,0.3586269021034241,0.36753422021865845,0.4070125222206116,0.5586268901824951,0.5675342082977295,0.6070125102996826,0.3412691354751587,0.3374905288219452,0.32124030590057373,text,text,1,0.875,0.625,0.75
161,d6hH302o4v8$_$34,-3.0,2.248565673828125,0.30106568336486816,0.3222513198852539,0.37668299674987793,2.34747052192688,2.1694376468658447,2.348991632461548,5.347470283508301,5.169437408447266,5.348991394042969,0.3079436719417572,0.38469767570495605,0.30735865235328674,vision,audio,0,0.800000011920929,0.7777777910232544,0.9090909361839294
209,f9O3YtZ2VfI$_$3,0.6000000238418579,0.8554872870445251,0.40284913778305054,0.30834469199180603,0.28880614042282104,0.89731764793396,0.8831861019134521,0.902100682258606,0.29731762409210205,0.28318607807159424,0.30210065841674805,0.33202069997787476,0.33793777227401733,0.3300415873527527,text,audio,0,0.9166666865348816,0.7297297120094299,0.75
556,vyB00TXsimI$_$3,2.200000047683716,1.2130295038223267,0.4015916883945465,0.3235663175582886,0.2748420536518097,1.2594016790390015,1.216883897781372,1.2835413217544556,0.9405983686447144,0.9831161499023438,0.9164587259292603,0.335697203874588,0.3183216452598572,0.34598109126091003,text,vision,0,0.8333333134651184,0.6714285612106323,0.6428571343421936
339,lXPQBPVc5Cw$_$22,2.5999999046325684,1.4976938962936401,0.320408433675766,0.2991142272949219,0.3804773688316345,1.5832422971725464,1.5172717571258545,1.5673582553863525,1.016757607460022,1.0827281475067139,1.0326416492462158,0.3446865975856781,0.31740304827690125,0.33791035413742065,vision,text,0,0.692307710647583,0.6052631735801697,0.7777777910232544
280,jUzDDGyPkXU$_$21,-1.0,-0.5374632477760315,0.4639318585395813,0.2811761200428009,0.2548920810222626,-0.31392210721969604,-0.37980204820632935,-0.2913517951965332,0.686077892780304,0.6201979517936707,0.7086482048034668,0.32700932025909424,0.3550783693790436,0.31791234016418457,text,audio,0,0.875,0.5714285969734192,0.5714285969734192
380,nzpVDcQ0ywM$_$2,-1.600000023841858,-0.12533651292324066,0.3942967355251312,0.279931902885437,0.32577139139175415,0.05499061942100525,0.09223603457212448,0.060765910893678665,1.6549906730651855,1.692236065864563,1.6607658863067627,0.3392915725708008,0.3238573670387268,0.33685103058815,text,text,1,0.8999999761581421,0.6764705777168274,0.8048780560493469
526,v0zCBqDeKcE$_$13,1.7999999523162842,0.6547467708587646,0.3782704770565033,0.3222936689853668,0.2994358539581299,0.7772232294082642,0.7911324501037598,0.7701734304428101,1.02277672290802,1.0088675022125244,1.0298265218734741,0.33236223459243774,0.3381914496421814,0.3294462561607361,text,audio,0,0.800000011920929,0.6710526347160339,0.6847826242446899
610,yDtzw_Y-7RU$_$3,0.75,-0.6087806820869446,0.2703215479850769,0.42644959688186646,0.3032289147377014,-0.39920100569725037,-0.3787772059440613,-0.4147157669067383,1.1492010354995728,1.128777265548706,1.1647157669067383,0.33259591460227966,0.3411962687969208,0.32620784640312195,audio,audio,1,0.5714285969734192,0.7457627058029175,0.6285714507102966
677,zhpQhgha_KU$_$16,1.7999999523162842,1.101738691329956,0.2633576989173889,0.38238582015037537,0.3542564809322357,1.2393890619277954,1.1777138710021973,1.2707794904708862,0.5606108903884888,0.6222860813140869,0.529220461845398,0.33717477321624756,0.31215736269950867,0.3506678640842438,audio,vision,0,0.5625,0.695652186870575,0.7090908885002136
71,cW1FSBF59ik$_$19,0.20000000298023224,-0.5039963126182556,0.3568945825099945,0.2362881451845169,0.4068172872066498,-0.37339556217193604,-0.4387192130088806,-0.3571641445159912,0.5733955502510071,0.6387192010879517,0.5571641325950623,0.3398948013782501,0.3132437467575073,0.34686142206192017,vision,vision,1,0.800000011920929,0.5416666865348816,0.8620689511299133
319,k5Y_838nuGo$_$9,1.7999999523162842,-0.02034076303243637,0.24883577227592468,0.37593623995780945,0.37522801756858826,0.20996558666229248,0.19322946667671204,0.24178892374038696,1.5900343656539917,1.6067705154418945,1.558211088180542,0.3311391770839691,0.3242836594581604,0.3445771634578705,audio,vision,0,0.5,0.6521739363670349,0.7037037014961243
4,c7UH_rxdZv4$_$20,-1.7999999523162842,-0.5754504203796387,0.34126847982406616,0.33132344484329224,0.3274080753326416,-0.4424089789390564,-0.40914463996887207,-0.44000816345214844,1.357590913772583,1.390855312347412,1.3599917888641357,0.33826345205307007,0.32448670268058777,0.3372498154640198,text,text,1,0.7916666865348816,0.7260273694992065,0.7727272510528564
111,d3_k5Xpfmik$_$18,0.800000011920929,0.9281205534934998,0.26868346333503723,0.3425256907939911,0.3887908160686493,1.1057289838790894,0.996335506439209,1.149869441986084,0.3057289719581604,0.19633549451828003,0.34986943006515503,0.3233262896537781,0.37070393562316895,0.30596980452537537,vision,audio,0,0.5,0.5675675868988037,0.6818181872367859
240,f_pcplsH_V0$_$6,1.600000023841858,-0.9834997653961182,0.49741750955581665,0.2722374498844147,0.23034505546092987,-0.6828358173370361,-0.7493823170661926,-0.6859288215637207,2.2828359603881836,2.3493824005126953,2.285928726196289,0.3428974449634552,0.3155282735824585,0.3415743410587311,text,text,1,0.8888888955116272,0.5333333611488342,0.5
145,d6hH302o4v8$_$38,-3.0,-0.937456488609314,0.43784958124160767,0.27195262908935547,0.29019781947135925,-0.6741132736206055,-0.6738476157188416,-0.698580265045166,2.3258867263793945,2.3261523246765137,2.301419734954834,0.3299540877342224,0.3298446238040924,0.3402012884616852,text,vision,0,1.0,0.7083333134651184,0.7931034564971924
230,f_pcplsH_V0$_$13,1.600000023841858,1.1058627367019653,0.3271230161190033,0.3452313244342804,0.3276456892490387,1.2278107404708862,1.1488487720489502,1.2548307180404663,0.3721892833709717,0.4511512517929077,0.3451693058013916,0.3400939404964447,0.30812931060791016,0.3517768085002899,audio,vision,0,0.6363636255264282,0.6111111044883728,0.6363636255264282
584,wMbj6ajWbic$_$1,0.5,1.0753792524337769,0.33098965883255005,0.3685446083545685,0.30046576261520386,1.1495429277420044,1.0938222408294678,1.1829265356063843,0.6495429277420044,0.5938222408294678,0.6829265356063843,0.3298955261707306,0.35369211435317993,0.31641238927841187,audio,audio,1,0.800000011920929,0.800000011920929,0.75
626,yDtzw_Y-7RU$_$19,-1.600000023841858,0.13737329840660095,0.3114427924156189,0.29325616359710693,0.39530107378959656,0.30660751461982727,0.3355492353439331,0.29523569345474243,1.9066075086593628,1.935549259185791,1.8952357769012451,0.33570730686187744,0.3237794041633606,0.34051328897476196,vision,vision,1,0.6666666865348816,0.5833333134651184,0.7857142686843872
360,lXPQBPVc5Cw$_$19,-1.7999999523162842,-1.592415690422058,0.43015697598457336,0.32845863699913025,0.24138443171977997,-1.2545045614242554,-1.2817659378051758,-1.2599351406097412,0.5454953908920288,0.5182340145111084,0.540064811706543,0.32878780364990234,0.34018492698669434,0.3310272991657257,text,audio,0,0.8888888955116272,0.699999988079071,0.6000000238418579
396,nzpVDcQ0ywM$_$18,1.2000000476837158,2.077460289001465,0.3281555473804474,0.3137679100036621,0.3580765426158905,2.2341887950897217,2.0417497158050537,2.2283120155334473,1.0341887474060059,0.8417496681213379,1.0283119678497314,0.30494123697280884,0.3878691494464874,0.30718961358070374,vision,audio,0,0.7083333134651184,0.6333333253860474,0.75
669,zhpQhgha_KU$_$8,-1.0,-1.3403290510177612,0.337789386510849,0.32332560420036316,0.33888500928878784,-1.1089404821395874,-1.1235542297363281,-1.1150132417678833,0.1089404821395874,0.12355422973632812,0.1150132417678833,0.3362094461917877,0.330123633146286,0.33366698026657104,vision,text,0,0.7333333492279053,0.6585366129875183,0.7346938848495483
166,dq3Nf_lMPnE$_$13,-1.2000000476837158,2.2181782722473145,0.2823643386363983,0.4124205708503723,0.30521509051322937,2.281266212463379,2.1637914180755615,2.294555902481079,3.4812662601470947,3.3637914657592773,3.494555950164795,0.3182992935180664,0.3686455190181732,0.3130551874637604,audio,audio,1,0.625,0.7612903118133545,0.6631016135215759
62,cW1FSBF59ik$_$8,1.7999999523162842,0.9232043623924255,0.3892853558063507,0.2805614769458771,0.3301531970500946,0.9633994698524475,0.9438541531562805,0.9879601001739502,0.8366004824638367,0.8561457991600037,0.812039852142334,0.33255279064178467,0.32452645897865295,0.3429207503795624,text,vision,0,0.8571428656578064,0.6399999856948853,0.774193525314331
133,d6hH302o4v8$_$40,-1.0,-1.648284673690796,0.4036175012588501,0.4478892982006073,0.1484932154417038,-1.3036466836929321,-1.3239567279815674,-1.350342869758606,0.30364668369293213,0.3239567279815674,0.35034286975860596,0.3426731824874878,0.33408302068710327,0.3232438266277313,audio,text,0,1.0,1.0,0.5
376,nzpVDcQ0ywM$_$22,2.0,1.8563045263290405,0.7366456389427185,0.1383056938648224,0.1250486671924591,1.5710351467132568,1.404700756072998,1.6303144693374634,0.42896485328674316,0.595299243927002,0.3696855306625366,0.34611809253692627,0.28114259243011475,0.3727392852306366,text,vision,0,0.8888888955116272,0.0,0.0
368,nbWiPyCm4g0$_$4,-2.200000047683716,-0.12766864895820618,0.32899031043052673,0.3886891007423401,0.2823205888271332,0.03419245034456253,0.08727911859750748,0.014931492507457733,2.2341926097869873,2.2872791290283203,2.2149314880371094,0.3378191292285919,0.3161296546459198,0.34605124592781067,audio,vision,0,0.6744186282157898,0.7086614370346069,0.5986841917037964
670,zhpQhgha_KU$_$11,-2.4000000953674316,0.6896581053733826,0.30731669068336487,0.34153690934181213,0.3511463701725006,0.7936153411865234,0.7666305899620056,0.8253005146980286,3.193615436553955,3.166630744934082,3.2253005504608154,0.33383703231811523,0.3452896773815155,0.32087329030036926,vision,audio,0,0.6666666865348816,0.6666666865348816,0.7321428656578064
265,iiK8YX8oH1E$_$18,-1.0,-0.9772497415542603,0.23027071356773376,0.3514764904975891,0.4182528555393219,-0.8180414438247681,-0.8300309181213379,-0.8293023109436035,0.18195855617523193,0.1699690818786621,0.17069768905639648,0.3301119804382324,0.3350965678691864,0.33479151129722595,vision,audio,0,0.5454545617103577,0.7037037014961243,0.84375
679,zhpQhgha_KU$_$18,0.6000000238418579,1.2720662355422974,0.39332443475723267,0.2912403643131256,0.3154352307319641,1.3607646226882935,1.279250144958496,1.3930087089538574,0.7607645988464355,0.6792501211166382,0.7930086851119995,0.3259705603122711,0.36093583703041077,0.31309354305267334,text,audio,0,0.8181818127632141,0.6176470518112183,0.707317054271698
488,tStelxIAHjw$_$11,-2.799999952316284,-1.6610853672027588,0.46268230676651,0.22683584690093994,0.3104819357395172,-1.3555374145507812,-1.3560322523117065,-1.3562257289886475,1.444462537765503,1.4439677000045776,1.4437742233276367,0.33316901326179504,0.33337515592575073,0.33345580101013184,text,vision,0,1.0,0.5882353186607361,0.800000011920929
597,wMbj6ajWbic$_$15,2.0,-0.868535041809082,0.31591796875,0.31235283613204956,0.37172919511795044,-0.6886436939239502,-0.7115126848220825,-0.6795775890350342,2.68864369392395,2.711512565612793,2.679577589035034,0.3352087736129761,0.3257620632648468,0.33902913331985474,vision,vision,1,0.6470588445663452,0.5869565010070801,0.7272727489471436
288,jUzDDGyPkXU$_$7,-0.6000000238418579,-0.9161623120307922,0.31395018100738525,0.3589969873428345,0.3270528018474579,-0.7227557897567749,-0.7459928393363953,-0.7470291256904602,0.12275576591491699,0.14599281549453735,0.1470291018486023,0.33996427059173584,0.33023160696029663,0.32980412244796753,audio,text,0,0.6842105388641357,0.698113203048706,0.703125
195,etzxEpPuc6I$_$6,0.4000000059604645,-0.162163645029068,0.352059543132782,0.31410256028175354,0.3338378965854645,-0.031985752284526825,-0.048764556646347046,-0.010591361671686172,0.4319857656955719,0.4487645626068115,0.41059136390686035,0.33262941241264343,0.32572561502456665,0.34164494276046753,text,vision,0,0.75,0.6388888955116272,0.7209302186965942
348,lXPQBPVc5Cw$_$7,-2.799999952316284,-1.04354727268219,0.2603158950805664,0.3893689513206482,0.3503151834011078,-0.8464961051940918,-0.8405168652534485,-0.8480443954467773,1.9535038471221924,1.9594831466674805,1.9519555568695068,0.3339466154575348,0.3314599096775055,0.3345935046672821,audio,vision,0,0.5666666626930237,0.7142857313156128,0.7142857313156128
500,tStelxIAHjw$_$7,1.399999976158142,1.5983859300613403,0.3584754765033722,0.3163233697414398,0.3252011835575104,1.646514654159546,1.549225926399231,1.659170150756836,0.2465146780014038,0.14922595024108887,0.25917017459869385,0.32116958498954773,0.36270153522491455,0.3161288797855377,text,audio,0,1.0,0.8823529481887817,0.949999988079071
389,nzpVDcQ0ywM$_$13,-1.0,-0.8733716607093811,0.36531561613082886,0.32815250754356384,0.3065318763256073,-0.7377767562866211,-0.7152730822563171,-0.7782086133956909,0.2622232437133789,0.28472691774368286,0.22179138660430908,0.33067676424980164,0.3215045928955078,0.34781864285469055,text,vision,0,0.7647058963775635,0.6607142686843872,0.6764705777168274
300,jUzDDGyPkXU$_$19,2.200000047683716,-0.8362440466880798,0.42546743154525757,0.3363078236579895,0.23822471499443054,-0.5849936008453369,-0.6184113621711731,-0.5680192708969116,2.7849936485290527,2.818411350250244,2.768019199371338,0.3355104625225067,0.3217841386795044,0.3427053987979889,text,vision,0,1.0,0.8285714387893677,0.707317054271698
77,cXypl4FnoZo$_$20,-1.0,-0.04126138240098953,0.3624507486820221,0.3364810645580292,0.30106815695762634,0.15674686431884766,0.1868307739496231,0.21106906235218048,1.1567468643188477,1.186830759048462,1.211069107055664,0.34513169527053833,0.3323940932750702,0.32247427105903625,text,text,1,0.75,0.6610169410705566,0.6571428775787354
621,yDtzw_Y-7RU$_$12,-0.6666666865348816,-0.7577992677688599,0.26848724484443665,0.33307936787605286,0.3984334468841553,-0.6011159420013428,-0.5889630317687988,-0.608313262462616,0.06555074453353882,0.07770365476608276,0.058353424072265625,0.334005743265152,0.32897013425827026,0.3370242118835449,vision,vision,1,0.6000000238418579,0.6530612111091614,0.7966101765632629
653,zhpQhgha_KU$_$26,0.0,0.12001925706863403,0.25957363843917847,0.3632338345050812,0.3771924674510956,0.2837950587272644,0.3035508394241333,0.33650797605514526,0.2837950587272644,0.3035508394241333,0.33650797605514526,0.3434253931045532,0.3350484371185303,0.32152611017227173,vision,text,0,0.692307710647583,0.8095238208770752,0.8799999952316284
606,yDtzw_Y-7RU$_$21,0.20000000298023224,-0.49352356791496277,0.2698039412498474,0.38406604528427124,0.3461299538612366,-0.31836608052253723,-0.2926919460296631,-0.34204643964767456,0.5183660984039307,0.49269193410873413,0.5420464277267456,0.33295080065727234,0.3438093960285187,0.3232397735118866,audio,audio,1,0.5333333611488342,0.6551724076271057,0.6571428775787354
349,lXPQBPVc5Cw$_$6,-1.399999976158142,-0.5973746180534363,0.266868531703949,0.37151989340782166,0.36161157488822937,-0.5500121116638184,-0.5066187977790833,-0.5999648571014404,0.8499878644943237,0.8933811783790588,0.8000351190567017,0.3320455849170685,0.3145146667957306,0.3534398078918457,audio,vision,0,0.5416666865348816,0.656000018119812,0.6933333277702332
446,phBUpBr1hSo$_$8,-2.200000047683716,-0.34244614839553833,0.2887241840362549,0.3828883767127991,0.3283874988555908,-0.1988704800605774,-0.17511694133281708,-0.18132968246936798,2.001129627227783,2.0248830318450928,2.0186703205108643,0.33909139037132263,0.32917115092277527,0.3317374289035797,audio,text,0,0.6399999856948853,0.7286585569381714,0.7041800618171692
545,vvZ4IcEtiZc$_$2,2.4000000953674316,2.5740528106689453,0.4139452874660492,0.3029536306858063,0.2831011414527893,2.5974948406219482,2.430716037750244,2.575685501098633,0.1974947452545166,0.0307159423828125,0.17568540573120117,0.30680179595947266,0.3779173493385315,0.3152807950973511,text,audio,0,0.9166666865348816,0.7058823704719543,0.7250000238418579
532,v0zCBqDeKcE$_$3,0.6000000238418579,-0.601371705532074,0.36537057161331177,0.31622594594955444,0.3184034824371338,-0.42142051458358765,-0.3964102268218994,-0.43068134784698486,1.0214204788208008,0.9964102506637573,1.0306813716888428,0.331098735332489,0.3416132926940918,0.3272880017757416,text,audio,0,0.7857142686843872,0.6600000262260437,0.7166666388511658
247,fvVhgmXxadc$_$14,0.0,-0.4044307768344879,0.36698901653289795,0.3798521161079407,0.2531588673591614,-0.18268346786499023,-0.1477043777704239,-0.18295599520206451,0.18268346786499023,0.1477043777704239,0.18295599520206451,0.32847699522972107,0.34315788745880127,0.32836511731147766,audio,audio,1,0.7894737124443054,0.7547169923782349,0.60317462682724
536,v0zCBqDeKcE$_$7,1.399999976158142,-0.22099679708480835,0.3071586489677429,0.323367714881897,0.3694736361503601,-0.1460379660129547,-0.09798489511013031,-0.14429844915866852,1.5460379123687744,1.4979848861694336,1.5442984104156494,0.32636183500289917,0.3465659022331238,0.32707223296165466,vision,audio,0,0.6499999761581421,0.6222222447395325,0.7419354915618896
651,zhpQhgha_KU$_$24,0.0,-0.8049034476280212,0.44835078716278076,0.2639002799987793,0.28774896264076233,-0.555635929107666,-0.5453155636787415,-0.5507386922836304,0.555635929107666,0.5453155636787415,0.5507386922836304,0.3312218487262726,0.33552247285842896,0.33325567841529846,text,audio,0,1.0,0.6818181872367859,0.7777777910232544
656,zhpQhgha_KU$_$21,0.6000000238418579,0.15350715816020966,0.2988641858100891,0.451194167137146,0.2499416470527649,0.3620634078979492,0.3724650740623474,0.4123431444168091,0.2379366159439087,0.2275349497795105,0.18765687942504883,0.32489117980003357,0.3291430175304413,0.34596580266952515,audio,vision,0,0.6842105388641357,0.8387096524238586,0.5945945978164673
668,zhpQhgha_KU$_$9,-1.0,-0.3841656446456909,0.3186871111392975,0.38130998611450195,0.3000028431415558,-0.18960335850715637,-0.1858786791563034,-0.18726691603660583,0.810396671295166,0.8141213059425354,0.8127330541610718,0.33417561650276184,0.3326233923435211,0.3332010507583618,audio,text,0,0.7058823704719543,0.7428571581840515,0.6744186282157898
395,nzpVDcQ0ywM$_$19,-2.0,1.4599416255950928,0.30901220440864563,0.2747025787830353,0.4162852466106415,1.5883347988128662,1.4903689622879028,1.5864903926849365,3.588334798812866,3.4903688430786133,3.5864903926849365,0.3192257881164551,0.36081162095069885,0.31996259093284607,vision,audio,0,0.6499999761581421,0.5370370149612427,0.796875
72,cW1FSBF59ik$_$18,2.5999999046325684,2.2881548404693604,0.29878711700439453,0.3289366364479065,0.3722761869430542,2.3206095695495605,2.2069313526153564,2.3193795680999756,0.2793903350830078,0.3930685520172119,0.2806203365325928,0.3489183485507965,0.30269938707351685,0.34838229417800903,vision,text,0,0.6818181872367859,0.6760563254356384,0.7906976938247681
117,d3_k5Xpfmik$_$7,0.4000000059604645,0.5851937532424927,0.2562263309955597,0.35923564434051514,0.38453802466392517,0.6987069845199585,0.7062999606132507,0.7233541011810303,0.298706978559494,0.30629995465278625,0.3233540952205658,0.3378133475780487,0.33462223410606384,0.32756438851356506,vision,text,0,0.5,0.6144578456878662,0.7023809552192688
41,cM3Yna7AavY$_$3,1.0,-0.5682927966117859,0.38922908902168274,0.3628894090652466,0.24788154661655426,-0.3104597330093384,-0.2769783139228821,-0.34828001260757446,1.3104597330093384,1.2769782543182373,1.3482799530029297,0.33371543884277344,0.3479784429073334,0.3183060586452484,text,audio,0,0.8125,0.7234042286872864,0.5862069129943848
229,f_pcplsH_V0$_$10,1.2000000476837158,0.6188235878944397,0.3983992636203766,0.3562251925468445,0.24537557363510132,0.6585022211074829,0.6621513366699219,0.6822844743728638,0.5414978265762329,0.537848711013794,0.517715573310852,0.32951685786247253,0.3310233950614929,0.33945974707603455,text,vision,0,0.8181818127632141,0.7090908885002136,0.5757575631141663
555,vyB00TXsimI$_$1,0.0,0.8584700226783752,0.3703482449054718,0.29318442940711975,0.33646732568740845,0.9469995498657227,0.8935173153877258,1.0028526782989502,0.9469995498657227,0.8935173153877258,1.0028526782989502,0.3331441879272461,0.35617712140083313,0.3106786608695984,text,audio,0,0.800000011920929,0.6296296119689941,0.75
21,c7UH_rxdZv4$_$13,-2.5999999046325684,1.162563443183899,0.4158720374107361,0.2815915644168854,0.30253633856773376,1.2494124174118042,1.1434952020645142,1.2862794399261475,3.849412441253662,3.743494987487793,3.886279344558716,0.3229427635669708,0.36865904927253723,0.30839812755584717,text,audio,0,1.0,0.75,0.837837815284729
327,k5Y_838nuGo$_$17,0.800000011920929,-0.3445476293563843,0.25604766607284546,0.32082316279411316,0.42312923073768616,-0.23589301109313965,-0.2287866622209549,-0.24852652847766876,1.0358929634094238,1.0287866592407227,1.0485265254974365,0.33408451080322266,0.33706536889076233,0.3288500905036926,vision,audio,0,0.625,0.6842105388641357,0.875
601,wMbj6ajWbic$_$19,-0.6000000238418579,0.41659340262413025,0.3212020993232727,0.32637089490890503,0.3524269759654999,0.5425189137458801,0.5016706585884094,0.6064338684082031,1.1425189971923828,1.101670742034912,1.206433892250061,0.3360665738582611,0.3536718785762787,0.3102615773677826,vision,audio,0,0.7058823704719543,0.6600000262260437,0.75
427,phBUpBr1hSo$_$11,2.0,1.4276975393295288,0.3183434009552002,0.3029644191265106,0.3786922097206116,1.5322484970092773,1.4289814233779907,1.5664029121398926,0.46775150299072266,0.5710185766220093,0.4335970878601074,0.34217071533203125,0.3007339537143707,0.3570953607559204,vision,vision,1,0.5555555820465088,0.4761904776096344,0.6399999856948853
183,etzxEpPuc6I$_$15,0.20000000298023224,-0.4669041037559509,0.3998969793319702,0.3231240212917328,0.276978999376297,-0.2521839141845703,-0.31196075677871704,-0.24949871003627777,0.45218390226364136,0.5119607448577881,0.44949871301651,0.3411380648612976,0.31657689809799194,0.34228500723838806,text,vision,0,0.875,0.7142857313156128,0.6875
96,cXypl4FnoZo$_$15,0.0,0.6362663507461548,0.3420230746269226,0.3565380871295929,0.3014388680458069,0.7181330323219299,0.7285512089729309,0.7591513395309448,0.7181330323219299,0.7285512089729309,0.7591513395309448,0.34047406911849976,0.3360689580440521,0.3234569728374481,audio,text,0,0.75,0.7176470756530762,0.686274528503418
282,jUzDDGyPkXU$_$23,1.2000000476837158,1.2791444063186646,0.4172607362270355,0.3280806839466095,0.25465860962867737,1.3619097471237183,1.2400602102279663,1.4009724855422974,0.16190969944000244,0.04006016254425049,0.20097243785858154,0.3208349049091339,0.37361976504325867,0.3055453598499298,text,audio,0,0.8571428656578064,0.6842105388641357,0.6086956262588501
154,d6hH302o4v8$_$19,-2.799999952316284,-1.2882111072540283,0.31380099058151245,0.3850160837173462,0.30118289589881897,-1.0859158039093018,-1.069005012512207,-1.107987642288208,1.7140841484069824,1.7309949398040771,1.6920123100280762,0.3325510621070862,0.3255951404571533,0.3418537974357605,audio,vision,0,0.75,0.800000011920929,0.7297297120094299
439,phBUpBr1hSo$_$3,2.799999952316284,1.6216918230056763,0.28054505586624146,0.4138389825820923,0.30561596155166626,1.7078529596328735,1.6106650829315186,1.723461389541626,1.0921469926834106,1.1893348693847656,1.0765385627746582,0.34419775009155273,0.30482304096221924,0.35097914934158325,audio,vision,0,0.7142857313156128,0.8536585569381714,0.7551020383834839
490,tStelxIAHjw$_$13,-1.600000023841858,-0.34698012471199036,0.2782561779022217,0.2817901074886322,0.4399537444114685,-0.23738431930541992,-0.24244822561740875,-0.2413601130247116,1.362615704536438,1.3575518131256104,1.3586399555206299,0.3320789337158203,0.3341876268386841,0.3337334096431732,vision,audio,0,0.5714285969734192,0.523809552192688,0.800000011920929
634,yvsjCA6Y5Fc$_$2,-1.2000000476837158,-1.5103522539138794,0.35237112641334534,0.4211937189102173,0.22643516957759857,-1.1858177185058594,-1.185524821281433,-1.2031500339508057,0.014182329177856445,0.014475226402282715,0.0031499862670898438,0.33183786273002625,0.3317164182662964,0.33644574880599976,audio,vision,0,0.75,0.7857142686843872,0.529411792755127
641,yvsjCA6Y5Fc$_$11,2.0,0.5175897479057312,0.2650907039642334,0.3643737733364105,0.3705354928970337,0.6985634565353394,0.6307113766670227,0.7517321705818176,1.3014365434646606,1.369288682937622,1.2482678890228271,0.334739089012146,0.3075188100337982,0.3577420711517334,vision,vision,1,0.529411792755127,0.6341463327407837,0.6938775777816772
528,v0zCBqDeKcE$_$15,2.4000000953674316,2.2253055572509766,0.4179949164390564,0.27119189500808716,0.31081321835517883,2.2424769401550293,2.0959815979003906,2.2344772815704346,0.15752315521240234,0.304018497467041,0.16552281379699707,0.354268342256546,0.2949882745742798,0.35074347257614136,text,text,1,1.0,0.7272727489471436,0.8500000238418579
479,tIrG4oNLFzE$_$1,2.799999952316284,1.002247929573059,0.4154698848724365,0.31841862201690674,0.26611146330833435,1.0358861684799194,1.025491714477539,1.0411758422851562,1.7641137838363647,1.7745082378387451,1.758824110031128,0.3340320289134979,0.32971999049186707,0.336247980594635,text,vision,0,0.9166666865348816,0.7317073345184326,0.6938775777816772
176,dq3Nf_lMPnE$_$6,0.800000011920929,-1.2907050848007202,0.4325317442417145,0.33865541219711304,0.22881287336349487,-0.9435439109802246,-0.9618715643882751,-0.9367551803588867,1.7435438632965088,1.761871576309204,1.736755132675171,0.33491042256355286,0.3273249864578247,0.33776453137397766,text,vision,0,0.7777777910232544,0.6000000238418579,0.4583333432674408
560,vyB00TXsimI$_$7,2.4000000953674316,1.9450725317001343,0.30965906381607056,0.3893263339996338,0.30101463198661804,2.057307720184326,1.9170825481414795,2.0704660415649414,0.34269237518310547,0.48291754722595215,0.32953405380249023,0.3501639664173126,0.293864905834198,0.3559710681438446,audio,vision,0,0.75,0.8108108043670654,0.7333333492279053
317,k5Y_838nuGo$_$7,-2.4000000953674316,-0.6885100603103638,0.3426281809806824,0.3565637469291687,0.3008080720901489,-0.4649481773376465,-0.4375659227371216,-0.47589945793151855,1.9350519180297852,1.96243417263031,1.924100637435913,0.3355553448200226,0.3242643177509308,0.34018033742904663,audio,vision,0,0.699999988079071,0.6666666865348816,0.6363636255264282
486,tIrG4oNLFzE$_$9,-1.0,-0.186017706990242,0.3574407696723938,0.3358955383300781,0.3066636919975281,0.01709190383553505,0.0606660470366478,0.04679695516824722,1.0170918703079224,1.0606660842895508,1.0467969179153442,0.3435790240764618,0.3253655433654785,0.3310554027557373,text,text,1,0.75,0.6666666865348816,0.6730769276618958
308,k5Y_838nuGo$_$22,0.4000000059604645,0.8338332176208496,0.4175488352775574,0.36545854806900024,0.21699263155460358,0.8663629293441772,0.8532477021217346,0.8906087875366211,0.46636292338371277,0.45324769616127014,0.4906087815761566,0.33482035994529724,0.34035465121269226,0.3248250484466553,text,audio,0,0.9333333373069763,0.8125,0.6052631735801697
447,phBUpBr1hSo$_$21,0.800000011920929,0.5284988880157471,0.26945939660072327,0.4100528061389923,0.32048773765563965,0.6676866412162781,0.6390846371650696,0.7023770213127136,0.13231337070465088,0.16091537475585938,0.09762299060821533,0.332314670085907,0.32064348459243774,0.3470418453216553,audio,vision,0,0.6086956262588501,0.7647058963775635,0.6935483813285828
19,c7UH_rxdZv4$_$11,1.0,-0.4245290756225586,0.3993414342403412,0.34115439653396606,0.25950413942337036,-0.18350142240524292,-0.16942651569843292,-0.19223396480083466,1.1835014820098877,1.1694265604019165,1.192233920097351,0.3325692117214203,0.33847203850746155,0.32895874977111816,text,audio,0,0.8333333134651184,0.699999988079071,0.6170212626457214
92,cXypl4FnoZo$_$11,1.399999976158142,-0.42491260170936584,0.31077656149864197,0.38273292779922485,0.3064905107021332,-0.22991788387298584,-0.2023976892232895,-0.23155653476715088,1.629917860031128,1.6023976802825928,1.631556510925293,0.3297117054462433,0.3412512242794037,0.329037070274353,audio,audio,1,0.7419354915618896,0.7931034564971924,0.7346938848495483
159,d6hH302o4v8$_$36,-2.200000047683716,-1.651647686958313,0.34750550985336304,0.3764960467815399,0.27599847316741943,-1.414530873298645,-1.3945093154907227,-1.4536945819854736,0.7854691743850708,0.8054907321929932,0.7463054656982422,0.3305286467075348,0.32235920429229736,0.34711214900016785,audio,vision,0,0.75,0.7352941036224365,0.6341463327407837
665,zhpQhgha_KU$_$4,-1.600000023841858,-0.406868577003479,0.332261323928833,0.3863586187362671,0.2813800871372223,-0.1940593421459198,-0.17922498285770416,-0.2038934826850891,1.4059406518936157,1.420775055885315,1.396106481552124,0.33400169014930725,0.3278654217720032,0.3381328582763672,audio,vision,0,0.75,0.7727272510528564,0.6666666865348816
329,k5Y_838nuGo$_$19,-0.6000000238418579,1.4483296871185303,0.2816218435764313,0.3730015456676483,0.34537655115127563,1.5436373949050903,1.459546446800232,1.5590572357177734,2.1436374187469482,2.05954647064209,2.159057140350342,0.323441743850708,0.3592910170555115,0.3172672390937805,audio,audio,1,0.6842105388641357,0.7714285850524902,0.7857142686843872
61,cW1FSBF59ik$_$9,-2.4000000953674316,-0.8008705377578735,0.305588036775589,0.3810138404369354,0.313398152589798,-0.5886985659599304,-0.5751417279243469,-0.5969483852386475,1.8113014698028564,1.8248584270477295,1.8030517101287842,0.3340502083301544,0.3284370005130768,0.3375127911567688,audio,vision,0,0.6666666865348816,0.7234042286872864,0.6785714030265808
274,iiK8YX8oH1E$_$8,-1.0,-0.43565264344215393,0.2897082269191742,0.37344351410865784,0.3368481993675232,-0.2338399887084961,-0.2354070097208023,-0.2450477033853531,0.7661600112915039,0.7645930051803589,0.7549523115158081,0.33155742287635803,0.33220747113227844,0.3362351059913635,audio,vision,0,0.5833333134651184,0.65625,0.6578947305679321
241,f_pcplsH_V0$_$9,-2.4000000953674316,-1.5024980306625366,0.2984161078929901,0.40278327465057373,0.29880058765411377,-1.3179019689559937,-1.3669548034667969,-1.315861701965332,1.082098126411438,1.0330452919006348,1.0841383934020996,0.32672393321990967,0.3473843038082123,0.32589176297187805,audio,audio,1,0.6666666865348816,0.7647058963775635,0.6666666865348816
524,v0zCBqDeKcE$_$11,1.600000023841858,1.4699357748031616,0.31495943665504456,0.3578599989414215,0.32718050479888916,1.4990462064743042,1.4463248252868652,1.5176689624786377,0.10095381736755371,0.15367519855499268,0.08233106136322021,0.33786359429359436,0.316315621137619,0.3458207845687866,audio,vision,0,0.65625,0.6666666865348816,0.6744186282157898
172,dq3Nf_lMPnE$_$2,-1.399999976158142,-0.29345500469207764,0.2903386950492859,0.43806058168411255,0.2716006934642792,-0.09008505940437317,-0.088749960064888,-0.05743098258972168,1.3099149465560913,1.3112499713897705,1.3425689935684204,0.3380277752876282,0.33746418356895447,0.32450810074806213,audio,text,0,0.692307710647583,0.84375,0.6578947305679321
108,d3_k5Xpfmik$_$17,1.600000023841858,1.281690239906311,0.34471574425697327,0.2848713994026184,0.37041282653808594,1.3151860237121582,1.283329725265503,1.3169660568237305,0.2848140001296997,0.316670298576355,0.28303396701812744,0.33747416734695435,0.3242999017238617,0.33822593092918396,vision,vision,1,0.692307710647583,0.5405405163764954,0.7272727489471436
5,c7UH_rxdZv4$_$21,-0.800000011920929,0.4074457883834839,0.34463852643966675,0.369057834148407,0.2863036096096039,0.4886344075202942,0.5080782175064087,0.5385540127754211,1.2886344194412231,1.3080782890319824,1.33855402469635,0.34299489855766296,0.3347589075565338,0.322246253490448,audio,text,0,0.7368420958518982,0.717391312122345,0.6436781883239746
194,etzxEpPuc6I$_$7,-1.2000000476837158,-0.7206036448478699,0.32912972569465637,0.34648606181144714,0.3243842124938965,-0.5249464511871338,-0.5185174345970154,-0.49709439277648926,0.675053596496582,0.6814826130867004,0.7029056549072266,0.3380914032459259,0.3353853225708008,0.3265233039855957,audio,text,0,0.75,0.7222222089767456,0.7419354915618896
120,d3_k5Xpfmik$_$8,2.200000047683716,1.779299020767212,0.2985006272792816,0.33773818612098694,0.36376112699508667,1.8891277313232422,1.7163779735565186,1.923919439315796,0.31087231636047363,0.48362207412719727,0.2760806083679199,0.3508482873439789,0.2827085554599762,0.3664431571960449,vision,vision,1,0.7142857313156128,0.7222222089767456,0.8095238208770752
109,d3_k5Xpfmik$_$16,2.0,1.979427695274353,0.2701042890548706,0.47305187582969666,0.25684380531311035,2.1847686767578125,1.975907564163208,2.213819742202759,0.1847686767578125,0.024092435836791992,0.2138197422027588,0.3137970566749573,0.3835966885089874,0.3026062548160553,audio,audio,1,0.6000000238418579,0.8260869383811951,0.5714285969734192
525,v0zCBqDeKcE$_$10,2.200000047683716,1.6767387390136719,0.4284639060497284,0.3545466959476471,0.2169893980026245,1.6785255670547485,1.596222162246704,1.6905953884124756,0.5214744806289673,0.6037778854370117,0.5094046592712402,0.34276655316352844,0.30925625562667847,0.3479771614074707,text,vision,0,0.7857142686843872,0.6363636255264282,0.4444444477558136
201,f9O3YtZ2VfI$_$27,1.600000023841858,1.5816372632980347,0.31603026390075684,0.43518662452697754,0.24878309667110443,1.6279453039169312,1.5426642894744873,1.6407406330108643,0.027945280075073242,0.057335734367370605,0.04074060916900635,0.33920592069625854,0.32697030901908875,0.3338238000869751,audio,text,0,0.7272727489471436,0.8333333134651184,0.6071428656578064
160,d6hH302o4v8$_$35,-1.600000023841858,-1.0000687837600708,0.31291893124580383,0.34526538848876953,0.34181568026542664,-0.8277783989906311,-0.8053017258644104,-0.8678244352340698,0.7722216248512268,0.7946982979774475,0.7321755886077881,0.330728679895401,0.3215658962726593,0.3477054834365845,audio,vision,0,0.7222222089767456,0.7179487347602844,0.7659574747085571
93,cXypl4FnoZo$_$10,2.0,0.931560754776001,0.29257434606552124,0.414582222700119,0.29284343123435974,1.0093791484832764,0.9780316948890686,1.0464820861816406,0.9906208515167236,1.0219683647155762,0.9535179138183594,0.33233141899108887,0.31956106424331665,0.3481075167655945,audio,vision,0,0.6666666865348816,0.7878788113594055,0.6666666865348816
563,vyB00TXsimI$_$8,2.5999999046325684,0.4593183696269989,0.3236125111579895,0.3331199586391449,0.3432675302028656,0.5126378536224365,0.5430290102958679,0.552261471748352,2.087362051010132,2.0569708347320557,2.047738552093506,0.32367733120918274,0.33621010184288025,0.340112566947937,vision,vision,1,0.699999988079071,0.6600000262260437,0.7288135886192322
569,vyB00TXsimI$_$14,2.0,0.8592098951339722,0.32301685214042664,0.33293581008911133,0.34404730796813965,1.0472766160964966,0.9545533061027527,1.085057258605957,0.9527233839035034,1.0454466342926025,0.914942741394043,0.3402611017227173,0.30302315950393677,0.35671570897102356,vision,vision,1,0.6363636255264282,0.6000000238418579,0.6666666865348816
325,k5Y_838nuGo$_$15,-0.800000011920929,1.7266979217529297,0.30547013878822327,0.3403216004371643,0.3542082607746124,1.8437548875808716,1.7090744972229004,1.8516080379486084,2.6437549591064453,2.5090744495391846,2.6516079902648926,0.3151012361049652,0.37287554144859314,0.31202325224876404,vision,audio,0,0.6666666865348816,0.6666666865348816,0.7384615540504456
680,zhpQhgha_KU$_$31,-1.0,-0.6282048225402832,0.2737654447555542,0.40592873096466064,0.32030582427978516,-0.44284293055534363,-0.43302834033966064,-0.4216628074645996,0.557157039642334,0.5669716596603394,0.5783371925354004,0.33764633536338806,0.3335292935371399,0.32882434129714966,audio,text,0,0.5416666865348816,0.6875,0.6206896305084229
637,yvsjCA6Y5Fc$_$7,-1.7999999523162842,-1.330725073814392,0.3704123795032501,0.31697705388069153,0.31261056661605835,-1.0797783136367798,-1.1074531078338623,-1.0766150951385498,0.7202216386795044,0.6925468444824219,0.7233848571777344,0.32989662885665894,0.34150856733322144,0.32859477400779724,text,audio,0,0.800000011920929,0.6666666865348816,0.7142857313156128
180,etzxEpPuc6I$_$10,-1.399999976158142,-0.7115001678466797,0.2790064811706543,0.300027996301651,0.4209654927253723,-0.5831960439682007,-0.5789871215820312,-0.5633173584938049,0.8168039321899414,0.8210128545761108,0.8366826176643372,0.3366764783859253,0.3349097967147827,0.3284137547016144,vision,text,0,0.6666666865348816,0.6499999761581421,0.8723404407501221
149,d6hH302o4v8$_$12,1.399999976158142,0.9261117577552795,0.3101523220539093,0.27637049555778503,0.41347718238830566,0.9986740350723267,0.9479867815971375,1.0314463376998901,0.40132594108581543,0.45201319456100464,0.36855363845825195,0.3355228900909424,0.3149239420890808,0.3495531380176544,vision,vision,1,0.7777777910232544,0.6666666865348816,0.9200000166893005
7,c7UH_rxdZv4$_$23,-0.6000000238418579,1.4166688919067383,0.22984308004379272,0.46639394760131836,0.30376294255256653,1.5061570405960083,1.4406540393829346,1.530907392501831,2.106157064437866,2.040654182434082,2.1309075355529785,0.3273472785949707,0.3552778661251068,0.3173748850822449,audio,audio,1,0.5,0.800000011920929,0.6388888955116272
48,cM3Yna7AavY$_$8,-0.6000000238418579,-0.7932787537574768,0.40756726264953613,0.23264364898204803,0.3597891330718994,-0.7209348082542419,-0.7136179804801941,-0.6973981857299805,0.12093478441238403,0.11361795663833618,0.09739816188812256,0.3290506601333618,0.33207395672798157,0.3388753831386566,text,vision,0,0.8999999761581421,0.5714285969734192,0.8399999737739563
450,rnaNMUZpvvg$_$22,-2.200000047683716,0.8068825602531433,0.38805752992630005,0.3173082768917084,0.2946341931819916,0.8217445611953735,0.7991312146186829,0.8450073003768921,3.021744728088379,2.999131202697754,3.0450072288513184,0.3333321213722229,0.34288883209228516,0.32377904653549194,text,audio,0,0.8620689511299133,0.7083333134651184,0.7241379022598267
341,lXPQBPVc5Cw$_$28,0.800000011920929,1.1030598878860474,0.34117013216018677,0.3295045793056488,0.32932528853416443,1.1496860980987549,1.1280286312103271,1.1524242162704468,0.3496860861778259,0.3280286192893982,0.3524242043495178,0.3306851387023926,0.3397596478462219,0.3295552134513855,text,audio,0,0.7647058963775635,0.692307710647583,0.7460317611694336
318,k5Y_838nuGo$_$6,2.0,2.0604426860809326,0.21540330350399017,0.400913804769516,0.38368284702301025,2.2198379039764404,2.04656982421875,2.2370924949645996,0.21983790397644043,0.04656982421875,0.2370924949645996,0.31051161885261536,0.38560226559638977,0.30388614535331726,audio,audio,1,0.5555555820465088,0.8125,0.8421052694320679
521,tmZoasNr4rU$_$6,-1.7999999523162842,-1.1989859342575073,0.3758162260055542,0.300978422164917,0.3232053518295288,-1.03854501247406,-1.0232818126678467,-1.0586601495742798,0.7614549398422241,0.7767181396484375,0.7413398027420044,0.3326055407524109,0.3263199031352997,0.3410745859146118,text,vision,0,0.8333333134651184,0.6712328791618347,0.7586206793785095
635,yvsjCA6Y5Fc$_$5,0.4000000059604645,-0.9758127331733704,0.44595131278038025,0.3427288234233856,0.2113199234008789,-0.6990841031074524,-0.684363842010498,-0.7284418344497681,1.0990841388702393,1.0843638181686401,1.1284418106079102,0.3352847993373871,0.3415113091468811,0.3232038617134094,text,audio,0,0.875,0.6875,0.5
106,d3_k5Xpfmik$_$15,2.5999999046325684,1.513256311416626,0.3106490969657898,0.3963790237903595,0.2929718792438507,1.6248000860214233,1.5403833389282227,1.6220723390579224,0.975199818611145,1.0596165657043457,0.977927565574646,0.34525004029273987,0.31067517399787903,0.3440747857093811,audio,text,0,0.7142857313156128,0.78125,0.6842105388641357
638,yvsjCA6Y5Fc$_$6,0.0,-1.0055118799209595,0.34055519104003906,0.3083764612674713,0.3510683476924896,-0.7806978821754456,-0.7752291560173035,-0.7807013392448425,0.7806978821754456,0.7752291560173035,0.7807013392448425,0.33257338404655457,0.3348546028137207,0.33257198333740234,vision,audio,0,0.8181818127632141,0.7142857313156128,0.8333333134651184
99,cXypl4FnoZo$_$16,-0.6000000238418579,-0.5456579327583313,0.2695566713809967,0.3989785611629486,0.3314647972583771,-0.3515157103538513,-0.33782023191452026,-0.3532876968383789,0.2484843134880066,0.26217979192733765,0.246712327003479,0.3349810242652893,0.3292951285839081,0.3357238173484802,audio,vision,0,0.5862069129943848,0.7291666865348816,0.6896551847457886
320,k5Y_838nuGo$_$8,-1.399999976158142,-0.8332183361053467,0.34191614389419556,0.3455469608306885,0.31253689527511597,-0.6482807397842407,-0.702955961227417,-0.6501578688621521,0.7517192363739014,0.6970440149307251,0.74984210729599,0.32540613412857056,0.3484232723712921,0.32617059350013733,audio,audio,1,0.7142857313156128,0.6666666865348816,0.6666666865348816
534,v0zCBqDeKcE$_$5,2.0,1.637309193611145,0.39694032073020935,0.28349190950393677,0.31956779956817627,1.7225037813186646,1.581989049911499,1.7490431070327759,0.27749621868133545,0.418010950088501,0.2509568929672241,0.3481109142303467,0.2920362055301666,0.3598528504371643,text,vision,0,0.8888888955116272,0.6666666865348816,0.7777777910232544
142,d6hH302o4v8$_$9,-2.4000000953674316,-1.4147560596466064,0.3966893255710602,0.30295515060424805,0.30035558342933655,-1.164096474647522,-1.153856635093689,-1.1853840351104736,1.2359036207199097,1.2461434602737427,1.214616060256958,0.33175763487815857,0.32753831148147583,0.3407040536403656,text,vision,0,0.875,0.6875,0.7368420958518982
392,nzpVDcQ0ywM$_$14,0.20000000298023224,-0.2881934642791748,0.3076963722705841,0.34023818373680115,0.35206544399261475,-0.2023807168006897,-0.158045694231987,-0.2184261828660965,0.40238070487976074,0.35804569721221924,0.41842618584632874,0.32925865054130554,0.3480208218097687,0.32272055745124817,vision,audio,0,0.6499999761581421,0.649350643157959,0.717391312122345
624,yDtzw_Y-7RU$_$17,0.20000000298023224,1.3708806037902832,0.35299426317214966,0.36274972558021545,0.2842559516429901,1.4017099142074585,1.35392427444458,1.4091641902923584,1.2017098665237427,1.1539242267608643,1.2091641426086426,0.32762423157691956,0.3477901518344879,0.32458561658859253,audio,audio,1,0.739130437374115,0.6987951993942261,0.6299999952316284
130,d6hH302o4v8$_$23,-2.5999999046325684,-1.5791425704956055,0.3269665837287903,0.37192824482917786,0.30110520124435425,-1.3398758172988892,-1.3297061920166016,-1.3861281871795654,1.2601240873336792,1.2702937126159668,1.213871717453003,0.3282037079334259,0.32405802607536316,0.3477382957935333,audio,vision,0,0.6666666865348816,0.6764705777168274,0.625
661,zhpQhgha_KU$_$1,-1.600000023841858,-1.5625437498092651,0.2557608187198639,0.4411054253578186,0.3031337559223175,-1.3190230131149292,-1.3469245433807373,-1.3182390928268433,0.2809770107269287,0.2530754804611206,0.28176093101501465,0.32954221963882446,0.3412383794784546,0.32921943068504333,audio,audio,1,0.6666666865348816,0.8846153616905212,0.75
366,nbWiPyCm4g0$_$2,-2.4000000953674316,1.3891196250915527,0.30646225810050964,0.33110401034355164,0.3624337315559387,1.4812678098678589,1.4272502660751343,1.469804286956787,3.88126802444458,3.8272504806518555,3.8698043823242188,0.3242241144180298,0.3468724191188812,0.3289034962654114,vision,audio,0,0.692307710647583,0.6818181872367859,0.7777777910232544
80,cXypl4FnoZo$_$23,0.4000000059604645,1.254533290863037,0.46959856152534485,0.2085333913564682,0.32186806201934814,1.2561203241348267,1.1351571083068848,1.2951054573059082,0.8561203479766846,0.7351571321487427,0.8951054811477661,0.32095813751220703,0.3733493983745575,0.3056924045085907,text,audio,0,0.8571428656578064,0.4000000059604645,0.6666666865348816
78,cXypl4FnoZo$_$21,-0.6000000238418579,-0.2850055992603302,0.2878725230693817,0.3272624611854553,0.38486501574516296,-0.14886118471622467,-0.13111193478107452,-0.14774326980113983,0.45113885402679443,0.4688881039619446,0.4522567391395569,0.3359468877315521,0.32857540249824524,0.33547770977020264,vision,text,0,0.6666666865348816,0.6774193644523621,0.8108108043670654
422,pLTX3ipuDJI$_$4,-2.200000047683716,1.33392333984375,0.33934295177459717,0.31951838731765747,0.34113869071006775,1.411300539970398,1.3591787815093994,1.3896291255950928,3.611300468444824,3.5591788291931152,3.5896291732788086,0.3231247365474701,0.3448777496814728,0.33199748396873474,vision,audio,0,0.7777777910232544,0.6930692791938782,0.7796609997749329
566,vyB00TXsimI$_$13,2.4000000953674316,0.6540151834487915,0.29967182874679565,0.2632204592227936,0.437107652425766,0.8182660937309265,0.7641092538833618,0.8172501921653748,1.5817339420318604,1.6358908414840698,1.582749843597412,0.34091588854789734,0.31860101222991943,0.340483158826828,vision,text,0,0.6666666865348816,0.5555555820465088,0.8571428656578064
519,tmZoasNr4rU$_$4,-0.800000011920929,-0.7660380005836487,0.36675503849983215,0.3304292559623718,0.3028157651424408,-0.5985636711120605,-0.5590339303016663,-0.6110852956771851,0.2014363408088684,0.2409660816192627,0.1889147162437439,0.3369767367839813,0.32073065638542175,0.3422926366329193,text,vision,0,0.7916666865348816,0.6879432797431946,0.6964285969734192
131,d6hH302o4v8$_$28,-1.0,0.6986140608787537,0.33790311217308044,0.33743464946746826,0.3246622383594513,0.8160485029220581,0.8063873052597046,0.8239775896072388,1.816048502922058,1.8063873052597046,1.8239775896072388,0.33307939767837524,0.33712613582611084,0.32979440689086914,text,audio,0,0.761904776096344,0.7083333134651184,0.7413793206214905
631,yvsjCA6Y5Fc$_$23,-1.2000000476837158,-0.4092864394187927,0.3691111207008362,0.3262295126914978,0.3046594262123108,-0.2264413833618164,-0.18641726672649384,-0.218340203166008,0.9735586643218994,1.0135828256607056,0.9816598296165466,0.34000593423843384,0.3234138488769531,0.3365802466869354,text,text,1,0.8399999737739563,0.7251461744308472,0.7439613342285156
632,yvsjCA6Y5Fc$_$1,-2.0,0.9985008835792542,0.3015900254249573,0.3610309660434723,0.33737897872924805,1.0823829174041748,1.0553516149520874,1.1032466888427734,3.082382917404175,3.055351734161377,3.1032466888427734,0.3323778212070465,0.34380054473876953,0.32382163405418396,audio,audio,1,0.6296296119689941,0.6666666865348816,0.6851851940155029
440,phBUpBr1hSo$_$2,2.200000047683716,1.0171387195587158,0.4264764189720154,0.34635990858078003,0.2271636575460434,1.0077545642852783,0.9736382961273193,1.0463210344314575,1.1922454833984375,1.2263617515563965,1.1536790132522583,0.3324865996837616,0.3186056613922119,0.34890779852867126,text,vision,0,0.8571428656578064,0.699999988079071,0.5416666865348816
429,phBUpBr1hSo$_$13,0.800000011920929,1.136048436164856,0.35159265995025635,0.44398799538612366,0.20441928505897522,1.2007943391799927,1.1387836933135986,1.232312560081482,0.4007943272590637,0.3387836813926697,0.432312548160553,0.3287348747253418,0.35522982478141785,0.31603527069091797,audio,audio,1,0.7272727489471436,0.7894737124443054,0.4545454680919647
290,jUzDDGyPkXU$_$9,2.799999952316284,2.6278295516967773,0.35569268465042114,0.31261831521987915,0.3316889703273773,2.5999674797058105,2.4642715454101562,2.603708028793335,0.20003247261047363,0.33572840690612793,0.19629192352294922,0.35104072093963623,0.2962733209133148,0.35268592834472656,text,vision,0,0.8571428656578064,0.739130437374115,0.8214285969734192
291,jUzDDGyPkXU$_$8,1.7999999523162842,2.3038463592529297,0.3636913597583771,0.35445451736450195,0.2818540930747986,2.279813766479492,2.163071632385254,2.290865659713745,0.479813814163208,0.3630716800689697,0.49086570739746094,0.3181275725364685,0.36810943484306335,0.31376293301582336,text,audio,0,0.8181818127632141,0.75,0.6896551847457886
324,k5Y_838nuGo$_$12,0.20000000298023224,-0.3921269178390503,0.4246368408203125,0.28577330708503723,0.2895898222923279,-0.1979498714208603,-0.16725333034992218,-0.18787610530853271,0.39794987440109253,0.3672533333301544,0.38787609338760376,0.3276767432689667,0.3404942452907562,0.3318290114402771,text,audio,0,0.8947368264198303,0.644444465637207,0.7037037014961243
211,f9O3YtZ2VfI$_$5,-1.7999999523162842,-0.9887012839317322,0.3017147481441498,0.3672124445438385,0.3310728073120117,-0.8595479726791382,-0.8449525833129883,-0.8659437894821167,0.940451979637146,0.9550473690032959,0.9340561628341675,0.3344539701938629,0.3284074664115906,0.3371385633945465,audio,vision,0,0.6666666865348816,0.7126436829566956,0.7142857313156128
378,nzpVDcQ0ywM$_$1,0.0,1.6669204235076904,0.2560303509235382,0.42102617025375366,0.3229435086250305,1.7355295419692993,1.6638109683990479,1.7318089008331299,1.7355295419692993,1.6638109683990479,1.7318089008331299,0.32274189591407776,0.3530116677284241,0.3242464065551758,audio,audio,1,0.5333333611488342,0.7291666865348816,0.6491228342056274
655,zhpQhgha_KU$_$20,-1.399999976158142,-0.6078128814697266,0.28948912024497986,0.4079064726829529,0.30260443687438965,-0.4169624447822571,-0.45057982206344604,-0.42920970916748047,0.983037531375885,0.949420154094696,0.9707902669906616,0.32697436213493347,0.34100714325904846,0.33201849460601807,audio,audio,1,0.6666666865348816,0.7857142686843872,0.6875
295,jUzDDGyPkXU$_$12,0.5,1.1445492506027222,0.30970683693885803,0.3587186634540558,0.3315744996070862,1.1905970573425293,1.1452734470367432,1.2282885313034058,0.6905970573425293,0.6452734470367432,0.7282885313034058,0.3319757580757141,0.3513266444206238,0.3166976571083069,audio,audio,1,0.699999988079071,0.7200000286102295,0.7333333492279053
147,d6hH302o4v8$_$10,-1.2000000476837158,-1.1015734672546387,0.4216913878917694,0.3332253396511078,0.2450832575559616,-0.8216717839241028,-0.8071742653846741,-0.8483767509460449,0.37832826375961304,0.39282578229904175,0.3516232967376709,0.33156654238700867,0.32561200857162476,0.3428214192390442,text,vision,0,0.9090909361839294,0.7368420958518982,0.6363636255264282
173,dq3Nf_lMPnE$_$5,1.2000000476837158,-0.5140478014945984,0.3359931409358978,0.300426185131073,0.36358070373535156,-0.34024885296821594,-0.406283438205719,-0.3358262777328491,1.5402488708496094,1.60628342628479,1.535826325416565,0.3417266309261322,0.3146522641181946,0.34362101554870605,vision,vision,1,0.7333333492279053,0.625,0.7692307829856873
196,etzxEpPuc6I$_$9,-2.799999952316284,-1.0889432430267334,0.31770867109298706,0.3429117798805237,0.33937954902648926,-0.8823800086975098,-0.8805815577507019,-0.867855966091156,1.9176199436187744,1.9194183349609375,1.9321439266204834,0.33559712767601013,0.33484357595443726,0.329559326171875,audio,text,0,0.7142857313156128,0.6984127163887024,0.746666669845581
520,tmZoasNr4rU$_$7,-1.0,-1.0746062994003296,0.38165149092674255,0.3126074969768524,0.30574098229408264,-0.9021310806274414,-0.8764883875846863,-0.9047285318374634,0.0978689193725586,0.12351161241531372,0.09527146816253662,0.3365069329738617,0.32589179277420044,0.33760127425193787,text,vision,0,0.8275862336158752,0.6753246784210205,0.717391312122345
293,jUzDDGyPkXU$_$10,2.4000000953674316,2.0436971187591553,0.32335737347602844,0.3683673143386841,0.30827534198760986,2.088901996612549,1.9700026512145996,2.1002748012542725,0.3110980987548828,0.42999744415283203,0.2997252941131592,0.3476797044277191,0.29966267943382263,0.35265761613845825,audio,vision,0,0.6666666865348816,0.6779661178588867,0.6415094137191772
546,vvZ4IcEtiZc$_$5,1.2000000476837158,2.018472194671631,0.30190199613571167,0.37765073776245117,0.32044726610183716,2.071838855743408,1.9775235652923584,2.073099374771118,0.8718388080596924,0.7775235176086426,0.8730993270874023,0.3201484978199005,0.3602070212364197,0.31964442133903503,audio,audio,1,0.692307710647583,0.75,0.7209302186965942
188,etzxEpPuc6I$_$18,1.399999976158142,1.77092444896698,0.30389904975891113,0.43615883588790894,0.25994211435317993,1.89972722530365,1.7527648210525513,1.9159101247787476,0.4997272491455078,0.3527648448944092,0.5159101486206055,0.3143039643764496,0.37768617272377014,0.30800989270210266,audio,audio,1,0.6499999761581421,0.7755101919174194,0.568965494632721
662,zhpQhgha_KU$_$3,-1.600000023841858,-0.35358431935310364,0.3292483389377594,0.3326714336872101,0.33808019757270813,-0.19916179776191711,-0.18035800755023956,-0.19051657617092133,1.4008382558822632,1.4196419715881348,1.4094834327697754,0.33715200424194336,0.3293197751045227,0.33352822065353394,vision,text,0,0.699999988079071,0.6551724076271057,0.7142857313156128
54,cW1FSBF59ik$_$1,-2.5999999046325684,-0.9606466889381409,0.34554025530815125,0.31201568245887756,0.3424440920352936,-0.7711762189865112,-0.7369871735572815,-0.8087530732154846,1.8288236856460571,1.8630127906799316,1.7912468910217285,0.3326396644115448,0.3187233507633209,0.3486368954181671,text,vision,0,0.7272727489471436,0.6231883764266968,0.7228915691375732
214,f9O3YtZ2VfI$_$6,-2.5999999046325684,-1.0243250131607056,0.4442952573299408,0.2111072838306427,0.3445974588394165,-0.774476945400238,-0.7810553312301636,-0.783760130405426,1.8255228996276855,1.8189445734024048,1.816239833831787,0.3311336934566498,0.33386778831481934,0.3349985182285309,text,vision,0,0.8999999761581421,0.4736842215061188,0.7727272510528564
135,d6hH302o4v8$_$1,-2.799999952316284,-2.028637170791626,0.47418293356895447,0.24966272711753845,0.27615436911582947,-1.7929705381393433,-1.7753455638885498,-1.8387455940246582,1.007029414176941,1.0246543884277344,0.961254358291626,0.3292617201805115,0.32208704948425293,0.3486511707305908,text,vision,0,1.0,0.625,0.7291666865348816
58,cW1FSBF59ik$_$4,1.600000023841858,1.8038854598999023,0.3276444971561432,0.3738989531993866,0.2984565198421478,1.8794296979904175,1.8115122318267822,1.8910598754882812,0.27942967414855957,0.21151220798492432,0.29105985164642334,0.32529082894325256,0.3541131317615509,0.32059603929519653,audio,audio,1,0.7083333134651184,0.7215189933776855,0.6615384817123413
444,phBUpBr1hSo$_$6,1.600000023841858,0.8714547753334045,0.3117380738258362,0.3961266279220581,0.2921352982521057,0.944108784198761,0.9285661578178406,0.9727444052696228,0.6558912396430969,0.6714338660240173,0.6272556185722351,0.33143287897109985,0.325055867433548,0.3435112237930298,audio,vision,0,0.699999988079071,0.7659574747085571,0.6666666865348816
281,jUzDDGyPkXU$_$22,-2.4000000953674316,-0.8607515096664429,0.38826701045036316,0.3031657636165619,0.30856722593307495,-0.630196750164032,-0.6380251049995422,-0.6083637475967407,1.7698032855987549,1.7619750499725342,1.791636347770691,0.33524301648139954,0.3385394811630249,0.32621750235557556,text,audio,0,0.7777777910232544,0.6000000238418579,0.6610169410705566
114,d3_k5Xpfmik$_$2,0.0,1.2869148254394531,0.3476197123527527,0.31284135580062866,0.33953890204429626,1.394532322883606,1.2649269104003906,1.4318695068359375,1.394532322883606,1.2649269104003906,1.4318695068359375,0.3194613754749298,0.3756444454193115,0.30489423871040344,text,audio,0,0.75,0.6428571343421936,0.7352941036224365
644,yvsjCA6Y5Fc$_$12,-0.6000000238418579,-0.7200646996498108,0.3136558532714844,0.3623836040496826,0.3239605724811554,-0.5337754487991333,-0.512820839881897,-0.5357431173324585,0.06622457504272461,0.08717918395996094,0.06425690650939941,0.3359527289867401,0.32726725935935974,0.33678004145622253,audio,vision,0,0.738095223903656,0.756302535533905,0.7535211443901062
646,yvsjCA6Y5Fc$_$14,-1.0,-1.12099027633667,0.4282187223434448,0.30711185932159424,0.26466941833496094,-0.8174602389335632,-0.8095048069953918,-0.8360989093780518,0.18253976106643677,0.19049519300460815,0.16390109062194824,0.3318205773830414,0.3285371959209442,0.339642196893692,text,vision,0,0.9230769276618958,0.7027027010917664,0.6818181872367859
286,jUzDDGyPkXU$_$5,-1.2000000476837158,-1.1562082767486572,0.2514786422252655,0.37181153893470764,0.37670981884002686,-0.9989827871322632,-1.000741958618164,-0.9880952835083008,0.20101726055145264,0.19925808906555176,0.21190476417541504,0.3345954120159149,0.3353319764137268,0.3300726115703583,vision,audio,0,0.625,0.7674418687820435,0.8269230723381042
113,d3_k5Xpfmik$_$3,2.0,0.3582298159599304,0.29640260338783264,0.4209488332271576,0.2826485335826874,0.5278862714767456,0.4636508822441101,0.58554607629776,1.4721137285232544,1.5363490581512451,1.4144539833068848,0.3336023986339569,0.3078632652759552,0.35853439569473267,audio,vision,0,0.6153846383094788,0.7368420958518982,0.5882353186607361
503,tStelxIAHjw$_$8,-2.0,1.0001991987228394,0.22942692041397095,0.35970190167427063,0.4108712077140808,1.108483910560608,1.0372039079666138,1.1542463302612305,3.1084837913513184,3.037203788757324,3.1542463302612305,0.3292081654071808,0.3598869740962982,0.310904860496521,vision,audio,0,0.5555555820465088,0.7272727489471436,0.8461538553237915
45,cM3Yna7AavY$_$7,3.0,2.1913537979125977,0.3287184238433838,0.3695981800556183,0.3016834259033203,2.280705213546753,2.161965847015381,2.2553470134735107,0.7192947864532471,0.8380341529846191,0.7446529865264893,0.3532489836215973,0.3045237064361572,0.34222733974456787,audio,text,0,0.6666666865348816,0.6756756901741028,0.625
567,vyB00TXsimI$_$12,0.20000000298023224,0.440119206905365,0.47776177525520325,0.21296849846839905,0.3092697262763977,0.5371188521385193,0.4870005249977112,0.5635479688644409,0.33711886405944824,0.28700053691864014,0.3635479807853699,0.3297984004020691,0.3511205017566681,0.31908106803894043,text,audio,0,1.0,0.5483871102333069,0.7837837934494019
185,etzxEpPuc6I$_$17,-0.4000000059604645,1.1678533554077148,0.32703521847724915,0.3957557678222656,0.27720901370048523,1.1867059469223022,1.1532320976257324,1.2232803106307983,1.5867059230804443,1.5532320737838745,1.6232802867889404,0.3335511386394501,0.3478037118911743,0.3186451494693756,audio,audio,1,0.75,0.7916666865348816,0.6666666865348816
350,lXPQBPVc5Cw$_$9,-2.5999999046325684,-1.3405743837356567,0.419914186000824,0.2754821181297302,0.3046036958694458,-1.068585753440857,-1.0510435104370117,-1.0702714920043945,1.5314141511917114,1.5489563941955566,1.5297284126281738,0.33552315831184387,0.32824593782424927,0.33623090386390686,text,vision,0,0.875,0.6097561120986938,0.7142857313156128
369,nbWiPyCm4g0$_$7,-1.2000000476837158,-1.1691967248916626,0.4236937463283539,0.32022061944007874,0.256085604429245,-1.015618920326233,-0.9967722296714783,-1.055672287940979,0.1843811273574829,0.20322781801223755,0.14432775974273682,0.33024466037750244,0.3225555419921875,0.34719982743263245,text,vision,0,0.9090909361839294,0.71875,0.6578947305679321
515,tmZoasNr4rU$_$1,0.0,-0.2550513744354248,0.30250561237335205,0.35238558053970337,0.34510883688926697,-0.08270545303821564,-0.0675208568572998,-0.059674374759197235,0.08270545303821564,0.0675208568572998,0.059674374759197235,0.32804423570632935,0.3343302607536316,0.33762553334236145,audio,vision,0,0.6363636255264282,0.6595744490623474,0.7017543911933899
371,nbWiPyCm4g0$_$9,-1.399999976158142,-0.5101149678230286,0.23648269474506378,0.392198771238327,0.3713184595108032,-0.4861922264099121,-0.443852961063385,-0.5285819172859192,0.91380774974823,0.9561470150947571,0.8714180588722229,0.33301496505737305,0.315848708152771,0.35113632678985596,audio,vision,0,0.5416666865348816,0.7446808218955994,0.7678571343421936
57,cW1FSBF59ik$_$5,2.0,1.5743356943130493,0.30217695236206055,0.4700339138507843,0.22778913378715515,1.5941812992095947,1.5110738277435303,1.618939995765686,0.4058187007904053,0.4889261722564697,0.38106000423431396,0.3409755229949951,0.3073313236236572,0.35169312357902527,audio,vision,0,0.8333333134651184,1.0,0.692307710647583
611,yDtzw_Y-7RU$_$2,0.800000011920929,0.9144532084465027,0.3686928451061249,0.3325401246547699,0.2987670302391052,0.9719848036766052,0.9605281949043274,0.9660146236419678,0.17198479175567627,0.16052818298339844,0.16601461172103882,0.33091601729393005,0.33568912744522095,0.3333948254585266,text,audio,0,0.7727272510528564,0.6666666865348816,0.6666666865348816
328,k5Y_838nuGo$_$16,0.25,0.6455988883972168,0.27856069803237915,0.347581148147583,0.37385818362236023,0.7216006517410278,0.706516683101654,0.7508208751678467,0.47160065174102783,0.45651668310165405,0.5008208751678467,0.33521413803100586,0.34159454703330994,0.3231912851333618,vision,audio,0,0.625,0.6842105388641357,0.7727272510528564
204,f9O3YtZ2VfI$_$22,1.399999976158142,0.9635056257247925,0.3670251667499542,0.33895060420036316,0.29402419924736023,1.031137228012085,0.9656542539596558,1.0611891746520996,0.36886274814605713,0.43434572219848633,0.3388108015060425,0.3378736674785614,0.3113190531730652,0.350807249546051,text,vision,0,0.8181818127632141,0.7241379022598267,0.7058823704719543
35,cM3Yna7AavY$_$13,-1.600000023841858,1.1576584577560425,0.2474333643913269,0.45778894424438477,0.2947777211666107,1.3747444152832031,1.2817440032958984,1.4120639562606812,2.9747443199157715,2.881743907928467,3.012063980102539,0.32491806149482727,0.3649730682373047,0.31010884046554565,audio,audio,1,0.6000000238418579,0.8571428656578064,0.6875
140,d6hH302o4v8$_$7,-2.799999952316284,-0.5422460436820984,0.31028616428375244,0.3918708264827728,0.29784297943115234,-0.3386216461658478,-0.32251954078674316,-0.3700053095817566,2.461378335952759,2.477480411529541,2.429994583129883,0.3311167359352112,0.3245188295841217,0.3443644642829895,audio,vision,0,0.6111111044883728,0.6756756901741028,0.5909090638160706
598,wMbj6ajWbic$_$14,-0.800000011920929,-0.7505598664283752,0.33998772501945496,0.3190929591655731,0.34091928601264954,-0.6472123861312866,-0.6941474676132202,-0.6130821108818054,0.15278762578964233,0.10585254430770874,0.18691790103912354,0.3312729597091675,0.351289838552475,0.31743714213371277,vision,audio,0,0.75,0.6666666865348816,0.75
394,nzpVDcQ0ywM$_$16,1.399999976158142,1.137125849723816,0.40506884455680847,0.28798601031303406,0.30694520473480225,1.2300091981887817,1.158510684967041,1.2245492935180664,0.16999077796936035,0.24148929119110107,0.17545068264007568,0.34391412138938904,0.31451091170310974,0.34157493710517883,text,text,1,0.8333333134651184,0.6097561120986938,0.6938775777816772
153,d6hH302o4v8$_$16,-2.0,0.47783133387565613,0.339911550283432,0.3785649836063385,0.28152352571487427,0.6475034952163696,0.6325618624687195,0.6889747977256775,2.64750337600708,2.6325619220733643,2.6889748573303223,0.3368893265724182,0.34324049949645996,0.31987014412879944,audio,audio,1,0.6666666865348816,0.6666666865348816,0.5714285969734192
267,iiK8YX8oH1E$_$3,-1.25,0.07191260159015656,0.3599308133125305,0.31199371814727783,0.32807543873786926,0.10712026059627533,0.015585929155349731,0.19300369918346405,1.3571202754974365,1.2655858993530273,1.4430036544799805,0.33118849992752075,0.3713354170322418,0.29747599363327026,text,audio,0,0.6428571343421936,0.5185185074806213,0.59375
125,d6hH302o4v8$_$26,-2.5999999046325684,-1.7497637271881104,0.5169098377227783,0.2506221830844879,0.23246800899505615,-1.3977837562561035,-1.3837788105010986,-1.4407367706298828,1.2022161483764648,1.2162210941314697,1.1592631340026855,0.32918503880500793,0.3234724700450897,0.34734249114990234,text,vision,0,1.0,0.5833333134651184,0.6000000238418579
476,tIrG4oNLFzE$_$17,-0.4000000059604645,0.9881200194358826,0.3502797782421112,0.35310712456703186,0.2966131269931793,1.0291287899017334,1.0064162015914917,1.024705171585083,1.4291287660598755,1.4064161777496338,1.424705147743225,0.32956069707870483,0.3390512466430664,0.33138808608055115,audio,audio,1,0.75,0.7010309100151062,0.6666666865348816
86,cXypl4FnoZo$_$5,1.7999999523162842,1.7011258602142334,0.3294796645641327,0.29690665006637573,0.3736136555671692,1.8059641122817993,1.6520915031433105,1.8450088500976562,0.005964159965515137,0.14790844917297363,0.04500889778137207,0.3584505319595337,0.3001733720302582,0.34137606620788574,vision,text,0,0.75,0.6451612710952759,0.8108108043670654
356,lXPQBPVc5Cw$_$15,-2.799999952316284,0.7785018086433411,0.339038610458374,0.3484030067920685,0.3125583827495575,0.8277246952056885,0.828507125377655,0.8485085964202881,3.6277246475219727,3.628507137298584,3.6485085487365723,0.3363179564476013,0.3359890282154083,0.3276929259300232,audio,text,0,0.6666666865348816,0.625,0.625
333,lXPQBPVc5Cw$_$24,-1.399999976158142,-1.4496747255325317,0.2625305652618408,0.32249975204467773,0.41496965289115906,-1.299197793006897,-1.3003782033920288,-1.3193435668945312,0.10080218315124512,0.09962177276611328,0.08065640926361084,0.3303624093532562,0.3308502435684204,0.338787317276001,vision,vision,1,0.5714285969734192,0.6190476417541504,0.800000011920929
50,cW1FSBF59ik$_$20,2.5,1.7725855112075806,0.2786189913749695,0.4071134626865387,0.3142675459384918,1.8222383260726929,1.7470000982284546,1.821092128753662,0.6777616739273071,0.7529999017715454,0.6789078712463379,0.3437834680080414,0.31292518973350525,0.3432912826538086,audio,text,0,0.6363636255264282,0.7719298005104065,0.695652186870575
409,ob23OKe5a9Q$_$9,-1.399999976158142,-1.0311583280563354,0.3391728103160858,0.31450942158699036,0.34631773829460144,-0.820488452911377,-0.798427402973175,-0.810773491859436,0.5795115232467651,0.601572573184967,0.589226484298706,0.3377545177936554,0.328567773103714,0.3336777091026306,vision,text,0,0.800000011920929,0.7086092829704285,0.8101266026496887
589,wMbj6ajWbic$_$7,-1.2000000476837158,-0.39363911747932434,0.20536920428276062,0.5025976300239563,0.29203319549560547,-0.22417569160461426,-0.21982251107692719,-0.2141493856906891,0.9758243560791016,0.9801775217056274,0.9858506917953491,0.33533206582069397,0.3335123062133789,0.33115559816360474,audio,text,0,0.38461539149284363,0.7777777910232544,0.5588235259056091
496,tStelxIAHjw$_$3,0.5,1.5903655290603638,0.25635573267936707,0.42562001943588257,0.31802427768707275,1.731771469116211,1.6093945503234863,1.757489562034607,1.231771469116211,1.1093945503234863,1.257489562034607,0.3191162049770355,0.37186333537101746,0.3090204894542694,audio,audio,1,0.6000000238418579,0.800000011920929,0.7058823704719543
8,c7UH_rxdZv4$_$28,-0.800000011920929,-0.9455370903015137,0.30342257022857666,0.3776502311229706,0.31892716884613037,-0.7132570743560791,-0.7074984312057495,-0.7232577800750732,0.08674293756484985,0.09250158071517944,0.07674223184585571,0.3327336609363556,0.33034712076187134,0.33691921830177307,audio,vision,0,0.6363636255264282,0.692307710647583,0.6612903475761414
475,tIrG4oNLFzE$_$14,-2.4000000953674316,-0.9835425019264221,0.3982783854007721,0.31289011240005493,0.288831502199173,-0.7420286536216736,-0.7052984833717346,-0.7334583401679993,1.6579713821411133,1.6947016716003418,1.6665418148040771,0.3396197259426117,0.32437944412231445,0.33600082993507385,text,text,1,0.8222222328186035,0.6486486196517944,0.6610169410705566
170,dq3Nf_lMPnE$_$1,0.0,1.7368004322052002,0.3238864839076996,0.3162956237792969,0.35981789231300354,1.764675259590149,1.6871581077575684,1.7821654081344604,1.764675259590149,1.6871581077575684,1.7821654081344604,0.32466262578964233,0.3576958179473877,0.31764161586761475,vision,audio,0,0.739130437374115,0.6724137663841248,0.7906976938247681
24,c7UH_rxdZv4$_$14,1.2000000476837158,0.9236798882484436,0.31285008788108826,0.3790111839771271,0.30813875794410706,1.024315595626831,1.003395438194275,1.0439884662628174,0.17568445205688477,0.19660460948944092,0.15601158142089844,0.3334350883960724,0.3248286843299866,0.3417362570762634,audio,vision,0,0.75,0.7916666865348816,0.7413793206214905
628,yvsjCA6Y5Fc$_$20,0.800000011920929,1.280117154121399,0.3958558738231659,0.3002011477947235,0.3039429485797882,1.3296537399291992,1.2867591381072998,1.3385605812072754,0.5296537280082703,0.48675912618637085,0.5385605692863464,0.328514039516449,0.3466092050075531,0.3248767554759979,text,audio,0,0.8333333134651184,0.6399999856948853,0.699999988079071
59,cW1FSBF59ik$_$7,0.5,0.1804366409778595,0.328984797000885,0.3404408395290375,0.3305743634700775,0.31619077920913696,0.23191316425800323,0.3718690276145935,0.18380922079086304,0.26808685064315796,0.1281309723854065,0.33646366000175476,0.30282139778137207,0.36071494221687317,audio,vision,0,0.800000011920929,0.7647058963775635,0.800000011920929
684,zhpQhgha_KU$_$33,-0.4000000059604645,-0.023812472820281982,0.315560519695282,0.3356640934944153,0.34877538681030273,0.14315390586853027,0.18159687519073486,0.19510194659233093,0.5431538820266724,0.581596851348877,0.5951019525527954,0.34599554538726807,0.3297622799873352,0.32424217462539673,vision,text,0,0.6875,0.6666666865348816,0.7377049326896667
91,cXypl4FnoZo$_$8,1.399999976158142,0.8110141158103943,0.32545167207717896,0.3283238112926483,0.34622448682785034,0.8605537414550781,0.8457931280136108,0.8726731538772583,0.539446234703064,0.5542068481445312,0.5273268222808838,0.33366888761520386,0.3275688886642456,0.33876222372055054,vision,vision,1,0.695652186870575,0.6478873491287231,0.726190447807312
401,ob23OKe5a9Q$_$14,0.800000011920929,1.207743525505066,0.3352324068546295,0.3435395359992981,0.3212280869483948,1.2520122528076172,1.2073521614074707,1.2789570093154907,0.45201224088668823,0.40735214948654175,0.47895699739456177,0.3306558430194855,0.3496396839618683,0.31970450282096863,audio,audio,1,0.7142857313156128,0.6734693646430969,0.692307710647583
642,yvsjCA6Y5Fc$_$10,-2.0,-0.3217676281929016,0.2930343747138977,0.3816327452659607,0.3253328800201416,-0.16639584302902222,-0.13940195739269257,-0.17563515901565552,1.833604097366333,1.860598087310791,1.8243649005889893,0.3357466459274292,0.324606716632843,0.3396466374397278,audio,vision,0,0.6190476417541504,0.6962025165557861,0.6702127456665039
465,rnaNMUZpvvg$_$14,-2.5999999046325684,-1.1183571815490723,0.3771786093711853,0.30509278178215027,0.3177286386489868,-0.865060567855835,-0.8664413094520569,-0.8418748378753662,1.7349393367767334,1.7335586547851562,1.7581250667572021,0.33634230494499207,0.3369233310222626,0.326734334230423,text,audio,0,0.8125,0.6538461446762085,0.725806474685669
537,v0zCBqDeKcE$_$6,0.800000011920929,1.5234861373901367,0.38171103596687317,0.35332563519477844,0.264963299036026,1.6234313249588013,1.5073761940002441,1.6337627172470093,0.8234313130378723,0.7073761820793152,0.8337627053260803,0.3181382119655609,0.36780571937561035,0.3140561580657959,text,audio,0,0.75,0.6578947305679321,0.5652173757553101
411,pLTX3ipuDJI$_$11,0.6000000238418579,-0.9319369196891785,0.289603054523468,0.4051157236099243,0.30528128147125244,-0.696747362613678,-0.6884869933128357,-0.6951038837432861,1.2967474460601807,1.2884869575500488,1.295103907585144,0.33195728063583374,0.3354027271270752,0.3326399624347687,audio,audio,1,0.5882353186607361,0.7021276354789734,0.6140350699424744
251,fvVhgmXxadc$_$5,0.0,0.14332038164138794,0.38306882977485657,0.3075196444988251,0.30941158533096313,0.35816872119903564,0.3396835923194885,0.4125974774360657,0.35816872119903564,0.3396835923194885,0.4125974774360657,0.3381117284297943,0.34601524472236633,0.31587302684783936,text,audio,0,0.8461538553237915,0.6842105388641357,0.739130437374115
617,yDtzw_Y-7RU$_$8,-1.5,-0.8016902804374695,0.30290043354034424,0.41116273403167725,0.2859368622303009,-0.5559333562850952,-0.5472432374954224,-0.5604484677314758,0.9440666437149048,0.9527567625045776,0.9395515322685242,0.3339058458805084,0.33029839396476746,0.33579573035240173,audio,vision,0,0.7142857313156128,0.8125,0.6842105388641357
553,vyB00TXsimI$_$21,1.2000000476837158,-0.5143143534660339,0.2881631851196289,0.4197011888027191,0.2921355962753296,-0.29466259479522705,-0.282375693321228,-0.2782403230667114,1.4946626424789429,1.4823757410049438,1.4782403707504272,0.32935720682144165,0.334454745054245,0.33618804812431335,audio,vision,0,0.6363636255264282,0.7714285850524902,0.6428571343421936
608,yDtzw_Y-7RU$_$23,2.200000047683716,1.9374369382858276,0.2950248420238495,0.36494123935699463,0.3400339186191559,1.9359544515609741,1.8443431854248047,1.9402883052825928,0.2640455961227417,0.35565686225891113,0.25971174240112305,0.34515708684921265,0.30781090259552,0.34703201055526733,audio,vision,0,0.6666666865348816,0.71875,0.7368420958518982
259,iiK8YX8oH1E$_$13,-2.0,-1.1053999662399292,0.22729627788066864,0.3667607307434082,0.40594303607940674,-0.9521077871322632,-1.0204403400421143,-0.969988226890564,1.0478922128677368,0.9795596599578857,1.030011773109436,0.3213602900505066,0.35001593828201294,0.3286237418651581,vision,audio,0,0.5454545617103577,0.7333333492279053,0.8333333134651184
504,tmZoasNr4rU$_$11,-0.6000000238418579,0.18638412654399872,0.4454055726528168,0.2927751839160919,0.2618192136287689,0.31648001074790955,0.3320370316505432,0.37148821353912354,0.9164800643920898,0.9320370554924011,0.9714882373809814,0.3431365191936493,0.3365282416343689,0.3203352391719818,text,text,1,1.0,0.7368420958518982,0.7333333492279053
596,wMbj6ajWbic$_$12,1.600000023841858,1.0855586528778076,0.3495759665966034,0.30968448519706726,0.34073954820632935,1.149937391281128,1.099429965019226,1.1796183586120605,0.45006263256073,0.5005700588226318,0.42038166522979736,0.3359520435333252,0.31539762020111084,0.34865036606788635,text,vision,0,0.7142857313156128,0.6000000238418579,0.699999988079071
431,phBUpBr1hSo$_$15,-2.200000047683716,1.1516146659851074,0.3336842358112335,0.3442547023296356,0.32206106185913086,1.2199865579605103,1.1690173149108887,1.2237104177474976,3.4199867248535156,3.3690173625946045,3.423710346221924,0.32667550444602966,0.3481658697128296,0.32515856623649597,audio,audio,1,0.7400000095367432,0.7018633484840393,0.7216494679450989
648,yvsjCA6Y5Fc$_$16,-1.7999999523162842,-0.9863331317901611,0.3514091372489929,0.33837300539016724,0.31021785736083984,-0.813660740852356,-0.7784636616706848,-0.8215450048446655,0.9863392114639282,1.0215363502502441,0.9784549474716187,0.33705654740333557,0.3225487172603607,0.3403947353363037,text,vision,0,0.7599999904632568,0.6878306865692139,0.6973684430122375
480,tIrG4oNLFzE$_$3,2.5999999046325684,1.842389702796936,0.398213654756546,0.22309628129005432,0.37869003415107727,1.8684581518173218,1.7436959743499756,1.8803181648254395,0.7315417528152466,0.8563039302825928,0.7196817398071289,0.3483671247959137,0.2980627715587616,0.3535701036453247,text,vision,0,0.8571428656578064,0.5128205418586731,0.8297872543334961
510,tmZoasNr4rU$_$17,-1.399999976158142,-0.04815519228577614,0.37439078092575073,0.3221052587032318,0.30350399017333984,0.09123213589191437,0.1586264818906784,0.11142189800739288,1.49123215675354,1.558626413345337,1.5114219188690186,0.34550830721855164,0.3175939917564392,0.33689770102500916,text,text,1,0.807692289352417,0.6816479563713074,0.703125
169,dq3Nf_lMPnE$_$14,-1.7999999523162842,1.4717940092086792,0.3867879807949066,0.29152968525886536,0.3216823935508728,1.508333444595337,1.4600727558135986,1.5332129001617432,3.308333396911621,3.260072708129883,3.3332128524780273,0.3298630118370056,0.35037466883659363,0.31976234912872314,text,audio,0,0.800000011920929,0.6041666865348816,0.7068965435028076
550,vvZ4IcEtiZc$_$9,2.200000047683716,1.7099270820617676,0.37463071942329407,0.35286638140678406,0.27250292897224426,1.790894627571106,1.7082757949829102,1.7631444931030273,0.40910542011260986,0.49172425270080566,0.4368555545806885,0.3487009108066559,0.31448647379875183,0.33681267499923706,text,text,1,0.78125,0.698924720287323,0.6216216087341309
672,zhpQhgha_KU$_$13,-1.0,-0.19474385678768158,0.24959813058376312,0.4574684798717499,0.2929333746433258,0.08728490769863129,0.07875026762485504,0.1452898532152176,1.0872849225997925,1.0787502527236938,1.1452898979187012,0.3400452136993408,0.3436923325061798,0.31626245379447937,audio,audio,1,0.5,0.75,0.5789473652839661
483,tIrG4oNLFzE$_$4,1.399999976158142,-0.08284654468297958,0.3326723575592041,0.3531572222709656,0.31417039036750793,0.14529944956302643,0.14484192430973053,0.1614242047071457,1.2547005414962769,1.2551580667495728,1.23857581615448,0.33114898204803467,0.330959677696228,0.3378913402557373,audio,vision,0,0.6666666865348816,0.6428571343421936,0.6363636255264282
90,cXypl4FnoZo$_$9,1.2000000476837158,1.7630351781845093,0.3511994183063507,0.37988579273223877,0.2689148187637329,1.7864744663238525,1.6936829090118408,1.797268033027649,0.5864744186401367,0.493682861328125,0.5972679853439331,0.3215865194797516,0.3611365556716919,0.31727683544158936,audio,audio,1,0.7894737124443054,0.7755101919174194,0.6551724076271057
505,tmZoasNr4rU$_$10,-1.7999999523162842,-0.7527971267700195,0.3247750699520111,0.3011101186275482,0.3741147816181183,-0.6285104751586914,-0.6236094832420349,-0.636062741279602,1.1714894771575928,1.1763904094696045,1.1639372110366821,0.33295848965644836,0.33092495799064636,0.3361165523529053,vision,vision,1,0.75,0.6600000262260437,0.8214285969734192
83,cXypl4FnoZo$_$1,1.0,0.49107691645622253,0.3471469581127167,0.37085577845573425,0.2819972336292267,0.5764498710632324,0.5555771589279175,0.6130312085151672,0.4235501289367676,0.4444228410720825,0.38696879148483276,0.33101239800453186,0.3224877119064331,0.3464999198913574,audio,vision,0,0.8461538553237915,0.8260869383811951,0.7407407164573669
55,cW1FSBF59ik$_$3,-1.0,-0.3082924485206604,0.29917991161346436,0.3419565260410309,0.35886350274086,-0.2830718159675598,-0.252075731754303,-0.3192182183265686,0.7169281840324402,0.747924268245697,0.6807817816734314,0.33242306113243103,0.3197895884513855,0.34778738021850586,vision,vision,1,0.6818181872367859,0.6984127163887024,0.7727272510528564
494,tStelxIAHjw$_$16,0.800000011920929,1.880455493927002,0.4636855125427246,0.2658776044845581,0.2704368233680725,1.924143671989441,1.763582468032837,1.9428181648254395,1.1241436004638672,0.963582456111908,1.1428182125091553,0.3125793933868408,0.38205328583717346,0.30536729097366333,text,audio,0,1.0,0.6666666865348816,0.7272727489471436
414,pLTX3ipuDJI$_$12,-2.0,-0.5652808547019958,0.324297696352005,0.3818104565143585,0.29389187693595886,-0.33407390117645264,-0.3144180178642273,-0.3251470923423767,1.6659260988235474,1.685581922531128,1.6748528480529785,0.337309867143631,0.3291231691837311,0.33356696367263794,audio,text,0,0.7222222089767456,0.75,0.6724137663841248
232,f_pcplsH_V0$_$15,-1.0,-1.5103098154067993,0.398377388715744,0.2860248386859894,0.3155977129936218,-1.2243589162826538,-1.2111425399780273,-1.2316646575927734,0.2243589162826538,0.21114253997802734,0.23166465759277344,0.33249467611312866,0.3380332589149475,0.32947206497192383,text,audio,0,0.9166666865348816,0.6967213153839111,0.800000011920929
227,f9O3YtZ2VfI$_$30,-1.0,-0.908358097076416,0.30866575241088867,0.36808639764785767,0.32324784994125366,-0.744232714176178,-0.7340866923332214,-0.7635636925697327,0.255767285823822,0.26591330766677856,0.23643630743026733,0.3320212662220001,0.32783693075180054,0.34014183282852173,audio,vision,0,0.6428571343421936,0.6800000071525574,0.6666666865348816
391,nzpVDcQ0ywM$_$15,-0.6000000238418579,0.06520788371562958,0.3902868628501892,0.3256022334098816,0.2841109037399292,0.07658210396766663,-0.022519096732139587,0.08622989058494568,0.6765820980072021,0.5774809122085571,0.686229944229126,0.3205242455005646,0.3627937436103821,0.31668204069137573,text,audio,0,0.75,0.6111111044883728,0.5909090638160706
518,tmZoasNr4rU$_$5,-0.800000011920929,-1.02601957321167,0.32760220766067505,0.38475221395492554,0.2876455783843994,-0.7965394854545593,-0.7802725434303284,-0.8111866116523743,0.003460526466369629,0.019727468490600586,0.011186599731445312,0.33667081594467163,0.32989418506622314,0.3334350287914276,audio,text,0,0.75,0.7777777910232544,0.6851851940155029
187,etzxEpPuc6I$_$19,-0.5,-0.5429803133010864,0.316952645778656,0.3354696035385132,0.3475777804851532,-0.3720740079879761,-0.35348814725875854,-0.36614179611206055,0.12792599201202393,0.14651185274124146,0.13385820388793945,0.33674031496047974,0.32900717854499817,0.3342525064945221,vision,text,0,0.6800000071525574,0.6549707651138306,0.7254902124404907
397,ob23OKe5a9Q$_$11,0.800000011920929,1.7620970010757446,0.33253487944602966,0.3249225318431854,0.3425425887107849,1.7807763814926147,1.6876407861709595,1.7874236106872559,0.9807763695716858,0.8876407742500305,0.9874235987663269,0.32100746035575867,0.3606412708759308,0.31835123896598816,vision,audio,0,0.6969696879386902,0.6315789222717285,0.7111111283302307
64,cW1FSBF59ik$_$10,-1.0,1.0185967683792114,0.353882372379303,0.31479087471961975,0.3313267230987549,1.082857608795166,1.0709948539733887,1.0966923236846924,2.082857608795166,2.0709948539733887,2.0966923236846924,0.33357858657836914,0.33856189250946045,0.32785946130752563,text,audio,0,0.7777777910232544,0.6666666865348816,0.7441860437393188
250,fvVhgmXxadc$_$2,-2.799999952316284,-0.4315768778324127,0.2915763556957245,0.3496304154396057,0.3587932586669922,-0.3200637102127075,-0.29227590560913086,-0.3410331606864929,2.479936122894287,2.5077240467071533,2.4589667320251465,0.33417773246765137,0.3227693736553192,0.3430528938770294,vision,vision,1,0.5882353186607361,0.6279069781303406,0.692307710647583
297,jUzDDGyPkXU$_$14,0.800000011920929,1.1197378635406494,0.2517579197883606,0.37471747398376465,0.37352463603019714,1.2191616296768188,1.1500270366668701,1.2569469213485718,0.4191616177558899,0.35002702474594116,0.4569469094276428,0.32850125432014465,0.35815247893333435,0.3133462965488434,audio,audio,1,0.4615384638309479,0.6071428656578064,0.6571428775787354
231,f_pcplsH_V0$_$12,-0.800000011920929,0.7197985053062439,0.3267064094543457,0.35599347949028015,0.31730014085769653,0.8617387413978577,0.8514995574951172,0.8687942624092102,1.6617387533187866,1.6514995098114014,1.6687942743301392,0.3328782916069031,0.3371662497520447,0.32995542883872986,audio,audio,1,0.6800000071525574,0.6717325448989868,0.6658228039741516
482,tIrG4oNLFzE$_$5,0.4000000059604645,1.7928515672683716,0.3067696988582611,0.43246015906333923,0.2607700824737549,1.8343523740768433,1.72469162940979,1.8494075536727905,1.4343523979187012,1.324691653251648,1.4494075775146484,0.3196652829647064,0.3666289448738098,0.31370577216148376,audio,audio,1,0.75,0.8666666746139526,0.6666666865348816
633,yvsjCA6Y5Fc$_$3,-2.0,-1.0527323484420776,0.27096813917160034,0.3999050259590149,0.3291268050670624,-0.8540294170379639,-0.8482705354690552,-0.8642215728759766,1.1459705829620361,1.1517294645309448,1.1357784271240234,0.33270686864852905,0.3303203880786896,0.33697274327278137,audio,vision,0,0.6153846383094788,0.7551020383834839,0.7118644118309021
39,cM3Yna7AavY$_$16,-2.799999952316284,-1.3005329370498657,0.43461528420448303,0.2878212630748749,0.2775634527206421,-1.0644434690475464,-1.0469311475753784,-1.0837538242340088,1.7355564832687378,1.7530688047409058,1.7162461280822754,0.3330248296260834,0.32581400871276855,0.34116116166114807,text,vision,0,0.8999999761581421,0.6428571343421936,0.6764705777168274
272,iiK8YX8oH1E$_$6,0.20000000298023224,1.472339391708374,0.4842672049999237,0.31554925441741943,0.20018355548381805,1.5452262163162231,1.3787535429000854,1.5811915397644043,1.3452261686325073,1.1787534952163696,1.3811914920806885,0.3137388527393341,0.3863145411014557,0.2999465763568878,text,audio,0,1.0,0.7333333492279053,0.5555555820465088
20,c7UH_rxdZv4$_$10,0.800000011920929,0.5717647075653076,0.37120434641838074,0.28263843059539795,0.3461571931838989,0.660228967666626,0.6326504349708557,0.6880404949188232,0.13977104425430298,0.16734957695007324,0.11195951700210571,0.3331678807735443,0.32187822461128235,0.3449539244174957,text,vision,0,0.7857142686843872,0.5945945978164673,0.75
234,f_pcplsH_V0$_$1,0.25,1.2148913145065308,0.3390161693096161,0.37823745608329773,0.28274640440940857,1.3091740608215332,1.2556302547454834,1.3261520862579346,1.0591740608215332,1.0056302547454834,1.0761520862579346,0.328060120344162,0.35076865553855896,0.32117128372192383,audio,audio,1,0.75,0.75,0.6578947305679321
509,tmZoasNr4rU$_$14,-2.0,-0.5373958349227905,0.3578299582004547,0.2915421426296234,0.35062792897224426,-0.3170924782752991,-0.3150518536567688,-0.31053560972213745,1.6829075813293457,1.684948205947876,1.6894643306732178,0.3345276415348053,0.3336753845214844,0.3317970037460327,text,text,1,0.7777777910232544,0.6222222447395325,0.7674418687820435
552,vyB00TXsimI$_$20,2.200000047683716,0.7931690812110901,0.29333141446113586,0.353413850069046,0.3532547354698181,0.8798726797103882,0.8841951489448547,0.890845537185669,1.3201273679733276,1.3158049583435059,1.3091545104980469,0.3312104642391205,0.33300483226776123,0.3357847034931183,audio,vision,0,0.6363636255264282,0.6774193644523621,0.7297297120094299
190,etzxEpPuc6I$_$3,-1.600000023841858,-0.4900963604450226,0.46357667446136475,0.3241578936576843,0.21226546168327332,-0.22214406728744507,-0.21614329516887665,-0.20904457569122314,1.3778560161590576,1.3838567733764648,1.3909554481506348,0.33598917722702026,0.3334783911705017,0.330532431602478,text,text,1,1.0,0.7659574747085571,0.6071428656578064
473,tIrG4oNLFzE$_$12,-2.5999999046325684,-1.5566390752792358,0.34210747480392456,0.3537437319755554,0.3041488230228424,-1.3408823013305664,-1.3450168371200562,-1.3512799739837646,1.259117603302002,1.2549830675125122,1.2487199306488037,0.33131635189056396,0.33303308486938477,0.33565062284469604,audio,vision,0,0.7777777910232544,0.7407407164573669,0.71875
501,tStelxIAHjw$_$6,1.600000023841858,1.932742714881897,0.36431869864463806,0.4059281647205353,0.22975309193134308,1.991802453994751,1.8482402563095093,2.0057315826416016,0.39180243015289307,0.24824023246765137,0.40573155879974365,0.3145345151424408,0.37636008858680725,0.30910542607307434,audio,audio,1,0.8571428656578064,0.8571428656578064,0.625
620,yDtzw_Y-7RU$_$13,-1.7999999523162842,-0.5669439435005188,0.3371548056602478,0.379086971282959,0.2837582528591156,-0.35668694972991943,-0.3395335078239441,-0.3673912286758423,1.4433130025863647,1.4604663848876953,1.432608723640442,0.3341958820819855,0.3271064758300781,0.3386976420879364,audio,vision,0,0.739130437374115,0.7435897588729858,0.6521739363670349
418,pLTX3ipuDJI$_$1,-2.4000000953674316,-0.42677026987075806,0.32181623578071594,0.4190864562988281,0.2590973377227783,-0.18405994772911072,-0.16821591556072235,-0.18118403851985931,2.215940237045288,2.2317841053009033,2.218816041946411,0.3359310030937195,0.32934340834617615,0.33472561836242676,audio,text,0,0.7058823704719543,0.7857142686843872,0.5970149040222168
645,yvsjCA6Y5Fc$_$15,-2.0,-0.5550124645233154,0.3197501599788666,0.34656843543052673,0.3336814045906067,-0.3739088177680969,-0.3533198833465576,-0.3845078945159912,1.6260912418365479,1.6466801166534424,1.6154921054840088,0.3346799314022064,0.3261764347553253,0.3391436040401459,audio,vision,0,0.7142857313156128,0.7017543911933899,0.7352941036224365
51,cW1FSBF59ik$_$21,1.600000023841858,0.38023966550827026,0.16890046000480652,0.4246109426021576,0.4064885973930359,0.5151728987693787,0.5394666790962219,0.5502352714538574,1.084827184677124,1.0605332851409912,1.0497647523880005,0.3251360356807709,0.3351609706878662,0.3397029638290405,audio,vision,0,0.38461539149284363,0.7931034564971924,0.8235294222831726
121,d6hH302o4v8$_$42,-1.399999976158142,-1.6020764112472534,0.3238610029220581,0.36713868379592896,0.3090003430843353,-1.410108208656311,-1.3887288570404053,-1.4554191827774048,0.010108232498168945,0.011271119117736816,0.055419206619262695,0.3397336006164551,0.33924010396003723,0.3210262954235077,audio,text,0,0.8181818127632141,0.8275862336158752,0.7941176295280457
69,cW1FSBF59ik$_$17,2.4000000953674316,2.0568196773529053,0.23544396460056305,0.38676777482032776,0.377788245677948,2.2429046630859375,2.095550298690796,2.255291223526001,0.15709543228149414,0.30444979667663574,0.14470887184143066,0.3512001633644104,0.2921196222305298,0.3566802144050598,audio,vision,0,0.5,0.692307710647583,0.7333333492279053
226,f9O3YtZ2VfI$_$18,-1.0,-0.96429443359375,0.40426352620124817,0.35023361444473267,0.24550291895866394,-0.6717988848686218,-0.6767730116844177,-0.6781719923019409,0.3282011151313782,0.3232269883155823,0.3218280076980591,0.33175912499427795,0.333828330039978,0.3344126045703888,text,vision,0,0.875,0.75,0.625
623,yDtzw_Y-7RU$_$14,2.200000047683716,1.7271027565002441,0.3436625301837921,0.36923059821128845,0.2871069014072418,1.7758287191390991,1.7041752338409424,1.7740520238876343,0.4241713285446167,0.49582481384277344,0.42594802379608154,0.3433937728404999,0.3139742612838745,0.342631995677948,audio,text,0,0.782608687877655,0.7640449404716492,0.6915887594223022
10,c7UH_rxdZv4$_$1,-2.799999952316284,-1.2256907224655151,0.25979650020599365,0.3556889295578003,0.38451457023620605,-1.015844702720642,-1.0225027799606323,-1.0167818069458008,1.784155249595642,1.7774971723556519,1.7832181453704834,0.3322778642177582,0.33505484461784363,0.3326673209667206,vision,audio,0,0.625,0.7272727489471436,0.8205128312110901
627,yDtzw_Y-7RU$_$18,-2.0,1.1476945877075195,0.2996964454650879,0.31553617119789124,0.3847673535346985,1.2197879552841187,1.1812429428100586,1.2324830293655396,3.219788074493408,3.1812429428100586,3.23248291015625,0.3296394646167755,0.3459107279777527,0.3244498074054718,vision,audio,0,0.6000000238418579,0.5714285969734192,0.7241379022598267
671,zhpQhgha_KU$_$10,0.6000000238418579,1.5117850303649902,0.28792640566825867,0.3508434295654297,0.3612302243709564,1.5662217140197754,1.4892995357513428,1.5877292156219482,0.9662216901779175,0.8892995119094849,0.9877291917800903,0.325266569852829,0.35809487104415894,0.3166385293006897,vision,audio,0,0.6470588445663452,0.6930692791938782,0.7592592835426331
467,rnaNMUZpvvg$_$16,-1.7999999523162842,-0.003525062929838896,0.42644330859184265,0.2835766673088074,0.2899799942970276,0.09442117810249329,0.048836227506399155,0.15795446932315826,1.894421100616455,1.8488361835479736,1.9579544067382812,0.33531272411346436,0.35497403144836426,0.3097132444381714,text,audio,0,0.8999999761581421,0.6428571343421936,0.7058823704719543
129,d6hH302o4v8$_$22,-1.0,-1.3172215223312378,0.30686283111572266,0.3629908561706543,0.33014634251594543,-1.2259982824325562,-1.1959470510482788,-1.2728967666625977,0.22599828243255615,0.1959470510482788,0.27289676666259766,0.33541959524154663,0.34825897216796875,0.3163215219974518,audio,audio,1,0.7777777910232544,0.8108108043670654,0.8148148059844971
347,lXPQBPVc5Cw$_$4,-1.2000000476837158,-0.522080659866333,0.27893808484077454,0.3766029179096222,0.3444589674472809,-0.395269513130188,-0.3595339059829712,-0.42610669136047363,0.8047305345535278,0.8404661417007446,0.7738933563232422,0.333821564912796,0.3192380368709564,0.34694039821624756,audio,vision,0,0.6071428656578064,0.7051281929016113,0.7127659320831299
124,d6hH302o4v8$_$25,-1.600000023841858,-1.5815582275390625,0.5225666761398315,0.1981707513332367,0.2792625427246094,-1.283833384513855,-1.2570971250534058,-1.3348853588104248,0.31616663932800293,0.34290289878845215,0.2651146650314331,0.3297036290168762,0.31886687874794006,0.3514294922351837,text,vision,0,1.0,0.4615384638309479,0.6875
533,v0zCBqDeKcE$_$2,-0.4000000059604645,0.24003495275974274,0.3005041778087616,0.37552952766418457,0.3239663243293762,0.48968586325645447,0.5083542466163635,0.5142310857772827,0.889685869216919,0.9083542823791504,0.9142310619354248,0.33936044573783875,0.3315330147743225,0.32910650968551636,audio,text,0,0.6363636255264282,0.6969696879386902,0.675000011920929
198,f9O3YtZ2VfI$_$24,-2.5999999046325684,-0.540814995765686,0.37587565183639526,0.3243127167224884,0.29981163144111633,-0.3163355588912964,-0.28599172830581665,-0.31651771068573,2.2836642265319824,2.3140082359313965,2.283482074737549,0.3374948501586914,0.32493337988853455,0.3375717103481293,text,vision,0,0.8199999928474426,0.6935483813285828,0.7069892287254333
249,fvVhgmXxadc$_$3,-2.200000047683716,-0.3218071162700653,0.31986191868782043,0.3401978313922882,0.3399401903152466,-0.2705686688423157,-0.30026352405548096,-0.2694817781448364,1.929431438446045,1.8997365236282349,1.9305182695388794,0.32933101058006287,0.3417850732803345,0.32888394594192505,audio,audio,1,0.699999988079071,0.6818181872367859,0.7307692170143127
273,iiK8YX8oH1E$_$9,0.4000000059604645,-0.16348978877067566,0.363485723733902,0.3349078893661499,0.30160632729530334,-0.028149565681815147,-0.08354301750659943,-0.023961901664733887,0.42814958095550537,0.4835430383682251,0.42396190762519836,0.3403271436691284,0.3175595998764038,0.34211328625679016,text,vision,0,0.7142857313156128,0.6206896305084229,0.6176470518112183
573,vyB00TXsimI$_$18,2.4000000953674316,1.9415935277938843,0.2907000184059143,0.437452107667923,0.2718478739261627,2.0865390300750732,1.935797929763794,2.0960168838500977,0.3134610652923584,0.4642021656036377,0.303983211517334,0.352090448141098,0.29162296652793884,0.35628658533096313,audio,vision,0,0.625,0.7777777910232544,0.5909090638160706
540,vvZ4IcEtiZc$_$11,1.600000023841858,-0.08867627382278442,0.37314558029174805,0.3496672809123993,0.2771871089935303,0.08717195689678192,-0.009419083595275879,0.1634652316570282,1.5128281116485596,1.6094191074371338,1.4365347623825073,0.3348594307899475,0.29677435755729675,0.36836618185043335,text,vision,0,0.75,0.6666666865348816,0.6000000238418579
413,pLTX3ipuDJI$_$13,-1.399999976158142,0.5915773510932922,0.3234556019306183,0.3603503406047821,0.3161940276622772,0.6901830434799194,0.6573482155799866,0.741658627986908,2.0901830196380615,2.0573482513427734,2.1416585445404053,0.3356178402900696,0.3496793508529663,0.3147027790546417,audio,audio,1,0.75,0.75,0.7368420958518982
179,etzxEpPuc6I$_$11,-1.600000023841858,-0.6806290745735168,0.3640386760234833,0.3470717966556549,0.2888895273208618,-0.44451820850372314,-0.43415188789367676,-0.43116819858551025,1.1554818153381348,1.1658481359481812,1.1688318252563477,0.3366349935531616,0.3323010206222534,0.33106398582458496,text,text,1,0.8421052694320679,0.7647058963775635,0.725806474685669
602,wMbj6ajWbic$_$18,-1.0,0.9322240948677063,0.3908323049545288,0.2909243702888489,0.3182433247566223,1.0200612545013428,0.9105176329612732,1.0741688013076782,2.0200612545013428,1.910517692565918,2.0741686820983887,0.3245331048965454,0.3721574544906616,0.30330944061279297,text,audio,0,0.8823529481887817,0.6808510422706604,0.7755101919174194
618,yDtzw_Y-7RU$_$11,-1.399999976158142,0.6829879283905029,0.2108043134212494,0.4480242133140564,0.3411714732646942,0.9365371465682983,0.8477533459663391,0.9819595813751221,2.3365371227264404,2.247753381729126,2.3819594383239746,0.32656508684158325,0.364894837141037,0.3085400462150574,audio,audio,1,0.5,0.8235294222831726,0.738095223903656
220,f9O3YtZ2VfI$_$12,-1.7999999523162842,-0.6417385339736938,0.32712095975875854,0.3383784294128418,0.33450067043304443,-0.46667245030403137,-0.4861034154891968,-0.47635895013809204,1.3333275318145752,1.3138965368270874,1.323641061782837,0.3292974829673767,0.3373936116695404,0.3333089351654053,audio,audio,1,0.75,0.7142857313156128,0.7599999904632568
345,lXPQBPVc5Cw$_$2,-2.200000047683716,-0.14489217102527618,0.25453463196754456,0.47621840238571167,0.2692469656467438,0.13082461059093475,0.13721458613872528,0.19178439676761627,2.330824613571167,2.337214708328247,2.391784429550171,0.34262120723724365,0.3398953974246979,0.31748342514038086,audio,text,0,0.6153846383094788,0.875,0.6428571343421936
643,yvsjCA6Y5Fc$_$13,-2.0,-1.3332597017288208,0.41607466340065,0.3155952990055084,0.26833009719848633,-1.0535937547683716,-1.0415325164794922,-1.076737403869629,0.9464062452316284,0.9584674835205078,0.9232625961303711,0.33174222707748413,0.32677823305130005,0.3414795398712158,text,vision,0,0.9166666865348816,0.7234042286872864,0.6964285969734192
15,c7UH_rxdZv4$_$7,-3.0,-1.3064714670181274,0.26932209730148315,0.46870142221450806,0.261976420879364,-1.0284377336502075,-1.0327260494232178,-1.0288722515106201,1.9715622663497925,1.9672739505767822,1.9711277484893799,0.33267706632614136,0.3344651460647583,0.3328578472137451,audio,audio,1,0.7142857313156128,0.9375,0.699999988079071
84,cXypl4FnoZo$_$3,1.7999999523162842,1.9211698770523071,0.24106688797473907,0.3291705250740051,0.4297625720500946,2.0338940620422363,1.850850224494934,2.0680487155914307,0.23389410972595215,0.0508502721786499,0.2680487632751465,0.31101280450820923,0.39097315073013306,0.2980140745639801,vision,audio,0,0.7142857313156128,0.8181818127632141,1.0
578,wMbj6ajWbic$_$20,-0.4000000059604645,1.7157257795333862,0.3618195354938507,0.3912712037563324,0.2469092309474945,1.7358973026275635,1.6595096588134766,1.753640055656433,2.135897397994995,2.059509754180908,2.153640031814575,0.32485902309417725,0.3574073612689972,0.3177335858345032,audio,audio,1,0.800000011920929,0.7857142686843872,0.6078431606292725
146,d6hH302o4v8$_$11,-1.0,-0.44231563806533813,0.2340046912431717,0.47431328892707825,0.29168203473091125,-0.2350786328315735,-0.2163628488779068,-0.24382780492305756,0.7649213671684265,0.7836371660232544,0.7561721801757812,0.3346862196922302,0.3269471824169159,0.3383665978908539,audio,vision,0,0.5,0.800000011920929,0.6097561120986938
663,zhpQhgha_KU$_$2,1.600000023841858,1.6503958702087402,0.34401118755340576,0.3162492513656616,0.3397395610809326,1.7284339666366577,1.6452746391296387,1.7444827556610107,0.1284339427947998,0.04527461528778076,0.14448273181915283,0.3236578106880188,0.35911259055137634,0.31722959876060486,text,audio,0,0.75,0.65625,0.7435897588729858
570,vyB00TXsimI$_$17,1.399999976158142,-0.23609670996665955,0.2912446856498718,0.3727733790874481,0.33598196506500244,-0.11347775161266327,-0.10115562379360199,-0.11859242618083954,1.5134776830673218,1.5011556148529053,1.518592357635498,0.33231985569000244,0.3374781310558319,0.33020204305648804,audio,audio,1,0.6315789222717285,0.7021276354789734,0.7017543911933899
489,tStelxIAHjw$_$10,-0.4000000059604645,-0.6477768421173096,0.3139989972114563,0.34946513175964355,0.33653587102890015,-0.4779156446456909,-0.5289980173110962,-0.4746525287628174,0.07791563868522644,0.1289980113506317,0.0746525228023529,0.33987823128700256,0.31885436177253723,0.3412674069404602,audio,vision,0,0.7777777910232544,0.7777777910232544,0.8095238208770752
181,etzxEpPuc6I$_$13,-2.200000047683716,-0.4518961012363434,0.3386305272579193,0.38581404089927673,0.27555543184280396,-0.24953269958496094,-0.2375703901052475,-0.22494973242282867,1.9504673480987549,1.9624296426773071,1.9750503301620483,0.3384213149547577,0.3333985507488251,0.3281801640987396,audio,text,0,0.6944444179534912,0.7070707082748413,0.5904762148857117
344,lXPQBPVc5Cw$_$3,-2.4000000953674316,-1.7308743000030518,0.3673434555530548,0.2693764865398407,0.3632800579071045,-1.4955421686172485,-1.5346705913543701,-1.491215467453003,0.9044579267501831,0.8653295040130615,0.9087846279144287,0.32843607664108276,0.34489938616752625,0.32666459679603577,text,audio,0,0.75,0.5384615659713745,0.7419354915618896
216,f9O3YtZ2VfI$_$8,-1.7999999523162842,-0.9148968458175659,0.3596196174621582,0.35533249378204346,0.28504785895347595,-0.6801860928535461,-0.6916506290435791,-0.6807457208633423,1.1198139190673828,1.108349323272705,1.119254231452942,0.3316602408885956,0.3364473879337311,0.33189237117767334,text,audio,0,0.8181818127632141,0.7575757503509521,0.699999988079071
675,zhpQhgha_KU$_$14,-1.5,-1.2266418933868408,0.3802524507045746,0.2505325675010681,0.3692149817943573,-1.0756158828735352,-1.079331398010254,-1.0737868547439575,0.42438411712646484,0.4206686019897461,0.4262131452560425,0.3330700397491455,0.33462053537368774,0.33230942487716675,text,audio,0,0.8333333134651184,0.5714285969734192,0.8181818127632141
144,d6hH302o4v8$_$39,-3.0,-1.4741536378860474,0.43503642082214355,0.2934021055698395,0.27156150341033936,-1.2527793645858765,-1.2453973293304443,-1.2704867124557495,1.7472206354141235,1.7546026706695557,1.7295132875442505,0.33187350630760193,0.3288252353668213,0.3393012285232544,text,vision,0,1.0,0.75,0.7647058963775635
17,c7UH_rxdZv4$_$9,-0.4000000059604645,0.29440343379974365,0.3385784924030304,0.3269096612930298,0.3345118463039398,0.4209155738353729,0.4252215623855591,0.44232702255249023,0.8209155797958374,0.8252215385437012,0.8423269987106323,0.3369019329547882,0.3350934684276581,0.3280046284198761,text,text,1,0.7407407164573669,0.671875,0.7352941036224365
585,wMbj6ajWbic$_$3,0.0,1.7810224294662476,0.47923386096954346,0.254629909992218,0.2661362290382385,1.7432681322097778,1.6630040407180786,1.7555875778198242,1.7432681322097778,1.6630040407180786,1.7555875778198242,0.3235979676246643,0.35774916410446167,0.3186528980731964,text,audio,0,0.8888888955116272,0.5185185074806213,0.59375
177,dq3Nf_lMPnE$_$9,-0.800000011920929,1.2414302825927734,0.444539874792099,0.30326205492019653,0.25219812989234924,1.3036770820617676,1.232607364654541,1.3531320095062256,2.1036770343780518,2.032607316970825,2.1531319618225098,0.32971134781837463,0.3603423535823822,0.3099462389945984,text,audio,0,0.875,0.6304348111152649,0.5892857313156128
441,phBUpBr1hSo$_$5,-1.399999976158142,1.134451150894165,0.25987687706947327,0.38825130462646484,0.3518718183040619,1.3561972379684448,1.2270662784576416,1.4050195217132568,2.756197214126587,2.627066135406494,2.8050193786621094,0.32092753052711487,0.37714481353759766,0.3019276559352875,audio,audio,1,0.5882353186607361,0.7358490824699402,0.7368420958518982
326,k5Y_838nuGo$_$14,-1.7999999523162842,0.3172605633735657,0.23847143352031708,0.42568016052246094,0.33584845066070557,0.5094817876815796,0.5094830989837646,0.5406566262245178,2.309481620788574,2.309483051300049,2.3406565189361572,0.3376348614692688,0.33763429522514343,0.324730783700943,audio,text,0,0.5789473652839661,0.8163265585899353,0.75
497,tStelxIAHjw$_$2,-2.0,-0.6351107358932495,0.3637940287590027,0.3239903748035431,0.31221556663513184,-0.4648445248603821,-0.44435495138168335,-0.42084789276123047,1.5351555347442627,1.5556449890136719,1.5791521072387695,0.34232479333877563,0.3336685597896576,0.32400670647621155,text,text,1,0.75,0.6419752836227417,0.6746031641960144
516,tmZoasNr4rU$_$3,-2.0,-0.7828720211982727,0.38539472222328186,0.380363792181015,0.2342415153980255,-0.5935652256011963,-0.640632688999176,-0.5923522710800171,1.4064347743988037,1.3593673706054688,1.407647728919983,0.32689520716667175,0.3467048406600952,0.32639992237091064,text,audio,0,0.75,0.692307710647583,0.5
408,ob23OKe5a9Q$_$6,0.0,-0.6414024829864502,0.3496044874191284,0.32627955079078674,0.32411593198776245,-0.4202987253665924,-0.41333192586898804,-0.4084979295730591,0.4202987253665924,0.41333192586898804,0.4084979295730591,0.3307308256626129,0.3336235582828522,0.3356456160545349,text,vision,0,0.800000011920929,0.7115384340286255,0.761904776096344
375,nzpVDcQ0ywM$_$21,-1.399999976158142,-0.4726162850856781,0.34317800402641296,0.3953777849674225,0.26144418120384216,-0.26419687271118164,-0.23063935339450836,-0.29229748249053955,1.1358031034469604,1.169360637664795,1.1077024936676025,0.3339265286922455,0.3202090561389923,0.3458644449710846,audio,vision,0,0.8666666746139526,0.8846153616905212,0.7301587462425232
22,c7UH_rxdZv4$_$12,-2.799999952316284,-1.4407670497894287,0.3419886827468872,0.354266494512558,0.3037447929382324,-1.157668948173523,-1.1528913974761963,-1.1637948751449585,1.6423310041427612,1.647108554840088,1.6362050771713257,0.33314090967178345,0.331157386302948,0.3357016146183014,audio,vision,0,0.6428571343421936,0.6060606241226196,0.5833333134651184
158,d6hH302o4v8$_$37,-2.200000047683716,-1.616694688796997,0.46193936467170715,0.24283277988433838,0.29522788524627686,-1.3068970441818237,-1.3062340021133423,-1.3364591598510742,0.8931030035018921,0.8937660455703735,0.8635408878326416,0.32929229736328125,0.3290195167064667,0.3416881859302521,text,vision,0,1.0,0.625,0.7777777910232544
165,dq3Nf_lMPnE$_$10,1.0,2.12314772605896,0.3198210299015045,0.3696877658367157,0.3104912340641022,2.1330604553222656,2.0287256240844727,2.151381015777588,1.1330604553222656,1.0287256240844727,1.151381015777588,0.3208558261394501,0.3655526638031006,0.31359151005744934,audio,audio,1,0.699999988079071,0.71875,0.6842105388641357
460,rnaNMUZpvvg$_$11,-2.5999999046325684,-0.15339761972427368,0.2629905641078949,0.4649558663368225,0.272053599357605,0.07833141833543777,0.09932594001293182,0.1441388726234436,2.6783313751220703,2.6993257999420166,2.744138717651367,0.34540748596191406,0.3364608585834503,0.3181317150592804,audio,text,0,0.5833333134651184,0.8157894611358643,0.6000000238418579
338,lXPQBPVc5Cw$_$21,1.7999999523162842,-0.5790948271751404,0.25803300738334656,0.3726886808872223,0.36927828192710876,-0.4466949701309204,-0.4972701668739319,-0.45350050926208496,2.246695041656494,2.2972700595855713,2.253500461578369,0.34126579761505127,0.3203592002391815,0.3383750319480896,audio,text,0,0.5833333134651184,0.7142857313156128,0.7599999904632568
115,d3_k5Xpfmik$_$5,2.200000047683716,1.9159150123596191,0.25096461176872253,0.4346189498901367,0.31441646814346313,1.959110975265503,1.873003363609314,1.9572031497955322,0.2408890724182129,0.32699668407440186,0.2427968978881836,0.34535467624664307,0.31011322140693665,0.3445320725440979,audio,text,0,0.5384615659713745,0.7575757503509521,0.6499999761581421
558,vyB00TXsimI$_$5,1.7999999523162842,2.1344213485717773,0.5028350949287415,0.25213074684143066,0.2450341433286667,2.1858456134796143,1.984945297241211,2.1966781616210938,0.3858456611633301,0.18494534492492676,0.39667820930480957,0.3056214153766632,0.3928675651550293,0.3015110194683075,text,audio,0,1.0,0.6000000238418579,0.6363636255264282
210,f9O3YtZ2VfI$_$2,1.25,1.959357738494873,0.30043864250183105,0.4368168115615845,0.2627445459365845,2.034742593765259,1.8778495788574219,2.0510995388031006,0.7847425937652588,0.6278495788574219,0.8010995388031006,0.3128490149974823,0.38063353300094604,0.30651742219924927,audio,audio,1,0.7142857313156128,0.8461538553237915,0.6451612710952759
98,cXypl4FnoZo$_$17,-0.6000000238418579,-0.6988321542739868,0.2789958417415619,0.36079320311546326,0.36021095514297485,-0.5154401063919067,-0.5035679340362549,-0.5382217764854431,0.08455991744995117,0.09643208980560303,0.061778247356414795,0.33176785707473755,0.32688072323799133,0.3413514494895935,audio,vision,0,0.6153846383094788,0.6896551847457886,0.7428571581840515
432,phBUpBr1hSo$_$14,-1.2000000476837158,-0.3555566668510437,0.4587624967098236,0.2949731647968292,0.24626435339450836,-0.12761792540550232,-0.12777480483055115,-0.1105370819568634,1.0723820924758911,1.0722252130508423,1.0894629955291748,0.33567512035369873,0.3357408940792084,0.32858407497406006,text,audio,0,1.0,0.7250000238418579,0.6875
454,rnaNMUZpvvg$_$5,-2.799999952316284,-0.7449983358383179,0.4945703148841858,0.19130396842956543,0.31412574648857117,-0.5498532056808472,-0.5834800601005554,-0.5172993540763855,2.2501468658447266,2.216519832611084,2.282700538635254,0.332994282245636,0.34728971123695374,0.31971603631973267,text,audio,0,0.9090909361839294,0.380952388048172,0.6800000071525574
451,rnaNMUZpvvg$_$1,-2.5999999046325684,-1.5716221332550049,0.2938033938407898,0.30377206206321716,0.40242451429367065,-1.3748703002929688,-1.3788453340530396,-1.3769516944885254,1.2251296043395996,1.2211545705795288,1.223048210144043,0.33249256014823914,0.33414873480796814,0.3333587348461151,vision,audio,0,0.6666666865348816,0.6279069781303406,0.8235294222831726
541,vvZ4IcEtiZc$_$10,-2.0,-0.34994229674339294,0.2851678431034088,0.4758499264717102,0.2389821857213974,-0.11646157503128052,-0.0891077071428299,-0.09443742036819458,1.8835384845733643,1.9108922481536865,1.9055626392364502,0.3402250409126282,0.3287886381149292,0.330986350774765,audio,text,0,0.6499999761581421,0.8541666865348816,0.5614035129547119
13,c7UH_rxdZv4$_$5,-2.200000047683716,-0.32747113704681396,0.2889987826347351,0.36012616753578186,0.3508750796318054,-0.17916056513786316,-0.14765863120555878,-0.18415774405002594,2.0208394527435303,2.0523414611816406,2.0158421993255615,0.33696651458740234,0.3239554762840271,0.33907797932624817,audio,vision,0,0.6842105388641357,0.7407407164573669,0.78125
493,tStelxIAHjw$_$14,-1.7999999523162842,-1.027555227279663,0.3684670031070709,0.2980445623397827,0.33348849415779114,-0.7994251251220703,-0.8123155832290649,-0.8056634664535522,1.0005748271942139,0.9876843690872192,0.9943364858627319,0.3306799829006195,0.3360513746738434,0.3332686424255371,text,audio,0,0.875,0.7142857313156128,0.8235294222831726
137,d6hH302o4v8$_$2,-1.7999999523162842,1.5722943544387817,0.3278760313987732,0.3656447231769562,0.3064793050289154,1.62490713596344,1.5647975206375122,1.6298723220825195,3.4249072074890137,3.364797592163086,3.4298722743988037,0.3255372941493988,0.3509395718574524,0.3235231935977936,audio,audio,1,0.7272727489471436,0.7272727489471436,0.692307710647583
542,vvZ4IcEtiZc$_$12,0.20000000298023224,1.7906767129898071,0.298969566822052,0.36646902561187744,0.33456137776374817,1.9040461778640747,1.8210673332214355,1.8813843727111816,1.7040461301803589,1.6210672855377197,1.6813843250274658,0.31867170333862305,0.35350051522254944,0.3278278410434723,audio,audio,1,0.699999988079071,0.75,0.7560975551605225
260,iiK8YX8oH1E$_$12,1.7999999523162842,1.5763665437698364,0.32331788539886475,0.3586136996746063,0.31806841492652893,1.7004746198654175,1.5278472900390625,1.750950813293457,0.0995253324508667,0.2721526622772217,0.04904913902282715,0.34830617904663086,0.2807031273841858,0.3709907531738281,audio,vision,0,0.800000011920929,0.800000011920929,0.7894737124443054
588,wMbj6ajWbic$_$4,1.0,-1.0571506023406982,0.34696319699287415,0.3387635052204132,0.31427332758903503,-0.7833751440048218,-0.7847793698310852,-0.7846126556396484,1.7833751440048218,1.7847793102264404,1.7846126556396484,0.33370035886764526,0.3331151306629181,0.3331845700740814,text,text,1,0.800000011920929,0.7333333492279053,0.75
82,cXypl4FnoZo$_$29,-1.399999976158142,-0.5538552403450012,0.4316602945327759,0.2354830503463745,0.3328566551208496,-0.3195948302745819,-0.31337279081344604,-0.3291894197463989,1.0804051160812378,1.0866272449493408,1.0708105564117432,0.3328542411327362,0.3302754759788513,0.33687031269073486,text,vision,0,0.8571428656578064,0.5,0.7272727489471436
284,jUzDDGyPkXU$_$3,0.0,1.2300753593444824,0.3644234836101532,0.32557016611099243,0.31000635027885437,1.3225535154342651,1.2569273710250854,1.3648967742919922,1.3225535154342651,1.2569273710250854,1.3648967742919922,0.32960453629493713,0.35778290033340454,0.3126125931739807,text,audio,0,0.6666666865348816,0.5555555820465088,0.5833333134651184
152,d6hH302o4v8$_$17,-2.0,-0.9046036601066589,0.4432114064693451,0.3532940149307251,0.2034946084022522,-0.5934668183326721,-0.5628468990325928,-0.6432290077209473,1.4065332412719727,1.4371531009674072,1.3567709922790527,0.33040082454681396,0.31799378991127014,0.3516053557395935,text,vision,0,0.8333333134651184,0.6666666865348816,0.4444444477558136
306,k5Y_838nuGo$_$20,0.4000000059604645,-0.8001057505607605,0.42751479148864746,0.2743254601955414,0.29815974831581116,-0.592786431312561,-0.5984113216400146,-0.5943715572357178,0.9927864074707031,0.9984112977981567,0.9943715333938599,0.33433473110198975,0.3319922983646393,0.33367297053337097,text,text,1,0.800000011920929,0.5263158082962036,0.6190476417541504
512,tmZoasNr4rU$_$19,0.20000000298023224,0.5514919757843018,0.3308717608451843,0.35115641355514526,0.3179718255996704,0.6910794973373413,0.7121625542640686,0.6925196647644043,0.49107950925827026,0.5121625661849976,0.49251967668533325,0.33645203709602356,0.3277010917663574,0.3358469009399414,audio,text,0,0.800000011920929,0.7808219194412231,0.7816091775894165
141,d6hH302o4v8$_$6,-2.0,-0.8506502509117126,0.3673335611820221,0.32504791021347046,0.30761852860450745,-0.6602683663368225,-0.6554861068725586,-0.7122445702552795,1.3397316932678223,1.3445138931274414,1.2877554893493652,0.3266727924346924,0.324725866317749,0.34860143065452576,text,vision,0,0.7142857313156128,0.6000000238418579,0.625
37,cM3Yna7AavY$_$15,-2.4000000953674316,-1.6565486192703247,0.4562265872955322,0.3262864351272583,0.21748700737953186,-1.2787322998046875,-1.2688169479370117,-1.2985670566558838,1.1212677955627441,1.13118314743042,1.1014330387115479,0.33191871643066406,0.3278302550315857,0.34025099873542786,text,vision,0,0.9090909361839294,0.6875,0.5384615659713745
535,v0zCBqDeKcE$_$4,0.0,-0.15798552334308624,0.3770262598991394,0.31985145807266235,0.30312228202819824,-0.030571376904845238,0.0007203817367553711,0.026067201048135757,0.030571376904845238,0.0007203817367553711,0.026067201048135757,0.3285512924194336,0.3410423696041107,0.3304063081741333,text,audio,0,0.8235294222831726,0.6888889074325562,0.7142857313156128
299,jUzDDGyPkXU$_$16,1.2000000476837158,2.2225489616394043,0.3074433505535126,0.4027175009250641,0.28983914852142334,2.27654767036438,2.1328511238098145,2.2917447090148926,1.076547622680664,0.9328510761260986,1.0917446613311768,0.3146686255931854,0.37658390402793884,0.3087475001811981,audio,audio,1,0.6875,0.767123281955719,0.6551724076271057
155,d6hH302o4v8$_$18,-2.0,-1.704676866531372,0.4373481273651123,0.313069224357605,0.2495826780796051,-1.4553343057632446,-1.4325921535491943,-1.5021634101867676,0.5446656942367554,0.5674078464508057,0.4978365898132324,0.3297874331474304,0.3205443322658539,0.3496682047843933,text,vision,0,0.9090909361839294,0.6896551847457886,0.6285714507102966
208,f9O3YtZ2VfI$_$1,-1.2000000476837158,-1.2236424684524536,0.3396611511707306,0.33101022243499756,0.32932862639427185,-1.0653743743896484,-1.0562430620193481,-1.0738940238952637,0.13462567329406738,0.14375698566436768,0.12610602378845215,0.3334047496318817,0.3296208679676056,0.3369743525981903,text,vision,0,0.7777777910232544,0.7142857313156128,0.7647058963775635
264,iiK8YX8oH1E$_$16,0.0,-0.7155985236167908,0.2994086742401123,0.3587903082370758,0.3418009877204895,-0.5675430297851562,-0.6268345713615417,-0.5558768510818481,0.5675430297851562,0.6268345713615417,0.5558768510818481,0.339759886264801,0.3154892921447754,0.3447508215904236,audio,vision,0,0.75,0.7857142686843872,0.8125
42,cM3Yna7AavY$_$2,2.5,0.11065798252820969,0.42330119013786316,0.3389534056186676,0.23774535953998566,0.3465477228164673,0.3022780418395996,0.3694232106208801,2.1534523963928223,2.1977219581604004,2.1305768489837646,0.33611488342285156,0.3180205821990967,0.34586456418037415,text,vision,0,0.8571428656578064,0.692307710647583,0.5666666626930237
639,yvsjCA6Y5Fc$_$9,-1.399999976158142,-0.17872782051563263,0.3312414288520813,0.3325135409832001,0.33624503016471863,-0.05917157232761383,-0.04840727150440216,-0.020496495068073273,1.3408284187316895,1.3515926599502563,1.3795034885406494,0.3402007222175598,0.3356538712978363,0.3241453468799591,vision,text,0,0.6842105388641357,0.6315789222717285,0.6911764740943909
303,k5Y_838nuGo$_$25,-0.20000000298023224,-0.85760897397995,0.40850338339805603,0.29234039783477783,0.29915618896484375,-0.6861734390258789,-0.6618123650550842,-0.7264354825019836,0.48617345094680786,0.4618123769760132,0.5264354944229126,0.3353636860847473,0.34573301672935486,0.3189032971858978,text,audio,0,0.8571428656578064,0.6382978558540344,0.7017543911933899
649,yvsjCA6Y5Fc$_$19,-1.600000023841858,-0.3435734808444977,0.3050718605518341,0.32252785563468933,0.37240031361579895,-0.19928300380706787,-0.16347388923168182,-0.20538361370563507,1.40071702003479,1.4365261793136597,1.3946163654327393,0.3373955190181732,0.32262617349624634,0.33997827768325806,vision,vision,1,0.6969696879386902,0.6698113083839417,0.7962962985038757
336,lXPQBPVc5Cw$_$27,-2.799999952316284,-1.141861915588379,0.2934022545814514,0.41491496562957764,0.29168272018432617,-0.9130347967147827,-0.9021521210670471,-0.9328758716583252,1.8869651556015015,1.8978478908538818,1.867124080657959,0.3320493698120117,0.32756298780441284,0.3403876721858978,audio,vision,0,0.6875,0.8064516186714172,0.6842105388641357
547,vvZ4IcEtiZc$_$4,2.200000047683716,0.8291998505592346,0.3166283071041107,0.3631983697414398,0.3201732933521271,1.0014759302139282,0.9626032114028931,0.9960674047470093,1.1985241174697876,1.2373968362808228,1.2039326429367065,0.3394625782966614,0.3233620822429657,0.33717530965805054,audio,text,0,0.692307710647583,0.7115384340286255,0.698113203048706
68,cW1FSBF59ik$_$14,-1.2000000476837158,-0.5711345076560974,0.29193466901779175,0.36512839794158936,0.3429369628429413,-0.40703654289245605,-0.38833755254745483,-0.3993533253669739,0.7929635047912598,0.811662495136261,0.8006467223167419,0.3370022177696228,0.3292165994644165,0.3337811827659607,audio,text,0,0.6521739363670349,0.7115384340286255,0.7321428656578064
75,cXypl4FnoZo$_$26,0.6000000238418579,0.3457224667072296,0.4323118329048157,0.368888795375824,0.19879940152168274,0.49365609884262085,0.49867624044418335,0.5398615598678589,0.10634392499923706,0.10132378339767456,0.06013846397399902,0.3261842131614685,0.32823753356933594,0.34557828307151794,text,vision,0,1.0,0.8666666746139526,0.6111111044883728
443,phBUpBr1hSo$_$7,-1.0,-0.4529961943626404,0.2811237871646881,0.378121554851532,0.3407546579837799,-0.2903291583061218,-0.26985424757003784,-0.2707149386405945,0.7096708416938782,0.7301457524299622,0.7292850613594055,0.3389242887496948,0.3303600549697876,0.3307156562805176,audio,text,0,0.5714285969734192,0.6666666865348816,0.6666666865348816
79,cXypl4FnoZo$_$22,0.20000000298023224,0.31659582257270813,0.3074105679988861,0.3575141131877899,0.33507534861564636,0.454311341047287,0.449764609336853,0.473055362701416,0.25431132316589355,0.2497646063566208,0.27305537462234497,0.3352845013141632,0.337195485830307,0.32752007246017456,audio,audio,1,0.7111111283302307,0.7358490824699402,0.7551020383834839
