index,id,y_true,y_pred,w_text,w_audio,w_vision,pred_text_center,pred_audio_center,pred_vision_center,err_text_center,err_audio_center,err_vision_center,oracle_w_text,oracle_w_audio,oracle_w_vision,router_selected_anchor,oracle_selected_anchor,router_oracle_match,availability_text,availability_audio,availability_vision
624,yDtzw_Y-7RU$_$17,0.20000000298023224,1.244989037513733,0.29999035596847534,0.3484256863594055,0.35158395767211914,1.4283453226089478,1.4147987365722656,1.4152354001998901,1.228345274925232,1.2147986888885498,1.2152353525161743,0.32964134216308594,0.33527079224586487,0.3350878357887268,vision,audio,0,0.782608687877655,0.8192771077156067,0.75
638,yvsjCA6Y5Fc$_$6,0.0,-0.31493401527404785,0.30703991651535034,0.33184006810188293,0.3611200451850891,-0.44196897745132446,-0.4636860191822052,-0.4001912474632263,0.44196897745132446,0.4636860191822052,0.4001912474632263,0.33037880063056946,0.32153084874153137,0.34809035062789917,vision,vision,1,0.9090909361839294,0.9047619104385376,0.875
438,phBUpBr1hSo$_$1,1.399999976158142,2.2381200790405273,0.34375467896461487,0.29081958532333374,0.3654257655143738,2.662322759628296,2.6835527420043945,2.6272265911102295,1.2623227834701538,1.2835527658462524,1.2272266149520874,0.33127298951148987,0.3225975036621094,0.34612950682640076,vision,vision,1,0.8999999761581421,0.7727272510528564,0.8148148059844971
578,wMbj6ajWbic$_$20,-0.4000000059604645,1.4954577684402466,0.327599436044693,0.33466407656669617,0.3377365171909332,1.7610269784927368,1.7743481397628784,1.7489253282546997,2.161026954650879,2.1743481159210205,2.148925304412842,0.33347466588020325,0.3279677927494049,0.33855754137039185,vision,vision,1,0.8666666746139526,0.8333333134651184,0.7647058963775635
556,vyB00TXsimI$_$3,2.200000047683716,-0.06657068431377411,0.373615562915802,0.31134819984436035,0.31503620743751526,-0.07731129229068756,-0.1828315556049347,-0.12803193926811218,2.277311325073242,2.382831573486328,2.3280320167541504,0.3552403450012207,0.311342716217041,0.33341699838638306,text,text,1,0.9166666865348816,0.7857142686843872,0.7142857313156128
504,tmZoasNr4rU$_$11,-0.6000000238418579,0.2661919593811035,0.3831838071346283,0.32113203406333923,0.29568415880203247,0.39336854219436646,0.40257835388183594,0.43441659212112427,0.9933685660362244,1.0025783777236938,1.034416675567627,0.34030529856681824,0.3364100754261017,0.3232845664024353,text,text,1,1.0,0.8684210777282715,0.7555555701255798
620,yDtzw_Y-7RU$_$13,-1.7999999523162842,-0.4505994915962219,0.28571876883506775,0.34456634521484375,0.3697149157524109,-0.8286401629447937,-0.9020398855209351,-0.8106725215911865,0.9713597893714905,0.8979600667953491,0.9893274307250977,0.32532164454460144,0.3565818965435028,0.31809648871421814,vision,audio,0,0.782608687877655,0.8333333134651184,0.79347825050354
109,d3_k5Xpfmik$_$16,2.0,2.1177475452423096,0.38694843649864197,0.36404523253440857,0.24900633096694946,2.3775322437286377,2.298694610595703,2.3121330738067627,0.3775322437286377,0.2986946105957031,0.3121330738067627,0.3136025369167328,0.3460812270641327,0.3403162360191345,text,audio,0,0.8999999761581421,0.8260869383811951,0.5714285969734192
34,cM3Yna7AavY$_$10,1.600000023841858,0.9762514233589172,0.3356706500053406,0.2923721969127655,0.3719571530818939,1.1826350688934326,1.2295595407485962,1.2459795475006104,0.4173649549484253,0.3704404830932617,0.35402047634124756,0.31818661093711853,0.33740824460983276,0.34440508484840393,vision,vision,1,0.8571428656578064,0.7368420958518982,0.782608687877655
682,zhpQhgha_KU$_$35,0.6000000238418579,2.142086982727051,0.38749536871910095,0.28542548418045044,0.3270791471004486,2.475863218307495,2.4825968742370605,2.4618313312530518,1.8758631944656372,1.8825968503952026,1.8618313074111938,0.3323017954826355,0.3295165002346039,0.3381817042827606,text,vision,0,1.0,0.800000011920929,0.7976190447807312
594,wMbj6ajWbic$_$10,-1.7999999523162842,-0.9021296501159668,0.2656433582305908,0.33043667674064636,0.4039200246334076,-1.5001648664474487,-1.546949863433838,-1.4809951782226562,0.29983508586883545,0.2530500888824463,0.31900477409362793,0.32932135462760925,0.3491547405719757,0.32152390480041504,vision,audio,0,0.7272727489471436,0.7894737124443054,0.8181818127632141
220,f9O3YtZ2VfI$_$12,-1.7999999523162842,-0.005819588899612427,0.37904733419418335,0.2757878601551056,0.34516483545303345,0.12321380525827408,0.14388233423233032,0.11738774180412292,1.9232137203216553,1.9438822269439697,1.9173877239227295,0.3353674113750458,0.3268139660358429,0.33781859278678894,text,vision,0,0.9166666865348816,0.7142857313156128,0.7599999904632568
533,v0zCBqDeKcE$_$2,-0.4000000059604645,0.31036192178726196,0.24963246285915375,0.37919774651527405,0.371169775724411,0.3870660364627838,0.45646804571151733,0.5304180979728699,0.7870660424232483,0.8564680814743042,0.9304181337356567,0.36325976252555847,0.3330743610858917,0.3036659359931946,audio,text,0,0.7272727489471436,0.8787878751754761,0.800000011920929
35,cM3Yna7AavY$_$13,-1.600000023841858,2.2933027744293213,0.21849696338176727,0.43581169843673706,0.34569141268730164,2.726510763168335,2.7309601306915283,2.684368848800659,4.326510906219482,4.330960273742676,4.284368991851807,0.3280254602432251,0.3262062668800354,0.3457683026790619,audio,vision,0,0.699999988079071,1.0,0.8125
318,k5Y_838nuGo$_$6,2.0,2.4950129985809326,0.18073029816150665,0.37537872791290283,0.4438909590244293,2.9913346767425537,2.984097957611084,2.9033806324005127,0.9913346767425537,0.984097957611084,0.9033806324005127,0.31996920704841614,0.3228767514228821,0.35715410113334656,vision,vision,1,0.5555555820465088,0.875,0.8947368264198303
56,cW1FSBF59ik$_$2,3.0,1.2827051877975464,0.32951632142066956,0.29287517070770264,0.3776085674762726,1.4582630395889282,1.4647046327590942,1.4529949426651,1.5417369604110718,1.5352953672409058,1.5470050573349,0.33316442370414734,0.3358578681945801,0.3309777081012726,vision,audio,0,0.875,0.7757009267807007,0.8294573426246643
31,c7UH_rxdZv4$_$33,-1.7999999523162842,-0.13811437785625458,0.4666157066822052,0.1998053342103958,0.3335789442062378,-0.012931128963828087,0.025029294192790985,0.06904199719429016,1.7870688438415527,1.8250292539596558,1.869041919708252,0.35010743141174316,0.3338826596736908,0.3160099685192108,text,text,1,1.0,0.5333333611488342,0.7222222089767456
23,c7UH_rxdZv4$_$15,-2.4000000953674316,-1.1799389123916626,0.39970144629478455,0.2638539671897888,0.336444616317749,-1.6128283739089966,-1.6349016427993774,-1.570908546447754,0.7871717214584351,0.7650984525680542,0.8290915489196777,0.33591708540916443,0.345314621925354,0.31876832246780396,text,audio,0,1.0,0.75,0.800000011920929
103,d3_k5Xpfmik$_$10,0.4000000059604645,-0.3176477551460266,0.3458714783191681,0.2931455075740814,0.3609830141067505,-0.42391011118888855,-0.44216200709342957,-0.38019007444381714,0.823910117149353,0.842162013053894,0.780190110206604,0.3296397626399994,0.32220423221588135,0.3481559455394745,vision,vision,1,0.9285714030265808,0.800000011920929,0.8311688303947449
415,pLTX3ipuDJI$_$15,-1.399999976158142,0.12438337504863739,0.28685227036476135,0.36252686381340027,0.3506208062171936,0.11068401485681534,-0.004188590683043003,0.034606851637363434,1.5106840133666992,1.3958114385604858,1.4346067905426025,0.30729737877845764,0.3547476530075073,0.33795493841171265,audio,audio,1,0.6800000071525574,0.7575757503509521,0.6666666865348816
621,yDtzw_Y-7RU$_$12,-0.6666666865348816,-0.4038240909576416,0.29576170444488525,0.2943495213985443,0.40988877415657043,-0.6805568337440491,-0.729344367980957,-0.638829231262207,0.01389014720916748,0.06267768144607544,0.02783745527267456,0.34204936027526855,0.3218129575252533,0.33613768219947815,vision,text,0,0.800000011920929,0.7551020383834839,0.8474576473236084
253,fvVhgmXxadc$_$7,-1.0,-0.4770743250846863,0.28730514645576477,0.28285813331604004,0.4298366904258728,-0.9483547806739807,-1.0588299036026,-0.9346247911453247,0.05164521932601929,0.0588299036026001,0.06537520885467529,0.33624258637428284,0.33323633670806885,0.3305210769176483,vision,text,0,0.807692289352417,0.7571428418159485,0.8947368264198303
421,pLTX3ipuDJI$_$5,-2.0,-0.0043231770396232605,0.2931213974952698,0.3297622799873352,0.37711629271507263,-0.08880581706762314,-0.21368539333343506,-0.1646970510482788,1.9111942052841187,1.786314606666565,1.8353029489517212,0.3059552013874054,0.35764408111572266,0.33640068769454956,vision,audio,0,0.800000011920929,0.8181818127632141,0.8101266026496887
357,lXPQBPVc5Cw$_$14,-2.200000047683716,-1.4503333568572998,0.314604252576828,0.32366031408309937,0.36173540353775024,-2.474250555038452,-2.5808205604553223,-2.454486131668091,0.27425050735473633,0.38082051277160645,0.254486083984375,0.34479284286499023,0.3017899692058563,0.35341721773147583,vision,vision,1,0.8181818127632141,0.7777777910232544,0.7599999904632568
387,nzpVDcQ0ywM$_$11,0.0,-0.47582608461380005,0.34948137402534485,0.2643929421901703,0.38612571358680725,-0.6266763210296631,-0.6331499218940735,-0.5985794067382812,0.6266763210296631,0.6331499218940735,0.5985794067382812,0.33028528094291687,0.3276233673095703,0.3420913517475128,vision,vision,1,0.9230769276618958,0.7352941036224365,0.8536585569381714
22,c7UH_rxdZv4$_$12,-2.799999952316284,-0.7753883004188538,0.28196439146995544,0.3355289697647095,0.38250672817230225,-1.2890923023223877,-1.3431237936019897,-1.2586278915405273,1.5109076499938965,1.4568761587142944,1.5413720607757568,0.3297601044178009,0.35280120372772217,0.3174387514591217,vision,audio,0,0.7142857313156128,0.7575757503509521,0.75
168,dq3Nf_lMPnE$_$15,1.0,1.9820008277893066,0.28360459208488464,0.32485872507095337,0.3915366530418396,2.311328887939453,2.3081183433532715,2.2511086463928223,1.3113288879394531,1.3081183433532715,1.2511086463928223,0.32444337010383606,0.3257479965686798,0.34980863332748413,vision,vision,1,0.7058823704719543,0.7288135886192322,0.75
335,lXPQBPVc5Cw$_$26,-2.799999952316284,-0.7011241316795349,0.36300864815711975,0.298319935798645,0.33867141604423523,-0.9641294479370117,-1.0069596767425537,-0.9424387216567993,1.8358705043792725,1.7930402755737305,1.8575612306594849,0.3302239775657654,0.3483852744102478,0.3213908076286316,text,audio,0,1.0,0.8571428656578064,0.8484848737716675
352,lXPQBPVc5Cw$_$11,-1.7999999523162842,-0.8282371759414673,0.3799734115600586,0.2382599413394928,0.3817666172981262,-1.0914442539215088,-1.0793217420578003,-1.0069063901901245,0.7085556983947754,0.7206782102584839,0.7930935621261597,0.3466587960720062,0.3414454758167267,0.3118956983089447,vision,text,0,1.0,0.7142857313156128,0.8888888955116272
413,pLTX3ipuDJI$_$13,-1.399999976158142,1.1898113489151,0.2660244107246399,0.3307119309902191,0.40326371788978577,1.4066113233566284,1.4110976457595825,1.39237642288208,2.8066112995147705,2.8110976219177246,2.7923765182495117,0.3319655954837799,0.330109179019928,0.3379252254962921,vision,vision,1,0.75,0.8125,0.8421052694320679
238,f_pcplsH_V0$_$4,0.5,0.2231360673904419,0.2765907347202301,0.3315022587776184,0.3919070065021515,0.26821601390838623,0.19147777557373047,0.2551151514053345,0.23178398609161377,0.30852222442626953,0.24488484859466553,0.34574660658836365,0.31412261724472046,0.3401307463645935,vision,text,0,0.75,0.800000011920929,0.8111110925674438
565,vyB00TXsimI$_$10,1.3333333730697632,1.551685094833374,0.3086063265800476,0.308202862739563,0.3831908106803894,1.8278687000274658,1.8396090269088745,1.808147668838501,0.49453532695770264,0.5062756538391113,0.4748142957687378,0.33218294382095337,0.32734358310699463,0.3404734432697296,vision,vision,1,0.8181818127632141,0.774193525314331,0.8108108043670654
592,wMbj6ajWbic$_$8,-0.20000000298023224,0.3364318609237671,0.3836669325828552,0.2772807478904724,0.33905231952667236,0.45705166459083557,0.4762115180492401,0.49815741181373596,0.657051682472229,0.6762115359306335,0.6981574296951294,0.34173426032066345,0.3336470425128937,0.32461869716644287,text,text,1,1.0,0.7916666865348816,0.8214285969734192
72,cW1FSBF59ik$_$18,2.5999999046325684,2.540863513946533,0.3061068654060364,0.28214868903160095,0.4117443561553955,2.961592674255371,2.9748940467834473,2.894118070602417,0.36159276962280273,0.3748941421508789,0.29411816596984863,0.3255724310874939,0.3202039897441864,0.3542235195636749,vision,vision,1,0.8181818127632141,0.7323943376541138,0.8488371968269348
237,f_pcplsH_V0$_$5,1.2000000476837158,1.4691582918167114,0.2989061176776886,0.3155444860458374,0.3855493664741516,1.7107592821121216,1.7460180521011353,1.7649116516113281,0.5107592344284058,0.5460180044174194,0.5649116039276123,0.34584924578666687,0.3309375047683716,0.32321327924728394,vision,text,0,0.8421052694320679,0.8172042965888977,0.8482142686843872
570,vyB00TXsimI$_$17,1.399999976158142,0.6033950448036194,0.23276114463806152,0.3191983997821808,0.4480404257774353,0.751457929611206,0.7558879256248474,0.7988088130950928,0.648542046546936,0.6441120505332947,0.6011911630630493,0.326101690530777,0.32791247963905334,0.34598588943481445,vision,vision,1,0.6315789222717285,0.7446808218955994,0.8421052694320679
554,vyB00TXsimI$_$22,0.6000000238418579,1.0980726480484009,0.3470059037208557,0.3054584562778473,0.3475356698036194,1.291398048400879,1.2760282754898071,1.3146165609359741,0.691398024559021,0.6760282516479492,0.7146165370941162,0.33435961604118347,0.3408454954624176,0.3247948884963989,vision,audio,0,0.9166666865348816,0.807692289352417,0.8064516186714172
90,cXypl4FnoZo$_$9,1.2000000476837158,1.735800862312317,0.307169109582901,0.3304091691970825,0.36242175102233887,2.010866403579712,2.00085186958313,1.9614009857177734,0.8108663558959961,0.8008518218994141,0.7614009380340576,0.32505732774734497,0.32915201783180237,0.3457905948162079,vision,vision,1,0.8421052694320679,0.8367347121238708,0.8103448152542114
309,k5Y_838nuGo$_$23,-0.20000000298023224,1.5909591913223267,0.28598085045814514,0.43408605456352234,0.27993306517601013,1.8920518159866333,1.8581234216690063,1.9186941385269165,2.0920517444610596,2.0581233501434326,2.1186940670013428,0.3321632742881775,0.34655341506004333,0.32128340005874634,audio,audio,1,0.8333333134651184,1.0,0.7142857313156128
128,d6hH302o4v8$_$21,-2.4000000953674316,-1.2766884565353394,0.29368701577186584,0.3287714421749115,0.37754157185554504,-2.0625526905059814,-2.1129016876220703,-2.0486814975738525,0.3374474048614502,0.28709840774536133,0.3513185977935791,0.3281088173389435,0.3494223952293396,0.3224687874317169,vision,audio,0,0.8181818127632141,0.8275862336158752,0.8235294222831726
74,cXypl4FnoZo$_$25,-1.2000000476837158,0.44876885414123535,0.307817667722702,0.3128388226032257,0.3793434798717499,0.48136699199676514,0.478716105222702,0.5269348621368408,1.681367039680481,1.6787161827087402,1.7269349098205566,0.3392186760902405,0.34034454822540283,0.3204367756843567,vision,audio,0,0.8095238208770752,0.7755101919174194,0.7966101765632629
87,cXypl4FnoZo$_$4,-0.800000011920929,-0.5793671607971191,0.30634260177612305,0.311642050743103,0.3820154070854187,-1.0211105346679688,-1.1342116594314575,-1.0463151931762695,0.2211105227470398,0.33421164751052856,0.24631518125534058,0.3524666428565979,0.305998295545578,0.3415350019931793,vision,text,0,0.875,0.8450704216957092,0.8705882430076599
210,f9O3YtZ2VfI$_$2,1.25,2.194514274597168,0.2559136748313904,0.3864905536174774,0.3575958013534546,2.4963438510894775,2.5524864196777344,2.439091444015503,1.2463438510894775,1.3024864196777344,1.189091444015503,0.3326219618320465,0.3100793957710266,0.35729867219924927,audio,vision,0,0.7142857313156128,0.8846153616905212,0.774193525314331
334,lXPQBPVc5Cw$_$25,-2.4000000953674316,-0.6194236278533936,0.34078630805015564,0.2766226530075073,0.38259103894233704,-1.0624358654022217,-1.1808372735977173,-1.061718225479126,1.33756422996521,1.2191628217697144,1.3382818698883057,0.31659412384033203,0.36709561944007874,0.31631025671958923,vision,audio,0,0.9130434989929199,0.7627118825912476,0.8536585569381714
375,nzpVDcQ0ywM$_$21,-1.399999976158142,-0.8478076457977295,0.3396531343460083,0.3529874384403229,0.3073594272136688,-1.357373833656311,-1.4453023672103882,-1.320594310760498,0.042626142501831055,0.045302391052246094,0.07940566539764404,0.33878472447395325,0.3376533091068268,0.3235619366168976,audio,text,0,0.9333333373069763,0.9038461446762085,0.761904776096344
89,cXypl4FnoZo$_$6,-0.6000000238418579,0.5022815465927124,0.2991639971733093,0.3628057837486267,0.33803021907806396,0.5532131195068359,0.5506668090820312,0.5835537910461426,1.1532131433486938,1.1506668329238892,1.1835538148880005,0.33715757727622986,0.3382324278354645,0.32460999488830566,audio,audio,1,0.7894737124443054,0.843137264251709,0.7333333492279053
426,pLTX3ipuDJI$_$8,-2.0,-0.9921079277992249,0.2841421961784363,0.35113298892974854,0.36472487449645996,-1.6305986642837524,-1.7120062112808228,-1.6407192945480347,0.36940133571624756,0.28799378871917725,0.35928070545196533,0.32052838802337646,0.3548625111579895,0.32460910081863403,vision,audio,0,0.7777777910232544,0.8387096524238586,0.7837837934494019
498,tStelxIAHjw$_$5,-2.200000047683716,-0.5980604290962219,0.24894596636295319,0.3791050612926483,0.3719489574432373,-0.9147054553031921,-0.9249688386917114,-0.8743141889572144,1.285294532775879,1.2750312089920044,1.3256858587265015,0.337418794631958,0.341775506734848,0.32080572843551636,audio,audio,1,0.7142857313156128,0.8799999952316284,0.800000011920929
671,zhpQhgha_KU$_$10,0.6000000238418579,2.1256825923919678,0.2786618769168854,0.30646687746047974,0.4148712456226349,2.5074427127838135,2.494338035583496,2.444840669631958,1.9074426889419556,1.8943380117416382,1.8448406457901,0.32279810309410095,0.3281293511390686,0.34907248616218567,vision,vision,1,0.7647058963775635,0.7722772359848022,0.8518518805503845
133,d6hH302o4v8$_$40,-1.0,-1.298087239265442,0.3940686285495758,0.42498815059661865,0.18094322085380554,-1.4447029829025269,-1.4278370141983032,-1.407407522201538,0.44470298290252686,0.4278370141983032,0.4074075222015381,0.3258359432220459,0.33277827501296997,0.3413858711719513,audio,vision,0,1.0,1.0,0.5
528,v0zCBqDeKcE$_$15,2.4000000953674316,1.8981853723526,0.3366672396659851,0.2806031405925751,0.38272956013679504,2.2394282817840576,2.245171546936035,2.209890604019165,0.16057181358337402,0.15482854843139648,0.1901094913482666,0.3365919589996338,0.3390170931816101,0.3243909478187561,vision,audio,0,1.0,0.8636363744735718,0.949999988079071
510,tmZoasNr4rU$_$17,-1.399999976158142,-0.1394195258617401,0.33804094791412354,0.29405564069747925,0.3679034411907196,-0.33868563175201416,-0.43333694338798523,-0.31906822323799133,1.061314344406128,0.9666630029678345,1.0809317827224731,0.32243773341178894,0.3629351556301117,0.31462711095809937,vision,audio,0,0.8846153616905212,0.7752808928489685,0.8125
44,cM3Yna7AavY$_$4,0.6000000238418579,0.5914110541343689,0.250577837228775,0.3325766623020172,0.41684550046920776,0.6009324193000793,0.6043274998664856,0.6858978867530823,0.0009323954582214355,0.0043274760246276855,0.08589786291122437,0.3454227149486542,0.34395986795425415,0.31061744689941406,vision,text,0,0.75,0.8314606547355652,0.875
254,fvVhgmXxadc$_$6,-0.20000000298023224,-0.4783170819282532,0.3345341980457306,0.2715621292591095,0.3939037024974823,-0.7883812785148621,-0.8845250010490417,-0.7716773748397827,0.588381290435791,0.6845250129699707,0.5716773867607117,0.34389546513557434,0.30495312809944153,0.3511514365673065,vision,vision,1,0.8799999952316284,0.7333333492279053,0.8472222089767456
561,vyB00TXsimI$_$6,2.0,1.6827188730239868,0.3235372304916382,0.32599836587905884,0.3504643440246582,1.9339145421981812,1.9210147857666016,1.890873908996582,0.06608545780181885,0.07898521423339844,0.10912609100341797,0.34110769629478455,0.3356515169143677,0.3232407569885254,vision,text,0,0.8260869383811951,0.7894737124443054,0.75
115,d3_k5Xpfmik$_$5,2.200000047683716,2.3301620483398438,0.1895965039730072,0.4197394549846649,0.3906640112400055,2.8056535720825195,2.845658302307129,2.813471794128418,0.6056535243988037,0.6456582546234131,0.6134717464447021,0.33996278047561646,0.3233806788921356,0.3366565704345703,audio,text,0,0.5384615659713745,0.8787878751754761,0.7749999761581421
679,zhpQhgha_KU$_$18,0.6000000238418579,1.5529264211654663,0.4071755111217499,0.2781720757484436,0.3146524429321289,1.8391302824020386,1.8696247339248657,1.8454499244689941,1.2391302585601807,1.2696247100830078,1.2454499006271362,0.33844032883644104,0.3257824182510376,0.33577731251716614,text,text,1,1.0,0.7647058963775635,0.7560975551605225
555,vyB00TXsimI$_$1,0.0,1.0160101652145386,0.3445071578025818,0.2949492633342743,0.36054354906082153,1.1719404458999634,1.1520910263061523,1.1678634881973267,1.1719404458999634,1.1520910263061523,1.1678634881973267,0.33000779151916504,0.3382982909679413,0.3316938877105713,vision,audio,0,0.8999999761581421,0.7777777910232544,0.8125
257,iiK8YX8oH1E$_$11,1.0,0.11384956538677216,0.32460227608680725,0.28073740005493164,0.3946603238582611,0.10919617861509323,-0.011176549829542637,0.015762753784656525,0.8908038139343262,1.011176586151123,0.9842372536659241,0.363626092672348,0.3128300905227661,0.3235437870025635,vision,text,0,0.8461538553237915,0.7341772317886353,0.8297872543334961
615,yDtzw_Y-7RU$_$6,-1.2000000476837158,0.3501620888710022,0.3177010416984558,0.3237273097038269,0.3585716485977173,0.37090563774108887,0.26878392696380615,0.3383699059486389,1.5709056854248047,1.468783974647522,1.53836989402771,0.31469637155532837,0.3575447201728821,0.3277588486671448,vision,audio,0,0.8163265585899353,0.7899159789085388,0.7692307829856873
385,nzpVDcQ0ywM$_$9,-2.200000047683716,-0.29154813289642334,0.359990656375885,0.2977505922317505,0.3422587215900421,-0.45184314250946045,-0.5361472368240356,-0.45239943265914917,1.7481569051742554,1.6638528108596802,1.7476005554199219,0.3213544487953186,0.3570675551891327,0.3215779662132263,text,audio,0,0.9200000166893005,0.7857142686843872,0.7777777910232544
354,lXPQBPVc5Cw$_$13,2.799999952316284,0.9726454615592957,0.22899873554706573,0.32765522599220276,0.4433460831642151,1.2543023824691772,1.3094035387039185,1.348457932472229,1.545697569847107,1.4905964136123657,1.4515420198440552,0.31287112832069397,0.33518004417419434,0.3519488275051117,vision,vision,1,0.625,0.75,0.8333333134651184
377,nzpVDcQ0ywM$_$23,2.0,1.371379017829895,0.25801149010658264,0.3757931590080261,0.3661953806877136,1.6452863216400146,1.6022391319274902,1.6748408079147339,0.35471367835998535,0.39776086807250977,0.3251591920852661,0.33498066663742065,0.3174320459365845,0.34758731722831726,audio,vision,0,0.75,0.8947368264198303,0.8181818127632141
16,c7UH_rxdZv4$_$6,-2.5999999046325684,-0.6596177816390991,0.33369317650794983,0.3011789619922638,0.3651278614997864,-1.0393403768539429,-1.1448394060134888,-1.0614851713180542,1.5606595277786255,1.4551604986190796,1.5385147333145142,0.3155537545681,0.36003556847572327,0.32441064715385437,vision,audio,0,0.8399999737739563,0.75,0.7699999809265137
372,nbWiPyCm4g0$_$8,-2.200000047683716,-0.8142120838165283,0.27160972356796265,0.32669445872306824,0.4016958177089691,-1.6676527261734009,-1.8023864030838013,-1.6203463077545166,0.5323473215103149,0.39761364459991455,0.5796537399291992,0.31989648938179016,0.37857508659362793,0.3015284240245819,vision,audio,0,0.761904776096344,0.7894737124443054,0.8260869383811951
425,pLTX3ipuDJI$_$9,0.0,-0.521135151386261,0.3501899540424347,0.3187454044818878,0.3310646116733551,-0.7807800769805908,-0.8821470737457275,-0.8042300343513489,0.7807800769805908,0.8821470737457275,0.8042300343513489,0.3506184220314026,0.3088914453983307,0.3404901325702667,text,text,1,0.875,0.7878788113594055,0.7307692170143127
412,pLTX3ipuDJI$_$10,-1.600000023841858,-0.5582587718963623,0.2882842719554901,0.3412674069404602,0.3704483211040497,-0.9135292768478394,-1.0100222826004028,-0.9398946762084961,0.6864707469940186,0.5899777412414551,0.6601053476333618,0.31628578901290894,0.35683104395866394,0.3268831968307495,vision,audio,0,0.8260869383811951,0.868852436542511,0.835616409778595
597,wMbj6ajWbic$_$15,2.0,-0.19203023612499237,0.2944296896457672,0.3069906234741211,0.39857974648475647,-0.3108970522880554,-0.32939469814300537,-0.2765427529811859,2.3108971118927,2.329394817352295,2.2765426635742188,0.33101385831832886,0.32344791293144226,0.3455382287502289,vision,vision,1,0.7647058963775635,0.739130437374115,0.800000011920929
348,lXPQBPVc5Cw$_$7,-2.799999952316284,-0.8475042581558228,0.279100239276886,0.3509780466556549,0.3699217140674591,-1.4529443979263306,-1.5677589178085327,-1.4865323305130005,1.3470555543899536,1.2322410345077515,1.3134676218032837,0.3127730190753937,0.3610426187515259,0.32618433237075806,vision,audio,0,0.7666666507720947,0.841269850730896,0.7922077775001526
563,vyB00TXsimI$_$8,2.5999999046325684,1.3683819770812988,0.27507802844047546,0.3182198107242584,0.4067021608352661,1.6396609544754028,1.6507264375686646,1.6305599212646484,0.9603389501571655,0.9492734670639038,0.9694399833679199,0.3330428898334503,0.33768150210380554,0.32927557826042175,vision,audio,0,0.75,0.7799999713897705,0.8305084705352783
130,d6hH302o4v8$_$23,-2.5999999046325684,-1.1494394540786743,0.33937835693359375,0.34848079085350037,0.3121408522129059,-1.821354866027832,-1.8981446027755737,-1.7903428077697754,0.7786450386047363,0.7018553018569946,0.809657096862793,0.32650697231292725,0.3594009280204773,0.31409209966659546,audio,audio,1,0.8888888955116272,0.8529411554336548,0.7250000238418579
432,phBUpBr1hSo$_$14,-1.2000000476837158,-0.284457802772522,0.3835550844669342,0.29697385430336,0.3194710612297058,-0.32413095235824585,-0.3387298285961151,-0.28352946043014526,0.87586909532547,0.8612701892852783,0.9164705872535706,0.33682161569595337,0.3430245518684387,0.3201538622379303,text,audio,0,1.0,0.824999988079071,0.7916666865348816
175,dq3Nf_lMPnE$_$7,-2.0,-0.9890298247337341,0.3201558291912079,0.3489552438259125,0.330888956785202,-1.4942439794540405,-1.5304747819900513,-1.4701660871505737,0.5057560205459595,0.46952521800994873,0.5298339128494263,0.331490159034729,0.3468479812145233,0.3216618299484253,audio,audio,1,0.8571428656578064,0.8536585569381714,0.7551020383834839
633,yvsjCA6Y5Fc$_$3,-2.0,-0.4694567322731018,0.26296597719192505,0.33150625228881836,0.4055277705192566,-0.8784394264221191,-0.9212648868560791,-0.8216469287872314,1.1215605735778809,1.078735113143921,1.1783530712127686,0.3348444402217865,0.35325777530670166,0.31189781427383423,vision,audio,0,0.7692307829856873,0.8367347121238708,0.8644067645072937
458,rnaNMUZpvvg$_$9,-1.399999976158142,-0.23572324216365814,0.2610000669956207,0.3327934443950653,0.4062064290046692,-0.49049097299575806,-0.5475581884384155,-0.439954936504364,0.909509003162384,0.8524417877197266,0.9600450396537781,0.33192554116249084,0.3564680814743042,0.3116063177585602,vision,audio,0,0.75,0.8275862336158752,0.8550724387168884
57,cW1FSBF59ik$_$5,2.0,1.7687822580337524,0.2649027705192566,0.39670830965042114,0.33838894963264465,2.0291035175323486,2.10975980758667,2.029627799987793,0.029103517532348633,0.10975980758666992,0.02962779998779297,0.344419002532959,0.31138765811920166,0.34419333934783936,audio,text,0,0.8333333134651184,1.0,0.8461538553237915
155,d6hH302o4v8$_$18,-2.0,-0.9280909895896912,0.35793057084083557,0.2937408983707428,0.3483285903930664,-1.5064127445220947,-1.5976773500442505,-1.463283896446228,0.4935872554779053,0.4023226499557495,0.536716103553772,0.3259071111679077,0.3652906119823456,0.30880236625671387,text,audio,0,0.9090909361839294,0.7586206793785095,0.7714285850524902
174,dq3Nf_lMPnE$_$4,-0.4000000059604645,1.6747890710830688,0.321626752614975,0.30660736560821533,0.3717659115791321,1.8900651931762695,1.8594104051589966,1.8196238279342651,2.290065288543701,2.2594103813171387,2.2196238040924072,0.3193758726119995,0.33185142278671265,0.34877273440361023,vision,vision,1,0.8888888955116272,0.8214285969734192,0.843137264251709
156,d6hH302o4v8$_$31,-1.399999976158142,-0.7313439249992371,0.28518375754356384,0.35804492235183716,0.3567713499069214,-1.3191945552825928,-1.3983154296875,-1.2720330953598022,0.08080542087554932,0.0016845464706420898,0.12796688079833984,0.32822296023368835,0.36234405636787415,0.3094329237937927,audio,audio,1,0.8235294222831726,0.8863636255264282,0.8113207817077637
124,d6hH302o4v8$_$25,-1.600000023841858,-0.9939425587654114,0.37193265557289124,0.25913211703300476,0.368935227394104,-1.5415281057357788,-1.6009873151779175,-1.488951325416565,0.0584719181060791,0.0009872913360595703,0.11104869842529297,0.3321274220943451,0.3568710684776306,0.3110015392303467,text,audio,0,1.0,0.7692307829856873,0.875
402,ob23OKe5a9Q$_$1,1.2000000476837158,2.241851329803467,0.38280388712882996,0.3168210983276367,0.3003750145435333,2.633495569229126,2.6566619873046875,2.5938732624053955,1.4334955215454102,1.4566619396209717,1.3938732147216797,0.330881267786026,0.3214370310306549,0.3476817309856415,text,vision,0,1.0,0.8620689511299133,0.7647058963775635
612,yDtzw_Y-7RU$_$5,0.5,-0.8415665626525879,0.35183101892471313,0.32797327637672424,0.32019567489624023,-1.3471155166625977,-1.45045006275177,-1.3204134702682495,1.8471155166625977,1.95045006275177,1.8204134702682495,0.34331613779067993,0.301715224981308,0.3549686074256897,text,vision,0,0.8947368264198303,0.8153846263885498,0.7307692170143127
508,tmZoasNr4rU$_$15,0.25,-0.40551310777664185,0.2671777009963989,0.3571922481060028,0.3756300210952759,-0.6679185032844543,-0.6942543983459473,-0.6248130202293396,0.9179185032844543,0.9442543983459473,0.8748130202293396,0.3307998478412628,0.3200872242450714,0.3491128981113434,vision,vision,1,0.6666666865348816,0.7692307829856873,0.71875
560,vyB00TXsimI$_$7,2.4000000953674316,2.6113877296447754,0.2861924469470978,0.34763747453689575,0.36617007851600647,3.085904836654663,3.0801262855529785,2.9989094734191895,0.6859047412872314,0.6801261901855469,0.5989093780517578,0.3202945291996002,0.32261645793914795,0.3570890426635742,vision,vision,1,0.8125,0.8648648858070374,0.8222222328186035
259,iiK8YX8oH1E$_$13,-2.0,-0.4146181344985962,0.21827149391174316,0.3309796452522278,0.45074883103370667,-0.5309633612632751,-0.4802675247192383,-0.47846847772598267,1.46903657913208,1.5197324752807617,1.521531581878662,0.3478158712387085,0.3264586925506592,0.32572537660598755,vision,text,0,0.6363636255264282,0.800000011920929,0.8888888955116272
550,vvZ4IcEtiZc$_$9,2.200000047683716,1.694248080253601,0.31767505407333374,0.34277790784835815,0.3395470082759857,1.9173904657363892,1.8936705589294434,1.902378797531128,0.28260958194732666,0.30632948875427246,0.2976212501525879,0.33873093128204346,0.32883501052856445,0.3324340283870697,audio,text,0,0.84375,0.8279569745063782,0.7477477192878723
304,k5Y_838nuGo$_$26,2.0,1.867465615272522,0.26673775911331177,0.3011605739593506,0.43210160732269287,2.2883193492889404,2.339773416519165,2.300111770629883,0.28831934928894043,0.33977341651916504,0.3001117706298828,0.34210553765296936,0.3207947909832001,0.33709970116615295,vision,text,0,0.8333333134651184,0.8500000238418579,0.9583333134651184
294,jUzDDGyPkXU$_$13,-0.6000000238418579,0.5253158211708069,0.23440124094486237,0.36505740880966187,0.4005413055419922,0.6279774904251099,0.6314298510551453,0.6564816832542419,1.2279775142669678,1.2314298152923584,1.256481647491455,0.33775898814201355,0.33630457520484924,0.3259364366531372,vision,text,0,0.6666666865348816,0.843137264251709,0.8196721076965332
382,nzpVDcQ0ywM$_$4,-1.600000023841858,0.1522127240896225,0.2729603350162506,0.32932472229003906,0.39771488308906555,0.13727523386478424,0.025840681046247482,0.08773171901702881,1.737275242805481,1.625840663909912,1.6877317428588867,0.31120190024375916,0.3577144742012024,0.3310836851596832,vision,audio,0,0.7666666507720947,0.8194444179534912,0.8372092843055725
574,wMbj6ajWbic$_$24,1.399999976158142,1.401400089263916,0.3319213390350342,0.2461734563112259,0.42190515995025635,1.6858564615249634,1.7065976858139038,1.679932951927185,0.2858564853668213,0.3065977096557617,0.27993297576904297,0.33536356687545776,0.32678043842315674,0.3378559350967407,vision,vision,1,0.8999999761581421,0.7058823704719543,0.9047619104385376
502,tStelxIAHjw$_$9,-1.399999976158142,-0.24578137695789337,0.15298256278038025,0.5109509229660034,0.3360665440559387,-0.392845094203949,-0.37496519088745117,-0.33509349822998047,1.007154941558838,1.025034785270691,1.0649064779281616,0.3438490927219391,0.33624932169914246,0.31990158557891846,audio,text,0,0.4444444477558136,1.0,0.7222222089767456
419,pLTX3ipuDJI$_$3,-1.2000000476837158,-0.5715828537940979,0.2535158097743988,0.38963574171066284,0.35684844851493835,-0.9831935167312622,-1.0507221221923828,-0.9738093614578247,0.2168065309524536,0.149277925491333,0.2261906862258911,0.32505378127098083,0.35368314385414124,0.3212631344795227,audio,audio,1,0.695652186870575,0.8679245114326477,0.75
512,tmZoasNr4rU$_$19,0.20000000298023224,0.023919925093650818,0.3626541495323181,0.2952762544155121,0.3420695960521698,-0.07377052307128906,-0.1383884996175766,0.05651792883872986,0.2737705111503601,0.33838850259780884,0.14348207414150238,0.32265597581863403,0.2976190149784088,0.37972497940063477,text,vision,0,1.0,0.835616409778595,0.8390804529190063
388,nzpVDcQ0ywM$_$10,-1.0,0.1745174676179886,0.3377728760242462,0.3261006772518158,0.336126446723938,0.21632933616638184,0.07988385856151581,0.14572599530220032,1.2163293361663818,1.0798838138580322,1.145725965499878,0.305042564868927,0.3617698550224304,0.3331875503063202,text,audio,0,0.8999999761581421,0.8444444537162781,0.7870370149612427
11,c7UH_rxdZv4$_$3,-0.800000011920929,-0.06841975450515747,0.29085060954093933,0.35085734724998474,0.3582920730113983,-0.023431431502103806,0.040269166231155396,-0.03285510092973709,0.776568591594696,0.8402692079544067,0.7671449184417725,0.340679407119751,0.3146044611930847,0.3447161912918091,vision,vision,1,0.8571428656578064,0.9090909361839294,0.8461538553237915
213,f9O3YtZ2VfI$_$7,-1.2000000476837158,-0.10041265189647675,0.31680774688720703,0.3399308919906616,0.3432614207267761,-0.050342630594968796,-0.05960356444120407,-0.02142908424139023,1.1496573686599731,1.1403964757919312,1.1785709857940674,0.33600494265556335,0.3399171531200409,0.32407787442207336,vision,audio,0,0.9090909361839294,0.8999999761581421,0.8333333134651184
604,yDtzw_Y-7RU$_$24,-0.800000011920929,-0.1314370334148407,0.2639893591403961,0.3102652132511139,0.4257453978061676,-0.3603699207305908,-0.39892107248306274,-0.2953634560108185,0.43963009119033813,0.4010789394378662,0.5046365261077881,0.336550235748291,0.3531653583049774,0.31028443574905396,vision,audio,0,0.7777777910232544,0.8125,0.8999999761581421
646,yvsjCA6Y5Fc$_$14,-1.0,-0.8390686511993408,0.3562503159046173,0.29442623257637024,0.3493233919143677,-1.2808396816253662,-1.3516554832458496,-1.2566795349121094,0.2808396816253662,0.3516554832458496,0.2566795349121094,0.33944958448410034,0.31069308519363403,0.349857360124588,text,vision,0,0.9230769276618958,0.7837837934494019,0.7954545617103577
246,fvVhgmXxadc$_$12,0.0,1.2654163837432861,0.2652236223220825,0.35318517684936523,0.38159120082855225,1.5098928213119507,1.5199686288833618,1.5194969177246094,1.5098928213119507,1.5199686288833618,1.5194969177246094,0.3360722064971924,0.3318660259246826,0.332061767578125,vision,text,0,0.761904776096344,0.8636363744735718,0.8301886916160583
370,nbWiPyCm4g0$_$6,0.0,0.2214665710926056,0.24690043926239014,0.31458550691604614,0.4385140836238861,0.09622279554605484,0.11748316884040833,0.25842902064323425,0.09622279554605484,0.11748316884040833,0.25842902064323425,0.35839077830314636,0.3489918112754822,0.29261744022369385,vision,text,0,0.75,0.8055555820465088,0.9069767594337463
433,phBUpBr1hSo$_$17,2.0,1.8835362195968628,0.2758136987686157,0.3649364411830902,0.35924988985061646,2.2556445598602295,2.258157253265381,2.23874831199646,0.2556445598602295,0.25815725326538086,0.23874831199645996,0.3313223123550415,0.33028334379196167,0.3383943736553192,audio,vision,0,0.800000011920929,0.8970588445663452,0.8148148059844971
571,vyB00TXsimI$_$16,0.4000000059604645,1.9423435926437378,0.31406402587890625,0.367312490940094,0.31862351298332214,2.23349928855896,2.221883535385132,2.2284610271453857,1.8334993124008179,1.8218835592269897,1.8284610509872437,0.3310224115848541,0.33586385846138,0.33311375975608826,audio,audio,1,0.8181818127632141,0.8510638475418091,0.7079645991325378
40,cM3Yna7AavY$_$1,2.200000047683716,-0.28839826583862305,0.3525138199329376,0.3089430630207062,0.3385431468486786,-0.4228975772857666,-0.4794777035713196,-0.41021406650543213,2.6228976249694824,2.6794776916503906,2.6102142333984375,0.33924776315689087,0.3160831928253174,0.34466907382011414,text,vision,0,0.8999999761581421,0.7900000214576721,0.75789475440979
369,nbWiPyCm4g0$_$7,-1.2000000476837158,-0.6301629543304443,0.347445547580719,0.30152347683906555,0.35103094577789307,-1.0426605939865112,-1.1144739389419556,-0.971711277961731,0.1573394536972046,0.08552610874176025,0.22828876972198486,0.3323306739330292,0.3635428249835968,0.304126501083374,vision,audio,0,0.9090909361839294,0.78125,0.7894737124443054
234,f_pcplsH_V0$_$1,0.25,0.6006568074226379,0.335538387298584,0.32628411054611206,0.33817750215530396,0.7261602282524109,0.768274188041687,0.8096794486045837,0.4761602282524109,0.518274188041687,0.5596794486045837,0.35092830657958984,0.33293241262435913,0.316139280796051,vision,text,0,0.875,0.8125,0.7631579041481018
404,ob23OKe5a9Q$_$2,1.0,0.9693912863731384,0.2300955355167389,0.40757712721824646,0.36232733726501465,1.212006688117981,1.2705010175704956,1.2766273021697998,0.21200668811798096,0.2705010175704956,0.2766273021697998,0.35064446926116943,0.3259209096431732,0.32343459129333496,audio,text,0,0.5714285969734192,0.8125,0.6842105388641357
191,etzxEpPuc6I$_$2,1.2000000476837158,1.386252760887146,0.2804913818836212,0.3942525386810303,0.3252561092376709,1.5718048810958862,1.5637606382369995,1.536810278892517,0.3718048334121704,0.3637605905532837,0.33681023120880127,0.32735154032707214,0.33065974712371826,0.3419887125492096,audio,vision,0,0.7894737124443054,0.9130434989929199,0.7454545497894287
180,etzxEpPuc6I$_$10,-1.399999976158142,0.3237592577934265,0.22222056984901428,0.3336850106716156,0.44409438967704773,0.40784698724746704,0.4211433231830597,0.431185781955719,1.807847023010254,1.8211432695388794,1.8311858177185059,0.3384363651275635,0.33285799622535706,0.32870566844940186,vision,text,0,0.6666666865348816,0.824999988079071,0.8936170339584351
111,d3_k5Xpfmik$_$18,0.800000011920929,0.799076497554779,0.3041232228279114,0.29147064685821533,0.4044060707092285,0.8985437750816345,0.8384852409362793,0.909348726272583,0.09854376316070557,0.03848522901535034,0.10934871435165405,0.32631245255470276,0.35175275802612305,0.3219348192214966,vision,audio,0,0.7142857313156128,0.6486486196517944,0.75
27,c7UH_rxdZv4$_$19,-1.7999999523162842,-0.3130500912666321,0.2526012063026428,0.37562790513038635,0.3717708885669708,-0.5758635997772217,-0.6191043853759766,-0.5279903411865234,1.2241363525390625,1.1808955669403076,1.2720096111297607,0.3336166441440582,0.3521452248096466,0.31423813104629517,audio,audio,1,0.6666666865348816,0.8222222328186035,0.7407407164573669
593,wMbj6ajWbic$_$11,0.4000000059604645,0.3040226697921753,0.2864784598350525,0.3142860233783722,0.3992355167865753,0.31444352865219116,0.2794153392314911,0.31660136580467224,0.08555647730827332,0.12058466672897339,0.08339864015579224,0.3378537595272064,0.32337990403175354,0.33876630663871765,vision,vision,1,0.8235294222831726,0.8205128312110901,0.8723404407501221
545,vvZ4IcEtiZc$_$2,2.4000000953674316,2.3704819679260254,0.3931000828742981,0.27081653475761414,0.33608338236808777,2.7483768463134766,2.756936550140381,2.7220025062561035,0.3483767509460449,0.3569364547729492,0.3220024108886719,0.33081090450286865,0.32729023694992065,0.3418988585472107,text,vision,0,1.0,0.7647058963775635,0.800000011920929
616,yDtzw_Y-7RU$_$9,-1.0,0.4747893214225769,0.23200677335262299,0.3204476833343506,0.44754546880722046,0.47213971614837646,0.4765682518482208,0.566996157169342,1.4721397161483765,1.4765682220458984,1.5669960975646973,0.3469007611274719,0.3449857532978058,0.3081135153770447,vision,text,0,0.65625,0.7647058963775635,0.8644067645072937
532,v0zCBqDeKcE$_$3,0.6000000238418579,-0.4365936517715454,0.35306787490844727,0.2752062976360321,0.371725857257843,-0.6371342539787292,-0.6797913312911987,-0.5926663875579834,1.2371342182159424,1.2797913551330566,1.1926664113998413,0.3327528238296509,0.31547465920448303,0.3517724573612213,vision,vision,1,0.9285714030265808,0.7599999904632568,0.8333333134651184
641,yvsjCA6Y5Fc$_$11,2.0,1.18697988986969,0.298649400472641,0.3149350881576538,0.3864155113697052,1.3179547786712646,1.2886016368865967,1.2898818254470825,0.6820452213287354,0.7113983631134033,0.7101181745529175,0.3413562476634979,0.3290584087371826,0.32958540320396423,vision,text,0,0.8235294222831726,0.8048780560493469,0.8367347121238708
196,etzxEpPuc6I$_$9,-2.799999952316284,-0.8910003900527954,0.32013002038002014,0.29827359318733215,0.3815963864326477,-1.4270249605178833,-1.517412543296814,-1.4535712003707886,1.3729749917984009,1.2825874090194702,1.3464287519454956,0.3171226382255554,0.35505518317222595,0.327822208404541,vision,audio,0,0.8571428656578064,0.7777777910232544,0.8266666531562805
291,jUzDDGyPkXU$_$8,1.7999999523162842,2.3809399604797363,0.33178451657295227,0.3370634913444519,0.33115196228027344,2.8151462078094482,2.839702606201172,2.76625657081604,1.015146255493164,1.0397026538848877,0.9662566184997559,0.32972952723503113,0.31976211071014404,0.3505084216594696,audio,vision,0,0.9090909361839294,0.875,0.7931034564971924
12,c7UH_rxdZv4$_$2,-2.5999999046325684,-0.837804913520813,0.30538371205329895,0.33861875534057617,0.3559975326061249,-1.2019797563552856,-1.2378158569335938,-1.165384292602539,1.3980201482772827,1.3621840476989746,1.4346156120300293,0.33321115374565125,0.34847673773765564,0.31831201910972595,vision,audio,0,0.800000011920929,0.8095238208770752,0.7599999904632568
187,etzxEpPuc6I$_$19,-0.5,-0.5707181096076965,0.28023040294647217,0.30371010303497314,0.4160594940185547,-0.9902962446212769,-1.100835919380188,-1.0229604244232178,0.49029624462127686,0.600835919380188,0.5229604244232178,0.3532397449016571,0.3076529800891876,0.33910733461380005,vision,text,0,0.7599999904632568,0.7602339386940002,0.843137264251709
312,k5Y_838nuGo$_$1,-1.600000023841858,-0.15198780596256256,0.30142226815223694,0.325435996055603,0.3731417655944824,-0.13569602370262146,-0.08372963219881058,-0.08487240225076675,1.464303970336914,1.516270399093628,1.5151276588439941,0.3477591574192047,0.3258874714374542,0.3263533115386963,vision,text,0,0.7777777910232544,0.7777777910232544,0.7727272510528564
231,f_pcplsH_V0$_$12,-0.800000011920929,0.6937426924705505,0.2824274003505707,0.34068751335144043,0.3768850564956665,0.6535859107971191,0.630110502243042,0.7007273435592651,1.4535858631134033,1.4301104545593262,1.5007274150848389,0.3364109694957733,0.3464289903640747,0.31716006994247437,vision,audio,0,0.7400000095367432,0.7841945290565491,0.7670885920524597
197,etzxEpPuc6I$_$8,-1.0,-0.709260880947113,0.2660655379295349,0.307987242937088,0.4259472191333771,-1.1103191375732422,-1.1516435146331787,-1.120370626449585,0.11031913757324219,0.1516435146331787,0.12037062644958496,0.3404637277126312,0.32332342863082886,0.33621278405189514,vision,text,0,0.7666666507720947,0.7906976938247681,0.8846153616905212
178,dq3Nf_lMPnE$_$8,0.6000000238418579,3.0240392684936523,0.32587578892707825,0.34993019700050354,0.3241940140724182,3.481058359146118,3.460911512374878,3.3512156009674072,2.8810582160949707,2.8609113693237305,2.7512154579162598,0.3123320937156677,0.32029756903648376,0.3673703670501709,audio,vision,0,0.8500000238418579,0.8409090638160706,0.7307692170143127
282,jUzDDGyPkXU$_$23,1.2000000476837158,1.1471487283706665,0.3274484872817993,0.34818243980407715,0.32436907291412354,1.3635302782058716,1.3739449977874756,1.3686027526855469,0.16353023052215576,0.17394495010375977,0.16860270500183105,0.3354865610599518,0.33114734292030334,0.3333660960197449,audio,text,0,0.8571428656578064,0.8421052694320679,0.739130437374115
264,iiK8YX8oH1E$_$16,0.0,-0.7128708362579346,0.28669577836990356,0.3499181866645813,0.36338600516319275,-1.1415292024612427,-1.1861268281936646,-1.1185859441757202,1.1415292024612427,1.1861268281936646,1.1185859441757202,0.33614885807037354,0.31792229413986206,0.345928817987442,vision,vision,1,0.875,0.9285714030265808,0.875
129,d6hH302o4v8$_$22,-1.0,-0.39718466997146606,0.24400115013122559,0.3631279170513153,0.3928709924221039,-0.9019302129745483,-0.9861308336257935,-0.8288606405258179,0.09806978702545166,0.013869166374206543,0.17113935947418213,0.3307207226753235,0.36742714047431946,0.30185213685035706,vision,audio,0,0.7777777910232544,0.9189189076423645,0.8888888955116272
461,rnaNMUZpvvg$_$10,-2.5999999046325684,-0.9931967854499817,0.35926273465156555,0.325463205575943,0.31527408957481384,-1.3866750001907349,-1.4142507314682007,-1.363866925239563,1.2133249044418335,1.1857491731643677,1.2361329793930054,0.3325614631175995,0.34422460198402405,0.32321399450302124,text,audio,0,0.9230769276618958,0.8260869383811951,0.7407407164573669
634,yvsjCA6Y5Fc$_$2,-1.2000000476837158,-1.097846508026123,0.31571444869041443,0.3355121612548828,0.34877336025238037,-1.5306199789047241,-1.5575491189956665,-1.5081735849380493,0.3306199312210083,0.3575490713119507,0.3081735372543335,0.33385035395622253,0.3227995038032532,0.34335020184516907,vision,vision,1,0.8333333134651184,0.8214285969734192,0.7647058963775635
143,d6hH302o4v8$_$8,-2.200000047683716,-1.0320965051651,0.41292789578437805,0.28941571712493896,0.2976563572883606,-1.207740306854248,-1.1779594421386719,-1.1672219038009644,0.9922597408294678,1.022040605545044,1.0327781438827515,0.34316250681877136,0.33062273263931274,0.3262147903442383,text,text,1,1.0,0.7777777910232544,0.7272727489471436
586,wMbj6ajWbic$_$2,-0.800000011920929,1.0230554342269897,0.30576103925704956,0.293088436126709,0.40115052461624146,1.1653574705123901,1.1643084287643433,1.1642793416976929,1.9653575420379639,1.964308500289917,1.9642794132232666,0.33303797245025635,0.3334749639034271,0.3334871530532837,vision,vision,1,0.8095238208770752,0.7469879388809204,0.8299999833106995
457,rnaNMUZpvvg$_$6,-2.5999999046325684,-0.41454994678497314,0.27738460898399353,0.3829854428768158,0.3396299481391907,-0.6185116767883301,-0.6368891596794128,-0.5692293643951416,1.9814882278442383,1.9631106853485107,2.0307705402374268,0.33743950724601746,0.34528082609176636,0.3172796070575714,audio,audio,1,0.800000011920929,0.9166666865348816,0.7857142686843872
427,phBUpBr1hSo$_$11,2.0,-0.263372540473938,0.351728618144989,0.24751172959804535,0.4007596969604492,-0.2914871573448181,-0.2708519995212555,-0.23070880770683289,2.291487216949463,2.2708520889282227,2.2307088375091553,0.3220547139644623,0.3304697871208191,0.347475528717041,vision,vision,1,0.8888888955116272,0.6666666865348816,0.8399999737739563
416,pLTX3ipuDJI$_$14,-2.0,-0.7958573698997498,0.3873467445373535,0.26153188943862915,0.35112133622169495,-1.121313214302063,-1.1736373901367188,-1.0906535387039185,0.878686785697937,0.8263626098632812,0.9093464612960815,0.3300338685512543,0.3523413836956024,0.3176247775554657,text,audio,0,0.8333333134651184,0.59375,0.6666666865348816
54,cW1FSBF59ik$_$1,-2.5999999046325684,-0.17730684578418732,0.3149162828922272,0.2928321659564972,0.39225155115127563,-0.35956382751464844,-0.41359618306159973,-0.3399583697319031,2.24043607711792,2.186403751373291,2.2600414752960205,0.32833561301231384,0.35127753019332886,0.3203869163990021,vision,audio,0,0.8181818127632141,0.739130437374115,0.8072289228439331
607,yDtzw_Y-7RU$_$22,2.0,2.4116592407226562,0.39055928587913513,0.37491071224212646,0.2345300018787384,2.8248720169067383,2.8506603240966797,2.786733388900757,0.8248720169067383,0.8506603240966797,0.7867333889007568,0.3314433693885803,0.32092952728271484,0.34762707352638245,text,vision,0,1.0,0.9375,0.6315789222717285
85,cXypl4FnoZo$_$2,1.0,1.0217970609664917,0.21689210832118988,0.40640413761138916,0.37670373916625977,1.272339940071106,1.3083480596542358,1.3318654298782349,0.27233994007110596,0.30834805965423584,0.33186542987823486,0.3467067778110504,0.33144745230674744,0.32184579968452454,audio,text,0,0.5714285969734192,0.8387096524238586,0.7297297120094299
70,cW1FSBF59ik$_$16,3.0,0.7240859866142273,0.3015173375606537,0.29265475273132324,0.40582793951034546,0.8866544961929321,0.9293192625045776,0.9517092704772949,2.1133456230163574,2.070680618286133,2.048290729522705,0.31852254271507263,0.33597081899642944,0.34550660848617554,vision,vision,1,0.8125,0.75,0.8414633870124817
668,zhpQhgha_KU$_$9,-1.0,0.6831653714179993,0.2405804991722107,0.39889323711395264,0.36052629351615906,0.7889422178268433,0.8014630079269409,0.8078179359436035,1.7889422178268433,1.801463007926941,1.8078179359436035,0.3377063274383545,0.3324620723724365,0.3298315405845642,audio,text,0,0.7058823704719543,0.9142857193946838,0.7906976938247681
112,d3_k5Xpfmik$_$1,2.0,1.888708233833313,0.36680570244789124,0.31528177857398987,0.3179125189781189,2.1317899227142334,2.0986812114715576,2.0602574348449707,0.1317899227142334,0.09868121147155762,0.0602574348449707,0.318899005651474,0.33237379789352417,0.3487272262573242,text,vision,0,0.9599999785423279,0.8428571224212646,0.773809552192688
406,ob23OKe5a9Q$_$4,-1.5,-0.6966040134429932,0.29791155457496643,0.3361857831478119,0.36590269207954407,-1.0318105220794678,-1.0486973524093628,-0.9816707372665405,0.4681894779205322,0.4513026475906372,0.5183292627334595,0.337771475315094,0.34497711062431335,0.3172514736652374,vision,audio,0,0.800000011920929,0.8148148059844971,0.7878788113594055
325,k5Y_838nuGo$_$15,-0.800000011920929,2.669945478439331,0.24009501934051514,0.375200480222702,0.38470450043678284,3.1645352840423584,3.155344009399414,3.0899994373321533,3.9645352363586426,3.9553439617156982,3.8899993896484375,0.32162582874298096,0.32534223794937134,0.3530319333076477,vision,vision,1,0.7083333134651184,0.8888888955116272,0.8307692408561707
531,v0zCBqDeKcE$_$1,2.5999999046325684,1.1954712867736816,0.20043492317199707,0.4047239124774933,0.39484116435050964,1.4707896709442139,1.507893443107605,1.4956461191177368,1.1292102336883545,1.0921064615249634,1.1043537855148315,0.32477760314941406,0.3401954472064972,0.3350270092487335,audio,audio,1,0.6000000238418579,0.9090909361839294,0.8205128312110901
643,yvsjCA6Y5Fc$_$13,-2.0,-0.8029502034187317,0.32516130805015564,0.3427394926548004,0.33209922909736633,-1.360813856124878,-1.436282753944397,-1.3141556978225708,0.6391861438751221,0.563717246055603,0.6858443021774292,0.3287014067173004,0.3612195551395416,0.31007900834083557,audio,audio,1,0.9166666865348816,0.8936170339584351,0.8035714030265808
41,cM3Yna7AavY$_$3,1.0,-0.2923268675804138,0.31633085012435913,0.34581053256988525,0.3378586769104004,-0.5045903325080872,-0.5752277374267578,-0.44751304388046265,1.5045902729034424,1.5752277374267578,1.4475131034851074,0.33451053500175476,0.3062407672405243,0.35924869775772095,audio,vision,0,0.8125,0.8085106611251831,0.7241379022598267
61,cW1FSBF59ik$_$9,-2.4000000953674316,-0.29182881116867065,0.2798883020877838,0.32746079564094543,0.39265090227127075,-0.4691465497016907,-0.49681776762008667,-0.414789617061615,1.9308536052703857,1.9031822681427002,1.9852104187011719,0.3367564082145691,0.3486083745956421,0.3146352171897888,vision,audio,0,0.7333333492279053,0.7659574747085571,0.7857142686843872
326,k5Y_838nuGo$_$14,-1.7999999523162842,0.8845224380493164,0.24584631621837616,0.36451080441474915,0.3896428644657135,1.076499581336975,1.1044751405715942,1.1340200901031494,2.876499652862549,2.904475212097168,2.9340200424194336,0.34527307748794556,0.3334077298641205,0.32131919264793396,vision,text,0,0.6842105388641357,0.8367347121238708,0.800000011920929
557,vyB00TXsimI$_$2,-2.4000000953674316,-0.29834169149398804,0.2215847373008728,0.3124257028102875,0.4659896194934845,-0.4599670171737671,-0.45347270369529724,-0.42356956005096436,1.9400330781936646,1.946527361869812,1.9764305353164673,0.3392777740955353,0.33653467893600464,0.3241875469684601,vision,text,0,0.6296296119689941,0.7555555701255798,0.8888888955116272
478,tIrG4oNLFzE$_$18,-2.200000047683716,-1.0615431070327759,0.3134984076023102,0.32950058579444885,0.35700103640556335,-1.8953384160995483,-2.0439958572387695,-1.8644760847091675,0.3046616315841675,0.1560041904449463,0.33552396297454834,0.3158196210861206,0.380312442779541,0.30386799573898315,vision,audio,0,0.8799999952316284,0.8484848737716675,0.8227847814559937
517,tmZoasNr4rU$_$2,-2.0,-0.9655393958091736,0.24278835952281952,0.35443779826164246,0.402773916721344,-1.6797155141830444,-1.7635492086410522,-1.682937502861023,0.32028448581695557,0.23645079135894775,0.31706249713897705,0.32107722759246826,0.3565497398376465,0.32237300276756287,vision,audio,0,0.7142857313156128,0.8611111044883728,0.8488371968269348
559,vyB00TXsimI$_$4,1.7999999523162842,1.809818983078003,0.42035046219825745,0.21306836605072021,0.3665812313556671,2.1380980014801025,2.1611995697021484,2.1477572917938232,0.33809804916381836,0.36119961738586426,0.34775733947753906,0.33789095282554626,0.3282732367515564,0.33383578062057495,text,text,1,1.0,0.6129032373428345,0.8157894611358643
6,c7UH_rxdZv4$_$22,-2.4000000953674316,-0.27476227283477783,0.2754952609539032,0.3365302085876465,0.3879745602607727,-0.49235889315605164,-0.5370544195175171,-0.45112282037734985,1.9076411724090576,1.8629456758499146,1.9488773345947266,0.33253300189971924,0.3516402542591095,0.31582674384117126,vision,audio,0,0.7142857313156128,0.7704917788505554,0.767123281955719
131,d6hH302o4v8$_$28,-1.0,0.46193522214889526,0.3348592519760132,0.31835800409317017,0.34678277373313904,0.496875524520874,0.49887266755104065,0.5773258209228516,1.496875524520874,1.4988726377487183,1.5773258209228516,0.3446095585823059,0.34375032782554626,0.3116401433944702,vision,text,0,0.8571428656578064,0.7916666865348816,0.7586206793785095
0,c7UH_rxdZv4$_$24,-1.7999999523162842,2.2089879512786865,0.26557883620262146,0.3798476755619049,0.35457348823547363,2.6150894165039062,2.6246676445007324,2.5803329944610596,4.4150896072387695,4.4246673583984375,4.380332946777344,0.32976070046424866,0.3258362114429474,0.34440311789512634,audio,vision,0,0.7142857313156128,0.8484848737716675,0.7435897588729858
271,iiK8YX8oH1E$_$7,-1.600000023841858,-0.9939513802528381,0.35376474261283875,0.28253984451293945,0.3636953830718994,-1.2713674306869507,-1.2415300607681274,-1.2327284812927246,0.3286325931549072,0.35846996307373047,0.3672715425491333,0.3429073691368103,0.33035358786582947,0.32673898339271545,vision,text,0,0.9090909361839294,0.75,0.8085106611251831
670,zhpQhgha_KU$_$11,-2.4000000953674316,-1.2863198518753052,0.27051618695259094,0.33414825797080994,0.3953356146812439,-2.190732479095459,-2.279421329498291,-2.1870930194854736,0.20926761627197266,0.12057876586914062,0.212907075881958,0.3212644159793854,0.3589293658733368,0.31980618834495544,vision,audio,0,0.75,0.8125,0.8214285969734192
201,f9O3YtZ2VfI$_$27,1.600000023841858,1.7204045057296753,0.30515268445014954,0.4050567150115967,0.2897905707359314,2.0311062335968018,2.0596764087677,2.021679162979126,0.43110620975494385,0.4596763849258423,0.42167913913726807,0.33593446016311646,0.32414907217025757,0.33991649746894836,audio,vision,0,0.8181818127632141,0.9166666865348816,0.6785714030265808
684,zhpQhgha_KU$_$33,-0.4000000059604645,0.00010488182306289673,0.2927604019641876,0.2802039086818695,0.42703574895858765,-0.07430386543273926,-0.11329501867294312,-0.019215747714042664,0.3256961405277252,0.28670498728752136,0.380784273147583,0.3351876735687256,0.3519290089607239,0.3128833472728729,vision,audio,0,0.8125,0.7450980544090271,0.8852459192276001
199,f9O3YtZ2VfI$_$25,-1.399999976158142,-1.5991004705429077,0.30165207386016846,0.34118255972862244,0.3571653664112091,-2.676339626312256,-2.784223794937134,-2.6673758029937744,1.2763396501541138,1.3842238187789917,1.2673758268356323,0.3466072082519531,0.30288004875183105,0.35051268339157104,vision,vision,1,0.800000011920929,0.8095238208770752,0.7599999904632568
173,dq3Nf_lMPnE$_$5,1.2000000476837158,0.20867055654525757,0.2912328839302063,0.3408505320549011,0.3679165542125702,0.21959055960178375,0.1858430653810501,0.2567571699619293,0.9804095029830933,1.0141569375991821,0.9432429075241089,0.3326406180858612,0.31890028715133667,0.3484591245651245,vision,vision,1,0.800000011920929,0.8333333134651184,0.807692289352417
317,k5Y_838nuGo$_$7,-2.4000000953674316,-1.2484461069107056,0.37671422958374023,0.2878154516220093,0.3354702889919281,-1.7806057929992676,-1.8395406007766724,-1.729958415031433,0.6193943023681641,0.5604594945907593,0.6700416803359985,0.3316636085510254,0.3570192754268646,0.31131711602211,text,audio,0,0.8999999761581421,0.7222222089767456,0.7272727489471436
605,yDtzw_Y-7RU$_$20,-0.6000000238418579,0.9973122477531433,0.40629842877388,0.22293947637081146,0.3707621395587921,1.0978928804397583,1.0279107093811035,1.1407766342163086,1.6978929042816162,1.6279107332229614,1.7407766580581665,0.3290312588214874,0.35911068320274353,0.31185808777809143,text,audio,0,1.0,0.6538461446762085,0.8387096524238586
145,d6hH302o4v8$_$38,-3.0,0.4042344093322754,0.37301507592201233,0.3168269395828247,0.31015798449516296,0.5158698558807373,0.5571276545524597,0.5997189283370972,3.5158698558807373,3.5571277141571045,3.5997190475463867,0.350848913192749,0.3332135081291199,0.3159375488758087,text,text,1,1.0,0.875,0.7931034564971924
575,wMbj6ajWbic$_$25,2.0,1.0098611116409302,0.25252649188041687,0.294739693403244,0.4527338147163391,1.2344872951507568,1.2526439428329468,1.2457515001296997,0.7655127048492432,0.7473560571670532,0.7542484998703003,0.32925766706466675,0.33681586384773254,0.3339264690876007,vision,audio,0,0.75,0.782608687877655,0.9259259104728699
153,d6hH302o4v8$_$16,-2.0,0.15201659500598907,0.27153733372688293,0.35079121589660645,0.377671480178833,0.27995219826698303,0.350995808839798,0.4087035357952118,2.27995228767395,2.3509957790374756,2.408703565597534,0.3614847660064697,0.3307673931121826,0.30774781107902527,vision,text,0,0.6666666865348816,0.75,0.7142857313156128
591,wMbj6ajWbic$_$9,-2.0,-1.4423744678497314,0.34795165061950684,0.28982481360435486,0.3622235655784607,-2.231518507003784,-2.2948668003082275,-2.2322781085968018,0.23151850700378418,0.29486680030822754,0.23227810859680176,0.3421236574649811,0.3160773515701294,0.34179896116256714,vision,text,0,0.8999999761581421,0.7599999904632568,0.800000011920929
572,vyB00TXsimI$_$19,1.2000000476837158,2.1161460876464844,0.3935019373893738,0.29301056265830994,0.3134874701499939,2.352184534072876,2.2829971313476562,2.284661054611206,1.1521844863891602,1.0829970836639404,1.0846610069274902,0.3146234154701233,0.3430446982383728,0.3423318862915039,text,audio,0,0.8571428656578064,0.6666666865348816,0.6363636255264282
683,zhpQhgha_KU$_$34,1.2000000476837158,2.353745222091675,0.2777869403362274,0.31272393465042114,0.40948906540870667,2.825685739517212,2.837986946105957,2.780557870864868,1.625685691833496,1.6379868984222412,1.5805578231811523,0.328647643327713,0.3236328363418579,0.3477195203304291,vision,vision,1,0.875,0.8888888955116272,0.9545454382896423
505,tmZoasNr4rU$_$10,-1.7999999523162842,-0.5046033263206482,0.2958984971046448,0.3338177800178528,0.37028369307518005,-0.9318445920944214,-0.9860754013061523,-0.8604909181594849,0.8681553602218628,0.8139245510101318,0.9395090341567993,0.33502981066703796,0.3585285246372223,0.30644169449806213,vision,audio,0,0.8333333134651184,0.8399999737739563,0.8214285969734192
429,phBUpBr1hSo$_$13,0.800000011920929,1.5221704244613647,0.37600916624069214,0.3236861526966095,0.3003046214580536,1.7383321523666382,1.7379653453826904,1.7109990119934082,0.9383321404457092,0.9379653334617615,0.9109990000724792,0.3294658958911896,0.3296170234680176,0.34091705083847046,text,vision,0,0.9090909361839294,0.7894737124443054,0.6818181872367859
82,cXypl4FnoZo$_$29,-1.399999976158142,-0.5723387002944946,0.28761056065559387,0.22914686799049377,0.48324257135391235,-0.9387608170509338,-0.9762478470802307,-0.9056251049041748,0.46123915910720825,0.4237521290779114,0.4943748712539673,0.33251309394836426,0.34846508502960205,0.31902188062667847,vision,audio,0,0.8571428656578064,0.699999988079071,1.0
188,etzxEpPuc6I$_$18,1.399999976158142,1.7316043376922607,0.25864177942276,0.42243659496307373,0.31892165541648865,1.9765290021896362,1.9427093267440796,1.9042657613754272,0.5765290260314941,0.5427093505859375,0.5042657852172852,0.31870320439338684,0.33246511220932007,0.3488316535949707,audio,vision,0,0.699999988079071,0.8979591727256775,0.6896551847457886
249,fvVhgmXxadc$_$3,-2.200000047683716,-0.31464993953704834,0.3164886236190796,0.3042326271533966,0.3792787790298462,-0.5131281614303589,-0.5447662472724915,-0.43712371587753296,1.686871886253357,1.6552338600158691,1.762876272201538,0.3390166163444519,0.352692574262619,0.3082908093929291,vision,audio,0,0.800000011920929,0.7272727489471436,0.7692307829856873
410,ob23OKe5a9Q$_$8,0.6000000238418579,2.478430986404419,0.3261248469352722,0.3168295919895172,0.35704562067985535,2.879047155380249,2.8793015480041504,2.79888653755188,2.2790470123291016,2.279301643371582,2.1988863945007324,0.3220534324645996,0.3219509422779083,0.35599562525749207,vision,vision,1,0.8333333134651184,0.7757009267807007,0.7627118825912476
515,tmZoasNr4rU$_$1,0.0,0.2349419742822647,0.2851344347000122,0.32230666279792786,0.39255887269973755,0.3517497777938843,0.3883484899997711,0.4200618267059326,0.3517497777938843,0.3883484899997711,0.4200618267059326,0.34801536798477173,0.3324529230594635,0.31953173875808716,vision,text,0,0.7272727489471436,0.7446808218955994,0.7719298005104065
663,zhpQhgha_KU$_$2,1.600000023841858,2.148691415786743,0.32961419224739075,0.3168599307537079,0.353525847196579,2.507085084915161,2.505098581314087,2.451021909713745,0.9070850610733032,0.905098557472229,0.8510218858718872,0.3251948654651642,0.32600337266921997,0.34880173206329346,vision,vision,1,0.875,0.8125,0.7948718070983887
170,dq3Nf_lMPnE$_$1,0.0,1.6466697454452515,0.3433155417442322,0.2840418815612793,0.3726425766944885,1.8602644205093384,1.8344594240188599,1.798185110092163,1.8602644205093384,1.8344594240188599,1.798185110092163,0.3211848735809326,0.33171406388282776,0.3471010625362396,vision,vision,1,0.9130434989929199,0.7758620977401733,0.8372092843055725
266,iiK8YX8oH1E$_$1,-2.5999999046325684,1.0544978380203247,0.33606576919555664,0.3561866283416748,0.30774757266044617,1.2013734579086304,1.211087942123413,1.2055450677871704,3.8013734817504883,3.8110878467559814,3.805544853210449,0.33526337146759033,0.33121684193611145,0.3335198163986206,audio,text,0,0.8333333134651184,0.8205128312110901,0.6739130616188049
4,c7UH_rxdZv4$_$20,-1.7999999523162842,-0.5159679055213928,0.2912745475769043,0.32016152143478394,0.3885639011859894,-1.1220721006393433,-1.2741155624389648,-1.079975962638855,0.6779278516769409,0.5258843898773193,0.7200239896774292,0.31665053963661194,0.38293030858039856,0.3004191517829895,vision,audio,0,0.8333333134651184,0.8082191944122314,0.8409090638160706
159,d6hH302o4v8$_$36,-2.200000047683716,-1.0154032707214355,0.3866117298603058,0.2859981060028076,0.3273901045322418,-1.6685348749160767,-1.8026684522628784,-1.6538726091384888,0.5314651727676392,0.3973315954208374,0.546127438545227,0.3160174787044525,0.3737041652202606,0.3102783262729645,text,audio,0,0.9375,0.7352941036224365,0.7317073345184326
5,c7UH_rxdZv4$_$21,-0.800000011920929,1.1900347471237183,0.31291159987449646,0.3449181318283081,0.3421702980995178,1.315799593925476,1.3172297477722168,1.2928565740585327,2.11579966545105,2.117229700088501,2.0928566455841064,0.3303264379501343,0.3297365605831146,0.3399370014667511,audio,vision,0,0.8421052694320679,0.8478260636329651,0.7701149582862854
350,lXPQBPVc5Cw$_$9,-2.5999999046325684,-0.8220823407173157,0.36242589354515076,0.25002196431159973,0.3875521421432495,-1.3099820613861084,-1.4467427730560303,-1.3538997173309326,1.29001784324646,1.153257131576538,1.2461001873016357,0.30836936831474304,0.36585938930511475,0.3257712125778198,vision,audio,0,0.90625,0.6829268336296082,0.8265306353569031
488,tStelxIAHjw$_$11,-2.799999952316284,-1.096863865852356,0.3792097866535187,0.22976569831371307,0.39102450013160706,-1.5591455698013306,-1.6057018041610718,-1.5365400314331055,1.2408543825149536,1.1942981481552124,1.2634599208831787,0.32980871200561523,0.34957146644592285,0.3206197917461395,vision,audio,0,1.0,0.7058823704719543,0.8999999761581421
399,ob23OKe5a9Q$_$13,1.25,0.7178990244865417,0.3093855082988739,0.3394296169281006,0.3511848747730255,0.7830368280410767,0.7653893232345581,0.7999076843261719,0.46696317195892334,0.4846106767654419,0.4500923156738281,0.3333895206451416,0.3261156678199768,0.340494841337204,vision,vision,1,0.7647058963775635,0.7692307829856873,0.7096773982048035
169,dq3Nf_lMPnE$_$14,-1.7999999523162842,1.468433141708374,0.34650006890296936,0.24282701313495636,0.41067296266555786,1.7043969631195068,1.7154024839401245,1.6766905784606934,3.504396915435791,3.515402317047119,3.4766905307769775,0.3309529721736908,0.3264313042163849,0.34261569380760193,vision,vision,1,0.9333333373069763,0.7083333134651184,0.8965517282485962
208,f9O3YtZ2VfI$_$1,-1.2000000476837158,-0.7261340022087097,0.2988559603691101,0.3339361250400543,0.3672078847885132,-1.1745729446411133,-1.2288297414779663,-1.1159085035324097,0.02542710304260254,0.02882969379425049,0.08409154415130615,0.3418745696544647,0.340423583984375,0.3177018463611603,vision,text,0,0.7777777910232544,0.7857142686843872,0.7647058963775635
332,k5Y_838nuGo$_$30,1.600000023841858,1.4338244199752808,0.3055422604084015,0.3118690848350525,0.38258859515190125,1.717071294784546,1.7285778522491455,1.7253307104110718,0.11707127094268799,0.1285778284072876,0.12533068656921387,0.3360837697982788,0.33128440380096436,0.33263182640075684,vision,text,0,0.8333333134651184,0.800000011920929,0.8292682766914368
184,etzxEpPuc6I$_$14,-1.2000000476837158,-0.5088182091712952,0.3268400728702545,0.2797694206237793,0.3933904767036438,-0.7914636135101318,-0.872237503528595,-0.7975252866744995,0.408536434173584,0.32776254415512085,0.4024747610092163,0.3211461901664734,0.35526493191719055,0.3235888183116913,vision,audio,0,0.8799999952316284,0.7599999904632568,0.855555534362793
10,c7UH_rxdZv4$_$1,-2.799999952316284,-0.6829997897148132,0.2522798478603363,0.29640886187553406,0.45131126046180725,-1.1671589612960815,-1.2155141830444336,-1.1336462497711182,1.6328409910202026,1.5844857692718506,1.666353702545166,0.33098524808883667,0.3516083359718323,0.31740641593933105,vision,audio,0,0.75,0.7878788113594055,0.9230769276618958
450,rnaNMUZpvvg$_$22,-2.200000047683716,-0.6758169531822205,0.35595083236694336,0.2980818450450897,0.34596729278564453,-1.0311907529830933,-1.1609668731689453,-1.0755245685577393,1.1688092947006226,1.0390331745147705,1.1244754791259766,0.30930060148239136,0.3637743890285492,0.32692500948905945,text,audio,0,0.931034505367279,0.8055555820465088,0.8045976758003235
83,cXypl4FnoZo$_$1,1.0,0.18860295414924622,0.30775272846221924,0.3533731997013092,0.33887404203414917,0.3105088174343109,0.3386029899120331,0.3579018712043762,0.6894911527633667,0.6613969802856445,0.6420981287956238,0.32291683554649353,0.3344583809375763,0.3426247835159302,audio,vision,0,0.8461538553237915,0.8695651888847351,0.7777777910232544
503,tStelxIAHjw$_$8,-2.0,1.3890817165374756,0.23091299831867218,0.28525522351264954,0.4838317930698395,1.6907402276992798,1.7014762163162231,1.673413634300232,3.6907401084899902,3.7014760971069336,3.6734137535095215,0.33238446712493896,0.3279537856578827,0.33966174721717834,vision,vision,1,0.6666666865348816,0.7272727489471436,0.9230769276618958
267,iiK8YX8oH1E$_$3,-1.25,-0.09181518852710724,0.3311656713485718,0.3083205223083496,0.360513836145401,-0.04145444929599762,0.007253671996295452,0.014874637126922607,1.2085455656051636,1.257253646850586,1.2648746967315674,0.348075270652771,0.3275149166584015,0.3244097828865051,vision,text,0,0.7857142686843872,0.7037037014961243,0.71875
308,k5Y_838nuGo$_$22,0.4000000059604645,1.375223994255066,0.379238486289978,0.34511101245880127,0.2756504714488983,1.6142545938491821,1.633880853652954,1.6411570310592651,1.21425461769104,1.233880877494812,1.241157054901123,0.339824378490448,0.3315889239311218,0.32858672738075256,text,text,1,0.9333333373069763,0.84375,0.6578947305679321
81,cXypl4FnoZo$_$28,-2.200000047683716,-0.7953154444694519,0.3121260404586792,0.30464503169059753,0.38322895765304565,-1.2940846681594849,-1.3401117324829102,-1.2704237699508667,0.905915379524231,0.8598883152008057,0.9295762777328491,0.33002451062202454,0.3495689034461975,0.32040655612945557,vision,audio,0,0.8181818127632141,0.7599999904632568,0.800000011920929
469,rnaNMUZpvvg$_$18,-2.200000047683716,0.6841568350791931,0.3639666438102722,0.2686114013195038,0.367421954870224,0.6522171497344971,0.6038548350334167,0.6425458788871765,2.852217197418213,2.8038549423217773,2.842545986175537,0.3252582848072052,0.3455274999141693,0.3292142152786255,vision,audio,0,0.930232584476471,0.7445255517959595,0.8282208442687988
186,etzxEpPuc6I$_$16,-2.4000000953674316,-1.473821997642517,0.3468208611011505,0.2583012878894806,0.3948778808116913,-2.3467750549316406,-2.4344754219055176,-2.3604347705841064,0.053225040435791016,0.03447532653808594,0.039565324783325195,0.32884618639945984,0.3366444408893585,0.33450937271118164,vision,audio,0,0.9166666865348816,0.7222222089767456,0.8604651093482971
239,f_pcplsH_V0$_$7,0.0,-0.19305698573589325,0.28316906094551086,0.34968942403793335,0.3671414852142334,-0.37335842847824097,-0.40194979310035706,-0.29980993270874023,0.37335842847824097,0.40194979310035706,0.29980993270874023,0.32667076587677,0.315201997756958,0.35812726616859436,vision,vision,1,0.8181818127632141,0.875,0.8275862336158752
255,fvVhgmXxadc$_$9,-0.4000000059604645,0.6879845261573792,0.35616469383239746,0.34298595786094666,0.30084940791130066,0.815418004989624,0.8502898812294006,0.8837997913360596,1.2154179811477661,1.2502899169921875,1.2837997674942017,0.3477752208709717,0.33294135332107544,0.3192833960056305,text,text,1,1.0,0.939393937587738,0.800000011920929
59,cW1FSBF59ik$_$7,0.5,0.6143225431442261,0.2711842358112335,0.31428176164627075,0.4145340025424957,0.7741889357566833,0.7564818859100342,0.8687281608581543,0.27418893575668335,0.2564818859100342,0.3687281608581543,0.3435337543487549,0.3512222170829773,0.30524396896362305,vision,audio,0,0.800000011920929,0.8235294222831726,0.8999999761581421
640,yvsjCA6Y5Fc$_$8,0.4000000059604645,-0.6575528383255005,0.3291025161743164,0.285886287689209,0.3850111961364746,-1.0551908016204834,-1.1423448324203491,-1.0590322017669678,1.4551907777786255,1.5423448085784912,1.4590321779251099,0.34578242897987366,0.31009143590927124,0.3441260755062103,vision,text,0,0.8695651888847351,0.7571428418159485,0.8313252925872803
538,v0zCBqDeKcE$_$9,1.7999999523162842,2.0231144428253174,0.2611404359340668,0.3687991797924042,0.37006038427352905,2.392164945602417,2.386784553527832,2.337752103805542,0.5921649932861328,0.5867846012115479,0.5377521514892578,0.3249780833721161,0.32717108726501465,0.34785085916519165,vision,vision,1,0.7777777910232544,0.9047619104385376,0.8399999737739563
98,cXypl4FnoZo$_$17,-0.6000000238418579,-0.3527132272720337,0.2784592807292938,0.3002275228500366,0.42131325602531433,-0.6954876780509949,-0.7482362985610962,-0.6309463977813721,0.09548765420913696,0.14823627471923828,0.03094637393951416,0.3311026394367218,0.3099753260612488,0.35892200469970703,vision,vision,1,0.7692307829856873,0.7586206793785095,0.8571428656578064
262,iiK8YX8oH1E$_$14,-1.2000000476837158,-0.29310470819473267,0.3301737308502197,0.30479276180267334,0.3650335371494293,-0.24662773311138153,-0.20686304569244385,-0.20146358013153076,0.9533722996711731,0.993137001991272,0.9985364675521851,0.34523022174835205,0.3284897208213806,0.3262801170349121,vision,text,0,0.9285714030265808,0.8421052694320679,0.8695651888847351
653,zhpQhgha_KU$_$26,0.0,0.26641184091567993,0.256899356842041,0.3361453711986542,0.4069552719593048,0.3386923670768738,0.3733942210674286,0.4426962733268738,0.3386923670768738,0.3733942210674286,0.4426962733268738,0.3526539206504822,0.337683767080307,0.3096622824668884,vision,text,0,0.7692307829856873,0.8571428656578064,0.8799999952316284
471,tIrG4oNLFzE$_$10,-1.7999999523162842,-0.4025609493255615,0.34716811776161194,0.23479294776916504,0.41803890466690063,-0.5816422700881958,-0.6381706595420837,-0.5584508180618286,1.2183576822280884,1.1618292331695557,1.2415491342544556,0.3284456431865692,0.35249343514442444,0.31906089186668396,vision,audio,0,0.8666666746139526,0.6296296119689941,0.84375
525,v0zCBqDeKcE$_$10,2.200000047683716,2.143615245819092,0.3102972209453583,0.3038874864578247,0.3858153223991394,2.567833185195923,2.6047303676605225,2.5592057704925537,0.36783313751220703,0.40473031997680664,0.3592057228088379,0.3371807336807251,0.32198259234428406,0.34083664417266846,vision,vision,1,0.7857142686843872,0.7272727489471436,0.7777777910232544
460,rnaNMUZpvvg$_$11,-2.5999999046325684,-0.44965893030166626,0.24765634536743164,0.42574790120124817,0.3265956938266754,-0.7671523094177246,-0.8059182167053223,-0.7205154895782471,1.8328475952148438,1.794081687927246,1.8794844150543213,0.3341105878353119,0.35069936513900757,0.31519007682800293,audio,audio,1,0.6666666865348816,0.8947368264198303,0.6888889074325562
236,f_pcplsH_V0$_$2,1.399999976158142,-0.10246896743774414,0.2855962812900543,0.29808804392814636,0.4163157045841217,-0.29980263113975525,-0.3423740565776825,-0.218659907579422,1.6998026371002197,1.742374062538147,1.6186598539352417,0.3273399770259857,0.31037619709968567,0.3622838258743286,vision,vision,1,0.7857142686843872,0.7586206793785095,0.8571428656578064
157,d6hH302o4v8$_$30,-2.799999952316284,-1.2945919036865234,0.2510349750518799,0.33512991666793823,0.4138351082801819,-2.201157808303833,-2.269937515258789,-2.1760685443878174,0.5988421440124512,0.5300624370574951,0.6239314079284668,0.326914519071579,0.3562644422054291,0.31682103872299194,vision,audio,0,0.6666666865348816,0.7647058963775635,0.800000011920929
516,tmZoasNr4rU$_$3,-2.0,-0.5481656193733215,0.3333672285079956,0.29631510376930237,0.3703176975250244,-0.6983202695846558,-0.689572811126709,-0.6419349908828735,1.3016797304153442,1.310427188873291,1.3580650091171265,0.34234029054641724,0.3386174440383911,0.31904226541519165,vision,text,0,0.875,0.7692307829856873,0.8125
368,nbWiPyCm4g0$_$4,-2.200000047683716,-0.12789319455623627,0.2840549349784851,0.3519977033138275,0.36394739151000977,-0.4982568919658661,-0.6288336515426636,-0.4607352614402771,1.7017431259155273,1.5711663961410522,1.739264726638794,0.31933802366256714,0.37595564126968384,0.30470627546310425,vision,audio,0,0.7674418687820435,0.8188976645469666,0.7697368264198303
678,zhpQhgha_KU$_$19,-0.800000011920929,-0.697507917881012,0.29018235206604004,0.2949996590614319,0.41481804847717285,-1.1786071062088013,-1.2514938116073608,-1.162380337715149,0.3786070942878723,0.4514937996864319,0.36238032579421997,0.3409002423286438,0.31121423840522766,0.34788545966148376,vision,vision,1,0.8125,0.7777777910232544,0.875
311,k5Y_838nuGo$_$29,-0.75,0.06604921817779541,0.28831979632377625,0.32463279366493225,0.3870473802089691,0.1175859197974205,0.06693011522293091,0.11166145652532578,0.8675858974456787,0.8169301152229309,0.861661434173584,0.3254360258579254,0.34670889377593994,0.32785502076148987,vision,audio,0,0.7333333492279053,0.75,0.7631579041481018
362,lXPQBPVc5Cw$_$30,-2.0,-0.2533317804336548,0.3034090995788574,0.3126159608364105,0.38397490978240967,-0.6384212970733643,-0.7578787803649902,-0.5948801040649414,1.3615787029266357,1.2421212196350098,1.4051198959350586,0.32174259424209595,0.3735581040382385,0.30469927191734314,vision,audio,0,0.8571428656578064,0.8153846263885498,0.8518518805503845
330,k5Y_838nuGo$_$18,0.4000000059604645,0.9756943583488464,0.2916409969329834,0.32419946789741516,0.38415947556495667,1.162309169769287,1.1283869743347168,1.1935769319534302,0.762309193611145,0.7283869981765747,0.7935769557952881,0.33278051018714905,0.34719476103782654,0.3200247585773468,vision,audio,0,0.875,0.8823529481887817,0.8999999761581421
345,lXPQBPVc5Cw$_$2,-2.200000047683716,0.5737773180007935,0.21197880804538727,0.45104077458381653,0.3369804620742798,0.6955349445343018,0.7236398458480835,0.7476323843002319,2.8955349922180176,2.9236397743225098,2.947632312774658,0.3445385992527008,0.33264482021331787,0.3228166401386261,audio,text,0,0.6153846383094788,0.949999988079071,0.7321428656578064
423,pLTX3ipuDJI$_$7,0.800000011920929,-0.47507554292678833,0.37064626812934875,0.25134754180908203,0.3780061900615692,-0.6491955518722534,-0.7048908472061157,-0.6329863667488098,1.4491956233978271,1.5048909187316895,1.4329863786697388,0.3386137783527374,0.3158416450023651,0.34554460644721985,vision,vision,1,0.9285714030265808,0.6904761791229248,0.8199999928474426
465,rnaNMUZpvvg$_$14,-2.5999999046325684,-0.7884750366210938,0.3665814995765686,0.26438361406326294,0.36903485655784607,-1.2221766710281372,-1.3065789937973022,-1.225218415260315,1.3778232336044312,1.2934209108352661,1.3747814893722534,0.32101914286613464,0.35673877596855164,0.32224202156066895,vision,audio,0,0.9375,0.7307692170143127,0.8225806355476379
496,tStelxIAHjw$_$3,0.5,0.32205909490585327,0.19664350152015686,0.4184183180332184,0.38493818044662476,0.48350584506988525,0.5292425155639648,0.5493438839912415,0.016494154930114746,0.029242515563964844,0.049343883991241455,0.33967846632003784,0.3343084752559662,0.3260130286216736,audio,text,0,0.6000000238418579,0.9333333373069763,0.8235294222831726
551,vvZ4IcEtiZc$_$8,-1.5,-0.052454859018325806,0.22594183683395386,0.3600315749645233,0.41402655839920044,-0.3923690915107727,-0.44813790917396545,-0.3181946873664856,1.107630968093872,1.051862120628357,1.1818053722381592,0.33516010642051697,0.3593581020832062,0.30548185110092163,vision,audio,0,0.6875,0.868852436542511,0.8648648858070374
373,nzpVDcQ0ywM$_$24,1.600000023841858,1.3662782907485962,0.3599100410938263,0.3666995167732239,0.27339041233062744,1.5283198356628418,1.5343466997146606,1.5131840705871582,0.07168018817901611,0.06565332412719727,0.08681595325469971,0.3345801830291748,0.337110310792923,0.3283095061779022,audio,audio,1,0.8888888955116272,0.8571428656578064,0.6363636255264282
500,tStelxIAHjw$_$7,1.399999976158142,1.2016087770462036,0.309984415769577,0.30106157064437866,0.3889539837837219,1.4677789211273193,1.4897023439407349,1.4782530069351196,0.06777894496917725,0.08970236778259277,0.07825303077697754,0.33784234523773193,0.3287097215652466,0.3334479033946991,vision,text,0,1.0,0.9411764740943909,1.0
84,cXypl4FnoZo$_$3,1.7999999523162842,1.886966347694397,0.22020485997200012,0.29576557874679565,0.4840295612812042,2.2453935146331787,2.185009479522705,2.2030208110809326,0.44539356231689453,0.3850095272064209,0.40302085876464844,0.3192037343978882,0.3442298471927643,0.33656635880470276,vision,audio,0,0.7142857313156128,0.8181818127632141,1.0
315,k5Y_838nuGo$_$5,-1.3333333730697632,-0.933235228061676,0.4399634599685669,0.3332829475402832,0.22675356268882751,-1.2009133100509644,-1.2522138357162476,-1.1549493074417114,0.13242006301879883,0.08111953735351562,0.17838406562805176,0.3321828246116638,0.35418203473091125,0.3136351406574249,text,audio,0,1.0,0.8125,0.550000011920929
314,k5Y_838nuGo$_$2,1.2000000476837158,0.4803646206855774,0.3757513463497162,0.2348165661096573,0.3894321024417877,0.6159554719924927,0.6756423711776733,0.7446396350860596,0.5840445756912231,0.5243576765060425,0.45536041259765625,0.30750522017478943,0.33132535219192505,0.3611694574356079,vision,vision,1,1.0,0.7083333134651184,0.8928571343421936
8,c7UH_rxdZv4$_$28,-0.800000011920929,0.35081225633621216,0.2276686131954193,0.3732200264930725,0.3991113603115082,0.468374639749527,0.5237807035446167,0.5711320042610168,1.2683746814727783,1.3237807750701904,1.3711320161819458,0.3555496335029602,0.3317584991455078,0.3126918375492096,vision,text,0,0.6363636255264282,0.8269230723381042,0.7903226017951965
119,d3_k5Xpfmik$_$9,1.399999976158142,1.974946141242981,0.37995418906211853,0.25156769156455994,0.36847808957099915,2.3153748512268066,2.323254108428955,2.2678818702697754,0.9153748750686646,0.923254132270813,0.8678818941116333,0.3277224004268646,0.32451048493385315,0.3477671444416046,text,vision,0,1.0,0.75,0.8684210777282715
247,fvVhgmXxadc$_$14,0.0,1.0409555435180664,0.3658267855644226,0.31241318583488464,0.32176002860069275,1.2115795612335205,1.2295969724655151,1.26569664478302,1.2115795612335205,1.2295969724655151,1.26569664478302,0.3433687388896942,0.3357219099998474,0.320909321308136,text,text,1,0.8947368264198303,0.7735849022865295,0.7142857313156128
327,k5Y_838nuGo$_$17,0.800000011920929,1.6387559175491333,0.2291061282157898,0.3346492648124695,0.4362446665763855,2.0086963176727295,2.0320839881896973,2.0082814693450928,1.2086963653564453,1.232084035873413,1.2082815170288086,0.3365069031715393,0.32681170105934143,0.33668142557144165,vision,vision,1,0.75,0.8947368264198303,0.9583333134651184
13,c7UH_rxdZv4$_$5,-2.200000047683716,0.9156651496887207,0.2338276505470276,0.37130075693130493,0.3948715925216675,1.09363853931427,1.1230982542037964,1.1495510339736938,3.2936387062072754,3.3230981826782227,3.349551200866699,0.34526318311691284,0.3327803611755371,0.3219565153121948,vision,text,0,0.6842105388641357,0.8703703880310059,0.828125
359,lXPQBPVc5Cw$_$16,0.20000000298023224,-1.0705403089523315,0.3366369605064392,0.324327290058136,0.3390357494354248,-1.8303524255752563,-1.958114743232727,-1.824374794960022,2.0303523540496826,2.1581146717071533,2.0243747234344482,0.3496629297733307,0.298051655292511,0.3522854149341583,vision,vision,1,0.949999988079071,0.8833333253860474,0.8333333134651184
9,c7UH_rxdZv4$_$29,0.6000000238418579,1.490188717842102,0.29723986983299255,0.32102832198143005,0.381731778383255,1.7920888662338257,1.8240275382995605,1.7991446256637573,1.1920888423919678,1.2240275144577026,1.1991446018218994,0.33874398469924927,0.32548654079437256,0.3357694745063782,vision,text,0,0.8333333134651184,0.8297872543334961,0.8421052694320679
537,v0zCBqDeKcE$_$6,0.800000011920929,1.6119192838668823,0.3249720335006714,0.3130073845386505,0.3620205819606781,1.8751299381256104,1.8803685903549194,1.8502161502838135,1.0751299858093262,1.0803685188293457,1.0502161979675293,0.33056697249412537,0.32840943336486816,0.34102359414100647,vision,vision,1,0.800000011920929,0.7368420958518982,0.739130437374115
623,yDtzw_Y-7RU$_$14,2.200000047683716,2.301189661026001,0.28949132561683655,0.33775487542152405,0.37275373935699463,2.734342336654663,2.7411108016967773,2.7056400775909424,0.5343422889709473,0.5411107540130615,0.5056400299072266,0.3302396237850189,0.32745739817619324,0.34230300784111023,vision,vision,1,0.782608687877655,0.8202247023582458,0.7943925261497498
393,nzpVDcQ0ywM$_$17,1.600000023841858,1.1250102519989014,0.3905249834060669,0.21317049860954285,0.39630448818206787,1.2828272581100464,1.3244267702102661,1.328752875328064,0.3171727657318115,0.2755732536315918,0.27124714851379395,0.3212890625,0.33843788504600525,0.34027302265167236,vision,vision,1,1.0,0.6521739363670349,0.8888888955116272
509,tmZoasNr4rU$_$14,-2.0,0.24304598569869995,0.35343971848487854,0.2808018624782562,0.36575835943222046,0.3279394209384918,0.24730342626571655,0.2621220052242279,2.327939510345459,2.2473034858703613,2.2621219158172607,0.3133027255535126,0.3465285003185272,0.3401687443256378,vision,audio,0,0.8888888955116272,0.7333333492279053,0.7906976938247681
198,f9O3YtZ2VfI$_$24,-2.5999999046325684,0.658738911151886,0.32533958554267883,0.30640968680381775,0.36825069785118103,0.6814719438552856,0.6529515385627747,0.7115494012832642,3.2814717292785645,3.2529513835906982,3.311549186706543,0.3334006071090698,0.3455008566379547,0.32109859585762024,vision,audio,0,0.8600000143051147,0.7903226017951965,0.8091397881507874
299,jUzDDGyPkXU$_$16,1.2000000476837158,1.9563990831375122,0.3055696189403534,0.3398069143295288,0.3546234667301178,2.26304030418396,2.2629730701446533,2.203394651412964,1.0630402565002441,1.0629730224609375,1.003394603729248,0.3249400556087494,0.3249673545360565,0.35009264945983887,vision,vision,1,0.8125,0.8219178318977356,0.7701149582862854
94,cXypl4FnoZo$_$13,-1.0,-0.42952191829681396,0.36578255891799927,0.35738471150398254,0.2768326997756958,-0.6371795535087585,-0.7517057061195374,-0.6665549278259277,0.36282044649124146,0.24829429388046265,0.33344507217407227,0.3133505880832672,0.36157891154289246,0.32507044076919556,text,audio,0,0.8500000238418579,0.800000011920929,0.6000000238418579
414,pLTX3ipuDJI$_$12,-2.0,0.1256343424320221,0.336266428232193,0.3380841612815857,0.3256493806838989,0.07178230583667755,-0.0794392004609108,-0.06674497574567795,2.071782350540161,1.9205608367919922,1.9332550764083862,0.2943662106990814,0.3556160032749176,0.3500177264213562,audio,audio,1,0.8888888955116272,0.8522727489471436,0.7586206793785095
467,rnaNMUZpvvg$_$16,-1.7999999523162842,-0.641402542591095,0.3241257071495056,0.28215736150741577,0.3937169313430786,-0.8919966816902161,-0.9024081230163574,-0.8490971326828003,0.9080032706260681,0.8975918292999268,0.9509028196334839,0.3377366364002228,0.34216073155403137,0.3201026916503906,vision,audio,0,0.8999999761581421,0.7857142686843872,0.8823529481887817
456,rnaNMUZpvvg$_$7,-0.4000000059604645,0.6753858327865601,0.29845139384269714,0.3130008280277252,0.38854777812957764,0.8385404348373413,0.8750846982002258,0.8876274824142456,1.2385404109954834,1.2750847339630127,1.2876274585723877,0.345323771238327,0.32990413904190063,0.3247721195220947,vision,text,0,0.7777777910232544,0.7586206793785095,0.7941176295280457
628,yvsjCA6Y5Fc$_$20,0.800000011920929,1.2822421789169312,0.3945077955722809,0.2694692015647888,0.3360230028629303,1.5528160333633423,1.6142221689224243,1.6081147193908691,0.7528160214424133,0.8142221570014954,0.8081147074699402,0.34973281621932983,0.3238925337791443,0.32637470960617065,text,text,1,1.0,0.7599999904632568,0.800000011920929
439,phBUpBr1hSo$_$3,2.799999952316284,0.9352886080741882,0.27727463841438293,0.36524319648742676,0.3574821650981903,1.0786149501800537,1.071353554725647,1.0745878219604492,1.7213850021362305,1.7286463975906372,1.725412130355835,0.3349025249481201,0.3318765461444855,0.3332209289073944,audio,text,0,0.7857142686843872,0.8780487775802612,0.795918345451355
203,f9O3YtZ2VfI$_$21,2.0,1.016928791999817,0.32588720321655273,0.31652140617370605,0.3575913608074188,1.1949622631072998,1.2205144166946411,1.236668586730957,0.8050377368927002,0.7794855833053589,0.763331413269043,0.3240470588207245,0.3345642387866974,0.34138867259025574,vision,vision,1,0.8500000238418579,0.7894737124443054,0.7777777910232544
463,rnaNMUZpvvg$_$12,-1.0,1.2340513467788696,0.27963787317276,0.3305794894695282,0.3897826373577118,1.4870206117630005,1.4936491250991821,1.491852879524231,2.487020492553711,2.4936490058898926,2.4918527603149414,0.3349268436431885,0.3321632742881775,0.33290985226631165,vision,text,0,0.7727272510528564,0.8125,0.8245614171028137
297,jUzDDGyPkXU$_$14,0.800000011920929,1.3050618171691895,0.2355896234512329,0.33648306131362915,0.42792728543281555,1.5856596231460571,1.6061824560165405,1.5819183588027954,0.7856596112251282,0.8061824440956116,0.7819183468818665,0.3356425166130066,0.3271416127681732,0.3372158706188202,vision,vision,1,0.6153846383094788,0.75,0.800000011920929
251,fvVhgmXxadc$_$5,0.0,-0.051291726529598236,0.2986021935939789,0.32444971799850464,0.3769480884075165,0.008607359603047371,-0.0013338522985577583,0.03520670533180237,0.008607359603047371,0.0013338522985577583,0.03520670533180237,0.3359728455543518,0.33904141187667847,0.32498571276664734,vision,audio,0,0.8461538553237915,0.8421052694320679,0.8478260636329651
493,tStelxIAHjw$_$14,-1.7999999523162842,-0.7168887853622437,0.28616246581077576,0.3023548126220703,0.41148266196250916,-1.0657858848571777,-1.083485722541809,-1.0282829999923706,0.7342140674591064,0.7165142297744751,0.7717169523239136,0.3359566330909729,0.343472421169281,0.3205708861351013,vision,audio,0,0.875,0.8571428656578064,0.9411764740943909
134,d6hH302o4v8$_$41,-2.4000000953674316,-0.8075042366981506,0.30054640769958496,0.3499254584312439,0.34952807426452637,-1.371263861656189,-1.4385302066802979,-1.30841863155365,1.0287362337112427,0.9614698886871338,1.0915814638137817,0.3319866955280304,0.36110830307006836,0.30690503120422363,audio,audio,1,0.875,0.8947368264198303,0.8260869383811951
381,nzpVDcQ0ywM$_$5,-0.4000000059604645,0.3809506297111511,0.31066834926605225,0.33790338039398193,0.3514282703399658,0.46393078565597534,0.5168845653533936,0.5931094884872437,0.8639308214187622,0.9168845415115356,0.9931094646453857,0.3588292896747589,0.3358466625213623,0.3053240180015564,vision,text,0,0.8461538553237915,0.8409090638160706,0.7884615659713745
490,tStelxIAHjw$_$13,-1.600000023841858,0.7056828737258911,0.3079991340637207,0.25295957922935486,0.4390413165092468,0.8747817873954773,0.918355405330658,0.9168955087661743,2.4747817516326904,2.518355369567871,2.5168955326080322,0.3453385531902313,0.32703208923339844,0.327629417181015,vision,text,0,0.8571428656578064,0.7142857313156128,0.9200000166893005
396,nzpVDcQ0ywM$_$18,1.2000000476837158,1.6123460531234741,0.29502925276756287,0.32092416286468506,0.3840465545654297,1.8315846920013428,1.7347835302352905,1.8031871318817139,0.631584644317627,0.5347834825515747,0.603187084197998,0.31597959995269775,0.35662296414375305,0.3273974061012268,vision,audio,0,0.8333333134651184,0.8333333134651184,0.8611111044883728
588,wMbj6ajWbic$_$4,1.0,-0.18814919888973236,0.2516154646873474,0.27394410967826843,0.47444048523902893,-0.3806094527244568,-0.4026091396808624,-0.34081321954727173,1.3806095123291016,1.40260910987854,1.340813159942627,0.3307010531425476,0.32173094153404236,0.3475680351257324,vision,vision,1,0.800000011920929,0.800000011920929,1.0
664,zhpQhgha_KU$_$5,-2.200000047683716,-1.1167919635772705,0.3673084080219269,0.31720659136772156,0.31548500061035156,-1.8245147466659546,-1.9584797620773315,-1.8335449695587158,0.37548530101776123,0.24152028560638428,0.366455078125,0.31312182545661926,0.37020188570022583,0.3166762888431549,text,audio,0,0.8695651888847351,0.75,0.6744186282157898
379,nzpVDcQ0ywM$_$3,0.800000011920929,2.6524267196655273,0.33574652671813965,0.264311820268631,0.39994165301322937,3.093933582305908,3.1118359565734863,3.0830938816070557,2.293933629989624,2.311836004257202,2.2830939292907715,0.33427903056144714,0.32688164710998535,0.3388392925262451,vision,vision,1,0.8235294222831726,0.6521739363670349,0.7951807379722595
229,f_pcplsH_V0$_$10,1.2000000476837158,0.7854710221290588,0.3626607060432434,0.3043194115161896,0.3330199122428894,0.8580605387687683,0.9073464274406433,0.9552642703056335,0.3419395089149475,0.2926536202430725,0.24473577737808228,0.313210666179657,0.33311352133750916,0.3536757826805115,text,vision,0,0.9090909361839294,0.7636363506317139,0.7424242496490479
527,v0zCBqDeKcE$_$12,-0.4000000059604645,-0.11575034260749817,0.3014237880706787,0.30919885635375977,0.38937732577323914,-0.2005472183227539,-0.21311308443546295,-0.16439634561538696,0.19945278763771057,0.18688692152500153,0.23560366034507751,0.33651354908943176,0.3418410122394562,0.32164543867111206,vision,audio,0,0.800000011920929,0.7692307829856873,0.807692289352417
656,zhpQhgha_KU$_$21,0.6000000238418579,-0.04530668258666992,0.25896909832954407,0.3843497037887573,0.356681227684021,-0.07452823221683502,-0.12044525891542435,-0.08617011457681656,0.6745282411575317,0.7204452753067017,0.6861701607704163,0.3413234055042267,0.3222843110561371,0.33639225363731384,audio,text,0,0.6842105388641357,0.8387096524238586,0.7297297120094299
138,d6hH302o4v8$_$5,-1.3333333730697632,-0.7519922852516174,0.3149227499961853,0.30802273750305176,0.3770545721054077,-1.0087279081344604,-0.9836283922195435,-0.9507440328598022,0.32460546493530273,0.3497049808502197,0.38258934020996094,0.34492307901382446,0.33426937460899353,0.32080763578414917,vision,text,0,0.8571428656578064,0.800000011920929,0.8333333134651184
473,tIrG4oNLFzE$_$12,-2.5999999046325684,-1.1499176025390625,0.3026105463504791,0.35627758502960205,0.3411118686199188,-1.7769423723220825,-1.8122304677963257,-1.7551275491714478,0.8230575323104858,0.7877694368362427,0.8448723554611206,0.3313235640525818,0.3462654650211334,0.3224109709262848,audio,audio,1,0.7777777910232544,0.8148148059844971,0.71875
65,cW1FSBF59ik$_$13,2.0,1.8353441953659058,0.35905253887176514,0.2753365635871887,0.36561089754104614,2.1268303394317627,2.1271564960479736,2.091618537902832,0.1268303394317627,0.12715649604797363,0.09161853790283203,0.3284514248371124,0.3283175528049469,0.3432310223579407,vision,vision,1,0.9473684430122375,0.7721518874168396,0.8404255509376526
477,tIrG4oNLFzE$_$16,-1.600000023841858,-0.12213565409183502,0.3351752460002899,0.299543559551239,0.3652811646461487,-0.2775624394416809,-0.35843417048454285,-0.25942152738571167,1.3224375247955322,1.2415658235549927,1.340578556060791,0.3242589831352234,0.3587522804737091,0.3169887363910675,vision,audio,0,0.875,0.7790697813034058,0.8058252334594727
577,wMbj6ajWbic$_$27,0.0,0.28286731243133545,0.2607608139514923,0.32337650656700134,0.41586267948150635,0.40081000328063965,0.42897507548332214,0.4623943865299225,0.40081000328063965,0.42897507548332214,0.4623943865299225,0.3458634912967682,0.33389878273010254,0.32023775577545166,vision,text,0,0.7777777910232544,0.8399999737739563,0.8965517282485962
147,d6hH302o4v8$_$10,-1.2000000476837158,-0.3702259063720703,0.36259058117866516,0.3466392159461975,0.29077020287513733,-0.49929845333099365,-0.5545583367347717,-0.45444536209106445,0.7007015943527222,0.6454417109489441,0.7455546855926514,0.33145591616630554,0.3551603853702545,0.31338369846343994,text,audio,0,0.9090909361839294,0.8421052694320679,0.6818181872367859
110,d3_k5Xpfmik$_$19,0.20000000298023224,1.7077349424362183,0.31772956252098083,0.32534319162368774,0.35692721605300903,1.9452792406082153,1.918000340461731,1.9032419919967651,1.7452791929244995,1.7180002927780151,1.7032419443130493,0.3237672746181488,0.33499768376350403,0.3412350118160248,vision,vision,1,0.8529411554336548,0.8240740895271301,0.7984496355056763
333,lXPQBPVc5Cw$_$24,-1.399999976158142,-0.9015017151832581,0.19838503003120422,0.2905876934528351,0.5110272765159607,-1.777663230895996,-1.855089783668518,-1.7513595819473267,0.377663254737854,0.455089807510376,0.35135960578918457,0.3399997353553772,0.3086356818675995,0.3513645529747009,vision,vision,1,0.5714285969734192,0.7142857313156128,0.9200000166893005
53,cW1FSBF59ik$_$23,1.399999976158142,1.4514375925064087,0.28498753905296326,0.3497297167778015,0.36528274416923523,1.669960856437683,1.6850215196609497,1.6987580060958862,0.269960880279541,0.2850215435028076,0.29875802993774414,0.33944398164749146,0.3331134617328644,0.3274425268173218,vision,text,0,0.761904776096344,0.8172042965888977,0.7678571343421936
454,rnaNMUZpvvg$_$5,-2.799999952316284,-0.18398581445217133,0.39954158663749695,0.22547003626823425,0.3749883770942688,-0.24481330811977386,-0.23099392652511597,-0.20533403754234314,2.5551867485046387,2.5690059661865234,2.594666004180908,0.3407476246356964,0.33491209149360657,0.32434022426605225,text,text,1,0.9090909361839294,0.5714285969734192,0.7599999904632568
71,cW1FSBF59ik$_$19,0.20000000298023224,0.07199892401695251,0.284618616104126,0.3086950182914734,0.40668630599975586,0.0594182088971138,0.061980850994586945,0.10567164421081543,0.14058178663253784,0.1380191445350647,0.09432835876941681,0.3265061378479004,0.32755377888679504,0.34594011306762695,vision,vision,1,0.800000011920929,0.7916666865348816,0.8620689511299133
361,lXPQBPVc5Cw$_$18,-1.399999976158142,0.6776590943336487,0.2088562250137329,0.3536424934864044,0.43750131130218506,0.9205737709999084,0.9389072060585022,0.9879523515701294,2.3205738067626953,2.338907241821289,2.3879523277282715,0.3452359139919281,0.3374142050743103,0.31734994053840637,vision,text,0,0.5454545617103577,0.7599999904632568,0.800000011920929
552,vyB00TXsimI$_$20,2.200000047683716,0.7266376614570618,0.22517205774784088,0.34731540083885193,0.427512526512146,0.9754140377044678,1.0377333164215088,1.0806553363800049,1.224586009979248,1.162266731262207,1.119344711303711,0.3104037940502167,0.3355506658554077,0.3540455400943756,vision,vision,1,0.6363636255264282,0.8064516186714172,0.837837815284729
17,c7UH_rxdZv4$_$9,-0.4000000059604645,1.0466651916503906,0.326609343290329,0.2791394889354706,0.39425116777420044,1.0868122577667236,1.0827261209487915,1.1281425952911377,1.4868122339248657,1.4827260971069336,1.5281425714492798,0.3384358584880829,0.34016889333724976,0.32139524817466736,vision,audio,0,0.8518518805503845,0.71875,0.8235294222831726
367,nbWiPyCm4g0$_$5,-1.399999976158142,-0.0012884587049484253,0.32582175731658936,0.3180930018424988,0.35608524084091187,-0.26291653513908386,-0.3784296214580536,-0.19378432631492615,1.1370834112167358,1.0215703248977661,1.2062156200408936,0.3254626393318176,0.376018762588501,0.29851865768432617,vision,audio,0,0.8611111044883728,0.790123462677002,0.78125
338,lXPQBPVc5Cw$_$21,1.7999999523162842,-0.17796875536441803,0.21440766751766205,0.37040194869041443,0.4151904284954071,-0.16758818924427032,-0.11672481894493103,-0.08311564475297928,1.967588186264038,1.9167248010635376,1.8831156492233276,0.31476128101348877,0.33542343974113464,0.3498152792453766,vision,vision,1,0.5833333134651184,0.8095238208770752,0.800000011920929
453,rnaNMUZpvvg$_$2,2.25,2.45772647857666,0.3244069814682007,0.34828996658325195,0.32730305194854736,2.9021050930023193,2.929215908050537,2.8948943614959717,0.6521050930023193,0.6792159080505371,0.6448943614959717,0.3360516130924225,0.3248541057109833,0.33909428119659424,audio,vision,0,0.7777777910232544,0.7647058963775635,0.6666666865348816
584,wMbj6ajWbic$_$1,0.5,1.4949060678482056,0.3231862485408783,0.31974533200263977,0.3570684492588043,1.7671818733215332,1.7802356481552124,1.7508693933486938,1.2671818733215332,1.2802356481552124,1.2508693933486938,0.33284348249435425,0.3274564743041992,0.33970004320144653,vision,vision,1,0.8999999761581421,0.8500000238418579,0.8333333134651184
667,zhpQhgha_KU$_$6,1.0,0.8244519829750061,0.35844874382019043,0.2624010741710663,0.37915024161338806,0.9968770742416382,1.002503514289856,1.0533586740493774,0.0031229257583618164,0.002503514289855957,0.05335867404937744,0.34014636278152466,0.3404098153114319,0.31944379210472107,vision,audio,0,1.0,0.800000011920929,0.9166666865348816
464,rnaNMUZpvvg$_$15,-1.600000023841858,-0.9577624201774597,0.2730959951877594,0.34358516335487366,0.38331884145736694,-1.7047317028045654,-1.8368040323257446,-1.742267370223999,0.10473167896270752,0.23680400848388672,0.1422673463821411,0.35689032077789307,0.3025777041912079,0.34053197503089905,vision,text,0,0.7631579041481018,0.8395061492919922,0.8181818127632141
440,phBUpBr1hSo$_$2,2.200000047683716,1.18326997756958,0.433181494474411,0.28642258048057556,0.2803959250450134,1.4076074361801147,1.4493225812911987,1.4317106008529663,0.7923926115036011,0.7506774663925171,0.7682894468307495,0.32424214482307434,0.3415980041027069,0.33415988087654114,text,audio,0,1.0,0.75,0.6666666865348816
151,d6hH302o4v8$_$14,-1.7999999523162842,-1.0636693239212036,0.34053829312324524,0.30531010031700134,0.35415157675743103,-1.6464582681655884,-1.7102292776107788,-1.6478766202926636,0.1535416841506958,0.08977067470550537,0.1521233320236206,0.3241752088069916,0.35107430815696716,0.32475045323371887,vision,audio,0,0.9285714030265808,0.8275862336158752,0.8285714387893677
181,etzxEpPuc6I$_$13,-2.200000047683716,0.6287313103675842,0.3216426968574524,0.3259862959384918,0.3523709774017334,0.5794282555580139,0.5204524993896484,0.5451981425285339,2.779428243637085,2.7204525470733643,2.7451982498168945,0.3204900622367859,0.3450092077255249,0.33450064063072205,vision,audio,0,0.8333333134651184,0.7979797720909119,0.761904776096344
383,nzpVDcQ0ywM$_$7,-1.0,-0.7342596650123596,0.38783392310142517,0.3226245939731598,0.2895415127277374,-0.796029806137085,-0.7660676836967468,-0.7564036250114441,0.20397019386291504,0.23393231630325317,0.2435963749885559,0.34306326508522034,0.3304522931575775,0.32648441195487976,text,text,1,1.0,0.8636363744735718,0.7407407164573669
506,tmZoasNr4rU$_$13,-0.800000011920929,-0.48977768421173096,0.36923494935035706,0.30940333008766174,0.3213617205619812,-0.8689178228378296,-0.9955366849899292,-0.8247394561767578,0.06891781091690063,0.19553667306900024,0.024739444255828857,0.34359627962112427,0.2932993769645691,0.36310437321662903,text,vision,0,0.9375,0.7900000214576721,0.7413793206214905
243,fvVhgmXxadc$_$11,-0.20000000298023224,0.8712812066078186,0.35846373438835144,0.2973203957080841,0.34421586990356445,0.9670892953872681,0.9566786289215088,0.9941549897193909,1.1670893430709839,1.1566786766052246,1.194154977798462,0.33558937907218933,0.33998504281044006,0.324425607919693,text,audio,0,0.9200000166893005,0.7846153974533081,0.7857142686843872
652,zhpQhgha_KU$_$25,1.0,-0.3868263363838196,0.285585880279541,0.30389437079429626,0.4105197489261627,-0.6439944505691528,-0.6822662949562073,-0.6261294484138489,1.6439944505691528,1.6822662353515625,1.626129388809204,0.3360363245010376,0.3203388750553131,0.3436248302459717,vision,vision,1,0.75,0.7352941036224365,0.8108108043670654
88,cXypl4FnoZo$_$7,-1.0,-0.8442656397819519,0.36056581139564514,0.30033376812934875,0.3391004204750061,-1.197218418121338,-1.2474595308303833,-1.1836193799972534,0.1972184181213379,0.2474595308303833,0.18361937999725342,0.3382636606693268,0.3176735043525696,0.34406283497810364,text,vision,0,1.0,0.8636363744735718,0.8518518805503845
204,f9O3YtZ2VfI$_$22,1.399999976158142,1.0504454374313354,0.3556804060935974,0.28782185912132263,0.35649770498275757,1.2341020107269287,1.2639495134353638,1.2724417448043823,0.16589796543121338,0.13605046272277832,0.12755823135375977,0.32392799854278564,0.33624184131622314,0.3398301601409912,vision,vision,1,0.9090909361839294,0.7586206793785095,0.7941176295280457
206,f9O3YtZ2VfI$_$28,1.2000000476837158,2.132512092590332,0.23922204971313477,0.37437447905540466,0.38640350103378296,2.5548713207244873,2.5862958431243896,2.512794256210327,1.3548712730407715,1.3862957954406738,1.3127942085266113,0.33162161707878113,0.3188478350639343,0.34953054785728455,vision,vision,1,0.625,0.8064516186714172,0.75
165,dq3Nf_lMPnE$_$10,1.0,2.237946033477783,0.27183544635772705,0.3962249755859375,0.33193957805633545,2.63986873626709,2.655884265899658,2.5809476375579834,1.6398687362670898,1.6558842658996582,1.5809476375579834,0.32715973258018494,0.3206753134727478,0.35216501355171204,audio,vision,0,0.699999988079071,0.84375,0.6842105388641357
479,tIrG4oNLFzE$_$1,2.799999952316284,1.0351662635803223,0.33718979358673096,0.3266494572162628,0.33616071939468384,1.2723108530044556,1.3215659856796265,1.3677939176559448,1.5276890993118286,1.4784339666366577,1.4322060346603394,0.31345292925834656,0.3333583176136017,0.35318881273269653,text,vision,0,0.9166666865348816,0.8536585569381714,0.795918345451355
590,wMbj6ajWbic$_$6,1.7999999523162842,1.154837727546692,0.30307018756866455,0.30734559893608093,0.3895842432975769,1.2911090850830078,1.2675899267196655,1.2592214345932007,0.5088908672332764,0.5324100255966187,0.5407785177230835,0.3410695195198059,0.3311884105205536,0.3277420401573181,vision,text,0,0.8571428656578064,0.8235294222831726,0.8666666746139526
654,zhpQhgha_KU$_$27,0.800000011920929,1.830883264541626,0.36726388335227966,0.28794172406196594,0.3447944223880768,2.132791757583618,2.119870662689209,2.082597494125366,1.332791805267334,1.3198707103729248,1.282597541809082,0.32456621527671814,0.329850971698761,0.34558284282684326,text,vision,0,1.0,0.8333333134651184,0.8571428656578064
365,nbWiPyCm4g0$_$3,-1.7999999523162842,0.3850400447845459,0.28705668449401855,0.3102423846721649,0.40270090103149414,0.41083598136901855,0.441622793674469,0.5352767109870911,2.2108359336853027,2.2416226863861084,2.3352766036987305,0.3548375964164734,0.3414415717124939,0.3037208914756775,vision,text,0,0.75,0.7333333492279053,0.800000011920929
288,jUzDDGyPkXU$_$7,-0.6000000238418579,-0.43970268964767456,0.24451206624507904,0.40166622400283813,0.35382166504859924,-0.7443622350692749,-0.7844096422195435,-0.721347451210022,0.144362211227417,0.18440961837768555,0.12134742736816406,0.33553001284599304,0.3191470801830292,0.3453228771686554,audio,vision,0,0.6842105388641357,0.8867924809455872,0.75
18,c7UH_rxdZv4$_$8,-2.799999952316284,1.1668750047683716,0.32428157329559326,0.2935403287410736,0.38217809796333313,1.3431777954101562,1.362212061882019,1.3731483221054077,4.1431779861450195,4.162211894989014,4.173148155212402,0.34016865491867065,0.33217063546180725,0.32766076922416687,vision,text,0,0.8500000238418579,0.7528089880943298,0.8153846263885498
274,iiK8YX8oH1E$_$8,-1.0,0.3973647952079773,0.3185153901576996,0.31331929564476013,0.3681652545928955,0.4755731225013733,0.47928953170776367,0.5208864808082581,1.4755730628967285,1.4792895317077637,1.5208864212036133,0.3401016294956207,0.33852529525756836,0.3213731050491333,vision,text,0,0.8333333134651184,0.78125,0.7894737124443054
662,zhpQhgha_KU$_$3,-1.600000023841858,-0.6820303201675415,0.35434672236442566,0.29070374369621277,0.35494959354400635,-1.0879491567611694,-1.1941689252853394,-1.075715184211731,0.5120508670806885,0.40583109855651855,0.524284839630127,0.3198140859603882,0.36522534489631653,0.3149605691432953,vision,audio,0,0.8999999761581421,0.7586206793785095,0.7857142686843872
363,nbWiPyCm4g0$_$10,1.2000000476837158,2.1281301975250244,0.2529074251651764,0.3896825909614563,0.3574099838733673,2.516418695449829,2.5723142623901367,2.5703017711639404,1.3164186477661133,1.372314214706421,1.3703017234802246,0.34875044226646423,0.32521525025367737,0.3260343372821808,audio,text,0,0.7272727489471436,0.8780487775802612,0.7708333134651184
674,zhpQhgha_KU$_$15,-2.0,-1.0761569738388062,0.3297595977783203,0.3070142865180969,0.3632260262966156,-1.7832450866699219,-1.9138389825820923,-1.8243794441223145,0.21675491333007812,0.08616101741790771,0.17562055587768555,0.30958935618400574,0.364486426115036,0.32592421770095825,vision,audio,0,0.8648648858070374,0.7894737124443054,0.7956989407539368
15,c7UH_rxdZv4$_$7,-3.0,-0.9373401999473572,0.2945225238800049,0.3758847415447235,0.3295927047729492,-1.3530818223953247,-1.3930267095565796,-1.3243576288223267,1.6469181776046753,1.6069732904434204,1.6756423711776733,0.33157265186309814,0.3485487103462219,0.31987863779067993,audio,audio,1,0.8571428656578064,0.9375,0.800000011920929
466,rnaNMUZpvvg$_$17,-1.600000023841858,-0.783033013343811,0.3580555021762848,0.26958534121513367,0.37235912680625916,-1.179874300956726,-1.2291074991226196,-1.1194705963134766,0.42012572288513184,0.3708925247192383,0.48052942752838135,0.33436429500579834,0.3555879294872284,0.31004777550697327,vision,audio,0,0.8571428656578064,0.6666666865348816,0.7599999904632568
470,tIrG4oNLFzE$_$11,-1.600000023841858,0.09676960110664368,0.3112347722053528,0.32157400250434875,0.36719125509262085,-0.14034898579120636,-0.2854042947292328,-0.09371396154165268,1.459650993347168,1.3145956993103027,1.5062860250473022,0.3182513415813446,0.38151898980140686,0.30022963881492615,vision,audio,0,0.8125,0.7719298005104065,0.7720588445663452
205,f9O3YtZ2VfI$_$23,1.600000023841858,1.467637538909912,0.32639217376708984,0.25467824935913086,0.4189296066761017,1.7462297677993774,1.767841100692749,1.7421916723251343,0.14622974395751953,0.1678410768508911,0.14219164848327637,0.33574989438056946,0.32680127024650574,0.3374488651752472,vision,vision,1,0.8333333134651184,0.6666666865348816,0.84375
298,jUzDDGyPkXU$_$17,-2.799999952316284,-1.2185291051864624,0.2533392906188965,0.41133517026901245,0.3353255093097687,-2.0427684783935547,-2.099807024002075,-2.0148658752441406,0.7572314739227295,0.700192928314209,0.7851340770721436,0.3289880156517029,0.35330066084861755,0.3177112638950348,audio,audio,1,0.7142857313156128,0.9047619104385376,0.7307692170143127
132,d6hH302o4v8$_$29,-1.7999999523162842,0.7187239527702332,0.30565813183784485,0.2975904941558838,0.3967513144016266,0.7735689878463745,0.7852946519851685,0.8551326990127563,2.573568820953369,2.585294723510742,2.65513277053833,0.34619808197021484,0.34116071462631226,0.3126412034034729,vision,text,0,0.8148148059844971,0.7571428418159485,0.8292682766914368
137,d6hH302o4v8$_$2,-1.7999999523162842,0.9285452961921692,0.25441843271255493,0.37605002522468567,0.369531512260437,1.181423306465149,1.2340787649154663,1.2655516862869263,2.9814233779907227,3.034078598022461,3.0655517578125,0.35254961252212524,0.33009228110313416,0.3173581063747406,audio,text,0,0.7272727489471436,0.8787878751754761,0.7948718070983887
535,v0zCBqDeKcE$_$4,0.0,0.8766577839851379,0.3246495723724365,0.2870670258998871,0.3882834315299988,1.0254347324371338,1.0420200824737549,1.0625087022781372,1.0254347324371338,1.0420200824737549,1.0625087022781372,0.34080880880355835,0.33381596207618713,0.3253752589225769,vision,text,0,0.8823529481887817,0.7777777910232544,0.8571428656578064
617,yDtzw_Y-7RU$_$8,-1.5,-0.25543689727783203,0.29850220680236816,0.29806312918663025,0.4034346640110016,-0.34068623185157776,-0.3364740312099457,-0.26834607124328613,1.1593137979507446,1.163525938987732,1.2316539287567139,0.34384453296661377,0.3420388698577881,0.31411662697792053,vision,text,0,0.8571428656578064,0.8125,0.8947368264198303
305,k5Y_838nuGo$_$27,-0.800000011920929,-0.266726553440094,0.33837413787841797,0.30296507477760315,0.3586607873439789,-0.4623047709465027,-0.5486736297607422,-0.4592151641845703,0.33769524097442627,0.25132638216018677,0.34078484773635864,0.321527898311615,0.35818344354629517,0.3202885687351227,vision,audio,0,0.8787878751754761,0.7849462628364563,0.7946428656578064
248,fvVhgmXxadc$_$1,-0.4000000059604645,1.1940996646881104,0.34826934337615967,0.29629191756248474,0.3554387390613556,1.367627501487732,1.3660439252853394,1.418658971786499,1.767627477645874,1.7660439014434814,1.8186589479446411,0.3401147723197937,0.34078869223594666,0.3190965950489044,vision,audio,0,0.8999999761581421,0.7692307829856873,0.7954545617103577
474,tIrG4oNLFzE$_$15,-2.0,1.7914040088653564,0.3346124589443207,0.29584965109825134,0.36953791975975037,2.0658507347106934,2.0548181533813477,2.0195183753967285,4.065850734710693,4.054818153381348,4.0195183753967285,0.32536065578460693,0.3298788070678711,0.3447605073451996,vision,vision,1,0.875,0.7746478915214539,0.8095238208770752
162,d6hH302o4v8$_$33,-3.0,-1.5395747423171997,0.3872414827346802,0.3175370693206787,0.2952214479446411,-2.196192979812622,-2.206002712249756,-2.173079013824463,0.8038070201873779,0.7939972877502441,0.8269209861755371,0.3351365327835083,0.33927130699157715,0.32559213042259216,text,audio,0,1.0,0.8571428656578064,0.75
530,v0zCBqDeKcE$_$16,0.0,1.2100518941879272,0.29291409254074097,0.2183174341917038,0.4887685179710388,1.4056353569030762,1.4370300769805908,1.4015166759490967,1.4056353569030762,1.4370300769805908,1.4015166759490967,0.3370773494243622,0.32410547137260437,0.3388172388076782,vision,vision,1,0.8571428656578064,0.6666666865348816,1.0
386,nzpVDcQ0ywM$_$8,2.0,2.6006805896759033,0.3398509621620178,0.35123223066329956,0.3089168071746826,3.0559628009796143,3.0678083896636963,3.033881664276123,1.0559628009796143,1.0678083896636963,1.033881664276123,0.3318634331226349,0.3269857168197632,0.3411508798599243,audio,vision,0,0.9285714030265808,0.8999999761581421,0.7666666507720947
360,lXPQBPVc5Cw$_$19,-1.7999999523162842,-1.1930276155471802,0.34330177307128906,0.3480989933013916,0.30859920382499695,-1.7724955081939697,-1.8224626779556274,-1.75992751121521,0.027504444122314453,0.02246272563934326,0.04007244110107422,0.33436599373817444,0.33647990226745605,0.3291541337966919,audio,audio,1,0.8888888955116272,0.8500000238418579,0.7200000286102295
265,iiK8YX8oH1E$_$18,-1.0,0.5576838850975037,0.25657039880752563,0.3098433315753937,0.4335862398147583,0.6723700761795044,0.6941521167755127,0.7052547335624695,1.6723700761795044,1.6941521167755127,1.7052547931671143,0.34096330404281616,0.33180493116378784,0.32723182439804077,vision,text,0,0.7272727489471436,0.7777777910232544,0.875
343,lXPQBPVc5Cw$_$1,0.20000000298023224,1.5501898527145386,0.3539329171180725,0.332742840051651,0.3133242130279541,1.785857081413269,1.782012939453125,1.7609602212905884,1.5858570337295532,1.5820128917694092,1.5609601736068726,0.32933440804481506,0.3309207558631897,0.33974480628967285,text,vision,0,0.8888888955116272,0.8163265585899353,0.7118644118309021
26,c7UH_rxdZv4$_$16,-2.0,-1.0089383125305176,0.3939116299152374,0.28296196460723877,0.32312634587287903,-1.5549452304840088,-1.645588994026184,-1.4817010164260864,0.4450547695159912,0.3544110059738159,0.5182989835739136,0.32976263761520386,0.36932533979415894,0.3009120225906372,text,audio,0,1.0,0.7727272510528564,0.7692307829856873
562,vyB00TXsimI$_$9,-0.25,0.9350691437721252,0.3216474950313568,0.29013898968696594,0.38821351528167725,1.1595433950424194,1.2057830095291138,1.210957407951355,1.4095433950424194,1.4557830095291138,1.460957407951355,0.34703025221824646,0.3275407552719116,0.3254290521144867,vision,text,0,0.800000011920929,0.7058823704719543,0.7749999761581421
434,phBUpBr1hSo$_$16,-1.600000023841858,0.6294748783111572,0.3234928250312805,0.30897969007492065,0.3675275146961212,0.6619181632995605,0.6391940116882324,0.6704601645469666,2.261918067932129,2.239193916320801,2.2704601287841797,0.33132418990135193,0.3408704698085785,0.3278053104877472,vision,audio,0,0.8799999952316284,0.8125,0.8275862336158752
481,tIrG4oNLFzE$_$2,2.4000000953674316,1.7577130794525146,0.2326524555683136,0.35303938388824463,0.4143081307411194,2.1148526668548584,2.146538257598877,2.0969858169555664,0.28514742851257324,0.2534618377685547,0.30301427841186523,0.3313106298446655,0.3446961045265198,0.3239932358264923,vision,audio,0,0.6363636255264282,0.800000011920929,0.8055555820465088
279,jUzDDGyPkXU$_$20,-2.200000047683716,-1.3627676963806152,0.3647805154323578,0.27167412638664246,0.36354532837867737,-2.0552611351013184,-2.095919370651245,-2.0450706481933594,0.14473891258239746,0.1040806770324707,0.15492939949035645,0.3290037512779236,0.3461568057537079,0.32483941316604614,text,audio,0,0.8999999761581421,0.7027027010917664,0.7777777910232544
666,zhpQhgha_KU$_$7,1.0,1.1886481046676636,0.39315536618232727,0.2674071490764618,0.33943742513656616,1.2678278684616089,1.3295625448226929,1.2929399013519287,0.2678278684616089,0.32956254482269287,0.2929399013519287,0.3454432189464569,0.31978854537010193,0.3347681760787964,text,text,1,1.0,0.7692307829856873,0.8125
627,yDtzw_Y-7RU$_$18,-2.0,1.6752047538757324,0.2979159653186798,0.2780442237854004,0.4240398108959198,1.9899441003799438,1.9960576295852661,1.9884068965911865,3.9899439811706543,3.9960575103759766,3.9884068965911865,0.3339666426181793,0.3314242660999298,0.3346090614795685,vision,vision,1,0.75,0.6734693646430969,0.8103448152542114
390,nzpVDcQ0ywM$_$12,-1.399999976158142,-0.47606247663497925,0.28472772240638733,0.3875734210014343,0.32769888639450073,-0.937157928943634,-1.0263015031814575,-0.8690774440765381,0.46284204721450806,0.37369847297668457,0.530922532081604,0.32934874296188354,0.36817073822021484,0.30248045921325684,audio,audio,1,0.800000011920929,0.8974359035491943,0.7446808218955994
51,cW1FSBF59ik$_$21,1.600000023841858,0.42739158868789673,0.19100867211818695,0.3942455053329468,0.4147457778453827,0.5482149124145508,0.5837568044662476,0.6097016930580139,1.0517851114273071,1.0162432193756104,0.990298330783844,0.3199673891067505,0.3345032036304474,0.34552937746047974,vision,vision,1,0.6153846383094788,0.931034505367279,0.8823529481887817
673,zhpQhgha_KU$_$12,-1.399999976158142,-0.0708288699388504,0.24986721575260162,0.3101454973220825,0.43998730182647705,-0.43222707509994507,-0.5149549245834351,-0.36588194966316223,0.967772901058197,0.885045051574707,1.0341180562973022,0.33010274171829224,0.36606600880622864,0.30383121967315674,vision,audio,0,0.6842105388641357,0.7400000095367432,0.8461538553237915
622,yDtzw_Y-7RU$_$15,0.6000000238418579,1.7206703424453735,0.3911355137825012,0.30166003108024597,0.3072044253349304,1.9082366228103638,1.8149182796478271,1.8649641275405884,1.3082365989685059,1.2149182558059692,1.2649641036987305,0.3145342469215393,0.35344961285591125,0.33201614022254944,text,audio,0,0.9230769276618958,0.75,0.6969696879386902
519,tmZoasNr4rU$_$4,-0.800000011920929,-0.7890100479125977,0.3123709559440613,0.31723785400390625,0.3703911602497101,-1.3554418087005615,-1.4619752168655396,-1.3578161001205444,0.5554417967796326,0.6619752049446106,0.5578160881996155,0.3481462895870209,0.3047391176223755,0.34711453318595886,vision,text,0,0.8333333134651184,0.8014184236526489,0.8035714030265808
62,cW1FSBF59ik$_$8,1.7999999523162842,0.7793716788291931,0.29775214195251465,0.290000855922699,0.4122470021247864,1.0058743953704834,1.051439881324768,1.0622825622558594,0.7941255569458008,0.7485600709915161,0.7377173900604248,0.31931889057159424,0.3380342423915863,0.34264689683914185,vision,vision,1,0.8571428656578064,0.800000011920929,0.9032257795333862
233,f_pcplsH_V0$_$14,-1.0,0.3801296353340149,0.3014374077320099,0.323485404253006,0.3750772178173065,0.4400508999824524,0.44100016355514526,0.484011173248291,1.4400508403778076,1.44100022315979,1.484011173248291,0.3395186960697174,0.33911603689193726,0.3213652968406677,vision,text,0,0.800000011920929,0.7956989407539368,0.7946428656578064
150,d6hH302o4v8$_$15,-1.75,-1.0027689933776855,0.40029376745224,0.3298008143901825,0.2699054777622223,-1.295375943183899,-1.3276147842407227,-1.2741587162017822,0.4546240568161011,0.42238521575927734,0.4758412837982178,0.33168062567710876,0.34531983733177185,0.3229995667934418,text,audio,0,1.0,0.8571428656578064,0.6875
569,vyB00TXsimI$_$14,2.0,2.637920379638672,0.3705707788467407,0.30162107944488525,0.32780808210372925,3.0939314365386963,3.088789939880371,3.042078971862793,1.0939314365386963,1.088789939880371,1.042078971862793,0.32537153363227844,0.3274693489074707,0.34715911746025085,text,vision,0,0.9090909361839294,0.7599999904632568,0.7333333492279053
316,k5Y_838nuGo$_$4,1.0,1.9467116594314575,0.30187803506851196,0.352897971868515,0.3452240228652954,2.2905356884002686,2.2890071868896484,2.2552263736724854,1.2905356884002686,1.2890071868896484,1.2552263736724854,0.32818761467933655,0.3288152515888214,0.34299713373184204,audio,vision,0,0.8461538553237915,0.8799999952316284,0.800000011920929
364,nbWiPyCm4g0$_$1,1.2000000476837158,1.0992273092269897,0.32582932710647583,0.29378023743629456,0.3803904354572296,1.290790319442749,1.3550993204116821,1.4018460512161255,0.0907902717590332,0.1550992727279663,0.20184600353240967,0.3580193817615509,0.330365926027298,0.3116146922111511,vision,text,0,0.8999999761581421,0.78125,0.8461538553237915
526,v0zCBqDeKcE$_$13,1.7999999523162842,0.43051791191101074,0.32398077845573425,0.29044219851493835,0.3855770528316498,0.34120744466781616,0.3400793969631195,0.4423995018005371,1.4587924480438232,1.4599205255508423,1.357600450515747,0.3191392123699188,0.3186894953250885,0.36217132210731506,vision,vision,1,0.8799999952316284,0.7631579041481018,0.8369565010070801
222,f9O3YtZ2VfI$_$14,1.2000000476837158,0.5404745936393738,0.3385990262031555,0.23712046444416046,0.4242805540561676,0.6739896535873413,0.7257645130157471,0.7463337779045105,0.5260103940963745,0.47423553466796875,0.4536662697792053,0.3163052201271057,0.3374529480934143,0.34624189138412476,vision,vision,1,0.8888888955116272,0.6666666865348816,0.8888888955116272
63,cW1FSBF59ik$_$11,-1.0,-0.6155017018318176,0.3687283992767334,0.30916300415992737,0.3221086859703064,-0.902616024017334,-0.9834614396095276,-0.8861829042434692,0.09738397598266602,0.016538560390472412,0.11381709575653076,0.32404327392578125,0.3585018515586853,0.31745487451553345,text,audio,0,0.9411764740943909,0.8117647171020508,0.7572815418243408
418,pLTX3ipuDJI$_$1,-2.4000000953674316,1.7362576723098755,0.290803998708725,0.35518014430999756,0.35401588678359985,2.036882162094116,2.051292896270752,2.003922462463379,4.436882019042969,4.451292991638184,4.4039225578308105,0.33066514134407043,0.3247620165348053,0.34457284212112427,audio,vision,0,0.7647058963775635,0.8214285969734192,0.746268630027771
395,nzpVDcQ0ywM$_$19,-2.0,0.6916624307632446,0.27905094623565674,0.2679683268070221,0.45298078656196594,0.8382766246795654,0.846326470375061,0.9044768810272217,2.8382766246795654,2.8463263511657715,2.9044768810272217,0.3435753881931305,0.3401356637477875,0.3162889778614044,vision,text,0,0.75,0.6851851940155029,0.875
540,vvZ4IcEtiZc$_$11,1.600000023841858,1.5548738241195679,0.37212663888931274,0.29300785064697266,0.3348654806613922,1.7641984224319458,1.7321922779083252,1.7270127534866333,0.1641983985900879,0.13219225406646729,0.1270127296447754,0.3237924575805664,0.3370092809200287,0.3391982913017273,text,vision,0,0.9166666865348816,0.75,0.75
451,rnaNMUZpvvg$_$1,-2.5999999046325684,-1.4978737831115723,0.30291616916656494,0.304871529340744,0.39221227169036865,-2.4165422916412354,-2.4957845211029053,-2.4218056201934814,0.183457612991333,0.10421538352966309,0.17819428443908691,0.32146841287612915,0.354941189289093,0.32359036803245544,vision,audio,0,0.8333333134651184,0.7906976938247681,0.843137264251709
275,jUzDDGyPkXU$_$24,-1.0,-0.5927832126617432,0.3610118329524994,0.34143945574760437,0.29754868149757385,-0.7900004386901855,-0.8591002225875854,-0.8040968775749207,0.20999956130981445,0.14089977741241455,0.19590312242507935,0.321751207113266,0.35077792406082153,0.3274708688259125,text,audio,0,0.9259259104728699,0.8541666865348816,0.7142857313156128
216,f9O3YtZ2VfI$_$8,-1.7999999523162842,0.09399168193340302,0.3242308795452118,0.27658385038375854,0.3991852104663849,0.2351718693971634,0.26270800828933716,0.2553759217262268,2.0351717472076416,2.0627079010009766,2.055375814437866,0.33999425172805786,0.32849064469337463,0.3315151035785675,vision,text,0,0.9090909361839294,0.7878788113594055,0.8999999761581421
100,cXypl4FnoZo$_$19,0.800000011920929,0.31635379791259766,0.33345845341682434,0.30489403009414673,0.36164751648902893,0.3025020360946655,0.13878199458122253,0.1653195470571518,0.4974979758262634,0.6612180471420288,0.634680449962616,0.37631458044052124,0.3066709637641907,0.3170144557952881,vision,text,0,0.875,0.7922077775001526,0.800000011920929
583,wMbj6ajWbic$_$29,1.7999999523162842,2.759986639022827,0.33923959732055664,0.31920474767684937,0.34155571460723877,3.1915056705474854,3.165408134460449,3.0799148082733154,1.3915057182312012,1.365408182144165,1.2799148559570312,0.3141842782497406,0.32460257411003113,0.3612131178379059,vision,vision,1,0.8888888955116272,0.8157894611358643,0.7777777910232544
542,vvZ4IcEtiZc$_$12,0.20000000298023224,1.3351635932922363,0.3012351095676422,0.3205786943435669,0.3781861662864685,1.494917392730713,1.4874149560928345,1.5292562246322632,1.294917345046997,1.2874149084091187,1.3292561769485474,0.33699458837509155,0.3401697874069214,0.32283562421798706,vision,audio,0,0.8666666746139526,0.8500000238418579,0.8658536672592163
658,zhpQhgha_KU$_$23,-0.5,0.5417187809944153,0.2875421643257141,0.3472559452056885,0.3652019202709198,0.6709250211715698,0.7054036855697632,0.7426146864891052,1.1709250211715698,1.2054036855697632,1.24261474609375,0.3481769561767578,0.33348986506462097,0.318333238363266,vision,text,0,0.8333333134651184,0.8857142925262451,0.8372092843055725
149,d6hH302o4v8$_$12,1.399999976158142,1.4363454580307007,0.3140563368797302,0.2658435106277466,0.4201001524925232,1.6920043230056763,1.6932976245880127,1.6694034337997437,0.2920043468475342,0.2932976484298706,0.26940345764160156,0.3303558826446533,0.329822301864624,0.33982187509536743,vision,vision,1,0.8888888955116272,0.761904776096344,0.9200000166893005
520,tmZoasNr4rU$_$7,-1.0,-0.33711814880371094,0.3291776776313782,0.3028717339038849,0.3679506182670593,-0.6742051243782043,-0.7963821887969971,-0.6601331233978271,0.32579487562179565,0.20361781120300293,0.33986687660217285,0.31770601868629456,0.3701275885105133,0.3121664226055145,vision,audio,0,0.8620689511299133,0.7727272510528564,0.7989130616188049
303,k5Y_838nuGo$_$25,-0.20000000298023224,-0.759544849395752,0.3294440805912018,0.2912102937698364,0.3793456256389618,-1.3569729328155518,-1.4721925258636475,-1.326615333557129,1.156972885131836,1.2721924781799316,1.126615285873413,0.34428825974464417,0.29810768365859985,0.357604056596756,vision,vision,1,0.8571428656578064,0.7446808218955994,0.8070175647735596
306,k5Y_838nuGo$_$20,0.4000000059604645,-0.11190511286258698,0.3414302170276642,0.2976604104042053,0.3609093725681305,-0.11035512387752533,-0.12104549258947372,-0.03808700293302536,0.5103551149368286,0.5210455060005188,0.43808701634407043,0.3245418071746826,0.3202338218688965,0.3552243411540985,vision,vision,1,0.800000011920929,0.6842105388641357,0.7142857313156128
136,d6hH302o4v8$_$3,0.20000000298023224,0.8090798258781433,0.3222055435180664,0.29167458415031433,0.38611990213394165,0.945346474647522,0.9555367827415466,0.9837653636932373,0.7453464865684509,0.7555367946624756,0.7837653756141663,0.340083509683609,0.335779070854187,0.32413744926452637,vision,text,0,0.8888888955116272,0.795918345451355,0.8620689511299133
579,wMbj6ajWbic$_$21,1.600000023841858,1.2343413829803467,0.35447317361831665,0.2874002456665039,0.35812652111053467,1.3862775564193726,1.3751717805862427,1.3646241426467896,0.21372246742248535,0.22482824325561523,0.23537588119506836,0.3378937840461731,0.3332354724407196,0.3288707435131073,vision,text,0,0.9411764740943909,0.7948718070983887,0.8297872543334961
443,phBUpBr1hSo$_$7,-1.0,0.6249997019767761,0.2710343897342682,0.3407024145126343,0.38826319575309753,0.6121388673782349,0.5761837959289551,0.6130255460739136,1.6121388673782349,1.576183795928955,1.6130255460739136,0.3284222185611725,0.343519389629364,0.3280583620071411,vision,audio,0,0.7142857313156128,0.7916666865348816,0.7847222089767456
661,zhpQhgha_KU$_$1,-1.600000023841858,-0.9346590042114258,0.22244258224964142,0.3952089548110962,0.3823484778404236,-1.5090155601501465,-1.543196678161621,-1.502057433128357,0.09098446369171143,0.056803345680236816,0.09794259071350098,0.32949012517929077,0.34387311339378357,0.32663673162460327,audio,audio,1,0.7222222089767456,0.9615384340286255,0.875
411,pLTX3ipuDJI$_$11,0.6000000238418579,-0.5995265245437622,0.2684744894504547,0.3925319015979767,0.33899354934692383,-0.9974486827850342,-1.055882453918457,-0.983445405960083,1.597448706626892,1.655882477760315,1.583445429801941,0.33930280804634094,0.3154028356075287,0.3452942967414856,audio,vision,0,0.7058823704719543,0.8510638475418091,0.7017543911933899
394,nzpVDcQ0ywM$_$16,1.399999976158142,1.4361499547958374,0.3997285068035126,0.26076969504356384,0.3395017981529236,1.6167510747909546,1.639880657196045,1.6739650964736938,0.2167510986328125,0.23988068103790283,0.27396512031555176,0.34453272819519043,0.33471420407295227,0.3207530379295349,text,text,1,1.0,0.7317073345184326,0.795918345451355
212,f9O3YtZ2VfI$_$4,-2.4000000953674316,-0.7650836706161499,0.3039878308773041,0.3331983685493469,0.3628137409687042,-1.2917555570602417,-1.3670772314071655,-1.2460747957229614,1.10824453830719,1.0329228639602661,1.1539252996444702,0.3285987377166748,0.3610402047634125,0.3103610575199127,vision,audio,0,0.7272727489471436,0.7250000238418579,0.695652186870575
215,f9O3YtZ2VfI$_$9,-2.200000047683716,-1.063464879989624,0.30146297812461853,0.22321386635303497,0.4753231108188629,-1.3746200799942017,-1.3575776815414429,-1.3451443910598755,0.8253799676895142,0.842422366142273,0.8548556566238403,0.33981841802597046,0.33265578746795654,0.3275257647037506,vision,text,0,0.692307710647583,0.5,0.8048780560493469
475,tIrG4oNLFzE$_$14,-2.4000000953674316,-0.5884883999824524,0.33903470635414124,0.3229134976863861,0.33805182576179504,-0.9538279175758362,-1.0968562364578247,-0.9942575693130493,1.4461722373962402,1.303143858909607,1.4057425260543823,0.3079196810722351,0.36819928884506226,0.32388100028038025,text,audio,0,0.8444444537162781,0.7837837934494019,0.7344632744789124
346,lXPQBPVc5Cw$_$5,-1.0,0.331977903842926,0.33011093735694885,0.2952422499656677,0.37464678287506104,0.33978939056396484,0.35215774178504944,0.44329941272735596,1.3397893905639648,1.352157711982727,1.443299412727356,0.34924834966659546,0.34389036893844604,0.3068612515926361,vision,text,0,0.8928571343421936,0.7894737124443054,0.8369565010070801
32,c7UH_rxdZv4$_$32,-2.200000047683716,-0.41921842098236084,0.23246803879737854,0.36557847261428833,0.40195342898368835,-0.7222002148628235,-0.732138991355896,-0.6664964556694031,1.477799892425537,1.4678610563278198,1.533503532409668,0.3395308554172516,0.34377536177635193,0.31669381260871887,vision,audio,0,0.6666666865348816,0.8500000238418579,0.8260869383811951
217,f9O3YtZ2VfI$_$11,-0.800000011920929,0.3965999484062195,0.2212018519639969,0.3716573715209961,0.407140851020813,0.5265076756477356,0.558006763458252,0.5881344079971313,1.3265076875686646,1.3580067157745361,1.388134479522705,0.3463503122329712,0.33297815918922424,0.3206714987754822,vision,text,0,0.6666666865348816,0.8823529481887817,0.8571428656578064
93,cXypl4FnoZo$_$10,2.0,0.8978891372680664,0.24330681562423706,0.3805239498615265,0.37616923451423645,1.0955997705459595,1.1281296014785767,1.1293777227401733,0.9044002294540405,0.8718703985214233,0.8706222772598267,0.32418832182884216,0.33764222264289856,0.3381693959236145,audio,vision,0,0.6666666865348816,0.8484848737716675,0.7692307829856873
289,jUzDDGyPkXU$_$6,-1.600000023841858,-0.43256616592407227,0.38501131534576416,0.3413381278514862,0.2736506164073944,-0.6293418407440186,-0.71881103515625,-0.6524075269699097,0.9706581830978394,0.8811889886856079,0.9475924968719482,0.3177042007446289,0.35529816150665283,0.32699763774871826,text,audio,0,0.9032257795333862,0.8041236996650696,0.6190476417541504
514,tmZoasNr4rU$_$20,-1.0,-0.4756704568862915,0.34359338879585266,0.30369266867637634,0.35271385312080383,-0.6685954928398132,-0.7025343775749207,-0.6229411959648132,0.33140450716018677,0.29746562242507935,0.37705880403518677,0.3346869945526123,0.3491911292076111,0.3161219358444214,vision,audio,0,0.8999999761581421,0.7948718070983887,0.7916666865348816
319,k5Y_838nuGo$_$9,1.7999999523162842,0.5311364531517029,0.23041708767414093,0.422737717628479,0.34684517979621887,0.6895003318786621,0.7417216300964355,0.7952486276626587,1.110499620437622,1.0582783222198486,1.0047513246536255,0.3116454780101776,0.3326673209667206,0.3556872308254242,audio,vision,0,0.625,0.8695651888847351,0.7037037014961243
424,pLTX3ipuDJI$_$6,-1.399999976158142,1.22763991355896,0.33258235454559326,0.3232879340648651,0.3441297709941864,1.3675588369369507,1.351847529411316,1.3368313312530518,2.7675588130950928,2.751847505569458,2.7368311882019043,0.3269052505493164,0.33338889479637146,0.33970585465431213,vision,vision,1,0.8500000238418579,0.7924528121948242,0.75
296,jUzDDGyPkXU$_$15,1.3333333730697632,1.5797600746154785,0.2903226315975189,0.33833470940589905,0.37134262919425964,1.8502821922302246,1.8362692594528198,1.8085740804672241,0.5169488191604614,0.5029358863830566,0.47524070739746094,0.3256068527698517,0.33136045932769775,0.34303268790245056,vision,vision,1,0.7647058963775635,0.7954545617103577,0.7735849022865295
269,iiK8YX8oH1E$_$5,-0.4000000059604645,-0.08128701150417328,0.32898491621017456,0.2832995355129242,0.38771557807922363,-0.21689148247241974,-0.32876691222190857,-0.28892016410827637,0.18310852348804474,0.07123309373855591,0.11107984185218811,0.3082320988178253,0.3544961214065552,0.3372717499732971,vision,audio,0,0.8571428656578064,0.7438016533851624,0.824999988079071
320,k5Y_838nuGo$_$8,-1.399999976158142,0.03429432958364487,0.3159913718700409,0.3087984323501587,0.3752102255821228,0.07083778083324432,0.05604211986064911,0.10523887723684311,1.4708377122879028,1.4560420513153076,1.5052388906478882,0.3359563946723938,0.34222760796546936,0.32181596755981445,vision,audio,0,0.8571428656578064,0.800000011920929,0.8333333134651184
564,vyB00TXsimI$_$11,-0.20000000298023224,-0.13967394828796387,0.33816850185394287,0.3299638032913208,0.3318677246570587,-0.24509067833423615,-0.3042421042919159,-0.14946505427360535,0.045090675354003906,0.10424210131168365,0.05053494870662689,0.3422377109527588,0.31784576177597046,0.3399165868759155,text,text,1,0.9333333373069763,0.8648648858070374,0.800000011920929
101,cXypl4FnoZo$_$18,-0.25,-0.46551328897476196,0.290164053440094,0.3490484654903412,0.36078742146492004,-0.7827073335647583,-0.8834868669509888,-0.7972018122673035,0.5327073335647583,0.6334868669509888,0.5472018122673035,0.3492007255554199,0.30786845088005066,0.3429308533668518,vision,text,0,0.8095238208770752,0.8630136847496033,0.8045976758003235
43,cM3Yna7AavY$_$5,2.799999952316284,-0.4376586675643921,0.3101564645767212,0.314411461353302,0.3754320442676544,-0.7696939706802368,-0.8183491230010986,-0.6988258361816406,3.5696940422058105,3.618349075317383,3.498825788497925,0.3296390473842621,0.31018829345703125,0.36017265915870667,vision,vision,1,0.8333333134651184,0.7906976938247681,0.807692289352417
397,ob23OKe5a9Q$_$11,0.800000011920929,2.741462230682373,0.28400883078575134,0.300095796585083,0.41589540243148804,3.1805684566497803,3.159696102142334,3.0691230297088623,2.380568504333496,2.35969614982605,2.269123077392578,0.31487035751342773,0.3231935501098633,0.36193612217903137,vision,vision,1,0.7575757503509521,0.7443609237670898,0.8333333134651184
144,d6hH302o4v8$_$39,-3.0,-1.336047887802124,0.373273104429245,0.2701930105686188,0.35653388500213623,-2.214811325073242,-2.333097457885742,-2.186420202255249,0.7851886749267578,0.6669025421142578,0.813579797744751,0.3200531303882599,0.37105289101600647,0.30889400839805603,text,audio,0,1.0,0.7857142686843872,0.8529411554336548
195,etzxEpPuc6I$_$6,0.4000000059604645,0.8032658100128174,0.3232576251029968,0.283620685338974,0.3931216895580292,0.9050891399383545,0.912170946598053,0.9118401408195496,0.5050891637802124,0.5121709108352661,0.5118401050567627,0.33525729179382324,0.33230265974998474,0.332440048456192,vision,text,0,0.8333333134651184,0.7222222089767456,0.8139534592628479
401,ob23OKe5a9Q$_$14,0.800000011920929,1.030557632446289,0.26648643612861633,0.3640373647212982,0.3694761395454407,1.2395912408828735,1.2761765718460083,1.262888789176941,0.4395912289619446,0.47617655992507935,0.46288877725601196,0.3416939079761505,0.32641956210136414,0.3318866193294525,vision,text,0,0.7142857313156128,0.8265306353569031,0.7606837749481201
685,zhpQhgha_KU$_$32,0.800000011920929,1.0364298820495605,0.313938707113266,0.3183235228061676,0.3677377700805664,1.2285202741622925,1.25326669216156,1.2729185819625854,0.4285202622413635,0.4532666802406311,0.4729185700416565,0.34298795461654663,0.33254069089889526,0.3244714140892029,vision,text,0,0.800000011920929,0.761904776096344,0.7631579041481018
106,d3_k5Xpfmik$_$15,2.5999999046325684,1.5285881757736206,0.3221612572669983,0.3437211215496063,0.3341176509857178,1.7034074068069458,1.6579211950302124,1.663735032081604,0.8965924978256226,0.942078709602356,0.9362648725509644,0.3452623784542084,0.32617923617362976,0.3285582959651947,audio,text,0,0.8857142925262451,0.875,0.7894737124443054
250,fvVhgmXxadc$_$2,-2.799999952316284,-0.4167024493217468,0.28781184554100037,0.3124712109565735,0.39971697330474854,-0.8462244272232056,-0.9371438026428223,-0.7987562417984009,1.9537755250930786,1.862856149673462,2.0012435913085938,0.3265039622783661,0.3658016622066498,0.30769434571266174,vision,audio,0,0.7058823704719543,0.6976743936538696,0.75
39,cM3Yna7AavY$_$16,-2.799999952316284,-0.5797656774520874,0.3600848615169525,0.26305657625198364,0.37685853242874146,-0.9689890146255493,-1.0433846712112427,-0.8861038684844971,1.8310109376907349,1.7566152811050415,1.913896083831787,0.33344054222106934,0.36593618988990784,0.3006232976913452,vision,audio,0,0.8999999761581421,0.6785714030265808,0.7941176295280457
455,rnaNMUZpvvg$_$4,-2.4000000953674316,-0.49486231803894043,0.2870827317237854,0.3526114225387573,0.3603058457374573,-0.8837554454803467,-1.0122454166412354,-0.9329990148544312,1.516244649887085,1.3877546787261963,1.4670010805130005,0.3088594973087311,0.36267203092575073,0.3284684717655182,vision,audio,0,0.7551020383834839,0.8226950168609619,0.7588235139846802
120,d3_k5Xpfmik$_$8,2.200000047683716,2.9960546493530273,0.3550584614276886,0.2785223424434662,0.3664191961288452,3.4479925632476807,3.3666296005249023,3.3315532207489014,1.2479925155639648,1.1666295528411865,1.1315531730651855,0.3063978850841522,0.3391994833946228,0.35440266132354736,vision,vision,1,1.0,0.8333333134651184,0.9047619104385376
581,wMbj6ajWbic$_$23,1.7999999523162842,1.9303181171417236,0.31448468565940857,0.29543769359588623,0.3900776207447052,2.2808725833892822,2.2888574600219727,2.2492308616638184,0.48087263107299805,0.4888575077056885,0.4492309093475342,0.3299880027770996,0.3267107605934143,0.34330126643180847,vision,vision,1,0.800000011920929,0.7241379022598267,0.7941176295280457
48,cM3Yna7AavY$_$8,-0.6000000238418579,-0.2837308645248413,0.3483354449272156,0.20805181562900543,0.4436127543449402,-0.5979292988777161,-0.6696295738220215,-0.5077375173568726,0.0020707249641418457,0.06962954998016357,0.09226250648498535,0.35556790232658386,0.3267737030982971,0.31765836477279663,vision,text,0,0.8999999761581421,0.5714285969734192,0.8799999952316284
485,tIrG4oNLFzE$_$6,1.25,0.9269228577613831,0.292610228061676,0.28339460492134094,0.42399513721466064,1.10234534740448,1.1202811002731323,1.1152561902999878,0.14765465259552002,0.12971889972686768,0.1347438097000122,0.3290618360042572,0.3365226089954376,0.3344155251979828,vision,audio,0,0.7692307829856873,0.7096773982048035,0.837837815284729
501,tStelxIAHjw$_$6,1.600000023841858,1.9457541704177856,0.3282710909843445,0.4126512110233307,0.2590777277946472,2.265303373336792,2.285400152206421,2.2337117195129395,0.6653033494949341,0.685400128364563,0.6337116956710815,0.3316231071949005,0.32339614629745483,0.34498074650764465,audio,vision,0,0.8571428656578064,0.9285714030265808,0.625
596,wMbj6ajWbic$_$12,1.600000023841858,0.8300227522850037,0.27051910758018494,0.3239244222640991,0.40555649995803833,0.9978564977645874,1.0219533443450928,1.0228923559188843,0.6021435260772705,0.5780466794967651,0.5771076679229736,0.3265446126461029,0.3365301191806793,0.33692532777786255,vision,vision,1,0.7142857313156128,0.7599999904632568,0.800000011920929
77,cXypl4FnoZo$_$20,-1.0,0.36208754777908325,0.36675167083740234,0.2813998758792877,0.3518485128879547,0.45979633927345276,0.4846353232860565,0.5174404978752136,1.4597963094711304,1.484635353088379,1.5174405574798584,0.34483855962753296,0.33429625630378723,0.3208652138710022,text,text,1,0.9375,0.7627118825912476,0.800000011920929
45,cM3Yna7AavY$_$7,3.0,2.656670570373535,0.25685831904411316,0.36800307035446167,0.3751385807991028,3.1153976917266846,3.150179624557495,3.105602979660034,0.11539769172668457,0.15017962455749512,0.10560297966003418,0.3367260694503784,0.3223998248577118,0.3408740758895874,vision,vision,1,0.6666666865348816,0.7837837934494019,0.7250000238418579
645,yvsjCA6Y5Fc$_$15,-2.0,0.44276857376098633,0.2917124629020691,0.3319217562675476,0.3763658106327057,0.5337878465652466,0.5616343021392822,0.6185379028320312,2.533787727355957,2.5616343021392822,2.6185379028320312,0.34900709986686707,0.3370678126811981,0.3139251172542572,vision,text,0,0.7857142686843872,0.8070175647735596,0.7941176295280457
242,f_pcplsH_V0$_$8,0.800000011920929,-0.2650960683822632,0.42609110474586487,0.23249584436416626,0.34141305088996887,-0.26908519864082336,-0.27822113037109375,-0.21467310190200806,1.0690852403640747,1.078221082687378,1.014673113822937,0.326901376247406,0.32318949699401855,0.3499091565608978,text,vision,0,1.0,0.6538461446762085,0.774193525314331
482,tIrG4oNLFzE$_$5,0.4000000059604645,1.605001449584961,0.253400057554245,0.34911346435546875,0.39748647809028625,1.90450918674469,1.9067087173461914,1.871585488319397,1.5045092105865479,1.5067087411880493,1.4715855121612549,0.32902663946151733,0.3281232714653015,0.34285011887550354,vision,vision,1,0.75,0.8666666746139526,0.8611111044883728
610,yDtzw_Y-7RU$_$3,0.75,-0.21970213949680328,0.2584344446659088,0.4069799482822418,0.334585577249527,-0.393802285194397,-0.43416866660118103,-0.3381499648094177,1.143802285194397,1.1841686964035034,1.0881500244140625,0.3308151662349701,0.31453701853752136,0.35464781522750854,audio,vision,0,0.7142857313156128,0.8983050584793091,0.7285714149475098
302,k5Y_838nuGo$_$24,0.6000000238418579,0.6598336100578308,0.20336514711380005,0.33052539825439453,0.4661094844341278,0.863372802734375,0.9212592244148254,0.9755078554153442,0.2633727788925171,0.32125920057296753,0.37550783157348633,0.3572181761264801,0.332283616065979,0.3104981780052185,vision,text,0,0.6666666865348816,0.8571428656578064,0.9599999785423279
339,lXPQBPVc5Cw$_$22,2.5999999046325684,2.493173122406006,0.28659042716026306,0.3447302281856537,0.3686792850494385,2.9759228229522705,3.021153450012207,2.969529867172241,0.37592291831970215,0.42115354537963867,0.36952996253967285,0.3386325240135193,0.3200179934501648,0.34134945273399353,vision,vision,1,0.7692307829856873,0.8157894611358643,0.7777777910232544
7,c7UH_rxdZv4$_$23,-0.6000000238418579,1.4342379570007324,0.19211822748184204,0.4517316520214081,0.35615015029907227,1.7663333415985107,1.8039370775222778,1.7846956253051758,2.366333484649658,2.4039371013641357,2.384695529937744,0.3411349058151245,0.32547101378440857,0.3333941698074341,audio,text,0,0.5833333134651184,0.9666666388511658,0.7777777910232544
614,yDtzw_Y-7RU$_$7,-0.20000000298023224,0.5586504936218262,0.345438688993454,0.2242690771818161,0.4302922189235687,0.6826266050338745,0.7086178064346313,0.7464326620101929,0.8826265931129456,0.9086177945137024,0.9464326500892639,0.3458564281463623,0.33480045199394226,0.3193431496620178,vision,text,0,0.9333333373069763,0.6744186282157898,0.9230769276618958
268,iiK8YX8oH1E$_$2,1.2000000476837158,-0.3413825035095215,0.26760172843933105,0.39715129137039185,0.3352470099925995,-0.4765544533729553,-0.48841455578804016,-0.4299428462982178,1.6765544414520264,1.6884145736694336,1.6299428939819336,0.3283770680427551,0.32354477047920227,0.3480781614780426,audio,vision,0,0.7142857313156128,0.8666666746139526,0.7105262875556946
492,tStelxIAHjw$_$15,0.4000000059604645,1.6742511987686157,0.3042016625404358,0.3048981726169586,0.3909001648426056,1.9821606874465942,2.002768039703369,1.962004542350769,1.5821607112884521,1.602768063545227,1.562004566192627,0.3333238959312439,0.32484740018844604,0.34182873368263245,vision,vision,1,0.800000011920929,0.7592592835426331,0.8125
283,jUzDDGyPkXU$_$1,2.799999952316284,2.809159278869629,0.3971904218196869,0.25530585646629333,0.3475036919116974,3.2322657108306885,3.153346061706543,3.1159589290618896,0.4322657585144043,0.3533461093902588,0.31595897674560547,0.3067331612110138,0.3385351002216339,0.3547316789627075,text,vision,0,1.0,0.7333333492279053,0.8235294222831726
587,wMbj6ajWbic$_$5,0.20000000298023224,1.637750506401062,0.3498894274234772,0.30983802676200867,0.34027254581451416,1.847595453262329,1.767828345298767,1.8022077083587646,1.6475954055786133,1.5678282976150513,1.6022076606750488,0.31613317131996155,0.3492794632911682,0.334587424993515,text,audio,0,0.875,0.7692307829856873,0.75
589,wMbj6ajWbic$_$7,-1.2000000476837158,-0.4155949354171753,0.19441168010234833,0.46143943071365356,0.3441488742828369,-0.7959802150726318,-0.8420542478561401,-0.7605850100517273,0.404019832611084,0.3579457998275757,0.4394150376319885,0.3315645754337311,0.3512208163738251,0.31721463799476624,audio,audio,1,0.5384615659713745,0.9259259104728699,0.7058823704719543
241,f_pcplsH_V0$_$9,-2.4000000953674316,-0.4948779344558716,0.26638063788414,0.41413551568984985,0.3194838762283325,-0.7732483148574829,-0.7823536396026611,-0.6649060249328613,1.6267517805099487,1.6176464557647705,1.7350940704345703,0.34664586186408997,0.3506137728691101,0.3027403950691223,audio,audio,1,0.8333333134651184,1.0,0.8095238208770752
24,c7UH_rxdZv4$_$14,1.2000000476837158,1.223637342453003,0.2642328143119812,0.3510497808456421,0.38471734523773193,1.477889895439148,1.536608338356018,1.549122929573059,0.27788984775543213,0.33660829067230225,0.34912288188934326,0.3516126573085785,0.32672932744026184,0.3216579854488373,vision,text,0,0.75,0.8333333134651184,0.8103448152542114
619,yDtzw_Y-7RU$_$10,-0.6000000238418579,0.31610774993896484,0.39560434222221375,0.3489082157611847,0.25548744201660156,0.44750094413757324,0.47371944785118103,0.5146657228469849,1.0475009679794312,1.0737195014953613,1.1146657466888428,0.3463527262210846,0.3351856768131256,0.3184615671634674,text,text,1,0.8888888955116272,0.782608687877655,0.5555555820465088
194,etzxEpPuc6I$_$7,-1.2000000476837158,0.013000428676605225,0.28203338384628296,0.3254746198654175,0.39249202609062195,-0.05723077803850174,-0.15383212268352509,-0.15101563930511475,1.14276921749115,1.0461679697036743,1.048984408378601,0.30743464827537537,0.34689223766326904,0.3456730842590332,vision,audio,0,0.7916666865348816,0.8194444179534912,0.8387096524238586
30,c7UH_rxdZv4$_$30,1.2000000476837158,1.19837486743927,0.3931869864463806,0.29103097319602966,0.31578198075294495,1.4336810111999512,1.482533574104309,1.4952936172485352,0.23368096351623535,0.28253352642059326,0.29529356956481934,0.3488408625125885,0.32817602157592773,0.32298311591148376,text,text,1,1.0,0.800000011920929,0.7714285850524902
200,f9O3YtZ2VfI$_$26,1.399999976158142,1.4251147508621216,0.3115648329257965,0.3091832399368286,0.3792518973350525,1.7571454048156738,1.8094245195388794,1.7696524858474731,0.35714542865753174,0.4094245433807373,0.36965250968933105,0.3423217833042145,0.320666640996933,0.33701157569885254,vision,text,0,0.8571428656578064,0.8125,0.8421052694320679
79,cXypl4FnoZo$_$22,0.20000000298023224,-0.021986745297908783,0.2782039940357208,0.3422499895095825,0.37954604625701904,-0.33535510301589966,-0.45867109298706055,-0.27897971868515015,0.5353550910949707,0.6586710810661316,0.4789797067642212,0.3412783443927765,0.2925260066986084,0.3661956787109375,vision,vision,1,0.7777777910232544,0.8301886916160583,0.8163265585899353
602,wMbj6ajWbic$_$18,-1.0,1.5808117389678955,0.32807642221450806,0.2972375154495239,0.37468603253364563,1.766642689704895,1.662439227104187,1.7028077840805054,2.7666425704956055,2.6624393463134766,2.702807903289795,0.3103488087654114,0.35352379083633423,0.3361274003982544,vision,audio,0,0.8823529481887817,0.7872340679168701,0.8367347121238708
553,vyB00TXsimI$_$21,1.2000000476837158,0.7326371669769287,0.2716100513935089,0.3619476854801178,0.3664422631263733,0.8992345929145813,0.9326875805854797,0.9399711489677429,0.3007654547691345,0.2673124670982361,0.2600288987159729,0.3231078088283539,0.33690541982650757,0.33998677134513855,vision,vision,1,0.7272727489471436,0.8285714387893677,0.761904776096344
340,lXPQBPVc5Cw$_$23,-2.4000000953674316,0.7381965517997742,0.289978563785553,0.32766538858413696,0.38235604763031006,0.8271127939224243,0.8682819604873657,0.9355428218841553,3.2271127700805664,3.268281936645508,3.335542917251587,0.35422226786613464,0.33645448088645935,0.309323251247406,vision,text,0,0.7333333492279053,0.739130437374115,0.75
420,pLTX3ipuDJI$_$2,-1.7999999523162842,-0.4334924817085266,0.2720312774181366,0.3505266606807709,0.3774420917034149,-0.8279496431350708,-0.9500471353530884,-0.8712561130523682,0.9720503091812134,0.8499528169631958,0.928743839263916,0.3105098605155945,0.3617081046104431,0.32778200507164,vision,audio,0,0.7777777910232544,0.8636363744735718,0.8227847814559937
331,k5Y_838nuGo$_$31,-1.0,-0.415513277053833,0.28365880250930786,0.37789085507392883,0.3384503126144409,-0.6967979669570923,-0.7392915487289429,-0.6520130634307861,0.3032020330429077,0.26070845127105713,0.34798693656921387,0.33332109451293945,0.35150477290153503,0.3151741325855255,audio,audio,1,0.7692307829856873,0.8695651888847351,0.7407407164573669
409,ob23OKe5a9Q$_$9,-1.399999976158142,-0.6252495050430298,0.32263636589050293,0.2887135148048401,0.3886500895023346,-1.068832278251648,-1.2069404125213623,-1.1214021444320679,0.33116769790649414,0.19305956363677979,0.2785978317260742,0.3070921003818512,0.3649582266807556,0.3279496729373932,vision,audio,0,0.8799999952316284,0.7880794405937195,0.8607594966888428
86,cXypl4FnoZo$_$5,1.7999999523162842,2.282273769378662,0.2881707549095154,0.292390912771225,0.41943836212158203,2.6729624271392822,2.6378109455108643,2.6073367595672607,0.872962474822998,0.8378109931945801,0.8073368072509766,0.31944701075553894,0.33379626274108887,0.3467567265033722,vision,vision,1,0.8125,0.774193525314331,0.8918918967247009
595,wMbj6ajWbic$_$13,2.0,1.4395426511764526,0.3599500060081482,0.31492331624031067,0.32512667775154114,1.6215296983718872,1.605795979499817,1.589227318763733,0.3784703016281128,0.3942040205001831,0.4107726812362671,0.34002602100372314,0.3334040343761444,0.32656994462013245,text,text,1,0.9166666865348816,0.8070175647735596,0.75
371,nbWiPyCm4g0$_$9,-1.399999976158142,-0.19511868059635162,0.22792832553386688,0.3711579442024231,0.400913804769516,-0.6605173349380493,-0.7524519562721252,-0.5849222540855408,0.7394826412200928,0.6475480198860168,0.8150777220726013,0.32985720038414,0.3700277507305145,0.30011504888534546,vision,audio,0,0.6666666865348816,0.8510638475418091,0.8214285969734192
64,cW1FSBF59ik$_$10,-1.0,2.0970568656921387,0.3487643301486969,0.27996185421943665,0.37127381563186646,2.4212286472320557,2.4228007793426514,2.363995313644409,3.4212286472320557,3.4228007793426514,3.363995313644409,0.3254997730255127,0.3248606026172638,0.3496396541595459,vision,vision,1,0.8888888955116272,0.7361111044883728,0.8023256063461304
167,dq3Nf_lMPnE$_$12,-1.600000023841858,0.44277626276016235,0.3748321831226349,0.2582096755504608,0.3669581711292267,0.5425935387611389,0.5711956024169922,0.5849977135658264,2.1425936222076416,2.1711955070495605,2.184997797012329,0.34325870871543884,0.33120325207710266,0.3255380094051361,text,text,1,1.0,0.7692307829856873,0.8709677457809448
270,iiK8YX8oH1E$_$4,-2.0,-0.44106894731521606,0.3140987753868103,0.3011367619037628,0.3847644329071045,-0.6631004810333252,-0.7122195959091187,-0.6442573070526123,1.3368995189666748,1.2877804040908813,1.3557426929473877,0.32894259691238403,0.349772185087204,0.3212851881980896,vision,audio,0,0.8823529481887817,0.8181818127632141,0.8679245114326477
637,yvsjCA6Y5Fc$_$7,-1.7999999523162842,-1.126866102218628,0.3349296450614929,0.2739899456501007,0.39108043909072876,-1.6954249143600464,-1.7258580923080444,-1.6856820583343506,0.10457503795623779,0.07414186000823975,0.1143178939819336,0.3303961455821991,0.34320706129074097,0.32639679312705994,vision,audio,0,0.8999999761581421,0.75,0.8571428656578064
442,phBUpBr1hSo$_$4,-0.800000011920929,0.40599900484085083,0.38738003373146057,0.3013818860054016,0.3112380802631378,0.44469988346099854,0.40501365065574646,0.4494740962982178,1.2446999549865723,1.205013632774353,1.249474048614502,0.32841700315475464,0.3451199531555176,0.326462984085083,text,audio,0,0.9375,0.7692307829856873,0.7142857313156128
99,cXypl4FnoZo$_$16,-0.6000000238418579,-0.3316499590873718,0.24425473809242249,0.36403000354766846,0.39171528816223145,-0.5922061800956726,-0.6532753705978394,-0.5868204832077026,0.007793843746185303,0.053275346755981445,0.013179540634155273,0.3403647541999817,0.32155418395996094,0.3380810618400574,vision,text,0,0.6551724076271057,0.8125,0.7758620977401733
636,yvsjCA6Y5Fc$_$4,-0.20000000298023224,-0.6343908309936523,0.31427136063575745,0.3215184211730957,0.3642101585865021,-0.9909508228302002,-1.0475738048553467,-0.9698299169540405,0.7909508347511292,0.8475738167762756,0.7698299288749695,0.33801817893981934,0.3149207532405853,0.3470610976219177,vision,vision,1,0.8421052694320679,0.8070175647735596,0.7941176295280457
189,etzxEpPuc6I$_$1,0.4000000059604645,-0.43793535232543945,0.3397880494594574,0.3224466145038605,0.3377653658390045,-0.6716017723083496,-0.7532273530960083,-0.681951105594635,1.0716017484664917,1.1532273292541504,1.0819511413574219,0.34600314497947693,0.31244105100631714,0.34155577421188354,text,text,1,0.8888888955116272,0.8219178318977356,0.7701149582862854
286,jUzDDGyPkXU$_$5,-1.2000000476837158,-0.5581682920455933,0.312247633934021,0.31564754247665405,0.37210479378700256,-0.8669862747192383,-0.9138787984848022,-0.8436921238899231,0.33301377296447754,0.2861212491989136,0.3563079237937927,0.32985126972198486,0.34976357221603394,0.320385217666626,vision,audio,0,0.875,0.8372092843055725,0.8461538553237915
529,v0zCBqDeKcE$_$14,1.5,0.9693958163261414,0.3468179702758789,0.30119049549102783,0.3519915044307709,1.1518813371658325,1.1778696775436401,1.188144564628601,0.3481186628341675,0.32213032245635986,0.3118554353713989,0.324739545583725,0.3354620933532715,0.3397983908653259,vision,vision,1,0.875,0.7586206793785095,0.7647058963775635
539,v0zCBqDeKcE$_$8,1.7999999523162842,1.5220056772232056,0.34332743287086487,0.32163944840431213,0.335033118724823,1.7556008100509644,1.7557452917099,1.7326122522354126,0.044399142265319824,0.04425466060638428,0.06738770008087158,0.33649033308029175,0.33655110001564026,0.32695865631103516,text,audio,0,0.8666666746139526,0.7916666865348816,0.739130437374115
154,d6hH302o4v8$_$19,-2.799999952316284,-0.38811272382736206,0.2559630274772644,0.3554435074329376,0.3885934352874756,-0.8335410952568054,-0.8968315124511719,-0.776709794998169,1.966458797454834,1.9031684398651123,2.0232901573181152,0.33181232213974,0.35912925004959106,0.30905839800834656,vision,audio,0,0.75,0.8666666746139526,0.837837815284729
182,etzxEpPuc6I$_$12,0.6666666865348816,-0.7217305302619934,0.3595362901687622,0.3848423361778259,0.25562140345573425,-0.9049052596092224,-0.9256207942962646,-0.8759073615074158,1.571571946144104,1.592287540435791,1.5425740480422974,0.33207693696022034,0.32358837127685547,0.3443346619606018,audio,vision,0,0.8888888955116272,0.875,0.6000000238418579
495,tStelxIAHjw$_$1,0.0,-0.011465288698673248,0.33059635758399963,0.29797205328941345,0.3714315891265869,-0.019364899024367332,-0.11291787773370743,-0.06184893101453781,0.019364899024367332,0.11291787773370743,0.06184893101453781,0.3523710370063782,0.31348246335983276,0.33414652943611145,vision,text,0,0.875,0.782608687877655,0.8192771077156067
78,cXypl4FnoZo$_$21,-0.6000000238418579,-0.6079378724098206,0.27379971742630005,0.3169269263744354,0.40927332639694214,-1.0542069673538208,-1.1272083520889282,-1.0453507900238037,0.4542069435119629,0.5272083282470703,0.4453507661819458,0.34200671315193176,0.3121795356273651,0.3458137810230255,vision,vision,1,0.8095238208770752,0.8387096524238586,0.8918918967247009
172,dq3Nf_lMPnE$_$2,-1.399999976158142,-0.012987695634365082,0.302338182926178,0.3724422752857208,0.32521960139274597,0.01977412961423397,0.003988928161561489,0.019169270992279053,1.419774055480957,1.4039889574050903,1.4191691875457764,0.3310508728027344,0.33764782547950745,0.3313012719154358,audio,audio,1,0.8461538553237915,0.90625,0.7631579041481018
108,d3_k5Xpfmik$_$17,1.600000023841858,1.5840307474136353,0.4092119634151459,0.24730582535266876,0.34348225593566895,1.8348687887191772,1.8421834707260132,1.8364275693893433,0.23486876487731934,0.24218344688415527,0.23642754554748535,0.3345654606819153,0.33152034878730774,0.333914190530777,text,text,1,1.0,0.7027027010917664,0.7954545617103577
642,yvsjCA6Y5Fc$_$10,-2.0,2.021341323852539,0.2798232436180115,0.36320436000823975,0.3569723963737488,2.392001152038574,2.406677722930908,2.3767402172088623,4.392001152038574,4.406677722930908,4.376740455627441,0.33321329951286316,0.3271559774875641,0.3396306335926056,audio,vision,0,0.761904776096344,0.8481012582778931,0.7659574747085571
295,jUzDDGyPkXU$_$12,0.5,0.3822895288467407,0.260995477437973,0.3633521497249603,0.37565237283706665,0.4916089177131653,0.5173978209495544,0.5354958772659302,0.008391082286834717,0.017397820949554443,0.035495877265930176,0.3383532166481018,0.33456528186798096,0.32708150148391724,vision,text,0,0.800000011920929,0.9200000166893005,0.8666666746139526
273,iiK8YX8oH1E$_$9,0.4000000059604645,0.23499207198619843,0.3029119074344635,0.314288854598999,0.3827992081642151,0.23127301037311554,0.17831814289093018,0.2513221800327301,0.16872699558734894,0.2216818630695343,0.14867782592773438,0.33768635988235474,0.316057413816452,0.34625619649887085,vision,vision,1,0.7857142686843872,0.7586206793785095,0.7941176295280457
609,yDtzw_Y-7RU$_$1,0.800000011920929,0.8997488617897034,0.3334653973579407,0.3151589334011078,0.35137566924095154,0.9781577587127686,1.0102676153182983,1.0784858465194702,0.1781577467918396,0.21026760339736938,0.27848583459854126,0.35176679491996765,0.33792737126350403,0.31030580401420593,vision,text,0,0.8823529481887817,0.7962962985038757,0.7846153974533081
546,vvZ4IcEtiZc$_$5,1.2000000476837158,2.599998712539673,0.2593679428100586,0.34246423840522766,0.3981678783893585,3.1170198917388916,3.1445045471191406,3.0653488636016846,1.9170198440551758,1.9445044994354248,1.8653488159179688,0.3297122120857239,0.3185770511627197,0.3517107367515564,vision,vision,1,0.7692307829856873,0.8611111044883728,0.8604651093482971
117,d3_k5Xpfmik$_$7,0.4000000059604645,-0.25924110412597656,0.23889996111392975,0.3203960657119751,0.44070398807525635,-0.6828433871269226,-0.7448331117630005,-0.6146214008331299,1.0828434228897095,1.1448330879211426,1.014621376991272,0.3317345678806305,0.3070001006126404,0.36126530170440674,vision,vision,1,0.625,0.7228915691375732,0.8095238208770752
665,zhpQhgha_KU$_$4,-1.600000023841858,0.8477638363838196,0.2957857847213745,0.33781564235687256,0.36639854311943054,1.0732775926589966,1.1109315156936646,1.1342979669570923,2.6732776165008545,2.7109315395355225,2.73429799079895,0.34715181589126587,0.3311908543109894,0.32165735960006714,vision,text,0,0.75,0.7727272510528564,0.7407407164573669
2,c7UH_rxdZv4$_$26,-2.5999999046325684,-0.08191131055355072,0.29980701208114624,0.3505609333515167,0.3496320843696594,-0.050572916865348816,-0.05812428146600723,-0.038125179708004,2.549427032470703,2.5418756008148193,2.5618746280670166,0.33399632573127747,0.33716389536857605,0.3288397490978241,audio,audio,1,0.8181818127632141,0.8536585569381714,0.7799999713897705
436,phBUpBr1hSo$_$18,0.800000011920929,0.9997277855873108,0.2614966928958893,0.356441855430603,0.3820614218711853,1.2742424011230469,1.32048499584198,1.3363630771636963,0.4742423892021179,0.520484983921051,0.5363630652427673,0.34853851795196533,0.32896310091018677,0.3224983513355255,vision,text,0,0.75,0.8571428656578064,0.8235294222831726
435,phBUpBr1hSo$_$19,2.0,1.5314116477966309,0.3774223327636719,0.22654056549072266,0.3960370421409607,1.8186047077178955,1.7952097654342651,1.8100905418395996,0.1813952922821045,0.20479023456573486,0.1899094581604004,0.33777010440826416,0.32803547382354736,0.3341943621635437,vision,text,0,1.0,0.699999988079071,0.9166666865348816
378,nzpVDcQ0ywM$_$1,0.0,2.2428536415100098,0.20396773517131805,0.42151162028312683,0.3745206296443939,2.732571840286255,2.763648509979248,2.725874185562134,2.732571840286255,2.763648509979248,2.725874185562134,0.33666563034057617,0.3238382935523987,0.33949604630470276,audio,vision,0,0.5333333611488342,0.8541666865348816,0.719298243522644
558,vyB00TXsimI$_$5,1.7999999523162842,2.4048233032226562,0.42925184965133667,0.3126431107521057,0.25810506939888,2.814624547958374,2.8129191398620605,2.787520170211792,1.0146245956420898,1.0129191875457764,0.9875202178955078,0.32931622862815857,0.3300189971923828,0.3406647741794586,text,vision,0,1.0,0.800000011920929,0.6363636255264282
484,tIrG4oNLFzE$_$7,-1.399999976158142,-0.773230791091919,0.35369759798049927,0.29347869753837585,0.3528236746788025,-1.1786619424819946,-1.2518101930618286,-1.166364073753357,0.22133803367614746,0.14818978309631348,0.23363590240478516,0.32462355494499207,0.3557049632072449,0.31967151165008545,text,audio,0,0.9285714030265808,0.7924528121948242,0.8095238208770752
263,iiK8YX8oH1E$_$17,1.600000023841858,2.742558002471924,0.30888351798057556,0.25097712874412537,0.4401393532752991,3.1920273303985596,3.1914849281311035,3.090965509414673,1.5920273065567017,1.5914849042892456,1.490965485572815,0.3189455270767212,0.3191618323326111,0.3618926703929901,vision,vision,1,0.8666666746139526,0.7200000286102295,0.931034505367279
36,cM3Yna7AavY$_$12,-1.0,-0.013597056269645691,0.29104191064834595,0.41589412093162537,0.2930639386177063,-0.2200726717710495,-0.27615657448768616,-0.09947957843542099,0.7799273133277893,0.7238434553146362,0.9005204439163208,0.34098371863365173,0.36574622988700867,0.29326996207237244,audio,audio,1,0.7857142686843872,0.8913043737411499,0.6486486196517944
374,nzpVDcQ0ywM$_$20,0.20000000298023224,-0.013273164629936218,0.2660129964351654,0.3634845018386841,0.3705025613307953,-0.030303362756967545,-0.027129128575325012,0.0610804557800293,0.23030336201190948,0.22712913155555725,0.13891954720020294,0.3200015127658844,0.3212737441062927,0.35872480273246765,vision,vision,1,0.800000011920929,0.9090909361839294,0.8461538553237915
313,k5Y_838nuGo$_$3,0.800000011920929,1.9628852605819702,0.2597269117832184,0.35573506355285645,0.3845379948616028,2.3662302494049072,2.396033763885498,2.3603994846343994,1.566230297088623,1.5960338115692139,1.5603995323181152,0.33661577105522156,0.32430607080459595,0.3390781581401825,vision,vision,1,0.6428571343421936,0.7555555701255798,0.7234042286872864
398,ob23OKe5a9Q$_$10,1.25,1.5434385538101196,0.3832609951496124,0.26132652163505554,0.35541242361068726,1.8022409677505493,1.7986129522323608,1.7802705764770508,0.5522409677505493,0.5486129522323608,0.5302705764770508,0.32977303862571716,0.3312719464302063,0.3389550745487213,text,vision,0,1.0,0.7647058963775635,0.8500000238418579
618,yDtzw_Y-7RU$_$11,-1.399999976158142,1.0596957206726074,0.201374351978302,0.3923741281032562,0.40625154972076416,1.2621837854385376,1.203572154045105,1.261254906654358,2.6621837615966797,2.603572130203247,2.6612548828125,0.3249731957912445,0.34967607259750366,0.32535073161125183,vision,audio,0,0.5625,0.8529411554336548,0.8095238208770752
55,cW1FSBF59ik$_$3,-1.0,-0.38260334730148315,0.29239189624786377,0.33336684107780457,0.3742412328720093,-0.8744085431098938,-1.0015289783477783,-0.8290743827819824,0.1255914568901062,0.0015289783477783203,0.17092561721801758,0.3212689161300659,0.3751615285873413,0.30356958508491516,vision,audio,0,0.8636363744735718,0.8730158805847168,0.8636363744735718
140,d6hH302o4v8$_$7,-2.799999952316284,-0.4002760052680969,0.28145653009414673,0.3549594581127167,0.3635840117931366,-0.8309077024459839,-0.9144054651260376,-0.761786937713623,1.9690922498703003,1.8855944871902466,2.038213014602661,0.3303338885307312,0.36667510867118835,0.30299097299575806,vision,audio,0,0.7222222089767456,0.7837837934494019,0.7272727489471436
403,ob23OKe5a9Q$_$3,-1.2000000476837158,-0.6677173376083374,0.23162955045700073,0.32021963596343994,0.4481508135795593,-1.2934825420379639,-1.3545328378677368,-1.2442597150802612,0.09348249435424805,0.154532790184021,0.04425966739654541,0.3344495892524719,0.30987632274627686,0.35567405819892883,vision,vision,1,0.699999988079071,0.8157894611358643,0.9111111164093018
60,cW1FSBF59ik$_$6,1.2000000476837158,1.4399632215499878,0.25327128171920776,0.39299389719963074,0.3537348210811615,1.694640040397644,1.7031534910202026,1.6729705333709717,0.4946399927139282,0.5031534433364868,0.47297048568725586,0.33146917819976807,0.3279604911804199,0.340570330619812,audio,vision,0,0.75,0.9230769276618958,0.800000011920929
258,iiK8YX8oH1E$_$10,0.0,-0.4257928729057312,0.40320834517478943,0.29661378264427185,0.30017781257629395,-0.38326263427734375,-0.3525296747684479,-0.3238358795642853,0.38326263427734375,0.3525296747684479,0.3238358795642853,0.32089585065841675,0.33346331119537354,0.3456408381462097,text,vision,0,1.0,0.800000011920929,0.739130437374115
323,k5Y_838nuGo$_$13,0.6000000238418579,-0.6462914347648621,0.24452634155750275,0.3890497386455536,0.36642390489578247,-1.0007838010787964,-0.9981241226196289,-0.9359080791473389,1.6007838249206543,1.5981241464614868,1.5359081029891968,0.32385480403900146,0.324933260679245,0.35121193528175354,audio,vision,0,0.7142857313156128,0.8999999761581421,0.8055555820465088
417,pLTX3ipuDJI$_$16,-1.600000023841858,0.23784445226192474,0.2817499041557312,0.28879037499427795,0.42945975065231323,0.25164473056793213,0.1384475827217102,0.14831465482711792,1.85164475440979,1.738447666168213,1.748314619064331,0.30396324396133423,0.3501645624637604,0.3458721935749054,vision,audio,0,0.7714285850524902,0.7425742745399475,0.8666666746139526
1,c7UH_rxdZv4$_$25,0.0,1.080010175704956,0.2262047678232193,0.29183319211006165,0.48196208477020264,1.3094887733459473,1.3646255731582642,1.3257323503494263,1.3094887733459473,1.3646255731582642,1.3257323503494263,0.3432532548904419,0.3203927278518677,0.33635398745536804,vision,text,0,0.5555555820465088,0.6428571343421936,0.8199999928474426
598,wMbj6ajWbic$_$14,-0.800000011920929,-0.06839136779308319,0.2822249233722687,0.33357980847358704,0.3841952383518219,-0.2147645205259323,-0.2522090673446655,-0.1323690414428711,0.5852354764938354,0.5477909445762634,0.6676309704780579,0.33897730708122253,0.3552204966545105,0.30580225586891174,vision,audio,0,0.8125,0.8484848737716675,0.8500000238418579
635,yvsjCA6Y5Fc$_$5,0.4000000059604645,0.4788551926612854,0.4464889168739319,0.2944576144218445,0.25905346870422363,0.5906177759170532,0.6535725593566895,0.6689358353614807,0.19061776995658875,0.253572553396225,0.26893582940101624,0.353223979473114,0.32649311423301697,0.3202829360961914,text,text,1,1.0,0.75,0.6111111044883728
459,rnaNMUZpvvg$_$8,-1.600000023841858,0.19958168268203735,0.33921489119529724,0.3164209723472595,0.34436410665512085,0.32679641246795654,0.3745477497577667,0.42315563559532166,1.9267964363098145,1.9745477437973022,2.023155689239502,0.3535343408584595,0.33304959535598755,0.31341609358787537,vision,text,0,0.9090909361839294,0.8275862336158752,0.800000011920929
472,tIrG4oNLFzE$_$13,-2.0,-0.1320049911737442,0.3445345163345337,0.31786152720451355,0.33760398626327515,-0.35132962465286255,-0.4560687243938446,-0.3673087954521179,1.6486704349517822,1.543931245803833,1.6326911449432373,0.3164500892162323,0.36071547865867615,0.32283440232276917,text,audio,0,0.8799999952316284,0.8038461804389954,0.7572463750839233
547,vvZ4IcEtiZc$_$4,2.200000047683716,0.851469874382019,0.257609099149704,0.35677993297576904,0.3856109380722046,0.9692662954330444,0.9865632057189941,1.0449392795562744,1.2307337522506714,1.2134368419647217,1.1550607681274414,0.3204033374786377,0.32740625739097595,0.35219040513038635,vision,vision,1,0.7307692170143127,0.8365384340286255,0.801886796951294
142,d6hH302o4v8$_$9,-2.4000000953674316,-1.0669292211532593,0.31693992018699646,0.3052612841129303,0.377798855304718,-1.7698525190353394,-1.8509799242019653,-1.747322678565979,0.6301475763320923,0.5490201711654663,0.6526774168014526,0.3247849941253662,0.3594491183757782,0.3157658576965332,vision,audio,0,0.875,0.8125,0.8421052694320679
497,tStelxIAHjw$_$2,-2.0,0.9336722493171692,0.2930676341056824,0.312461793422699,0.39447060227394104,1.0933125019073486,1.1025495529174805,1.1189719438552856,3.0933125019073486,3.1025495529174805,3.118971824645996,0.33818578720092773,0.3343033790588379,0.327510803937912,vision,text,0,0.75,0.7407407164573669,0.7857142686843872
321,k5Y_838nuGo$_$11,0.5,1.5562918186187744,0.39986667037010193,0.3060576319694519,0.2940756678581238,1.8134510517120361,1.8337862491607666,1.8047606945037842,1.3134510517120361,1.3337862491607666,1.3047606945037842,0.33491596579551697,0.3265100419521332,0.33857396245002747,text,vision,0,1.0,0.8235294222831726,0.7317073345184326
422,pLTX3ipuDJI$_$4,-2.200000047683716,1.3199069499969482,0.2742878198623657,0.29849541187286377,0.4272167682647705,1.5052919387817383,1.4774504899978638,1.5057706832885742,3.705291986465454,3.677450656890869,3.70577073097229,0.32950928807258606,0.3411785662174225,0.32931214570999146,vision,audio,0,0.7777777910232544,0.7722772359848022,0.8813559412956238
50,cW1FSBF59ik$_$20,2.5,2.444772243499756,0.26981112360954285,0.358817994594574,0.3713708519935608,2.886979579925537,2.9124341011047363,2.832660436630249,0.3869795799255371,0.41243410110473633,0.332660436630249,0.3290621340274811,0.3187568187713623,0.352181077003479,vision,vision,1,0.7272727489471436,0.8245614171028137,0.7681159377098083
356,lXPQBPVc5Cw$_$15,-2.799999952316284,0.4452115297317505,0.25007012486457825,0.37497788667678833,0.3749520182609558,0.5433306694030762,0.5848451256752014,0.6211667060852051,3.3433306217193604,3.384845018386841,3.4211666584014893,0.35005202889442444,0.3323499858379364,0.31759798526763916,audio,text,0,0.6666666865348816,0.824999988079071,0.75
42,cM3Yna7AavY$_$2,2.5,0.6432835459709167,0.3732650578022003,0.32396551966667175,0.30276942253112793,0.7016569375991821,0.7143828868865967,0.7604168057441711,1.7983430624008179,1.7856171131134033,1.7395832538604736,0.3233891725540161,0.32857465744018555,0.34803617000579834,text,vision,0,0.9285714030265808,0.807692289352417,0.699999988079071
261,iiK8YX8oH1E$_$15,0.6000000238418579,-0.004164502024650574,0.38985398411750793,0.3746483325958252,0.23549765348434448,0.11103973537683487,0.08119560778141022,0.09585842490196228,0.48896029591560364,0.5188044309616089,0.5041415691375732,0.33960652351379395,0.32717084884643555,0.3332226872444153,text,text,1,0.8125,0.75,0.4444444477558136
391,nzpVDcQ0ywM$_$15,-0.6000000238418579,0.41961669921875,0.2859590947628021,0.3264998197555542,0.3875410556793213,0.3942374587059021,0.3780696392059326,0.501462459564209,0.99423748254776,0.9780696630477905,1.101462483406067,0.3454257845878601,0.3524777293205261,0.30209651589393616,vision,audio,0,0.875,0.8888888955116272,0.9090909361839294
102,d3_k5Xpfmik$_$11,2.4000000953674316,2.294421672821045,0.40723007917404175,0.2680024206638336,0.32476750016212463,2.648956060409546,2.640627384185791,2.5832436084747314,0.24895596504211426,0.24062728881835938,0.1832435131072998,0.32298973202705383,0.32636988162994385,0.35064035654067993,text,vision,0,1.0,0.7457627058029175,0.7714285850524902
190,etzxEpPuc6I$_$3,-1.600000023841858,-1.115654468536377,0.4054051637649536,0.3033597767353058,0.291235089302063,-1.5864732265472412,-1.6425076723098755,-1.570488452911377,0.0135267972946167,0.04250764846801758,0.029511570930480957,0.339600145816803,0.32751792669296265,0.33288195729255676,text,text,1,1.0,0.8085106611251831,0.7142857313156128
218,f9O3YtZ2VfI$_$10,-2.0,0.5214608907699585,0.3156837224960327,0.3530305325984955,0.3312857151031494,0.5825554132461548,0.6662606000900269,0.6450017690658569,2.5825552940368652,2.6662607192993164,2.6450018882751465,0.35391131043434143,0.31875234842300415,0.32733631134033203,audio,text,0,0.75,0.7692307829856873,0.6666666865348816
513,tmZoasNr4rU$_$18,0.0,-0.9358599781990051,0.3774482011795044,0.2772654592990875,0.34528636932373047,-1.2232270240783691,-1.2114530801773071,-1.178773045539856,1.2232270240783691,1.2114530801773071,1.178773045539856,0.32552438974380493,0.3303506672382355,0.344124972820282,text,vision,0,0.8888888955116272,0.692307710647583,0.7333333492279053
123,d6hH302o4v8$_$24,-2.799999952316284,-1.1617306470870972,0.2817822992801666,0.3636906147003174,0.354527086019516,-2.0228023529052734,-2.113101005554199,-1.9916008710861206,0.7771975994110107,0.686898946762085,0.8083990812301636,0.324544757604599,0.36332467198371887,0.31213057041168213,audio,audio,1,0.75,0.8260869383811951,0.7407407164573669
582,wMbj6ajWbic$_$28,2.4000000953674316,2.210118293762207,0.3480066955089569,0.31008434295654297,0.3419089615345001,2.5707321166992188,2.570371389389038,2.506390333175659,0.1707320213317871,0.17037129402160645,0.10639023780822754,0.3242330551147461,0.3243792951107025,0.3513875901699066,text,vision,0,0.8421052694320679,0.7400000095367432,0.7166666388511658
166,dq3Nf_lMPnE$_$13,-1.2000000476837158,2.8794281482696533,0.2361375242471695,0.36477985978126526,0.39908266067504883,3.331406831741333,3.29880428314209,3.1932101249694824,4.531406879425049,4.498804092407227,4.393210411071777,0.30958229303359985,0.3224594295024872,0.36795830726623535,vision,vision,1,0.6499999761581421,0.8258064389228821,0.7967914342880249
300,jUzDDGyPkXU$_$19,2.200000047683716,-0.25281190872192383,0.3625654876232147,0.3574962019920349,0.2799382507801056,-0.22826330363750458,-0.195647731423378,-0.17464110255241394,2.4282634258270264,2.3956477642059326,2.374641180038452,0.3214465379714966,0.3348226249217987,0.3437308967113495,text,vision,0,1.0,0.9428571462631226,0.7560975551605225
301,jUzDDGyPkXU$_$18,-2.4000000953674316,-1.1581406593322754,0.34700942039489746,0.21466192603111267,0.4383285939693451,-1.7074869871139526,-1.7098129987716675,-1.6941211223602295,0.692513108253479,0.6901870965957642,0.7058789730072021,0.334857702255249,0.33583274483680725,0.3293095827102661,vision,audio,0,1.0,0.7083333134651184,1.0
366,nbWiPyCm4g0$_$2,-2.4000000953674316,-1.1837635040283203,0.33881574869155884,0.30934464931488037,0.3518396019935608,-2.012763500213623,-2.118534564971924,-1.9676390886306763,0.3872365951538086,0.2814655303955078,0.43236100673675537,0.32399073243141174,0.3697876036167145,0.30622172355651855,vision,audio,0,0.9230769276618958,0.8181818127632141,0.8148148059844971
639,yvsjCA6Y5Fc$_$9,-1.399999976158142,-0.5587787628173828,0.30269619822502136,0.30934733152389526,0.3879564702510834,-0.8816072940826416,-0.9331284165382385,-0.8490878343582153,0.5183926820755005,0.46687155961990356,0.5509121417999268,0.3303943872451782,0.35237234830856323,0.3172333538532257,vision,audio,0,0.7894737124443054,0.7543859481811523,0.7941176295280457
568,vyB00TXsimI$_$15,2.5999999046325684,0.4995163083076477,0.2211189866065979,0.3394748270511627,0.43940624594688416,0.6342184543609619,0.6217965483665466,0.7047618627548218,1.9657814502716064,1.978203296661377,1.8952380418777466,0.32501545548439026,0.3200078308582306,0.3549766540527344,vision,vision,1,0.6000000238418579,0.7681159377098083,0.8292682766914368
164,dq3Nf_lMPnE$_$11,-0.6000000238418579,1.234073519706726,0.2680748999118805,0.3672737777233124,0.36465132236480713,1.4150842428207397,1.408986210823059,1.3893662691116333,2.0150842666625977,2.008986234664917,1.9893662929534912,0.3289125859737396,0.33142930269241333,0.33965811133384705,audio,vision,0,0.7272727489471436,0.841269850730896,0.7631579041481018
522,tmZoasNr4rU$_$9,-0.6000000238418579,-0.4172815680503845,0.33972054719924927,0.339089035987854,0.32119038701057434,-0.7929438352584839,-0.9133666753768921,-0.7334321141242981,0.19294381141662598,0.3133666515350342,0.13343209028244019,0.34042784571647644,0.2928541600704193,0.3667179048061371,text,vision,0,0.9200000166893005,0.8583333492279053,0.7638888955116272
92,cXypl4FnoZo$_$11,1.399999976158142,0.09814783185720444,0.2909732162952423,0.32997673749923706,0.37904998660087585,0.07074450701475143,-0.05815944820642471,-0.016371123492717743,1.32925546169281,1.4581594467163086,1.4163711071014404,0.3639001250267029,0.30974507331848145,0.3263547718524933,vision,text,0,0.8387096524238586,0.8620689511299133,0.8571428656578064
161,d6hH302o4v8$_$34,-3.0,1.6635340452194214,0.2558952867984772,0.26805004477500916,0.47605466842651367,2.027420997619629,2.0127055644989014,1.9972056150436401,5.027420997619629,5.0127058029174805,4.99720573425293,0.3271121382713318,0.33318474888801575,0.3397030830383301,vision,vision,1,0.800000011920929,0.7777777910232544,1.0
655,zhpQhgha_KU$_$20,-1.399999976158142,-0.2338898926973343,0.2578791379928589,0.35937264561653137,0.38274818658828735,-0.27139168977737427,-0.2500836253166199,-0.20791462063789368,1.128608226776123,1.149916410446167,1.1920853853225708,0.3451327085494995,0.33606138825416565,0.3188059628009796,vision,text,0,0.6666666865348816,0.7857142686843872,0.75
448,rnaNMUZpvvg$_$20,0.800000011920929,1.5456879138946533,0.31651246547698975,0.30720633268356323,0.3762812316417694,1.7238916158676147,1.6651002168655396,1.6616038084030151,0.9238916039466858,0.8651002049446106,0.8616037964820862,0.31673353910446167,0.340886652469635,0.3423798084259033,vision,vision,1,0.800000011920929,0.7479674816131592,0.7777777910232544
676,zhpQhgha_KU$_$17,1.75,2.1262147426605225,0.36358511447906494,0.29704052209854126,0.3393743336200714,2.4844846725463867,2.5021400451660156,2.4610636234283447,0.7344846725463867,0.7521400451660156,0.7110636234283447,0.3324599266052246,0.32520315051078796,0.3423370122909546,text,vision,0,0.9230769276618958,0.7777777910232544,0.7714285850524902
430,phBUpBr1hSo$_$12,1.7999999523162842,0.8210708498954773,0.312929630279541,0.3278612792491913,0.3592091202735901,0.7766926288604736,0.7141309976577759,0.7397748231887817,1.0233073234558105,1.0858689546585083,1.0602251291275024,0.3472609221935272,0.3211390972137451,0.3315999209880829,vision,text,0,0.8399999737739563,0.8266666531562805,0.800000011920929
629,yvsjCA6Y5Fc$_$21,-1.7999999523162842,-0.18154549598693848,0.24720580875873566,0.3395937979221344,0.41320040822029114,-0.5504134893417358,-0.6411065459251404,-0.5109395980834961,1.2495864629745483,1.158893346786499,1.289060354232788,0.3255316913127899,0.3646092712879181,0.3098590672016144,vision,audio,0,0.7200000286102295,0.8295454382896423,0.8571428656578064
52,cW1FSBF59ik$_$22,-1.0,1.5638507604599,0.3633669316768646,0.31955528259277344,0.3170778155326843,1.7402970790863037,1.7031844854354858,1.6859468221664429,2.7402970790863037,2.7031846046447754,2.6859469413757324,0.32074078917503357,0.3359707295894623,0.34328848123550415,text,vision,0,0.9200000166893005,0.813725471496582,0.737500011920929
105,d3_k5Xpfmik$_$12,2.0,1.014229655265808,0.328555166721344,0.3203042447566986,0.3511406183242798,1.1094838380813599,1.0683428049087524,1.0911834239959717,0.8905161619186401,0.9316571950912476,0.9088165760040283,0.3416166305541992,0.3244926631450653,0.3338907063007355,vision,text,0,0.875,0.8166666626930237,0.7887324094772339
80,cXypl4FnoZo$_$23,0.4000000059604645,0.4638116955757141,0.3985360264778137,0.24122953414916992,0.36023440957069397,0.571206271648407,0.5551401972770691,0.6731531620025635,0.1712062656879425,0.15514019131660461,0.273153156042099,0.3447518050670624,0.35174527764320374,0.3035028576850891,text,audio,0,1.0,0.699999988079071,0.8333333134651184
176,dq3Nf_lMPnE$_$6,0.800000011920929,-0.9132488965988159,0.3160605728626251,0.3629486858844757,0.3209907114505768,-1.3611921072006226,-1.389027714729309,-1.3317030668258667,2.1611921787261963,2.189027786254883,2.1317031383514404,0.33296120166778564,0.3215751647949219,0.3454635739326477,audio,vision,0,0.7777777910232544,0.800000011920929,0.6666666865348816
148,d6hH302o4v8$_$13,-2.0,-1.1198984384536743,0.36667394638061523,0.2946724593639374,0.338653564453125,-1.6970657110214233,-1.769194483757019,-1.704006552696228,0.30293428897857666,0.23080551624298096,0.295993447303772,0.32226210832595825,0.3526676595211029,0.32507023215293884,text,audio,0,0.9166666865348816,0.7631579041481018,0.7575757503509521
207,f9O3YtZ2VfI$_$29,-2.0,0.8535448312759399,0.3021271824836731,0.2694569528102875,0.42841586470603943,1.0738235712051392,1.1327992677688599,1.1121596097946167,3.0738234519958496,3.1327991485595703,3.1121597290039062,0.3469642400741577,0.32230615615844727,0.3307296335697174,vision,text,0,0.75,0.6515151262283325,0.8101266026496887
245,fvVhgmXxadc$_$13,0.20000000298023224,0.3086928129196167,0.3030388355255127,0.31804347038269043,0.37891772389411926,0.3865867853164673,0.40170198678970337,0.4631919860839844,0.18658678233623505,0.20170198380947113,0.26319199800491333,0.3460245132446289,0.3395480811595917,0.31442734599113464,vision,text,0,0.8500000238418579,0.8333333134651184,0.8461538553237915
491,tStelxIAHjw$_$12,-1.0,0.41399848461151123,0.35067251324653625,0.35639408230781555,0.2929333746433258,0.5504279732704163,0.6098697185516357,0.6227040886878967,1.5504279136657715,1.6098697185516357,1.622704029083252,0.3518640398979187,0.3266673684120178,0.3214685916900635,audio,text,0,1.0,0.9655172228813171,0.7941176295280457
499,tStelxIAHjw$_$4,-2.799999952316284,-0.6784788966178894,0.29765450954437256,0.33109793066978455,0.3712475299835205,-1.1322518587112427,-1.2273974418640137,-1.145776391029358,1.6677480936050415,1.5726025104522705,1.6542235612869263,0.3181326985359192,0.35831066966056824,0.32355669140815735,vision,audio,0,0.7777777910232544,0.790123462677002,0.7731958627700806
67,cW1FSBF59ik$_$15,-2.5999999046325684,-0.6376550793647766,0.3390498161315918,0.31610870361328125,0.34484148025512695,-1.0189749002456665,-1.1091313362121582,-1.0019930601119995,1.5810250043869019,1.4908685684204102,1.5980068445205688,0.32275891304016113,0.3612612187862396,0.31597983837127686,vision,audio,0,0.8333333134651184,0.7553191781044006,0.7256637215614319
244,fvVhgmXxadc$_$10,0.0,0.17767539620399475,0.27254876494407654,0.31046372652053833,0.41698750853538513,0.28008782863616943,0.3158247172832489,0.37480494379997253,0.28008782863616943,0.3158247172832489,0.37480494379997253,0.351536363363266,0.3361784517765045,0.3122851848602295,vision,text,0,0.75,0.7708333134651184,0.8474576473236084
211,f9O3YtZ2VfI$_$5,-1.7999999523162842,-0.6834239363670349,0.2865374684333801,0.3477274775505066,0.36573508381843567,-1.3053613901138306,-1.423596978187561,-1.2602497339248657,0.4946385622024536,0.37640297412872314,0.5397502183914185,0.32211869955062866,0.3734240233898163,0.3044572174549103,vision,audio,0,0.761904776096344,0.8045976758003235,0.761904776096344
224,f9O3YtZ2VfI$_$16,-1.0,2.142679214477539,0.3059903085231781,0.345958411693573,0.3480513095855713,2.4944941997528076,2.4804859161376953,2.42798113822937,3.4944941997528076,3.4804859161376953,3.42798113822937,0.3221275806427002,0.32781782746315,0.3500545620918274,vision,vision,1,0.8333333134651184,0.8518518805503845,0.7843137383460999
202,f9O3YtZ2VfI$_$20,-0.4000000059604645,0.46671581268310547,0.3041238486766815,0.3000699281692505,0.3958062529563904,0.5443069338798523,0.5915324687957764,0.6261170506477356,0.9443069696426392,0.9915324449539185,1.0261170864105225,0.35143592953681946,0.33129045367240906,0.31727367639541626,vision,text,0,0.75,0.6969696879386902,0.7692307829856873
611,yDtzw_Y-7RU$_$2,0.800000011920929,-0.24293015897274017,0.308978796005249,0.3356492221355438,0.35537198185920715,-0.5458895564079285,-0.6464585065841675,-0.4998393654823303,1.3458895683288574,1.4464585781097412,1.2998393774032593,0.34000641107559204,0.2998412549495697,0.36015236377716064,vision,vision,1,0.8181818127632141,0.8111110925674438,0.7685185074806213
669,zhpQhgha_KU$_$8,-1.0,-0.9904260039329529,0.2831791043281555,0.3311125636100769,0.3857083022594452,-1.6314946413040161,-1.6887340545654297,-1.5986993312835693,0.6314946413040161,0.6887340545654297,0.5986993312835693,0.3363836407661438,0.31315648555755615,0.3504599332809448,vision,vision,1,0.800000011920929,0.8292682766914368,0.8367347121238708
328,k5Y_838nuGo$_$16,0.25,0.4342741370201111,0.20957736670970917,0.36079028248786926,0.42963236570358276,0.5973087549209595,0.6652814745903015,0.7198713421821594,0.3473087549209595,0.4152814745903015,0.4698713421821594,0.3601658046245575,0.3308279812335968,0.3090061545372009,vision,text,0,0.625,0.8421052694320679,0.8636363744735718
107,d3_k5Xpfmik$_$14,2.0,0.921695351600647,0.30776873230934143,0.28255513310432434,0.40967610478401184,1.0049384832382202,0.9736912846565247,1.0050770044326782,0.9950615167617798,1.0263087749481201,0.9949229955673218,0.3376248776912689,0.3246918320655823,0.3376833498477936,vision,vision,1,0.804347813129425,0.7222222089767456,0.8354430198669434
680,zhpQhgha_KU$_$31,-1.0,1.0202957391738892,0.27085232734680176,0.37868064641952515,0.3504670560359955,1.1665533781051636,1.1659268140792847,1.180860161781311,2.166553497314453,2.165926933288574,2.1808600425720215,0.33522629737854004,0.3354889452457428,0.3292846977710724,audio,audio,1,0.7083333134651184,0.8333333134651184,0.7241379022598267
252,fvVhgmXxadc$_$4,-2.799999952316284,-0.5290100574493408,0.2606256604194641,0.43596747517585754,0.30340689420700073,-1.0165069103240967,-1.104570746421814,-0.9647362232208252,1.7834930419921875,1.6954292058944702,1.835263729095459,0.3274712562561035,0.3655780851840973,0.3069506585597992,audio,audio,1,0.7272727489471436,0.9375,0.6842105388641357
228,f_pcplsH_V0$_$11,-0.4000000059604645,-0.9824866652488708,0.2869713306427002,0.37023040652275085,0.34279823303222656,-1.7892708778381348,-1.898126482963562,-1.7313358783721924,1.3892709016799927,1.49812650680542,1.3313359022140503,0.33922600746154785,0.2960703372955322,0.3647037148475647,audio,vision,0,0.7857142686843872,0.8500000238418579,0.7446808218955994
21,c7UH_rxdZv4$_$13,-2.5999999046325684,1.1194276809692383,0.34793609380722046,0.26075753569602966,0.39130640029907227,1.255215048789978,1.2598797082901,1.2346757650375366,3.855215072631836,3.859879493713379,3.8346757888793945,0.3311046361923218,0.3291797935962677,0.3397156000137329,vision,vision,1,1.0,0.8125,0.9459459185600281
69,cW1FSBF59ik$_$17,2.4000000953674316,1.5986062288284302,0.16555503010749817,0.26707905530929565,0.5673659443855286,1.9953495264053345,2.001310348510742,1.9821282625198364,0.40465056896209717,0.39868974685668945,0.4178718328475952,0.33432650566101074,0.336826890707016,0.32884666323661804,vision,audio,0,0.5,0.692307710647583,1.0
46,cM3Yna7AavY$_$6,2.799999952316284,1.5616668462753296,0.34461545944213867,0.29686400294303894,0.3585205376148224,1.8588876724243164,1.887893557548523,1.9000521898269653,0.9411122798919678,0.9121063947677612,0.8999477624893188,0.3236533999443054,0.3356035053730011,0.3407430946826935,vision,vision,1,0.8666666746139526,0.75,0.770370364189148
631,yvsjCA6Y5Fc$_$23,-1.2000000476837158,-0.1864738017320633,0.3315281569957733,0.30456414818763733,0.36390775442123413,-0.4688190221786499,-0.5811002254486084,-0.5114015936851501,0.7311810255050659,0.6188998222351074,0.6885984539985657,0.3119785487651825,0.35898691415786743,0.3290345370769501,vision,audio,0,0.8999999761581421,0.8187134265899658,0.8309178948402405
549,vvZ4IcEtiZc$_$6,1.0,1.933198094367981,0.299565851688385,0.3550078868865967,0.3454262912273407,2.286036491394043,2.286071300506592,2.26336932182312,1.286036491394043,1.2860713005065918,1.2633693218231201,0.33017513155937195,0.3301607668399811,0.33966413140296936,audio,vision,0,0.75,0.7887324094772339,0.699999988079071
657,zhpQhgha_KU$_$22,0.6000000238418579,-0.4909897446632385,0.3349190652370453,0.28327277302742004,0.38180825114250183,-0.7212990522384644,-0.7497207522392273,-0.6578680276870728,1.3212990760803223,1.3497207164764404,1.2578680515289307,0.32812559604644775,0.3166728913784027,0.35520148277282715,vision,vision,1,0.9090909361839294,0.7777777910232544,0.8571428656578064
380,nzpVDcQ0ywM$_$2,-1.600000023841858,0.5204254984855652,0.3414587080478668,0.2836272120475769,0.37491413950920105,0.6553105711936951,0.6977869868278503,0.7547087073326111,2.255310535430908,2.2977869510650635,2.354708671569824,0.35317590832710266,0.3349129259586334,0.31191113591194153,vision,text,0,0.8999999761581421,0.7647058963775635,0.8292682766914368
489,tStelxIAHjw$_$10,-0.4000000059604645,0.012839183211326599,0.3275158405303955,0.2875761091709137,0.3849080502986908,0.058023981750011444,0.054105889052152634,0.09151770174503326,0.4580239951610565,0.4541058838367462,0.49151772260665894,0.33739250898361206,0.33904898166656494,0.3235584497451782,vision,audio,0,0.8888888955116272,0.7777777910232544,0.8571428656578064
649,yvsjCA6Y5Fc$_$19,-1.600000023841858,0.22191272675991058,0.2509685456752777,0.3120616674423218,0.4369697570800781,0.08199501037597656,-0.09151159971952438,0.01317799836397171,1.6819950342178345,1.508488416671753,1.613178014755249,0.30011749267578125,0.3728056848049164,0.32707685232162476,vision,audio,0,0.7272727489471436,0.7924528121948242,0.8888888955116272
408,ob23OKe5a9Q$_$6,0.0,-0.3808884620666504,0.30185186862945557,0.3328394889831543,0.36530861258506775,-0.605697751045227,-0.6722078323364258,-0.6042263507843018,0.605697751045227,0.6722078323364258,0.6042263507843018,0.3422237038612366,0.31492263078689575,0.34285369515419006,vision,vision,1,0.8799999952316284,0.8846153616905212,0.8571428656578064
651,zhpQhgha_KU$_$24,0.0,-0.5339870452880859,0.38925519585609436,0.27148306369781494,0.3392618000507355,-0.7116833925247192,-0.7631341218948364,-0.6369249820709229,0.7116833925247192,0.7631341218948364,0.6369249820709229,0.3294171690940857,0.30889812111854553,0.36168473958969116,text,vision,0,1.0,0.7727272510528564,0.8148148059844971
452,rnaNMUZpvvg$_$3,-0.800000011920929,-0.2989041805267334,0.3697342276573181,0.28340211510658264,0.34686368703842163,-0.22270293533802032,-0.1847197413444519,-0.16929233074188232,0.5772970914840698,0.615280270576477,0.6307076811790466,0.34613487124443054,0.33008480072021484,0.3237802982330322,text,text,1,1.0,0.8181818127632141,0.8518518805503845
240,f_pcplsH_V0$_$6,1.600000023841858,0.06243032217025757,0.42757049202919006,0.29918941855430603,0.27324002981185913,0.09652716666460037,0.10722628980875015,0.16997969150543213,1.5034728050231934,1.4927737712860107,1.4300203323364258,0.32158204913139343,0.3259117007255554,0.35250622034072876,text,vision,0,0.8888888955116272,0.6666666865348816,0.5555555820465088
276,jUzDDGyPkXU$_$25,-2.0,-0.4452665448188782,0.22056840360164642,0.3781798481941223,0.4012517035007477,-0.8448011875152588,-0.8772687315940857,-0.8110754489898682,1.1551988124847412,1.1227312088012695,1.1889245510101318,0.33331796526908875,0.34712374210357666,0.3195582926273346,vision,audio,0,0.7058823704719543,0.9285714030265808,0.8846153616905212
183,etzxEpPuc6I$_$15,0.20000000298023224,-0.475002646446228,0.31636419892311096,0.3346315026283264,0.3490042984485626,-0.4826991856098175,-0.42001163959503174,-0.4229496717453003,0.6826992034912109,0.6200116276741028,0.6229496598243713,0.316550076007843,0.3423524796962738,0.34109747409820557,vision,audio,0,0.875,0.8571428656578064,0.8125
139,d6hH302o4v8$_$4,-1.600000023841858,-0.9566503167152405,0.2501387298107147,0.36021488904953003,0.38964641094207764,-1.718005657196045,-1.7878482341766357,-1.6782010793685913,0.11800563335418701,0.18784821033477783,0.0782010555267334,0.3369938135147095,0.30882084369659424,0.3541852831840515,vision,vision,1,0.75,0.8823529481887817,0.8500000238418579
445,phBUpBr1hSo$_$9,-2.0,0.5765329003334045,0.31099066138267517,0.31765487790107727,0.37135443091392517,0.567351222038269,0.5153311491012573,0.5530177354812622,2.5673513412475586,2.515331268310547,2.5530176162719727,0.3241213262081146,0.3458976745605469,0.3299809992313385,vision,audio,0,0.7799999713897705,0.7535211443901062,0.7555555701255798
384,nzpVDcQ0ywM$_$6,-1.399999976158142,-0.6059499382972717,0.35592320561408997,0.2578357458114624,0.38624104857444763,-0.7506243586540222,-0.743924617767334,-0.712239146232605,0.6493756175041199,0.6560753583908081,0.6877608299255371,0.3395802974700928,0.33674830198287964,0.32367143034935,vision,text,0,0.9090909361839294,0.7021276354789734,0.8392857313156128
677,zhpQhgha_KU$_$16,1.7999999523162842,1.8412154912948608,0.27127504348754883,0.32927533984184265,0.3994496464729309,2.176522970199585,2.175671339035034,2.1353862285614014,0.3765230178833008,0.37567138671875,0.3353862762451172,0.3274575471878052,0.327806293964386,0.34473612904548645,vision,vision,1,0.6875,0.739130437374115,0.7636363506317139
116,d3_k5Xpfmik$_$4,-1.0,-0.24586962163448334,0.38645970821380615,0.27002009749412537,0.3435201644897461,-0.36269983649253845,-0.41140106320381165,-0.3553125262260437,0.6373001337051392,0.5885989665985107,0.6446874737739563,0.3274849057197571,0.34804031252861023,0.3244747221469879,text,audio,0,0.9444444179534912,0.7234042286872864,0.7678571343421936
486,tIrG4oNLFzE$_$9,-1.0,0.9392426013946533,0.3123716711997986,0.31723350286483765,0.37039482593536377,1.073628544807434,1.0738939046859741,1.0801489353179932,2.0736284255981445,2.0738940238952637,2.080148935317993,0.3342747688293457,0.3341638743877411,0.3315613567829132,vision,text,0,0.7916666865348816,0.7586206793785095,0.7596153616905212
58,cW1FSBF59ik$_$4,1.600000023841858,2.1079893112182617,0.3101172149181366,0.3225184977054596,0.3673642575740814,2.4228484630584717,2.4008560180664062,2.337311029434204,0.8228484392166138,0.8008559942245483,0.7373110055923462,0.3183983862400055,0.32727280259132385,0.35432884097099304,vision,vision,1,0.8333333134651184,0.8101266026496887,0.800000011920929
232,f_pcplsH_V0$_$15,-1.0,-0.5906277298927307,0.34534355998039246,0.26648443937301636,0.3881720006465912,-0.8990968465805054,-0.9678899049758911,-0.8667396306991577,0.10090315341949463,0.03211009502410889,0.13326036930084229,0.32785192131996155,0.3572919964790344,0.31485605239868164,vision,audio,0,1.0,0.8278688788414001,0.9428571462631226
171,dq3Nf_lMPnE$_$3,-1.2000000476837158,0.9176504015922546,0.3405982553958893,0.2952699065208435,0.3641318082809448,0.99859619140625,0.9373279809951782,0.9956962466239929,2.198596239089966,2.1373281478881836,2.1956963539123535,0.32433566451072693,0.35015082359313965,0.32551348209381104,vision,audio,0,0.8571428656578064,0.739130437374115,0.7777777910232544
28,c7UH_rxdZv4$_$18,-2.25,-0.8122408986091614,0.3663254976272583,0.29097869992256165,0.34269583225250244,-1.204363226890564,-1.2902145385742188,-1.195953607559204,1.045636773109436,0.9597854614257812,1.054046392440796,0.3222867250442505,0.358796626329422,0.3189166188240051,text,audio,0,0.9333333373069763,0.7758620977401733,0.782608687877655
185,etzxEpPuc6I$_$17,-0.4000000059604645,-1.2005363702774048,0.3057284951210022,0.33608198165893555,0.35818952322006226,-1.904339075088501,-1.9713850021362305,-1.9071415662765503,1.5043390989303589,1.5713850259780884,1.5071415901184082,0.3429224193096161,0.3153543472290039,0.34172323346138,vision,text,0,0.8125,0.8125,0.7719298005104065
534,v0zCBqDeKcE$_$5,2.0,2.2647156715393066,0.36551594734191895,0.2669145464897156,0.36756956577301025,2.655565023422241,2.6628689765930176,2.5989139080047607,0.6555650234222412,0.6628689765930176,0.5989139080047607,0.3263395428657532,0.32337361574172974,0.3502868115901947,vision,vision,1,1.0,0.800000011920929,0.8888888955116272
49,cW1FSBF59ik$_$24,0.0,0.6245689988136292,0.27783408761024475,0.3495790362358093,0.37258684635162354,0.7774038314819336,0.7985630035400391,0.8726768493652344,0.7774038314819336,0.7985630035400391,0.8726768493652344,0.34945186972618103,0.3403303921222687,0.31021779775619507,vision,text,0,0.800000011920929,0.8620689511299133,0.8285714387893677
209,f9O3YtZ2VfI$_$3,0.6000000238418579,1.269331932067871,0.3629789352416992,0.28785067796707153,0.34917038679122925,1.4602398872375488,1.4980281591415405,1.4978240728378296,0.8602398633956909,0.8980281352996826,0.8978240489959717,0.34388259053230286,0.32801687717437744,0.3281005620956421,text,text,1,1.0,0.837837815284729,0.8636363744735718
307,k5Y_838nuGo$_$21,-0.20000000298023224,-0.3851097822189331,0.21633610129356384,0.3211921453475952,0.46247172355651855,-0.8634200096130371,-0.9147412776947021,-0.8167293071746826,0.6634200215339661,0.7147412896156311,0.6167293190956116,0.3335598409175873,0.31283333897590637,0.35360684990882874,vision,vision,1,0.6666666865348816,0.8181818127632141,0.9259259104728699
122,d6hH302o4v8$_$43,-2.5,1.514420986175537,0.2612004280090332,0.37625744938850403,0.36254212260246277,1.8459404706954956,1.8958967924118042,1.8903576135635376,4.345940589904785,4.395896911621094,4.390357494354248,0.3465656638145447,0.3255860209465027,0.32784825563430786,audio,text,0,0.7692307829856873,0.90625,0.8157894611358643
518,tmZoasNr4rU$_$5,-0.800000011920929,-0.40468114614486694,0.3080582618713379,0.3424600660800934,0.3494817018508911,-0.6195645332336426,-0.6617807745933533,-0.5846710205078125,0.18043547868728638,0.13821923732757568,0.21532899141311646,0.3320595622062683,0.35005301237106323,0.31788745522499084,vision,audio,0,0.8333333134651184,0.8444444537162781,0.7777777910232544
324,k5Y_838nuGo$_$12,0.20000000298023224,1.4315816164016724,0.3793160021305084,0.28162387013435364,0.33906009793281555,1.6776632070541382,1.6954174041748047,1.6885026693344116,1.4776631593704224,1.4954173564910889,1.4885026216506958,0.33731433749198914,0.32991087436676025,0.3327747881412506,text,text,1,0.9473684430122375,0.7555555701255798,0.7777777910232544
73,cXypl4FnoZo$_$24,0.20000000298023224,-0.303234338760376,0.23544657230377197,0.3429918885231018,0.42156147956848145,-0.905388593673706,-1.071285605430603,-0.907210111618042,1.1053886413574219,1.2712856531143188,1.1072101593017578,0.35581570863723755,0.289177805185318,0.35500648617744446,vision,text,0,0.7200000286102295,0.8504672646522522,0.8888888955116272
353,lXPQBPVc5Cw$_$10,-2.200000047683716,-0.30808115005493164,0.3262999653816223,0.3291341960430145,0.34456586837768555,-0.6430374383926392,-0.7868863344192505,-0.6700162291526794,1.5569626092910767,1.4131137132644653,1.5299837589263916,0.3094739317893982,0.3704376220703125,0.3200884759426117,vision,audio,0,0.8367347121238708,0.7960526347160339,0.748633861541748
256,fvVhgmXxadc$_$8,-0.5,-0.764357328414917,0.31510451436042786,0.30715593695640564,0.3777395188808441,-1.118676781654358,-1.1475566625595093,-1.0715426206588745,0.6186767816543579,0.6475566625595093,0.5715426206588745,0.33055317401885986,0.31883305311203003,0.3506137430667877,vision,vision,1,0.8571428656578064,0.800000011920929,0.8333333134651184
47,cM3Yna7AavY$_$9,-0.20000000298023224,0.7018638849258423,0.2877544164657593,0.3089107275009155,0.4033348262310028,0.808437705039978,0.8575714230537415,0.9104782342910767,1.0084377527236938,1.0575714111328125,1.1104782819747925,0.35452449321746826,0.3334057927131653,0.31206974387168884,vision,text,0,0.7777777910232544,0.7397260069847107,0.8045976758003235
480,tIrG4oNLFzE$_$3,2.5999999046325684,2.3136990070343018,0.3403092920780182,0.2538454830646515,0.40584516525268555,2.710639715194702,2.721583366394043,2.6439619064331055,0.11063981056213379,0.12158346176147461,0.04396200180053711,0.3253796696662903,0.3209589421749115,0.3536613881587982,vision,vision,1,0.8571428656578064,0.6666666865348816,0.8297872543334961
476,tIrG4oNLFzE$_$17,-0.4000000059604645,0.30601367354393005,0.32477352023124695,0.3084070086479187,0.36681950092315674,0.27464941143989563,0.11229913681745529,0.20079925656318665,0.6746494174003601,0.512299120426178,0.6007992625236511,0.3010503053665161,0.3687855005264282,0.33016419410705566,vision,audio,0,0.8409090638160706,0.7731958627700806,0.7863247990608215
33,cM3Yna7AavY$_$11,2.0,1.5152384042739868,0.3849261999130249,0.22410424053668976,0.39096954464912415,1.6971172094345093,1.7769124507904053,1.762509822845459,0.3028827905654907,0.22308754920959473,0.23749017715454102,0.31347349286079407,0.34635308384895325,0.3401733934879303,vision,audio,0,0.8888888955116272,0.5600000023841858,0.7666666507720947
118,d3_k5Xpfmik$_$6,1.600000023841858,2.4827351570129395,0.3538320064544678,0.2459729164838791,0.40019506216049194,2.9037351608276367,2.8868253231048584,2.830791711807251,1.3037351369857788,1.2868252992630005,1.230791687965393,0.3208390176296234,0.3276928663253784,0.3514680564403534,vision,vision,1,0.9090909361839294,0.6835442781448364,0.8541666865348816
76,cXypl4FnoZo$_$27,0.800000011920929,-0.09781371057033539,0.35527828335762024,0.2731814384460449,0.37154024839401245,-0.1295781135559082,-0.15754841268062592,-0.15576070547103882,0.9295781254768372,0.9575484395027161,0.9557607173919678,0.3408963680267334,0.32918357849121094,0.3299200236797333,vision,text,0,0.9285714030265808,0.75,0.8333333134651184
179,etzxEpPuc6I$_$11,-1.600000023841858,-0.3785504102706909,0.35605350136756897,0.3035081624984741,0.3404383361339569,-0.5590272545814514,-0.6155965328216553,-0.5498809814453125,1.0409727096557617,0.9844034910202026,1.0501190423965454,0.32659417390823364,0.35052427649497986,0.3228815495967865,text,audio,0,0.9473684430122375,0.8235294222831726,0.8064516186714172
603,wMbj6ajWbic$_$30,0.800000011920929,-0.8726053237915039,0.3511819541454315,0.21481752395629883,0.43400052189826965,-1.2902343273162842,-1.3078114986419678,-1.2642227411270142,2.0902342796325684,2.107811450958252,2.064222812652588,0.3320806324481964,0.32486391067504883,0.34305548667907715,vision,vision,1,0.8461538553237915,0.550000011920929,0.8333333134651184
310,k5Y_838nuGo$_$28,2.0,0.7740470767021179,0.2005414515733719,0.3192823529243469,0.48017618060112,0.9212449789047241,0.9464448690414429,0.9593780040740967,1.0787550210952759,1.0535551309585571,1.0406219959259033,0.32458868622779846,0.3349759578704834,0.34043532609939575,vision,vision,1,0.625,0.8125,0.9473684430122375
114,d3_k5Xpfmik$_$2,0.0,0.5126804709434509,0.25120481848716736,0.3167307674884796,0.43206438422203064,0.6144107580184937,0.5972210168838501,0.6616816520690918,0.6144107580184937,0.5972210168838501,0.6616816520690918,0.33734285831451416,0.3446698784828186,0.31798723340034485,vision,audio,0,0.75,0.8214285969734192,0.9117646813392639
626,yDtzw_Y-7RU$_$19,-1.600000023841858,-0.6692361235618591,0.35007235407829285,0.25387799739837646,0.3960496485233307,-1.1907320022583008,-1.286173939704895,-1.1236763000488281,0.40926802158355713,0.3138260841369629,0.4763237237930298,0.3282662332057953,0.36986106634140015,0.30187270045280457,vision,audio,0,0.8888888955116272,0.6666666865348816,0.8214285969734192
290,jUzDDGyPkXU$_$9,2.799999952316284,2.8179454803466797,0.3578272759914398,0.2767815589904785,0.3653911352157593,3.3145320415496826,3.3292555809020996,3.223604440689087,0.5145320892333984,0.5292556285858154,0.42360448837280273,0.3223586678504944,0.3164801299571991,0.36116117238998413,vision,vision,1,1.0,0.8260869383811951,0.8928571343421936
576,wMbj6ajWbic$_$26,1.7999999523162842,1.0903733968734741,0.3474558889865875,0.3111717998981476,0.3413723409175873,1.273177981376648,1.2840847969055176,1.277692198753357,0.5268219709396362,0.5159151554107666,0.5223077535629272,0.331193208694458,0.33573946356773376,0.3330673277378082,text,audio,0,1.0,0.8999999761581421,0.875
608,yDtzw_Y-7RU$_$23,2.200000047683716,1.594420075416565,0.3067081868648529,0.3011187016963959,0.3921731412410736,1.9202324151992798,1.9464291334152222,1.9212490320205688,0.27976763248443604,0.25357091426849365,0.278751015663147,0.32953715324401855,0.34050673246383667,0.32995617389678955,vision,audio,0,0.8333333134651184,0.78125,0.8421052694320679
127,d6hH302o4v8$_$20,1.0,-0.16555039584636688,0.3195107877254486,0.34085795283317566,0.3396312892436981,-0.3124237060546875,-0.3572729229927063,-0.23116204142570496,1.3124237060546875,1.3572728633880615,1.2311620712280273,0.3276114761829376,0.30975043773651123,0.36263811588287354,audio,vision,0,0.8571428656578064,0.8399999737739563,0.7666666507720947
126,d6hH302o4v8$_$27,-2.5999999046325684,-0.545767068862915,0.38803577423095703,0.2736847996711731,0.3382793664932251,-0.5756421089172363,-0.5289028882980347,-0.5181180238723755,2.024357795715332,2.071096897125244,2.0818819999694824,0.3479629158973694,0.3282161056995392,0.32382097840309143,text,text,1,1.0,0.7777777910232544,0.8181818127632141
647,yvsjCA6Y5Fc$_$17,-0.6000000238418579,0.19737111032009125,0.29523319005966187,0.32014331221580505,0.3846234977245331,0.2639029622077942,0.2673676908016205,0.34476473927497864,0.8639029860496521,0.8673677444458008,0.9447647333145142,0.3448821008205414,0.34339165687561035,0.31172624230384827,vision,text,0,0.800000011920929,0.795918345451355,0.8135592937469482
135,d6hH302o4v8$_$1,-2.799999952316284,-1.6369067430496216,0.39308711886405945,0.28360942006111145,0.3233034312725067,-2.6553351879119873,-2.7786171436309814,-2.619640588760376,0.14466476440429688,0.021382808685302734,0.1803593635559082,0.32020771503448486,0.3735576272010803,0.3062346577644348,text,audio,0,1.0,0.7749999761581421,0.7708333134651184
431,phBUpBr1hSo$_$15,-2.200000047683716,1.352454423904419,0.29523900151252747,0.31136536598205566,0.3933955729007721,1.5107473134994507,1.4643710851669312,1.4576386213302612,3.710747241973877,3.6643710136413574,3.6576385498046875,0.3196601867675781,0.3387385606765747,0.34160125255584717,vision,vision,1,0.7799999713897705,0.7701863646507263,0.8144329786300659
462,rnaNMUZpvvg$_$13,-2.0,-0.7485713362693787,0.41741329431533813,0.28630340099334717,0.2962833046913147,-0.9433438777923584,-0.9773621559143066,-0.8878161907196045,1.0566561222076416,1.0226378440856934,1.1121838092803955,0.33597812056541443,0.35057294368743896,0.3134489059448242,text,audio,0,1.0,0.7647058963775635,0.7142857313156128
580,wMbj6ajWbic$_$22,1.399999976158142,2.1792869567871094,0.27931639552116394,0.30629080533981323,0.4143927991390228,2.5322420597076416,2.4830446243286133,2.4321258068084717,1.1322420835494995,1.0830446481704712,1.0321258306503296,0.3128186762332916,0.33265984058380127,0.3545214831829071,vision,vision,1,0.7272727489471436,0.7241379022598267,0.8103448152542114
544,vvZ4IcEtiZc$_$3,1.399999976158142,-0.5442138910293579,0.25253504514694214,0.34158995747566223,0.4058750569820404,-1.051244854927063,-1.1391600370407104,-1.0429354906082153,2.451244831085205,2.5391600131988525,2.4429354667663574,0.34407180547714233,0.30826398730278015,0.3476642370223999,vision,vision,1,0.7083333134651184,0.8139534592628479,0.8252426981925964
389,nzpVDcQ0ywM$_$13,-1.0,-0.07565852999687195,0.3352242112159729,0.30676770210266113,0.3580080568790436,-0.1773173063993454,-0.21333569288253784,-0.069370798766613,0.8226826786994934,0.7866643071174622,0.9306291937828064,0.3424861431121826,0.3582582473754883,0.2992556095123291,vision,audio,0,0.8823529481887817,0.7857142686843872,0.7941176295280457
447,phBUpBr1hSo$_$21,0.800000011920929,1.034686803817749,0.2670108675956726,0.37312301993370056,0.35986611247062683,1.1613811254501343,1.1444729566574097,1.1521778106689453,0.3613811135292053,0.3444729447364807,0.35217779874801636,0.3297140896320343,0.3367568552494049,0.3335290551185608,audio,audio,1,0.739130437374115,0.8627451062202454,0.774193525314331
601,wMbj6ajWbic$_$19,-0.6000000238418579,0.5375214219093323,0.2609720230102539,0.3343309462070465,0.4046970009803772,0.5821979641914368,0.5678795576095581,0.589897096157074,1.1821980476379395,1.167879581451416,1.189897060394287,0.3323935866355896,0.3383963704109192,0.3292100429534912,vision,audio,0,0.7647058963775635,0.8399999737739563,0.8666666746139526
219,f9O3YtZ2VfI$_$13,-1.600000023841858,0.781707227230072,0.30839449167251587,0.30705374479293823,0.3845517933368683,0.9814693927764893,1.0305813550949097,1.048601508140564,2.5814695358276367,2.6305813789367676,2.648601531982422,0.34965449571609497,0.3288348913192749,0.3215106129646301,vision,text,0,0.7692307829856873,0.7222222089767456,0.7647058963775635
104,d3_k5Xpfmik$_$13,2.200000047683716,2.063225269317627,0.39011767506599426,0.3528483211994171,0.2570340037345886,2.300480604171753,2.2165355682373047,2.232095241546631,0.10048055648803711,0.016535520553588867,0.03209519386291504,0.3125120997428894,0.34708666801452637,0.34040117263793945,text,audio,0,1.0,0.9047619104385376,0.6800000071525574
449,rnaNMUZpvvg$_$21,-2.5999999046325684,-0.5219151973724365,0.29358792304992676,0.32141244411468506,0.38499966263771057,-0.8883681893348694,-0.954200029373169,-0.8829585313796997,1.7116317749023438,1.6457998752593994,1.7170413732528687,0.3247774541378021,0.3526338040828705,0.322588711977005,vision,audio,0,0.8181818127632141,0.8166666626930237,0.8333333134651184
566,vyB00TXsimI$_$13,2.4000000953674316,1.418155312538147,0.27682051062583923,0.30907636880874634,0.41410312056541443,1.6662763357162476,1.6787148714065552,1.71573007106781,0.7337237596511841,0.7212852239608765,0.6842700242996216,0.324734628200531,0.3298230767250061,0.3454422652721405,vision,vision,1,0.7777777910232544,0.7777777910232544,0.8571428656578064
524,v0zCBqDeKcE$_$11,1.600000023841858,0.9186962842941284,0.31820130348205566,0.2908211648464203,0.3909775912761688,0.9384210705757141,0.8977819681167603,0.9077960848808289,0.6615789532661438,0.7022180557250977,0.692203938961029,0.3432990610599518,0.326295405626297,0.33040550351142883,vision,text,0,0.8125,0.7297297120094299,0.8023256063461304
355,lXPQBPVc5Cw$_$12,-2.0,-0.8266271352767944,0.2642344534397125,0.27861008048057556,0.4571555256843567,-1.5585194826126099,-1.6371595859527588,-1.4992209672927856,0.44148051738739014,0.3628404140472412,0.5007790327072144,0.3298315107822418,0.3639010488986969,0.30626749992370605,vision,audio,0,0.8461538553237915,0.8214285969734192,1.0
446,phBUpBr1hSo$_$8,-2.200000047683716,-0.9068015813827515,0.293349027633667,0.33934950828552246,0.36730146408081055,-1.5175238847732544,-1.613507866859436,-1.5159984827041626,0.6824761629104614,0.5864921808242798,0.6840015649795532,0.3199416995048523,0.3607260584831238,0.3193322420120239,vision,audio,0,0.800000011920929,0.8292682766914368,0.7974276542663574
341,lXPQBPVc5Cw$_$28,0.800000011920929,1.6403652429580688,0.33359232544898987,0.3008583188056946,0.3655494153499603,1.92949378490448,1.9399975538253784,1.9383553266525269,1.1294937133789062,1.1399974822998047,1.1383552551269531,0.33602824807167053,0.331645131111145,0.33232662081718445,vision,text,0,0.8823529481887817,0.7884615659713745,0.8095238208770752
125,d6hH302o4v8$_$26,-2.5999999046325684,-1.5175198316574097,0.4240582287311554,0.333111047744751,0.2428307831287384,-2.2292320728302,-2.3176114559173584,-2.2237000465393066,0.37076783180236816,0.28238844871520996,0.3762998580932617,0.321552038192749,0.3591117858886719,0.3193361759185791,text,audio,0,1.0,0.8333333134651184,0.6000000238418579
548,vvZ4IcEtiZc$_$7,1.399999976158142,-0.40798360109329224,0.3219374418258667,0.2909316122531891,0.3871309161186218,-0.7423994541168213,-0.7978959083557129,-0.6746964454650879,2.142399311065674,2.1978960037231445,2.0746965408325195,0.3309841454029083,0.3088017404079437,0.36021414399147034,vision,vision,1,0.8666666746139526,0.7592592835426331,0.828125
19,c7UH_rxdZv4$_$11,1.0,0.8671388030052185,0.33545994758605957,0.3099949359893799,0.35454511642456055,0.9759649038314819,0.9848224520683289,1.0122324228286743,0.024035096168518066,0.015177547931671143,0.012232422828674316,0.33046966791152954,0.33414894342422485,0.3353813886642456,vision,vision,1,0.8333333134651184,0.75,0.7446808218955994
223,f9O3YtZ2VfI$_$17,-2.0,0.9628713726997375,0.38519394397735596,0.30401337146759033,0.3107926547527313,1.1445978879928589,1.1833513975143433,1.1910279989242554,3.1445980072021484,3.183351516723633,3.191028118133545,0.34526485204696655,0.32893821597099304,0.3257969319820404,text,text,1,0.9411764740943909,0.7808219194412231,0.719298243522644
281,jUzDDGyPkXU$_$22,-2.4000000953674316,-0.9652072787284851,0.3607151210308075,0.2599446773529053,0.37934020161628723,-1.4786306619644165,-1.5521310567855835,-1.491237998008728,0.9213694334030151,0.8478690385818481,0.9087620973587036,0.3213251531124115,0.3522457182407379,0.3264290988445282,vision,audio,0,0.8888888955116272,0.6800000071525574,0.7966101765632629
648,yvsjCA6Y5Fc$_$16,-1.7999999523162842,-0.8294849395751953,0.3141891360282898,0.3167042136192322,0.36910662055015564,-1.4263025522232056,-1.5753049850463867,-1.4891338348388672,0.3736974000930786,0.22469496726989746,0.310866117477417,0.3042812943458557,0.3665758967399597,0.3291427791118622,vision,audio,0,0.8399999737739563,0.8042327761650085,0.8026315569877625
141,d6hH302o4v8$_$6,-2.0,0.24062848091125488,0.3830115795135498,0.30957603454589844,0.30741238594055176,0.3415909707546234,0.39899304509162903,0.48573172092437744,2.3415908813476562,2.3989930152893066,2.485731601715088,0.3615480065345764,0.33651480078697205,0.30193716287612915,text,text,1,0.8571428656578064,0.699999988079071,0.625
284,jUzDDGyPkXU$_$3,0.0,0.5565555095672607,0.2960827946662903,0.2616906464099884,0.44222649931907654,0.6686698198318481,0.6796969175338745,0.6936483383178711,0.6686698198318481,0.6796969175338745,0.6936483383178711,0.3383442163467407,0.33371251821517944,0.32794326543807983,vision,text,0,0.6666666865348816,0.5555555820465088,0.75
37,cM3Yna7AavY$_$15,-2.4000000953674316,-0.23279373347759247,0.38838258385658264,0.30795785784721375,0.3036595284938812,-0.26946499943733215,-0.28088483214378357,-0.2462630271911621,2.130535125732422,2.1191153526306152,2.1537370681762695,0.3349195718765259,0.339734822511673,0.32534563541412354,text,audio,0,0.9090909361839294,0.75,0.6666666865348816
25,c7UH_rxdZv4$_$17,-1.399999976158142,-0.277018666267395,0.3012925386428833,0.28281161189079285,0.4158957898616791,-0.5476343631744385,-0.6044739484786987,-0.47074073553085327,0.8523656129837036,0.7955260276794434,0.9292592406272888,0.3353462815284729,0.36003926396369934,0.3046143651008606,vision,audio,0,0.75,0.6666666865348816,0.7906976938247681
20,c7UH_rxdZv4$_$10,0.800000011920929,0.944998025894165,0.3438517451286316,0.2844354510307312,0.3717128336429596,1.0039712190628052,0.969536304473877,0.9995679259300232,0.20397120714187622,0.169536292552948,0.19956791400909424,0.3279223144054413,0.3423455059528351,0.3297322392463684,vision,audio,0,0.8928571343421936,0.7567567825317383,0.8181818127632141
625,yDtzw_Y-7RU$_$16,0.6000000238418579,0.3947131633758545,0.2748703956604004,0.3319661617279053,0.39316341280937195,0.4874318838119507,0.5213863849639893,0.5817602276802063,0.11256814002990723,0.07861363887786865,0.01823979616165161,0.3156067430973053,0.3292904198169708,0.3551028370857239,vision,vision,1,0.7058823704719543,0.7558139562606812,0.7669903039932251
613,yDtzw_Y-7RU$_$4,-1.0,-0.3603172302246094,0.2558060586452484,0.3732451796531677,0.3709487318992615,-0.6786346435546875,-0.7432030439376831,-0.6387665867805481,0.3213653564453125,0.2567969560623169,0.3612334132194519,0.3294411897659302,0.35713303089141846,0.31342583894729614,audio,audio,1,0.6666666865348816,0.8125,0.7368420958518982
337,lXPQBPVc5Cw$_$20,-1.7999999523162842,1.396759033203125,0.2716551125049591,0.38229310512542725,0.34605178236961365,1.6214120388031006,1.60470712184906,1.6120434999465942,3.4214119911193848,3.4047069549560547,3.412043571472168,0.32971957325935364,0.3366768956184387,0.33360350131988525,audio,audio,1,0.6969696879386902,0.8282828330993652,0.7027027010917664
287,jUzDDGyPkXU$_$4,-1.600000023841858,1.458530068397522,0.3025888204574585,0.31425240635871887,0.38315871357917786,1.6225064992904663,1.5783425569534302,1.5558961629867554,3.222506523132324,3.178342580795288,3.1558961868286133,0.3181082606315613,0.3361630439758301,0.34572869539260864,vision,vision,1,0.8421052694320679,0.8202247023582458,0.84375
322,k5Y_838nuGo$_$10,2.0,0.8235861659049988,0.308586984872818,0.2987784445285797,0.3926345705986023,0.9968588352203369,1.0267225503921509,1.0387815237045288,1.003141164779663,0.9732774496078491,0.9612184762954712,0.32343244552612305,0.33573418855667114,0.3408333361148834,vision,vision,1,0.8181818127632141,0.7586206793785095,0.8235294222831726
358,lXPQBPVc5Cw$_$17,-1.7999999523162842,-0.5254760980606079,0.2681448459625244,0.3277740776538849,0.4040810465812683,-1.1035487651824951,-1.209398865699768,-1.0670408010482788,0.6964511871337891,0.5906010866165161,0.7329591512680054,0.3229081630706787,0.368588387966156,0.3085034489631653,vision,audio,0,0.7333333492279053,0.782608687877655,0.8192771077156067
606,yDtzw_Y-7RU$_$21,0.20000000298023224,-0.4685206413269043,0.29242709279060364,0.29316970705986023,0.41440320014953613,-0.8329659104347229,-0.8928115367889404,-0.7974759340286255,1.032965898513794,1.0928115844726562,0.9974759221076965,0.33632850646972656,0.31208673119544983,0.3515847325325012,vision,vision,1,0.800000011920929,0.7586206793785095,0.8571428656578064
441,phBUpBr1hSo$_$5,-1.399999976158142,0.8582269549369812,0.22682979702949524,0.3576802909374237,0.41548997163772583,0.9855028390884399,0.9121758937835693,0.973739504814148,2.385502815246582,2.312175750732422,2.37373948097229,0.3214603364467621,0.35231757164001465,0.3262220621109009,vision,audio,0,0.6470588445663452,0.8301886916160583,0.8421052694320679
230,f_pcplsH_V0$_$13,1.600000023841858,1.1687792539596558,0.35770484805107117,0.3004130423069,0.3418820798397064,1.364219069480896,1.3846513032913208,1.390403151512146,0.23578095436096191,0.2153487205505371,0.20959687232971191,0.32688915729522705,0.3353455364704132,0.33776530623435974,text,vision,0,0.9090909361839294,0.7777777910232544,0.7727272510528564
650,yvsjCA6Y5Fc$_$18,-2.200000047683716,-0.8753690123558044,0.3789089024066925,0.24587489664554596,0.37521621584892273,-1.253212332725525,-1.3425346612930298,-1.2862485647201538,0.9467877149581909,0.857465386390686,0.913751482963562,0.31642720103263855,0.3538050651550293,0.32976770401000977,text,audio,0,0.9629629850387573,0.7027027010917664,0.8421052694320679
681,zhpQhgha_KU$_$30,-2.0,-0.8218186497688293,0.19685763120651245,0.3540607690811157,0.44908154010772705,-1.7749229669570923,-1.8783398866653442,-1.7209421396255493,0.22507703304290771,0.12166011333465576,0.2790578603744507,0.32544150948524475,0.37035199999809265,0.3042064905166626,vision,audio,0,0.7142857313156128,0.949999988079071,1.0
152,d6hH302o4v8$_$17,-2.0,-1.1529736518859863,0.418591171503067,0.308349072933197,0.2730597257614136,-1.636151671409607,-1.6927582025527954,-1.5938040018081665,0.36384832859039307,0.3072417974472046,0.4061959981918335,0.3309325575828552,0.35519710183143616,0.3138703405857086,text,audio,0,1.0,0.800000011920929,0.6666666865348816
407,ob23OKe5a9Q$_$7,0.6000000238418579,1.3029745817184448,0.3205655515193939,0.3287471532821655,0.35068729519844055,1.4140526056289673,1.3755990266799927,1.353071689605713,0.8140525817871094,0.7755990028381348,0.753071665763855,0.31964734196662903,0.33538711071014404,0.3449655771255493,vision,vision,1,0.8823529481887817,0.8541666865348816,0.8103448152542114
660,zhpQhgha_KU$_$29,-1.2000000476837158,-1.1128203868865967,0.31533083319664,0.3289753794670105,0.3556938171386719,-1.6766277551651,-1.7151318788528442,-1.6537975072860718,0.4766277074813843,0.5151318311691284,0.45379745960235596,0.3353500962257385,0.3195918798446655,0.3450581133365631,vision,vision,1,0.8571428656578064,0.8333333134651184,0.800000011920929
483,tIrG4oNLFzE$_$4,1.399999976158142,0.68520188331604,0.3932974338531494,0.2574397027492523,0.34926289319992065,0.7620459794998169,0.7717199325561523,0.8160218596458435,0.6379539966583252,0.6282800436019897,0.5839781165122986,0.3244684338569641,0.3284158408641815,0.347115695476532,text,vision,0,0.9333333373069763,0.6785714030265808,0.7575757503509521
600,wMbj6ajWbic$_$16,-0.4000000059604645,0.7679937481880188,0.3323288857936859,0.3365901708602905,0.3310808837413788,0.8110119104385376,0.7880566120147705,0.825133204460144,1.2110118865966797,1.1880565881729126,1.2251331806182861,0.3320479691028595,0.3417138159275055,0.326238214969635,audio,audio,1,0.8799999952316284,0.8450704216957092,0.7647058963775635
3,c7UH_rxdZv4$_$27,-1.7999999523162842,-0.32414913177490234,0.29374173283576965,0.330448180437088,0.37581008672714233,-0.6060134172439575,-0.6877551078796387,-0.5938765406608582,1.1939865350723267,1.1122448444366455,1.2061233520507812,0.3233605623245239,0.35814759135246277,0.3184918463230133,vision,audio,0,0.782608687877655,0.800000011920929,0.7886179089546204
567,vyB00TXsimI$_$12,0.20000000298023224,0.575039803981781,0.39431485533714294,0.2450592964887619,0.36062586307525635,0.6670266389846802,0.6858316659927368,0.7712600827217102,0.46702665090560913,0.48583167791366577,0.5712600946426392,0.35031089186668396,0.34217241406440735,0.3075166344642639,text,text,1,1.0,0.7096773982048035,0.837837815284729
632,yvsjCA6Y5Fc$_$1,-2.0,0.7477714419364929,0.3059695363044739,0.30673250555992126,0.38729792833328247,0.787493109703064,0.7726277112960815,0.7843967080116272,2.7874932289123535,2.772627830505371,2.7843966484069824,0.33083730936050415,0.33704230189323425,0.3321203887462616,vision,audio,0,0.7777777910232544,0.7361111044883728,0.7777777910232544
95,cXypl4FnoZo$_$12,2.0,2.3451521396636963,0.3461771607398987,0.30868226289749146,0.3451405167579651,2.727534294128418,2.7259130477905273,2.658719539642334,0.727534294128418,0.7259130477905273,0.658719539642334,0.32343044877052307,0.3240865468978882,0.35248300433158875,text,vision,0,0.9333333373069763,0.8333333134651184,0.8163265585899353
292,jUzDDGyPkXU$_$11,2.4000000953674316,2.3544461727142334,0.26215660572052,0.37803107500076294,0.35981228947639465,2.7293219566345215,2.69385027885437,2.6205708980560303,0.32932186126708984,0.2938501834869385,0.22057080268859863,0.31338638067245483,0.32759448885917664,0.35901913046836853,audio,vision,0,0.739130437374115,0.875,0.7820512652397156
221,f9O3YtZ2VfI$_$15,-1.2000000476837158,0.29355400800704956,0.3169986307621002,0.28884053230285645,0.3941608667373657,0.4135960340499878,0.4791536033153534,0.4808031916618347,1.6135960817337036,1.6791536808013916,1.6808032989501953,0.3520205318927765,0.32432377338409424,0.3236556947231293,vision,text,0,0.800000011920929,0.7142857313156128,0.800000011920929
400,ob23OKe5a9Q$_$12,2.799999952316284,2.69193959236145,0.3421570062637329,0.27249258756637573,0.38535043597221375,3.1336612701416016,3.134331703186035,3.0406174659729004,0.3336613178253174,0.334331750869751,0.2406175136566162,0.32025617361068726,0.3199878931045532,0.3597559332847595,vision,vision,1,0.9090909361839294,0.75,0.8529411554336548
227,f9O3YtZ2VfI$_$30,-1.0,-0.7284808158874512,0.2522265315055847,0.3775005042552948,0.37027302384376526,-1.3556394577026367,-1.4214414358139038,-1.2842179536819458,0.3556394577026367,0.4214414358139038,0.2842179536819458,0.3317384719848633,0.3055441975593567,0.36271733045578003,audio,vision,0,0.7142857313156128,0.8600000143051147,0.7833333611488342
75,cXypl4FnoZo$_$26,0.6000000238418579,0.8380915522575378,0.3785962164402008,0.31643256545066833,0.30497121810913086,1.0057774782180786,1.0371496677398682,1.0455747842788696,0.4057774543762207,0.43714964389801025,0.4455747604370117,0.34328705072402954,0.33008551597595215,0.3266274929046631,text,text,1,1.0,0.8666666746139526,0.7777777910232544
277,jUzDDGyPkXU$_$26,-2.0,-0.08249951899051666,0.3545074760913849,0.30195122957229614,0.34354138374328613,-0.2310895323753357,-0.33432385325431824,-0.30005237460136414,1.7689104080200195,1.6656761169433594,1.6999475955963135,0.30981168150901794,0.3524847626686096,0.33770349621772766,text,audio,0,0.8799999952316284,0.7555555701255798,0.7454545497894287
14,c7UH_rxdZv4$_$4,1.600000023841858,2.059502124786377,0.34503865242004395,0.3296900987625122,0.32527124881744385,2.356428861618042,2.3341522216796875,2.279247522354126,0.7564288377761841,0.7341521978378296,0.6792474985122681,0.3195377290248871,0.32856056094169617,0.35190173983573914,text,vision,0,0.9333333373069763,0.8627451062202454,0.7868852615356445
376,nzpVDcQ0ywM$_$22,2.0,2.0919361114501953,0.5748348236083984,0.10287544876337051,0.32228967547416687,2.236353635787964,2.2406227588653564,2.202169179916382,0.23635363578796387,0.24062275886535645,0.20216917991638184,0.3291277289390564,0.32737597823143005,0.34349632263183594,text,vision,0,0.8888888955116272,0.0,0.5
336,lXPQBPVc5Cw$_$27,-2.799999952316284,-0.6609500646591187,0.3232356607913971,0.3491060733795166,0.3276582658290863,-1.0375415086746216,-1.114664912223816,-1.0390921831130981,1.7624584436416626,1.6853350400924683,1.760907769203186,0.3222537934780121,0.35486719012260437,0.32287901639938354,audio,audio,1,0.875,0.8709677457809448,0.7631579041481018
444,phBUpBr1hSo$_$6,1.600000023841858,1.8749977350234985,0.32530689239501953,0.34736430644989014,0.32732880115509033,2.1730339527130127,2.1639962196350098,2.123527765274048,0.5730339288711548,0.5639961957931519,0.5235277414321899,0.3251821994781494,0.32887667417526245,0.34594109654426575,audio,vision,0,0.8999999761581421,0.8936170339584351,0.7894737124443054
392,nzpVDcQ0ywM$_$14,0.20000000298023224,-0.5074449777603149,0.28066205978393555,0.308708131313324,0.4106297791004181,-1.0976887941360474,-1.216192603111267,-1.037158489227295,1.2976888418197632,1.416192650794983,1.2371585369110107,0.34002983570098877,0.29321426153182983,0.36675581336021423,vision,vision,1,0.75,0.7402597665786743,0.8152173757553101
675,zhpQhgha_KU$_$14,-1.5,-1.0337592363357544,0.3258620500564575,0.24415183067321777,0.4299860894680023,-1.7027997970581055,-1.7566330432891846,-1.6783066987991333,0.20279979705810547,0.25663304328918457,0.1783066987991333,0.33715298771858215,0.3152119517326355,0.34763506054878235,vision,vision,1,0.8333333134651184,0.6428571343421936,0.8484848737716675
329,k5Y_838nuGo$_$19,-0.6000000238418579,0.7467772364616394,0.32599687576293945,0.31207266449928284,0.3619304895401001,0.8629001379013062,0.8583446145057678,0.9070378541946411,1.462900161743164,1.4583446979522705,1.507037878036499,0.33874961733818054,0.34068408608436584,0.3205662965774536,vision,audio,0,0.8947368264198303,0.8285714387893677,0.8333333134651184
293,jUzDDGyPkXU$_$10,2.4000000953674316,2.9168803691864014,0.3270043432712555,0.31678712368011475,0.35620859265327454,3.3578579425811768,3.3159523010253906,3.211784601211548,0.9578578472137451,0.915952205657959,0.8117845058441162,0.3073044419288635,0.32383066415786743,0.36886486411094666,vision,vision,1,0.8095238208770752,0.7457627058029175,0.7358490824699402
285,jUzDDGyPkXU$_$2,2.5999999046325684,2.9667272567749023,0.42477452754974365,0.31159234046936035,0.2636331021785736,3.4167678356170654,3.413184642791748,3.303539991378784,0.8167679309844971,0.8131847381591797,0.7035400867462158,0.31680363416671753,0.3182257413864136,0.3649706244468689,text,vision,0,1.0,0.800000011920929,0.6451612710952759
659,zhpQhgha_KU$_$28,1.399999976158142,1.8999404907226562,0.3574058413505554,0.30492737889289856,0.337666779756546,2.232417345046997,2.2627124786376953,2.248563051223755,0.832417368888855,0.8627125024795532,0.8485630750656128,0.339805543422699,0.32717812061309814,0.3330163061618805,text,text,1,0.9090909361839294,0.7857142686843872,0.7647058963775635
630,yvsjCA6Y5Fc$_$22,-1.600000023841858,-0.9019037485122681,0.28899049758911133,0.311053603887558,0.3999558389186859,-1.1469193696975708,-1.1515549421310425,-1.1139088869094849,0.4530806541442871,0.44844508171081543,0.48609113693237305,0.33722400665283203,0.3391837477684021,0.32359227538108826,vision,audio,0,0.7142857313156128,0.7142857313156128,0.7647058963775635
192,etzxEpPuc6I$_$5,0.0,1.6871799230575562,0.2513035535812378,0.3383408486843109,0.4103555977344513,1.9662545919418335,1.9479039907455444,1.9049218893051147,1.9662545919418335,1.9479039907455444,1.9049218893051147,0.32228076457977295,0.32975876331329346,0.347960501909256,vision,vision,1,0.6086956262588501,0.7142857313156128,0.7368420958518982
511,tmZoasNr4rU$_$16,-1.399999976158142,-0.39567267894744873,0.30029526352882385,0.33614665269851685,0.3635581135749817,-0.7510549426078796,-0.8367730975151062,-0.7076395153999329,0.6489450335502625,0.5632268786430359,0.6923604607582092,0.3267679512500763,0.3637249767780304,0.3095071017742157,vision,audio,0,0.8666666746139526,0.875,0.8421052694320679
272,iiK8YX8oH1E$_$6,0.20000000298023224,2.3147897720336914,0.42259976267814636,0.3078865706920624,0.26951369643211365,2.611215829849243,2.5449068546295166,2.5518879890441895,2.4112157821655273,2.344906806945801,2.3518879413604736,0.3161158561706543,0.34343400597572327,0.34045013785362244,text,audio,0,1.0,0.800000011920929,0.6666666865348816
351,lXPQBPVc5Cw$_$8,2.5999999046325684,2.877305269241333,0.2136601209640503,0.36776381731033325,0.4185760021209717,3.43051815032959,3.469261884689331,3.355130434036255,0.8305182456970215,0.8692619800567627,0.7551305294036865,0.32770317792892456,0.3122108280658722,0.36008602380752563,vision,vision,1,0.6363636255264282,0.8666666746139526,0.8571428656578064
160,d6hH302o4v8$_$35,-1.600000023841858,-1.0944546461105347,0.30063456296920776,0.32036104798316956,0.3790043592453003,-1.8396648168563843,-1.9455695152282715,-1.8655593395233154,0.23966479301452637,0.3455694913864136,0.2655593156814575,0.35159796476364136,0.30800241231918335,0.3403995931148529,vision,text,0,0.8333333134651184,0.8205128312110901,0.8297872543334961
437,phBUpBr1hSo$_$20,-1.25,1.5126763582229614,0.2996518909931183,0.31539782881736755,0.3849502503871918,1.7408593893051147,1.6872740983963013,1.6863181591033936,2.9908595085144043,2.9372739791870117,2.9363181591033936,0.31848856806755066,0.3405521810054779,0.3409592807292938,vision,vision,1,0.8333333134651184,0.8125,0.8448275923728943
644,yvsjCA6Y5Fc$_$12,-0.6000000238418579,-0.6112634539604187,0.32739555835723877,0.3219200372695923,0.35068443417549133,-0.9627223014831543,-1.0746359825134277,-1.0068031549453735,0.3627222776412964,0.4746359586715698,0.4068031311035156,0.35513362288475037,0.30877164006233215,0.3360947370529175,vision,text,0,0.8809523582458496,0.831932783126831,0.8028169274330139
541,vvZ4IcEtiZc$_$10,-2.0,-0.13936816155910492,0.24305084347724915,0.4268263578414917,0.33012282848358154,-0.2926628291606903,-0.32211965322494507,-0.27760353684425354,1.7073371410369873,1.6778802871704102,1.7223964929580688,0.331250935792923,0.34367528557777405,0.3250737190246582,audio,audio,1,0.699999988079071,0.9375,0.7368420958518982
521,tmZoasNr4rU$_$6,-1.7999999523162842,-0.43569880723953247,0.3893476128578186,0.25968852639198303,0.3509639501571655,-0.6011143922805786,-0.6552140116691589,-0.5534519553184509,1.1988855600357056,1.1447858810424805,1.2465479373931885,0.3319914638996124,0.3552187383174896,0.31278976798057556,text,audio,0,1.0,0.7534246444702148,0.8275862336158752
585,wMbj6ajWbic$_$3,0.0,1.5726020336151123,0.3900481164455414,0.23626366257667542,0.3736882507801056,1.886136531829834,1.9164791107177734,1.8986812829971313,1.886136531829834,1.9164791107177734,1.8986812829971313,0.3393024206161499,0.3266742527484894,0.33402329683303833,text,text,1,0.8888888955116272,0.5925925970077515,0.75
226,f9O3YtZ2VfI$_$18,-1.0,0.5120747685432434,0.35566502809524536,0.3098703622817993,0.3344646692276001,0.5996001958847046,0.6421083211898804,0.6743849515914917,1.5996001958847046,1.6421083211898804,1.6743849515914917,0.3497717082500458,0.33167168498039246,0.318556547164917,text,text,1,0.9375,0.824999988079071,0.7916666865348816
121,d6hH302o4v8$_$42,-1.399999976158142,-0.45482707023620605,0.3515598773956299,0.29481807351112366,0.3536219894886017,-0.755408763885498,-0.8317807912826538,-0.6955612301826477,0.644591212272644,0.5682191848754883,0.7044387459754944,0.3302411139011383,0.3633214831352234,0.3064374327659607,vision,audio,0,1.0,0.8620689511299133,0.8823529481887817
113,d3_k5Xpfmik$_$3,2.0,2.6165406703948975,0.2717985212802887,0.4015085697174072,0.32669293880462646,3.0477731227874756,3.0057904720306396,2.9588756561279297,1.0477731227874756,1.0057904720306396,0.9588756561279297,0.3153170943260193,0.3323063254356384,0.3523766100406647,audio,vision,0,0.692307710647583,0.8421052694320679,0.6764705777168274
405,ob23OKe5a9Q$_$5,-1.7999999523162842,-0.9690107703208923,0.25553977489471436,0.34388524293899536,0.4005749225616455,-1.6731442213058472,-1.7605949640274048,-1.6694450378417969,0.126855731010437,0.039404988288879395,0.1305549144744873,0.32145050168037415,0.35858190059661865,0.3199675679206848,vision,audio,0,0.75,0.852173924446106,0.8550724387168884
68,cW1FSBF59ik$_$14,-1.2000000476837158,-0.39057767391204834,0.2841171324253082,0.3222217261791229,0.39366114139556885,-0.7843736410140991,-0.8726528882980347,-0.7455567121505737,0.4156264066696167,0.32734715938568115,0.4544433355331421,0.3258066475391388,0.3638177812099457,0.31037554144859314,vision,audio,0,0.739130437374115,0.7596153616905212,0.7857142686843872
487,tIrG4oNLFzE$_$8,-1.2000000476837158,0.49890923500061035,0.2845233678817749,0.3628365695476532,0.3526400327682495,0.48260098695755005,0.45207762718200684,0.536995530128479,1.682600975036621,1.6520776748657227,1.7369955778121948,0.3363426625728607,0.34942349791526794,0.31423380970954895,audio,audio,1,0.7599999904632568,0.8358974456787109,0.75
507,tmZoasNr4rU$_$12,-2.200000047683716,-0.7493392825126648,0.3395399749279022,0.24530942738056183,0.41515061259269714,-1.1949867010116577,-1.252115249633789,-1.1486798524856567,1.005013346672058,0.9478847980499268,1.051320195198059,0.3313691318035126,0.3558978736400604,0.3127329349517822,vision,audio,0,0.8999999761581421,0.6896551847457886,0.8857142925262451
536,v0zCBqDeKcE$_$7,1.399999976158142,0.4297764301300049,0.27351853251457214,0.28079232573509216,0.4456891715526581,0.5081913471221924,0.5247946977615356,0.5825101137161255,0.8918086290359497,0.8752052783966064,0.8174898624420166,0.32068535685539246,0.3274104595184326,0.35190412402153015,vision,vision,1,0.699999988079071,0.6666666865348816,0.8225806355476379
91,cXypl4FnoZo$_$8,1.399999976158142,0.4119248390197754,0.2868261933326721,0.3242301642894745,0.3889436423778534,0.4489326775074005,0.45695164799690247,0.5029242038726807,0.951067328453064,0.943048357963562,0.8970757722854614,0.32468658685684204,0.32795751094818115,0.3473558723926544,vision,vision,1,0.782608687877655,0.8028169274330139,0.8214285969734192
158,d6hH302o4v8$_$37,-2.200000047683716,-1.3914986848831177,0.43561598658561707,0.21941782534122467,0.34496623277664185,-1.6552320718765259,-1.6718910932540894,-1.6319074630737305,0.5447679758071899,0.5281089544296265,0.5680925846099854,0.3341902792453766,0.3412223756313324,0.3245874047279358,text,audio,0,1.0,0.625,0.7777777910232544
543,vvZ4IcEtiZc$_$1,2.0,2.3924665451049805,0.3420027196407318,0.3568381369113922,0.30115917325019836,2.7947757244110107,2.792929172515869,2.7891016006469727,0.7947757244110107,0.7929291725158691,0.7891016006469727,0.3322889804840088,0.33305680751800537,0.33465418219566345,audio,vision,0,0.875,0.8421052694320679,0.695652186870575
278,jUzDDGyPkXU$_$27,-2.0,-1.0928162336349487,0.33049723505973816,0.31841886043548584,0.3510839343070984,-1.63956618309021,-1.66482412815094,-1.6215852499008179,0.36043381690979004,0.33517587184906006,0.37841475009918213,0.3322423994541168,0.3428994417190552,0.3248581886291504,vision,audio,0,0.8333333134651184,0.761904776096344,0.7400000095367432
225,f9O3YtZ2VfI$_$19,-0.6000000238418579,-0.6029674410820007,0.36103296279907227,0.24642999470233917,0.39253705739974976,-0.8780579566955566,-0.8982253074645996,-0.8155878782272339,0.27805793285369873,0.2982252836227417,0.21558785438537598,0.32719048857688904,0.31904536485671997,0.35376405715942383,vision,vision,1,0.875,0.6363636255264282,0.800000011920929
349,lXPQBPVc5Cw$_$6,-1.399999976158142,-0.4684489369392395,0.2493666559457779,0.33165600895881653,0.4189773201942444,-1.1094273328781128,-1.2336183786392212,-1.084212064743042,0.2905726432800293,0.1663815975189209,0.3157879114151001,0.3187851309776306,0.37232089042663574,0.30889400839805603,vision,audio,0,0.6666666865348816,0.7599999904632568,0.8066666722297668
280,jUzDDGyPkXU$_$21,-1.0,0.841853678226471,0.3668091893196106,0.24746748805046082,0.3857232630252838,0.8808345794677734,0.8079503774642944,0.8656710386276245,1.8808345794677734,1.8079503774642944,1.8656710386276245,0.32107681035995483,0.3517024517059326,0.32722070813179016,vision,audio,0,0.875,0.6285714507102966,0.7857142686843872
38,cM3Yna7AavY$_$14,-2.5999999046325684,1.2441047430038452,0.3176051378250122,0.3028308153152466,0.3795640766620636,1.4875754117965698,1.5247069597244263,1.5591875314712524,4.087575435638428,4.124706745147705,4.159187316894531,0.34855085611343384,0.33274295926094055,0.31870612502098083,vision,text,0,0.7777777910232544,0.695652186870575,0.7407407164573669
428,phBUpBr1hSo$_$10,-1.399999976158142,-0.4947419762611389,0.25104856491088867,0.3600105941295624,0.38894087076187134,-0.8221335411071777,-0.8353931903839111,-0.7657619714736938,0.5778664350509644,0.564606785774231,0.6342380046844482,0.3391355574131012,0.34480342268943787,0.3160610496997833,vision,audio,0,0.6666666865348816,0.800000011920929,0.7714285850524902
214,f9O3YtZ2VfI$_$6,-2.5999999046325684,-0.4416663646697998,0.42596685886383057,0.2003110647201538,0.3737220764160156,-0.4687473177909851,-0.48169955611228943,-0.4182582497596741,2.1312525272369385,2.118300437927246,2.181741714477539,0.33839109539985657,0.343914270401001,0.31769466400146484,text,audio,0,1.0,0.5789473652839661,0.8181818127632141
347,lXPQBPVc5Cw$_$4,-1.2000000476837158,-0.4602336883544922,0.24292497336864471,0.3412923216819763,0.4157826900482178,-0.9324529767036438,-1.014828085899353,-0.9254156351089478,0.267547070980072,0.1851719617843628,0.27458441257476807,0.3226119875907898,0.35760149359703064,0.3197864890098572,vision,audio,0,0.6785714030265808,0.807692289352417,0.8297872543334961
342,lXPQBPVc5Cw$_$29,-1.2000000476837158,0.12173743546009064,0.32814544439315796,0.3202074468135834,0.3516470789909363,0.062235914170742035,-0.08415915071964264,0.010295599699020386,1.2622359991073608,1.1158409118652344,1.2102956771850586,0.3060081899166107,0.3674568235874176,0.32653501629829407,vision,audio,0,0.8709677457809448,0.8142856955528259,0.7882353067398071
146,d6hH302o4v8$_$11,-1.0,-0.32451170682907104,0.21857181191444397,0.4226585924625397,0.35876956582069397,-0.5621824264526367,-0.5826317071914673,-0.5130051970481873,0.4378175735473633,0.4173682928085327,0.48699480295181274,0.3371236324310303,0.3458521366119385,0.31702423095703125,audio,audio,1,0.6000000238418579,0.8857142925262451,0.7317073345184326
573,vyB00TXsimI$_$18,2.4000000953674316,2.5897059440612793,0.3155001997947693,0.3684675395488739,0.3160322904586792,3.0592310428619385,3.094926357269287,3.0347654819488525,0.6592309474945068,0.6949262619018555,0.6347653865814209,0.3347374498844147,0.32013005018234253,0.3451324999332428,audio,vision,0,0.75,0.7777777910232544,0.6363636255264282
66,cW1FSBF59ik$_$12,2.200000047683716,-0.9316089749336243,0.2937335968017578,0.3063940405845642,0.399872362613678,-1.5467053651809692,-1.6332311630249023,-1.5529330968856812,3.7467055320739746,3.833231210708618,3.7529330253601074,0.34605276584625244,0.3105778098106384,0.34336942434310913,vision,text,0,0.800000011920929,0.7777777910232544,0.8372092843055725
193,etzxEpPuc6I$_$4,0.800000011920929,1.2107443809509277,0.2886933386325836,0.29768040776252747,0.41362622380256653,1.3735960721969604,1.3574519157409668,1.3375002145767212,0.5735960602760315,0.5574519038200378,0.5375002026557922,0.326100617647171,0.3327482044696808,0.3411511778831482,vision,vision,1,0.7272727489471436,0.698113203048706,0.7903226017951965
599,wMbj6ajWbic$_$17,2.0,1.9799741506576538,0.3460637331008911,0.2839634120464325,0.369972825050354,2.190744161605835,2.085336685180664,2.082343101501465,0.19074416160583496,0.08533668518066406,0.08234310150146484,0.30432650446891785,0.3471859395503998,0.34848752617836,vision,vision,1,0.8636363744735718,0.7169811129570007,0.78125
468,rnaNMUZpvvg$_$19,-1.399999976158142,-0.605780303478241,0.34904253482818604,0.31482353806495667,0.3361339569091797,-0.8572962284088135,-0.92344069480896,-0.8646169900894165,0.5427037477493286,0.47655928134918213,0.5353829860687256,0.3230612874031067,0.35090750455856323,0.3260312080383301,text,audio,0,0.8695651888847351,0.7735849022865295,0.734375
177,dq3Nf_lMPnE$_$9,-0.800000011920929,-0.4381038546562195,0.38061052560806274,0.3051831126213074,0.3142063319683075,-0.5377650260925293,-0.5576292276382446,-0.4971325397491455,0.26223498582839966,0.24237078428268433,0.30286747217178345,0.33606454730033875,0.34451359510421753,0.3194218575954437,text,audio,0,0.875,0.717391312122345,0.6607142686843872
163,d6hH302o4v8$_$32,-0.6000000238418579,0.7517182230949402,0.39554551243782043,0.24579407274723053,0.35866042971611023,0.9192867279052734,0.9776386022567749,1.034986972808838,1.5192867517471313,1.5776386260986328,1.6349869966506958,0.357781320810318,0.33261382579803467,0.30960485339164734,text,text,1,1.0,0.7083333134651184,0.8275862336158752
96,cXypl4FnoZo$_$15,0.0,0.20680320262908936,0.3018642067909241,0.30758044123649597,0.39055532217025757,0.2304898053407669,0.14102113246917725,0.1552124172449112,0.2304898053407669,0.14102113246917725,0.1552124172449112,0.31084907054901123,0.34763163328170776,0.341519296169281,vision,audio,0,0.8333333134651184,0.800000011920929,0.843137264251709
344,lXPQBPVc5Cw$_$3,-2.4000000953674316,-0.9842079281806946,0.33917689323425293,0.26009732484817505,0.4007258117198944,-1.452987551689148,-1.4635738134384155,-1.4259768724441528,0.9470125436782837,0.9364262819290161,0.9740232229232788,0.3355568051338196,0.34002673625946045,0.3244164288043976,vision,audio,0,0.875,0.692307710647583,0.8387096524238586
97,cXypl4FnoZo$_$14,-0.6000000238418579,-0.5984858274459839,0.287983775138855,0.302318274974823,0.4096979796886444,-1.0181771516799927,-1.1187528371810913,-1.0339535474777222,0.41817712783813477,0.5187528133392334,0.43395352363586426,0.34936514496803284,0.3080918788909912,0.34254297614097595,vision,text,0,0.7586206793785095,0.7432432174682617,0.8202247023582458
672,zhpQhgha_KU$_$13,-1.0,-0.1416349709033966,0.2286829948425293,0.41175585985183716,0.35956111550331116,-0.21943365037441254,-0.19251877069473267,-0.16316896677017212,0.7805663347244263,0.8074812293052673,0.8368310332298279,0.34494632482528687,0.3335341811180115,0.3215194344520569,audio,text,0,0.625,0.875,0.7368420958518982
260,iiK8YX8oH1E$_$12,1.7999999523162842,2.5814507007598877,0.33896446228027344,0.2821952998638153,0.3788401782512665,2.9855024814605713,2.9163031578063965,2.9064719676971436,1.185502529144287,1.1163032054901123,1.1064720153808594,0.31306910514831543,0.3413550853729248,0.34557583928108215,vision,vision,1,1.0,0.8666666746139526,0.9473684430122375
235,f_pcplsH_V0$_$3,0.800000011920929,-0.44440484046936035,0.39785298705101013,0.31157881021499634,0.2905682325363159,-0.6065391302108765,-0.6949378252029419,-0.5317787528038025,1.4065392017364502,1.4949378967285156,1.3317787647247314,0.3340744972229004,0.29912620782852173,0.36679917573928833,text,vision,0,1.0,0.8253968358039856,0.7236841917037964
523,tmZoasNr4rU$_$8,-2.0,-1.0477205514907837,0.3819339871406555,0.2528495788574219,0.3652164041996002,-1.6189029216766357,-1.6966094970703125,-1.614134430885315,0.38109707832336426,0.3033905029296875,0.38586556911468506,0.3229907155036926,0.3559380769729614,0.32107123732566833,text,audio,0,1.0,0.75,0.8541666865348816
29,c7UH_rxdZv4$_$31,-1.399999976158142,-0.3397570848464966,0.29342132806777954,0.3092714846134186,0.39730721712112427,-0.5561220645904541,-0.6154906749725342,-0.5357322692871094,0.843877911567688,0.7845093011856079,0.8642677068710327,0.32766810059547424,0.3529095947742462,0.31942227482795715,vision,audio,0,0.8235294222831726,0.8089887499809265,0.8598130941390991
494,tStelxIAHjw$_$16,0.800000011920929,2.7582273483276367,0.3438015580177307,0.2993381917476654,0.3568602502346039,3.264761209487915,3.3007237911224365,3.165626287460327,2.464761257171631,2.5007238388061523,2.365626335144043,0.3238377571105957,0.3096025586128235,0.3665596544742584,vision,vision,1,1.0,0.8888888955116272,0.9090909361839294
