index,id,y_true,y_pred,w_text,w_audio,w_vision,pred_text_center,pred_audio_center,pred_vision_center,err_text_center,err_audio_center,err_vision_center,oracle_w_text,oracle_w_audio,oracle_w_vision,router_selected_anchor,oracle_selected_anchor,router_oracle_match,availability_text,availability_audio,availability_vision,g_task,g_rel,w_rel_text,w_rel_audio,w_rel_vision,w_task_text,w_task_audio,w_task_vision,router_rel_selected_anchor,router_task_selected_anchor,task_router_oracle_match,entropy_rel,entropy_task,router_disagreement,pred_std,pred_range,pred_rel,pred_task,abs_pred_rel_task,oracle_gate_rel,oracle_gate_task,gate_oracle_match
461,rnaNMUZpvvg$_$10,-2.5999999046325684,-0.34372398257255554,0.0009626809624023736,0.9929491281509399,0.006088159512728453,0.08167075365781784,-0.08920109272003174,0.1818007528781891,2.681670665740967,2.510798931121826,2.7818007469177246,0.32046476006507874,0.3967720866203308,0.28276318311691284,audio,audio,1,0.23076923191547394,0.08695652335882187,0.14814814925193787,0.5283719301223755,0.4716280698776245,0.0009626809624023736,0.9929491281509399,0.006088159512728453,0.3609656095504761,0.2855275273323059,0.3535068929195404,audio,text,0,0.04477071017026901,1.0932940244674683,0.47161445021629333,0.11188545823097229,0.2710018455982208,-0.1298493891954422,-0.534629762172699,0.40478038787841797,0.37613744304194796,0.623862556958052,1
395,nzpVDcQ0ywM$_$19,-2.0,0.8017320036888123,0.0016999917570501566,0.9908369779586792,0.0074631087481975555,1.2055928707122803,1.1348251104354858,1.179187536239624,3.2055928707122803,3.1348252296447754,3.179187536239624,0.3198928236961365,0.34947967529296875,0.3306275010108948,audio,audio,1,0.44999998807907104,0.1666666716337204,0.21875,0.5310421586036682,0.4689578413963318,0.0016999917570501566,0.9908369779586792,0.0074631087481975555,0.43148207664489746,0.2554011940956116,0.3131166994571686,audio,text,0,0.05651465058326721,1.0748600959777832,0.49029049277305603,0.029199205338954926,0.07076776027679443,0.9133384823799133,0.7031734585762024,0.21016502380371094,0.43469856144578833,0.5653014385542117,1
640,yvsjCA6Y5Fc$_$8,0.4000000059604645,-0.475405216217041,0.0009801856940612197,0.9926931858062744,0.006326601840555668,-0.1108776330947876,-0.2315722405910492,-0.014083698391914368,0.5108776092529297,0.6315722465515137,0.41408371925354004,0.3346073627471924,0.2877492904663086,0.37764331698417664,audio,vision,0,0.21739129722118378,0.1428571492433548,0.15662650763988495,0.5234314203262329,0.4765685796737671,0.0009801856940612197,0.9926931858062744,0.006326601840555668,0.34373244643211365,0.3068501353263855,0.3494173586368561,audio,vision,1,0.046102069318294525,1.0969886779785156,0.4572286605834961,0.08896786719560623,0.21748854219913483,-0.2998478412628174,-0.6352449655532837,0.3353971242904663,0.6033029072315544,0.3966970927684456,0
459,rnaNMUZpvvg$_$8,-1.600000023841858,-0.008276581764221191,0.000871311582159251,0.9941869974136353,0.0049417209811508656,0.7564637660980225,0.60494065284729,0.72560715675354,2.35646390914917,2.2049407958984375,2.3256072998046875,0.3078957200050354,0.3721008002758026,0.3200034499168396,audio,audio,1,0.27272728085517883,0.24137930572032928,0.1428571492433548,0.5286037921905518,0.47139620780944824,0.000871311582159251,0.9941869974136353,0.0049417209811508656,0.34967321157455444,0.3404363691806793,0.30989041924476624,audio,text,0,0.038175635039806366,1.0972986221313477,0.43583378195762634,0.06538075953722,0.15152311325073242,0.258137583732605,-0.2458583563566208,0.503995954990387,0.34751168852369835,0.6524883114763017,1
259,iiK8YX8oH1E$_$13,-2.0,0.9992197751998901,0.0019641986582428217,0.9870374202728271,0.010998394340276718,1.4236187934875488,1.288222074508667,1.351243257522583,3.423618793487549,3.288222074508667,3.351243257522583,0.30496180057525635,0.3612001836299896,0.33383801579475403,audio,audio,1,0.27272728085517883,0.13333334028720856,0.2222222238779068,0.523377537727356,0.47662246227264404,0.0019641986582428217,0.9870374202728271,0.010998394340276718,0.3537188470363617,0.2791307270526886,0.3671503961086273,audio,vision,0,0.07472320646047592,1.0916738510131836,0.47193777561187744,0.05531943589448929,0.13539671897888184,1.1299245357513428,0.8801912665367126,0.24973326921463013,0.42258598796065655,0.5774140120393435,1
83,cXypl4FnoZo$_$1,1.0,0.805796205997467,0.0008103310246951878,0.993769109249115,0.005420555826276541,1.1913915872573853,1.114702582359314,1.1829254627227783,0.19139158725738525,0.11470258235931396,0.18292546272277832,0.3214147388935089,0.3537510931491852,0.3248341977596283,audio,audio,1,0.23076923191547394,0.21739129722118378,0.18518517911434174,0.5170304179191589,0.48296958208084106,0.0008103310246951878,0.993769109249115,0.005420555826276541,0.32586848735809326,0.3311256468296051,0.343005895614624,audio,vision,0,0.040261466056108475,1.098381757736206,0.4417622983455658,0.03433051332831383,0.07668900489807129,0.95074063539505,0.6704003810882568,0.2803402543067932,0.5867207135950965,0.4132792864049036,0
492,tStelxIAHjw$_$15,0.4000000059604645,0.7673228979110718,0.0011146863689646125,0.9922309517860413,0.006654367316514254,1.2198879718780518,1.1095277070999146,1.1920267343521118,0.8198879957199097,0.7095277309417725,0.7920267581939697,0.31413358449935913,0.3605998456478119,0.325266569852829,audio,audio,1,0.2666666805744171,0.12962962687015533,0.171875,0.5197891592979431,0.4802108407020569,0.0011146863689646125,0.9922309517860413,0.006654367316514254,0.3641885221004486,0.28852394223213196,0.34728753566741943,audio,text,0,0.0486726239323616,1.0937817096710205,0.4691379964351654,0.04685882851481438,0.11036026477813721,0.9150674343109131,0.6308281421661377,0.2842392921447754,0.4120979920094741,0.5879020079905258,1
630,yvsjCA6Y5Fc$_$22,-1.600000023841858,0.02845624089241028,0.000905085529666394,0.9934066534042358,0.00568822305649519,0.7619720697402954,0.5857087969779968,0.7023577094078064,2.3619720935821533,2.18570876121521,2.3023576736450195,0.3008557856082916,0.3750127851963043,0.32413139939308167,audio,audio,1,0.2857142984867096,0.2857142984867096,0.23529411852359772,0.5366379618644714,0.46336203813552856,0.000905085529666394,0.9934066534042358,0.00568822305649519,0.3252241015434265,0.33732932806015015,0.33744657039642334,audio,vision,0,0.04231837019324303,1.0984636545181274,0.4373849332332611,0.07320410013198853,0.17626327276229858,0.3025021553039551,-0.20816969871520996,0.510671854019165,0.34562192226768124,0.6543780777323188,1
281,jUzDDGyPkXU$_$22,-2.4000000953674316,-0.8055073618888855,0.0007206606096588075,0.9943680167198181,0.004911351017653942,-0.48130717873573303,-0.5109416246414185,-0.29999858140945435,1.918692946434021,1.8890584707260132,2.100001573562622,0.3527400493621826,0.36605167388916016,0.281208336353302,audio,audio,1,0.2222222238779068,0.1599999964237213,0.1525423675775528,0.5236269235610962,0.4763730764389038,0.0007206606096588075,0.9943680167198181,0.004911351017653942,0.3418697118759155,0.3153707981109619,0.34275951981544495,audio,vision,0,0.03694005683064461,1.0978789329528809,0.4526648223400116,0.09324279427528381,0.2109430432319641,-0.6203135848045349,-0.9739885926246643,0.3536750078201294,0.39124218145305084,0.6087578185469491,1
222,f9O3YtZ2VfI$_$14,1.2000000476837158,-0.16619861125946045,0.0009187341784127057,0.9928019046783447,0.006279364228248596,0.5519944429397583,0.3472590446472168,0.5268247127532959,0.6480056047439575,0.852741003036499,0.6731753349304199,0.3645334839820862,0.28222349286079407,0.35324302315711975,audio,text,0,0.2222222238779068,0.20000000298023224,0.1944444477558136,0.5293808579444885,0.4706191420555115,0.0009187341784127057,0.9928019046783447,0.006279364228248596,0.32484325766563416,0.32197657227516174,0.3531801104545593,audio,vision,0,0.04543580114841461,1.0977280139923096,0.44721686840057373,0.09116160124540329,0.2047353982925415,0.05226636305451393,-0.3604137897491455,0.41268014907836914,0.6261768912993506,0.37382310870064933,0
635,yvsjCA6Y5Fc$_$5,0.4000000059604645,-1.7818197011947632,0.0011529893381521106,0.9948527216911316,0.003994358703494072,-1.575636386871338,-1.3456348180770874,-1.3110240697860718,1.97563636302948,1.7456347942352295,1.7110240459442139,0.26844730973243713,0.35786521434783936,0.3736874759197235,audio,vision,0,0.5,0.25,0.1111111119389534,0.546247124671936,0.45375287532806396,0.0011529893381521106,0.9948527216911316,0.003994358703494072,0.46246248483657837,0.2927817106246948,0.24475577473640442,audio,text,0,0.03499475121498108,1.0607707500457764,0.4680473208427429,0.11743476986885071,0.2646123170852661,-1.5690522193908691,-1.9585599899291992,0.3895077705383301,0.6193722762755842,0.3806277237244157,0
365,nbWiPyCm4g0$_$3,-1.7999999523162842,-0.71349036693573,0.003665761323645711,0.9793475270271301,0.016986733302474022,-0.37165263295173645,-0.3236871659755707,-0.9273504614830017,1.4283473491668701,1.4763127565383911,0.8726494908332825,0.2535009980201721,0.23874856531620026,0.507750391960144,audio,vision,0,0.25,0.20000000298023224,0.20000000298023224,0.5480828881263733,0.4519171118736267,0.003665761323645711,0.9793475270271301,0.016986733302474022,0.3379705250263214,0.31085991859436035,0.351169615983963,audio,vision,1,0.11022436618804932,1.0973360538482666,0.44565844535827637,0.2739647328853607,0.6036633253097534,-0.5798829197883606,-0.8236552476882935,0.24377232789993286,0.4244051686800204,0.5755948313199796,1
387,nzpVDcQ0ywM$_$11,0.0,1.1196649074554443,0.0012995790457352996,0.9901840090751648,0.00851637963205576,1.4888008832931519,1.4165751934051514,1.4621729850769043,1.4888008832931519,1.4165751934051514,1.4621729850769043,0.319659560918808,0.3498619794845581,0.3304784595966339,audio,audio,1,0.23076923191547394,0.11764705926179886,0.2195121943950653,0.5165579319000244,0.4834420680999756,0.0012995790457352996,0.9901840090751648,0.00851637963205576,0.33916401863098145,0.27980151772499084,0.3810344636440277,audio,vision,0,0.05899132415652275,1.0907515287399292,0.47358831763267517,0.029823122546076775,0.07222568988800049,1.2150325775146484,1.0304112434387207,0.18462133407592773,0.4425605324177519,0.557439467582248,1
410,ob23OKe5a9Q$_$8,0.6000000238418579,-0.591127872467041,0.001271295826882124,0.9914180040359497,0.007310672663152218,-0.2171078324317932,-0.30839934945106506,-0.12442539632320404,0.8171078562736511,0.9083993434906006,0.7244254350662231,0.3316763937473297,0.2959071099758148,0.37241649627685547,audio,vision,0,0.3333333432674408,0.14953270554542542,0.22033898532390594,0.5337158441543579,0.4662841558456421,0.001271295826882124,0.9914180040359497,0.007310672663152218,0.3797312080860138,0.27230024337768555,0.34796854853630066,audio,text,0,0.052978649735450745,1.0892430543899536,0.4794118404388428,0.07510776817798615,0.18397395312786102,-0.4009858965873718,-0.7572466135025024,0.3562607169151306,0.6095273509037936,0.39047264909620644,0
609,yDtzw_Y-7RU$_$1,0.800000011920929,0.844902753829956,0.0010857946472242475,0.9930591583251953,0.005855043884366751,1.34162175655365,1.250179409980774,1.3220189809799194,0.541621744632721,0.45017939805984497,0.5220189690589905,0.3178742825984955,0.35636621713638306,0.32575953006744385,audio,audio,1,0.29411765933036804,0.25925925374031067,0.16923077404499054,0.518283486366272,0.481716513633728,0.0010857946472242475,0.9930591583251953,0.005855043884366751,0.35083019733428955,0.33623796701431274,0.3129318952560425,audio,text,0,0.04442527890205383,1.097510814666748,0.43788084387779236,0.039309170097112656,0.09144234657287598,0.9439775347709656,0.7528180480003357,0.19115948677062988,0.46978823633179934,0.5302117636682007,1
134,d6hH302o4v8$_$41,-2.4000000953674316,-0.0003846585750579834,0.0008595578256063163,0.9944090247154236,0.004731397144496441,0.7375733852386475,0.5960681438446045,0.6986694931983948,3.137573480606079,2.996068239212036,3.0986695289611816,0.3083258867263794,0.36798378825187683,0.32369035482406616,audio,audio,1,0.25,0.31578946113586426,0.1304347813129425,0.5265890955924988,0.4734109044075012,0.0008595578256063163,0.9944090247154236,0.004731397144496441,0.32497304677963257,0.38185620307922363,0.2931707203388214,audio,audio,1,0.03697269782423973,1.0926117897033691,0.4083685576915741,0.05968832969665527,0.14150524139404297,0.22435693442821503,-0.20243047177791595,0.426787406206131,0.3697046075118769,0.630295392488123,1
350,lXPQBPVc5Cw$_$9,-2.5999999046325684,-0.6964918971061707,0.0009410220081917942,0.9907678961753845,0.00829108152538538,-0.32304367423057556,-0.39701220393180847,-0.2145819216966629,2.27695631980896,2.2029876708984375,2.385417938232422,0.3366910219192505,0.36930638551712036,0.29400259256362915,audio,audio,1,0.21875,0.17073170840740204,0.3163265287876129,0.5357851386070251,0.46421486139297485,0.0009410220081917942,0.9907678961753845,0.00829108152538538,0.2999115288257599,0.281843900680542,0.4182446002960205,audio,vision,0,0.055482517927885056,1.082680583000183,0.472616046667099,0.07491929084062576,0.18243028223514557,-0.5276127457618713,-0.842812180519104,0.31519943475723267,0.4027549240824298,0.5972450759175703,1
186,etzxEpPuc6I$_$16,-2.4000000953674316,0.9144057035446167,0.001219959114678204,0.9928452372550964,0.0059347692877054214,1.3293203115463257,1.2336586713790894,1.329251766204834,3.729320526123047,3.6336588859558105,3.7292518615722656,0.3197845220565796,0.36040353775024414,0.31981196999549866,audio,audio,1,0.4166666567325592,0.1111111119389534,0.1860465109348297,0.5313699841499329,0.46863001585006714,0.001219959114678204,0.9928452372550964,0.0059347692877054214,0.434001624584198,0.24926728010177612,0.31673112511634827,audio,text,0,0.045740846544504166,1.072700023651123,0.49571865797042847,0.04507921263575554,0.09566164016723633,1.0837509632110596,0.7650553584098816,0.318695604801178,0.4017041465502275,0.5982958534497724,1
286,jUzDDGyPkXU$_$5,-1.2000000476837158,-0.45172983407974243,0.0007884168880991638,0.9917206764221191,0.00749092036858201,-0.11850914359092712,-0.22785741090774536,-0.019271746277809143,1.0814908742904663,0.9721426367759705,1.1807283163070679,0.3300541937351227,0.37839633226394653,0.29154956340789795,audio,audio,1,0.1875,0.1627907007932663,0.3076923191547394,0.5368160605430603,0.4631839394569397,0.0007884168880991638,0.9917206764221191,0.00749092036858201,0.28948214650154114,0.28673139214515686,0.423786461353302,audio,vision,0,0.05053959786891937,1.0808789730072021,0.46999287605285645,0.08518808335065842,0.20858566462993622,-0.2578588128089905,-0.6190086603164673,0.3611498475074768,0.3890190872600282,0.6109809127399717,1
110,d3_k5Xpfmik$_$19,0.20000000298023224,0.3871690332889557,0.000803926435764879,0.9948609471321106,0.004335085861384869,1.0029150247573853,0.8969653844833374,0.9815459847450256,0.8029150366783142,0.6969653964042664,0.7815459966659546,0.3155890107154846,0.3602786660194397,0.32413238286972046,audio,audio,1,0.3529411852359772,0.26851850748062134,0.1705426424741745,0.5311225652694702,0.4688774347305298,0.000803926435764879,0.9948609471321106,0.004335085861384869,0.3730061948299408,0.3284381330013275,0.2985556721687317,audio,text,0,0.03444184735417366,1.0944229364395142,0.4442819058895111,0.04574792459607124,0.10594964027404785,0.6108049750328064,0.18974219262599945,0.42106276750564575,0.3773799509776878,0.6226200490223122,1
373,nzpVDcQ0ywM$_$24,1.600000023841858,-1.0044026374816895,0.0018964173505082726,0.9937161803245544,0.00438739825040102,-0.6856405735015869,-0.6833189725875854,-0.5726763606071472,2.2856407165527344,2.2833189964294434,2.1726763248443604,0.3170006573200226,0.3179219961166382,0.365077406167984,audio,vision,0,0.6666666865348816,0.2142857164144516,0.09090909361839294,0.5470106601715088,0.4529893398284912,0.0018964173505082726,0.9937161803245544,0.00438739825040102,0.5597414970397949,0.23613208532333374,0.20412640273571014,audio,text,0,0.041969627141952515,0.9899914264678955,0.5050560832023621,0.052713148295879364,0.1129642128944397,-0.7453511953353882,-1.2189277410507202,0.47357654571533203,0.6438171838275668,0.35618281617243314,0
228,f_pcplsH_V0$_$11,-0.4000000059604645,-0.29163724184036255,0.000902896688785404,0.9925240874290466,0.006573020946234465,0.3267073929309845,0.13766436278820038,0.27141234278678894,0.726707398891449,0.5376643538475037,0.6714123487472534,0.29956957697868347,0.3794226050376892,0.3210078179836273,audio,audio,1,0.2142857164144516,0.2750000059604645,0.23404255509376526,0.5294119119644165,0.4705880880355835,0.000902896688785404,0.9925240874290466,0.006573020946234465,0.29807180166244507,0.3462821841239929,0.355646014213562,audio,vision,0,0.046805091202259064,1.0956987142562866,0.43082794547080994,0.07936087250709534,0.18904303014278412,-0.10970325767993927,-0.4533562660217285,0.34365302324295044,0.4264926521441562,0.5735073478558438,1
400,ob23OKe5a9Q$_$12,2.799999952316284,-0.17237715423107147,0.0011072579072788358,0.9893977642059326,0.009495002217590809,0.5014933943748474,0.28583914041519165,0.4450033903121948,2.298506498336792,2.5141608715057373,2.354996681213379,0.3709842562675476,0.2833241820335388,0.34569159150123596,audio,text,0,0.1818181872367859,0.1428571492433548,0.29411765933036804,0.5381696224212646,0.46183037757873535,0.0011072579072788358,0.9893977642059326,0.009495002217590809,0.2929064631462097,0.2848840057849884,0.42220956087112427,audio,vision,0,0.06229978799819946,1.0814332962036133,0.46967586874961853,0.09130603820085526,0.21565425395965576,0.0658014714717865,-0.3767701983451843,0.4425716698169708,0.6348810777387296,0.36511892226127046,0
45,cM3Yna7AavY$_$7,3.0,1.1715182065963745,0.001167509937658906,0.9897116422653198,0.009120876900851727,1.5816737413406372,1.4982365369796753,1.5544888973236084,1.4183262586593628,1.5017634630203247,1.4455111026763916,0.34873002767562866,0.31419113278388977,0.33707886934280396,audio,text,0,0.2222222238779068,0.21621622145175934,0.30000001192092896,0.5232350826263428,0.4767649173736572,0.001167509937658906,0.9897116422653198,0.009120876900851727,0.2985568344593048,0.3023608326911926,0.3990823030471802,audio,vision,0,0.0609617754817009,1.0891501903533936,0.4582338333129883,0.03474530950188637,0.08343720436096191,1.2403106689453125,1.1088353395462036,0.1314753293991089,0.540993815103151,0.4590061848968489,0
324,k5Y_838nuGo$_$12,0.20000000298023224,0.3436964750289917,0.0013013370335102081,0.9922466278076172,0.006452005822211504,0.9206897020339966,0.8152729272842407,0.8484706282615662,0.7206897139549255,0.6152729392051697,0.6484706401824951,0.3090883493423462,0.35262253880500793,0.3382891118526459,audio,audio,1,0.31578946113586426,0.2666666805744171,0.1666666716337204,0.5253518223762512,0.4746481776237488,0.0013013370335102081,0.9922466278076172,0.006452005822211504,0.35926997661590576,0.33486807346343994,0.3058619499206543,audio,text,0,0.04890958219766617,1.0964604616165161,0.43825238943099976,0.0440080426633358,0.10541677474975586,0.5215778946876526,0.18298305571079254,0.33859485387802124,0.40595779198154136,0.5940422080184586,1
384,nzpVDcQ0ywM$_$6,-1.399999976158142,-1.0714609622955322,0.002718685194849968,0.9867148995399475,0.010566473007202148,-0.5879698991775513,-0.5687863826751709,-0.5602070689201355,0.8120300769805908,0.8312135934829712,0.8397929072380066,0.3398819863796234,0.331828773021698,0.3282892405986786,audio,text,0,0.4545454680919647,0.12765957415103912,0.2142857164144516,0.5314307808876038,0.46856921911239624,0.002718685194849968,0.9867148995399475,0.010566473007202148,0.4452842175960541,0.23974688351154327,0.3149688243865967,audio,text,1,0.07733555138111115,1.0665311813354492,0.49797865748405457,0.011606444604694843,0.02776283025741577,-0.9013336300849915,-1.2214643955230713,0.32013076543807983,0.4012730682690447,0.5987269317309553,1
323,k5Y_838nuGo$_$13,0.6000000238418579,0.6953679919242859,0.0012954318663105369,0.9932994842529297,0.005405091680586338,1.163943886756897,1.0667804479599,1.1288354396820068,0.5639438629150391,0.466780424118042,0.5288354158401489,0.3150598108768463,0.35574591159820557,0.32919424772262573,audio,audio,1,0.4285714328289032,0.2666666805744171,0.1666666716337204,0.5309796333312988,0.46902036666870117,0.0012954318663105369,0.9932994842529297,0.005405091680586338,0.4106508195400238,0.3092210590839386,0.28012815117836,audio,text,0,0.04350802302360535,1.0848819017410278,0.456052303314209,0.04017210006713867,0.09716343879699707,0.8349233269691467,0.5720971822738647,0.262826144695282,0.435664722288881,0.5643352777111191,1
582,wMbj6ajWbic$_$28,2.4000000953674316,1.0350550413131714,0.0008542678551748395,0.9933047890663147,0.00584094412624836,1.4058101177215576,1.3190933465957642,1.4111239910125732,0.994189977645874,1.0809067487716675,0.9888761043548584,0.3443601429462433,0.30898475646972656,0.34665510058403015,audio,vision,0,0.31578946113586426,0.18000000715255737,0.25,0.5250852704048157,0.4749147295951843,0.0008542678551748395,0.9933047890663147,0.00584094412624836,0.3561321198940277,0.28388428688049316,0.35998353362083435,audio,vision,1,0.042747531086206436,1.0929478406906128,0.47294697165489197,0.04218698665499687,0.09203064441680908,1.1580066680908203,0.9238510727882385,0.2341555953025818,0.5726556613633906,0.42734433863660937,0
333,lXPQBPVc5Cw$_$24,-1.399999976158142,-1.9298473596572876,0.0010947097325697541,0.9933478236198425,0.00555744394659996,-1.7241885662078857,-1.478912115097046,-1.4678255319595337,0.32418859004974365,0.07891213893890381,0.0678255558013916,0.26762697100639343,0.3636491894721985,0.3687237799167633,audio,vision,0,0.4285714328289032,0.2380952388048172,0.23999999463558197,0.5474179983139038,0.4525820016860962,0.0010947097325697541,0.9933478236198425,0.00555744394659996,0.3999795913696289,0.2843184769153595,0.3157019317150116,audio,text,0,0.0429505854845047,1.0880846977233887,0.472686231136322,0.1183241680264473,0.25636303424835205,-1.7305065393447876,-2.094653844833374,0.3641473054885864,0.6118710984310747,0.38812890156892527,0
124,d6hH302o4v8$_$25,-1.600000023841858,0.43946897983551025,0.007593628950417042,0.973296046257019,0.019110308960080147,0.7997734546661377,0.7036774158477783,0.11658778041601181,2.399773597717285,2.303677558898926,1.716587781906128,0.2233830839395523,0.2518939971923828,0.5247229337692261,audio,vision,0,0.6000000238418579,0.1538461595773697,0.25,0.5700986385345459,0.4299013614654541,0.007593628950417042,0.973296046257019,0.019110308960080147,0.5027310252189636,0.20972897112369537,0.2875400185585022,audio,text,0,0.13903403282165527,1.0316998958587646,0.5090447664260864,0.3019660413265228,0.6831856966018677,0.46310096979141235,0.4216485023498535,0.04145246744155884,0.48704900142405827,0.5129509985759417,1
600,wMbj6ajWbic$_$16,-0.4000000059604645,-0.32620230317115784,0.0006240265211090446,0.9953250885009766,0.004050872754305601,0.24865896999835968,0.0726495161652565,0.3537323474884033,0.6486589908599854,0.4726495146751404,0.7537323236465454,0.3202039301395416,0.39900338649749756,0.28079262375831604,audio,audio,1,0.23999999463558197,0.2535211145877838,0.1411764770746231,0.5292676091194153,0.4707323908805847,0.0006240265211090446,0.9953250885009766,0.004050872754305601,0.331309974193573,0.3553430140018463,0.3133470416069031,audio,audio,1,0.03158437833189964,1.0972833633422852,0.42665475606918335,0.11596326529979706,0.2810828387737274,-0.1481010764837265,-0.48460614681243896,0.33650505542755127,0.44791068530754224,0.5520893146924577,1
73,cXypl4FnoZo$_$24,0.20000000298023224,-0.3674638867378235,0.0008442079415544868,0.9921242594718933,0.007031552027910948,0.03100655972957611,-0.09857240319252014,0.03263990581035614,0.16899344325065613,0.2985724210739136,0.1673600971698761,0.3505687713623047,0.29814597964286804,0.35128524899482727,audio,vision,0,0.1599999964237213,0.2710280418395996,0.25925925374031067,0.5249550342559814,0.47504496574401855,0.0008442079415544868,0.9921242594718933,0.007031552027910948,0.2717372477054596,0.3487541079521179,0.3795086443424225,audio,vision,1,0.048677027225494385,1.0891227722167969,0.4289134442806244,0.061472710222005844,0.13121230900287628,-0.21194180846214294,-0.5081997513771057,0.29625794291496277,0.5915368862623074,0.40846311373769273,0
189,etzxEpPuc6I$_$1,0.4000000059604645,-0.024267151951789856,0.0010608889861032367,0.9929017424583435,0.00603740056976676,0.722913384437561,0.5692564249038696,0.7009598612785339,0.32291337847709656,0.16925641894340515,0.30095985531806946,0.30868208408355713,0.3740476369857788,0.3172702491283417,audio,audio,1,0.3333333432674408,0.16438356041908264,0.19540229439735413,0.5356221199035645,0.46437788009643555,0.0010608889861032367,0.9929017424583435,0.00603740056976676,0.3824840188026428,0.2836156189441681,0.3339003920555115,audio,text,0,0.04518843814730644,1.0912469625473022,0.47285741567611694,0.06785458326339722,0.1536569595336914,0.23876304924488068,-0.25231117010116577,0.49107420444488525,0.6488168916847165,0.3511831083152836,0
314,k5Y_838nuGo$_$2,1.2000000476837158,0.123355433344841,0.004852608311921358,0.987379789352417,0.0077675506472587585,0.7074092626571655,0.587981104850769,0.29542312026023865,0.4925907850265503,0.6120189428329468,0.9045768976211548,0.40669676661491394,0.3502974808216095,0.24300581216812134,audio,text,0,0.7142857313156128,0.2916666567325592,0.0714285746216774,0.5603578686714172,0.43964213132858276,0.004852608311921358,0.987379789352417,0.0077675506472587585,0.5693086385726929,0.2499983310699463,0.18069306015968323,audio,text,1,0.07612928748130798,0.9764407873153687,0.49158769845962524,0.1730721890926361,0.4119861423969269,0.2956857681274414,-0.011850453913211823,0.30753621459007263,0.5949387762000931,0.40506122379990694,0
418,pLTX3ipuDJI$_$1,-2.4000000953674316,0.07320907711982727,0.0010803105542436242,0.993729829788208,0.005189894232898951,0.7514505386352539,0.6082674860954285,0.7073842883110046,3.1514506340026855,3.008267641067505,3.107384443283081,0.30744418501853943,0.3677017092704773,0.3248540759086609,audio,audio,1,0.29411765933036804,0.1785714328289032,0.08955223858356476,0.525611937046051,0.474388062953949,0.0010803105542436242,0.993729829788208,0.005189894232898951,0.3867713510990143,0.31807366013526917,0.29515498876571655,audio,text,0,0.040933769196271896,1.0919113159179688,0.4504374861717224,0.059877075254917145,0.14318305253982544,0.3123595714569092,-0.14263483881950378,0.45499441027641296,0.36152691863810493,0.6384730813618951,1
173,dq3Nf_lMPnE$_$5,1.2000000476837158,-0.24470573663711548,0.001331114093773067,0.9910560846328735,0.007612739689648151,0.4431856572628021,0.22270244359970093,0.42657309770584106,0.7568143606185913,0.9772976040840149,0.7734269499778748,0.3651551604270935,0.27719420194625854,0.35765060782432556,audio,text,0,0.4000000059604645,0.25,0.3076923191547394,0.5482811331748962,0.45171886682510376,0.001331114093773067,0.9910560846328735,0.007612739689648151,0.36576008796691895,0.28449371457099915,0.3497461676597595,audio,text,1,0.05485249683260918,1.0929193496704102,0.47104161977767944,0.10025083273649216,0.2204832136631012,-0.006716467440128326,-0.44078075885772705,0.4340642988681793,0.6324124718045355,0.3675875281954646,0
208,f9O3YtZ2VfI$_$1,-1.2000000476837158,-0.720192551612854,0.001537838950753212,0.9929712414741516,0.005490913055837154,-0.3692803680896759,-0.43258872628211975,-0.330613374710083,0.8307197093963623,0.7674113512039185,0.8693866729736328,0.3294712007045746,0.3566034734249115,0.3139253556728363,audio,audio,1,0.5555555820465088,0.3571428656578064,0.23529411852359772,0.5479936599731445,0.45200634002685547,0.001537838950753212,0.9929712414741516,0.005490913055837154,0.4351195991039276,0.3018072843551636,0.263073205947876,audio,text,0,0.04554348438978195,1.074920654296875,0.46077603101730347,0.04203445836901665,0.10197535157203674,-0.5159052610397339,-0.8886966109275818,0.3727913498878479,0.3855659874225426,0.6144340125774573,1
76,cXypl4FnoZo$_$27,0.800000011920929,0.3661458492279053,0.0007690933416597545,0.9948257803916931,0.004405058454722166,0.9119340181350708,0.8336440324783325,0.9096580147743225,0.11193400621414185,0.033644020557403564,0.10965800285339355,0.3219927251338959,0.3550971746444702,0.3229101002216339,audio,audio,1,0.3571428656578064,0.25,0.2083333283662796,0.5330007076263428,0.4669992923736572,0.0007690933416597545,0.9948257803916931,0.004405058454722166,0.36996570229530334,0.31287524104118347,0.3171590566635132,audio,text,0,0.034572869539260864,1.0956294536590576,0.4546337127685547,0.03638167679309845,0.07828998565673828,0.609069287776947,0.15330363810062408,0.45576566457748413,0.6386955785088819,0.36130442149111797,0
465,rnaNMUZpvvg$_$14,-2.5999999046325684,-0.025604844093322754,0.0012552900006994605,0.9920427203178406,0.006701987236738205,0.7637776136398315,0.6229889392852783,0.7529792189598083,3.3637776374816895,3.2229888439178467,3.3529791831970215,0.3119141459465027,0.3719330132007599,0.3161528706550598,audio,audio,1,0.4375,0.13461539149284363,0.25806450843811035,0.5486721992492676,0.4513278007507324,0.0012552900006994605,0.9920427203178406,0.006701987236738205,0.4214048981666565,0.23957131803035736,0.33902376890182495,audio,text,0,0.049857139587402344,1.0732030868530273,0.5016475915908813,0.0639752671122551,0.14078867435455322,0.31167012453079224,-0.30304110050201416,0.6147112250328064,0.31682769412957285,0.6831723058704271,1
296,jUzDDGyPkXU$_$15,1.3333333730697632,-0.6012704968452454,0.0006722414982505143,0.9950011372566223,0.004326603841036558,-0.27026036381721497,-0.3465016782283783,-0.1559184044599533,1.6035937070846558,1.6798350811004639,1.489251732826233,0.32650455832481384,0.2968248128890991,0.3766707181930542,audio,vision,0,0.29411765933036804,0.3636363744735718,0.22641509771347046,0.5344826579093933,0.4655173420906067,0.0006722414982505143,0.9950011372566223,0.004326603841036558,0.3108946979045868,0.375485360622406,0.3136199116706848,audio,audio,0,0.03344656527042389,1.0946853160858154,0.41301053762435913,0.07832185178995132,0.190583273768425,-0.4332524538040161,-0.7476088404655457,0.31435638666152954,0.5969915628974811,0.4030084371025189,0
639,yvsjCA6Y5Fc$_$9,-1.399999976158142,-0.38004007935523987,0.0008405710686929524,0.993812084197998,0.00534735806286335,0.0807344913482666,-0.07261002063751221,0.1535283327102661,1.4807344675064087,1.3273899555206299,1.5535283088684082,0.3200708329677582,0.3876965641975403,0.29223260283470154,audio,audio,1,0.31578946113586426,0.21052631735801697,0.22058823704719543,0.5356928706169128,0.46430712938308716,0.0008405710686929524,0.993812084197998,0.00534735806286335,0.3574623167514801,0.30214086174964905,0.34039679169654846,audio,text,0,0.04009399935603142,1.0961778163909912,0.46111413836479187,0.09425263851881027,0.22613835334777832,-0.1822539120912552,-0.5514695048332214,0.36921560764312744,0.3866254203361981,0.6133745796638018,1
522,tmZoasNr4rU$_$9,-0.6000000238418579,-0.5358293056488037,0.0012287090066820383,0.992291271686554,0.006480058189481497,-0.16376063227653503,-0.2218915820121765,-0.12643586099147797,0.4362393915653229,0.3781084418296814,0.47356414794921875,0.33005642890930176,0.35493242740631104,0.31501108407974243,audio,audio,1,0.36000001430511475,0.24166665971279144,0.2152777761220932,0.5313114523887634,0.4686885476112366,0.0012287090066820383,0.992291271686554,0.006480058189481497,0.374632328748703,0.30415859818458557,0.3212090730667114,audio,text,0,0.048566654324531555,1.0946145057678223,0.45875510573387146,0.03927699849009514,0.09545572102069855,-0.3484460711479187,-0.7011266946792603,0.35268062353134155,0.4531294924647557,0.5468705075352442,1
21,c7UH_rxdZv4$_$13,-2.5999999046325684,1.4172636270523071,0.0010871627600863576,0.9940112233161926,0.004901628941297531,1.6487869024276733,1.5805790424346924,1.6711146831512451,4.248786926269531,4.18057918548584,4.271114349365234,0.32663974165916443,0.3557107448577881,0.3176495134830475,audio,audio,1,0.4444444477558136,0.21875,0.18918919563293457,0.5320577621459961,0.4679422378540039,0.0010871627600863576,0.9940112233161926,0.004901628941297531,0.4244629144668579,0.28213736414909363,0.2933996915817261,audio,text,0,0.039457570761442184,1.08051335811615,0.47458261251449585,0.03851049765944481,0.09053564071655273,1.5451128482818604,1.3048207759857178,0.24029207229614258,0.42546823623939956,0.5745317637606004,1
642,yvsjCA6Y5Fc$_$10,-2.0,-0.40154770016670227,0.0008022024412639439,0.9947584271430969,0.0044393581338226795,-0.04730573296546936,-0.17930248379707336,0.06697092950344086,1.952694296836853,1.820697546005249,2.0669708251953125,0.3282696604728699,0.3871573507785797,0.284572958946228,audio,audio,1,0.3333333432674408,0.2405063360929489,0.1702127605676651,0.5358003973960876,0.46419960260391235,0.0008022024412639439,0.9947584271430969,0.0044393581338226795,0.3705732822418213,0.3212234675884247,0.3082032799720764,audio,text,0,0.03499510511755943,1.0954108238220215,0.4490233361721039,0.10062741488218307,0.24627341330051422,-0.20381245017051697,-0.5728589296340942,0.36904647946357727,0.3866755522526596,0.6133244477473403,1
206,f9O3YtZ2VfI$_$28,1.2000000476837158,1.023046851158142,0.0010190117172896862,0.9949133396148682,0.004067621659487486,1.3827577829360962,1.2875083684921265,1.3098571300506592,0.18275773525238037,0.08750832080841064,0.10985708236694336,0.31038105487823486,0.34962543845176697,0.33999350666999817,audio,audio,1,0.375,0.35483869910240173,0.10000000149011612,0.5198153257369995,0.4801846742630005,0.0010190117172896862,0.9949133396148682,0.004067621659487486,0.3762459456920624,0.37453973293304443,0.2492143213748932,audio,text,0,0.03448459506034851,1.0818734169006348,0.4135824143886566,0.040669996291399,0.09524941444396973,1.1251710653305054,0.9287086725234985,0.19646239280700684,0.5610877961989799,0.4389122038010202,0
581,wMbj6ajWbic$_$23,1.7999999523162842,-0.36950016021728516,0.0008860882371664047,0.9932196736335754,0.005894297733902931,0.13690155744552612,-0.022810235619544983,0.2606016993522644,1.6630983352661133,1.822810173034668,1.539398193359375,0.3348686099052429,0.27426597476005554,0.39086541533470154,audio,vision,0,0.3333333432674408,0.2068965584039688,0.2647058963775635,0.5410968065261841,0.4589031934738159,0.0008860882371664047,0.9932196736335754,0.005894297733902931,0.3558456301689148,0.28762462735176086,0.35652974247932434,audio,vision,1,0.04324527829885483,1.0937917232513428,0.4703966975212097,0.11601337045431137,0.2834119200706482,-0.1888095736503601,-0.5227435231208801,0.33393394947052,0.6028651003246048,0.3971348996753952,0
8,c7UH_rxdZv4$_$28,-0.800000011920929,-0.746687650680542,0.0012937807478010654,0.9932655096054077,0.005440740846097469,-0.35844936966896057,-0.40463265776634216,-0.21845467388629913,0.4415506422519684,0.3953673541545868,0.581545352935791,0.344959557056427,0.3654597997665405,0.28958064317703247,audio,audio,1,0.4545454680919647,0.17307692766189575,0.16129031777381897,0.5406634211540222,0.4593365788459778,0.0012937807478010654,0.9932655096054077,0.005440740846097469,0.44814956188201904,0.26502957940101624,0.2868208587169647,audio,text,0,0.043682776391506195,1.0698437690734863,0.4854906499385834,0.07915782183408737,0.18617798388004303,-0.5430487990379333,-0.9196950197219849,0.3766462206840515,0.4572123438330348,0.5427876561669652,1
476,tIrG4oNLFzE$_$17,-0.4000000059604645,-0.44926995038986206,0.0006813320214860141,0.9935778379440308,0.005740781780332327,0.012710198760032654,-0.09716185927391052,0.1461087465286255,0.41271018981933594,0.30283814668655396,0.5461087226867676,0.3340425193309784,0.3832196593284607,0.2827378213405609,audio,audio,1,0.13636364042758942,0.19587628543376923,0.19658119976520538,0.5250182747840881,0.47498172521591187,0.0006813320214860141,0.9935778379440308,0.005740781780332327,0.2891513705253601,0.3366861641407013,0.3741624653339386,audio,vision,0,0.04099273309111595,1.093124508857727,0.43792781233787537,0.09946950525045395,0.243270605802536,-0.2884712815284729,-0.5947437882423401,0.3062725067138672,0.5259812835273703,0.4740187164726297,0
675,zhpQhgha_KU$_$14,-1.5,-0.7243635654449463,0.0015977354487404227,0.9926642179489136,0.005738049279898405,-0.35945644974708557,-0.4193539321422577,-0.217610701918602,1.1405435800552368,1.08064603805542,1.2823892831802368,0.34302157163619995,0.3696901500225067,0.28728827834129333,audio,audio,1,0.5833333134651184,0.1785714328289032,0.21212121844291687,0.5544601082801819,0.4455398917198181,0.0015977354487404227,0.9926642179489136,0.005738049279898405,0.4971226155757904,0.2303926795721054,0.27248474955558777,audio,text,0,0.04720886051654816,1.0399349927902222,0.5081810355186462,0.0845959410071373,0.2017432302236557,-0.47034281492233276,-0.9284834861755371,0.45814067125320435,0.3606196184930548,0.6393803815069451,1
653,zhpQhgha_KU$_$26,0.0,-0.272673100233078,0.0012130243703722954,0.9884271025657654,0.010359841398894787,0.337817907333374,0.1801423877477646,0.29986628890037537,0.337817907333374,0.1801423877477646,0.29986628890037537,0.30614352226257324,0.37283962965011597,0.3210168182849884,audio,audio,1,0.1538461595773697,0.1428571492433548,0.2800000011920929,0.5300410389900208,0.46995896100997925,0.0012130243703722954,0.9884271025657654,0.010359841398894787,0.28762543201446533,0.28875255584716797,0.4236220121383667,audio,vision,0,0.06699326634407043,1.0809478759765625,0.4664497375488281,0.06719434261322021,0.15767551958560944,-0.08346293121576309,-0.44043558835983276,0.35697266459465027,0.6097391358105941,0.3902608641894059,0
616,yDtzw_Y-7RU$_$9,-1.0,-0.8187050223350525,0.0024353249464184046,0.9864063858985901,0.01115835178643465,-0.4990825951099396,-0.4742133915424347,-0.7617289423942566,0.5009174346923828,0.5257866382598877,0.2382710576057434,0.2977955639362335,0.2886805534362793,0.4135238826274872,audio,vision,0,0.28125,0.20588235557079315,0.16101695597171783,0.5316264629364014,0.46837353706359863,0.0024353249464184046,0.9864063858985901,0.01115835178643465,0.3610124886035919,0.3146919906139374,0.3242955505847931,audio,text,0,0.07831890136003494,1.0968388319015503,0.447809636592865,0.1300712525844574,0.2875155508518219,-0.6618540287017822,-0.9568939208984375,0.2950398921966553,0.4088310482343123,0.5911689517656876,1
363,nbWiPyCm4g0$_$10,1.2000000476837158,0.8546687960624695,0.0036685350351035595,0.9815047383308411,0.014826689846813679,1.1933715343475342,1.0865421295166016,0.6330124735832214,0.006628513336181641,0.11345791816711426,0.5669875741004944,0.42169931530952454,0.3689849078655243,0.2093157023191452,audio,text,0,0.3636363744735718,0.24390244483947754,0.2291666716337204,0.5511358380317688,0.4488641619682312,0.0036685350351035595,0.9815047383308411,0.014826689846813679,0.3733508884906769,0.2978857755661011,0.32876336574554443,audio,text,1,0.10133617371320724,1.0943140983581543,0.45574602484703064,0.24292293190956116,0.5603590607643127,0.7877288460731506,0.9091870188713074,0.12145817279815674,0.46211706030710953,0.5378829396928905,1
203,f9O3YtZ2VfI$_$21,2.0,1.0183866024017334,0.000851470569614321,0.9934007525444031,0.005747755989432335,1.3401095867156982,1.261659026145935,1.333722472190857,0.6598904132843018,0.7383409738540649,0.6662775278091431,0.3449894189834595,0.3127644956111908,0.34224602580070496,audio,text,0,0.25,0.2368421107530594,0.2222222238779068,0.5199334025382996,0.48006659746170044,0.000851470569614321,0.9934007525444031,0.005747755989432335,0.322750985622406,0.32635965943336487,0.3508893549442291,audio,vision,0,0.042248424142599106,1.097914695739746,0.44469404220581055,0.03557216376066208,0.07845056056976318,1.1398746967315674,0.9062138199806213,0.23366087675094604,0.5725043194492858,0.4274956805507142,0
187,etzxEpPuc6I$_$19,-0.5,-0.1855286955833435,0.0008690136019140482,0.9935142993927002,0.005616664886474609,0.5920420289039612,0.38831812143325806,0.5930733680725098,1.0920419692993164,0.8883181214332581,1.0930733680725098,0.304068922996521,0.39225390553474426,0.30367717146873474,audio,audio,1,0.3199999928474426,0.17543859779834747,0.22549019753932953,0.5380370616912842,0.4619629383087158,0.0008690136019140482,0.9935142993927002,0.005616664886474609,0.3655886948108673,0.2857232093811035,0.3486880958080292,audio,text,0,0.04169519618153572,1.0931767225265503,0.47186073660850525,0.09628036618232727,0.2047552466392517,0.062060583382844925,-0.3981108069419861,0.4601714015007019,0.3600345392970402,0.6399654607029599,1
319,k5Y_838nuGo$_$9,1.7999999523162842,0.7436539530754089,0.0009711572201922536,0.9953521490097046,0.0036766896955668926,1.1774120330810547,1.1029294729232788,1.187035083770752,0.6225879192352295,0.6970704793930054,0.6129648685455322,0.3420906960964203,0.3116787075996399,0.34623053669929504,audio,vision,0,0.5,0.30434781312942505,0.14814814925193787,0.53644859790802,0.46355140209198,0.0009711572201922536,0.9953521490097046,0.0036766896955668926,0.43962574005126953,0.31011420488357544,0.25025999546051025,audio,text,0,0.03198452666401863,1.0710583925247192,0.45682525634765625,0.03758547082543373,0.08410561084747314,0.9216113686561584,0.5898789167404175,0.33173245191574097,0.6022060643871259,0.39779393561287407,0
74,cXypl4FnoZo$_$25,-1.2000000476837158,-0.2498335987329483,0.0013084483798593283,0.9919396042823792,0.006751923356205225,0.3780463933944702,0.19533583521842957,0.3975459337234497,1.578046441078186,1.3953359127044678,1.5975459814071655,0.30935871601104736,0.38873183727264404,0.3019093871116638,audio,audio,1,0.380952388048172,0.20408163964748383,0.22033898532390594,0.5410995483398438,0.45890045166015625,0.0013084483798593283,0.9919396042823792,0.006751923356205225,0.3906639516353607,0.2840196192264557,0.32531651854515076,audio,text,0,0.050460103899240494,1.090003252029419,0.47194668650627136,0.09107524901628494,0.20221009850502014,-0.02550555393099785,-0.44008368253707886,0.4145781397819519,0.37326792887704463,0.6267320711229554,1
287,jUzDDGyPkXU$_$4,-1.600000023841858,-0.6914945840835571,0.0008077524835243821,0.9936762452125549,0.0055159893818199635,-0.34613779187202454,-0.39918503165245056,-0.17824490368366241,1.2538622617721558,1.200814962387085,1.421755075454712,0.34731265902519226,0.37112340331077576,0.2815639078617096,audio,audio,1,0.21052631735801697,0.14606741070747375,0.15625,0.5237656235694885,0.4762343764305115,0.0008077524835243821,0.9936762452125549,0.0055159893818199635,0.33950188755989075,0.3103393018245697,0.35015878081321716,audio,vision,0,0.040739625692367554,1.0973259210586548,0.45555800199508667,0.09417275339365005,0.22094012796878815,-0.5119487047195435,-0.8547468781471252,0.3427981734275818,0.3944851199271357,0.6055148800728644,1
547,vvZ4IcEtiZc$_$4,2.200000047683716,0.004993617534637451,0.0011320223566144705,0.9919214248657227,0.006946540903300047,0.8219146728515625,0.7259718179702759,0.8015896677970886,1.3780853748321533,1.47402822971344,1.3984103202819824,0.3494184911251068,0.3099285662174225,0.3406529426574707,audio,text,0,0.26923078298568726,0.18269230425357819,0.19811320304870605,0.5271073579788208,0.4728926420211792,0.0011320223566144705,0.9919214248657227,0.006946540903300047,0.34944915771484375,0.3029693365097046,0.34758150577545166,audio,text,1,0.05024610832333565,1.0965015888214111,0.4593014121055603,0.04127981513738632,0.09594285488128662,0.25752657651901245,-0.22156549990177155,0.4790920615196228,0.6453966150670847,0.35460338493291543,0
676,zhpQhgha_KU$_$17,1.75,0.5642000436782837,0.000830486707855016,0.9932352900505066,0.005934188142418861,1.0788562297821045,0.992829442024231,1.0728486776351929,0.6711437702178955,0.757170557975769,0.6771513223648071,0.345953106880188,0.3106819689273834,0.3433649241924286,audio,text,0,0.23076923191547394,0.2222222238779068,0.22857142984867096,0.5252121686935425,0.4747878313064575,0.000830486707855016,0.9932352900505066,0.005934188142418861,0.31629449129104614,0.32194700837135315,0.36175844073295593,audio,vision,0,0.04305754229426384,1.096793532371521,0.4475255012512207,0.03921416774392128,0.08602678775787354,0.7648913264274597,0.38277667760849,0.3821146488189697,0.6171912227750586,0.38280877722494144,0
138,d6hH302o4v8$_$5,-1.3333333730697632,0.8651996850967407,0.008182291872799397,0.9703119993209839,0.021505722776055336,1.2656110525131226,1.1100646257400513,0.9022153615951538,2.5989444255828857,2.4433979988098145,2.235548734664917,0.2638796865940094,0.32051417231559753,0.4156060516834259,audio,vision,0,0.4285714328289032,0.20000000298023224,0.1666666716337204,0.536486029624939,0.46351397037506104,0.008182291872799397,0.9703119993209839,0.021505722776055336,0.43223458528518677,0.2763914465904236,0.2913739085197449,audio,text,0,0.15113504230976105,1.0772818326950073,0.46261367201805115,0.14886699616909027,0.36339569091796875,0.8615607023239136,0.8683436512947083,0.006782948970794678,0.5021196588551978,0.49788034114480234,0
225,f9O3YtZ2VfI$_$19,-0.6000000238418579,0.004984721541404724,0.0014083151472732425,0.9916775226593018,0.006914156023412943,0.7299360036849976,0.6099392175674438,0.6368420124053955,1.3299360275268555,1.2099392414093018,1.2368420362472534,0.30439192056655884,0.35365158319473267,0.3419565260410309,audio,audio,1,0.25,0.1818181872367859,0.10000000149011612,0.5215638875961304,0.47843611240386963,0.0014083151472732425,0.9916775226593018,0.006914156023412943,0.36397311091423035,0.3268578350543976,0.3091690242290497,audio,text,0,0.05192611739039421,1.09628427028656,0.44321316480636597,0.05141279846429825,0.11999678611755371,0.2443789690732956,-0.21461418271064758,0.458993136882782,0.36037395614482737,0.6396260438551726,1
629,yvsjCA6Y5Fc$_$21,-1.7999999523162842,0.30212026834487915,0.0014820343349128962,0.9921036958694458,0.006414210889488459,0.963202953338623,0.858386754989624,0.9301345348358154,2.7632029056549072,2.658386707305908,2.7301344871520996,0.3142487108707428,0.35824069380760193,0.3275105655193329,audio,audio,1,0.4000000059604645,0.15909090638160706,0.15238095819950104,0.5316101312637329,0.4683898687362671,0.0014820343349128962,0.9921036958694458,0.006414210889488459,0.4269038140773773,0.2739744484424591,0.29912176728248596,audio,text,0,0.04990638792514801,1.0791107416152954,0.47875285148620605,0.043751444667577744,0.10481619834899902,0.5005257725715637,0.1273096352815628,0.3732161521911621,0.3854402023202067,0.6145597976797933,1
559,vyB00TXsimI$_$4,1.7999999523162842,0.3274349272251129,0.0014087350573390722,0.990746021270752,0.00784518476575613,0.9928286075592041,0.8561758995056152,0.9868883490562439,0.8071713447570801,0.943824052810669,0.8131116032600403,0.352661669254303,0.29728564620018005,0.35005277395248413,audio,text,0,0.3333333432674408,0.09677419066429138,0.21052631735801697,0.5332893133163452,0.4667106866836548,0.0014087350573390722,0.990746021270752,0.00784518476575613,0.3907043933868408,0.25694242119789124,0.35235318541526794,audio,text,1,0.05649176239967346,1.083892583847046,0.48920243978500366,0.06306523084640503,0.13665270805358887,0.5745198130607605,0.11119739711284637,0.46332240104675293,0.6408724929561087,0.3591275070438913,0
268,iiK8YX8oH1E$_$2,1.2000000476837158,0.7043240070343018,0.0013473116559907794,0.9880508184432983,0.010601854883134365,1.1980916261672974,1.071869134902954,1.1597033739089966,0.001908421516418457,0.12813091278076172,0.04029667377471924,0.35622847080230713,0.3042331337928772,0.3395383656024933,audio,text,0,0.2142857164144516,0.10000000149011612,0.28947368264198303,0.5292966961860657,0.4707033038139343,0.0013473116559907794,0.9880508184432983,0.010601854883134365,0.314265638589859,0.2639971375465393,0.4217372536659241,audio,vision,0,0.06898646801710129,1.0794800519943237,0.48270249366760254,0.052831631153821945,0.12622249126434326,0.8744277358055115,0.5530508160591125,0.3213769197463989,0.5991011144889518,0.40089888551104824,0
553,vyB00TXsimI$_$21,1.2000000476837158,0.8694924116134644,0.0013064977247267962,0.9935956597328186,0.00509781576693058,1.3515136241912842,1.220885157585144,1.345072627067566,0.15151357650756836,0.020885109901428223,0.1450725793838501,0.3139267563819885,0.3696088492870331,0.31646445393562317,audio,audio,1,0.3636363744735718,0.20000000298023224,0.0714285746216774,0.523157000541687,0.476842999458313,0.0013064977247267962,0.9935956597328186,0.00509781576693058,0.41700807213783264,0.31578972935676575,0.2672021687030792,audio,text,0,0.041970521211624146,1.0813801288604736,0.4518706202507019,0.06011820212006569,0.13062846660614014,1.0149811506271362,0.7368834614753723,0.2780976891517639,0.5860408286160668,0.4139591713839333,0
511,tmZoasNr4rU$_$16,-1.399999976158142,-0.21683630347251892,0.0025418507866561413,0.9876027703285217,0.009855425916612148,0.34566769003868103,0.2158346325159073,-0.32579314708709717,1.7456676959991455,1.6158345937728882,1.074206829071045,0.22266711294651031,0.2619016766548157,0.5154312252998352,audio,vision,0,0.2666666805744171,0.3125,0.10526315867900848,0.5482027530670166,0.4517972469329834,0.0025418507866561413,0.9876027703285217,0.009855425916612148,0.3404153883457184,0.3773585557937622,0.28222599625587463,audio,audio,0,0.07303669303655624,1.0916152000427246,0.40682944655418396,0.290799081325531,0.6714608669281006,-0.10950919985771179,-0.3052891492843628,0.195779949426651,0.43912229493421423,0.5608777050657858,1
70,cW1FSBF59ik$_$16,3.0,0.512931227684021,0.0008474148926325142,0.9932188391685486,0.005933784414082766,1.0607104301452637,0.9698903560638428,1.0556212663650513,1.9392895698547363,2.0301096439361572,1.9443787336349487,0.3464594781398773,0.30927804112434387,0.3442624807357788,audio,text,0,0.25,0.1617647111415863,0.2073170691728592,0.5236740112304688,0.47632598876953125,0.0008474148926325142,0.9932188391685486,0.005933784414082766,0.3412518799304962,0.2981572449207306,0.3605909049510956,audio,vision,0,0.04317519813776016,1.0955086946487427,0.46337437629699707,0.041665270924568176,0.0908200740814209,0.7101611495018005,0.3335338234901428,0.3766273260116577,0.6155693391574976,0.3844306608425025,0
372,nbWiPyCm4g0$_$8,-2.200000047683716,-0.4953663945198059,0.00224161590449512,0.9841416478157043,0.013616668991744518,-0.19784420728683472,-0.16366267204284668,-0.8556063771247864,2.0021557807922363,2.036337375640869,1.3443937301635742,0.2362011969089508,0.22632159292697906,0.5374771952629089,audio,vision,0,0.1428571492433548,0.2368421107530594,0.19565217196941376,0.5489708185195923,0.4510291814804077,0.00224161590449512,0.9841416478157043,0.013616668991744518,0.2853509187698364,0.34939339756965637,0.3652556836605072,audio,vision,1,0.08791050314903259,1.0931172370910645,0.42316552996635437,0.31843462586402893,0.6919437050819397,-0.3673299551010132,-0.6005599498748779,0.23322999477386475,0.4276275049466529,0.5723724950533471,1
477,tIrG4oNLFzE$_$16,-1.600000023841858,-0.44213682413101196,0.0010227534221485257,0.9923701286315918,0.006607070565223694,-0.046130478382110596,-0.1821579933166504,0.060483239591121674,1.5538694858551025,1.4178420305252075,1.6604832410812378,0.32673582434654236,0.38729482889175415,0.2859693765640259,audio,audio,1,0.2916666567325592,0.1744185984134674,0.223300963640213,0.5339455008506775,0.4660544991493225,0.0010227534221485257,0.9923701286315918,0.006607070565223694,0.3545606732368469,0.29046711325645447,0.3549722135066986,audio,vision,0,0.047807540744543076,1.0943801403045654,0.46793532371520996,0.09930019080638885,0.24264124035835266,-0.2560005187988281,-0.6046059727668762,0.3486054539680481,0.3927524978547961,0.607247502145204,1
185,etzxEpPuc6I$_$17,-0.4000000059604645,1.0507029294967651,0.0010746048064902425,0.9941641688346863,0.004761288873851299,1.3989626169204712,1.3087577819824219,1.400514006614685,1.7989625930786133,1.708757758140564,1.8005139827728271,0.32077792286872864,0.35906559228897095,0.320156455039978,audio,audio,1,0.4375,0.25,0.17543859779834747,0.5297732353210449,0.4702267646789551,0.0010746048064902425,0.9941641688346863,0.004761288873851299,0.41728466749191284,0.29848310351371765,0.2842322885990143,audio,text,0,0.03862427547574043,1.083133578300476,0.46378740668296814,0.04289330914616585,0.09175622463226318,1.154104232788086,0.9589239358901978,0.19518029689788818,0.43930691680391476,0.5606930831960852,1
322,k5Y_838nuGo$_$10,2.0,-0.4903179407119751,0.0013569784350693226,0.9915987253189087,0.007044276688247919,-0.07832381129264832,-0.19156619906425476,0.05184087157249451,2.0783238410949707,2.191566228866577,1.948159098625183,0.3284396231174469,0.28508853912353516,0.38647180795669556,audio,vision,0,0.4545454680919647,0.13793103396892548,0.2647058963775635,0.5488696694374084,0.45113033056259155,0.0013569784350693226,0.9915987253189087,0.007044276688247919,0.42758244276046753,0.2360592633485794,0.33635836839675903,audio,text,0,0.0522335022687912,1.0705584287643433,0.5036930441856384,0.09945053607225418,0.24340707063674927,-0.2700534462928772,-0.671359121799469,0.4013056755065918,0.6228428027128521,0.3771571972871479,0
665,zhpQhgha_KU$_$4,-1.600000023841858,0.5206478238105774,0.002722466131672263,0.9860736131668091,0.011203917674720287,1.223770260810852,1.0909124612808228,1.1659270524978638,2.82377028465271,2.6909124851226807,2.7659270763397217,0.3071592152118683,0.36265015602111816,0.33019062876701355,audio,audio,1,0.375,0.0,0.14814814925193787,0.5277483463287354,0.47225165367126465,0.002722466131672263,0.9860736131668091,0.011203917674720287,0.45088648796081543,0.2210100144147873,0.3281034827232361,audio,text,0,0.0802307203412056,1.0584211349487305,0.5100424289703369,0.05438976734876633,0.1328577995300293,0.7108162045478821,0.35047709941864014,0.36033910512924194,0.38925998917497595,0.6107400108250242,1
223,f9O3YtZ2VfI$_$17,-2.0,-0.48948657512664795,0.0011715665459632874,0.9933806657791138,0.005447799805551767,-0.161958247423172,-0.272243857383728,-0.09735707938671112,1.8380417823791504,1.727756142616272,1.9026429653167725,0.3257080614566803,0.3738514482975006,0.3004405200481415,audio,audio,1,0.3529411852359772,0.19178082048892975,0.14035087823867798,0.533042848110199,0.466957151889801,0.0011715665459632874,0.9933806657791138,0.005447799805551767,0.3996756374835968,0.3000786602497101,0.3002456724643707,audio,text,0,0.04290163516998291,1.0889930725097656,0.462201327085495,0.07220465689897537,0.1748867779970169,-0.27195030450820923,-0.6800530552864075,0.40810275077819824,0.37516341703797895,0.624836582962021,1
364,nbWiPyCm4g0$_$1,1.2000000476837158,-1.0630394220352173,0.002743766875937581,0.9847731590270996,0.012483038939535618,-0.8215217590332031,-0.6557517051696777,-1.3702633380889893,2.021521806716919,1.8557517528533936,2.570263385772705,0.365782231092453,0.4500013589859009,0.1842164248228073,audio,audio,1,0.30000001192092896,0.28125,0.20512820780277252,0.5574239492416382,0.4425760507583618,0.002743766875937581,0.9847731590270996,0.012483038939535618,0.3415661156177521,0.3335096836090088,0.3249242603778839,audio,text,0,0.08601216226816177,1.0984044075012207,0.4341756999492645,0.30534568428993225,0.7145116329193115,-0.9323845505714417,-1.166775107383728,0.23439055681228638,0.572727534894164,0.42727246510583616,0
342,lXPQBPVc5Cw$_$29,-1.2000000476837158,-0.1987936645746231,0.0011151949875056744,0.9920046925544739,0.006880117114633322,0.6037039756774902,0.4434667229652405,0.572340726852417,1.803704023361206,1.6434667110443115,1.7723407745361328,0.30658408999443054,0.3745737671852112,0.3188421428203583,audio,audio,1,0.22580644488334656,0.15714286267757416,0.16470588743686676,0.5231750011444092,0.4768249988555908,0.0011151949875056744,0.9920046925544739,0.006880117114633322,0.34321489930152893,0.3085081875324249,0.34827694296836853,audio,vision,0,0.04980206862092018,1.097188949584961,0.45566433668136597,0.0693366527557373,0.16023725271224976,0.0053629036992788315,-0.3848632574081421,0.3902261555194855,0.3804160454754706,0.6195839545245294,1
571,vyB00TXsimI$_$16,0.4000000059604645,-0.4066341519355774,0.002281883964315057,0.9885779619216919,0.009140204638242722,0.17627471685409546,0.0884937047958374,0.057816728949546814,0.22372528910636902,0.3115063011646271,0.34218329191207886,0.362522691488266,0.32484912872314453,0.3126281797885895,audio,text,0,0.4545454680919647,0.1702127605676651,0.21238937973976135,0.5400997400283813,0.45990025997161865,0.002281883964315057,0.9885779619216919,0.009140204638242722,0.43785154819488525,0.2535916268825531,0.30855682492256165,audio,text,1,0.068150594830513,1.0723624229431152,0.48999089002609253,0.05019836127758026,0.11845798790454865,-0.1902783364057541,-0.5908632874488831,0.4005849361419678,0.6226311478928193,0.3773688521071808,0
229,f_pcplsH_V0$_$10,1.2000000476837158,0.9195123910903931,0.001602930948138237,0.9927698969841003,0.005627119913697243,1.2727580070495605,1.1786608695983887,1.2218220233917236,0.07275795936584473,0.02133917808532715,0.021821975708007812,0.31927213072776794,0.3404666483402252,0.3402612507343292,audio,audio,1,0.4545454680919647,0.23636363446712494,0.12121212482452393,0.5270127058029175,0.4729872941970825,0.001602930948138237,0.9927698969841003,0.005627119913697243,0.44308727979660034,0.29586413502693176,0.26104867458343506,audio,text,0,0.04666958749294281,1.0715885162353516,0.46460390090942383,0.0384586825966835,0.09409713745117188,1.0097848176956177,0.8384940028190613,0.1712908148765564,0.5533248139126474,0.4466751860873525,0
361,lXPQBPVc5Cw$_$18,-1.399999976158142,-0.11693742871284485,0.0007402300252579153,0.9939894676208496,0.00527028227224946,0.5312725305557251,0.3286226689815521,0.5181084871292114,1.9312725067138672,1.7286226749420166,1.9181084632873535,0.30258312821388245,0.38981354236602783,0.3076033890247345,audio,audio,1,0.1818181872367859,0.20000000298023224,0.1666666716337204,0.5259284973144531,0.4740715026855469,0.0007402300252579153,0.9939894676208496,0.00527028227224946,0.311322957277298,0.33984920382499695,0.3488278090953827,audio,vision,0,0.038974568247795105,1.097451090812683,0.4360935091972351,0.09258337318897247,0.20264986157417297,0.1153545081615448,-0.3263251781463623,0.4416796863079071,0.36537742124243716,0.6346225787575628,1
133,d6hH302o4v8$_$40,-1.0,-0.25063061714172363,0.016877220943570137,0.9625526666641235,0.020570117980241776,0.47308656573295593,0.3322066068649292,-0.2576814889907837,1.4730865955352783,1.3322066068649292,0.7423185110092163,0.21342483162879944,0.25452131032943726,0.5320538282394409,audio,vision,0,0.6666666865348816,0.0,0.0,0.5597719550132751,0.44022804498672485,0.016877220943570137,0.9625526666641235,0.020570117980241776,0.6362571120262146,0.1721792072057724,0.191563680768013,audio,text,0,0.18551912903785706,0.9071519374847412,0.5269156694412231,0.3165503740310669,0.730768084526062,-0.12269122898578644,-0.35124748945236206,0.22855626046657562,0.42905804772125233,0.5709419522787477,1
357,lXPQBPVc5Cw$_$14,-2.200000047683716,0.45018482208251953,0.0024024334270507097,0.9880884289741516,0.009509079158306122,1.088800072669983,0.9797763824462891,0.9864973425865173,3.2888002395629883,3.179776430130005,3.186497449874878,0.3046535551548004,0.3491336405277252,0.3462127149105072,audio,audio,1,0.3636363744735718,0.1746031790971756,0.14666666090488434,0.5253118276596069,0.47468817234039307,0.0024024334270507097,0.9880884289741516,0.009509079158306122,0.41079241037368774,0.2857357859611511,0.30347180366516113,audio,text,0,0.07059965282678604,1.085286259651184,0.4682351052761078,0.049885619431734085,0.10902369022369385,0.579610288143158,0.33323192596435547,0.2463783621788025,0.4236095950685047,0.5763904049314952,1
264,iiK8YX8oH1E$_$16,0.0,-0.7013415098190308,0.001364945899695158,0.9914026856422424,0.007232361938804388,-0.25314655900001526,-0.33119964599609375,-0.1205931156873703,0.25314655900001526,0.33119964599609375,0.1205931156873703,0.32391270995140076,0.29380249977111816,0.3822847902774811,audio,vision,0,0.5,0.1428571492433548,0.3125,0.5526933670043945,0.44730663299560547,0.001364945899695158,0.9914026856422424,0.007232361938804388,0.4312065541744232,0.22533243894577026,0.3434610068798065,audio,text,0,0.053213972598314285,1.0655531883239746,0.510713517665863,0.08693408221006393,0.21060653030872345,-0.46554964780807495,-0.8921729326248169,0.42662328481674194,0.6302475861145518,0.3697524138854482,0
546,vvZ4IcEtiZc$_$5,1.2000000476837158,1.3489079475402832,0.0007456541643477976,0.9942643046379089,0.004990071523934603,1.620143175125122,1.5313658714294434,1.6112017631530762,0.42014312744140625,0.33136582374572754,0.41120171546936035,0.31963151693344116,0.3571445047855377,0.3232240080833435,audio,audio,1,0.23076923191547394,0.2777777910232544,0.1860465109348297,0.5159517526626587,0.4840482473373413,0.0007456541643477976,0.9942643046379089,0.004990071523934603,0.3131265342235565,0.35740435123443604,0.32946914434432983,audio,audio,1,0.03753773495554924,1.0971156358718872,0.42457330226898193,0.03990979865193367,0.08877730369567871,1.4341169595718384,1.268967866897583,0.16514909267425537,0.44857341179465116,0.551426588205349,1
651,zhpQhgha_KU$_$24,0.0,0.8198202252388,0.001044030417688191,0.9930967688560486,0.005859220400452614,1.2699012756347656,1.1749473810195923,1.2542080879211426,1.2699012756347656,1.1749473810195923,1.2542080879211426,0.3178807497024536,0.357941210269928,0.324178010225296,audio,audio,1,0.375,0.3181818127632141,0.25925925374031067,0.5310343503952026,0.46896564960479736,0.001044030417688191,0.9930967688560486,0.005859220400452614,0.3530152440071106,0.32546722888946533,0.32151755690574646,audio,text,0,0.0441611111164093,1.0977368354797363,0.44508635997772217,0.04155956953763962,0.09495389461517334,0.9472435712814331,0.7072904706001282,0.23995310068130493,0.4255718144112148,0.5744281855887852,1
320,k5Y_838nuGo$_$8,-1.399999976158142,-1.3591185808181763,0.0012052984675392509,0.9927369356155396,0.006057835649698973,-0.9452493190765381,-0.8515204191207886,-0.8395962119102478,0.454750657081604,0.5484795570373535,0.5604037642478943,0.3615688979625702,0.3215945065021515,0.3168365955352783,audio,text,0,0.2857142984867096,0.23333333432674408,0.1388888955116272,0.5198386311531067,0.4801613688468933,0.0012052984675392509,0.9927369356155396,0.006057835649698973,0.35733121633529663,0.33645570278167725,0.3062131404876709,audio,text,1,0.046271197497844696,1.0966193675994873,0.437520831823349,0.04724625498056412,0.10565310716629028,-1.2076265811920166,-1.4990477561950684,0.29142117500305176,0.47086877474099936,0.5291312252590007,1
236,f_pcplsH_V0$_$2,1.399999976158142,-1.1198447942733765,0.0025534138549119234,0.9840087890625,0.013437842950224876,-0.7236994504928589,-0.6528428792953491,-0.729223906993866,2.123699426651001,2.052842855453491,2.1292238235473633,0.3240724503993988,0.3540852665901184,0.3218422830104828,audio,audio,1,0.3571428656578064,0.13793103396892548,0.2857142984867096,0.5291245579719543,0.47087544202804565,0.0025534138549119234,0.9840087890625,0.013437842950224876,0.3773856461048126,0.24918635189533234,0.373428076505661,audio,text,0,0.08902016282081604,1.0818533897399902,0.489881694316864,0.034777428954839706,0.07638102769851685,-0.9712062478065491,-1.2521202564239502,0.2809140086174011,0.5868946073579757,0.41310539264202434,0
389,nzpVDcQ0ywM$_$13,-1.0,-0.6589914560317993,0.002311693737283349,0.9870387315750122,0.010649653151631355,-0.22925511002540588,-0.2587389051914215,-0.32696348428726196,0.7707449197769165,0.7412611246109009,0.673036515712738,0.31571143865585327,0.32756397128105164,0.3567246198654175,audio,vision,0,0.29411765933036804,0.0714285746216774,0.14705882966518402,0.5220491290092468,0.4779508709907532,0.002311693737283349,0.9870387315750122,0.010649653151631355,0.3980702757835388,0.2627348303794861,0.3391948640346527,audio,text,0,0.07528150081634521,1.084578037261963,0.4828692376613617,0.040921080857515335,0.09770837426185608,-0.467323899269104,-0.8344686031341553,0.36714470386505127,0.3872394795059007,0.6127605204940992,1
71,cW1FSBF59ik$_$19,0.20000000298023224,-0.038736701011657715,0.0008310950943268836,0.9916871190071106,0.007481764070689678,0.7455500364303589,0.5874572992324829,0.7255282998085022,0.5455500483512878,0.38745731115341187,0.5255283117294312,0.30827683210372925,0.3756336271762848,0.3160895109176636,audio,audio,1,0.20000000298023224,0.2083333283662796,0.3103448152542114,0.538700520992279,0.46129947900772095,0.0008310950943268836,0.9916871190071106,0.007481764070689678,0.28538984060287476,0.30529505014419556,0.4093151092529297,audio,vision,0,0.05079835653305054,1.0857044458389282,0.45759472250938416,0.07028339803218842,0.15809273719787598,0.22004109621047974,-0.2603330612182617,0.48037415742874146,0.6342202612351528,0.3657797387648471,0
545,vvZ4IcEtiZc$_$2,2.4000000953674316,1.3928844928741455,0.0014550863998010755,0.9901548624038696,0.008390090428292751,1.707493782043457,1.6157116889953613,1.7067630290985107,0.6925063133239746,0.7842884063720703,0.6932370662689209,0.34593743085861206,0.3084409236907959,0.34562158584594727,audio,text,0,0.3333333432674408,0.0882352963089943,0.22499999403953552,0.5230957865715027,0.4769042134284973,0.0014550863998010755,0.9901548624038696,0.008390090428292751,0.390683114528656,0.24792246520519257,0.36139440536499023,audio,text,1,0.05941266193985939,1.0807712078094482,0.49482154846191406,0.043095286935567856,0.0917820930480957,1.5029852390289307,1.292506217956543,0.2104790210723877,0.5653978865129088,0.43460211348709116,0
267,iiK8YX8oH1E$_$3,-1.25,-0.1489342451095581,0.0009311166359111667,0.9930306077003479,0.006038298364728689,0.5317180156707764,0.3213009834289551,0.5007944107055664,1.7817180156707764,1.571300983428955,1.7507944107055664,0.2993773818016052,0.3894464373588562,0.31117627024650574,audio,audio,1,0.1428571492433548,0.1111111119389534,0.09375,0.5173928737640381,0.4826071262359619,0.0009311166359111667,0.9930306077003479,0.006038298364728689,0.3288584351539612,0.3267347514629364,0.34440678358078003,audio,vision,0,0.04429689794778824,1.0983344316482544,0.44419723749160767,0.09276583045721054,0.2104170322418213,0.07124684751033783,-0.3543119430541992,0.42555880546569824,0.3700625488652298,0.6299374511347701,1
181,etzxEpPuc6I$_$13,-2.200000047683716,0.06550955772399902,0.0006845579482614994,0.9942792654037476,0.005036126356571913,0.7877566814422607,0.6478337049484253,0.7777454257011414,2.9877567291259766,2.8478336334228516,2.977745532989502,0.312136709690094,0.3717959225177765,0.3160673677921295,audio,audio,1,0.25,0.2222222238779068,0.21904762089252472,0.5318359732627869,0.46816402673721313,0.0006845579482614994,0.9942792654037476,0.005036126356571913,0.32592469453811646,0.32144516706466675,0.3526301085948944,audio,vision,0,0.03733925148844719,1.0977667570114136,0.448556125164032,0.063731849193573,0.13992297649383545,0.3319585919380188,-0.16903990507125854,0.5009984970092773,0.3483617509193937,0.6516382490806063,1
30,c7UH_rxdZv4$_$30,1.2000000476837158,0.46691134572029114,0.002417686628177762,0.9896636605262756,0.007918622344732285,1.0576586723327637,0.9566456079483032,1.007925033569336,0.14234137535095215,0.2433544397354126,0.19207501411437988,0.3544709384441376,0.31242361664772034,0.33310550451278687,audio,text,0,0.625,0.20000000298023224,0.2571428716182709,0.5519574284553528,0.4480425715446472,0.002417686628177762,0.9896636605262756,0.007918622344732285,0.5022802948951721,0.22147460281848907,0.2762451767921448,audio,text,1,0.06316369771957397,1.0351101160049438,0.512126088142395,0.04124002158641815,0.10101306438446045,0.6892558336257935,0.2864267826080322,0.40282905101776123,0.623290017467627,0.3767099825323729,0
436,phBUpBr1hSo$_$18,0.800000011920929,0.8427441120147705,0.0015952353132888675,0.9893680214881897,0.009036735631525517,1.4066531658172607,1.2845872640609741,1.3897230625152588,0.6066531538963318,0.48458725214004517,0.5897230505943298,0.31385087966918945,0.3655855655670166,0.32056355476379395,audio,audio,1,0.375,0.0,0.23529411852359772,0.5308940410614014,0.46910595893859863,0.0015952353132888675,0.9893680214881897,0.009036735631525517,0.4213617444038391,0.2110036015510559,0.367634654045105,audio,text,0,0.06338073313236237,1.0603432655334473,0.5189096331596375,0.053996141999959946,0.12206590175628662,1.0393061637878418,0.6690588593482971,0.3702473044395447,0.46618762215707726,0.5338123778429227,1
525,v0zCBqDeKcE$_$10,2.200000047683716,0.9947735071182251,0.0013152383035048842,0.992487907409668,0.006196837406605482,1.3638319969177246,1.2710932493209839,1.3501733541488647,0.8361680507659912,0.9289067983627319,0.8498266935348511,0.34799373149871826,0.30990350246429443,0.3421027660369873,audio,text,0,0.4285714328289032,0.22727273404598236,0.2222222238779068,0.5317925810813904,0.4682074189186096,0.0013152383035048842,0.992487907409668,0.006196837406605482,0.4078954756259918,0.2823711335659027,0.30973339080810547,audio,text,1,0.04771169275045395,1.0858664512634277,0.4734111726284027,0.040880199521780014,0.09273874759674072,1.1037893295288086,0.8987925052642822,0.20499682426452637,0.5637132600257609,0.436286739974239,0
654,zhpQhgha_KU$_$27,0.800000011920929,-0.5233113765716553,0.0016003927448764443,0.9891213774681091,0.009278228506445885,0.05659228563308716,-0.10378110408782959,0.03012138605117798,0.7434077262878418,0.9037811160087585,0.769878625869751,0.35896313190460205,0.29375699162483215,0.3472799062728882,audio,text,0,0.30000001192092896,0.0833333358168602,0.2142857164144516,0.526669979095459,0.473330020904541,0.0016003927448764443,0.9891213774681091,0.009278228506445885,0.3776843845844269,0.2564767599105835,0.3658388555049896,audio,text,1,0.06454464793205261,1.0846160650253296,0.4884297549724579,0.07019829750061035,0.16037338972091675,-0.36524486541748047,-0.6653693318367004,0.30012446641921997,0.5927041591617054,0.4072958408382947,0
253,fvVhgmXxadc$_$7,-1.0,-0.08089438080787659,0.0011134033557027578,0.9920580983161926,0.006828550714999437,0.6888284087181091,0.5038338899612427,0.6397938132286072,1.688828468322754,1.5038338899612427,1.639793872833252,0.30089882016181946,0.3791823983192444,0.31991884112358093,audio,audio,1,0.23076923191547394,0.2142857164144516,0.18421052396297455,0.5284808278083801,0.4715191721916199,0.0011134033557027578,0.9920580983161926,0.006828550714999437,0.3292112648487091,0.3272436261177063,0.3435450792312622,audio,vision,0,0.04953331872820854,1.098375916481018,0.44320961833000183,0.07825348526239395,0.18499451875686646,0.15478891134262085,-0.29117482900619507,0.4459637403488159,0.36413660300941436,0.6358633969905856,1
157,d6hH302o4v8$_$30,-2.799999952316284,-0.2024034708738327,0.0019271073397248983,0.9936739206314087,0.004399032797664404,0.608079195022583,0.4223361909389496,0.5725368857383728,3.408079147338867,3.2223360538482666,3.3725368976593018,0.30240941047668457,0.3814428150653839,0.31614774465560913,audio,audio,1,0.6666666865348816,0.29411765933036804,0.10000000149011612,0.5548085570335388,0.4451914429664612,0.0019271073397248983,0.9936739206314087,0.004399032797664404,0.537339448928833,0.2638784348964691,0.1987820863723755,audio,text,0,0.04222455248236656,1.006453275680542,0.4865303039550781,0.08050119876861572,0.18574300408363342,0.0890541523694992,-0.4362758994102478,0.5253300666809082,0.3414897180898537,0.6585102819101464,1
90,cXypl4FnoZo$_$9,1.2000000476837158,-0.22834628820419312,0.0013672546483576298,0.9929271340370178,0.0057055531069636345,0.5385760068893433,0.33781492710113525,0.5508928298950195,0.6614240407943726,0.8621851205825806,0.6491072177886963,0.3579641878604889,0.2785177230834961,0.363518089056015,audio,vision,0,0.4736842215061188,0.22448979318141937,0.18965516984462738,0.5477768778800964,0.45222312211990356,0.0013672546483576298,0.9929271340370178,0.0057055531069636345,0.4387521743774414,0.27589961886405945,0.28534820675849915,audio,text,0,0.0455414354801178,1.0745735168457031,0.4780183732509613,0.09767230600118637,0.21307790279388428,0.011692322790622711,-0.42651277780532837,0.4382050931453705,0.6336148965506004,0.3663851034493996,0
366,nbWiPyCm4g0$_$2,-2.4000000953674316,0.14121121168136597,0.0049289013259112835,0.9723871350288391,0.022683998569846153,0.665810227394104,0.5638716220855713,-0.16186092793941498,3.065810203552246,2.963871717453003,2.2381391525268555,0.20202644169330597,0.22948133945465088,0.5684921741485596,audio,vision,0,0.3076923191547394,0.09090909361839294,0.25925925374031067,0.5627249479293823,0.4372750520706177,0.0049289013259112835,0.9723871350288391,0.022683998569846153,0.37071260809898376,0.24263203144073486,0.38665539026260376,audio,vision,1,0.13929730653762817,1.0788944959640503,0.4865034222602844,0.368498295545578,0.8276711702346802,0.21769852936267853,0.08177544176578522,0.1359230875968933,0.457625921628104,0.5423740783718959,1
202,f9O3YtZ2VfI$_$20,-0.4000000059604645,-0.2742882966995239,0.0010514272144064307,0.9917676448822021,0.00718094315379858,0.30215057730674744,0.14106738567352295,0.34660065174102783,0.7021505832672119,0.541067361831665,0.7466006278991699,0.3155559003353119,0.38594308495521545,0.29850098490715027,audio,audio,1,0.25,0.1515151560306549,0.23076923191547394,0.5321781635284424,0.4678218364715576,0.0010514272144064307,0.9917676448822021,0.00718094315379858,0.3385066092014313,0.28759074211120605,0.37390267848968506,audio,vision,0,0.0508560985326767,1.0929051637649536,0.46945127844810486,0.08829718828201294,0.20553326606750488,-0.07626157999038696,-0.4483675956726074,0.37210601568222046,0.414786320998007,0.585213679001993,1
60,cW1FSBF59ik$_$6,1.2000000476837158,-0.34481215476989746,0.0010760189034044743,0.994522213935852,0.004401782993227243,0.1542000025510788,-0.007028937339782715,0.24897873401641846,1.0458000898361206,1.2070289850234985,0.9510213136672974,0.33976033329963684,0.2777452766895294,0.38249441981315613,audio,vision,0,0.5,0.3076923191547394,0.20000000298023224,0.5515567064285278,0.44844329357147217,0.0010760189034044743,0.994522213935852,0.004401782993227243,0.427030473947525,0.3031218647956848,0.26984766125679016,audio,text,0,0.036699727177619934,1.0786454677581787,0.4609335660934448,0.10568176209926605,0.25600767135620117,-0.12311854958534241,-0.5250601768493652,0.4019416272640228,0.62302952347187,0.3769704765281299,0
641,yvsjCA6Y5Fc$_$11,2.0,0.9249175190925598,0.0006858606939204037,0.993660032749176,0.005654173903167248,1.3257451057434082,1.2266757488250732,1.3189983367919922,0.6742548942565918,0.7733242511749268,0.6810016632080078,0.347810834646225,0.30729925632476807,0.34488990902900696,audio,text,0,0.23529411852359772,0.2195121943950653,0.26530611515045166,0.525245726108551,0.474754273891449,0.0006858606939204037,0.993660032749176,0.005654173903167248,0.30822423100471497,0.31341785192489624,0.37835797667503357,audio,vision,0,0.040578585118055344,1.094122290611267,0.4534947872161865,0.04519551992416382,0.09906935691833496,1.0555272102355957,0.8068632483482361,0.24866396188735962,0.577087830150682,0.422912169849318,0
615,yDtzw_Y-7RU$_$6,-1.2000000476837158,-0.3763929605484009,0.0008593103266321123,0.9930241107940674,0.006116566248238087,0.14620117843151093,-0.01680620014667511,0.25201940536499023,1.3462011814117432,1.1831938028335571,1.452019453048706,0.3223617672920227,0.3952164649963379,0.2824217677116394,audio,audio,1,0.26530611515045166,0.1764705926179886,0.23076923191547394,0.5351892113685608,0.4648107886314392,0.0008593103266321123,0.9930241107940674,0.006116566248238087,0.3396076261997223,0.29569777846336365,0.36469459533691406,audio,vision,0,0.04419231042265892,1.0949130058288574,0.4648842215538025,0.11057230830192566,0.26882559061050415,-0.195344939827919,-0.5336328148841858,0.338287889957428,0.3958326175596133,0.6041673824403868,1
65,cW1FSBF59ik$_$13,2.0,0.8202885389328003,0.0009338581003248692,0.9923449158668518,0.006721185054630041,1.2752795219421387,1.1768351793289185,1.2702631950378418,0.7247204780578613,0.8231648206710815,0.7297368049621582,0.34746789932250977,0.3072361946105957,0.3452959656715393,audio,text,0,0.2631579041481018,0.18987341225147247,0.25531914830207825,0.5256322622299194,0.47436773777008057,0.0009338581003248692,0.9923449158668518,0.006721185054630041,0.3306812345981598,0.2956652343273163,0.37365350127220154,audio,vision,0,0.04776312783360481,1.0940425395965576,0.46445316076278687,0.045271094888448715,0.09844434261322021,0.9591560959815979,0.694964587688446,0.26419150829315186,0.5818176218488054,0.41818237815119463,0
450,rnaNMUZpvvg$_$22,-2.200000047683716,-0.3375370502471924,0.0006391658680513501,0.9949697852134705,0.004391073249280453,0.13396695256233215,-0.03406764566898346,0.21634569764137268,2.3339669704437256,2.1659324169158936,2.4163458347320557,0.3188895285129547,0.39342400431632996,0.28768646717071533,audio,audio,1,0.2068965584039688,0.2361111044883728,0.14942528307437897,0.5252326726913452,0.4747673273086548,0.0006391658680513501,0.9949697852134705,0.004391073249280453,0.3192169666290283,0.3530265688896179,0.32775646448135376,audio,audio,1,0.03355434909462929,1.0976916551589966,0.42796215415000916,0.10420531034469604,0.25041335821151733,-0.1742844581604004,-0.4851040244102478,0.3108195662498474,0.4040725578521769,0.5959274421478231,1
368,nbWiPyCm4g0$_$4,-2.200000047683716,-0.6793944239616394,0.00363277830183506,0.9802559614181519,0.01611124351620674,-0.3732616603374481,-0.3142632842063904,-0.9320914149284363,1.8267383575439453,1.8857367038726807,1.2679085731506348,0.25382545590400696,0.23577994108200073,0.5103945732116699,audio,vision,0,0.27906978130340576,0.21259842813014984,0.20394736528396606,0.5510156154632568,0.44898438453674316,0.00363277830183506,0.9802559614181519,0.01611124351620674,0.3489375412464142,0.30743736028671265,0.3436250686645508,audio,text,0,0.10646691918373108,1.097062349319458,0.4485456943511963,0.27838486433029175,0.6178281307220459,-0.5393854975700378,-0.7934779524803162,0.2540924549102783,0.42125696170344784,0.5787430382965522,1
608,yDtzw_Y-7RU$_$23,2.200000047683716,0.33095964789390564,0.0007281216094270349,0.9938243627548218,0.0054475306533277035,0.9420521259307861,0.8376703262329102,0.9304242134094238,1.2579479217529297,1.3623297214508057,1.269575834274292,0.3492538630962372,0.3065319359302521,0.3442142605781555,audio,text,0,0.25,0.21875,0.2368421107530594,0.5288985967636108,0.47110140323638916,0.0007281216094270349,0.9938243627548218,0.0054475306533277035,0.32255062460899353,0.3157872259616852,0.3616621196269989,audio,vision,0,0.039812974631786346,1.0967947244644165,0.45202475786209106,0.046707186847925186,0.10438179969787598,0.5534335374832153,0.13279736042022705,0.4206361770629883,0.628501881315382,0.3714981186846181,0
230,f_pcplsH_V0$_$13,1.600000023841858,0.4407340884208679,0.0012504118494689465,0.9909771680831909,0.007772440556436777,1.0512055158615112,0.9439793825149536,1.0038518905639648,0.5487945079803467,0.6560206413269043,0.5961481332778931,0.3549765646457672,0.31044885516166687,0.3345745801925659,audio,text,0,0.27272728085517883,0.2222222238779068,0.22727273404598236,0.5267448425292969,0.4732551574707031,0.0012504118494689465,0.9909771680831909,0.007772440556436777,0.3369407057762146,0.3118351399898529,0.35122421383857727,audio,vision,0,0.055092159658670425,1.097412347793579,0.45276135206222534,0.04387424886226654,0.10722613334655762,0.6301725506782532,0.27053266763687134,0.35963988304138184,0.6105322023285353,0.38946779767146467,0
75,cXypl4FnoZo$_$26,0.6000000238418579,1.0564966201782227,0.0012839301489293575,0.9918714761734009,0.006844623945653439,1.4146838188171387,1.3265612125396729,1.410902976989746,0.8146837949752808,0.7265611886978149,0.8109029531478882,0.3203909993171692,0.35770028829574585,0.32190877199172974,audio,audio,1,0.4285714328289032,0.20000000298023224,0.2777777910232544,0.5367574095726013,0.4632425904273987,0.0012839301489293575,0.9918714761734009,0.006844623945653439,0.39623624086380005,0.2647492587566376,0.33901453018188477,audio,text,0,0.05075916647911072,1.085374116897583,0.48474812507629395,0.04067953675985336,0.08812260627746582,1.2202579975128174,0.9151641130447388,0.3050938844680786,0.40579714990206317,0.5942028500979368,1
519,tmZoasNr4rU$_$4,-0.800000011920929,-1.4100278615951538,0.0012308747973293066,0.9910029172897339,0.007766169961541891,-1.1532515287399292,-0.9806978702545166,-1.0617549419403076,0.35325151681900024,0.18069785833358765,0.26175493001937866,0.2974518835544586,0.3690546154975891,0.3334934413433075,audio,audio,1,0.25,0.22695034742355347,0.2202380895614624,0.5257037281990051,0.4742962718009949,0.0012308747973293066,0.9910029172897339,0.007766169961541891,0.3276122510433197,0.3198584318161011,0.35252928733825684,audio,vision,0,0.05493124946951866,1.0977444648742676,0.4474296569824219,0.07048767805099487,0.1725536584854126,-1.2757859230041504,-1.5311424732208252,0.2553565502166748,0.5791282225986377,0.4208717774013623,0
555,vyB00TXsimI$_$1,0.0,0.5182526707649231,0.0012561904732137918,0.9924079179763794,0.006335814017802477,1.0994563102722168,0.9645214080810547,1.0907083749771118,1.0994563102722168,0.9645214080810547,1.0907083749771118,0.31301620602607727,0.370525985956192,0.3164578378200531,audio,audio,1,0.30000001192092896,0.1111111119389534,0.125,0.5244466066360474,0.47555339336395264,0.0012561904732137918,0.9924079179763794,0.006335814017802477,0.3939931094646454,0.28564468026161194,0.32036224007606506,audio,text,0,0.04802306368947029,1.0895577669143677,0.47117552161216736,0.06165051460266113,0.1349349021911621,0.7163674831390381,0.3386077284812927,0.37775975465774536,0.38409573801888885,0.6159042619811111,1
175,dq3Nf_lMPnE$_$7,-2.0,0.45385387539863586,0.0008091060444712639,0.9946272969245911,0.004563643131405115,1.011286735534668,0.9140377044677734,1.003676176071167,3.011286735534668,2.9140377044677734,3.003676176071167,0.3185913562774658,0.35977205634117126,0.3216366171836853,audio,audio,1,0.4285714328289032,0.31707316637039185,0.26530611515045166,0.5404509902000427,0.4595490097999573,0.0008091060444712639,0.9946272969245911,0.004563643131405115,0.37490054965019226,0.3133911192417145,0.31170833110809326,audio,text,0,0.03571508452296257,1.094796061515808,0.45415744185447693,0.04415924847126007,0.09724903106689453,0.6630632877349854,0.2759617567062378,0.38710153102874756,0.3813370673644294,0.6186629326355705,1
590,wMbj6ajWbic$_$6,1.7999999523162842,-0.25389453768730164,0.0011130986968055367,0.9930405616760254,0.005846316460520029,0.4414306879043579,0.259213924407959,0.49443793296813965,1.3585692644119263,1.5407860279083252,1.3055620193481445,0.34906327724456787,0.277961403131485,0.37297528982162476,audio,vision,0,0.3928571343421936,0.14705882966518402,0.20000000298023224,0.5428401827812195,0.4571598172187805,0.0011130986968055367,0.9930405616760254,0.005846316460520029,0.4131752848625183,0.263491153717041,0.3233335316181183,audio,text,0,0.0445663221180439,1.0816926956176758,0.48636627197265625,0.1007433757185936,0.23522400856018066,-0.01660587638616562,-0.4537302255630493,0.4371243417263031,0.6333012233986665,0.36669877660133354,0
586,wMbj6ajWbic$_$2,-0.800000011920929,-0.20471841096878052,0.0010226655285805464,0.992950439453125,0.006026932038366795,0.5559222102165222,0.3659226894378662,0.5714285373687744,1.3559222221374512,1.1659226417541504,1.3714284896850586,0.3077985346317291,0.39031141996383667,0.30188995599746704,audio,audio,1,0.3333333432674408,0.16867469251155853,0.20999999344348907,0.5375303626060486,0.4624696373939514,0.0010226655285805464,0.992950439453125,0.006026932038366795,0.3779982626438141,0.28252220153808594,0.3394794762134552,audio,text,0,0.04487280547618866,1.0916029214859009,0.4736188054084778,0.09343621879816055,0.2055058479309082,0.028669729828834534,-0.40551626682281494,0.4341859817504883,0.36755216335415813,0.6324478366458419,1
194,etzxEpPuc6I$_$7,-1.2000000476837158,0.4673098623752594,0.0005903909332118928,0.9945770502090454,0.004832523874938488,1.0024693012237549,0.9009954929351807,0.9959102869033813,2.2024693489074707,2.1009955406188965,2.1959104537963867,0.31811976432800293,0.3611416220664978,0.3207385838031769,audio,audio,1,0.1666666716337204,0.2777777910232544,0.20967741310596466,0.5201932787895203,0.47980672121047974,0.0005903909332118928,0.9945770502090454,0.004832523874938488,0.28157609701156616,0.36563119292259216,0.3527926504611969,audio,audio,1,0.035566478967666626,1.092294454574585,0.4192972183227539,0.0463666208088398,0.10147380828857422,0.6333337426185608,0.31417566537857056,0.31915807723999023,0.4015652173655904,0.5984347826344095,1
685,zhpQhgha_KU$_$32,0.800000011920929,-0.7068782448768616,0.0008168792701326311,0.9932460784912109,0.005937040317803621,-0.4084461033344269,-0.4418664872646332,-0.2601466774940491,1.2084461450576782,1.2418664693832397,1.060146689414978,0.31618013978004456,0.3032436668872833,0.3805761933326721,audio,vision,0,0.20000000298023224,0.190476194024086,0.19736842811107635,0.52510005235672,0.47489994764328003,0.0008168792701326311,0.9932460784912109,0.005937040317803621,0.31684568524360657,0.3215101957321167,0.36164408922195435,audio,vision,1,0.04297557473182678,1.096815824508667,0.4478239417076111,0.07897378504276276,0.1817198097705841,-0.5304880738258362,-0.8664053678512573,0.33591729402542114,0.6034585110834467,0.39654148891655333,0
537,v0zCBqDeKcE$_$6,0.800000011920929,-0.7155972719192505,0.0009132135892286897,0.9935085773468018,0.005578232929110527,-0.4254726469516754,-0.45721516013145447,-0.3255966901779175,1.2254726886749268,1.257215142250061,1.1255967617034912,0.32319873571395874,0.3106258809566498,0.3661753535270691,audio,vision,0,0.15000000596046448,0.18421052396297455,0.08695652335882187,0.5106222629547119,0.4893777370452881,0.0009132135892286897,0.9935085773468018,0.005578232929110527,0.32119736075401306,0.354349285364151,0.32445332407951355,audio,audio,0,0.04180625081062317,1.0976202487945557,0.42610621452331543,0.056081511080265045,0.131618469953537,-0.563039243221283,-0.8618080615997314,0.2987688183784485,0.5922950181264325,0.4077049818735675,0
117,d3_k5Xpfmik$_$7,0.4000000059604645,-0.8456454277038574,0.0013704865705221891,0.9898574352264404,0.008772159926593304,-0.3999880850315094,-0.4147889316082001,-0.33322298526763916,0.7999880909919739,0.8147889375686646,0.7332229614257812,0.325870156288147,0.3198966681957245,0.35423317551612854,audio,vision,0,0.1875,0.14457830786705017,0.1785714328289032,0.5152958631515503,0.4847041368484497,0.0013704865705221891,0.9898574352264404,0.008772159926593304,0.3256469666957855,0.3088102638721466,0.36554279923439026,audio,vision,1,0.06067245453596115,1.0960896015167236,0.45403143763542175,0.03548027575016022,0.08156594634056091,-0.6985137462615967,-0.984042227268219,0.2855284810066223,0.5882923725581057,0.41170762744189426,0
200,f9O3YtZ2VfI$_$26,1.399999976158142,1.4278000593185425,0.001141614862717688,0.993110179901123,0.0057482668198645115,1.702805995941162,1.6144907474517822,1.696937084197998,0.30280601978302,0.21449077129364014,0.29693710803985596,0.32009410858154297,0.35745489597320557,0.32245102524757385,audio,audio,1,0.4285714328289032,0.25,0.2368421107530594,0.5315903425216675,0.4684096574783325,0.001141614862717688,0.993110179901123,0.0057482668198645115,0.39821112155914307,0.28949812054634094,0.3122907280921936,audio,text,0,0.044255293905735016,1.0889761447906494,0.46907469630241394,0.04032014310359955,0.08831524848937988,1.5227959156036377,1.3440947532653809,0.17870116233825684,0.4791088208601788,0.5208911791398212,1
311,k5Y_838nuGo$_$29,-0.75,0.08420592546463013,0.0011054130736738443,0.9926551580429077,0.006239473354071379,0.7796288728713989,0.6524564027786255,0.7580061554908752,1.529628872871399,1.4024564027786255,1.5080060958862305,0.3125298321247101,0.36637797951698303,0.3210922181606293,audio,audio,1,0.2666666805744171,0.15625,0.15789473056793213,0.5281789898872375,0.47182101011276245,0.0011054130736738443,0.9926551580429077,0.006239473354071379,0.36359989643096924,0.3008839190006256,0.33551621437072754,audio,text,0,0.04651985317468643,1.095637559890747,0.4611808657646179,0.05555892363190651,0.12717247009277344,0.35922515392303467,-0.16146810352802277,0.5206932425498962,0.3427942839272706,0.6572057160727294,1
658,zhpQhgha_KU$_$23,-0.5,-0.42580586671829224,0.001034085638821125,0.9912044405937195,0.007761429529637098,0.0015618354082107544,-0.14005708694458008,0.022434547543525696,0.5015618205070496,0.3599429130554199,0.5224345326423645,0.31566593050956726,0.3767975866794586,0.30753645300865173,audio,audio,1,0.25,0.20000000298023224,0.27906978130340576,0.5338569283485413,0.46614307165145874,0.001034085638821125,0.9912044405937195,0.007761429529637098,0.3172056972980499,0.2965041995048523,0.38629013299942017,audio,vision,0,0.05357488617300987,1.0921016931533813,0.4631335437297821,0.07218427211046219,0.16249163448810577,-0.23990003764629364,-0.5881316065788269,0.34823155403137207,0.4464658722869377,0.5535341277130624,1
283,jUzDDGyPkXU$_$1,2.799999952316284,-0.30527129769325256,0.0016772050876170397,0.9912497997283936,0.007072969805449247,0.4271887540817261,0.22368097305297852,0.4587516784667969,2.3728113174438477,2.5763189792633057,2.3412482738494873,0.35515955090522766,0.2753884494304657,0.36945202946662903,audio,vision,0,0.4285714328289032,0.13333334028720856,0.1764705926179886,0.5449965596199036,0.45500344038009644,0.0016772050876170397,0.9912497997283936,0.007072969805449247,0.43966925144195557,0.2553183138370514,0.30501246452331543,audio,text,0,0.05445180833339691,1.0720349550247192,0.49062103033065796,0.1041739284992218,0.23507070541381836,-0.04868682473897934,-0.5194869637489319,0.47080013155937195,0.6430209419639452,0.35697905803605484,0
509,tmZoasNr4rU$_$14,-2.0,0.3322222828865051,0.0008345848764292896,0.9928982257843018,0.006267226301133633,0.9407274723052979,0.8376185894012451,0.9051892161369324,2.940727472305298,2.837618589401245,2.905189275741577,0.31417056918144226,0.3573879897594452,0.3284415006637573,audio,audio,1,0.2777777910232544,0.23333333432674408,0.27906978130340576,0.5332788825035095,0.4667211174964905,0.0008345848764292896,0.9928982257843018,0.006267226301133633,0.32204702496528625,0.3063725531101227,0.3715803623199463,audio,vision,0,0.04478250816464424,1.095183253288269,0.4576837718486786,0.0427657812833786,0.10310888290405273,0.549272358417511,0.14226193726062775,0.40701043605804443,0.3754835457454389,0.624516454254561,1
54,cW1FSBF59ik$_$1,-2.5999999046325684,-0.3301888704299927,0.001077368389815092,0.9903734922409058,0.008549110032618046,0.2363748401403427,0.08373697102069855,0.18331179022789001,2.8363747596740723,2.683736801147461,2.783311605453491,0.30499035120010376,0.36910367012023926,0.325905978679657,audio,audio,1,0.13636364042758942,0.1304347813129425,0.21686747670173645,0.5230100154876709,0.4769899845123291,0.001077368389815092,0.9903734922409058,0.008549110032618046,0.29760316014289856,0.30214613676071167,0.4002506732940674,audio,vision,0,0.05765216425061226,1.0888104438781738,0.458818256855011,0.06327114999294281,0.15263786911964417,-0.15197758376598358,-0.49271923303604126,0.3407416343688965,0.3950993298812411,0.6049006701187589,1
354,lXPQBPVc5Cw$_$13,2.799999952316284,-0.2677748501300812,0.0024808126036077738,0.9863225221633911,0.01119665615260601,0.0708625316619873,0.03398992121219635,-0.6506378650665283,2.729137420654297,2.766010046005249,3.4506378173828125,0.42359185218811035,0.4045112431049347,0.17189690470695496,audio,text,0,0.25,0.3125,0.1666666716337204,0.5560786724090576,0.4439213275909424,0.0024808126036077738,0.9863225221633911,0.01119665615260601,0.3183664381504059,0.3700796067714691,0.3115539252758026,audio,audio,0,0.07876325398683548,1.0955886840820312,0.4108285903930664,0.33176925778388977,0.7215003967285156,-0.1324792355298996,-0.3757822513580322,0.24330301582813263,0.5754515173469705,0.42454848265302947,0
156,d6hH302o4v8$_$31,-1.399999976158142,-0.34588512778282166,0.0006880322471261024,0.994659960269928,0.004651973024010658,0.07587660849094391,-0.056898415088653564,0.1254151314496994,1.4758765697479248,1.3431015014648438,1.525415062904358,0.32046234607696533,0.3783174157142639,0.30122023820877075,audio,audio,1,0.1764705926179886,0.25,0.1320754736661911,0.5195952653884888,0.48040473461151123,0.0006880322471261024,0.994659960269928,0.004651973024010658,0.30732232332229614,0.36951613426208496,0.3231615424156189,audio,audio,1,0.0353190153837204,1.0955168008804321,0.4167625904083252,0.07697149366140366,0.18231354653835297,-0.19100582599639893,-0.4890826344490051,0.2980768084526062,0.4079138831442185,0.5920861168557814,1
48,cM3Yna7AavY$_$8,-0.6000000238418579,0.6354756951332092,0.002752570901066065,0.9883452653884888,0.008902146480977535,1.1791281700134277,1.0678181648254395,1.044791340827942,1.7791281938552856,1.6678181886672974,1.6447913646697998,0.30010879039764404,0.34490966796875,0.35498160123825073,audio,vision,0,0.6000000238418579,0.3333333432674408,0.2800000011920929,0.5494788885116577,0.4505211114883423,0.002752570901066065,0.9883452653884888,0.008902146480977535,0.4539851248264313,0.2717665731906891,0.27424827218055725,audio,text,0,0.06984470039606094,1.0673694610595703,0.47771915793418884,0.0586576946079731,0.13433682918548584,0.7429335117340088,0.5473703742027283,0.19556313753128052,0.43918904534556347,0.5608109546544365,1
7,c7UH_rxdZv4$_$23,-0.6000000238418579,1.1084096431732178,0.0007668471662327647,0.994498074054718,0.004735084716230631,1.4475972652435303,1.3560690879821777,1.4276725053787231,2.0475974082946777,1.9560691118240356,2.027672529220581,0.31782039999961853,0.3563441038131714,0.3258354365825653,audio,audio,1,0.25,0.30000001192092896,0.1666666716337204,0.5172929167747498,0.48270708322525024,0.0007668471662327647,0.994498074054718,0.004735084716230631,0.32029035687446594,0.36759862303733826,0.3121110200881958,audio,audio,1,0.03633326292037964,1.0959596633911133,0.41793298721313477,0.03930150344967842,0.09152817726135254,1.2031230926513672,1.0200287103652954,0.18309438228607178,0.44303145901312335,0.5569685409868766,1
212,f9O3YtZ2VfI$_$4,-2.4000000953674316,-0.27050575613975525,0.0010973968310281634,0.9916741251945496,0.00722847692668438,0.28805503249168396,0.13945366442203522,0.2866189479827881,2.6880550384521484,2.5394537448883057,2.6866190433502197,0.31192293763160706,0.37559372186660767,0.31248340010643005,audio,audio,1,0.1818181872367859,0.15000000596046448,0.17391304671764374,0.5221896171569824,0.4778103828430176,0.0010973968310281634,0.9916741251945496,0.00722847692668438,0.3232176899909973,0.3128760755062103,0.36390626430511475,audio,vision,0,0.05140407383441925,1.0964552164077759,0.4525320529937744,0.06971534341573715,0.14860136806964874,-0.0662025585770607,-0.4574458599090576,0.3912433087825775,0.38011641654299644,0.6198835834570036,1
123,d6hH302o4v8$_$24,-2.799999952316284,-0.292028546333313,0.0032549418974667788,0.9840117692947388,0.012733269482851028,0.2594515085220337,0.19399021565914154,-0.3362196087837219,3.0594515800476074,2.993990182876587,2.463780403137207,0.238615483045578,0.25896164774894714,0.5024228692054749,audio,vision,0,0.25,0.21739129722118378,0.1111111119389534,0.5438523888587952,0.45614761114120483,0.0032549418974667788,0.9840117692947388,0.012733269482851028,0.35666170716285706,0.3356805443763733,0.3076576888561249,audio,text,0,0.09006474167108536,1.0967909097671509,0.43222078680992126,0.2667149305343628,0.5956711173057556,-0.1398409605026245,-0.41967344284057617,0.27983248233795166,0.4134332002493236,0.5865667997506764,1
12,c7UH_rxdZv4$_$2,-2.5999999046325684,-0.09602369368076324,0.0015519701410084963,0.9889410138130188,0.009506983682513237,0.6762779355049133,0.551017701625824,0.6705576777458191,3.276277780532837,3.151017665863037,3.2705576419830322,0.3147946298122406,0.36815187335014343,0.31705352663993835,audio,audio,1,0.4000000059604645,0.095238097012043,0.3199999928474426,0.5438532829284668,0.4561467170715332,0.0015519701410084963,0.9889410138130188,0.009506983682513237,0.3910549581050873,0.22429923713207245,0.38464581966400146,audio,text,0,0.06529802083969116,1.0699440240859985,0.5097612142562866,0.05774720013141632,0.12526023387908936,0.2004980891942978,-0.34472572803497314,0.5452238321304321,0.33591995900595134,0.6640800409940486,1
531,v0zCBqDeKcE$_$1,2.5999999046325684,-0.5612008571624756,0.0008819823851808906,0.993150532245636,0.005967527162283659,-0.24023094773292542,-0.3286961317062378,-0.09509165585041046,2.840230941772461,2.9286961555480957,2.695091485977173,0.3231814205646515,0.28934866189956665,0.38746991753578186,audio,vision,0,0.30000001192092896,0.12121212482452393,0.23076923191547394,0.5356346368789673,0.4643653631210327,0.0008819823851808906,0.993150532245636,0.005967527162283659,0.3654843866825104,0.2672611176967621,0.36725443601608276,audio,vision,1,0.0435914471745491,1.088409423828125,0.48392626643180847,0.09629961848258972,0.23360447585582733,-0.3440312147140503,-0.749474823474884,0.40544360876083374,0.6240570790055691,0.37594292099443083,0
31,c7UH_rxdZv4$_$33,-1.7999999523162842,-0.15485349297523499,0.0011554788798093796,0.9931527376174927,0.005691829137504101,0.7146810293197632,0.5277770757675171,0.6572304368019104,2.514680862426758,2.3277769088745117,2.45723032951355,0.29961368441581726,0.37846508622169495,0.3219212591648102,audio,audio,1,0.3333333432674408,0.2666666805744171,0.1666666716337204,0.5353341698646545,0.46466583013534546,0.0011554788798093796,0.9931527376174927,0.005691829137504101,0.36592230200767517,0.3338998854160309,0.30017778277397156,audio,text,0,0.044058021157979965,1.0953617095947266,0.43950188159942627,0.07816780358552933,0.1869039535522461,0.09529638290405273,-0.3719816207885742,0.46727800369262695,0.3579903038917083,0.6420096961082918,1
341,lXPQBPVc5Cw$_$28,0.800000011920929,1.0762574672698975,0.001036656554788351,0.9923220276832581,0.006641336716711521,1.4257762432098389,1.3370120525360107,1.4188470840454102,0.6257762312889099,0.5370120406150818,0.6188470721244812,0.31989312171936035,0.35743093490600586,0.3226759135723114,audio,audio,1,0.29411765933036804,0.21153846383094788,0.2380952388048172,0.5220584869384766,0.47794151306152344,0.001036656554788351,0.9923220276832581,0.006641336716711521,0.34411734342575073,0.3023524284362793,0.3535301685333252,audio,vision,0,0.048074644058942795,1.09635329246521,0.45997971296310425,0.040310002863407135,0.08876419067382812,1.1764836311340332,0.9845009446144104,0.1919826865196228,0.4402916840335399,0.5597083159664601,1
145,d6hH302o4v8$_$38,-3.0,-0.48200589418411255,0.0033071807119995356,0.9891834259033203,0.007509376388043165,0.1603439450263977,0.007054805755615234,0.025100544095039368,3.160343885421753,3.0070548057556152,3.0251004695892334,0.294517457485199,0.3567194938659668,0.34876295924186707,audio,audio,1,0.7142857313156128,0.1666666716337204,0.17241379618644714,0.5543822050094604,0.44561779499053955,0.0033071807119995356,0.9891834259033203,0.007509376388043165,0.5764088034629822,0.19951973855495453,0.2240714579820633,audio,text,0,0.06638021767139435,0.9743238091468811,0.5264424681663513,0.0684056431055069,0.15328913927078247,-0.23229946196079254,-0.6827223300933838,0.45042288303375244,0.36284699355865224,0.6371530064413478,1
358,lXPQBPVc5Cw$_$17,-1.7999999523162842,0.27301979064941406,0.0007629567408002913,0.994114339351654,0.00512276217341423,0.9167098999023438,0.8194500207901001,0.8970295786857605,2.716709852218628,2.619450092315674,2.6970295906066895,0.3170396685600281,0.35802462697029114,0.3249357342720032,audio,audio,1,0.20000000298023224,0.28985506296157837,0.16867469251155853,0.5221554636955261,0.4778445363044739,0.0007629567408002913,0.994114339351654,0.00512276217341423,0.3016400635242462,0.37295714020729065,0.32540279626846313,audio,audio,1,0.038362786173820496,1.0946934223175049,0.41410478949546814,0.041985973715782166,0.09725987911224365,0.4774066209793091,0.08597758412361145,0.39142903685569763,0.38006171247044745,0.6199382875295525,1
343,lXPQBPVc5Cw$_$1,0.20000000298023224,0.23773398995399475,0.0008932288619689643,0.9944861531257629,0.004620586521923542,0.8817849159240723,0.7771898508071899,0.8657841086387634,0.6817849278450012,0.5771898627281189,0.6657841205596924,0.31646791100502014,0.3606707751750946,0.3228612542152405,audio,audio,1,0.3333333432674408,0.1428571492433548,0.11864406615495682,0.5287931561470032,0.4712068438529968,0.0008932288619689643,0.9944861531257629,0.004620586521923542,0.40485021471977234,0.29035624861717224,0.3047935664653778,audio,text,0,0.036615632474422455,1.087280511856079,0.4694199562072754,0.046001337468624115,0.10459506511688232,0.4963216781616211,0.007306862622499466,0.48901480436325073,0.46766128914820393,0.5323387108517961,1
220,f9O3YtZ2VfI$_$12,-1.7999999523162842,-0.9963051080703735,0.001088057761080563,0.9942566752433777,0.004655256401747465,-0.717437744140625,-0.7072769403457642,-0.5896414518356323,1.0825622081756592,1.09272301197052,1.2103585004806519,0.35214492678642273,0.3477005660533905,0.300154447555542,audio,text,0,0.4166666567325592,0.2857142984867096,0.1599999964237213,0.5347671508789062,0.46523284912109375,0.001088057761080563,0.9942566752433777,0.004655256401747465,0.4017445743083954,0.3214786648750305,0.2767767310142517,audio,text,1,0.03814859315752983,1.0867201089859009,0.44851869344711304,0.057997360825538635,0.12779629230499268,-0.8037123680114746,-1.1638555526733398,0.36014318466186523,0.3893182125981975,0.6106817874018025,1
318,k5Y_838nuGo$_$6,2.0,1.3578860759735107,0.0008342632791027427,0.9947406649589539,0.0044250888749957085,1.640338659286499,1.5497304201126099,1.647777795791626,0.359661340713501,0.45026957988739014,0.352222204208374,0.344558984041214,0.3076630234718323,0.34777796268463135,audio,vision,0,0.3333333432674408,0.25,0.15789473056793213,0.5225386619567871,0.4774613380432129,0.0008342632791027427,0.9947406649589539,0.0044250888749957085,0.3703276813030243,0.3284326195716858,0.3012397587299347,audio,text,0,0.035145558416843414,1.0949981212615967,0.4442053735256195,0.04457014426589012,0.09804737567901611,1.4821827411651611,1.2443119287490845,0.23787081241607666,0.5737917662615963,0.42620823373840366,0
14,c7UH_rxdZv4$_$4,1.600000023841858,0.0181749165058136,0.0005672457627952099,0.9950467348098755,0.004386072512716055,0.6939049959182739,0.5778659582138062,0.6836238503456116,0.906095027923584,1.0221340656280518,0.9163761734962463,0.35060518980026245,0.3032665252685547,0.34612828493118286,audio,text,0,0.20000000298023224,0.27450981736183167,0.19672131538391113,0.527185320854187,0.472814679145813,0.0005672457627952099,0.9950467348098755,0.004386072512716055,0.29739320278167725,0.36157187819480896,0.3410349488258362,audio,audio,0,0.0329943522810936,1.0953490734100342,0.4223165512084961,0.05244627594947815,0.11603903770446777,0.27552086114883423,-0.2126299887895584,0.48815083503723145,0.6479838145185192,0.3520161854814808,0
633,yvsjCA6Y5Fc$_$3,-2.0,-0.1605871617794037,0.000593413773458451,0.9946534633636475,0.004753167741000652,0.5146420001983643,0.32071805000305176,0.5232715010643005,2.5146420001983643,2.3207180500030518,2.5232715606689453,0.30641189217567444,0.3904637396335602,0.3031243681907654,audio,audio,1,0.1538461595773697,0.2857142984867096,0.18644067645072937,0.5261165499687195,0.4738834500312805,0.000593413773458451,0.9946534633636475,0.004753167741000652,0.2793389856815338,0.3777658939361572,0.34289512038230896,audio,audio,1,0.035165466368198395,1.0910080671310425,0.41125839948654175,0.09351702034473419,0.20255345106124878,0.028810977935791016,-0.33118176460266113,0.35999274253845215,0.3893629229610794,0.6106370770389206,1
44,cM3Yna7AavY$_$4,0.6000000238418579,0.4353552460670471,0.002951216883957386,0.9808686971664429,0.016180120408535004,0.9844616651535034,0.8729586601257324,0.6741780042648315,0.3844616413116455,0.2729586362838745,0.07417798042297363,0.27598583698272705,0.31726208329200745,0.4067521393299103,audio,vision,0,0.25,0.17977528274059296,0.25,0.5328449010848999,0.4671550989151001,0.002951216883957386,0.9808686971664429,0.016180120408535004,0.3320496380329132,0.2902384102344513,0.3777119517326355,audio,vision,1,0.10286589711904526,1.0928643941879272,0.4604202210903168,0.12833230197429657,0.3102836608886719,0.52190762758255,0.35947316884994507,0.16243445873260498,0.5505870936277628,0.4494129063722373,0
25,c7UH_rxdZv4$_$17,-1.399999976158142,-0.00508958101272583,0.001696304534561932,0.9924798011779785,0.0058239358477294445,0.7143489122390747,0.5750619173049927,0.6843698620796204,2.114348888397217,1.9750618934631348,2.0843698978424072,0.3097538650035858,0.368664413690567,0.3215816915035248,audio,audio,1,0.5,0.1666666716337204,0.13953489065170288,0.5450255274772644,0.4549744725227356,0.001696304534561932,0.9924798011779785,0.0058239358477294445,0.47838732600212097,0.2542501986026764,0.267362505197525,audio,text,0,0.04828175902366638,1.0536022186279297,0.4921531081199646,0.059858959168195724,0.13928699493408203,0.2937728762626648,-0.25457292795181274,0.5483458042144775,0.33504995993582853,0.6649500400641715,1
670,zhpQhgha_KU$_$11,-2.4000000953674316,1.0641212463378906,0.0019500020425766706,0.9888540506362915,0.009195968508720398,1.4165027141571045,1.3288308382034302,1.3841581344604492,3.816502809524536,3.7288308143615723,3.784158229827881,0.3167484402656555,0.35343441367149353,0.3298170864582062,audio,audio,1,0.4166666567325592,0.1041666641831398,0.2321428507566452,0.5289924740791321,0.4710075259208679,0.0019500020425766706,0.9888540506362915,0.009195968508720398,0.42609715461730957,0.2356552630662918,0.3382475674152374,audio,text,0,0.06637125462293625,1.0707635879516602,0.5021325349807739,0.036199506372213364,0.08767187595367432,1.1721822023391724,0.9679051637649536,0.20427703857421875,0.4365080333190458,0.5634919666809542,1
269,iiK8YX8oH1E$_$5,-0.4000000059604645,-0.7670398950576782,0.0008089650655165315,0.993014931678772,0.006176029797643423,-0.45986518263816833,-0.4883354604244232,-0.3471485376358032,0.05986517667770386,0.08833545446395874,0.052851468324661255,0.3362651765346527,0.3245086669921875,0.33922621607780457,audio,vision,0,0.11428571492433548,0.1652892529964447,0.15000000596046448,0.5136821269989014,0.48631787300109863,0.0008089650655165315,0.993014931678772,0.006176029797643423,0.2955901622772217,0.339450865983963,0.3649589419364929,audio,vision,1,0.04413818567991257,1.094879150390625,0.4357094168663025,0.06096387282013893,0.14118692278862,-0.6166478395462036,-0.9094204306602478,0.2927725911140442,0.5904838002319721,0.409516199768028,0
617,yDtzw_Y-7RU$_$8,-1.5,1.1518125534057617,0.0009934405097737908,0.9951773881912231,0.003829116001725197,1.4554569721221924,1.3661779165267944,1.4378092288970947,2.9554569721221924,2.866178035736084,2.9378092288970947,0.3184339106082916,0.35602957010269165,0.3255365192890167,audio,audio,1,0.4285714328289032,0.3125,0.10526315867900848,0.5243913531303406,0.4756086468696594,0.0009934405097737908,0.9951773881912231,0.003829116001725197,0.41193726658821106,0.3396991789340973,0.24836356937885284,audio,text,0,0.032989419996738434,1.0780482292175293,0.43698549270629883,0.03860517591238022,0.08927905559539795,1.2522138357162476,1.0607514381408691,0.19146239757537842,0.44045196195528963,0.5595480380447103,1
167,dq3Nf_lMPnE$_$12,-1.600000023841858,1.1358122825622559,0.001173393102362752,0.9936491847038269,0.005177460610866547,1.4659039974212646,1.374556541442871,1.4487450122833252,3.065904140472412,2.9745564460754395,3.0487451553344727,0.3182038366794586,0.3566935062408447,0.3251025974750519,audio,audio,1,0.4285714328289032,0.13461539149284363,0.14516128599643707,0.5280482769012451,0.4719517230987549,0.001173393102362752,0.9936491847038269,0.005177460610866547,0.44648221135139465,0.2603200674057007,0.2931976616382599,audio,text,0,0.041499730199575424,1.07010018825531,0.4888860583305359,0.03964105248451233,0.09134745597839355,1.26786470413208,1.017788290977478,0.25007641315460205,0.4224813295029213,0.5775186704970786,1
100,cXypl4FnoZo$_$19,0.800000011920929,-0.43742698431015015,0.0006221398361958563,0.9938487410545349,0.005529106594622135,-0.11364203691482544,-0.23431667685508728,-0.02720487117767334,0.9136420488357544,1.0343166589736938,0.8272048830986023,0.33623823523521423,0.28915897011756897,0.3746027946472168,audio,vision,0,0.15000000596046448,0.20779220759868622,0.22499999403953552,0.5272341370582581,0.47276586294174194,0.0006221398361958563,0.9938487410545349,0.005529106594622135,0.28451982140541077,0.33405083417892456,0.38142940402030945,audio,vision,1,0.03946392983198166,1.0915348529815674,0.4398652911186218,0.08493726700544357,0.20711180567741394,-0.2567652463912964,-0.5994246602058411,0.3426594138145447,0.605473448016721,0.394526551983279,0
348,lXPQBPVc5Cw$_$7,-2.799999952316284,-0.23574592173099518,0.0008820237708278,0.9921523928642273,0.006965561304241419,0.37252312898635864,0.1815817952156067,0.4006006121635437,3.172523021697998,2.981581687927246,3.2006006240844727,0.3091113865375519,0.3924379050731659,0.2984507083892822,audio,audio,1,0.20000000298023224,0.190476194024086,0.2467532455921173,0.532258927822113,0.46774107217788696,0.0008820237708278,0.9921523928642273,0.006965561304241419,0.30507102608680725,0.31016483902931213,0.3847641050815582,audio,vision,0,0.04861664026975632,1.0927762985229492,0.4546583592891693,0.0973060354590416,0.219018816947937,-0.052002087235450745,-0.3972172141075134,0.3452151417732239,0.39376368860923927,0.6062363113907608,1
255,fvVhgmXxadc$_$9,-0.4000000059604645,-0.20017731189727783,0.001140476088039577,0.9926882982254028,0.006171202287077904,0.33359402418136597,0.1437794715166092,0.2870960235595703,0.7335940599441528,0.5437794923782349,0.6870959997177124,0.3005145788192749,0.38098666071891785,0.318498820066452,audio,audio,1,0.23076923191547394,0.21212121844291687,0.125,0.5228608250617981,0.4771391749382019,0.001140476088039577,0.9926882982254028,0.006171202287077904,0.34111547470092773,0.3412911891937256,0.3175933063030243,audio,audio,1,0.04641132801771164,1.0980503559112549,0.43426474928855896,0.08078178018331528,0.18981455266475677,0.006217038258910179,-0.3885234594345093,0.394740492105484,0.37908691130719924,0.6209130886928007,1
179,etzxEpPuc6I$_$11,-1.600000023841858,-0.18871785700321198,0.0005592600209638476,0.9958676099777222,0.0035731694661080837,0.434281587600708,0.24473898112773895,0.4772558808326721,2.0342817306518555,1.8447389602661133,2.077255964279175,0.31103718280792236,0.3941931128501892,0.2947697341442108,audio,audio,1,0.2631579041481018,0.3333333432674408,0.16129031777381897,0.5334044694900513,0.46659553050994873,0.0005592600209638476,0.9958676099777222,0.0035731694661080837,0.31821781396865845,0.38264596462249756,0.2991361618041992,audio,audio,1,0.028444377705454826,1.0929667949676514,0.408814400434494,0.10101556777954102,0.23251689970493317,0.015674877911806107,-0.3675103783607483,0.3831852674484253,0.3824926413858212,0.6175073586141788,1
104,d3_k5Xpfmik$_$13,2.200000047683716,-0.4342581331729889,0.002340709324926138,0.9926678538322449,0.0049914042465388775,0.1982393115758896,-0.01469111442565918,0.19758255779743195,2.001760721206665,2.214691162109375,2.00241756439209,0.3615991473197937,0.27709850668907166,0.36130234599113464,audio,text,0,0.6666666865348816,0.2380952388048172,0.07999999821186066,0.5522791147232056,0.44772088527679443,0.002340709324926138,0.9926678538322449,0.0049914042465388775,0.554580569267273,0.24775147438049316,0.19766801595687866,audio,text,1,0.04793819412589073,0.9930967688560486,0.49661096930503845,0.10022193193435669,0.21293042600154877,-0.17531833052635193,-0.644175112247467,0.4688567817211151,0.6424631384820566,0.35753686151794345,0
383,nzpVDcQ0ywM$_$7,-1.0,-0.49520814418792725,0.0028290238697081804,0.9879633188247681,0.009207610040903091,-0.011752098798751831,-0.1206219345331192,-0.03674720227718353,0.9882478713989258,0.879378080368042,0.9632527828216553,0.31471094489097595,0.3605901002883911,0.32469895482063293,audio,audio,1,0.625,0.13636364042758942,0.25925925374031067,0.5525544881820679,0.44744551181793213,0.0028290238697081804,0.9879633188247681,0.009207610040903091,0.5127571225166321,0.20267334580421448,0.28456953167915344,audio,text,0,0.07172688096761703,1.023637294769287,0.523526668548584,0.046562228351831436,0.10886983573436737,-0.2408234030008316,-0.7012028098106384,0.460379421710968,0.35997463021568005,0.6400253697843199,1
442,phBUpBr1hSo$_$4,-0.800000011920929,-1.1565887928009033,0.0013670313637703657,0.9910518527030945,0.007581101730465889,-0.7252489328384399,-0.6591715812683105,-0.5524249076843262,0.07475107908248901,0.1408284306526184,0.24757510423660278,0.36677953600883484,0.3377021253108978,0.29551833868026733,audio,text,0,0.28125,0.0,0.1339285671710968,0.5223191380500793,0.47768086194992065,0.0013670313637703657,0.9910518527030945,0.007581101730465889,0.406658411026001,0.24433158338069916,0.34900999069213867,audio,text,1,0.05493536964058876,1.077609896659851,0.49781352281570435,0.0712033212184906,0.17282402515411377,-0.9842538237571716,-1.3141957521438599,0.32994192838668823,0.6016697832714074,0.39833021672859265,0
566,vyB00TXsimI$_$13,2.4000000953674316,-0.3325553834438324,0.0021595642901957035,0.9833287000656128,0.014511714689433575,0.2997360825538635,0.1580979824066162,0.05537618696689606,2.100264072418213,2.2419021129608154,2.3446238040924072,0.3884201645851135,0.32539504766464233,0.28618481755256653,audio,text,0,0.2222222238779068,0.1111111119389534,0.2857142984867096,0.5374996066093445,0.4625003933906555,0.0021595642901957035,0.9833287000656128,0.014511714689433575,0.321240097284317,0.26251479983329773,0.41624507308006287,audio,vision,0,0.09121178835630417,1.0807201862335205,0.4805426001548767,0.10018032044172287,0.24435989558696747,-0.1339094638824463,-0.5034835338592529,0.36957406997680664,0.6134808386584099,0.3865191613415901,0
625,yDtzw_Y-7RU$_$16,0.6000000238418579,0.3125281035900116,0.0011014299234375358,0.9920526742935181,0.00684591056779027,0.973729133605957,0.8777121305465698,0.97014319896698,0.3737291097640991,0.2777121067047119,0.37014317512512207,0.31928345561027527,0.35999876260757446,0.32071781158447266,audio,audio,1,0.29411765933036804,0.11627907305955887,0.20388349890708923,0.5284191966056824,0.4715808033943176,0.0011014299234375358,0.9920526742935181,0.00684591056779027,0.372322678565979,0.27059152722358704,0.35708579421043396,audio,text,0,0.049538370221853256,1.0892746448516846,0.48097413778305054,0.04444175586104393,0.09601700305938721,0.5601325631141663,0.09155671298503876,0.4685758352279663,0.6423824704699623,0.35761752953003767,0
316,k5Y_838nuGo$_$4,1.0,-0.664556086063385,0.002169904764741659,0.9894000887870789,0.00842998269945383,-0.1863953173160553,-0.2718437612056732,-0.19013993442058563,1.186395287513733,1.2718437910079956,1.190139889717102,0.345539391040802,0.310534805059433,0.343925803899765,audio,text,0,0.38461539149284363,0.11999999731779099,0.13333334028720856,0.5279328227043152,0.4720671772956848,0.002169904764741659,0.9894000887870789,0.00842998269945383,0.43315356969833374,0.2660455107688904,0.3008008897304535,audio,text,1,0.06411296129226685,1.0760252475738525,0.482236385345459,0.03942782059311867,0.08544844388961792,-0.4683508276939392,-0.8399990200996399,0.3716481924057007,0.6140954328210056,0.3859045671789944,0
554,vyB00TXsimI$_$22,0.6000000238418579,-0.408338725566864,0.000699163880199194,0.9953469634056091,0.003953869920223951,-0.10579726099967957,-0.20605847239494324,-0.0017221719026565552,0.7057973146438599,0.8060585260391235,0.6017221808433533,0.331000417470932,0.29201146960258484,0.3769880533218384,audio,vision,0,0.3333333432674408,0.3461538553237915,0.19354838132858276,0.5355564951896667,0.46444350481033325,0.000699163880199194,0.9953469634056091,0.003953869920223951,0.3398900628089905,0.3637278079986572,0.2963821589946747,audio,audio,0,0.03159904107451439,1.0950745344161987,0.42107948660850525,0.08342479169368744,0.20433630049228668,-0.21460677683353424,-0.5763462781906128,0.36173951625823975,0.6111560869473295,0.38884391305267046,0
81,cXypl4FnoZo$_$28,-2.200000047683716,-0.4997839033603668,0.0014422745443880558,0.9933470487594604,0.00521074328571558,-0.06910696625709534,-0.17429348826408386,-0.04836396872997284,2.1308929920196533,2.0257065296173096,2.1516361236572266,0.321035236120224,0.36614662408828735,0.31281808018684387,audio,audio,1,0.4545454680919647,0.2800000011920929,0.13333334028720856,0.5365694165229797,0.46343058347702026,0.0014422745443880558,0.9933470487594604,0.00521074328571558,0.42747774720191956,0.31392374634742737,0.2585984468460083,audio,text,0,0.0434584878385067,1.0767558813095093,0.45294880867004395,0.05512886121869087,0.12592951953411102,-0.2919655442237854,-0.6792749166488647,0.38730937242507935,0.3812757770581393,0.6187242229418608,1
561,vyB00TXsimI$_$6,2.0,0.8109040856361389,0.001036842935718596,0.9929293990135193,0.006033823825418949,1.2699507474899292,1.181815266609192,1.2659052610397339,0.7300492525100708,0.8181847333908081,0.7340947389602661,0.3459443747997284,0.30985623598098755,0.34419938921928406,audio,text,0,0.3478260934352875,0.17105263471603394,0.21739129722118378,0.5286198854446411,0.4713801145553589,0.001036842935718596,0.9929293990135193,0.006033823825418949,0.382399320602417,0.278902530670166,0.3386981785297394,audio,text,1,0.04500536620616913,1.0904154777526855,0.47601789236068726,0.04062751680612564,0.0881354808807373,0.9817147254943848,0.6585890650749207,0.3231256604194641,0.5996260139872936,0.40037398601270646,0
501,tStelxIAHjw$_$6,1.600000023841858,1.3662796020507812,0.001330009545199573,0.9891652464866638,0.009504759684205055,1.6143324375152588,1.5486905574798584,1.6040468215942383,0.014332413673400879,0.05130946636199951,0.004046797752380371,0.3369532525539398,0.3217332661151886,0.3413134217262268,audio,vision,0,0.4285714328289032,0.2142857164144516,0.4375,0.544715166091919,0.45528483390808105,0.001330009545199573,0.9891652464866638,0.009504759684205055,0.350961834192276,0.2378769963979721,0.4111611545085907,audio,vision,1,0.06383770704269409,1.074503779411316,0.5008587837219238,0.028827005997300148,0.06564188003540039,1.512215495109558,1.2443031072616577,0.2679123878479004,0.5829488291657312,0.41705117083426874,0
161,d6hH302o4v8$_$34,-3.0,-0.80942302942276,0.002056235447525978,0.9925352334976196,0.0054085152223706245,-0.38796767592430115,-0.41691210865974426,-0.23567859828472137,2.612032413482666,2.583087921142578,2.7643213272094727,0.3492225706577301,0.3620889484882355,0.2886884808540344,audio,audio,1,0.6000000238418579,0.1111111119389534,0.09090909361839294,0.5443463325500488,0.45565366744995117,0.002056235447525978,0.9925352334976196,0.0054085152223706245,0.5529830455780029,0.21707725524902344,0.22993969917297363,audio,text,0,0.04838975518941879,0.9971857070922852,0.516972005367279,0.07949516922235489,0.1812335103750229,-0.5746423006057739,-1.0059499740600586,0.43130767345428467,0.36838892121779687,0.6316110787822031,1
89,cXypl4FnoZo$_$6,-0.6000000238418579,-0.027316167950630188,0.0008784249657765031,0.9941408038139343,0.004980701953172684,0.7007890939712524,0.5269291400909424,0.6739192605018616,1.3007891178131104,1.1269291639328003,1.2739193439483643,0.30516597628593445,0.379244327545166,0.3155897259712219,audio,audio,1,0.2631579041481018,0.21568627655506134,0.13333334028720856,0.5274972915649414,0.4725027084350586,0.0008784249657765031,0.9941408038139343,0.004980701953172684,0.3533565402030945,0.3334764838218689,0.3131669759750366,audio,text,0,0.03843238949775696,1.0973998308181763,0.44044288992881775,0.07641653716564178,0.17385995388031006,0.21800832450389862,-0.24706418812274933,0.46507251262664795,0.3586241706139294,0.6413758293860705,1
177,dq3Nf_lMPnE$_$9,-0.800000011920929,0.46341654658317566,0.0010377384023740888,0.9936447143554688,0.0053175874054431915,1.0497955083847046,0.937542200088501,1.0534180402755737,1.8497955799102783,1.7375421524047852,1.8534181118011475,0.3178517818450928,0.36573243141174316,0.3164157569408417,audio,audio,1,0.375,0.15217390656471252,0.1785714328289032,0.5351483225822449,0.4648516774177551,0.0010377384023740888,0.9936447143554688,0.0053175874054431915,0.40747886896133423,0.2746434807777405,0.3178775906562805,audio,text,0,0.041311830282211304,1.0850534439086914,0.47933411598205566,0.05379088968038559,0.11587584018707275,0.7192020416259766,0.2412308305501938,0.4779711961746216,0.3549241015218788,0.6450758984781212,1
10,c7UH_rxdZv4$_$1,-2.799999952316284,0.12302841246128082,0.0006998300086706877,0.9945409893989563,0.004759150091558695,0.7727504968643188,0.6424516439437866,0.7409879565238953,3.5727505683898926,3.4424514770507812,3.540987968444824,0.310810923576355,0.36578965187072754,0.3233994245529175,audio,audio,1,0.25,0.3030303120613098,0.20512820780277252,0.5294131636619568,0.4705868363380432,0.0006998300086706877,0.9945409893989563,0.004759150091558695,0.3118370771408081,0.36026686429977417,0.3278960585594177,audio,audio,1,0.035978540778160095,1.0967992544174194,0.4228494167327881,0.05547375604510307,0.13029885292053223,0.3482212424278259,-0.07714188098907471,0.42536312341690063,0.37011956716880423,0.6298804328311958,1
532,v0zCBqDeKcE$_$3,0.6000000238418579,0.9302297234535217,0.0011287722736597061,0.9930028319358826,0.005868373904377222,1.3339781761169434,1.2544623613357544,1.3491504192352295,0.7339781522750854,0.6544623374938965,0.7491503953933716,0.3240739405155182,0.3579404056072235,0.3179856836795807,audio,audio,1,0.3571428656578064,0.1599999964237213,0.18333333730697632,0.5263481736183167,0.47365182638168335,0.0011287722736597061,0.9930028319358826,0.005868373904377222,0.3983369767665863,0.2784017026424408,0.3232612907886505,audio,text,0,0.044785913079977036,1.0876988172531128,0.47640079259872437,0.04152481257915497,0.0946880578994751,1.0728209018707275,0.8019143342971802,0.27090656757354736,0.4161415249835449,0.5838584750164552,1
417,pLTX3ipuDJI$_$16,-1.600000023841858,-0.15635231137275696,0.0009661014191806316,0.9935320615768433,0.005501816980540752,0.5966941118240356,0.39935269951820374,0.5722686052322388,2.1966941356658936,1.9993526935577393,2.1722686290740967,0.30204465985298157,0.38654637336730957,0.3114088773727417,audio,audio,1,0.3142857253551483,0.22772277891635895,0.18666666746139526,0.5343616008758545,0.4656383991241455,0.0009661014191806316,0.9935320615768433,0.005501816980540752,0.36185023188591003,0.31584396958351135,0.3223057985305786,audio,text,0,0.041778042912483215,1.0967743396759033,0.4517920911312103,0.08783832937479019,0.1973414123058319,0.0696650892496109,-0.3533020615577698,0.4229671359062195,0.37081805793300576,0.6291819420669943,1
214,f9O3YtZ2VfI$_$6,-2.5999999046325684,-1.6871140003204346,0.0012094546109437943,0.992143988609314,0.006646547466516495,-1.369917631149292,-1.1916699409484863,-1.1260088682174683,1.2300822734832764,1.408329963684082,1.4739910364151,0.3940926194190979,0.31537938117980957,0.2905280292034149,audio,text,0,0.4000000059604645,0.10526315867900848,0.22727273404598236,0.5428398251533508,0.45716017484664917,0.0012094546109437943,0.992143988609314,0.006646547466516495,0.41706812381744385,0.2421884983778,0.34074342250823975,audio,text,1,0.049273181706666946,1.0750142335891724,0.49997037649154663,0.10305073857307434,0.24390876293182373,-1.4719469547271729,-1.8683199882507324,0.39637303352355957,0.37860669705807676,0.6213933029419233,1
456,rnaNMUZpvvg$_$7,-0.4000000059604645,-0.06205008924007416,0.0008143289014697075,0.9944233298301697,0.0047623394057154655,0.6316473484039307,0.4479697644710541,0.6268481612205505,1.0316473245620728,0.8479697704315186,1.0268481969833374,0.30636221170425415,0.3854321539402008,0.30820560455322266,audio,audio,1,0.2222222238779068,0.1034482792019844,0.0882352963089943,0.5240071415901184,0.4759928584098816,0.0008143289014697075,0.9944233298301697,0.0047623394057154655,0.3698045611381531,0.3044152855873108,0.3257801830768585,audio,text,0,0.03681781888008118,1.0953075885772705,0.46000537276268005,0.08547773957252502,0.1836775839328766,0.20364777743816376,-0.303402304649353,0.507050096988678,0.3466465450970886,0.6533534549029115,1
112,d3_k5Xpfmik$_$1,2.0,0.31562089920043945,0.0009915641276165843,0.9925116300582886,0.006496826186776161,0.9370603561401367,0.8365597724914551,0.9245657920837402,1.0629396438598633,1.163440227508545,1.0754342079162598,0.3488638401031494,0.3076786696910858,0.34345752000808716,audio,text,0,0.2800000011920929,0.18571428954601288,0.2261904776096344,0.5280663967132568,0.47193360328674316,0.0009915641276165843,0.9925116300582886,0.006496826186776161,0.3459912836551666,0.29719239473342896,0.3568163216114044,audio,vision,0,0.047039009630680084,1.0955324172973633,0.46354615688323975,0.0447232723236084,0.10050058364868164,0.5323249697685242,0.12195216864347458,0.410372793674469,0.6255015166386124,0.3744984833613877,0
408,ob23OKe5a9Q$_$6,0.0,-0.48164206743240356,0.0009264128748327494,0.9938481450080872,0.005225407890975475,-0.1397673487663269,-0.24205484986305237,-0.03175397217273712,0.1397673487663269,0.24205484986305237,0.03175397217273712,0.33062952756881714,0.29094642400741577,0.3784240186214447,audio,vision,0,0.3199999928474426,0.19230769574642181,0.1746031790971756,0.5336007475852966,0.46639925241470337,0.0009264128748327494,0.9938481450080872,0.005225407890975475,0.3745529353618622,0.30253535509109497,0.32291164994239807,audio,text,0,0.040058571845293045,1.0945292711257935,0.4608752131462097,0.08586558699607849,0.21030087769031525,-0.27289241552352905,-0.6641018986701965,0.3912094831466675,0.6198736227704207,0.3801263772295792,0
663,zhpQhgha_KU$_$2,1.600000023841858,0.22397896647453308,0.0013468412216752768,0.9901825785636902,0.008470538072288036,0.931238055229187,0.8192986249923706,0.895197331905365,0.6687619686126709,0.7807013988494873,0.7048026919364929,0.353935569524765,0.3077201247215271,0.3383442759513855,audio,text,0,0.3125,0.125,0.25641027092933655,0.5347721576690674,0.4652278423309326,0.0013468412216752768,0.9901825785636902,0.008470538072288036,0.3656911849975586,0.25937551259994507,0.37493324279785156,audio,vision,0,0.059085965156555176,1.0857068300247192,0.48720473051071167,0.046654727309942245,0.1119394302368164,0.49708205461502075,-0.013608526438474655,0.5106905698776245,0.6543833720192297,0.34561662798077036,0
245,fvVhgmXxadc$_$13,0.20000000298023224,-0.037587448954582214,0.0015802014386281371,0.9912306070327759,0.007189203519374132,0.7240039110183716,0.5664148330688477,0.6788978576660156,0.5240039229393005,0.3664148449897766,0.4788978695869446,0.30527547001838684,0.371742308139801,0.32298219203948975,audio,audio,1,0.3499999940395355,0.2777777910232544,0.1846153885126114,0.5347026586532593,0.4652973413467407,0.0015802014386281371,0.9912306070327759,0.007189203519374132,0.36802175641059875,0.32961443066596985,0.3023637533187866,audio,text,0,0.054403405636548996,1.0953607559204102,0.44107744097709656,0.06626655161380768,0.15758907794952393,0.19060245156288147,-0.23615790903568268,0.42676037549972534,0.6302875146389154,0.36971248536108464,0
496,tStelxIAHjw$_$3,0.5,0.18573898077011108,0.0010137967765331268,0.9941944479942322,0.0047917719930410385,0.8547111749649048,0.752346396446228,0.8401150107383728,0.3547111749649048,0.252346396446228,0.3401150107383728,0.31696566939353943,0.3602324426174164,0.3228018879890442,audio,audio,1,0.4000000059604645,0.2666666805744171,0.1764705926179886,0.5368349552154541,0.4631650447845459,0.0010137967765331268,0.9941944479942322,0.0047917719930410385,0.3951529860496521,0.31452420353889465,0.29032278060913086,audio,text,0,0.03836997598409653,1.0897611379623413,0.45311349630355835,0.045209284871816635,0.10236477851867676,0.4425531029701233,-0.03583252429962158,0.4783856272697449,0.6451944918430272,0.35480550815697265,0
294,jUzDDGyPkXU$_$13,-0.6000000238418579,-1.6782304048538208,0.001009543426334858,0.9925748109817505,0.0064156013540923595,-1.3665435314178467,-1.188692569732666,-1.1554607152938843,0.7665435075759888,0.5886925458908081,0.5554606914520264,0.2816186845302582,0.35173138976097107,0.36664992570877075,audio,vision,0,0.2666666805744171,0.1764705926179886,0.19672131538391113,0.5275337100028992,0.47246628999710083,0.001009543426334858,0.9925748109817505,0.0064156013540923595,0.3487743139266968,0.3022140562534332,0.3490116596221924,audio,vision,1,0.0467541441321373,1.0963969230651855,0.46024054288864136,0.09267101436853409,0.2110828161239624,-1.5204319953918457,-1.8195568323135376,0.2991248369216919,0.5924024786333889,0.40759752136661104,0
282,jUzDDGyPkXU$_$23,1.2000000476837158,0.10748592019081116,0.0009425058378838003,0.9914301037788391,0.007627391256392002,0.7423760890960693,0.6327254772186279,0.6932781934738159,0.4576239585876465,0.5672745704650879,0.5067218542098999,0.3555697202682495,0.3100265860557556,0.33440372347831726,audio,text,0,0.2857142984867096,0.2631579041481018,0.3478260934352875,0.5408220887184143,0.4591779112815857,0.0009425058378838003,0.9914301037788391,0.007627391256392002,0.30313044786453247,0.30149421095848083,0.3953753709793091,audio,vision,0,0.05229068547487259,1.0901836156845093,0.4599573016166687,0.04484602063894272,0.1096506118774414,0.33553874492645264,-0.08613935112953186,0.4216780960559845,0.6288059239096109,0.37119407609038907,0
530,v0zCBqDeKcE$_$16,0.0,-0.13012057542800903,0.006839549168944359,0.9792344570159912,0.01392594538629055,0.4413880407810211,0.2887656092643738,-0.23535631597042084,0.4413880407810211,0.2887656092643738,0.23535631597042084,0.28539350628852844,0.34538063406944275,0.3692259192466736,audio,vision,0,0.4285714328289032,0.1666666716337204,0.0,0.5510936975479126,0.4489063024520874,0.006839549168944359,0.9792344570159912,0.01392594538629055,0.47636210918426514,0.2910197675228119,0.23261815309524536,audio,text,0,0.11416330933570862,1.051723837852478,0.45880982279777527,0.2898237407207489,0.6767443418502808,-0.020232804119586945,-0.21963225305080414,0.1993994414806366,0.5619917221618258,0.43800827783817425,0
527,v0zCBqDeKcE$_$12,-0.4000000059604645,-0.5795402526855469,0.0013075822498649359,0.9916417598724365,0.007050661835819483,-0.16487577557563782,-0.24473387002944946,-0.033359214663505554,0.23512423038482666,0.15526613593101501,0.3666408061981201,0.3385949432849884,0.3741389513015747,0.2872661054134369,audio,audio,1,0.4000000059604645,0.1230769231915474,0.23076923191547394,0.5406590104103088,0.45934098958969116,0.0013075822498649359,0.9916417598724365,0.007050661835819483,0.41396862268447876,0.24671654403209686,0.3393148183822632,audio,text,0,0.05193842947483063,1.0771299600601196,0.49661681056022644,0.08714813739061356,0.2113746553659439,-0.37920081615448,-0.7497475743293762,0.37054675817489624,0.6013720989906522,0.39862790100934786,0
482,tIrG4oNLFzE$_$5,0.4000000059604645,-0.19418372213840485,0.0007473898585885763,0.9935572743415833,0.005695320665836334,0.5007339715957642,0.2876471281051636,0.4886620044708252,0.10073396563529968,0.1123528778553009,0.08866199851036072,0.3332460820674896,0.3284410834312439,0.3383128345012665,audio,vision,0,0.1666666716337204,0.23333333432674408,0.1944444477558136,0.5273138880729675,0.47268611192703247,0.0007473898585885763,0.9935572743415833,0.005695320665836334,0.2924622893333435,0.3516670763492584,0.3558705747127533,audio,vision,1,0.041236355900764465,1.0947569608688354,0.42792677879333496,0.09772905707359314,0.21308684349060059,0.022037550806999207,-0.38800525665283203,0.41004282236099243,0.6254048856276045,0.37459511437239545,0
184,etzxEpPuc6I$_$14,-1.2000000476837158,-0.07361550629138947,0.000856923230458051,0.9937034249305725,0.005439587403088808,0.6602742671966553,0.4912363290786743,0.6436790227890015,1.860274314880371,1.6912363767623901,1.8436790704727173,0.30710259079933167,0.3793576657772064,0.31353968381881714,audio,audio,1,0.2800000011920929,0.18666666746139526,0.18888889253139496,0.5324305891990662,0.46756941080093384,0.000856923230458051,0.9937034249305725,0.005439587403088808,0.3541373908519745,0.3061464726924896,0.3397161364555359,audio,text,0,0.04069071263074875,1.0967752933502197,0.4583713412284851,0.07607598602771759,0.16903793811798096,0.19248469173908234,-0.3072991371154785,0.49978381395339966,0.3487065011857961,0.651293498814204,1
295,jUzDDGyPkXU$_$12,0.5,-0.8812125325202942,0.001345731201581657,0.993925154209137,0.004729124251753092,-0.47174009680747986,-0.5025160312652588,-0.3009291887283325,0.9717401266098022,1.0025160312652588,0.8009291887283325,0.31247255206108093,0.3006800413131714,0.38684743642807007,audio,vision,0,0.6000000238418579,0.23999999463558197,0.20000000298023224,0.553626537322998,0.44637346267700195,0.001345731201581657,0.993925154209137,0.004729124251753092,0.4933697581291199,0.2509346008300781,0.25569573044776917,audio,text,0,0.04027252271771431,1.0442062616348267,0.49532708525657654,0.08866965770721436,0.20158684253692627,-0.6672044396400452,-1.0537612438201904,0.38655680418014526,0.6185022803207271,0.3814977196792728,0
210,f9O3YtZ2VfI$_$2,1.25,1.42476224899292,0.0018682675436139107,0.9935457110404968,0.004585942253470421,1.6254271268844604,1.556187629699707,1.6010634899139404,0.37542712688446045,0.30618762969970703,0.35106348991394043,0.3203764259815216,0.34934014081954956,0.3302834630012512,audio,audio,1,0.5714285969734192,0.26923078298568726,0.06451612710952759,0.5298618674278259,0.4701381325721741,0.0018682675436139107,0.9935457110404968,0.004585942253470421,0.5038343667984009,0.28571125864982605,0.21045435965061188,audio,text,0,0.042865440249443054,1.031304121017456,0.4718896746635437,0.02867737039923668,0.06923949718475342,1.5284963846206665,1.3327206373214722,0.19577574729919434,0.4391235886326038,0.5608764113673962,1
345,lXPQBPVc5Cw$_$2,-2.200000047683716,0.5989242792129517,0.001149874646216631,0.9936119914054871,0.005238074343651533,1.1449322700500488,1.0173805952072144,1.1271719932556152,3.3449323177337646,3.2173805236816406,3.327172040939331,0.3129594922065735,0.36705559492111206,0.31998491287231445,audio,audio,1,0.3076923191547394,0.20000000298023224,0.0892857164144516,0.5215063691139221,0.4784936308860779,0.001149874646216631,0.9936119914054871,0.005238074343651533,0.3861446678638458,0.32657989859580994,0.287275493144989,audio,text,0,0.041659336537122726,1.0912251472473145,0.4446881413459778,0.05641021579504013,0.12755167484283447,0.7712916731834412,0.4407733678817749,0.33051830530166626,0.3981575589237102,0.6018424410762898,1
27,c7UH_rxdZv4$_$19,-1.7999999523162842,-1.4194031953811646,0.0015375278890132904,0.9921736717224121,0.006288756150752306,-1.04414963722229,-0.9357372522354126,-0.8870590329170227,0.7558503150939941,0.8642627000808716,0.9129409193992615,0.3710603415966034,0.32403427362442017,0.30490538477897644,audio,text,0,0.4444444477558136,0.20000000298023224,0.1666666716337204,0.5368070006370544,0.46319299936294556,0.0015375278890132904,0.9921736717224121,0.006288756150752306,0.4365134537220001,0.27614521980285645,0.2873413562774658,audio,text,1,0.049632713198661804,1.0755321979522705,0.4773523211479187,0.06565927714109421,0.15709060430526733,-1.2526439428329468,-1.5632941722869873,0.3106502294540405,0.404123528823454,0.595876471176546,1
489,tStelxIAHjw$_$10,-0.4000000059604645,-1.792737364768982,0.001588983926922083,0.990065336227417,0.008345610462129116,-1.464966058731079,-1.2402220964431763,-1.2027981281280518,1.064966082572937,0.8402221202850342,0.8027981519699097,0.2693859040737152,0.35676413774490356,0.3738500475883484,audio,vision,0,0.4444444477558136,0.1111111119389534,0.2857142984867096,0.5492757558822632,0.4507242441177368,0.001588983926922083,0.990065336227417,0.008345610462129116,0.4211394190788269,0.2258996218442917,0.3529609143733978,audio,text,0,0.06006785109639168,1.067833423614502,0.5094438791275024,0.11577872931957245,0.26216793060302734,-1.5774670839309692,-1.969383716583252,0.3919166326522827,0.6200818830150205,0.37991811698497946,0
540,vvZ4IcEtiZc$_$11,1.600000023841858,-0.3821715712547302,0.0012228632112964988,0.9930991530418396,0.005678032990545034,0.18990084528923035,-0.012801066040992737,0.17816686630249023,1.4100991487503052,1.6128010749816895,1.4218331575393677,0.3621070384979248,0.2810583710670471,0.3568345904350281,audio,text,0,0.3333333432674408,0.2916666567325592,0.15000000596046448,0.5316358804702759,0.4683641195297241,0.0012228632112964988,0.9930991530418396,0.005678032990545034,0.36276885867118835,0.34850582480430603,0.2887253761291504,audio,text,1,0.0444401316344738,1.0938814878463745,0.4297289252281189,0.0929124504327774,0.20270191133022308,-0.19339978694915771,-0.5484769940376282,0.35507720708847046,0.6091751941718327,0.39082480582816725,0
407,ob23OKe5a9Q$_$7,0.6000000238418579,-0.2930281162261963,0.0011721209157258272,0.9926481246948242,0.00617975415661931,0.31095951795578003,0.12123610079288483,0.34240034222602844,0.2890405058860779,0.4787639379501343,0.25759968161582947,0.35348764061927795,0.27885568141937256,0.3676566481590271,audio,vision,0,0.38235294818878174,0.2083333283662796,0.21551723778247833,0.5404881238937378,0.4595118761062622,0.0011721209157258272,0.9926481246948242,0.00617975415661931,0.39122116565704346,0.2865774631500244,0.32220134139060974,audio,text,0,0.04666851833462715,1.090221643447876,0.4707137942314148,0.0976940467953682,0.22116424143314362,-0.09505368769168854,-0.461341917514801,0.3662882447242737,0.6125064542239309,0.38749354577606915,0
583,wMbj6ajWbic$_$29,1.7999999523162842,0.853104829788208,0.0008266862132586539,0.9956117868423462,0.0035615349188447,1.2780972719192505,1.18311607837677,1.2788010835647583,0.5219026803970337,0.6168838739395142,0.5211988687515259,0.34614884853363037,0.30739766359329224,0.3464534878730774,audio,vision,0,0.3888888955116272,0.2631579041481018,0.08888889104127884,0.5230435729026794,0.47695642709732056,0.0008266862132586539,0.9956117868423462,0.0035615349188447,0.40893903374671936,0.3322748839855194,0.2587861120700836,audio,text,0,0.030324820429086685,1.0815818309783936,0.4422245919704437,0.04494137316942215,0.09568500518798828,0.9833446145057678,0.7343408465385437,0.24900376796722412,0.5771914920185233,0.4228085079814767,0
504,tmZoasNr4rU$_$11,-0.6000000238418579,-0.265708863735199,0.0007810131064616144,0.9940151572227478,0.005203852429986,0.3195485472679138,0.1404757797718048,0.39907246828079224,0.9195485711097717,0.7404757738113403,0.9990724921226501,0.31683188676834106,0.39631614089012146,0.2868519723415375,audio,audio,1,0.4000000059604645,0.2631579041481018,0.31111112236976624,0.5502958297729492,0.4497041702270508,0.0007810131064616144,0.9940151572227478,0.005203852429986,0.361781507730484,0.288539320230484,0.349679172039032,audio,text,0,0.038918670266866684,1.09388267993927,0.47031721472740173,0.10814771801233292,0.2585966885089874,-0.0320446640253067,-0.45666027069091797,0.42461562156677246,0.37033743032081895,0.629662569679181,1
278,jUzDDGyPkXU$_$27,-2.0,-0.47549185156822205,0.0005987639888189733,0.9948247671127319,0.004576457664370537,-0.1338510811328888,-0.23362794518470764,0.02558550238609314,1.8661489486694336,1.7663720846176147,2.025585412979126,0.3387373089790344,0.3837325870990753,0.27753007411956787,audio,audio,1,0.25,0.2857142984867096,0.23999999463558197,0.534471333026886,0.465528666973114,0.0005987639888189733,0.9948247671127319,0.004576457664370537,0.3076326251029968,0.34483057260513306,0.3475368320941925,audio,vision,0,0.034257613122463226,1.0971006155014038,0.4333295226097107,0.1067536473274231,0.2592134475708008,-0.3025314211845398,-0.6261417269706726,0.3236103057861328,0.4002285559565392,0.5997714440434607,1
172,dq3Nf_lMPnE$_$2,-1.399999976158142,-0.2821168899536133,0.0007940615760162473,0.9927133917808533,0.0064924792386591434,0.34086835384368896,0.12800921499729156,0.383661687374115,1.740868330001831,1.5280091762542725,1.7836616039276123,0.3074325919151306,0.4011477828025818,0.2914196252822876,audio,audio,1,0.23076923191547394,0.25,0.28947368264198303,0.5399956703186035,0.4600043296813965,0.0007940615760162473,0.9927133917808533,0.0064924792386591434,0.2948590815067291,0.3232830762863159,0.38185784220695496,audio,vision,0,0.04563160240650177,1.0927760601043701,0.4462869167327881,0.11180264502763748,0.2556524872779846,-0.08154226839542389,-0.4529797434806824,0.3714374899864197,0.3859669893807721,0.6140330106192279,1
659,zhpQhgha_KU$_$28,1.399999976158142,-0.3563602566719055,0.0010009793331846595,0.9939311742782593,0.005067880731076002,0.10235737264156342,-0.020736634731292725,0.10162074863910675,1.2976425886154175,1.42073655128479,1.2983791828155518,0.35008299350738525,0.3001561760902405,0.34976083040237427,audio,text,0,0.27272728085517883,0.25,0.11764705926179886,0.5207106471061707,0.47928935289382935,0.0010009793331846595,0.9939311742782593,0.005067880731076002,0.3538671135902405,0.3483707010746002,0.2977622151374817,audio,text,1,0.03974679484963417,1.095689058303833,0.4303736686706543,0.05785422772169113,0.12309400737285614,-0.17545190453529358,-0.5228777527809143,0.3474258482456207,0.6068957796209201,0.3931042203790799,0
43,cM3Yna7AavY$_$5,2.799999952316284,-0.3430823087692261,0.0008127895416691899,0.9910070300102234,0.008180145174264908,0.17910146713256836,0.04872117191553116,0.21255405247211456,2.620898485183716,2.751278877258301,2.5874459743499756,0.34574395418167114,0.2937481999397278,0.36050790548324585,audio,vision,0,0.1666666716337204,0.1627907007932663,0.32692307233810425,0.5351452827453613,0.46485471725463867,0.0008127895416691899,0.9910070300102234,0.008180145174264908,0.27660468220710754,0.28477010130882263,0.4386252164840698,audio,vision,1,0.054049570113420486,1.0746502876281738,0.470824658870697,0.0706787034869194,0.1638328731060028,-0.15066733956336975,-0.5102238655090332,0.35955652594566345,0.6105074259561614,0.3894925740438387,0
589,wMbj6ajWbic$_$7,-1.2000000476837158,-0.6824374198913574,0.0011060376418754458,0.9934679865837097,0.005425961222499609,-0.21233513951301575,-0.2704344391822815,-0.06545470654964447,0.9876649379730225,0.9295656085014343,1.1345453262329102,0.34392693638801575,0.36983364820480347,0.2862394452095032,audio,audio,1,0.3076923191547394,0.18518517911434174,0.11764705926179886,0.5268620252609253,0.4731379747390747,0.0011060376418754458,0.9934679865837097,0.005425961222499609,0.38333749771118164,0.3153371512889862,0.30132535099983215,audio,text,0,0.04234423488378525,1.092953085899353,0.45208725333213806,0.08625935763120651,0.20497973263263702,-0.5169850587844849,-0.8310186266899109,0.314033567905426,0.40310552567073443,0.5968944743292655,1
155,d6hH302o4v8$_$18,-2.0,-0.6896441578865051,0.002828564727678895,0.9847694635391235,0.012401940301060677,-0.3540119230747223,-0.3425026535987854,-0.5328823924064636,1.6459881067276,1.6574974060058594,1.4671175479888916,0.3089974522590637,0.304583877325058,0.3864187002182007,audio,vision,0,0.4545454680919647,0.27586206793785095,0.3142857253551483,0.5487065315246582,0.4512934684753418,0.002828564727678895,0.9847694635391235,0.012401940301060677,0.38973918557167053,0.27562636137008667,0.3346345126628876,audio,text,0,0.0861552283167839,1.088774561882019,0.4727621078491211,0.08715984970331192,0.19037973880767822,-0.49936944246292114,-0.8461389541625977,0.3467695116996765,0.393299967998348,0.606700032001652,1
148,d6hH302o4v8$_$13,-2.0,0.8425846099853516,0.0012341312831267715,0.9920108914375305,0.006754917558282614,1.3262406587600708,1.217458963394165,1.2767528295516968,3.3262405395507812,3.217458963394165,3.2767529487609863,0.31157806515693665,0.356961190700531,0.33146074414253235,audio,audio,1,0.25,0.10526315867900848,0.12121212482452393,0.5158894062042236,0.48411059379577637,0.0012341312831267715,0.9920108914375305,0.006754917558282614,0.37580013275146484,0.2911445200443268,0.3330553472042084,audio,text,0,0.04998014122247696,1.0932248830795288,0.4672442674636841,0.04447004571557045,0.10878169536590576,0.9862655401229858,0.707754373550415,0.2785111665725708,0.41383379149754107,0.5861662085024589,1
352,lXPQBPVc5Cw$_$11,-1.7999999523162842,-1.2347768545150757,0.0021853239741176367,0.9880071878433228,0.00980746652930975,-0.8178277015686035,-0.7450399398803711,-0.8031557202339172,0.9821722507476807,1.054960012435913,0.9968442320823669,0.34543997049331665,0.3153976500034332,0.33916234970092773,audio,text,0,0.5,0.2857142984867096,0.3333333432674408,0.5454171299934387,0.4545828700065613,0.0021853239741176367,0.9880071878433228,0.00980746652930975,0.400298148393631,0.2709672749042511,0.3287345767021179,audio,text,1,0.07066358625888824,1.0860273838043213,0.4780266284942627,0.03143027797341347,0.07278776168823242,-1.0550601482391357,-1.3845633268356323,0.3295031785964966,0.3984616643084014,0.6015383356915986,1
340,lXPQBPVc5Cw$_$23,-2.4000000953674316,-0.010208994150161743,0.002049025148153305,0.987286388874054,0.010664609260857105,0.7127728462219238,0.6351281404495239,0.5739171504974365,3.1127729415893555,3.035128116607666,2.973917245864868,0.303816020488739,0.33478161692619324,0.3614024221897125,audio,vision,0,0.2666666805744171,0.08695652335882187,0.1785714328289032,0.524656355381012,0.47534364461898804,0.002049025148153305,0.987286388874054,0.010664609260857105,0.37325042486190796,0.2678905129432678,0.35885903239250183,audio,text,0,0.0737428069114685,1.0884675979614258,0.479597270488739,0.05681978166103363,0.1388556957244873,0.19688302278518677,-0.19783633947372437,0.39471936225891113,0.37909312990094207,0.620906870099058,1
313,k5Y_838nuGo$_$3,0.800000011920929,-0.6708711981773376,0.0011798717314377427,0.9931012392044067,0.005718939937651157,-0.2837890684604645,-0.3613930344581604,-0.18520383536815643,1.0837891101837158,1.1613930463790894,0.9852038621902466,0.32908836007118225,0.2986645996570587,0.3722470700740814,audio,vision,0,0.3571428656578064,0.17777778208255768,0.1489361673593521,0.5320450663566589,0.46795493364334106,0.0011798717314377427,0.9931012392044067,0.005718939937651157,0.4028238356113434,0.2918398976325989,0.30533623695373535,audio,text,0,0.04436244070529938,1.0879185199737549,0.467507541179657,0.0720987468957901,0.17618919909000397,-0.4820336103439331,-0.8369614481925964,0.35492783784866333,0.6091307408349758,0.3908692591650242,0
440,phBUpBr1hSo$_$2,2.200000047683716,-0.6445142030715942,0.002146027283743024,0.9891175627708435,0.008736426010727882,-0.13704931735992432,-0.21602514386177063,-0.04619394242763519,2.3370494842529297,2.416025161743164,2.2461938858032227,0.3304401636123657,0.2993777096271515,0.3701820969581604,audio,vision,0,0.4285714328289032,0.05000000074505806,0.1666666716337204,0.5357524752616882,0.46424752473831177,0.002146027283743024,0.9891175627708435,0.008736426010727882,0.4605133533477783,0.22626689076423645,0.31321975588798523,audio,text,0,0.06542135030031204,1.0569311380386353,0.5085670948028564,0.06938981264829636,0.16983120143413544,-0.4433445930480957,-0.8188343644142151,0.3754897713661194,0.6152327899431086,0.3847672100568913,0
409,ob23OKe5a9Q$_$9,-1.399999976158142,-0.30470144748687744,0.0010792763205245137,0.9921934604644775,0.00672720605507493,0.3205219805240631,0.13802500069141388,0.3570108711719513,1.7205219268798828,1.5380250215530396,1.757010817527771,0.31136631965637207,0.3911500573158264,0.29748356342315674,audio,audio,1,0.30000001192092896,0.20529800653457642,0.2278480976819992,0.5344128012657166,0.46558719873428345,0.0010792763205245137,0.9921934604644775,0.00672720605507493,0.35130858421325684,0.2999683618545532,0.3487231433391571,audio,text,0,0.04879577085375786,1.096057653427124,0.4614834487438202,0.09579573571681976,0.21898587048053741,-0.10948151350021362,-0.47477948665618896,0.36529797315597534,0.3877873738988245,0.6122126261011754,1
273,iiK8YX8oH1E$_$9,0.4000000059604645,-0.5559024810791016,0.001259115058928728,0.9927802681922913,0.005960604641586542,-0.11284291744232178,-0.21237334609031677,-0.09602920711040497,0.5128428936004639,0.6123733520507812,0.49602919816970825,0.34432244300842285,0.30404189229011536,0.35163572430610657,audio,vision,0,0.2857142984867096,0.24137930572032928,0.11764705926179886,0.520415723323822,0.479584276676178,0.001259115058928728,0.9927802681922913,0.005960604641586542,0.3595621585845947,0.34489837288856506,0.29553940892219543,audio,text,0,0.0461348257958889,1.095179557800293,0.43192124366760254,0.05134303495287895,0.1163441389799118,-0.3836851119995117,-0.714607834815979,0.3309227228164673,0.601963572096992,0.39803642790300797,0
309,k5Y_838nuGo$_$23,-0.20000000298023224,-0.21953541040420532,0.00268744514323771,0.9850438833236694,0.01226863544434309,0.48691415786743164,0.28296107053756714,0.22012118995189667,0.6869141459465027,0.4829610586166382,0.4201211929321289,0.2712806761264801,0.35005682706832886,0.37866249680519104,audio,vision,0,0.3333333432674408,0.1818181872367859,0.2142857164144516,0.5383087992668152,0.4616912007331848,0.00268744514323771,0.9850438833236694,0.01226863544434309,0.3751217722892761,0.2861306369304657,0.33874762058258057,audio,text,0,0.08474181592464447,1.0925401449203491,0.4659422039985657,0.11388307809829712,0.2667929530143738,-0.028117425739765167,-0.3837088346481323,0.35559141635894775,0.5036956372076584,0.4963043627923417,0
82,cXypl4FnoZo$_$29,-1.399999976158142,0.3755180835723877,0.00663671875372529,0.9827133417129517,0.010650000534951687,0.732047438621521,0.6282273530960083,0.13902559876441956,2.132047414779663,2.0282273292541504,1.5390255451202393,0.23600563406944275,0.26870954036712646,0.4952848553657532,audio,vision,0,0.5714285969734192,0.20000000298023224,0.0,0.5516068935394287,0.4483931064605713,0.00663671875372529,0.9827133417129517,0.010650000534951687,0.5403488874435425,0.2616726756095886,0.1979784518480301,audio,text,0,0.09879480302333832,1.0040661096572876,0.4806937575340271,0.25857987999916077,0.5930218696594238,0.4343023896217346,0.32773321866989136,0.10656917095184326,0.4667462942722455,0.5332537057277545,1
154,d6hH302o4v8$_$19,-2.799999952316284,-0.8896857500076294,0.0010757482377812266,0.9922566413879395,0.006667580921202898,-0.4914352595806122,-0.4930438697338104,-0.42854446172714233,2.3085646629333496,2.3069560527801514,2.371455430984497,0.34171563386917114,0.3424033522605896,0.3158809542655945,audio,audio,1,0.3333333432674408,0.36666667461395264,0.29729729890823364,0.5308547616004944,0.4691452383995056,0.0010757482377812266,0.9922566413879395,0.006667580921202898,0.31502026319503784,0.3489261865615845,0.3360535204410553,audio,audio,1,0.04847364127635956,1.0977294445037842,0.4288869798183441,0.03003334440290928,0.06449940800666809,-0.7484301924705505,-1.0145210027694702,0.2660908102989197,0.4176048514297405,0.5823951485702595,1
344,lXPQBPVc5Cw$_$3,-2.4000000953674316,0.5579614639282227,0.0010266713798046112,0.9934357404708862,0.005537634715437889,1.060392141342163,0.9762146472930908,1.0427255630493164,3.4603922367095947,3.3762147426605225,3.442725658416748,0.3191538453102112,0.35456618666648865,0.32627999782562256,audio,audio,1,0.375,0.1538461595773697,0.19354838132858276,0.5301628708839417,0.46983712911605835,0.0010266713798046112,0.9934357404708862,0.005537634715437889,0.40313205122947693,0.2726275622844696,0.3242403566837311,audio,text,0,0.04238220676779747,1.0857441425323486,0.4805387854576111,0.03624248504638672,0.08417749404907227,0.7496306300163269,0.38810181617736816,0.36152881383895874,0.38890650075061267,0.6110934992493874,1
503,tStelxIAHjw$_$8,-2.0,-0.08049716055393219,0.0007463116198778152,0.9938336610794067,0.005419992376118898,0.5570064783096313,0.35800081491470337,0.5314522385597229,2.557006359100342,2.3580007553100586,2.531452178955078,0.30166929960250854,0.38686975836753845,0.311460942029953,audio,audio,1,0.2222222238779068,0.27272728085517883,0.23076923191547394,0.5322673916816711,0.46773260831832886,0.0007463116198778152,0.9938336610794067,0.005419992376118898,0.3011583983898163,0.3463667333126068,0.3524748682975769,audio,vision,0,0.03980066627264023,1.096216082572937,0.43164461851119995,0.08840669691562653,0.19900566339492798,0.13939513266086578,-0.273728609085083,0.4131237268447876,0.37369332399670346,0.6263066760032966,1
254,fvVhgmXxadc$_$6,-0.20000000298023224,-0.3697708249092102,0.0012805360602214932,0.991378664970398,0.007340831682085991,0.10455220937728882,-0.06889303028583527,0.12451943755149841,0.30455219745635986,0.13110697269439697,0.32451945543289185,0.3108048141002655,0.3860517740249634,0.3031434118747711,audio,audio,1,0.3199999928474426,0.18333333730697632,0.2222222238779068,0.5336138010025024,0.46638619899749756,0.0012805360602214932,0.991378664970398,0.007340831682085991,0.3665531277656555,0.2877653241157532,0.3456815779209137,audio,text,0,0.05318809673190117,1.093516230583191,0.4690755605697632,0.08685257285833359,0.19341246783733368,-0.184586301445961,-0.5316247940063477,0.34703850746154785,0.597549222056065,0.40245077794393513,0
334,lXPQBPVc5Cw$_$25,-2.4000000953674316,-0.45745471119880676,0.0014558931579813361,0.9908310174942017,0.007713071536272764,-0.03378498554229736,-0.154911607503891,0.06775785237550735,2.366215229034424,2.245088577270508,2.4677579402923584,0.3284861743450165,0.38218432664871216,0.28932952880859375,audio,audio,1,0.43478259444236755,0.1355932205915451,0.26829269528388977,0.5458686947822571,0.4541313052177429,0.0014558931579813361,0.9908310174942017,0.007713071536272764,0.4176829755306244,0.23825299739837646,0.34406405687332153,audio,text,0,0.056159742176532745,1.0734976530075073,0.5017186999320984,0.09102154523134232,0.22266945242881775,-0.24777065217494965,-0.6318997740745544,0.3841291069984436,0.3822140131347499,0.6177859868652502,1
505,tmZoasNr4rU$_$10,-1.7999999523162842,-0.042894959449768066,0.001779785961844027,0.9880409240722656,0.01017926074564457,0.8289345502853394,0.6902498006820679,0.7990953326225281,2.628934383392334,2.4902496337890625,2.599095344543457,0.3098572790622711,0.3685099184513092,0.3216328024864197,audio,audio,1,0.4166666567325592,0.11999999731779099,0.3214285671710968,0.547566294670105,0.452433705329895,0.001779785961844027,0.9880409240722656,0.01017926074564457,0.3965415954589844,0.22730982303619385,0.3761485815048218,audio,text,0,0.06985192000865936,1.071324110031128,0.507154107093811,0.059601616114377975,0.13868474960327148,0.2729983925819397,-0.3039059042930603,0.576904296875,0.3271441160938146,0.6728558839061854,1
195,etzxEpPuc6I$_$6,0.4000000059604645,0.4558466374874115,0.001306580496020615,0.9930092096328735,0.00568426912650466,1.0333430767059326,0.9438889026641846,1.0349076986312866,0.6333431005477905,0.5438889265060425,0.6349077224731445,0.3208876848220825,0.3588515818119049,0.3202607333660126,audio,audio,1,0.5,0.1388888955116272,0.20930232107639313,0.5429871082305908,0.4570128917694092,0.001306580496020615,0.9930092096328735,0.00568426912650466,0.46382033824920654,0.23647741973400116,0.2997022867202759,audio,text,0,0.0450303889811039,1.0584421157836914,0.5043545365333557,0.04254265874624252,0.09101879596710205,0.7115488052368164,0.24063120782375336,0.47091758251190186,0.4525866367155963,0.5474133632844037,1
84,cXypl4FnoZo$_$3,1.7999999523162842,1.2183949947357178,0.0012034167302772403,0.9897729754447937,0.009023611433804035,1.626519799232483,1.51466703414917,1.6478888988494873,0.17348015308380127,0.28533291816711426,0.15211105346679688,0.34523358941078186,0.3001869022846222,0.35457950830459595,audio,vision,0,0.4285714328289032,0.1818181872367859,0.4285714328289032,0.5500853061676025,0.44991469383239746,0.0012034167302772403,0.9897729754447937,0.009023611433804035,0.3562764823436737,0.23147009313106537,0.4122534394264221,audio,vision,1,0.06074696406722069,1.071710467338562,0.5055353045463562,0.05841972306370735,0.13322186470031738,1.4172179698944092,1.0557777881622314,0.36144018173217773,0.611067168737823,0.388932831262177,0
415,pLTX3ipuDJI$_$15,-1.399999976158142,-0.4237822890281677,0.0019349080976098776,0.9895185828208923,0.008546525612473488,-0.06954428553581238,-0.18392112851142883,-0.17615561187267303,1.3304556608200073,1.2160788774490356,1.2238444089889526,0.3033752143383026,0.35000288486480713,0.34662187099456787,audio,audio,1,0.36000001430511475,0.1666666716337204,0.1666666716337204,0.5302705764770508,0.4697294235229492,0.0019349080976098776,0.9895185828208923,0.008546525612473488,0.40291303396224976,0.28245607018470764,0.314630925655365,audio,text,0,0.06321552395820618,1.087177038192749,0.4713749885559082,0.05218379944562912,0.11437684297561646,-0.224873885512352,-0.5999813079833984,0.37510740756988525,0.3848803539951496,0.6151196460048504,1
33,cM3Yna7AavY$_$11,2.0,0.22196155786514282,0.006534213665872812,0.9756380319595337,0.01782776415348053,1.0498154163360596,0.9012812376022339,0.7750476002693176,0.9501845836639404,1.0987187623977661,1.2249524593353271,0.393722265958786,0.3270058333873749,0.2792719006538391,audio,text,0,0.4444444477558136,0.07999999821186066,0.13333334028720856,0.5364418029785156,0.4635581970214844,0.006534213665872812,0.9756380319595337,0.01782776415348053,0.4773973226547241,0.2325357049703598,0.2900669276714325,audio,text,1,0.12872682511806488,1.0511925220489502,0.4954015612602234,0.11229657381772995,0.27476781606674194,0.3460385203361511,0.11474230885505676,0.23129621148109436,0.5717807454508613,0.42821925454913856,0
300,jUzDDGyPkXU$_$19,2.200000047683716,-1.1102232933044434,0.0013346412451937795,0.9942328333854675,0.004432495683431625,-0.7102597951889038,-0.6750874519348145,-0.5219365954399109,2.91025972366333,2.8750874996185303,2.7219367027282715,0.30208146572113037,0.3156587779521942,0.3822598159313202,audio,vision,0,0.5,0.22857142984867096,0.09756097197532654,0.5396718978881836,0.4603281021118164,0.0013346412451937795,0.9942328333854675,0.004432495683431625,0.4706268906593323,0.2867009937763214,0.2426721155643463,audio,text,0,0.03860337287187576,1.056520938873291,0.4716878831386566,0.08175703138113022,0.18832319974899292,-0.9177123308181763,-1.2744308710098267,0.3567185401916504,0.609663546939473,0.39033645306052706,0
169,dq3Nf_lMPnE$_$14,-1.7999999523162842,0.1506822407245636,0.0007275612442754209,0.9943602681159973,0.004912153817713261,0.8173718452453613,0.6998915672302246,0.8009479641914368,2.6173717975616455,2.499891519546509,2.600947856903076,0.31457197666168213,0.3643311858177185,0.32109689712524414,audio,audio,1,0.2666666805744171,0.1875,0.18965516984462738,0.528626561164856,0.47137343883514404,0.0007275612442754209,0.9943602681159973,0.004912153817713261,0.3470790684223175,0.3097926378250122,0.3431282937526703,audio,text,0,0.036994218826293945,1.0973386764526367,0.45637843012809753,0.05194414034485817,0.11748027801513672,0.4199299216270447,-0.08940444886684418,0.50933438539505,0.3460001387759428,0.6539998612240572,1
515,tmZoasNr4rU$_$1,0.0,0.22428177297115326,0.0016147857531905174,0.989927351474762,0.008457878604531288,0.9267504215240479,0.7811284065246582,0.9045230150222778,0.9267504215240479,0.7811284065246582,0.9045230150222778,0.30980655550956726,0.3716585338115692,0.3185350000858307,audio,audio,1,0.3636363744735718,0.12765957415103912,0.22807016968727112,0.5372791290283203,0.4627208709716797,0.0016147857531905174,0.989927351474762,0.008457878604531288,0.3951759338378906,0.25866660475730896,0.3461574614048004,audio,text,0,0.06076901778578758,1.0838890075683594,0.4875071942806244,0.06405384838581085,0.14562201499938965,0.47425395250320435,0.008998237550258636,0.4652557075023651,0.35857149870224564,0.6414285012977544,1
85,cXypl4FnoZo$_$2,1.0,1.1300947666168213,0.0008414821932092309,0.9952182173728943,0.003940214402973652,1.4274773597717285,1.3568975925445557,1.432212233543396,0.4274773597717285,0.35689759254455566,0.432212233543396,0.3240091800689697,0.3538936674594879,0.32209721207618713,audio,audio,1,0.2857142984867096,0.22580644488334656,0.054054055362939835,0.5109691619873047,0.4890308380126953,0.0008414821932092309,0.9952182173728943,0.003940214402973652,0.37653011083602905,0.34990736842155457,0.2735625207424164,audio,text,0,0.0325433723628521,1.0898103713989258,0.4302072525024414,0.034441955387592316,0.07531464099884033,1.24082612991333,1.0241177082061768,0.21670842170715332,0.4326897123436435,0.5673102876563565,1
637,yvsjCA6Y5Fc$_$7,-1.7999999523162842,-0.7003155946731567,0.0012506230268627405,0.9948179125785828,0.003931420389562845,-0.3869269788265228,-0.45406296849250793,-0.27887439727783203,1.413072943687439,1.3459370136260986,1.5211255550384521,0.3377009332180023,0.3672638535499573,0.2950352728366852,audio,audio,1,0.5,0.25,0.0714285746216774,0.5395234823226929,0.46047651767730713,0.0012506230268627405,0.9948179125785828,0.003931420389562845,0.47038888931274414,0.298965185880661,0.23064588010311127,audio,text,0,0.03530309721827507,1.0540720224380493,0.4639018476009369,0.07216773182153702,0.1751885712146759,-0.46984314918518066,-0.8970209956169128,0.4271778464317322,0.3695908877507655,0.6304091122492346,1
396,nzpVDcQ0ywM$_$18,1.2000000476837158,-0.07673616707324982,0.0013976613990962505,0.9877544045448303,0.01084794569760561,0.6751779913902283,0.5406882762908936,0.6564429402351379,0.5248220562934875,0.6593117713928223,0.5435571074485779,0.35434457659721375,0.2995128929615021,0.34614259004592896,audio,text,0,0.25,0.06666667014360428,0.3055555522441864,0.5375193357467651,0.46248066425323486,0.0013976613990962505,0.9877544045448303,0.01084794569760561,0.33167535066604614,0.24131985008716583,0.4270048141479492,audio,vision,0,0.07043077051639557,1.0724685192108154,0.4976230561733246,0.059477005153894424,0.13448971509933472,0.19276513159275055,-0.3086146116256714,0.5013797283172607,0.6517464226570789,0.3482535773429211,0
563,vyB00TXsimI$_$8,2.5999999046325684,-0.6289534568786621,0.0006288847653195262,0.9943771958351135,0.004993895068764687,-0.3248305022716522,-0.3939478099346161,-0.1559315174818039,2.924830436706543,2.993947744369507,2.7559313774108887,0.31722909212112427,0.29097214341163635,0.3917987048625946,audio,vision,0,0.20000000298023224,0.18000000715255737,0.20338982343673706,0.5292543172836304,0.47074568271636963,0.0006288847653195262,0.9943771958351135,0.004993895068764687,0.3158431649208069,0.31747403740882874,0.36668282747268677,audio,vision,1,0.036708153784275055,1.0961464643478394,0.4512687921524048,0.09997545927762985,0.2380162924528122,-0.4431788921356201,-0.7941908240318298,0.3510119318962097,0.6079646953658,0.3920353046342,0
661,zhpQhgha_KU$_$1,-1.600000023841858,0.2371433973312378,0.001021824893541634,0.9945688247680664,0.00440932484343648,0.8206973075866699,0.7349230051040649,0.7940664887428284,2.4206972122192383,2.334923028945923,2.394066572189331,0.3177604079246521,0.3537234961986542,0.3285160958766937,audio,audio,1,0.3888888955116272,0.26923078298568726,0.125,0.5300737619400024,0.46992623805999756,0.001021824893541634,0.9945688247680664,0.00440932484343648,0.3997078537940979,0.32830488681793213,0.2719871997833252,audio,text,0,0.03636915981769562,1.0863381624221802,0.44417595863342285,0.03584592789411545,0.08577430248260498,0.4602915048599243,0.03931594640016556,0.42097556591033936,0.371399072542208,0.6286009274577921,1
648,yvsjCA6Y5Fc$_$16,-1.7999999523162842,-0.573210597038269,0.000936986762098968,0.9921770691871643,0.0068859499879181385,-0.28303098678588867,-0.3112208843231201,-0.21636365354061127,1.5169689655303955,1.488779067993164,1.5836362838745117,0.33830535411834717,0.3504388928413391,0.31125572323799133,audio,audio,1,0.20000000298023224,0.1746031790971756,0.2149122804403305,0.5215660333633423,0.4784339666366577,0.000936986762098968,0.9921770691871643,0.0068859499879181385,0.31626030802726746,0.3103642165660858,0.37337547540664673,audio,vision,0,0.04860582575201988,1.0950430631637573,0.4545419216156006,0.03977310284972191,0.09485723078250885,-0.40102893114089966,-0.7311533689498901,0.3301244378089905,0.39827554199417925,0.6017244580058209,1
36,cM3Yna7AavY$_$12,-1.0,-1.6808925867080688,0.001875880523584783,0.9909921884536743,0.007131914608180523,-1.4971107244491577,-1.2466931343078613,-1.4548193216323853,0.4971107244491577,0.24669313430786133,0.45481932163238525,0.29224061965942383,0.3996540606021881,0.30810531973838806,audio,audio,1,0.4285714328289032,0.239130437374115,0.1621621549129486,0.5420743227005005,0.4579256772994995,0.001875880523584783,0.9909921884536743,0.007131914608180523,0.4211187958717346,0.29551050066947937,0.283370703458786,audio,text,0,0.055999450385570526,1.0817731618881226,0.46365445852279663,0.10945016890764236,0.2504175901412964,-1.4983717203140259,-1.8350799083709717,0.3367081880569458,0.6036950594251675,0.3963049405748324,0
94,cXypl4FnoZo$_$13,-1.0,-1.717771053314209,0.0010811110259965062,0.9910237789154053,0.007895100861787796,-1.3912935256958008,-1.2132151126861572,-1.2421777248382568,0.3912935256958008,0.21321511268615723,0.24217772483825684,0.2895013093948364,0.3616792559623718,0.3488194942474365,audio,audio,1,0.25,0.20000000298023224,0.2666666805744171,0.531111478805542,0.468888521194458,0.0010811110259965062,0.9910237789154053,0.007895100861787796,0.3202346861362457,0.29936134815216064,0.38040393590927124,audio,vision,0,0.054543763399124146,1.0933811664581299,0.4611082971096039,0.0780215635895729,0.17807841300964355,-1.5728901624679565,-1.8456782102584839,0.27278804779052734,0.5844297858609642,0.4155702141390358,0
425,pLTX3ipuDJI$_$9,0.0,-0.49496474862098694,0.000914974429178983,0.9922074675559998,0.006877527572214603,-0.11865666508674622,-0.2369629144668579,-0.017977625131607056,0.11865666508674622,0.2369629144668579,0.017977625131607056,0.33370673656463623,0.2878328263759613,0.3784604072570801,audio,vision,0,0.21875,0.1666666716337204,0.23076923191547394,0.5304841995239258,0.4695158004760742,0.000914974429178983,0.9922074675559998,0.006877527572214603,0.321532279253006,0.30024996399879456,0.37821778655052185,audio,vision,1,0.04841041564941406,1.0938072204589844,0.46130502223968506,0.08949685841798782,0.21898528933525085,-0.3221781849861145,-0.6478930115699768,0.3257148265838623,0.6004027543353495,0.3995972456646505,0
41,cM3Yna7AavY$_$3,1.0,-0.5522864460945129,0.0015957147115841508,0.9905000329017639,0.007904243655502796,-0.23361307382583618,-0.2825585603713989,-0.2989516258239746,1.2336130142211914,1.282558560371399,1.2989516258239746,0.3493785262107849,0.32864367961883545,0.321977823972702,audio,text,0,0.3125,0.19148936867713928,0.17241379618644714,0.523530900478363,0.47646909952163696,0.0015957147115841508,0.9905000329017639,0.007904243655502796,0.37422746419906616,0.3019060790538788,0.32386651635169983,audio,text,1,0.05799112468957901,1.0945343971252441,0.4590626657009125,0.027755917981266975,0.06533855199813843,-0.36890703439712524,-0.7191813588142395,0.35027432441711426,0.607744918453713,0.3922550815462871,0
421,pLTX3ipuDJI$_$5,-2.0,-0.39551064372062683,0.0009079194278456271,0.9927077889442444,0.006384256295859814,0.02713872492313385,-0.1352234184741974,0.09941446781158447,2.0271387100219727,1.864776611328125,2.099414348602295,0.3186102509498596,0.3903021514415741,0.2910875678062439,audio,audio,1,0.20000000298023224,0.1818181872367859,0.18987341225147247,0.5263815522193909,0.47361844778060913,0.0009079194278456271,0.9927077889442444,0.006384256295859814,0.32054275274276733,0.3193243741989136,0.3601329028606415,audio,vision,0,0.0458904504776001,1.0970155000686646,0.448922336101532,0.09811568260192871,0.23463788628578186,-0.2333843857049942,-0.5413857698440552,0.30800139904022217,0.4049211092311044,0.5950788907688956,1
508,tmZoasNr4rU$_$15,0.25,-0.7615022659301758,0.0016399092273786664,0.9921243786811829,0.006235687993466854,-0.3165786564350128,-0.3692813813686371,-0.3004763126373291,0.5665786266326904,0.6192814111709595,0.5504763126373291,0.3382290303707123,0.3166651427745819,0.3451058268547058,audio,vision,0,0.4166666567325592,0.19230769574642181,0.125,0.5294945240020752,0.4705054759979248,0.0016399092273786664,0.9921243786811829,0.006235687993466854,0.4318760335445404,0.29014965891838074,0.27797430753707886,audio,text,0,0.050022926181554794,1.077499508857727,0.4679831862449646,0.02938443422317505,0.06880506873130798,-0.5610289573669434,-0.939641535282135,0.37861257791519165,0.6161564172504016,0.38384358274959846,0
312,k5Y_838nuGo$_$1,-1.600000023841858,0.9157247543334961,0.0013469795230776072,0.9940974712371826,0.004555513150990009,1.2364970445632935,1.1569758653640747,1.205378532409668,2.8364970684051514,2.7569758892059326,2.8053784370422363,0.31804847717285156,0.3512876331806183,0.33066385984420776,audio,audio,1,0.4444444477558136,0.2777777910232544,0.09090909361839294,0.5251683592796326,0.47483164072036743,0.0013469795230776072,0.9940974712371826,0.004555513150990009,0.43298593163490295,0.32153162360191345,0.2454824447631836,audio,text,0,0.03934911638498306,1.072047233581543,0.44837722182273865,0.032718975096940994,0.07952117919921875,1.0310324430465698,0.8114691376686096,0.2195633053779602,0.43181394067657525,0.5681860593234247,1
261,iiK8YX8oH1E$_$15,0.6000000238418579,0.5624439120292664,0.0010294087696820498,0.9934930205345154,0.005477627739310265,1.0054622888565063,0.9288513660430908,0.9751515984535217,0.40546226501464844,0.3288513422012329,0.3751515746116638,0.3185611963272095,0.350576251745224,0.33086255192756653,audio,audio,1,0.25,0.1785714328289032,0.1111111119389534,0.5151611566543579,0.4848388433456421,0.0010294087696820498,0.9934930205345154,0.005477627739310265,0.3603194057941437,0.3252505362033844,0.3144301176071167,audio,text,0,0.042089272290468216,1.0969030857086182,0.44549497961997986,0.03150254115462303,0.07661092281341553,0.7297195792198181,0.4050140380859375,0.3247055411338806,0.5203844545228563,0.47961554547714375,0
243,fvVhgmXxadc$_$11,-0.20000000298023224,0.40341657400131226,0.001623916788958013,0.9902338981628418,0.008142171427607536,1.0318787097930908,0.8802708387374878,0.9817253351211548,1.2318787574768066,1.0802708864212036,1.1817253828048706,0.3054969012737274,0.36924102902412415,0.3252620995044708,audio,audio,1,0.23999999463558197,0.23076923191547394,0.1428571492433548,0.5191187262535095,0.4808812737464905,0.001623916788958013,0.9902338981628418,0.008142171427607536,0.3389889597892761,0.34269845485687256,0.3183125853538513,audio,audio,1,0.059318047016859055,1.0980905294418335,0.4316903054714203,0.06306377053260803,0.15160787105560303,0.5525213479995728,0.26529461145401,0.28722673654556274,0.41119356765881854,0.5888064323411815,1
79,cXypl4FnoZo$_$22,0.20000000298023224,-0.2243797779083252,0.0010865709045901895,0.992668867111206,0.006244590040296316,0.46209776401519775,0.28893712162971497,0.4679500460624695,0.2620977759361267,0.08893711864948273,0.26795005798339844,0.30917888879776,0.3838956654071808,0.30692538619041443,audio,audio,1,0.2888889014720917,0.19811320304870605,0.18367347121238708,0.5305111408233643,0.46948885917663574,0.0010865709045901895,0.992668867111206,0.006244590040296316,0.35799649357795715,0.30868420004844666,0.3333193361759186,audio,text,0,0.046417515724897385,1.0967868566513062,0.4559897780418396,0.08304248750209808,0.17901292443275452,-0.011209167540073395,-0.41303032636642456,0.40182116627693176,0.6229941557324672,0.3770058442675328,0
544,vvZ4IcEtiZc$_$3,1.399999976158142,-0.6129633188247681,0.0012307019205763936,0.9915764927864075,0.007192833814769983,-0.24355807900428772,-0.3036670386791229,-0.1259462982416153,1.6435580253601074,1.7036670446395874,1.5259462594985962,0.3240453600883484,0.300589919090271,0.3753646910190582,audio,vision,0,0.2916666567325592,0.11627907305955887,0.18446601927280426,0.5280908346176147,0.47190916538238525,0.0012307019205763936,0.9915764927864075,0.007192833814769983,0.3769083619117737,0.27419862151145935,0.34889310598373413,audio,text,0,0.052128084003925323,1.0899367332458496,0.47825193405151367,0.07380927354097366,0.17772074043750763,-0.4292874336242676,-0.7770985960960388,0.34781116247177124,0.6070106808073227,0.39298931919267727,0
240,f_pcplsH_V0$_$6,1.600000023841858,-0.3322914242744446,0.0016488649416714907,0.9895323514938354,0.00881883967667818,0.3179405927658081,0.10880230367183685,0.3136579990386963,1.2820594310760498,1.4911977052688599,1.2863420248031616,0.36171385645866394,0.2785034775733948,0.3597826361656189,audio,text,0,0.3333333432674408,0.13333334028720856,0.2222222238779068,0.5366464853286743,0.4633535146713257,0.0016488649416714907,0.9895323514938354,0.00881883967667818,0.38185662031173706,0.2674516439437866,0.35069167613983154,audio,text,1,0.06269877403974533,1.08780837059021,0.48138710856437683,0.0975949838757515,0.20913828909397125,-0.11650779843330383,-0.5186042189598083,0.4020964205265045,0.623074966544934,0.376925033455066,0
317,k5Y_838nuGo$_$7,-2.4000000953674316,0.590219259262085,0.0009465753682889044,0.9933359622955322,0.005717401392757893,1.08218514919281,1.001847743988037,1.0819038152694702,3.4821853637695312,3.4018478393554688,3.4819040298461914,0.32195863127708435,0.3559694290161133,0.32207193970680237,audio,audio,1,0.30000001192092896,0.1111111119389534,0.1818181872367859,0.5252648591995239,0.4747351408004761,0.0009465753682889044,0.9933359622955322,0.005717401392757893,0.3801652193069458,0.2731775939464569,0.3466572165489197,audio,text,0,0.042758483439683914,1.0894160270690918,0.48010560870170593,0.03780527785420418,0.08033740520477295,0.8093109726905823,0.3922038674354553,0.41710710525512695,0.3725286928724047,0.6274713071275954,1
360,lXPQBPVc5Cw$_$19,-1.7999999523162842,-0.8916726112365723,0.00113319989759475,0.9934490323066711,0.005417742766439915,-0.4814853370189667,-0.495981365442276,-0.4203221797943115,1.3185145854949951,1.3040186166763306,1.3796777725219727,0.33959537744522095,0.34580492973327637,0.3145996332168579,audio,audio,1,0.3333333432674408,0.30000001192092896,0.1599999964237213,0.5231805443763733,0.4768194556236267,0.00113319989759475,0.9934490323066711,0.005417742766439915,0.3577461540699005,0.3511420786380768,0.2911117374897003,audio,text,0,0.0424858033657074,1.0944772958755493,0.42820462584495544,0.032787829637527466,0.07565918564796448,-0.7292513847351074,-1.039700984954834,0.31044960021972656,0.40418392160640887,0.5958160783935912,1
347,lXPQBPVc5Cw$_$4,-1.2000000476837158,-0.8620006442070007,0.0010516417678445578,0.9933068156242371,0.005641536321491003,-0.502869725227356,-0.49863359332084656,-0.4065329432487488,0.6971303224563599,0.7013664245605469,0.793467104434967,0.347069650888443,0.34523671865463257,0.30769360065460205,audio,text,0,0.2857142984867096,0.21794871985912323,0.13829787075519562,0.5198355317115784,0.48016446828842163,0.0010516417678445578,0.9933068156242371,0.005641536321491003,0.36341503262519836,0.3265203833580017,0.3100646138191223,audio,text,1,0.04309185966849327,1.0963921546936035,0.44452428817749023,0.04444878548383713,0.09633678197860718,-0.7091031074523926,-1.0032298564910889,0.2941267490386963,0.40910694684827725,0.5908930531517227,1
510,tmZoasNr4rU$_$17,-1.399999976158142,0.31922662258148193,0.0012416316894814372,0.9912344217300415,0.0075239636935293674,1.0556281805038452,0.9549586772918701,1.0213066339492798,2.4556281566619873,2.3549585342407227,2.421306610107422,0.3146699368953705,0.35686635971069336,0.32846370339393616,audio,audio,1,0.26923078298568726,0.22097378969192505,0.21562500298023224,0.5259339213371277,0.4740660786628723,0.0012416316894814372,0.9912344217300415,0.0075239636935293674,0.33843621611595154,0.3145339787006378,0.34702977538108826,audio,vision,0,0.053824834525585175,1.0977554321289062,0.451133668422699,0.04178565740585327,0.1006695032119751,0.521213710308075,0.1371595859527588,0.38405412435531616,0.38223614951008883,0.6177638504899112,1
613,yDtzw_Y-7RU$_$4,-1.0,0.04986324906349182,0.000794461346231401,0.9931076169013977,0.006097949575632811,0.7694064378738403,0.6351222991943359,0.7463270425796509,1.7694064378738403,1.635122299194336,1.7463270425796509,0.3113291561603546,0.3682292699813843,0.3204415440559387,audio,audio,1,0.2222222238779068,0.15625,0.22368420660495758,0.5311949253082275,0.46880507469177246,0.000794461346231401,0.9931076169013977,0.006097949575632811,0.32590484619140625,0.2976973354816437,0.3763977587223053,audio,vision,0,0.04363763704895973,1.0938830375671387,0.4636068344116211,0.058624401688575745,0.1342841386795044,0.3211725354194641,-0.18958024680614471,0.51075279712677,0.3455990434715275,0.6544009565284725,1
631,yvsjCA6Y5Fc$_$23,-1.2000000476837158,-0.1691807508468628,0.000795619678683579,0.9937188625335693,0.005485534202307463,0.5724206566810608,0.3734099268913269,0.5708481073379517,1.7724206447601318,1.5734100341796875,1.7708481550216675,0.3044690489768982,0.39046281576156616,0.30506813526153564,audio,audio,1,0.25999999046325684,0.23391813039779663,0.21739129722118378,0.5325509309768677,0.4674490690231323,0.000795619678683579,0.9937188625335693,0.005485534202307463,0.3287090063095093,0.32420849800109863,0.3470824658870697,audio,vision,0,0.040494922548532486,1.0981743335723877,0.44634026288986206,0.09344612807035446,0.1990107297897339,0.04941105097532272,-0.36105072498321533,0.41046178340911865,0.3744724308517702,0.6255275691482297,1
1,c7UH_rxdZv4$_$25,0.0,0.6507511734962463,0.0009511801763437688,0.9931799173355103,0.005868888460099697,1.1392550468444824,1.0500564575195312,1.139225959777832,1.1392550468444824,1.0500564575195312,1.139225959777832,0.3207196295261383,0.3585490882396698,0.3207312822341919,audio,audio,1,0.3333333432674408,0.190476194024086,0.23999999463558197,0.5308750867843628,0.4691249132156372,0.0009511801763437688,0.9931799173355103,0.005868888460099697,0.36538100242614746,0.2857331931591034,0.34888577461242676,audio,text,0,0.04356975853443146,1.0931884050369263,0.47163113951683044,0.04204176366329193,0.08919858932495117,0.8580496311187744,0.46756523847579956,0.39048439264297485,0.3803399670506251,0.6196600329493749,1
375,nzpVDcQ0ywM$_$21,-1.399999976158142,-1.3483282327651978,0.001629023696295917,0.988881528377533,0.009489478543400764,-0.9101839065551758,-0.8046437501907349,-0.8118733167648315,0.4898160696029663,0.5953562259674072,0.5881266593933105,0.3622179627418518,0.3174501657485962,0.3203319311141968,audio,text,0,0.3333333432674408,0.17307692766189575,0.2698412835597992,0.5297719240188599,0.47022807598114014,0.001629023696295917,0.988881528377533,0.009489478543400764,0.36129698157310486,0.27345988154411316,0.365243136882782,audio,vision,0,0.06571230292320251,1.0902583599090576,0.4769477844238281,0.04813864454627037,0.10554015636444092,-1.1920775175094604,-1.4870171546936035,0.29493963718414307,0.4622888519298798,0.5377111480701202,1
191,etzxEpPuc6I$_$2,1.2000000476837158,-0.4629788100719452,0.0006185465026646852,0.9948431253433228,0.004538318607956171,-0.12631836533546448,-0.24135342240333557,0.0055444687604904175,1.326318383216858,1.441353440284729,1.194455623626709,0.32837948203086853,0.2843984365463257,0.3872220516204834,audio,vision,0,0.21052631735801697,0.239130437374115,0.1818181872367859,0.5275473594665527,0.47245264053344727,0.0006185465026646852,0.9948431253433228,0.004538318607956171,0.31297439336776733,0.34639203548431396,0.3406335413455963,audio,audio,0,0.0341985747218132,1.09764564037323,0.43230074644088745,0.10087364912033081,0.246897891163826,-0.28693270683288574,-0.620639443397522,0.33370673656463623,0.6027970995450045,0.39720290045499546,0
512,tmZoasNr4rU$_$19,0.20000000298023224,0.2789628505706787,0.0013779359869658947,0.9898882508277893,0.008733834140002728,1.0195653438568115,0.9095276594161987,0.9713361859321594,0.8195653557777405,0.7095276713371277,0.7713361978530884,0.31156566739082336,0.35750776529312134,0.3309265673160553,audio,audio,1,0.2666666805744171,0.15068493783473969,0.2298850566148758,0.5272496938705444,0.47275030612945557,0.0013779359869658947,0.9898882508277893,0.008733834140002728,0.3468336760997772,0.28324878215789795,0.36991754174232483,audio,vision,0,0.06054031103849411,1.092437744140625,0.47109293937683105,0.04503656178712845,0.11003768444061279,0.47963660955429077,0.09903179854154587,0.3806048035621643,0.44439704955370973,0.5556029504462903,1
672,zhpQhgha_KU$_$13,-1.0,0.06061911582946777,0.0011220371816307306,0.9911500215530396,0.0077279298566281796,0.8140556812286377,0.6532326936721802,0.7547463774681091,1.8140556812286377,1.6532326936721802,1.754746437072754,0.30306577682495117,0.3705463707447052,0.32638782262802124,audio,audio,1,0.25,0.25,0.2631579041481018,0.5366053581237793,0.4633946418762207,0.0011220371816307306,0.9911500215530396,0.0077279298566281796,0.3124924898147583,0.3205711841583252,0.36693641543388367,audio,vision,0,0.05401250347495079,1.096059799194336,0.44705259799957275,0.0664050504565239,0.16082298755645752,0.3202130198478699,-0.16355761885643005,0.4837706387042999,0.35326610716562,0.6467338928343799,1
677,zhpQhgha_KU$_$16,1.7999999523162842,-0.09932032227516174,0.0006849493947811425,0.9943379759788513,0.004977116826921701,0.5607231855392456,0.3755301237106323,0.5311018228530884,1.2392767667770386,1.4244698286056519,1.2688981294631958,0.3627130687236786,0.2877582609653473,0.34952861070632935,audio,text,0,0.125,0.239130437374115,0.12727272510528564,0.5205261707305908,0.4794738292694092,0.0006849493947811425,0.9943379759788513,0.004977116826921701,0.28905412554740906,0.3769679069519043,0.33397790789604187,audio,audio,0,0.037029776722192764,1.0927921533584595,0.41158002614974976,0.08122427761554718,0.18519306182861328,0.11103798449039459,-0.29308831691741943,0.40412628650665283,0.623670683575275,0.37632931642472506,0
592,wMbj6ajWbic$_$8,-0.20000000298023224,0.970628023147583,0.0015602989587932825,0.9932721257209778,0.005167653318494558,1.366025447845459,1.2821462154388428,1.372391939163208,1.5660254955291748,1.4821462631225586,1.5723919868469238,0.32230862975120544,0.3579375445842743,0.31975382566452026,audio,audio,1,0.625,0.25,0.2142857164144516,0.5448459386825562,0.45515406131744385,0.0015602989587932825,0.9932721257209778,0.005167653318494558,0.5006923079490662,0.24610251188278198,0.25320520997047424,audio,text,0,0.04399862512946129,1.0391894578933716,0.49811309576034546,0.04112386330962181,0.09024572372436523,1.1008379459381104,0.8618530631065369,0.2389848828315735,0.4258677047366491,0.5741322952633509,1
656,zhpQhgha_KU$_$21,0.6000000238418579,-0.5484801530838013,0.0006753799971193075,0.9946876764297485,0.004636956378817558,-0.28292593359947205,-0.3620701730251312,-0.20175932347774506,0.8829259872436523,0.9620702266693115,0.8017593622207642,0.33194032311439514,0.3006734848022461,0.3673861622810364,audio,vision,0,0.15789473056793213,0.25806450843811035,0.13513512909412384,0.5187326073646545,0.48126739263534546,0.0006753799971193075,0.9946876764297485,0.004636956378817558,0.2972709536552429,0.37627601623535156,0.32645300030708313,audio,audio,0,0.03514620289206505,1.0938611030578613,0.41227445006370544,0.06544837355613708,0.16031084954738617,-0.3827453851699829,-0.7022448182106018,0.3194994330406189,0.5985373175950545,0.4014626824049455,0
666,zhpQhgha_KU$_$7,1.0,-0.4333803057670593,0.0013492850121110678,0.9930269122123718,0.005623736884444952,-0.08772140741348267,-0.20387759804725647,-0.050257608294487,1.087721347808838,1.203877568244934,1.0502575635910034,0.3433126211166382,0.29691508412361145,0.359772264957428,audio,vision,0,0.4285714328289032,0.3076923191547394,0.1875,0.5389677882194519,0.4610322117805481,0.0013492850121110678,0.9930269122123718,0.005623736884444952,0.39776116609573364,0.3210526704788208,0.28118616342544556,audio,text,0,0.04500024393200874,1.0882132053375244,0.44798287749290466,0.0654003843665123,0.15361998975276947,-0.23540355265140533,-0.602729320526123,0.3673257827758789,0.6128142238549343,0.38718577614506566,0
204,f9O3YtZ2VfI$_$22,1.399999976158142,-0.278438001871109,0.0008927065064199269,0.994044840335846,0.005062462761998177,0.26324915885925293,0.08070431649684906,0.27555274963378906,1.1367508172988892,1.3192956447601318,1.124447226524353,0.35568472743034363,0.28311800956726074,0.361197292804718,audio,vision,0,0.27272728085517883,0.24137930572032928,0.14705882966518402,0.5266565084457397,0.47334349155426025,0.0008927065064199269,0.994044840335846,0.005062462761998177,0.34839826822280884,0.3398205041885376,0.31178122758865356,audio,text,0,0.038964975625276566,1.0975018739700317,0.43614956736564636,0.0890941470861435,0.19484843313694,-0.09015070647001266,-0.44766515493392944,0.3575144410133362,0.6099002778429079,0.3900997221570921,0
498,tStelxIAHjw$_$5,-2.200000047683716,0.07321077585220337,0.00123510486446321,0.9914003610610962,0.007364531513303518,0.7156785726547241,0.6049165725708008,0.6881641745567322,2.9156785011291504,2.8049166202545166,2.8881642818450928,0.3141210675239563,0.3607664704322815,0.3251124322414398,audio,audio,1,0.2857142984867096,0.11999999731779099,0.20000000298023224,0.5277068018913269,0.4722931981086731,0.00123510486446321,0.9914003610610962,0.007364531513303518,0.36603137850761414,0.2774536907672882,0.35651493072509766,audio,text,0,0.053001344203948975,1.0913006067276,0.4759644865989685,0.04708787798881531,0.11076200008392334,0.3141477108001709,-0.1424257755279541,0.456573486328125,0.36107143008898673,0.6389285699110133,1
469,rnaNMUZpvvg$_$18,-2.200000047683716,0.11753708124160767,0.0009891879744827747,0.9936942458152771,0.005316566675901413,0.8432880640029907,0.7355873584747314,0.8332107067108154,3.043288230895996,2.9355874061584473,3.0332107543945312,0.31677791476249695,0.3624285161495209,0.3207935690879822,audio,audio,1,0.3488371968269348,0.24087591469287872,0.19018404185771942,0.5343299508094788,0.46567004919052124,0.0009891879744827747,0.9936942458152771,0.005316566675901413,0.3744121789932251,0.3124523460865021,0.3131355047225952,audio,text,0,0.04097210615873337,1.094886302947998,0.45416125655174255,0.04856989532709122,0.10770070552825928,0.3785519599914551,-0.1099381297826767,0.48849010467529297,0.35191946545891784,0.6480805345410822,1
422,pLTX3ipuDJI$_$4,-2.200000047683716,-0.26094022393226624,0.0010291250655427575,0.9924882650375366,0.0064826118759810925,0.37052199244499207,0.1998620629310608,0.43160563707351685,2.5705220699310303,2.399862051010132,2.631605625152588,0.3160281479358673,0.3911755383014679,0.2927963137626648,audio,audio,1,0.2777777910232544,0.1683168262243271,0.20338982343673706,0.532480776309967,0.46751922369003296,0.0010291250655427575,0.9924882650375366,0.0064826118759810925,0.35446450114250183,0.29496994614601135,0.3505655825138092,audio,text,0,0.047226324677467346,1.0952208042144775,0.46501225233078003,0.09807088971138,0.23174357414245605,-0.057443246245384216,-0.43961101770401,0.3821677565574646,0.38279308849062915,0.6172069115093709,1
433,phBUpBr1hSo$_$17,2.0,-0.6474441885948181,0.0008093404467217624,0.9945242404937744,0.004666480701416731,-0.2833194136619568,-0.3529789447784424,-0.14094005525112152,2.2833194732666016,2.3529789447784424,2.140939950942993,0.3213983476161957,0.2945966124534607,0.384005069732666,audio,vision,0,0.30000001192092896,0.23529411852359772,0.16049382090568542,0.529752790927887,0.47024720907211304,0.0008093404467217624,0.9945242404937744,0.004666480701416731,0.35889267921447754,0.32832738757133484,0.31277990341186523,audio,text,0,0.036269284784793854,1.0969716310501099,0.4441312253475189,0.08824512362480164,0.21203888952732086,-0.4682893753051758,-0.806475043296814,0.3381856679916382,0.6041368286171992,0.39586317138280086,0
19,c7UH_rxdZv4$_$11,1.0,0.27478736639022827,0.0017499381210654974,0.9895943403244019,0.008655794896185398,0.9647660255432129,0.8464268445968628,0.8730879426002502,0.03523397445678711,0.1535731554031372,0.12691205739974976,0.3630790114402771,0.313154399394989,0.3237665593624115,audio,text,0,0.3333333432674408,0.15000000596046448,0.19148936867713928,0.53133624792099,0.46866375207901,0.0017499381210654974,0.9895943403244019,0.008655794896185398,0.3879795968532562,0.2774927616119385,0.3345276415348053,audio,text,1,0.06257114559412003,1.0893945693969727,0.4747343957424164,0.05068403109908104,0.1183391809463501,0.5052193403244019,0.07153548300266266,0.4336838722229004,0.632301916908832,0.367698083091168,0
127,d6hH302o4v8$_$20,1.0,-0.39060986042022705,0.00398223614320159,0.9795225858688354,0.01649516262114048,-0.03345713019371033,-0.03314858675003052,-0.6989817023277283,1.0334571599960327,1.0331485271453857,1.698981761932373,0.4105755686759949,0.41073405742645264,0.1786903440952301,audio,audio,1,0.2857142984867096,0.11999999731779099,0.1666666716337204,0.5522851943969727,0.44771480560302734,0.00398223614320159,0.9795225858688354,0.01649516262114048,0.3789038062095642,0.27681899070739746,0.3442772328853607,audio,text,0,0.10997927188873291,1.0903654098510742,0.4684690833091736,0.3138040602207184,0.6658331155776978,-0.24922101199626923,-0.5052279829978943,0.25600695610046387,0.5793263757554253,0.4206736242445748,0
662,zhpQhgha_KU$_$3,-1.600000023841858,-0.10718196630477905,0.0012620488414540887,0.9913114309310913,0.007426575757563114,0.6220310926437378,0.4175856411457062,0.5403217673301697,2.2220311164855957,2.0175857543945312,2.140321731567383,0.29422885179519653,0.3799024224281311,0.3258686661720276,audio,audio,1,0.20000000298023224,0.13793103396892548,0.1428571492433548,0.5246781706809998,0.47532182931900024,0.0012620488414540887,0.9913114309310913,0.007426575757563114,0.3414240777492523,0.30974066257476807,0.3488352596759796,audio,vision,0,0.053485091775655746,1.0973045825958252,0.45438051223754883,0.08402281254529953,0.20444545149803162,0.1305130124092102,-0.3225170373916626,0.4530300498008728,0.36209389102031525,0.6379061089796848,1
534,v0zCBqDeKcE$_$5,2.0,0.7950730919837952,0.001424916903488338,0.9899981617927551,0.00857690442353487,1.311115026473999,1.1746339797973633,1.3004955053329468,0.688884973526001,0.8253660202026367,0.6995044946670532,0.35336050391197205,0.29793864488601685,0.3487008810043335,audio,text,0,0.3333333432674408,0.10000000149011612,0.25,0.5304779410362244,0.46952205896377563,0.001424916903488338,0.9899981617927551,0.00857690442353487,0.3793606460094452,0.2507210969924927,0.36991825699806213,audio,text,1,0.06010478734970093,1.0824270248413086,0.4928514361381531,0.06198650598526001,0.13648104667663574,0.9711481928825378,0.6392303705215454,0.33191782236099243,0.6022615708434556,0.3977384291565445,0
591,wMbj6ajWbic$_$9,-2.0,-0.4119548797607422,0.0011549775954335928,0.9931517839431763,0.005693272687494755,0.03540565073490143,-0.1222701221704483,0.1458512246608734,2.0354056358337402,1.877729892730713,2.1458511352539062,0.3237389624118805,0.3942684829235077,0.28199252486228943,audio,audio,1,0.5,0.20000000298023224,0.2666666805744171,0.5556161403656006,0.4443838596343994,0.0011549775954335928,0.9931517839431763,0.005693272687494755,0.4341302216053009,0.2511778175830841,0.31469202041625977,audio,text,0,0.04406209662556648,1.0731033086776733,0.49464935064315796,0.11002470552921295,0.2681213617324829,-0.17024922370910645,-0.6052719950675964,0.43502277135849,0.36730905378647943,0.6326909462135207,1
128,d6hH302o4v8$_$21,-2.4000000953674316,-1.3874092102050781,0.002864323789253831,0.9846011400222778,0.012534468434751034,-1.190098762512207,-0.990146279335022,-1.2636003494262695,1.2099013328552246,1.4098538160324097,1.136399745941162,0.3478167653083801,0.2708960473537445,0.381287157535553,audio,vision,0,0.3636363744735718,0.1034482792019844,0.20588235557079315,0.5386812090873718,0.4613187909126282,0.002864323789253831,0.9846011400222778,0.012534468434751034,0.4103661775588989,0.24805806577205658,0.3415757417678833,audio,text,0,0.08694334328174591,1.0782470703125,0.49102872610092163,0.1155472993850708,0.27345407009124756,-1.2122101783752441,-1.5374470949172974,0.3252369165420532,0.39974057905298666,0.6002594209470133,1
424,pLTX3ipuDJI$_$6,-1.399999976158142,-0.17159298062324524,0.0010098955826833844,0.9918837547302246,0.0071063051000237465,0.5453541278839111,0.3388356566429138,0.5210353136062622,1.9453541040420532,1.7388355731964111,1.9210352897644043,0.3007160723209381,0.3892861604690552,0.3099977672100067,audio,audio,1,0.25,0.2075471729040146,0.25,0.5367456674575806,0.46325433254241943,0.0010098955826833844,0.9918837547302246,0.0071063051000237465,0.3211395740509033,0.30970510840415955,0.3691553473472595,audio,vision,0,0.05020264536142349,1.095669150352478,0.4547857940196991,0.09215807914733887,0.20651847124099731,0.0697460025548935,-0.37988775968551636,0.44963377714157104,0.3630750651996415,0.6369249348003585,1
192,etzxEpPuc6I$_$5,0.0,0.5653542280197144,0.0009005118045024574,0.9923269152641296,0.006772562861442566,1.0846360921859741,0.9915252923965454,1.077800989151001,1.0846360921859741,0.9915252923965454,1.077800989151001,0.31928348541259766,0.35869336128234863,0.3220231235027313,audio,audio,1,0.21739129722118378,0.1428571492433548,0.22368420660495758,0.5225931406021118,0.4774068593978882,0.0009005118045024574,0.9923269152641296,0.006772562861442566,0.32674118876457214,0.29279446601867676,0.3804643750190735,audio,vision,0,0.047786541283130646,1.092789888381958,0.46635502576828003,0.04237375035881996,0.09311079978942871,0.7347704172134399,0.41058671474456787,0.32418370246887207,0.40005651653588814,0.5999434834641117,1
182,etzxEpPuc6I$_$12,0.6666666865348816,0.39391735196113586,0.006204620003700256,0.9785135984420776,0.015281833708286285,0.8219599723815918,0.6816972494125366,0.3423651456832886,0.1552932858467102,0.01503056287765503,0.324301540851593,0.33320000767707825,0.397053599357605,0.26974648237228394,audio,audio,1,0.3333333432674408,0.125,0.0,0.5291869044303894,0.4708130955696106,0.006204620003700256,0.9785135984420776,0.015281833708286285,0.43994253873825073,0.29996609687805176,0.2600913941860199,audio,text,0,0.11668334901332855,1.0726975202560425,0.4523650109767914,0.20133750140666962,0.4795948266983032,0.4312956929206848,0.36066216230392456,0.07063353061676025,0.5220586503983607,0.47794134960163914,0
612,yDtzw_Y-7RU$_$5,0.5,0.48996424674987793,0.0006502457545138896,0.9957441687583923,0.0036056034732609987,1.025990605354309,0.9250577688217163,1.0139659643173218,0.5259906053543091,0.4250577688217163,0.5139659643173218,0.31749916076660156,0.3601934015750885,0.32230743765830994,audio,audio,1,0.31578946113586426,0.35384616255760193,0.1538461595773697,0.5255444645881653,0.4744555354118347,0.0006502457545138896,0.9957441687583923,0.0036056034732609987,0.33826205134391785,0.38003256916999817,0.28170540928840637,audio,audio,1,0.029300827533006668,1.091225504875183,0.41047438979148865,0.04501443728804588,0.10093283653259277,0.6517552733421326,0.3439011573791504,0.3078541159629822,0.5013573620651217,0.49864263793487834,0
168,dq3Nf_lMPnE$_$15,1.0,-0.07886101305484772,0.0009241581428796053,0.991001546382904,0.008074318058788776,0.6154419183731079,0.4407398998737335,0.5643432140350342,0.3845580816268921,0.5592601299285889,0.4356567859649658,0.36470451951026917,0.2931574881076813,0.34213799238204956,audio,text,0,0.11764705926179886,0.20338982343673706,0.25,0.5292609333992004,0.47073906660079956,0.0009241581428796053,0.991001546382904,0.008074318058788776,0.267439067363739,0.33239951729774475,0.40016138553619385,audio,vision,0,0.054325252771377563,1.0853290557861328,0.4390680193901062,0.07334064692258835,0.1747020184993744,0.15288704633712769,-0.2849840521812439,0.4378710985183716,0.6335179691447672,0.3664820308552327,0
142,d6hH302o4v8$_$9,-2.4000000953674316,0.020582124590873718,0.0014819548232480884,0.9924522042274475,0.006065829657018185,0.541427493095398,0.3792383670806885,0.17564725875854492,2.941427707672119,2.77923846244812,2.5756473541259766,0.26285114884376526,0.32192686200141907,0.41522201895713806,audio,vision,0,0.25,0.3125,0.05263157933950424,0.5290226340293884,0.4709773659706116,0.0014819548232480884,0.9924522042274475,0.006065829657018185,0.3405395746231079,0.39615193009376526,0.2633085250854492,audio,audio,0,0.04813982546329498,1.0850237607955933,0.3975335359573364,0.14964766800403595,0.365780234336853,0.15981841087341309,-0.10337693989276886,0.26319533586502075,0.4184853727064491,0.5815146272935509,1
248,fvVhgmXxadc$_$1,-0.4000000059604645,-0.4528552293777466,0.0015328179579228163,0.9891139268875122,0.009353240951895714,0.03277046978473663,-0.10315610468387604,-0.018470093607902527,0.4327704906463623,0.29684388637542725,0.38152992725372314,0.30756524205207825,0.3645251393318176,0.3279096186161041,audio,audio,1,0.20000000298023224,0.1538461595773697,0.1818181872367859,0.520153820514679,0.47984617948532104,0.0015328179579228163,0.9891139268875122,0.009353240951895714,0.3287069797515869,0.30901381373405457,0.36227917671203613,audio,vision,0,0.06445888429880142,1.096448540687561,0.4534000754356384,0.056048937141895294,0.13592657446861267,-0.28623872995376587,-0.6065602898597717,0.32032155990600586,0.5289672160379992,0.47103278396200077,0
448,rnaNMUZpvvg$_$20,0.800000011920929,-0.19290170073509216,0.0018640469061210752,0.9902815818786621,0.007854381576180458,0.42550909519195557,0.21972814202308655,0.23036950826644897,0.3744909167289734,0.58027184009552,0.56963050365448,0.39112308621406555,0.3024137318134308,0.30646324157714844,audio,text,0,0.3199999928474426,0.16260161995887756,0.1111111119389534,0.5312954783439636,0.4687045216560364,0.0018640469061210752,0.9902815818786621,0.007854381576180458,0.3995736241340637,0.29910221695899963,0.30132418870925903,audio,text,1,0.05945426970720291,1.0890181064605713,0.46078628301620483,0.09459768235683441,0.20578095316886902,0.02840578928589821,-0.3881373405456543,0.4165431261062622,0.6273065050042752,0.37269349499572485,0
548,vvZ4IcEtiZc$_$7,1.399999976158142,0.26399049162864685,0.0015703970566391945,0.9904654026031494,0.007964185439050198,1.0185797214508057,0.8828306198120117,0.9874873757362366,0.3814202547073364,0.5171693563461304,0.4125126004219055,0.3564033806324005,0.3007792830467224,0.3428173363208771,audio,text,0,0.2666666805744171,0.25925925374031067,0.171875,0.5231966972351074,0.4768033027648926,0.0015703970566391945,0.9904654026031494,0.007964185439050198,0.33906030654907227,0.34172382950782776,0.3192158341407776,audio,audio,0,0.05811745673418045,1.0981553792953491,0.4324944019317627,0.058068517595529556,0.13574910163879395,0.43510639667510986,0.10804792493581772,0.32705846428871155,0.6008056442849228,0.39919435571507716,0
239,f_pcplsH_V0$_$7,0.0,0.6457100510597229,0.0013246433809399605,0.9933211207389832,0.0053542135283350945,1.1239222288131714,1.0325877666473389,1.0837985277175903,1.1239222288131714,1.0325877666473389,1.0837985277175903,0.3152213394641876,0.3533443212509155,0.33143430948257446,audio,audio,1,0.4545454680919647,0.25,0.17241379618644714,0.5346421003341675,0.4653578996658325,0.0013246433809399605,0.9933211207389832,0.0053542135283350945,0.42694294452667236,0.2940540313720703,0.2790030837059021,audio,text,0,0.04343625158071518,1.0794494152069092,0.46617811918258667,0.03737860172986984,0.09133446216583252,0.8161757588386536,0.49733495712280273,0.31884080171585083,0.40166052692201387,0.5983394730779861,1
627,yDtzw_Y-7RU$_$18,-2.0,-0.4998878836631775,0.0014015884371474385,0.9916592240333557,0.0069391666911542416,-0.043874144554138184,-0.1559704840183258,-0.030707255005836487,1.9561258554458618,1.8440295457839966,1.9692927598953247,0.31907206773757935,0.3670644164085388,0.3138635754585266,audio,audio,1,0.30000001192092896,0.1428571492433548,0.13793103396892548,0.5240578651428223,0.47594213485717773,0.0014015884371474385,0.9916592240333557,0.0069391666911542416,0.3859333097934723,0.2932620644569397,0.320804625749588,audio,text,0,0.052006155252456665,1.0919148921966553,0.46559810638427734,0.056203827261924744,0.12526322901248932,-0.3158072829246521,-0.6670673489570618,0.35126006603240967,0.3919613806235507,0.6080386193764493,1
62,cW1FSBF59ik$_$8,1.7999999523162842,0.22130253911018372,0.001040759263560176,0.9932055473327637,0.005753757897764444,0.8941078186035156,0.7914620637893677,0.8827474117279053,0.9058921337127686,1.0085378885269165,0.9172525405883789,0.3489813208580017,0.30695807933807373,0.34406062960624695,audio,text,0,0.4285714328289032,0.20000000298023224,0.25806450843811035,0.5433579683303833,0.4566420316696167,0.001040759263560176,0.9932055473327637,0.005753757897764444,0.4035013020038605,0.2662828862667084,0.33021578192710876,audio,text,1,0.04359634965658188,1.0844345092773438,0.4846150875091553,0.045944683253765106,0.10264575481414795,0.4947141408920288,-0.008474573493003845,0.5031887292861938,0.6522594809604282,0.3477405190395719,0
92,cXypl4FnoZo$_$11,1.399999976158142,-0.5189090967178345,0.0008649253868497908,0.992691695690155,0.006443404592573643,-0.23672112822532654,-0.33590975403785706,-0.10955406725406647,1.636721134185791,1.7359097003936768,1.5095540285110474,0.3272591829299927,0.2890982925891876,0.3836425840854645,audio,vision,0,0.22580644488334656,0.12068965286016464,0.22448979318141937,0.5324117541313171,0.46758824586868286,0.0008649253868497908,0.992691695690155,0.006443404592573643,0.33457186818122864,0.2818215787410736,0.38360661268234253,audio,vision,1,0.045886751264333725,1.0907936096191406,0.47391343116760254,0.09264432638883591,0.2263556867837906,-0.3095221519470215,-0.702802300453186,0.39328014850616455,0.6204833226693186,0.37951667733068145,0
490,tStelxIAHjw$_$13,-1.600000023841858,1.3046605587005615,0.001122737186960876,0.9924657344818115,0.006411608308553696,1.590342402458191,1.5102185010910034,1.6062207221984863,3.190342426300049,3.1102185249328613,3.2062206268310547,0.3240766227245331,0.3582155406475067,0.3177078068256378,audio,audio,1,0.4285714328289032,0.1428571492433548,0.2800000011920929,0.5357445478439331,0.4642554521560669,0.001122737186960876,0.9924657344818115,0.006411608308553696,0.40788236260414124,0.24200811982154846,0.3501095175743103,audio,text,0,0.04750775545835495,1.0765796899795532,0.5003050565719604,0.0420164093375206,0.09600222110748291,1.4584416151046753,1.1713999509811401,0.28704166412353516,0.41124957945504953,0.5887504205449504,1
543,vvZ4IcEtiZc$_$1,2.0,1.4781378507614136,0.0017976074013859034,0.9915661811828613,0.006636287551373243,1.8087900876998901,1.6854552030563354,1.8066554069519043,0.19120991230010986,0.31454479694366455,0.1933445930480957,0.35032862424850464,0.3002762794494629,0.3493950366973877,audio,text,0,0.375,0.15789473056793213,0.08695652335882187,0.5220836997032166,0.47791630029678345,0.0017976074013859034,0.9915661811828613,0.006636287551373243,0.43039214611053467,0.2918561100959778,0.2777516841888428,audio,text,1,0.0530436746776104,1.0780725479125977,0.4664733409881592,0.05764409154653549,0.12333488464355469,1.5862669944763184,1.3791563510894775,0.20711064338684082,0.5643629927498167,0.4356370072501833,0
88,cXypl4FnoZo$_$7,-1.0,0.2623775005340576,0.0010871033882722259,0.9917980432510376,0.007114865351468325,0.8495563268661499,0.7442624568939209,0.8124461770057678,1.84955632686615,1.744262456893921,1.812446117401123,0.31366127729415894,0.35778456926345825,0.3285541236400604,audio,audio,1,0.3333333432674408,0.22727273404598236,0.29629629850387573,0.5377941727638245,0.46220582723617554,0.0010871033882722259,0.9917980432510376,0.007114865351468325,0.344145268201828,0.288578063249588,0.36727672815322876,audio,vision,0,0.05077391862869263,1.0936176776885986,0.46881335973739624,0.04360554367303848,0.105293869972229,0.5008974075317383,0.05738217383623123,0.44351524114608765,0.3648455597792603,0.6351544402207396,1
413,pLTX3ipuDJI$_$13,-1.399999976158142,-0.13107286393642426,0.0010288001503795385,0.9917449355125427,0.007226280402392149,0.5432872772216797,0.35255271196365356,0.507744550704956,1.9432872533798218,1.7525527477264404,1.9077445268630981,0.30168914794921875,0.3829158544540405,0.31539496779441833,audio,audio,1,0.125,0.09375,0.1315789520740509,0.5198217034339905,0.4801782965660095,0.0010288001503795385,0.9917449355125427,0.007226280402392149,0.3166954219341278,0.31359556317329407,0.3697090446949005,audio,vision,0,0.0509241484105587,1.0956774950027466,0.4520995616912842,0.0828167125582695,0.19073456525802612,0.09771449863910675,-0.3424121141433716,0.44012659788131714,0.3658276908521879,0.6341723091478121,1
541,vvZ4IcEtiZc$_$10,-2.0,-0.33164381980895996,0.0006801930139772594,0.9961045980453491,0.003215210046619177,0.134418785572052,-0.03254750370979309,0.2118699550628662,2.1344187259674072,1.9674525260925293,2.211869955062866,0.3184906244277954,0.39240753650665283,0.28910180926322937,audio,audio,1,0.30000001192092896,0.3541666567325592,0.07017543911933899,0.5274549126625061,0.4725450873374939,0.0006801930139772594,0.9961045980453491,0.003215210046619177,0.3465392291545868,0.4016055464744568,0.25185519456863403,audio,audio,1,0.027303386479616165,1.0809102058410645,0.396332710981369,0.1019892767071724,0.2444174587726593,-0.17611534893512726,-0.470981240272522,0.2948659062385559,0.40888361672443113,0.5911163832755688,1
69,cW1FSBF59ik$_$17,2.4000000953674316,0.052000343799591064,0.0007683843141421676,0.9948655962944031,0.004366003442555666,0.8046913146972656,0.667824387550354,0.8023068308830261,1.595308780670166,1.7321757078170776,1.5976932048797607,0.35214054584503174,0.29676684737205505,0.35109251737594604,audio,text,0,0.3333333432674408,0.3076923191547394,0.20000000298023224,0.5367693305015564,0.4632306694984436,0.0007683843141421676,0.9948655962944031,0.004366003442555666,0.3468347489833832,0.34696319699287415,0.3062020242214203,audio,audio,0,0.03435589000582695,1.096932053565979,0.4319349229335785,0.0639650821685791,0.13686692714691162,0.34790217876434326,-0.20336224138736725,0.5512644052505493,0.665762353798071,0.3342376462019291,0
682,zhpQhgha_KU$_$35,0.6000000238418579,-0.5449955463409424,0.000983379315584898,0.9924963712692261,0.006520281545817852,-0.17921102046966553,-0.28312328457832336,-0.08769594132900238,0.7792110443115234,0.8831232786178589,0.6876959800720215,0.333401620388031,0.29279059171676636,0.37380778789520264,audio,vision,0,0.21739129722118378,0.17142857611179352,0.1785714328289032,0.5245043039321899,0.47549569606781006,0.000983379315584898,0.9924963712692261,0.006520281545817852,0.33295390009880066,0.31369441747665405,0.3533516824245453,audio,vision,1,0.047100335359573364,1.0974324941635132,0.45253461599349976,0.07983636856079102,0.19542734324932098,-0.3679651618003845,-0.7054845690727234,0.33751940727233887,0.6039376364414585,0.39606236355854163,0
355,lXPQBPVc5Cw$_$12,-2.0,1.2552820444107056,0.0015116757713258266,0.9893323183059692,0.009156052023172379,1.5528864860534668,1.4666500091552734,1.519585371017456,3.552886486053467,3.4666500091552734,3.519585371017456,0.31682413816452026,0.35288509726524353,0.3302907645702362,audio,audio,1,0.38461539149284363,0.2142857164144516,0.3333333432674408,0.5334910154342651,0.46650898456573486,0.0015116757713258266,0.9893323183059692,0.009156052023172379,0.3609682321548462,0.2653682231903076,0.3736635744571686,audio,vision,0,0.06340065598487854,1.087695598602295,0.4826427400112152,0.03550875931978226,0.08623647689819336,1.365477204322815,1.1589224338531494,0.20655477046966553,0.4358078467248746,0.5641921532751255,1
132,d6hH302o4v8$_$29,-1.7999999523162842,-1.5898977518081665,0.005587281193584204,0.9771942496299744,0.0172184519469738,-1.5530638694763184,-1.215489149093628,-2.0619053840637207,0.24693608283996582,0.5845108032226562,0.2619054317474365,0.37918758392333984,0.2486540675163269,0.37215831875801086,audio,text,0,0.40740740299224854,0.10000000149011612,0.1463414579629898,0.5709474086761475,0.42905259132385254,0.005587281193584204,0.9771942496299744,0.0172184519469738,0.4484598934650421,0.2453252673149109,0.3062148094177246,audio,text,1,0.1214638277888298,1.0667555332183838,0.487912654876709,0.3478979468345642,0.8464162349700928,-1.4050041437149048,-1.728840708732605,0.3238365650177002,0.400160667189741,0.599839332810259,1
55,cW1FSBF59ik$_$3,-1.0,-0.9384578466415405,0.0035487632267177105,0.9763117432594299,0.020139511674642563,-0.7877278327941895,-0.6096807718276978,-1.4109270572662354,0.21227216720581055,0.39031922817230225,0.41092705726623535,0.38750988245010376,0.31018921732902527,0.3023008704185486,audio,text,0,0.27272728085517883,0.190476194024086,0.3181818127632141,0.5707323551177979,0.42926764488220215,0.0035487632267177105,0.9763117432594299,0.020139511674642563,0.320560485124588,0.27531638741493225,0.4041231572628021,audio,vision,0,0.1220707893371582,1.0859591960906982,0.4673302173614502,0.34352320432662964,0.8012462854385376,-0.7975699305534363,-1.0444245338439941,0.24685460329055786,0.4507831577833758,0.5492168422166241,1
673,zhpQhgha_KU$_$12,-1.399999976158142,-0.46215125918388367,0.0010214083595201373,0.9934231638908386,0.005555443465709686,-0.11693468689918518,-0.2273068130016327,-0.1548139601945877,1.2830653190612793,1.172693133354187,1.2451859712600708,0.31284964084625244,0.35913124680519104,0.3280191421508789,audio,audio,1,0.21052631735801697,0.30000001192092896,0.11538461595773697,0.5183778405189514,0.4816221594810486,0.0010214083595201373,0.9934231638908386,0.005555443465709686,0.31534451246261597,0.3861757218837738,0.29847973585128784,audio,audio,1,0.042438436299562454,1.0922455787658691,0.4048316180706024,0.0457918718457222,0.11037212610244751,-0.2977790832519531,-0.6148685812950134,0.3170894980430603,0.40218675208384946,0.5978132479161505,1
606,yDtzw_Y-7RU$_$21,0.20000000298023224,0.4238350987434387,0.0011059603421017528,0.9907796382904053,0.008114476688206196,0.9779547452926636,0.8721930980682373,0.9434983134269714,0.7779547572135925,0.6721931099891663,0.7434983253479004,0.31393715739250183,0.3583087623119354,0.32775408029556274,audio,audio,1,0.20000000298023224,0.13793103396892548,0.22857142984867096,0.5239726901054382,0.47602730989456177,0.0011059603421017528,0.9907796382904053,0.008114476688206196,0.3198948800563812,0.2916526198387146,0.3884524703025818,audio,vision,0,0.055769965052604675,1.0912909507751465,0.46608465909957886,0.044041894376277924,0.10576164722442627,0.6080929040908813,0.2564375400543213,0.35165536403656006,0.39184362385351523,0.6081563761464848,1
251,fvVhgmXxadc$_$5,0.0,0.8709484338760376,0.0010286906035616994,0.9927937984466553,0.006177511531859636,1.2786478996276855,1.175518274307251,1.240317702293396,1.2786478996276855,1.175518274307251,1.240317702293396,0.31380730867385864,0.35698407888412476,0.3292086720466614,audio,audio,1,0.23076923191547394,0.21052631735801697,0.15217390656471252,0.5125302076339722,0.48746979236602783,0.0010286906035616994,0.9927937984466553,0.006177511531859636,0.3361896574497223,0.333563894033432,0.3302464783191681,audio,text,0,0.04568100720643997,1.0985857248306274,0.4394865930080414,0.04256225749850273,0.10312962532043457,0.964183509349823,0.7822721004486084,0.1819114089012146,0.4433963698206466,0.5566036301793533,1
211,f9O3YtZ2VfI$_$5,-1.7999999523162842,-0.4201357066631317,0.0011361149372532964,0.9932709336280823,0.005592981353402138,0.14313015341758728,-0.013434156775474548,0.20561182498931885,1.9431301355361938,1.7865657806396484,2.0056118965148926,0.31836605072021484,0.38718676567077637,0.2944472134113312,audio,audio,1,0.3333333432674408,0.19540229439735413,0.13333334028720856,0.5309823155403137,0.4690176844596863,0.0011361149372532964,0.9932709336280823,0.005592981353402138,0.3915826976299286,0.30717557668685913,0.30124175548553467,audio,text,0,0.04341593384742737,1.0911445617675781,0.457396924495697,0.09213364869356155,0.2190459817647934,-0.2496664673089981,-0.5707114934921265,0.32104504108428955,0.40099853192380897,0.599001468076191,1
624,yDtzw_Y-7RU$_$17,0.20000000298023224,0.6599757075309753,0.0012186109088361263,0.9930455088615417,0.005735850892961025,1.1634045839309692,1.0812331438064575,1.1559059619903564,0.9634045958518982,0.8812331557273865,0.9559059739112854,0.3207603991031647,0.3554585874080658,0.3237810730934143,audio,audio,1,0.43478259444236755,0.1927710771560669,0.20000000298023224,0.5340429544448853,0.46595704555511475,0.0012186109088361263,0.9930455088615417,0.005735850892961025,0.423282265663147,0.271963506937027,0.30475425720214844,audio,text,0,0.04471000283956528,1.0801469087600708,0.4807213544845581,0.03709511086344719,0.08217144012451172,0.8342028260231018,0.5079610347747803,0.32624179124832153,0.3994392198883755,0.6005607801116245,1
367,nbWiPyCm4g0$_$5,-1.399999976158142,-0.47383081912994385,0.004541981033980846,0.9779013395309448,0.01755666546523571,-0.1709316074848175,-0.13318553566932678,-0.8545871376991272,1.229068398475647,1.2668144702911377,0.5454128384590149,0.2323271483182907,0.22161993384361267,0.546052873134613,audio,vision,0,0.3611111044883728,0.1358024626970291,0.2083333283662796,0.5636555552482605,0.4363444447517395,0.004541981033980846,0.9779013395309448,0.01755666546523571,0.40056082606315613,0.25901809334754944,0.3404211103916168,audio,text,0,0.11732356250286102,1.0831935405731201,0.4792555272579193,0.33153343200683594,0.721401572227478,-0.31528013944625854,-0.5965701341629028,0.2812899947166443,0.4129914503264035,0.5870085496735965,1
399,ob23OKe5a9Q$_$13,1.25,1.414494276046753,0.0009572227718308568,0.9913564920425415,0.00768630625680089,1.6888190507888794,1.609430193901062,1.6726899147033691,0.4388190507888794,0.359430193901062,0.42268991470336914,0.32003146409988403,0.35341936349868774,0.3265492022037506,audio,audio,1,0.23529411852359772,0.19230769574642181,0.29032257199287415,0.5241811275482178,0.4758188724517822,0.0009572227718308568,0.9913564920425415,0.00768630625680089,0.30914056301116943,0.294127881526947,0.39673155546188354,audio,vision,0,0.05267949402332306,1.089631199836731,0.4648190438747406,0.034261275082826614,0.07938885688781738,1.510437250137329,1.32740318775177,0.18303406238555908,0.4430500643580806,0.5569499356419194,1
488,tStelxIAHjw$_$11,-2.799999952316284,-0.7475323677062988,0.0010953625896945596,0.9921097159385681,0.006794910877943039,-0.3482499420642853,-0.40995487570762634,-0.1784316748380661,2.4517500400543213,2.390045166015625,2.621568202972412,0.34614917635917664,0.37390467524528503,0.27994611859321594,audio,audio,1,0.5,0.29411765933036804,0.4000000059604645,0.5575699210166931,0.4424300789833069,0.0010953625896945596,0.9921097159385681,0.006794910877943039,0.3804827630519867,0.26189783215522766,0.35761940479278564,audio,text,0,0.049243129789829254,1.086292028427124,0.4868079125881195,0.09789378196001053,0.23152320086956024,-0.5626341104507446,-0.8942485451698303,0.3316144347190857,0.3978292754983174,0.6021707245016825,1
380,nzpVDcQ0ywM$_$2,-1.600000023841858,-0.08126737177371979,0.0015487305354326963,0.9926865100860596,0.0057648164220154285,0.6826921701431274,0.5180567502975464,0.637366533279419,2.2826921939849854,2.1180567741394043,2.2373666763305664,0.3042479157447815,0.37376868724823,0.32198330760002136,audio,audio,1,0.5,0.23529411852359772,0.17073170840740204,0.5472761988639832,0.45272380113601685,0.0015487305354326963,0.9926865100860596,0.0057648164220154285,0.45363473892211914,0.2764042317867279,0.26996099948883057,audio,text,0,0.0470307320356369,1.0675151348114014,0.47752150893211365,0.06943746656179428,0.16463541984558105,0.18798936903476715,-0.3040049076080322,0.4919942617416382,0.35092110530425324,0.6490788946957468,1
514,tmZoasNr4rU$_$20,-1.0,-0.6681027412414551,0.0010344880865886807,0.9936960339546204,0.005269490648061037,-0.2787151038646698,-0.3585008382797241,-0.15666113793849945,0.7212848663330078,0.6414991617202759,0.8433388471603394,0.3374529480934143,0.37284332513809204,0.28970369696617126,audio,audio,1,0.4000000059604645,0.25641027092933655,0.2083333283662796,0.5397827625274658,0.4602172374725342,0.0010344880865886807,0.9936960339546204,0.005269490648061037,0.3901815414428711,0.3040127456188202,0.3058057725429535,audio,text,0,0.04103775694966316,1.0915205478668213,0.45978888869285583,0.0830008015036583,0.20183970034122467,-0.4814968705177307,-0.8272023797035217,0.345705509185791,0.3936173718318062,0.6063826281681939,1
238,f_pcplsH_V0$_$4,0.5,-0.31084004044532776,0.001075410284101963,0.9925306439399719,0.006393964868038893,0.3028239607810974,0.1276409775018692,0.3370004892349243,0.1971760392189026,0.372359037399292,0.16299951076507568,0.35124874114990234,0.28217175602912903,0.36657947301864624,audio,vision,0,0.2916666567325592,0.2133333384990692,0.20000000298023224,0.5320252180099487,0.46797478199005127,0.001075410284101963,0.9925306439399719,0.006393964868038893,0.3525505065917969,0.31096434593200684,0.3364851772785187,audio,text,0,0.04709673300385475,1.0972859859466553,0.45437753200531006,0.09170515835285187,0.20935951173305511,-0.11595381796360016,-0.4822639226913452,0.36631011962890625,0.6125129440041266,0.3874870559958733,0
567,vyB00TXsimI$_$12,0.20000000298023224,-0.5787063837051392,0.001339032663963735,0.990516722202301,0.008144279941916466,-0.2391122579574585,-0.297006756067276,-0.22525925934314728,0.43911224603652954,0.49700677394866943,0.4252592623233795,0.33925268054008484,0.3155689239501953,0.34517842531204224,audio,vision,0,0.30000001192092896,0.16129031777381897,0.2432432472705841,0.5273102521896362,0.47268974781036377,0.001339032663963735,0.990516722202301,0.008144279941916466,0.3562259078025818,0.2785007953643799,0.36527323722839355,audio,vision,1,0.05747449770569801,1.0915802717208862,0.47467726469039917,0.031075865030288696,0.07174749672412872,-0.378592848777771,-0.7580915689468384,0.3794987201690674,0.6164183578395489,0.38358164216045104,0
623,yDtzw_Y-7RU$_$14,2.200000047683716,0.943233847618103,0.0008428439614363015,0.9938865303993225,0.005270618945360184,1.3449593782424927,1.2546584606170654,1.3397331237792969,0.8550406694412231,0.9453415870666504,0.860266923904419,0.3464103639125824,0.3094349503517151,0.3441547453403473,audio,text,0,0.30434781312942505,0.2921348214149475,0.22429905831813812,0.5218325257301331,0.47816747426986694,0.0008428439614363015,0.9938865303993225,0.005270618945360184,0.3345356583595276,0.3380635976791382,0.32740074396133423,audio,audio,0,0.03970858454704285,1.0985236167907715,0.43721529841423035,0.04139142110943794,0.09030091762542725,1.0415048599243164,0.8531858325004578,0.18831902742385864,0.5585794423552353,0.44142055764476473,0
56,cW1FSBF59ik$_$2,3.0,0.7519927620887756,0.0007700668647885323,0.993240237236023,0.005989730358123779,1.220989465713501,1.1179702281951904,1.2094204425811768,1.779010534286499,1.8820297718048096,1.7905795574188232,0.34906262159347534,0.30688631534576416,0.3440510630607605,audio,text,0,0.25,0.22429905831813812,0.26356589794158936,0.5264544486999512,0.47354555130004883,0.0007700668647885323,0.993240237236023,0.005989730358123779,0.3154763877391815,0.3116283416748047,0.3728952407836914,audio,vision,0,0.04291117563843727,1.0951427221298218,0.4544079303741455,0.04607957974076271,0.10301923751831055,0.8929154276847839,0.6252328753471375,0.2676825523376465,0.582878980636124,0.4171210193638759,0
521,tmZoasNr4rU$_$6,-1.7999999523162842,-0.3341861367225647,0.0019356204429641366,0.989909291267395,0.008155136369168758,0.3936089873313904,0.2135627418756485,0.35435259342193604,2.1936089992523193,2.0135626792907715,2.1543526649475098,0.3027834892272949,0.3792046904563904,0.3180117905139923,audio,audio,1,0.4166666567325592,0.19178082048892975,0.19540229439735413,0.5414065718650818,0.4585934281349182,0.0019356204429641366,0.989909291267395,0.008155136369168758,0.41803690791130066,0.27474114298820496,0.3072219491004944,audio,text,0,0.0613509863615036,1.0821295976638794,0.4767787456512451,0.07730135321617126,0.18004624545574188,-0.1024758368730545,-0.5304542183876038,0.42797839641571045,0.3693577688894346,0.6306422311105653,1
551,vvZ4IcEtiZc$_$8,-1.5,-0.31480661034584045,0.0012228797422721982,0.9921290874481201,0.0066480799578130245,0.3400246500968933,0.18514913320541382,0.38005420565605164,1.840024709701538,1.6851491928100586,1.880054235458374,0.3159758746623993,0.3834696412086487,0.300554484128952,audio,audio,1,0.375,0.24590164422988892,0.2432432472705841,0.5409138202667236,0.45908617973327637,0.0012228797422721982,0.9921290874481201,0.0066480799578130245,0.3737671673297882,0.29737865924835205,0.32885420322418213,audio,text,0,0.04937079921364784,1.0942103862762451,0.4631669521331787,0.08404811471700668,0.19490507245063782,-0.10127903521060944,-0.4960324168205261,0.3947533965110779,0.37908312054384735,0.6209168794561527,1
356,lXPQBPVc5Cw$_$15,-2.799999952316284,-1.5807878971099854,0.0008486410370096564,0.9935894012451172,0.005561947822570801,-1.3736457824707031,-1.2005277872085571,-1.1520352363586426,1.426354169845581,1.599472165107727,1.6479647159576416,0.39009785652160645,0.31419065594673157,0.29571154713630676,audio,text,0,0.25,0.17499999701976776,0.1875,0.5286009907722473,0.4713990092277527,0.0008486410370096564,0.9935894012451172,0.005561947822570801,0.3435056805610657,0.30750641226768494,0.348987877368927,audio,vision,0,0.04126802831888199,1.097069263458252,0.45738863945007324,0.09512133151292801,0.22161054611206055,-1.3919615745544434,-1.7491806745529175,0.3572190999984741,0.3901875630658719,0.609812436934128,1
362,lXPQBPVc5Cw$_$30,-2.0,-0.43797802925109863,0.001097068190574646,0.991777777671814,0.00712520070374012,-0.0423007607460022,-0.13695579767227173,-0.05449460446834564,1.9576992988586426,1.863044261932373,1.9455053806304932,0.31837382912635803,0.35836246609687805,0.3232637345790863,audio,audio,1,0.2857142984867096,0.20000000298023224,0.24074074625968933,0.5277677178382874,0.47223228216171265,0.001097068190574646,0.991777777671814,0.00712520070374012,0.34268099069595337,0.29801875352859497,0.3593002259731293,audio,vision,0,0.05089278146624565,1.0955557823181152,0.4625059962272644,0.042042456567287445,0.09465503692626953,-0.2479412704706192,-0.6080178022384644,0.36007654666900635,0.3893380211496298,0.6106619788503703,1
576,wMbj6ajWbic$_$26,1.7999999523162842,0.9217341542243958,0.0011187295895069838,0.9918373227119446,0.0070439730770885944,1.3709008693695068,1.2876869440078735,1.361762523651123,0.42909908294677734,0.5123130083084106,0.43823742866516113,0.3460385501384735,0.311853289604187,0.34210824966430664,audio,text,0,0.3333333432674408,0.10000000149011612,0.25,0.528869092464447,0.471130907535553,0.0011187295895069838,0.9918373227119446,0.0070439730770885944,0.3808676302433014,0.24874070286750793,0.3703916370868683,audio,text,1,0.05063864216208458,1.0816075801849365,0.49539774656295776,0.03726072981953621,0.0832139253616333,1.1178784370422363,0.7470034956932068,0.37087494134902954,0.6138663491235367,0.38613365087646334,0
147,d6hH302o4v8$_$10,-1.2000000476837158,-0.2841755747795105,0.01127272006124258,0.9612652659416199,0.027462080121040344,0.41418516635894775,0.318538099527359,-0.4124554991722107,1.6141852140426636,1.5185381174087524,0.7875445485115051,0.20253877341747284,0.22826111316680908,0.5692000985145569,audio,vision,0,0.4545454680919647,0.0,0.13636364042758942,0.5647425055503845,0.4352574944496155,0.01127272006124258,0.9612652659416199,0.027462080121040344,0.49629321694374084,0.20361876487731934,0.3000880777835846,audio,text,0,0.18726174533367157,1.0329675674438477,0.5050976276397705,0.36920857429504395,0.8266406655311584,-0.17964902520179749,-0.3647361397743225,0.18508711457252502,0.4424169017526108,0.5575830982473892,1
4,c7UH_rxdZv4$_$20,-1.7999999523162842,0.30329400300979614,0.0014297374291345477,0.9906917214393616,0.007878550328314304,0.9655168056488037,0.8659235239028931,0.9364714026451111,2.765516757965088,2.665923595428467,2.73647141456604,0.3155025839805603,0.35732951760292053,0.32716792821884155,audio,audio,1,0.375,0.2054794579744339,0.2613636255264282,0.5371028780937195,0.4628971219062805,0.0014297374291345477,0.9906917214393616,0.007878550328314304,0.378066748380661,0.27688783407211304,0.34504541754722595,audio,text,0,0.05679059773683548,1.090458869934082,0.4758692681789398,0.041819017380476,0.09959328174591064,0.5359150767326355,0.10281169414520264,0.43310338258743286,0.36786679699428354,0.6321332030057164,1
483,tIrG4oNLFzE$_$4,1.399999976158142,0.6298335790634155,0.0010489635169506073,0.9929474592208862,0.0060035777278244495,1.1289039850234985,1.0418205261230469,1.1247807741165161,0.27109599113464355,0.3581794500350952,0.275219202041626,0.34581488370895386,0.3101479411125183,0.34403711557388306,audio,text,0,0.3333333432674408,0.1071428582072258,0.1818181872367859,0.5259553790092468,0.4740446209907532,0.0010489635169506073,0.9929474592208862,0.0060035777278244495,0.3961375951766968,0.2656494975090027,0.33821290731430054,audio,text,1,0.04493413120508194,1.0856096744537354,0.48486530780792236,0.04011501744389534,0.08708345890045166,0.8158944845199585,0.46213656663894653,0.35375791788101196,0.6087825018102213,0.3912174981897787,0
107,d3_k5Xpfmik$_$14,2.0,-0.48170408606529236,0.0009599816985428333,0.9918959736824036,0.007144054863601923,-0.06196478009223938,-0.1769409477710724,0.026168718934059143,2.061964750289917,2.17694091796875,1.973831295967102,0.3352785110473633,0.2903948426246643,0.37432658672332764,audio,vision,0,0.260869562625885,0.1825396865606308,0.26582279801368713,0.5346962213516235,0.46530377864837646,0.0009599816985428333,0.9918959736824036,0.007144054863601923,0.3286784291267395,0.2904180586338043,0.38090354204177856,audio,vision,1,0.05004377290606499,1.0924466848373413,0.46765193343162537,0.08316020667552948,0.20310966670513153,-0.30057287216186523,-0.6393282413482666,0.33875536918640137,0.6043071249635716,0.39569287503642847,0
299,jUzDDGyPkXU$_$16,1.2000000476837158,1.0474896430969238,0.0010339340660721064,0.9928597807884216,0.006106264889240265,1.384186029434204,1.2916102409362793,1.369808316230774,0.18418598175048828,0.09161019325256348,0.1698082685470581,0.31838861107826233,0.35744890570640564,0.32416248321533203,audio,audio,1,0.25,0.15068493783473969,0.14942528307437897,0.5134198665618896,0.48658013343811035,0.0010339340660721064,0.9928597807884216,0.006106264889240265,0.3582291603088379,0.30496224761009216,0.33680859208106995,audio,text,0,0.045354731380939484,1.0964436531066895,0.45859837532043457,0.04067753255367279,0.0925757884979248,1.140726923942566,0.9591264128684998,0.18160051107406616,0.556507717634255,0.44349228236574506,0
17,c7UH_rxdZv4$_$9,-0.4000000059604645,-0.7888467907905579,0.000814872735645622,0.9944466352462769,0.004738417454063892,-0.47765615582466125,-0.4628541171550751,-0.3697548508644104,0.07765614986419678,0.0628541111946106,0.030245155096054077,0.32470378279685974,0.33076757192611694,0.3445286154747009,audio,vision,0,0.2222222238779068,0.28125,0.11764705926179886,0.5172184109687805,0.4827815890312195,0.000814872735645622,0.9944466352462769,0.004738417454063892,0.32376745343208313,0.37527891993522644,0.3009536862373352,audio,audio,0,0.036693915724754333,1.0943125486373901,0.41277849674224854,0.047760121524333954,0.10790130496025085,-0.6401294469833374,-0.9276623725891113,0.2875329256057739,0.5888990947902445,0.41110090520975545,0
52,cW1FSBF59ik$_$22,-1.0,-0.8036855459213257,0.0007778683793731034,0.9937030673027039,0.0055190459825098515,-0.43814918398857117,-0.4792573153972626,-0.26442062854766846,0.5618507862091064,0.520742654800415,0.7355793714523315,0.34995272755622864,0.36840513348579407,0.2816421687602997,audio,audio,1,0.23999999463558197,0.18627451360225677,0.20000000298023224,0.5281112790107727,0.4718887209892273,0.0007778683793731034,0.9937030673027039,0.0055190459825098515,0.333525151014328,0.31205177307128906,0.35442304611206055,audio,vision,0,0.040542326867580414,1.0972644090652466,0.45443421602249146,0.09311061352491379,0.21483668684959412,-0.6325502991676331,-0.9566017985343933,0.32405149936676025,0.40009617998890246,0.5999038200110975,1
595,wMbj6ajWbic$_$13,2.0,0.7055459022521973,0.0009431971702724695,0.9930243492126465,0.006032458506524563,1.2020093202590942,1.1069331169128418,1.1947201490402222,0.7979906797409058,0.8930668830871582,0.8052798509597778,0.3473578989505768,0.30843478441238403,0.3442073464393616,audio,text,0,0.2916666567325592,0.21052631735801697,0.22058823704719543,0.5240635871887207,0.4759364128112793,0.0009431971702724695,0.9930243492126465,0.006032458506524563,0.34766876697540283,0.3061155080795288,0.34621575474739075,audio,text,1,0.04435126483440399,1.0969197750091553,0.4579392373561859,0.04320388287305832,0.09507620334625244,0.8599199652671814,0.565348744392395,0.2945712208747864,0.5910273537836978,0.40897264621630225,0
135,d6hH302o4v8$_$1,-2.799999952316284,0.7302634119987488,0.0027307337149977684,0.9858455657958984,0.011423712596297264,1.2958978414535522,1.1908694505691528,1.2021150588989258,4.095897674560547,3.9908695220947266,4.002115249633789,0.3063097894191742,0.3492828905582428,0.344407320022583,audio,audio,1,0.5,0.25,0.3125,0.5412406325340271,0.4587593674659729,0.0027307337149977684,0.9858455657958984,0.011423712596297264,0.41705745458602905,0.25642451643943787,0.3265179991722107,audio,text,0,0.08126135915517807,1.0791651010513306,0.4862806797027588,0.04708461835980415,0.10502839088439941,0.8280166983604431,0.6474069952964783,0.18060970306396484,0.44379797651018815,0.5562020234898118,1
260,iiK8YX8oH1E$_$12,1.7999999523162842,1.0322400331497192,0.0016578254289925098,0.9899172186851501,0.008424978703260422,1.4754983186721802,1.3436815738677979,1.442610263824463,0.324501633644104,0.45631837844848633,0.3573896884918213,0.35614922642707825,0.30204591155052185,0.3418048024177551,audio,text,0,0.4000000059604645,0.20000000298023224,0.2631579041481018,0.5357885956764221,0.4642114043235779,0.0016578254289925098,0.9899172186851501,0.008424978703260422,0.38742634654045105,0.27313318848609924,0.3394404351711273,audio,text,1,0.060887936502695084,1.0885908603668213,0.47785601019859314,0.05601997673511505,0.13181674480438232,1.1860051155090332,0.8990168571472168,0.2869882583618164,0.5887342569709129,0.4112657430290872,0
321,k5Y_838nuGo$_$11,0.5,0.761376678943634,0.001444305875338614,0.9916208982467651,0.006934760604053736,1.2495139837265015,1.150586485862732,1.2412643432617188,0.7495139837265015,0.6505864858627319,0.7412643432617188,0.3182690739631653,0.36016297340393066,0.3215680420398712,audio,audio,1,0.5,0.14705882966518402,0.26829269528388977,0.5416514277458191,0.4583485722541809,0.001444305875338614,0.9916208982467651,0.006934760604053736,0.44677290320396423,0.2296699583530426,0.32355719804763794,audio,text,0,0.05226396024227142,1.0629326105117798,0.5079673528671265,0.044817160815000534,0.09892749786376953,0.9376136064529419,0.6122440099716187,0.32536959648132324,0.3997007843491544,0.6002992156508457,1
487,tIrG4oNLFzE$_$8,-1.2000000476837158,-0.26522713899612427,0.0009212684235535562,0.9907569289207458,0.008321844041347504,0.3754727840423584,0.19390518963336945,0.3509615659713745,1.5754728317260742,1.3939052820205688,1.5509616136550903,0.30433133244514465,0.3818685710430145,0.31380006670951843,audio,audio,1,0.11999999731779099,0.1846153885126114,0.25,0.5260781645774841,0.47392183542251587,0.0009212684235535562,0.9907569289207458,0.008321844041347504,0.2736999988555908,0.3199393153190613,0.4063607454299927,audio,vision,0,0.05549188703298569,1.0851833820343018,0.44721174240112305,0.08043927699327469,0.18156759440898895,-0.10319526493549347,-0.4111948609352112,0.3079996109008789,0.4049216478187992,0.5950783521812009,1
406,ob23OKe5a9Q$_$4,-1.5,-1.4113322496414185,0.0017166234320029616,0.9932142496109009,0.005069176200777292,-1.0400221347808838,-0.9342136383056641,-0.8544058203697205,0.4599778652191162,0.5657863616943359,0.6455941796302795,0.3746661841869354,0.32824981212615967,0.2970840632915497,audio,text,0,0.6000000238418579,0.25925925374031067,0.1515151560306549,0.5491827130317688,0.4508172869682312,0.0017166234320029616,0.9932142496109009,0.005069176200777292,0.5014823079109192,0.2634134590625763,0.2351042628288269,audio,text,1,0.04448153078556061,1.0378847122192383,0.48653388023376465,0.07602494955062866,0.18561631441116333,-1.2102848291397095,-1.5763695240020752,0.3660846948623657,0.4337218254376888,0.5662781745623112,1
265,iiK8YX8oH1E$_$18,-1.0,-0.18834331631660461,0.0007075860630720854,0.9933601021766663,0.005932322237640619,0.504285454750061,0.277748167514801,0.5040090680122375,1.504285454750061,1.2777481079101562,1.5040090084075928,0.30050981044769287,0.3988765478134155,0.300613671541214,audio,audio,1,0.1818181872367859,0.2222222238779068,0.25,0.5347487330436707,0.46525126695632935,0.0007075860630720854,0.9933601021766663,0.005932322237640619,0.2893047034740448,0.32867586612701416,0.38201940059661865,audio,vision,0,0.04216739907860756,1.092140555381775,0.4431228041648865,0.10672563314437866,0.22653728723526,0.03653491288423538,-0.3839957118034363,0.42053061723709106,0.371528925626374,0.6284710743736259,1
149,d6hH302o4v8$_$12,1.399999976158142,0.5865318179130554,0.0013348738430067897,0.9893972873687744,0.009267769753932953,1.1931068897247314,1.0909234285354614,1.1454566717147827,0.20689308643341064,0.30907654762268066,0.2545433044433594,0.35432496666908264,0.31183841824531555,0.3338366150856018,audio,text,0,0.3333333432674408,0.095238097012043,0.3199999928474426,0.5387147665023804,0.46128523349761963,0.0013348738430067897,0.9893972873687744,0.009267769753932953,0.36144208908081055,0.23380683362483978,0.4047510623931885,audio,vision,0,0.06276610493659973,1.073695421218872,0.5037269592285156,0.04174773395061493,0.10218346118927002,0.8446827530860901,0.36548495292663574,0.47919780015945435,0.645426859381225,0.354573140618775,0
464,rnaNMUZpvvg$_$15,-1.600000023841858,-0.2787615656852722,0.000763429154176265,0.9930819869041443,0.006154556293040514,0.31960564851760864,0.14840158820152283,0.3913499712944031,1.9196057319641113,1.7484016418457031,1.9913499355316162,0.3171731233596802,0.3928597867488861,0.28996706008911133,audio,audio,1,0.18421052396297455,0.18518517911434174,0.2222222238779068,0.531141459941864,0.468858540058136,0.000763429154176265,0.9930819869041443,0.006154556293040514,0.30482807755470276,0.31718820333480835,0.3779837191104889,audio,vision,0,0.043703820556402206,1.0940945148468018,0.4505958557128906,0.10191608965396881,0.24294838309288025,-0.08654273301362991,-0.4484403729438782,0.36189764738082886,0.3887969381670178,0.6112030618329822,1
18,c7UH_rxdZv4$_$8,-2.799999952316284,1.243565559387207,0.0008608659845776856,0.9916736483573914,0.007465486880391836,1.5634948015213013,1.4725115299224854,1.5606030225753784,4.363494873046875,4.2725114822387695,4.360602855682373,0.3200952112674713,0.3586503863334656,0.3212544322013855,audio,audio,1,0.20000000298023224,0.20224718749523163,0.29230770468711853,0.5239067673683167,0.47609323263168335,0.0008608659845776856,0.9916736483573914,0.007465486880391836,0.29252439737319946,0.30379748344421387,0.4036780595779419,audio,vision,0,0.050929151475429535,1.0877071619033813,0.4585840702056885,0.042224835604429245,0.09098327159881592,1.3396611213684082,1.1562401056289673,0.18342101573944092,0.44293071347991325,0.5570692865200867,1
263,iiK8YX8oH1E$_$17,1.600000023841858,0.8653882741928101,0.0017314268043264747,0.9921573400497437,0.006111259572207928,1.330628752708435,1.208564281463623,1.3266793489456177,0.26937127113342285,0.39143574237823486,0.27332067489624023,0.35043883323669434,0.3008481562137604,0.3487130105495453,audio,text,0,0.5333333611488342,0.1599999964237213,0.17241379618644714,0.5406487584114075,0.45935124158859253,0.0017314268043264747,0.9921573400497437,0.006111259572207928,0.48400142788887024,0.24380554258823395,0.2721930146217346,audio,text,1,0.04997451230883598,1.0495169162750244,0.49890121817588806,0.05663381889462471,0.12206447124481201,1.0472725629806519,0.7108539938926697,0.3364185690879822,0.6036084429665396,0.39639155703346046,0
429,phBUpBr1hSo$_$13,0.800000011920929,0.9951465129852295,0.0006866827025078237,0.9956377148628235,0.003675584914162755,1.3119447231292725,1.2407145500183105,1.327566385269165,0.5119447112083435,0.4407145380973816,0.5275663733482361,0.3253318667411804,0.3556274175643921,0.3190407156944275,audio,audio,1,0.3636363744735718,0.31578946113586426,0.1818181872367859,0.5255153775215149,0.4744846224784851,0.0006866827025078237,0.9956377148628235,0.003675584914162755,0.3630548417568207,0.3456629514694214,0.29128214716911316,audio,text,0,0.029959771782159805,1.0943280458450317,0.4333164691925049,0.03780214115977287,0.08685183525085449,1.1253371238708496,0.877598226070404,0.24773889780044556,0.42319440597279645,0.5768055940272037,1
291,jUzDDGyPkXU$_$8,1.7999999523162842,-1.5288093090057373,0.0012000066926702857,0.9922652244567871,0.006534825079143047,-1.0828449726104736,-0.95135498046875,-0.8901695609092712,2.882844924926758,2.751354932785034,2.6901695728302,0.2897740602493286,0.3415397107601166,0.36868616938591003,audio,vision,0,0.27272728085517883,0.125,0.13793103396892548,0.5244604349136353,0.47553956508636475,0.0012000066926702857,0.9922652244567871,0.006534825079143047,0.37541475892066956,0.29437175393104553,0.3302134573459625,audio,text,0,0.04864948242902756,1.0936752557754517,0.4652622938156128,0.08038593828678131,0.1926754117012024,-1.3597021102905273,-1.6821423768997192,0.3224402666091919,0.5994203143374479,0.40057968566255203,0
557,vyB00TXsimI$_$2,-2.4000000953674316,-1.1722877025604248,0.0008222130709327757,0.9921770691871643,0.007000704295933247,-0.7298116683959961,-0.6614087820053101,-0.5476787686347961,1.6701884269714355,1.7385913133621216,1.8523213863372803,0.36840012669563293,0.33820968866348267,0.2933901250362396,audio,text,0,0.1111111119389534,0.21111111342906952,0.21296297013759613,0.5193710923194885,0.4806289076805115,0.0008222130709327757,0.9921770691871643,0.007000704295933247,0.2721717357635498,0.34571319818496704,0.38211509585380554,audio,vision,0,0.04836853966116905,1.0889883041381836,0.43097591400146484,0.07511906325817108,0.18213289976119995,-1.050788402557373,-1.2847238779067993,0.23393547534942627,0.4274116749937523,0.5725883250062476,1
441,phBUpBr1hSo$_$5,-1.399999976158142,0.48092907667160034,0.0009216906619258225,0.9922394752502441,0.0068387677893042564,1.0823794603347778,0.9394259452819824,1.0627741813659668,2.48237943649292,2.339426040649414,2.4627742767333984,0.31051453948020935,0.37126731872558594,0.3182181119918823,audio,audio,1,0.1764705926179886,0.2075471729040146,0.21052631735801697,0.5231196284294128,0.47688037157058716,0.0009216906619258225,0.9922394752502441,0.0068387677893042564,0.2988812029361725,0.33356231451034546,0.36755651235580444,audio,vision,0,0.048264555633068085,1.0950673818588257,0.4391181468963623,0.06327614188194275,0.1429535150527954,0.659121572971344,0.3184872269630432,0.3406343460083008,0.39513138662497366,0.6048686133750263,1
376,nzpVDcQ0ywM$_$22,2.0,-0.48418283462524414,0.010898137465119362,0.9683709144592285,0.020730959251523018,-0.013852983713150024,-0.053346723318099976,-0.5652191042900085,2.013853073120117,2.053346633911133,2.5652191638946533,0.407530277967453,0.38790029287338257,0.2045694887638092,audio,text,0,0.4444444477558136,0.0,0.0,0.5427553057670593,0.4572446942329407,0.010898137465119362,0.9683709144592285,0.020730959251523018,0.5288988947868347,0.22293655574321747,0.24816454946994781,audio,text,1,0.1607297956943512,1.017342448234558,0.4969562888145447,0.2511258125305176,0.5513660907745361,-0.36123883724212646,-0.5877571105957031,0.22651827335357666,0.5703177897191957,0.4296822102808044,0
539,v0zCBqDeKcE$_$8,1.7999999523162842,-0.5307508111000061,0.0009393461514264345,0.9933852553367615,0.005675348453223705,-0.24551346898078918,-0.3421342670917511,-0.09854577481746674,2.045513391494751,2.142134189605713,1.898545742034912,0.3238447606563568,0.28700172901153564,0.38915348052978516,audio,vision,0,0.3333333432674408,0.1458333283662796,0.21739129722118378,0.5384208559989929,0.4615791440010071,0.0009393461514264345,0.9933852553367615,0.005675348453223705,0.3803475499153137,0.27253350615501404,0.34711894392967224,audio,text,0,0.042491111904382706,1.0892446041107178,0.4805678725242615,0.10015013068914413,0.24358849227428436,-0.3143962025642395,-0.7162280082702637,0.40183180570602417,0.6229972815505783,0.37700271844942174,0
403,ob23OKe5a9Q$_$3,-1.2000000476837158,-1.3076388835906982,0.0013967693084850907,0.9911201596260071,0.00748310424387455,-0.8674030303955078,-0.781000018119812,-0.7634895443916321,0.332597017288208,0.4190000295639038,0.43651050329208374,0.36025458574295044,0.32337328791618347,0.3163721561431885,audio,text,0,0.30000001192092896,0.2368421107530594,0.20000000298023224,0.523309588432312,0.476690411567688,0.0013967693084850907,0.9911201596260071,0.00748310424387455,0.35097047686576843,0.3201707601547241,0.32885876297950745,audio,text,1,0.05465266853570938,1.0978602170944214,0.4472995698451996,0.04542405903339386,0.10391348600387573,-1.1684916019439697,-1.4343903064727783,0.2658987045288086,0.5630629418998383,0.43693705810016165,0
37,cM3Yna7AavY$_$15,-2.4000000953674316,-1.8066246509552002,0.0017120161792263389,0.9920157194137573,0.006272285245358944,-1.480798363685608,-1.2752825021743774,-1.4052366018295288,0.9192017316818237,1.1247175931930542,0.9947634935379028,0.37267255783081055,0.2882434129714966,0.33908402919769287,audio,text,0,0.4545454680919647,0.28125,0.1538461595773697,0.5398644804954529,0.4601355195045471,0.0017120161792263389,0.9920157194137573,0.006272285245358944,0.4242999255657196,0.30871516466140747,0.26698485016822815,audio,text,1,0.05066860094666481,1.0791730880737305,0.4555336833000183,0.08487534523010254,0.20551586151123047,-1.6397972106933594,-1.9488143920898438,0.3090171813964844,0.4046151880651862,0.5953848119348139,1
570,vyB00TXsimI$_$17,1.399999976158142,-0.08138875663280487,0.0008165776380337775,0.9930411577224731,0.006142201367765665,0.664486289024353,0.5155996084213257,0.6309664249420166,0.7355136871337891,0.8844003677368164,0.7690335512161255,0.35853227972984314,0.297647625207901,0.343820184469223,audio,text,0,0.21052631735801697,0.1702127605676651,0.21052631735801697,0.5300536155700684,0.46994638442993164,0.0008165776380337775,0.9930411577224731,0.006142201367765665,0.3209632635116577,0.3087978959083557,0.37023887038230896,audio,vision,0,0.04402033984661102,1.095482349395752,0.4561622142791748,0.06377071142196655,0.14888668060302734,0.1830325573682785,-0.31582510471343994,0.49885767698287964,0.651030525292112,0.348969474707888,0
611,yDtzw_Y-7RU$_$2,0.800000011920929,0.22327086329460144,0.001543415361084044,0.9916089177131653,0.006847603712230921,0.933134913444519,0.8358691930770874,0.8996613025665283,0.1331349015235901,0.03586918115615845,0.09966129064559937,0.31525731086730957,0.3560144603252411,0.32872822880744934,audio,audio,1,0.40909090638160706,0.2222222238779068,0.1944444477558136,0.5361732244491577,0.4638267755508423,0.001543415361084044,0.9916089177131653,0.006847603712230921,0.4077991545200348,0.28842398524284363,0.30377689003944397,audio,text,0,0.05247493088245392,1.0863308906555176,0.4687900245189667,0.04034646600484848,0.09726572036743164,0.4485933184623718,0.02835143730044365,0.4202418923377991,0.6283867951886031,0.3716132048113969,0
667,zhpQhgha_KU$_$6,1.0,-0.6710646748542786,0.0011180277215316892,0.9919346570968628,0.006947312504053116,-0.23558387160301208,-0.28957292437553406,-0.1572483628988266,1.2355839014053345,1.2895729541778564,1.1572483777999878,0.3292056918144226,0.30772191286087036,0.36307239532470703,audio,vision,0,0.30000001192092896,0.25,0.25,0.5300130248069763,0.4699869751930237,0.0011180277215316892,0.9919346570968628,0.006947312504053116,0.335491418838501,0.3160698115825653,0.3484387695789337,audio,vision,1,0.05015501379966736,1.0978131294250488,0.4505765438079834,0.05432521551847458,0.13232456147670746,-0.49878692626953125,-0.8238312602043152,0.32504433393478394,0.6002016572771608,0.3997983427228392,0
250,fvVhgmXxadc$_$2,-2.799999952316284,-0.4034266173839569,0.001750376308336854,0.9866729974746704,0.011576575227081776,-0.07198727130889893,-0.19480156898498535,-0.19677750766277313,2.7280125617980957,2.605198383331299,2.603222370147705,0.299873411655426,0.3496309518814087,0.3504956066608429,audio,vision,0,0.23529411852359772,0.13953489065170288,0.26923078298568726,0.5306130647659302,0.4693869352340698,0.001750376308336854,0.9866729974746704,0.011576575227081776,0.3259071707725525,0.27504754066467285,0.39904528856277466,audio,vision,1,0.07596634328365326,1.0870180130004883,0.47441697120666504,0.05836651846766472,0.1247902363538742,-0.20476077497005463,-0.5791689157485962,0.37440812587738037,0.38508731626969106,0.6149126837303089,1
588,wMbj6ajWbic$_$4,1.0,0.09984174370765686,0.0010674213990569115,0.9942505359649658,0.004682095255702734,0.8015156984329224,0.6697158813476562,0.7491030693054199,0.19848430156707764,0.33028411865234375,0.2508969306945801,0.3591063618659973,0.30456024408340454,0.33633336424827576,audio,text,0,0.5,0.4000000059604645,0.25,0.5488664507865906,0.4511335492134094,0.0010674213990569115,0.9942505359649658,0.004682095255702734,0.39269524812698364,0.3334696292877197,0.27383512258529663,audio,text,1,0.03815152868628502,1.0879573822021484,0.44052061438560486,0.05418138578534126,0.1317998170852661,0.346615195274353,-0.10299043357372284,0.44960564374923706,0.63691680239754,0.3630831976024599,0
242,f_pcplsH_V0$_$8,0.800000011920929,-0.6826974153518677,0.0022628516890108585,0.9899078607559204,0.00782926194369793,-0.25954943895339966,-0.3344467282295227,-0.16344986855983734,1.0595494508743286,1.1344467401504517,0.9634498953819275,0.32913529872894287,0.29971954226493835,0.37114518880844116,audio,vision,0,0.625,0.1538461595773697,0.25806450843811035,0.5549868941307068,0.4450131058692932,0.0022628516890108585,0.9899078607559204,0.00782926194369793,0.5114375948905945,0.20654551684856415,0.2820168733596802,audio,text,0,0.06179538369178772,1.0256785154342651,0.5222415924072266,0.06998781859874725,0.17099685966968536,-0.45492035150527954,-0.8653391003608704,0.4104187488555908,0.6255149705752572,0.3744850294247429,0
72,cW1FSBF59ik$_$18,2.5999999046325684,-0.3226907551288605,0.0007686636527068913,0.9910951852798462,0.008136095479130745,0.23267264664173126,0.06187852472066879,0.33081141114234924,2.3673272132873535,2.538121461868286,2.269188404083252,0.3403359651565552,0.2749090790748596,0.3847549855709076,audio,vision,0,0.1818181872367859,0.15492957830429077,0.3488371968269348,0.5436379909515381,0.4563620090484619,0.0007686636527068913,0.9910951852798462,0.008136095479130745,0.2784377336502075,0.27455955743789673,0.44700267910957336,audio,vision,1,0.053523384034633636,1.0708141326904297,0.4776904582977295,0.11111892759799957,0.26893287897109985,-0.12163977324962616,-0.49146491289138794,0.3698251247406006,0.6135552537150619,0.386444746284938,0
558,vyB00TXsimI$_$5,1.7999999523162842,1.0302684307098389,0.0023646513000130653,0.9884967803955078,0.009138569235801697,1.4975680112838745,1.3684386014938354,1.4849191904067993,0.30243194103240967,0.43156135082244873,0.31508076190948486,0.35270196199417114,0.3001288175582886,0.34716925024986267,audio,text,0,0.5714285969734192,0.10000000149011612,0.27272728085517883,0.5463467836380005,0.4536532163619995,0.0023646513000130653,0.9884967803955078,0.009138569235801697,0.4888835549354553,0.20099475979804993,0.31012168526649475,audio,text,1,0.06864400953054428,1.0354390144348145,0.5250014066696167,0.05812068283557892,0.12912940979003906,1.2091753482818604,0.881714940071106,0.3274604082107544,0.6009261378406523,0.3990738621593477,0
171,dq3Nf_lMPnE$_$3,-1.2000000476837158,0.7460891008377075,0.0016154743498191237,0.9932969212532043,0.00508755212649703,1.282583236694336,1.145281195640564,1.270639181137085,2.4825832843780518,2.3452811241149902,2.470639228820801,0.3122777044773102,0.37074729800224304,0.3169749975204468,audio,audio,1,0.5714285969734192,0.21739129722118378,0.14814814925193787,0.5435218811035156,0.4564781188964844,0.0016154743498191237,0.9932969212532043,0.00508755212649703,0.49593138694763184,0.25855258107185364,0.2455160766839981,audio,text,0,0.043932169675827026,1.0423392057418823,0.4898295998573303,0.06210129335522652,0.13730204105377197,0.9352090954780579,0.5872561931610107,0.3479529023170471,0.39294705517179607,0.607052944828204,1
183,etzxEpPuc6I$_$15,0.20000000298023224,-0.26757317781448364,0.0023011155426502228,0.9862237572669983,0.011475099250674248,0.5894953608512878,0.3918173313140869,0.564630389213562,0.3894953727722168,0.19181732833385468,0.36463040113449097,0.30194392800331116,0.3865800201892853,0.31147605180740356,audio,audio,1,0.5,0.0,0.3125,0.5496698021888733,0.4503301978111267,0.0023011155426502228,0.9862237572669983,0.011475099250674248,0.4584376811981201,0.17826730012893677,0.3632950186729431,audio,text,0,0.07892457395792007,1.0328173637390137,0.538637638092041,0.08791359513998032,0.19767802953720093,0.002808317542076111,-0.4890897274017334,0.4918980598449707,0.6490514951772686,0.3509485048227315,0
170,dq3Nf_lMPnE$_$1,0.0,0.04800328612327576,0.0006884652539156377,0.9930180311203003,0.006293469108641148,0.7735199928283691,0.6287809610366821,0.7458490133285522,0.7735199928283691,0.6287809610366821,0.7458490133285522,0.30926069617271423,0.37059450149536133,0.32014480233192444,audio,audio,1,0.17391304671764374,0.17241379618644714,0.25581395626068115,0.5325356721878052,0.4674643278121948,0.0006884652539156377,0.9930180311203003,0.006293469108641148,0.2944745719432831,0.3059680759906769,0.3995573818683624,audio,vision,0,0.043867092579603195,1.0889168977737427,0.45803332328796387,0.06273400783538818,0.144739031791687,0.3097856640815735,-0.1817914992570877,0.4915771484375,0.4600869273165725,0.5399130726834275,1
5,c7UH_rxdZv4$_$21,-0.800000011920929,0.927251398563385,0.0006410820060409606,0.9950226545333862,0.004336265847086906,1.282943606376648,1.1957528591156006,1.2772433757781982,2.0829436779022217,1.9957528114318848,2.0772433280944824,0.3202766478061676,0.3571564257144928,0.322566956281662,audio,audio,1,0.2631579041481018,0.30434781312942505,0.2068965584039688,0.5211115479469299,0.47888845205307007,0.0006410820060409606,0.9950226545333862,0.004336265847086906,0.31629678606987,0.3581380248069763,0.3255652189254761,audio,audio,1,0.033270880579948425,1.097177267074585,0.4245898127555847,0.03982657194137573,0.08719074726104736,1.042853832244873,0.8210156559944153,0.22183817625045776,0.43111640005370117,0.5688835999462988,1
122,d6hH302o4v8$_$43,-2.5,0.5492794513702393,0.0012830669293180108,0.9908677339553833,0.007849164307117462,1.0775963068008423,0.9749865531921387,1.0157904624938965,3.5775961875915527,3.4749865531921387,3.5157904624938965,0.31083211302757263,0.3533697724342346,0.33579808473587036,audio,audio,1,0.3076923191547394,0.25,0.2631579041481018,0.5288676619529724,0.4711323380470276,0.0012830669293180108,0.9908677339553833,0.007849164307117462,0.3373168706893921,0.30931323766708374,0.35336992144584656,audio,vision,0,0.05568135529756546,1.0971111059188843,0.4543697237968445,0.04218170419335365,0.10260975360870361,0.7031832933425903,0.4121769070625305,0.2910063862800598,0.41005016962984936,0.5899498303701506,1
574,wMbj6ajWbic$_$24,1.399999976158142,1.1283998489379883,0.001003132900223136,0.9939672946929932,0.005029584746807814,1.4496427774429321,1.3742892742156982,1.4609708786010742,0.04964280128479004,0.025710701942443848,0.06097090244293213,0.33153125643730164,0.3415989279747009,0.32686981558799744,audio,audio,1,0.5,0.29411765933036804,0.2857142984867096,0.5411387085914612,0.4588612914085388,0.001003132900223136,0.9939672946929932,0.005029584746807814,0.40882882475852966,0.28375571966171265,0.30741551518440247,audio,text,0,0.03955937922000885,1.0857244729995728,0.4734744429588318,0.03847099468111992,0.08668160438537598,1.255384087562561,1.0207229852676392,0.23466110229492188,0.5728102895779765,0.42718971042202336,0
91,cXypl4FnoZo$_$8,1.399999976158142,0.07776466012001038,0.0011707296362146735,0.9915040135383606,0.007325282320380211,0.8240652084350586,0.6976937055587769,0.7921398878097534,0.5759347677230835,0.7023062705993652,0.6078600883483887,0.3552702069282532,0.30335816740989685,0.34137165546417236,audio,text,0,0.30434781312942505,0.14084507524967194,0.2261904776096344,0.5341851115226746,0.46581488847732544,0.0011707296362146735,0.9915040135383606,0.007325282320380211,0.36663851141929626,0.2733737826347351,0.35998770594596863,audio,text,1,0.05237653851509094,1.0902141332626343,0.4787535071372986,0.05365431308746338,0.12637150287628174,0.3633851408958435,-0.17129932343959808,0.5346844792366028,0.6611348484158073,0.3388651515841928,0
585,wMbj6ajWbic$_$3,0.0,0.8094951510429382,0.0017137083923444152,0.9932026863098145,0.005083526950329542,1.2303643226623535,1.1540673971176147,1.2336277961730957,1.2303643226623535,1.1540673971176147,1.2336277961730957,0.3229978382587433,0.3553192913532257,0.321682870388031,audio,audio,1,0.5555555820465088,0.1111111119389534,0.09375,0.5341748595237732,0.4658251404762268,0.0017137083923444152,0.9932026863098145,0.005083526950329542,0.5298299789428711,0.22757652401924133,0.24259349703788757,audio,text,0,0.04453882947564125,1.0170235633850098,0.5104174613952637,0.03676007688045502,0.07956039905548096,0.9955123066902161,0.6472796201705933,0.3482326865196228,0.39286363375777106,0.6071363662422289,1
664,zhpQhgha_KU$_$5,-2.200000047683716,-2.050490617752075,0.0008916470687836409,0.994739830493927,0.004368589725345373,-1.8281776905059814,-1.537976861000061,-1.6009070873260498,0.3718223571777344,0.6620231866836548,0.599092960357666,0.40842002630233765,0.28416216373443604,0.3074178099632263,audio,text,0,0.30434781312942505,0.3055555522441864,0.11627907305955887,0.5314058661460876,0.46859413385391235,0.0008916470687836409,0.994739830493927,0.004368589725345373,0.3536556661128998,0.3671565055847168,0.2791878581047058,audio,audio,0,0.03524375334382057,1.0916872024536133,0.41838884353637695,0.12464556843042374,0.2902008295059204,-1.8915399312973022,-2.1906535625457764,0.2991136312484741,0.40760090354826733,0.5923990964517327,1
447,phBUpBr1hSo$_$21,0.800000011920929,-0.14519694447517395,0.0005793164600618184,0.9946159720420837,0.004804770462214947,0.5007046461105347,0.3233306407928467,0.5067815184593201,0.2992953658103943,0.4766693711280823,0.2932184934616089,0.35602813959121704,0.285228967666626,0.3587428629398346,audio,vision,0,0.17391304671764374,0.3137255012989044,0.22580644488334656,0.5302835702896118,0.4697164297103882,0.0005793164600618184,0.9946159720420837,0.004804770462214947,0.2735581398010254,0.37699323892593384,0.34944862127304077,audio,audio,0,0.03533608466386795,1.0897746086120605,0.4117484986782074,0.08508340269327164,0.1834508776664734,0.06978031247854233,-0.3356202244758606,0.4054005444049835,0.6240444475841235,0.3759555524158766,0
293,jUzDDGyPkXU$_$10,2.4000000953674316,0.9713743925094604,0.0006567751988768578,0.9941176176071167,0.005225633271038532,1.3575631380081177,1.2557156085968018,1.3566174507141113,1.042436957359314,1.1442844867706299,1.0433826446533203,0.34730902314186096,0.3057921826839447,0.34689876437187195,audio,text,0,0.190476194024086,0.20338982343673706,0.2075471729040146,0.5183714032173157,0.4816285967826843,0.0006567751988768578,0.9941176176071167,0.005225633271038532,0.30571940541267395,0.3288056552410126,0.3654748797416687,audio,vision,0,0.03813440352678299,1.0959025621414185,0.4435412883758545,0.04779001697897911,0.10184752941131592,1.1006019115447998,0.8513067364692688,0.249295175075531,0.5772803837932557,0.42271961620674436,0
454,rnaNMUZpvvg$_$5,-2.799999952316284,-0.6013151407241821,0.0012521148892119527,0.9932917356491089,0.005456192418932915,-0.2026005983352661,-0.29605311155319214,-0.07464070618152618,2.5973992347717285,2.5039467811584473,2.7253592014312744,0.3360103666782379,0.37764614820480347,0.28634345531463623,audio,audio,1,0.3636363744735718,0.0476190485060215,0.07999999821186066,0.5326477885246277,0.4673522114753723,0.0012521148892119527,0.9932917356491089,0.005456192418932915,0.44965407252311707,0.2547920346260071,0.29555392265319824,audio,text,0,0.04348571598529816,1.0680290460586548,0.49233314394950867,0.09075643122196198,0.22141240537166595,-0.3648074269294739,-0.8088301420211792,0.4440227150917053,0.3646985719773754,0.6353014280226247,1
414,pLTX3ipuDJI$_$12,-2.0,-0.08221781253814697,0.0011229689698666334,0.9922641515731812,0.006612882483750582,0.6645699739456177,0.48977598547935486,0.6295657157897949,2.664569854736328,2.4897758960723877,2.629565715789795,0.30405059456825256,0.37829965353012085,0.317649781703949,audio,audio,1,0.3611111044883728,0.22727273404598236,0.2586206793785095,0.5416174530982971,0.4583825469017029,0.0011229689698666334,0.9922641515731812,0.006612882483750582,0.36652201414108276,0.2905445992946625,0.34293338656425476,audio,text,0,0.048521094024181366,1.0940033197402954,0.46781301498413086,0.07551262527704239,0.17479398846626282,0.17283517122268677,-0.2980746626853943,0.47090983390808105,0.35694758375770924,0.6430524162422908,1
568,vyB00TXsimI$_$15,2.5999999046325684,0.6345947980880737,0.0006610474665649235,0.9938040971755981,0.005534874740988016,1.1634626388549805,1.072989821434021,1.1403892040252686,1.436537265777588,1.5270100831985474,1.4596107006072998,0.3490840494632721,0.3117562532424927,0.33915966749191284,audio,text,0,0.15000000596046448,0.2753623127937317,0.2195121943950653,0.518431544303894,0.48156845569610596,0.0006610474665649235,0.9938040971755981,0.005534874740988016,0.2734720706939697,0.3646831512451172,0.3618448078632355,audio,audio,0,0.03977964073419571,1.0902669429779053,0.4194139838218689,0.03838459029793739,0.09047281742095947,0.7909934520721436,0.4893168807029724,0.30167657136917114,0.5931724339825809,0.40682756601741904,0
63,cW1FSBF59ik$_$11,-1.0,-0.3287842869758606,0.0014399850042536855,0.9915001392364502,0.007059840951114893,0.4270480275154114,0.2897774875164032,0.41715502738952637,1.4270479679107666,1.2897775173187256,1.4171550273895264,0.31253597140312195,0.37103918194770813,0.3164248466491699,audio,audio,1,0.4117647111415863,0.21176470816135406,0.2330097109079361,0.5391405820846558,0.46085941791534424,0.0014399850042536855,0.9915001392364502,0.007059840951114893,0.4016686975955963,0.2768264710903168,0.3215048611164093,audio,text,0,0.05285535752773285,1.0867445468902588,0.4764491319656372,0.06250876188278198,0.13727053999900818,-0.1262413114309311,-0.5019187927246094,0.3756774663925171,0.38471166786186756,0.6152883321381325,1
552,vyB00TXsimI$_$20,2.200000047683716,-0.4852104187011719,0.0009476472623646259,0.9921390414237976,0.006913371384143829,-0.11601671576499939,-0.20014429092407227,0.004658102989196777,2.316016674041748,2.400144338607788,2.1953420639038086,0.32647785544395447,0.29388904571533203,0.3796331286430359,audio,vision,0,0.27272728085517883,0.19354838132858276,0.2702702581882477,0.535542905330658,0.46445709466934204,0.0009476472623646259,0.9921390414237976,0.006913371384143829,0.33086660504341125,0.29167285561561584,0.3774605393409729,audio,vision,1,0.04881620407104492,1.0930840969085693,0.46697744727134705,0.08405281603336334,0.20480239391326904,-0.30543053150177,-0.6411270499229431,0.3356965184211731,0.6033924707067189,0.39660752929328114,0
131,d6hH302o4v8$_$28,-1.0,-0.48840007185935974,0.0015154285356402397,0.9893938899040222,0.00909061636775732,-0.2298010289669037,-0.2533849775791168,-0.36144328117370605,0.7701989412307739,0.7466150522232056,0.638556718826294,0.3116444945335388,0.32096847891807556,0.3673870265483856,audio,vision,0,0.190476194024086,0.1875,0.17241379618644714,0.5199103951454163,0.48008960485458374,0.0015154285356402397,0.9893938899040222,0.00909061636775732,0.320848286151886,0.3255833089351654,0.3535683751106262,audio,vision,1,0.06311845034360886,1.0976825952529907,0.44254040718078613,0.057312481105327606,0.13164225220680237,-0.3061387538909912,-0.6567016839981079,0.3505629301071167,0.39216908362938846,0.6078309163706115,1
439,phBUpBr1hSo$_$3,2.799999952316284,0.6059819459915161,0.0007207829621620476,0.9936599135398865,0.00561935268342495,1.1266636848449707,1.021265983581543,1.11041259765625,1.6733362674713135,1.7787339687347412,1.6895873546600342,0.35008445382118225,0.3068709075450897,0.34304460883140564,audio,text,0,0.2857142984867096,0.24390244483947754,0.2857142984867096,0.5320289731025696,0.4679710268974304,0.0007207829621620476,0.9936599135398865,0.00561935268342495,0.321028470993042,0.30852827429771423,0.3704432547092438,audio,vision,0,0.04065180569887161,1.095442533493042,0.4567544460296631,0.04633200168609619,0.10539770126342773,0.7836173176765442,0.4497343897819519,0.3338829278945923,0.602849830820673,0.39715016917932694,0
517,tmZoasNr4rU$_$2,-2.0,-0.12576857209205627,0.0010801873868331313,0.9933673739433289,0.005552493967115879,0.6604678630828857,0.48085761070251465,0.6270081400871277,2.6604678630828857,2.4808576107025146,2.6270081996917725,0.30354318022727966,0.37994882464408875,0.3165079355239868,audio,audio,1,0.3571428656578064,0.2083333283662796,0.1744185984134674,0.5374581217765808,0.4625418782234192,0.0010801873868331313,0.9933673739433289,0.005552493967115879,0.38936251401901245,0.29999929666519165,0.3106382489204407,audio,text,0,0.04282583296298981,1.0916310548782349,0.4622454047203064,0.0779881700873375,0.1796102523803711,0.125538170337677,-0.3420456647872925,0.4675838351249695,0.3579024458738725,0.6420975541261275,1
378,nzpVDcQ0ywM$_$1,0.0,0.44850844144821167,0.0011973768705502152,0.9914280772209167,0.007374552544206381,0.943371057510376,0.8517358303070068,0.8892187476158142,0.943371057510376,0.8517358303070068,0.8892187476158142,0.31334248185157776,0.35137036442756653,0.33528709411621094,audio,audio,1,0.20000000298023224,0.2291666716337204,0.17543859779834747,0.514866054058075,0.48513394594192505,0.0011973768705502152,0.9914280772209167,0.007374552544206381,0.314200222492218,0.34278562664985657,0.3430141508579254,audio,vision,0,0.05279754474759102,1.0977803468704224,0.4324283003807068,0.03761569410562515,0.09163522720336914,0.5790569186210632,0.3254988193511963,0.25355809926986694,0.42141981483291324,0.5785801851670868,1
224,f9O3YtZ2VfI$_$16,-1.0,0.0660335123538971,0.0011819774517789483,0.9907748103141785,0.00804321188479662,0.7123713493347168,0.5833041071891785,0.6770303249359131,1.7123713493347168,1.5833041667938232,1.677030324935913,0.3105354905128479,0.36490321159362793,0.3245612680912018,audio,audio,1,0.2083333283662796,0.07407407462596893,0.19607843458652496,0.5269307494163513,0.4730692505836487,0.0011819774517789483,0.9907748103141785,0.00804321188479662,0.3428659737110138,0.2723453938961029,0.3847885727882385,audio,vision,0,0.05594150722026825,1.0887410640716553,0.47895294427871704,0.05445890128612518,0.12906724214553833,0.33274078369140625,-0.17341159284114838,0.5061523914337158,0.346900732304083,0.653099267695917,1
434,phBUpBr1hSo$_$16,-1.600000023841858,-0.35269057750701904,0.0007204473367892206,0.9958367347717285,0.00344283739104867,0.07652324438095093,-0.08746638894081116,0.20785638689994812,1.676523208618164,1.5125336647033691,1.8078564405441284,0.32508593797683716,0.3990459144115448,0.27586814761161804,audio,audio,1,0.36000001430511475,0.2291666716337204,0.1034482792019844,0.5372720956802368,0.4627279043197632,0.0007204473367892206,0.9958367347717285,0.00344283739104867,0.40022215247154236,0.32307666540145874,0.2767012119293213,audio,text,0,0.028893375769257545,1.0870412588119507,0.44850677251815796,0.12081047147512436,0.2953227758407593,-0.1483946591615677,-0.5286412835121155,0.380246639251709,0.3833606168261353,0.6166393831738647,1
193,etzxEpPuc6I$_$4,0.800000011920929,0.32583126425743103,0.0007597119547426701,0.9920979738235474,0.007142303977161646,0.920729398727417,0.8273904323577881,0.9187332987785339,0.12072938680648804,0.02739042043685913,0.11873328685760498,0.3198719322681427,0.35945695638656616,0.32067108154296875,audio,audio,1,0.1818181872367859,0.15094339847564697,0.29032257199287415,0.5305556654930115,0.4694443345069885,0.0007597119547426701,0.9920979738235474,0.007142303977161646,0.29328039288520813,0.2874247431755066,0.41929489374160767,audio,vision,0,0.048622652888298035,1.082547903060913,0.4697822034358978,0.04353756830096245,0.0933389663696289,0.5485453009605408,0.12877021729946136,0.4197750687599182,0.6282505286430017,0.37174947135699826,0
116,d3_k5Xpfmik$_$4,-1.0,-0.08741322159767151,0.001885251491330564,0.9915094375610352,0.0066053676418960094,0.6859028339385986,0.5153268575668335,0.6349866390228271,1.6859028339385986,1.5153268575668335,1.6349866390228271,0.3027210533618927,0.3746647834777832,0.3226141035556793,audio,audio,1,0.6111111044883728,0.21276596188545227,0.25,0.5598703026771545,0.44012969732284546,0.001885251491330564,0.9915094375610352,0.0066053676418960094,0.4933469891548157,0.23087917268276215,0.2757737636566162,audio,text,0,0.05343998968601227,1.0422520637512207,0.5070868134498596,0.07149754464626312,0.17057597637176514,0.21899151802062988,-0.3282865285873413,0.5472780466079712,0.335347384499679,0.6646526155003211,1
22,c7UH_rxdZv4$_$12,-2.799999952316284,-1.2145617008209229,0.0009743231348693371,0.9935484528541565,0.00547718396410346,-0.839398980140686,-0.7882610559463501,-0.6328849196434021,1.9606009721755981,2.0117387771606445,2.1671149730682373,0.36892709136009216,0.34608227014541626,0.2849906384944916,audio,text,0,0.3571428656578064,0.22727273404598236,0.2083333283662796,0.5349133610725403,0.4650866389274597,0.0009743231348693371,0.9935484528541565,0.00547718396410346,0.3767693340778351,0.30169469118118286,0.32153597474098206,audio,text,1,0.04170699417591095,1.094135046005249,0.4612358510494232,0.0878160297870636,0.20651406049728394,-1.059775710105896,-1.3491421937942505,0.2893664836883545,0.4105461449596829,0.5894538550403171,1
165,dq3Nf_lMPnE$_$10,1.0,0.8307058811187744,0.001146487076766789,0.9925857186317444,0.0062678419053554535,1.3150190114974976,1.189471960067749,1.3091926574707031,0.31501901149749756,0.18947196006774902,0.3091926574707031,0.31473979353904724,0.3682198226451874,0.3170403838157654,audio,audio,1,0.4000000059604645,0.25,0.2631579041481018,0.5363849401473999,0.4636150598526001,0.001146487076766789,0.9925857186317444,0.0062678419053554535,0.3764338195323944,0.2934943735599518,0.3300718069076538,audio,text,0,0.046942152082920074,1.0934410095214844,0.4660608768463135,0.05785910412669182,0.12554705142974854,0.98903888463974,0.693853497505188,0.295185387134552,0.5912129065528674,0.4087870934471326,0
337,lXPQBPVc5Cw$_$20,-1.7999999523162842,0.6687177419662476,0.001016839873045683,0.9925439357757568,0.006439269986003637,1.2081977128982544,1.0889314413070679,1.1887767314910889,3.008197784423828,2.8889312744140625,2.988776683807373,0.3139379024505615,0.36440956592559814,0.32165253162384033,audio,audio,1,0.1818181872367859,0.12121212482452393,0.12162162363529205,0.5130356550216675,0.4869643449783325,0.001016839873045683,0.9925439357757568,0.006439269986003637,0.3400590121746063,0.3131549060344696,0.34678611159324646,audio,vision,0,0.04692358523607254,1.0976536273956299,0.45292600989341736,0.052250176668167114,0.11926627159118652,0.8343037962913513,0.5115463733673096,0.32275742292404175,0.4004844966916686,0.5995155033083315,1
634,yvsjCA6Y5Fc$_$2,-1.2000000476837158,-0.24527978897094727,0.0006770071340724826,0.9952448010444641,0.004078224766999483,0.16233743727207184,-0.006836920976638794,0.1274266541004181,1.3623374700546265,1.1931631565093994,1.3274266719818115,0.3048691749572754,0.3766629993915558,0.31846779584884644,audio,audio,1,0.1666666716337204,0.3214285671710968,0.0882352963089943,0.5187405943870544,0.48125940561294556,0.0006770071340724826,0.9952448010444641,0.004078224766999483,0.29425564408302307,0.4163847863674164,0.28935953974723816,audio,audio,1,0.03212330862879753,1.0836089849472046,0.3859066665172577,0.07292723655700684,0.16917435824871063,-0.09066355973482132,-0.38872432708740234,0.2980607748031616,0.4079187259642072,0.5920812740357928,1
180,etzxEpPuc6I$_$10,-1.399999976158142,0.6068987250328064,0.0009642175864428282,0.9931676983833313,0.005868128035217524,1.1016799211502075,1.0155988931655884,1.0935262441635132,2.5016798973083496,2.4155988693237305,2.4935262203216553,0.32011809945106506,0.3564845621585846,0.32339733839035034,audio,audio,1,0.3333333432674408,0.15000000596046448,0.21276596188545227,0.5274403095245361,0.47255969047546387,0.0009642175864428282,0.9931676983833313,0.005868128035217524,0.3794836699962616,0.27610257267951965,0.34441378712654114,audio,text,0,0.043656330555677414,1.0901522636413574,0.47804340720176697,0.038800198584795,0.08608102798461914,0.7879987359046936,0.4446423649787903,0.3433563709259033,0.39431846377334306,0.6056815362266569,1
213,f9O3YtZ2VfI$_$7,-1.2000000476837158,-0.3464518189430237,0.0018148885574191809,0.988953709602356,0.009231398813426495,0.31026214361190796,0.10836319625377655,0.34019848704338074,1.5102622509002686,1.3083631992340088,1.540198564529419,0.3076593279838562,0.3959812819957733,0.2963593602180481,audio,audio,1,0.3636363744735718,0.05000000074505806,0.2083333283662796,0.5388991236686707,0.46110087633132935,0.0018148885574191809,0.988953709602356,0.009231398813426495,0.4159928858280182,0.2333550900220871,0.3506520092487335,audio,text,0,0.06569056212902069,1.0719085931777954,0.503732442855835,0.10296005755662918,0.2318352907896042,-0.11265617609024048,-0.5464954972267151,0.4338393211364746,0.3676529033196462,0.6323470966803538,1
480,tIrG4oNLFzE$_$3,2.5999999046325684,1.487687587738037,0.0010740073630586267,0.9927287101745605,0.0061973039992153645,1.704010009765625,1.6457945108413696,1.7378586530685425,0.8959898948669434,0.9542053937911987,0.8621412515640259,0.3363567292690277,0.31274959444999695,0.35089364647865295,audio,vision,0,0.3571428656578064,0.07692307978868484,0.21276596188545227,0.5265471339225769,0.4734528660774231,0.0010740073630586267,0.9927287101745605,0.0061973039992153645,0.406100332736969,0.24298356473445892,0.3509161174297333,audio,text,0,0.04609193652868271,1.0772053003311157,0.49983009696006775,0.03802133724093437,0.09206414222717285,1.6397428512573242,1.350964903831482,0.2887779474258423,0.5892758125778103,0.4107241874221898,0
35,cM3Yna7AavY$_$13,-1.600000023841858,-1.066292405128479,0.0019366665510460734,0.9913950562477112,0.006668312940746546,-0.8883662223815918,-0.7283158302307129,-1.4065840244293213,0.7116338014602661,0.871684193611145,0.19341599941253662,0.2680995762348175,0.21948756277561188,0.5124129056930542,audio,vision,0,0.30000001192092896,0.4285714328289032,0.0625,0.5526728630065918,0.4473271369934082,0.0019366665510460734,0.9913950562477112,0.006668312940746546,0.32864993810653687,0.4351588189601898,0.23619121313095093,audio,audio,0,0.05407657474279404,1.0686312913894653,0.3708241581916809,0.2894848883152008,0.6782681941986084,-0.9284278750419617,-1.1778783798217773,0.24945050477981567,0.4226722359715228,0.5773277640284771,1
163,d6hH302o4v8$_$32,-0.6000000238418579,-0.45128098130226135,0.003959702327847481,0.9831258654594421,0.012914462946355343,0.14046533405780792,0.020902633666992188,-0.1060902327299118,0.7404653429985046,0.6209026575088501,0.4939097762107849,0.28391626477241516,0.329683393239975,0.3864003121852875,audio,vision,0,0.4444444477558136,0.125,0.17241379618644714,0.5426602363586426,0.4573397636413574,0.003959702327847481,0.9831258654594421,0.012914462946355343,0.4552423059940338,0.24444018304347992,0.3003174662590027,audio,text,0,0.09480463713407516,1.0638617277145386,0.4924570918083191,0.10067112743854523,0.24655556678771973,-0.25063127279281616,-0.6203832626342773,0.3697519898414612,0.3986167737787627,0.6013832262212372,1
207,f9O3YtZ2VfI$_$29,-2.0,0.12379133701324463,0.0012175781885161996,0.9909132719039917,0.007869156077504158,0.8718994855880737,0.7231870889663696,0.8183861374855042,2.8718996047973633,2.72318696975708,2.8183860778808594,0.30548614263534546,0.36789417266845703,0.3266196548938751,audio,audio,1,0.25,0.10606060922145844,0.20253165066242218,0.5307130217552185,0.4692869782447815,0.0012175781885161996,0.9909132719039917,0.007869156077504158,0.3551124632358551,0.2752637565135956,0.3696237802505493,audio,vision,0,0.055340856313705444,1.090627908706665,0.4770996570587158,0.06150151789188385,0.1487123966217041,0.4043557047843933,-0.12429985404014587,0.5286555290222168,0.340555557833396,0.6594444421666039,1
232,f_pcplsH_V0$_$15,-1.0,-0.5336118340492249,0.0018223451916128397,0.9915987253189087,0.006578937638550997,-0.11651411652565002,-0.23616501688957214,-0.03547549247741699,0.8834859132766724,0.7638349533081055,0.964524507522583,0.32626521587371826,0.37890076637268066,0.2948339581489563,audio,audio,1,0.5833333134651184,0.18852458894252777,0.22857142984867096,0.5539873242378235,0.4460126757621765,0.0018223451916128397,0.9915987253189087,0.006578937638550997,0.49100664258003235,0.23130817711353302,0.2776852548122406,audio,text,0,0.052912354469299316,1.0436769723892212,0.5068604350090027,0.08243507891893387,0.20068952441215515,-0.3048657774925232,-0.7177742123603821,0.4129084348678589,0.37375631594744957,0.6262436840525504,1
87,cXypl4FnoZo$_$4,-0.800000011920929,-0.6431177854537964,0.0009526856010779738,0.9911064505577087,0.007940909825265408,-0.3026563227176666,-0.33177927136421204,-0.21110139787197113,0.49734368920326233,0.4682207405567169,0.5888985991477966,0.34142082929611206,0.3540787994861603,0.3045003414154053,audio,audio,1,0.1666666716337204,0.15492957830429077,0.24705882370471954,0.524344265460968,0.475655734539032,0.0009526856010779738,0.9911064505577087,0.007940909825265408,0.29855799674987793,0.2999327778816223,0.40150922536849976,audio,vision,0,0.05388103425502777,1.0884594917297363,0.4607824683189392,0.05141725018620491,0.1206778734922409,-0.47784727811813354,-0.7930418848991394,0.31519460678100586,0.4027563757555237,0.5972436242444763,1
599,wMbj6ajWbic$_$17,2.0,0.7498420476913452,0.0014747274108231068,0.9920129179954529,0.006512362044304609,1.2699421644210815,1.1358838081359863,1.2758573293685913,0.7300578355789185,0.8641161918640137,0.7241426706314087,0.3504914939403534,0.29641589522361755,0.35309258103370667,audio,vision,0,0.4545454680919647,0.2075471729040146,0.21875,0.5391225218772888,0.4608774781227112,0.0014747274108231068,0.9920129179954529,0.006512362044304609,0.42345234751701355,0.2722434103488922,0.30430424213409424,audio,text,0,0.05035281926393509,1.0801223516464233,0.479846328496933,0.06463506072759628,0.13997352123260498,0.9160014986991882,0.6077979803085327,0.3082035183906555,0.5951397721437205,0.40486022785627945,0
280,jUzDDGyPkXU$_$21,-1.0,-0.5017759799957275,0.0013350950321182609,0.9913333058357239,0.007331641856580973,-0.01961207389831543,-0.13104408979415894,0.08052419126033783,0.9803879261016846,0.8689559102058411,1.080524206161499,0.3298366367816925,0.3791331350803375,0.29103022813796997,audio,audio,1,0.375,0.1428571492433548,0.2380952388048172,0.5399330258369446,0.4600669741630554,0.0013350950321182609,0.9913333058357239,0.007331641856580973,0.39427632093429565,0.2606295049190521,0.3450941741466522,audio,text,0,0.053504765033721924,1.0845699310302734,0.4871358871459961,0.0864134207367897,0.21156828105449677,-0.2916799783706665,-0.6807949542999268,0.38911497592926025,0.3807434822956639,0.6192565177043362,1
497,tStelxIAHjw$_$2,-2.0,0.35234534740448,0.001168979681096971,0.9900336861610413,0.0087973577901721,1.0020514726638794,0.8995143175125122,0.9754970669746399,3.00205135345459,2.8995141983032227,2.975497007369995,0.3154078722000122,0.3585392236709595,0.32605287432670593,audio,audio,1,0.25,0.14814814925193787,0.2777777910232544,0.5322358012199402,0.4677641987800598,0.001168979681096971,0.9900336861610413,0.0087973577901721,0.32770681381225586,0.2753741443157196,0.39691904187202454,audio,vision,0,0.05944954231381416,1.0874930620193481,0.4764397144317627,0.04345162585377693,0.10253715515136719,0.5784875154495239,0.15359660983085632,0.4248909056186676,0.37025718851811235,0.6297428114818877,1
401,ob23OKe5a9Q$_$14,0.800000011920929,-0.2015848159790039,0.000817911874037236,0.9919323325157166,0.007249806076288223,0.521156907081604,0.3191283345222473,0.5205256938934326,0.27884310483932495,0.48087167739868164,0.27947431802749634,0.3602253794670105,0.2798333168029785,0.3599412739276886,audio,text,0,0.1428571492433548,0.19387754797935486,0.24786324799060822,0.531123697757721,0.46887630224227905,0.000817911874037236,0.9919323325157166,0.007249806076288223,0.2811245322227478,0.3211495578289032,0.397725909948349,audio,vision,0,0.049567557871341705,1.088212490081787,0.44718849658966064,0.09508875012397766,0.2020285725593567,0.010617189109325409,-0.38891685009002686,0.39953404664993286,0.6223224432946152,0.37767755670538483,0
353,lXPQBPVc5Cw$_$10,-2.200000047683716,-0.3272751569747925,0.001089458237402141,0.9919106364250183,0.006999935954809189,0.37043190002441406,0.23465675115585327,0.3288730978965759,2.57043194770813,2.434656858444214,2.5288732051849365,0.3088046908378601,0.36592474579811096,0.32527056336402893,audio,audio,1,0.2448979616165161,0.21052631735801697,0.20765027403831482,0.5253375768661499,0.4746624231338501,0.001089458237402141,0.9919106364250183,0.006999935954809189,0.33101707696914673,0.31738242506980896,0.3516004979610443,audio,vision,0,0.05022156611084938,1.0977246761322021,0.4496855139732361,0.05680252984166145,0.1357751488685608,-0.1432919204235077,-0.4935109615325928,0.3502190411090851,0.3922715554750437,0.6077284445249563,1
178,dq3Nf_lMPnE$_$8,0.6000000238418579,0.9662958383560181,0.00106960185803473,0.9923632144927979,0.006567147094756365,1.4132779836654663,1.2854411602020264,1.4241924285888672,0.8132779598236084,0.6854411363601685,0.8241924047470093,0.31648361682891846,0.3713212311267853,0.3121951222419739,audio,audio,1,0.25,0.13636364042758942,0.17307692766189575,0.5206153988838196,0.4793846011161804,0.00106960185803473,0.9923632144927979,0.006567147094756365,0.35310107469558716,0.29775989055633545,0.349139004945755,audio,text,0,0.04792845994234085,1.0956988334655762,0.4630689024925232,0.06299323588609695,0.13875126838684082,1.1235685348510742,0.821478545665741,0.30208998918533325,0.406702865109882,0.593297134890118,1
11,c7UH_rxdZv4$_$3,-0.800000011920929,-0.68708735704422,0.0015679211355745792,0.9922167062759399,0.006215360015630722,-0.3037799298763275,-0.37093982100486755,-0.20748038589954376,0.49622008204460144,0.4290601909160614,0.5925196409225464,0.3362290859222412,0.36567410826683044,0.29809677600860596,audio,audio,1,0.4285714328289032,0.1818181872367859,0.1538461595773697,0.5369706749916077,0.46302932500839233,0.0015679211355745792,0.9922167062759399,0.006215360015630722,0.4360261559486389,0.2753470540046692,0.2886267900466919,audio,text,0,0.0494571253657341,1.0756999254226685,0.47791311144828796,0.06708455085754395,0.1634594351053238,-0.4905667304992676,-0.8565468788146973,0.3659801483154297,0.4216245453732513,0.5783754546267488,1
153,d6hH302o4v8$_$16,-2.0,-0.28394728899002075,0.0061631775461137295,0.973590075969696,0.020246729254722595,0.005319550633430481,-0.08237862586975098,-0.5109625458717346,2.005319595336914,1.917621374130249,1.4890375137329102,0.24860060214996338,0.27740272879600525,0.4739966094493866,audio,vision,0,0.5,0.1666666716337204,0.2857142984867096,0.5663851499557495,0.4336148500442505,0.0061631775461137295,0.973590075969696,0.020246729254722595,0.4404410719871521,0.23023992776870728,0.329319030046463,audio,text,0,0.1363808959722519,1.0650742053985596,0.49556678533554077,0.22556652128696442,0.5162820816040039,-0.09053385257720947,-0.4320213198661804,0.34148746728897095,0.3948765424214342,0.6051234575785659,1
457,rnaNMUZpvvg$_$6,-2.5999999046325684,-0.31827235221862793,0.0011211613891646266,0.9930809140205383,0.005797911435365677,0.1659286767244339,-0.005550451576709747,0.19491592049598694,2.7659285068511963,2.594449520111084,2.7949159145355225,0.3121615946292877,0.3867852985858917,0.30105307698249817,audio,audio,1,0.30000001192092896,0.1666666716337204,0.1428571492433548,0.5295458436012268,0.4704541563987732,0.0011211613891646266,0.9930809140205383,0.005797911435365677,0.379779189825058,0.3014710545539856,0.3187498152256012,audio,text,0,0.04437229782342911,1.0936195850372314,0.46107324957847595,0.08846350014209747,0.2004663646221161,-0.12046860158443451,-0.4940032958984375,0.3735346794128418,0.3853458834609943,0.6146541165390057,1
121,d6hH302o4v8$_$42,-1.399999976158142,-1.4880454540252686,0.0038516640197485685,0.9801139235496521,0.016034342348575592,-1.391486644744873,-1.1016476154327393,-1.7975002527236938,0.008513331413269043,0.29835236072540283,0.39750027656555176,0.43271076679229736,0.3011988699436188,0.26609036326408386,audio,text,0,0.3636363744735718,0.2068965584039688,0.23529411852359772,0.5641210675239563,0.4358789324760437,0.0038516640197485685,0.9801139235496521,0.016034342348575592,0.380635529756546,0.2819019854068756,0.33746251463890076,audio,text,1,0.10736966133117676,1.0911897420883179,0.4654746651649475,0.2853972911834717,0.6958526372909546,-1.320842981338501,-1.6172375679016113,0.29639458656311035,0.5430433807157086,0.4569566192842913,0
201,f9O3YtZ2VfI$_$27,1.600000023841858,0.883205771446228,0.001200502272695303,0.9938520193099976,0.004947482142597437,1.2142339944839478,1.1242350339889526,1.164319634437561,0.38576602935791016,0.4757649898529053,0.4356803894042969,0.3529687523841858,0.315412312746048,0.33161893486976624,audio,text,0,0.4545454680919647,0.2916666567325592,0.1785714328289032,0.531173825263977,0.46882617473602295,0.001200502272695303,0.9938520193099976,0.004947482142597437,0.41404908895492554,0.311172217130661,0.2747787833213806,audio,text,1,0.040467992424964905,1.083317756652832,0.45511990785598755,0.03681489825248718,0.08999896049499512,0.9903404116630554,0.7886463403701782,0.2016940712928772,0.5626976429299694,0.4373023570700305,0
405,ob23OKe5a9Q$_$5,-1.7999999523162842,-0.5106589198112488,0.0011430240701884031,0.9924144148826599,0.006442519836127758,-0.16568481922149658,-0.27913978695869446,-0.11302559077739716,1.6343151330947876,1.520860195159912,1.6869744062423706,0.3237646520137787,0.37309595942497253,0.30313941836357117,audio,audio,1,0.3333333432674408,0.1826086938381195,0.21014492213726044,0.5335147976875305,0.4664852023124695,0.0011430240701884031,0.9924144148826599,0.006442519836127758,0.3746454119682312,0.2881573736667633,0.33719727396965027,audio,text,0,0.04780110716819763,1.0929198265075684,0.469504714012146,0.06931325793266296,0.1661141961812973,-0.3060210943222046,-0.6895865201950073,0.38356542587280273,0.38238040637263754,0.6176195936273625,1
126,d6hH302o4v8$_$27,-2.5999999046325684,-0.12393173575401306,0.003217805176973343,0.9897021055221558,0.007080127019435167,0.3244017958641052,0.20057305693626404,-0.3779470920562744,2.9244017601013184,2.8005728721618652,2.222052812576294,0.2186587005853653,0.2552639842033386,0.5260773301124573,audio,vision,0,0.4000000059604645,0.4444444477558136,0.0,0.5509213209152222,0.44907867908477783,0.003217805176973343,0.9897021055221558,0.007080127019435167,0.3804967701435089,0.42314544320106506,0.19635775685310364,audio,audio,0,0.06376174092292786,1.0512217283248901,0.3777044415473938,0.30610692501068115,0.7023488879203796,-0.0187687911093235,-0.20965437591075897,0.19088558852672577,0.440629666869074,0.5593703331309259,1
143,d6hH302o4v8$_$8,-2.200000047683716,-0.5206590294837952,0.0025944621302187443,0.9889233708381653,0.008482103236019611,-0.020151406526565552,-0.1317576766014099,-0.08071033656597137,2.1798486709594727,2.068242311477661,2.1192896366119385,0.30975615978240967,0.35612916946411133,0.3341146409511566,audio,audio,1,0.5,0.2222222238779068,0.1818181872367859,0.5403041243553162,0.45969587564468384,0.0025944621302187443,0.9889233708381653,0.008482103236019611,0.45448076725006104,0.2701902687549591,0.2753289043903351,audio,text,0,0.06692134588956833,1.0670983791351318,0.47915539145469666,0.045618195086717606,0.11160627007484436,-0.3249080181121826,-0.6872058510780334,0.36229783296585083,0.38867807050264197,0.6113219294973581,1
458,rnaNMUZpvvg$_$9,-1.399999976158142,-0.10625214874744415,0.0008479904499836266,0.9945723414421082,0.004579624626785517,0.6443718671798706,0.4396146535873413,0.594269871711731,2.0443718433380127,1.8396146297454834,1.994269847869873,0.29794591665267944,0.3848518133163452,0.31720227003097534,audio,audio,1,0.30000001192092896,0.32758620381355286,0.15942029654979706,0.5345783829689026,0.4654216170310974,0.0008479904499836266,0.9945723414421082,0.004579624626785517,0.33794960379600525,0.3690475821495056,0.29300278425216675,audio,audio,1,0.036076903343200684,1.0941874980926514,0.41701650619506836,0.08714863657951355,0.2047572135925293,0.13182690739631653,-0.31353163719177246,0.445358544588089,0.3643117806492612,0.6356882193507387,1
564,vyB00TXsimI$_$11,-0.20000000298023224,-0.7407642602920532,0.0017774150473996997,0.9872555732727051,0.010967021808028221,-0.231271892786026,-0.23553630709648132,-0.15530751645565033,0.03127188980579376,0.035536304116249084,0.04469248652458191,0.3357904553413391,0.3340052664279938,0.3302043080329895,audio,text,0,0.2666666805744171,0.027027027681469917,0.2222222238779068,0.5203554034233093,0.4796445965766907,0.0017774150473996997,0.9872555732727051,0.010967021808028221,0.3721790313720703,0.2386510968208313,0.389169842004776,audio,vision,0,0.07341116666793823,1.0770573616027832,0.4990696310997009,0.03685622662305832,0.080228790640831,-0.5806139707565308,-0.8883848786354065,0.30777090787887573,0.5950094694169282,0.40499053058307183,0
500,tStelxIAHjw$_$7,1.399999976158142,-0.2195437252521515,0.0012989359674975276,0.9918469190597534,0.006854105740785599,0.3669029772281647,0.1660875678062439,0.366954505443573,1.0330970287322998,1.233912467956543,1.0330455303192139,0.35996192693710327,0.28005295991897583,0.3599850535392761,audio,vision,0,0.5,0.29411765933036804,0.3499999940395355,0.5578046441078186,0.4421953558921814,0.0012989359674975276,0.9918469190597534,0.006854105740785599,0.3918428122997284,0.2727583944797516,0.33539876341819763,audio,text,0,0.05090611055493355,1.0878759622573853,0.4793923795223236,0.09467744827270508,0.2008669376373291,0.032794855535030365,-0.41958320140838623,0.4523780643939972,0.6377178396396779,0.3622821603603221,0
518,tmZoasNr4rU$_$5,-0.800000011920929,-1.7891712188720703,0.000715628731995821,0.993969202041626,0.0053151254542171955,-1.4958120584487915,-1.2785272598266602,-1.2679847478866577,0.6958120465278625,0.4785272479057312,0.46798473596572876,0.2746087312698364,0.3603058159351349,0.3650854229927063,audio,vision,0,0.25,0.35555556416511536,0.25925925374031067,0.5340197086334229,0.46598029136657715,0.000715628731995821,0.993969202041626,0.0053151254542171955,0.2904477119445801,0.370175302028656,0.33937695622444153,audio,audio,0,0.03903175890445709,1.09370756149292,0.4158626198768616,0.10500217229127884,0.2278273105621338,-1.6607434749603271,-1.9012360572814941,0.240492582321167,0.5745930297111956,0.42540697028880436,0
335,lXPQBPVc5Cw$_$26,-2.799999952316284,-1.5425769090652466,0.0010178819065913558,0.993486225605011,0.005495917517691851,-1.3157843351364136,-1.1592737436294556,-1.1019597053527832,1.4842156171798706,1.6407262086868286,1.698040246963501,0.3864333927631378,0.31776800751686096,0.2957985997200012,audio,text,0,0.27272728085517883,0.1428571492433548,0.12121212482452393,0.526681125164032,0.473318874835968,0.0010178819065913558,0.993486225605011,0.005495917517691851,0.37672188878059387,0.3028138279914856,0.32046428322792053,audio,text,1,0.042105112224817276,1.0942100286483765,0.4604482650756836,0.09037050604820251,0.21382462978363037,-1.3487522602081299,-1.7167637348175049,0.368011474609375,0.3869824212458153,0.6130175787541846,1
427,phBUpBr1hSo$_$11,2.0,-0.08249719440937042,0.0007989148725755513,0.9923564195632935,0.006844734773039818,0.6913325786590576,0.5175390243530273,0.6650192737579346,1.3086674213409424,1.4824609756469727,1.3349807262420654,0.3607011139392853,0.2902688682079315,0.3490300476551056,audio,text,0,0.2222222238779068,0.1428571492433548,0.2800000011920929,0.5399605631828308,0.4600394368171692,0.0007989148725755513,0.9923564195632935,0.006844734773039818,0.3138295114040375,0.27971646189689636,0.4064539968967438,audio,vision,0,0.04742838069796562,1.0859757661819458,0.4750933051109314,0.07648312300443649,0.17379355430603027,0.21718312799930573,-0.33782100677490234,0.5550041198730469,0.666801761397137,0.3331982386028631,0
0,c7UH_rxdZv4$_$24,-1.7999999523162842,-0.12482354044914246,0.0013083448866382241,0.9913249015808105,0.007366795092821121,0.8064024448394775,0.6384944915771484,0.7624052166938782,2.6064023971557617,2.4384944438934326,2.5624051094055176,0.3039446175098419,0.3749266266822815,0.321128785610199,audio,audio,1,0.2857142984867096,0.1515151560306549,0.1794871836900711,0.5322036743164062,0.46779632568359375,0.0013083448866382241,0.9913249015808105,0.007366795092821121,0.36871427297592163,0.29026952385902405,0.3410162329673767,audio,text,0,0.053500089794397354,1.0937999486923218,0.46737027168273926,0.07108890265226364,0.1679079532623291,0.14099526405334473,-0.35847294330596924,0.49946820735931396,0.34879610763978613,0.6512038923602138,1
249,fvVhgmXxadc$_$3,-2.200000047683716,-0.25304707884788513,0.0016717733815312386,0.987194836139679,0.011133402585983276,0.47548195719718933,0.26012852787971497,0.31968817114830017,2.6754820346832275,2.4601285457611084,2.519688129425049,0.283776193857193,0.37143632769584656,0.34478747844696045,audio,audio,1,0.20000000298023224,0.13636364042758942,0.23076923191547394,0.5317213535308838,0.4682786464691162,0.0016717733815312386,0.987194836139679,0.011133402585983276,0.31962138414382935,0.291005939245224,0.38937264680862427,audio,vision,0,0.073487788438797,1.0910505056381226,0.46412596106529236,0.0907965749502182,0.21535342931747437,-0.040538474917411804,-0.4402000904083252,0.3996616005897522,0.377640075965482,0.622359924034518,1
42,cM3Yna7AavY$_$2,2.5,-0.9365475177764893,0.0018215273739770055,0.9880969524383545,0.010081524029374123,-0.5790810585021973,-0.5402770042419434,-0.622432291507721,3.0790810585021973,3.0402770042419434,3.122432231903076,0.3336721658706665,0.3502558469772339,0.3160719871520996,audio,audio,1,0.2142857164144516,0.1538461595773697,0.1666666716337204,0.5158394575119019,0.48416054248809814,0.0018215273739770055,0.9880969524383545,0.010081524029374123,0.3377743065357208,0.31034964323043823,0.35187608003616333,audio,vision,0,0.0696675181388855,1.0972652435302734,0.451831579208374,0.03355686366558075,0.08215528726577759,-0.7731969356536865,-1.0898663997650146,0.3166694641113281,0.5976870041393159,0.40231299586068414,0
467,rnaNMUZpvvg$_$16,-1.7999999523162842,0.6737197041511536,0.001634610933251679,0.99285489320755,0.005510502494871616,1.1215276718139648,1.0455050468444824,1.1010475158691406,2.921527624130249,2.8455049991607666,2.901047468185425,0.3199364244937897,0.35183092951774597,0.32823261618614197,audio,audio,1,0.5,0.1428571492433548,0.11764705926179886,0.5337767004966736,0.4662232995033264,0.001634610933251679,0.99285489320755,0.005510502494871616,0.48799070715904236,0.24978508055210114,0.2622242271900177,audio,text,0,0.04626840353012085,1.0476053953170776,0.49537989497184753,0.0321175642311573,0.07602262496948242,0.8697316646575928,0.5025144815444946,0.36721718311309814,0.3872179819216781,0.6127820180783219,1
50,cW1FSBF59ik$_$20,2.5,1.0736852884292603,0.0009721626993268728,0.9941563606262207,0.004871515557169914,1.4427189826965332,1.3467724323272705,1.4401274919509888,1.0572810173034668,1.1532275676727295,1.0598725080490112,0.346771240234375,0.30757907032966614,0.34564968943595886,audio,text,0,0.3636363744735718,0.22807016968727112,0.15942029654979706,0.5234987139701843,0.4765012860298157,0.0009721626993268728,0.9941563606262207,0.004871515557169914,0.3911616802215576,0.3100058138370514,0.298832505941391,audio,text,1,0.03850707411766052,1.091176986694336,0.4561004042625427,0.04463133215904236,0.0959465503692627,1.172611117362976,0.9836406111717224,0.18897050619125366,0.5587802254024561,0.44121977459754397,0
443,phBUpBr1hSo$_$7,-1.0,-0.3951624929904938,0.0009063223260454834,0.9934149980545044,0.005678625777363777,0.14333577454090118,-0.016001909971237183,0.2505068778991699,1.1433358192443848,0.9839980602264404,1.25050687789917,0.32310032844543457,0.3943091332912445,0.2825905680656433,audio,audio,1,0.2857142984867096,0.15833333134651184,0.1805555522441864,0.5335075259208679,0.4664924740791321,0.0009063223260454834,0.9934149980545044,0.005678625777363777,0.364731103181839,0.29464057087898254,0.34062832593917847,audio,text,0,0.042277488857507706,1.0947606563568115,0.4658496379852295,0.10949432849884033,0.2665087878704071,-0.19765907526016235,-0.5678570866584778,0.37019801139831543,0.38633423984316145,0.6136657601568386,1
217,f9O3YtZ2VfI$_$11,-0.800000011920929,-0.13383159041404724,0.0016142900567501783,0.9887579679489136,0.009627660736441612,0.35894352197647095,0.18234726786613464,0.1404779553413391,1.1589435338974,0.9823472499847412,0.9404779672622681,0.280818909406662,0.35018283128738403,0.36899831891059875,audio,vision,0,0.2222222238779068,0.11764705926179886,0.190476194024086,0.5276150703430176,0.4723849296569824,0.0016142900567501783,0.9887579679489136,0.009627660736441612,0.34180545806884766,0.28858059644699097,0.3696138858795166,audio,vision,1,0.06625896692276001,1.0934505462646484,0.46678492426872253,0.09467281401157379,0.21846556663513184,0.05742253363132477,-0.30506545305252075,0.3624879717826843,0.3886215945774557,0.6113784054225443,1
379,nzpVDcQ0ywM$_$3,0.800000011920929,0.29081112146377563,0.002076393226161599,0.9862638711929321,0.011659759096801281,0.895622968673706,0.8072640895843506,0.7969658970832825,0.0956229567527771,0.007264077663421631,0.0030341148376464844,0.30869168043136597,0.3447403609752655,0.3465679883956909,audio,vision,0,0.29411765933036804,0.11594203114509583,0.2409638613462448,0.5252860188484192,0.4747139811515808,0.002076393226161599,0.9862638711929321,0.011659759096801281,0.36368152499198914,0.2615998387336731,0.37471866607666016,audio,vision,1,0.07837219536304474,1.086461067199707,0.48310935497283936,0.04428011551499367,0.09865707159042358,0.4509524703025818,0.1460874080657959,0.3048650622367859,0.5941338795539601,0.40586612044604,0
68,cW1FSBF59ik$_$14,-1.2000000476837158,0.40905049443244934,0.000988334184512496,0.9930104613304138,0.006001216825097799,1.0315518379211426,0.9322915077209473,1.0225690603256226,2.2315518856048584,2.132291555404663,2.222568988800049,0.3181275427341461,0.36015257239341736,0.3217198848724365,audio,audio,1,0.260869562625885,0.14423076808452606,0.1607142835855484,0.5225275754928589,0.4774724245071411,0.000988334184512496,0.9930104613304138,0.006001216825097799,0.36212754249572754,0.2974161207675934,0.3404562771320343,audio,text,0,0.044504787772893906,1.0953187942504883,0.4637295603752136,0.04482479766011238,0.09926033020019531,0.6226031184196472,0.2139115333557129,0.4086915850639343,0.37499089280269116,0.6250091071973088,1
466,rnaNMUZpvvg$_$17,-1.600000023841858,0.07536697387695312,0.0009190564742311835,0.9934380650520325,0.005642860662192106,0.786773681640625,0.6852930784225464,0.7771746516227722,2.3867735862731934,2.2852931022644043,2.3771746158599854,0.31773078441619873,0.36070308089256287,0.3215661346912384,audio,audio,1,0.2857142984867096,0.2380952388048172,0.20000000298023224,0.5301729440689087,0.4698270559310913,0.0009190564742311835,0.9934380650520325,0.005642860662192106,0.34372594952583313,0.32370737195014954,0.33256667852401733,audio,text,0,0.042181674391031265,1.0983107089996338,0.4464871287345886,0.04574408009648323,0.10148060321807861,0.3488391637802124,-0.16697773337364197,0.5158169269561768,0.3441688186491149,0.655831181350885,1
227,f9O3YtZ2VfI$_$30,-1.0,-0.29102736711502075,0.0008542254799976945,0.9930773973464966,0.006068388931453228,0.25321629643440247,0.10532534867525101,0.17882169783115387,1.25321626663208,1.1053253412246704,1.1788216829299927,0.3029835820198059,0.3645057678222656,0.33251065015792847,audio,audio,1,0.1428571492433548,0.2800000011920929,0.1666666716337204,0.5193816423416138,0.48061835765838623,0.0008542254799976945,0.9930773973464966,0.006068388931453228,0.2811528146266937,0.3805883228778839,0.33825886249542236,audio,audio,1,0.04391101375222206,1.0910587310791016,0.40832608938217163,0.0603766031563282,0.14789095520973206,-0.13056375086307526,-0.43951499462127686,0.3089512586593628,0.404635043835826,0.595364956164174,1
575,wMbj6ajWbic$_$25,2.0,0.08367106318473816,0.0009884457103908062,0.9919695258140564,0.007042077369987965,0.7804582118988037,0.6733064651489258,0.7777060866355896,1.2195417881011963,1.3266935348510742,1.2222938537597656,0.34828540682792664,0.3046252727508545,0.3470892906188965,audio,text,0,0.3333333432674408,0.1304347813129425,0.29629629850387573,0.5401355624198914,0.45986443758010864,0.0009884457103908062,0.9919695258140564,0.007042077369987965,0.36145901679992676,0.25178664922714233,0.3867543339729309,audio,vision,0,0.04973704367876053,1.0824837684631348,0.49345526099205017,0.049875807017087936,0.10715174674987793,0.3797539472579956,-0.1684100329875946,0.5481640100479126,0.6648994021260981,0.33510059787390195,0
404,ob23OKe5a9Q$_$2,1.0,0.8956096172332764,0.0015259658684954047,0.9895815849304199,0.008892408572137356,1.2651246786117554,1.175053596496582,1.1928776502609253,0.26512467861175537,0.17505359649658203,0.1928776502609253,0.3111693859100342,0.34825193881988525,0.34057867527008057,audio,audio,1,0.4285714328289032,0.3125,0.3684210479259491,0.5391190648078918,0.46088093519210815,0.0015259658684954047,0.9895815849304199,0.008892408572137356,0.35285255312919617,0.2879175543785095,0.3592298924922943,audio,vision,0,0.062254928052425385,1.0938259363174438,0.4677760601043701,0.03894459083676338,0.09007108211517334,1.0033116340637207,0.8035376071929932,0.19977402687072754,0.560068101763452,0.439931898236548,0
32,c7UH_rxdZv4$_$32,-2.200000047683716,0.03393137454986572,0.0009336289367638528,0.9938860535621643,0.005180349573493004,0.8019797801971436,0.6517527103424072,0.767381489276886,3.0019798278808594,2.851752758026123,2.967381477355957,0.30761948227882385,0.37116527557373047,0.3212152421474457,audio,audio,1,0.3333333432674408,0.20000000298023224,0.17391304671764374,0.536580502986908,0.46341949701309204,0.0009336289367638528,0.9938860535621643,0.005180349573493004,0.3795374035835266,0.30297017097473145,0.31749245524406433,audio,text,0,0.039872169494628906,1.0937391519546509,0.46061059832572937,0.06423499435186386,0.15022706985473633,0.3306436538696289,-0.2223251312971115,0.5529688000679016,0.3337637385575781,0.6662362614424219,1
601,wMbj6ajWbic$_$19,-0.6000000238418579,-0.37877076864242554,0.0007165019051171839,0.9942356944084167,0.005047856830060482,0.018126174807548523,-0.13203385472297668,0.1692536175251007,0.6181262135505676,0.4679661691188812,0.7692536115646362,0.3295617401599884,0.39760681986808777,0.2728314995765686,audio,audio,1,0.3529411852359772,0.2199999988079071,0.28333333134651184,0.5460136532783508,0.45398634672164917,0.0007165019051171839,0.9942356944084167,0.005047856830060482,0.3556475043296814,0.286484032869339,0.3578684329986572,audio,vision,0,0.03763298690319061,1.0935415029525757,0.4718344211578369,0.12300030887126923,0.3012874722480774,-0.1716882437467575,-0.550950825214386,0.3792625665664673,0.3836514373486991,0.6163485626513009,1
556,vyB00TXsimI$_$3,2.200000047683716,-0.5449236035346985,0.0006092195399105549,0.9952448010444641,0.0041459910571575165,-0.1793021857738495,-0.27877599000930786,-0.020884469151496887,2.3793022632598877,2.478775978088379,2.2208845615386963,0.32236573100090027,0.28467392921447754,0.3929603695869446,audio,vision,0,0.2083333283662796,0.2142857164144516,0.130952388048172,0.5245593786239624,0.4754406213760376,0.0006092195399105549,0.9952448010444641,0.0041459910571575165,0.32854193449020386,0.34723490476608276,0.324223130941391,audio,audio,0,0.03199741244316101,1.0981661081314087,0.4320065975189209,0.10619648545980453,0.25789153575897217,-0.36896342039108276,-0.7044072151184082,0.33544379472732544,0.603316869105015,0.3966831308949849,0
594,wMbj6ajWbic$_$10,-1.7999999523162842,-0.4457490146160126,0.0008353910525329411,0.994084894657135,0.0050797415897250175,-0.12325072288513184,-0.24014613032341003,0.040326401591300964,1.6767492294311523,1.5598537921905518,1.8403263092041016,0.33642706274986267,0.3893585801124573,0.27421432733535767,audio,audio,1,0.3636363744735718,0.15789473056793213,0.22727273404598236,0.5433037281036377,0.4566962718963623,0.0008353910525329411,0.994084894657135,0.0050797415897250175,0.38852617144584656,0.2700705826282501,0.3414032459259033,audio,text,0,0.038652192801237106,1.0877554416656494,0.4826762080192566,0.11502987891435623,0.2804725170135498,-0.22753025591373444,-0.6291817426681519,0.4016515016555786,0.3770556596832446,0.6229443403167554,1
495,tStelxIAHjw$_$1,0.0,-0.6172635555267334,0.0009749194141477346,0.9909396171569824,0.008085445500910282,-0.26098474860191345,-0.33396315574645996,-0.14274422824382782,0.26098474860191345,0.33396315574645996,0.14274422824382782,0.3255106508731842,0.2971307337284088,0.3773585855960846,audio,vision,0,0.2083333283662796,0.18840579688549042,0.28915661573410034,0.5339070558547974,0.46609294414520264,0.0009749194141477346,0.9909396171569824,0.008085445500910282,0.299744576215744,0.29682302474975586,0.4034324586391449,audio,vision,1,0.05473162978887558,1.0878808498382568,0.46274441480636597,0.07879040390253067,0.19121892750263214,-0.4450675845146179,-0.7675880789756775,0.32252049446105957,0.5994443940459396,0.40055560595406037,0
102,d3_k5Xpfmik$_$11,2.4000000953674316,-0.6057599782943726,0.001656463835388422,0.9913873076438904,0.006956268101930618,-0.10326391458511353,-0.18043699860572815,-0.026150867342948914,2.5032639503479004,2.580437183380127,2.4261510372161865,0.3323109447956085,0.3017517030239105,0.36593735218048096,audio,vision,0,0.4375,0.16949152946472168,0.18571428954601288,0.5391681790351868,0.46083182096481323,0.001656463835388422,0.9913873076438904,0.006956268101930618,0.43387240171432495,0.2649310529232025,0.30119651556015015,audio,text,0,0.0537414513528347,1.0756232738494873,0.48430415987968445,0.06298705190420151,0.15428613126277924,-0.39581406116485596,-0.7852025628089905,0.3893885016441345,0.6193371285591647,0.3806628714408352,0
325,k5Y_838nuGo$_$15,-0.800000011920929,0.9186460971832275,0.0008501343545503914,0.9926389455795288,0.006510896608233452,1.3000305891036987,1.2168428897857666,1.2951642274856567,2.1000306606292725,2.016842842102051,2.0951642990112305,0.32095667719841003,0.3561283051967621,0.32291504740715027,audio,audio,1,0.1666666716337204,0.12962962687015533,0.1846153885126114,0.5136740207672119,0.4863259792327881,0.0008501343545503914,0.9926389455795288,0.006510896608233452,0.3167687654495239,0.30581292510032654,0.3774183392524719,audio,vision,0,0.04612208902835846,1.0942304134368896,0.4578840434551239,0.0381198488175869,0.08318769931793213,1.0365984439849854,0.8069735765457153,0.22962486743927002,0.4287308616493487,0.5712691383506513,1
359,lXPQBPVc5Cw$_$16,0.20000000298023224,-0.1380293071269989,0.000706321734469384,0.9934914708137512,0.005802142433822155,0.6374057531356812,0.44444867968559265,0.6173242926597595,0.4374057650566101,0.2444486767053604,0.4173243045806885,0.30319657921791077,0.38589978218078613,0.3109036684036255,audio,audio,1,0.20000000298023224,0.25,0.25,0.5346811413764954,0.46531885862350464,0.000706321734469384,0.9934914708137512,0.005802142433822155,0.29264333844184875,0.335588276386261,0.37176841497421265,audio,vision,0,0.04149025306105614,1.093878149986267,0.43860217928886414,0.08661643415689468,0.1929570734500885,0.10799387842416763,-0.3521367907524109,0.4601306617259979,0.6399537324365011,0.36004626756349895,0
86,cXypl4FnoZo$_$5,1.7999999523162842,1.0814201831817627,0.0007707126205787063,0.9939034581184387,0.00532575836405158,1.3986284732818604,1.3270440101623535,1.4049010276794434,0.40137147903442383,0.47295594215393066,0.3950989246368408,0.34219884872436523,0.31290870904922485,0.3448925018310547,audio,vision,0,0.3125,0.25806450843811035,0.2702702581882477,0.5284780859947205,0.47152191400527954,0.0007707126205787063,0.9939034581184387,0.00532575836405158,0.33269202709198,0.31376463174819946,0.35354334115982056,audio,vision,1,0.0394839309155941,1.0974249839782715,0.45342588424682617,0.03531665727496147,0.07785701751708984,1.236588716506958,0.942974865436554,0.29361385107040405,0.5907380601733554,0.40926193982664466,0
137,d6hH302o4v8$_$2,-1.7999999523162842,-0.05328954756259918,0.0017877289792522788,0.989045262336731,0.00916705746203661,0.7731608152389526,0.6286087036132812,0.7123295068740845,2.5731606483459473,2.4286086559295654,2.512329578399658,0.30515268445014954,0.36558616161346436,0.3292611241340637,audio,audio,1,0.3636363744735718,0.1515151560306549,0.23076923191547394,0.5365923047065735,0.4634076952934265,0.0017877289792522788,0.989045262336731,0.00916705746203661,0.39274534583091736,0.26305291056632996,0.3442017734050751,audio,text,0,0.06521821767091751,1.085438847541809,0.48399490118026733,0.05925925448536873,0.1445521116256714,0.17609208822250366,-0.2513863444328308,0.4274784326553345,0.3695033487594913,0.6304966512405088,1
604,yDtzw_Y-7RU$_$24,-0.800000011920929,-0.15347281098365784,0.0008355333702638745,0.9943893551826477,0.004775138106197119,0.590929388999939,0.4078141450881958,0.6120461225509644,1.3909294605255127,1.2078142166137695,1.412046194076538,0.3094865679740906,0.3890892267227173,0.3014242649078369,audio,audio,1,0.2222222238779068,0.1875,0.10000000149011612,0.5239687561988831,0.47603124380111694,0.0008355333702638745,0.9943893551826477,0.004775138106197119,0.34877097606658936,0.33757802844047546,0.3136509656906128,audio,text,0,0.03703657165169716,1.0976403951644897,0.4378741979598999,0.09170472621917725,0.20423197746276855,0.08467402309179306,-0.36983174085617065,0.4545057713985443,0.3616679204213378,0.6383320795786622,1
446,phBUpBr1hSo$_$8,-2.200000047683716,-0.7222477197647095,0.0005836508935317397,0.9947243332862854,0.004691963084042072,-0.38489773869514465,-0.43052634596824646,-0.19596220552921295,1.8151023387908936,1.769473671913147,2.004037857055664,0.35108157992362976,0.3716879189014435,0.27723053097724915,audio,audio,1,0.1599999964237213,0.2286585420370102,0.1768488734960556,0.5237289667129517,0.47627103328704834,0.0005836508935317397,0.9947243332862854,0.004691963084042072,0.2950993776321411,0.35335975885391235,0.35154080390930176,audio,audio,1,0.03476554900407791,1.095252275466919,0.4275763928890228,0.10154306143522263,0.2345641404390335,-0.5573052763938904,-0.8722437620162964,0.314938485622406,0.40283338855921447,0.5971666114407856,1
506,tmZoasNr4rU$_$13,-0.800000011920929,-0.6944354772567749,0.001748285605572164,0.9907580614089966,0.007493654731661081,-0.33009323477745056,-0.35112082958221436,-0.2966011166572571,0.4699067771434784,0.4488791823387146,0.5033988952636719,0.3349374234676361,0.3438578248023987,0.3212047219276428,audio,audio,1,0.4375,0.18000000715255737,0.1982758641242981,0.5341148972511292,0.46588510274887085,0.001748285605572164,0.9907580614089966,0.007493654731661081,0.4304641783237457,0.264166921377182,0.30536893010139465,audio,text,0,0.05697084218263626,1.0767258405685425,0.4843940734863281,0.0224506463855505,0.054519712924957275,-0.49222099781036377,-0.8708183765411377,0.3785973787307739,0.4264864879308644,0.5735135120691356,1
605,yDtzw_Y-7RU$_$20,-0.6000000238418579,-0.15539656579494476,0.0024005244486033916,0.985031008720398,0.012568417936563492,0.6389054656028748,0.4873766005039215,0.48121583461761475,1.238905429840088,1.087376594543457,1.0812158584594727,0.2918499708175659,0.35271164774894714,0.35543838143348694,audio,vision,0,0.3333333432674408,0.11538461595773697,0.25806450843811035,0.5341867208480835,0.4658132791519165,0.0024005244486033916,0.985031008720398,0.012568417936563492,0.37674957513809204,0.252131849527359,0.37111854553222656,audio,text,0,0.08434303104877472,1.083026647567749,0.4885994791984558,0.07292687892913818,0.15768963098526,0.0539880096912384,-0.33798086643218994,0.39196887612342834,0.37990273268716784,0.6200972673128321,1
109,d3_k5Xpfmik$_$16,2.0,-0.09407072514295578,0.0009942338801920414,0.9928151369094849,0.006190645508468151,0.6138820648193359,0.457136869430542,0.5858500599861145,1.386117935180664,1.542863130569458,1.4141499996185303,0.35872694849967957,0.2948981821537018,0.34637483954429626,audio,text,0,0.20000000298023224,0.17391304671764374,0.1428571492433548,0.5207104682922363,0.47928953170776367,0.0009942338801920414,0.9928151369094849,0.006190645508468151,0.3301791548728943,0.33047792315483093,0.33934286236763,audio,vision,0,0.045510318130254745,1.0985312461853027,0.4415581226348877,0.06824947148561478,0.15674519538879395,0.12472877651453018,-0.2954654097557068,0.42019417881965637,0.6283728731321019,0.3716271268678982,0
105,d3_k5Xpfmik$_$12,2.0,-0.4227795898914337,0.0010558783542364836,0.9912671446800232,0.007676968351006508,0.03788748383522034,-0.0939299464225769,0.0993155837059021,1.962112545967102,2.0939300060272217,1.9006843566894531,0.3415420353412628,0.2896574139595032,0.3688005208969116,audio,vision,0,0.1666666716337204,0.15000000596046448,0.19718310236930847,0.5235744714736938,0.47642552852630615,0.0010558783542364836,0.9912671446800232,0.007676968351006508,0.30927878618240356,0.31317880749702454,0.3775424361228943,audio,vision,1,0.05331416055560112,1.0942907333374023,0.45205891132354736,0.08061780780553818,0.193245530128479,-0.2575988173484802,-0.5730854868888855,0.3154866695404053,0.5973314384387352,0.4026685615612648,0
542,vvZ4IcEtiZc$_$12,0.20000000298023224,-0.2749553918838501,0.001440238207578659,0.9908666610717773,0.007693047169595957,0.46879300475120544,0.297049343585968,0.4293951392173767,0.268792986869812,0.09704934060573578,0.22939513623714447,0.3039564788341522,0.37674328684806824,0.31930026412010193,audio,audio,1,0.3333333432674408,0.1875,0.2073170691728592,0.5345603227615356,0.46543967723846436,0.001440238207578659,0.9908666610717773,0.007693047169595957,0.3763106167316437,0.28862059116363525,0.33506882190704346,audio,text,0,0.05596031993627548,1.092806339263916,0.4681640863418579,0.07345707714557648,0.17174366116523743,-0.05952636897563934,-0.46252864599227905,0.4030022621154785,0.6233408578480854,0.37665914215191465,0
614,yDtzw_Y-7RU$_$7,-0.20000000298023224,0.49637871980667114,0.0006641852669417858,0.9932674169540405,0.006068369373679161,1.0674718618392944,0.9641342163085938,1.057861089706421,1.2674719095230103,1.1641342639923096,1.2578611373901367,0.31746312975883484,0.3612368404865265,0.3212999999523163,audio,audio,1,0.20000000298023224,0.23255814611911774,0.2884615361690521,0.5298218727111816,0.47017812728881836,0.0006641852669417858,0.9932674169540405,0.006068369373679161,0.2871105372905731,0.3187396824359894,0.3941497802734375,audio,vision,0,0.042546652257442474,1.0896855592727661,0.4496851861476898,0.04661394655704498,0.10333764553070068,0.6851280927658081,0.32887744903564453,0.3562506437301636,0.3904756459202035,0.6095243540797965,1
621,yDtzw_Y-7RU$_$12,-0.6666666865348816,-0.602422833442688,0.0008724259678274393,0.9934759736061096,0.005651560612022877,-0.2565629482269287,-0.3427654802799225,-0.10952781140804291,0.4101037383079529,0.3239012062549591,0.5571388602256775,0.3394571542739868,0.3780781328678131,0.28246474266052246,audio,audio,1,0.3333333432674408,0.16326530277729034,0.23728813230991364,0.5383052825927734,0.46169471740722656,0.0008724259678274393,0.9934759736061096,0.005651560612022877,0.37098151445388794,0.27596351504325867,0.3530549705028534,audio,text,0,0.04189973324537277,1.0907423496246338,0.478341668844223,0.0962923914194107,0.23323766887187958,-0.39454352855682373,-0.780717134475708,0.3861736059188843,0.45076236925405405,0.5492376307459459,1
66,cW1FSBF59ik$_$12,2.200000047683716,-0.5125730037689209,0.001119247986935079,0.9923836588859558,0.006497153080999851,-0.15008583664894104,-0.2531718313694,-0.017996609210968018,2.350085973739624,2.453171968460083,2.217996597290039,0.32694441080093384,0.28741657733917236,0.3856390714645386,audio,vision,0,0.3199999928474426,0.125,0.19767442345619202,0.535056471824646,0.464943528175354,0.001119247986935079,0.9923836588859558,0.006497153080999851,0.3841710686683655,0.27016615867614746,0.3456627428531647,audio,text,0,0.04791484773159027,1.0882898569107056,0.4814783036708832,0.09625294804573059,0.235175222158432,-0.3106527328491211,-0.688033938407898,0.37738120555877686,0.6157923159403029,0.38420768405969696,0
150,d6hH302o4v8$_$15,-1.75,0.45938974618911743,0.004030040930956602,0.9816878437995911,0.014282084070146084,1.04673433303833,0.921709418296814,0.8883246779441833,2.79673433303833,2.6717095375061035,2.638324737548828,0.29514792561531067,0.3450735807418823,0.3597785532474518,audio,vision,0,0.375,0.0,0.125,0.5254466533660889,0.47455334663391113,0.004030040930956602,0.9816878437995911,0.014282084070146084,0.4573475420475006,0.2248508185148239,0.31780168414115906,audio,text,0,0.10104599595069885,1.0576422214508057,0.5045580863952637,0.06818226724863052,0.15840965509414673,0.607572615146637,0.32555949687957764,0.2820131182670593,0.4127723344621586,0.5872276655378413,1
305,k5Y_838nuGo$_$27,-0.800000011920929,-0.8233014345169067,0.0009093841072171926,0.9925522804260254,0.00653841532766819,-0.45955321192741394,-0.49015316367149353,-0.3592076897621155,0.340446799993515,0.3098468482494354,0.4407923221588135,0.3423359990119934,0.35568398237228394,0.30198001861572266,audio,audio,1,0.1818181872367859,0.19354838132858276,0.1875,0.5186606645584106,0.48133933544158936,0.0009093841072171926,0.9925522804260254,0.00653841532766819,0.31091535091400146,0.32844820618629456,0.3606364130973816,audio,vision,0,0.04667670279741287,1.0967161655426025,0.44273602962493896,0.055928830057382584,0.13094547390937805,-0.6795770525932312,-0.9566837549209595,0.27710670232772827,0.5113295553022047,0.4886704446977953,0
533,v0zCBqDeKcE$_$2,-0.4000000059604645,0.5992838144302368,0.0013538096100091934,0.9908500909805298,0.007796073332428932,1.1615724563598633,1.0653475522994995,1.1251050233840942,1.5615724325180054,1.4653475284576416,1.5251049995422363,0.31501486897468567,0.3552781641483307,0.32970693707466125,audio,audio,1,0.27272728085517883,0.12121212482452393,0.17499999701976776,0.5207479000091553,0.4792520999908447,0.0013538096100091934,0.9908500909805298,0.007796073332428932,0.3696911334991455,0.28133150935173035,0.3489774167537689,audio,text,0,0.055892784148454666,1.0920509099960327,0.47301241755485535,0.03966532647609711,0.09622490406036377,0.7658419609069824,0.44599783420562744,0.319844126701355,0.4013591535812724,0.5986408464187276,1
597,wMbj6ajWbic$_$15,2.0,-0.5262331366539001,0.0010309250792488456,0.9906829595565796,0.008286149241030216,-0.1098971962928772,-0.19527104496955872,0.023545414209365845,2.1098971366882324,2.1952710151672363,1.9764546155929565,0.3246435821056366,0.29178306460380554,0.38357341289520264,audio,vision,0,0.3529411852359772,0.17391304671764374,0.38181817531585693,0.5496910810470581,0.4503089189529419,0.0010309250792488456,0.9906829595565796,0.008286149241030216,0.3392705023288727,0.24677056074142456,0.41395893692970276,audio,vision,1,0.05608038231730461,1.0771491527557373,0.4959415793418884,0.09004706889390945,0.21881645917892456,-0.3171139359474182,-0.6975443363189697,0.3804304003715515,0.6166936864426249,0.38330631355737516,0
302,k5Y_838nuGo$_$24,0.6000000238418579,-0.3376918137073517,0.001297064358368516,0.9890831708908081,0.00961984507739544,0.11955421417951584,-8.344650268554688e-07,-0.10426159203052521,0.4804458022117615,0.6000008583068848,0.7042616009712219,0.3820957839488983,0.32905590534210205,0.28884831070899963,audio,text,0,0.2222222238779068,0.3333333432674408,0.3199999928474426,0.5386866331100464,0.4613133668899536,0.001297064358368516,0.9890831708908081,0.00961984507739544,0.27335718274116516,0.347309410572052,0.37933340668678284,audio,vision,0,0.064153291285038,1.0895339250564575,0.427849143743515,0.0914435014128685,0.22381579875946045,-0.1654847413301468,-0.48516422510147095,0.31967949867248535,0.598591396972461,0.40140860302753906,0
499,tStelxIAHjw$_$4,-2.799999952316284,-1.3240469694137573,0.0011033064220100641,0.9936844706535339,0.0052121831104159355,-0.9427268505096436,-0.8652248382568359,-0.7217882871627808,1.8572731018066406,1.9347751140594482,2.078211784362793,0.37504470348358154,0.3404157757759094,0.28453946113586426,audio,text,0,0.4444444477558136,0.23456789553165436,0.20618556439876556,0.5433351397514343,0.4566648602485657,0.0011033064220100641,0.9936844706535339,0.0052121831104159355,0.4172065258026123,0.28494131565093994,0.29785218834877014,audio,text,1,0.041207604110240936,1.0831929445266724,0.47249549627304077,0.09152683615684509,0.2209385633468628,-1.145808219909668,-1.4738538265228271,0.3280456066131592,0.3988984517175467,0.6011015482824533,1
199,f9O3YtZ2VfI$_$25,-1.399999976158142,0.999413251876831,0.0013861479237675667,0.9942294359207153,0.004384441301226616,1.3221101760864258,1.2454090118408203,1.306447982788086,2.7221102714538574,2.645409107208252,2.7064480781555176,0.32047238945961,0.3527193069458008,0.3268083333969116,audio,audio,1,0.5,0.190476194024086,0.07999999821186066,0.5290022492408752,0.47099775075912476,0.0013861479237675667,0.9942294359207153,0.004384441301226616,0.4855973720550537,0.2726588547229767,0.2417437732219696,audio,text,0,0.03868258744478226,1.0483593940734863,0.4810470938682556,0.03308932110667229,0.07670116424560547,1.1403753757476807,0.8739075064659119,0.2664678692817688,0.41749022474940467,0.5825097752505953,1
275,jUzDDGyPkXU$_$24,-1.0,-0.250080406665802,0.0008923686691559851,0.9909163117408752,0.008191349916160107,0.37156644463539124,0.20182056725025177,0.4326704740524292,1.3715664148330688,1.2018206119537354,1.4326704740524292,0.3161718249320984,0.3909063935279846,0.2929218113422394,audio,audio,1,0.25925925374031067,0.1458333283662796,0.3571428656578064,0.5464601516723633,0.4535398483276367,0.0008923686691559851,0.9909163117408752,0.008191349916160107,0.30937790870666504,0.2570597231388092,0.43356236815452576,audio,vision,0,0.05466495454311371,1.074498176574707,0.4892377257347107,0.09766099601984024,0.23084990680217743,-0.021369390189647675,-0.43990129232406616,0.4185318946838379,0.3721124777375792,0.6278875222624208,1
158,d6hH302o4v8$_$37,-2.200000047683716,-0.5336107015609741,0.012371733784675598,0.9667888283729553,0.02083941549062729,-0.1204686164855957,-0.1582123339176178,-0.5551208853721619,2.07953143119812,2.041787624359131,1.6448791027069092,0.2652508318424225,0.2780652940273285,0.45668384432792664,audio,vision,0,0.75,0.125,0.2222222238779068,0.5680849552154541,0.4319150447845459,0.012371733784675598,0.9667888283729553,0.02083941549062729,0.5924661755561829,0.17233385145664215,0.23520001769065857,audio,text,0,0.16766180098056793,0.9535609483718872,0.5296367406845093,0.19660551846027374,0.43465226888656616,-0.3497442603111267,-0.6734043955802917,0.32366013526916504,0.40021360436059783,0.5997863956394023,1
288,jUzDDGyPkXU$_$7,-0.6000000238418579,-0.9080880880355835,0.0007865914376452565,0.9938987493515015,0.005314692854881287,-0.5830432176589966,-0.5867316722869873,-0.4900820255279541,0.016956806182861328,0.013268351554870605,0.10991799831390381,0.3454330563545227,0.34702932834625244,0.30753758549690247,audio,audio,1,0.21052631735801697,0.24528302252292633,0.171875,0.5176457166671753,0.4823542833328247,0.0007865914376452565,0.9938987493515015,0.005314692854881287,0.3143962025642395,0.35046106576919556,0.33514273166656494,audio,audio,1,0.03953951597213745,1.0976262092590332,0.4289584159851074,0.04471706598997116,0.0966496467590332,-0.7565451264381409,-1.0492993593215942,0.29275423288345337,0.5904782511542327,0.40952174884576736,0
247,fvVhgmXxadc$_$14,0.0,-0.2759959399700165,0.001764330081641674,0.9914183616638184,0.0068172914907336235,0.31833016872406006,0.12446129322052002,0.2670806050300598,0.31833016872406006,0.12446129322052002,0.2670806050300598,0.2993670701980591,0.3814602494239807,0.31917276978492737,audio,audio,1,0.4736842215061188,0.18867924809455872,0.190476194024086,0.5459264516830444,0.45407354831695557,0.001764330081641674,0.9914183616638184,0.0068172914907336235,0.4470982849597931,0.26138976216316223,0.29151201248168945,audio,text,0,0.05373716726899147,1.0699608325958252,0.48668575286865234,0.08202433586120605,0.19386887550354004,-0.038738854229450226,-0.4733341932296753,0.43459534645080566,0.6325667719927736,0.36743322800722655,0
479,tIrG4oNLFzE$_$1,2.799999952316284,0.32842564582824707,0.0016066004754975438,0.9911562204360962,0.007237207144498825,1.0342230796813965,0.931204080581665,1.0200225114822388,1.7657768726348877,1.8687958717346191,1.7799774408340454,0.34945744276046753,0.3072335124015808,0.34330907464027405,audio,text,0,0.4166666567325592,0.15853658318519592,0.19387754797935486,0.5358838438987732,0.4641161561012268,0.0016066004754975438,0.9911562204360962,0.007237207144498825,0.42619770765304565,0.26138755679130554,0.3124147355556488,audio,text,1,0.054809536784887314,1.0776712894439697,0.4865124225616455,0.04558662325143814,0.10301899909973145,0.545201301574707,0.1406814306974411,0.40451985597610474,0.6237861427276703,0.37621385727232964,0
382,nzpVDcQ0ywM$_$4,-1.600000023841858,-0.330671489238739,0.0008317691390402615,0.992134690284729,0.007033577188849449,0.0022870004177093506,-0.11755704879760742,0.007241889834403992,1.6022870540618896,1.4824429750442505,1.6072418689727783,0.3169136345386505,0.3681294023990631,0.314956933259964,audio,audio,1,0.1666666716337204,0.2222222238779068,0.25581395626068115,0.5261861681938171,0.47381383180618286,0.0008317691390402615,0.992134690284729,0.007033577188849449,0.28276562690734863,0.3284304440021515,0.3888038992881775,audio,vision,0,0.0485990084707737,1.0901514291763306,0.4424694776535034,0.05769837647676468,0.12479893863201141,-0.15176841616630554,-0.4917680025100708,0.33999958634376526,0.3953210388876639,0.6046789611123361,1
98,cXypl4FnoZo$_$17,-0.6000000238418579,-0.717336893081665,0.001735207624733448,0.9901126027107239,0.008152229711413383,-0.32350268959999084,-0.388676255941391,-0.27310025691986084,0.27649733424186707,0.21132376790046692,0.32689976692199707,0.33070769906044006,0.35877731442451477,0.3105149269104004,audio,audio,1,0.4615384638309479,0.13793103396892548,0.2571428716182709,0.5414552688598633,0.4585447311401367,0.001735207624733448,0.9901126027107239,0.008152229711413383,0.43251046538352966,0.2359321266412735,0.33155739307403564,audio,text,0,0.06007625535130501,1.0692681074142456,0.5027869939804077,0.04731198772788048,0.11557599902153015,-0.5037068128585815,-0.8982548117637634,0.3945479989051819,0.5627799222645128,0.4372200777354872,0
205,f9O3YtZ2VfI$_$23,1.600000023841858,-0.31830960512161255,0.0017243413021788,0.9906758069992065,0.00759982829913497,0.3063561022281647,0.12262914329767227,0.3374187648296356,1.2936439514160156,1.4773708581924438,1.2625812292099,0.35280874371528625,0.2804141044616699,0.3667771816253662,audio,vision,0,0.5,0.1111111119389534,0.25,0.5508731603622437,0.44912683963775635,0.0017243413021788,0.9906758069992065,0.00759982829913497,0.4593336880207062,0.21983763575553894,0.3208286464214325,audio,text,0,0.05733674019575119,1.0551097393035889,0.5138921141624451,0.09478342533111572,0.21478962898254395,-0.06581515073776245,-0.5241683125495911,0.4583531618118286,0.6394416225003515,0.3605583774996486,0
339,lXPQBPVc5Cw$_$22,2.5999999046325684,0.6500688195228577,0.0012680341023951769,0.9903562068939209,0.008375745266675949,1.218454360961914,1.1273890733718872,1.1722253561019897,1.3815455436706543,1.4726108312606812,1.4277745485305786,0.35257700085639954,0.31464260816574097,0.3327804207801819,audio,text,0,0.23076923191547394,0.21052631735801697,0.24444444477558136,0.5235608816146851,0.47643911838531494,0.0012680341023951769,0.9903562068939209,0.008375745266675949,0.31684744358062744,0.3112380802631378,0.37191444635391235,audio,vision,0,0.058111563324928284,1.0952973365783691,0.4527454376220703,0.03717872127890587,0.09106528759002686,0.7961390614509583,0.5171452164649963,0.2789938449859619,0.5863125582667121,0.413687441733288,0
460,rnaNMUZpvvg$_$11,-2.5999999046325684,0.5300687551498413,0.0009315180359408259,0.9948225021362305,0.0042460085824131966,1.0505046844482422,0.9470940828323364,1.0232080221176147,3.6505045890808105,3.5470938682556152,3.6232080459594727,0.3151889741420746,0.3586818277835846,0.32612910866737366,audio,audio,1,0.3333333432674408,0.31578946113586426,0.1111111119389534,0.5218048691749573,0.4781951308250427,0.0009315180359408259,0.9948225021362305,0.0042460085824131966,0.36581721901893616,0.36493319272994995,0.2692495882511139,audio,text,0,0.03485557809472084,1.0890281200408936,0.41992616653442383,0.04375717416405678,0.10341060161590576,0.6890588402748108,0.3843662738800049,0.3046925663948059,0.4059181158043628,0.5940818841956372,1
484,tIrG4oNLFzE$_$7,-1.399999976158142,0.09083345532417297,0.0011976526584476233,0.9920632243156433,0.006739081349223852,0.8032504320144653,0.7037094831466675,0.7960265874862671,2.2032504081726074,2.1037094593048096,2.196026563644409,0.31831228733062744,0.3604881465435028,0.32119956612586975,audio,audio,1,0.3571428656578064,0.1320754736661911,0.2222222238779068,0.5374609231948853,0.46253907680511475,0.0011976526584476233,0.9920632243156433,0.006739081349223852,0.3938906490802765,0.2605136036872864,0.34559574723243713,audio,text,0,0.04965652897953987,1.0845881700515747,0.4876997470855713,0.04531744122505188,0.09954094886779785,0.39409691095352173,-0.17015518248081207,0.5642520785331726,0.33063485328700454,0.6693651467129955,1
622,yDtzw_Y-7RU$_$15,0.6000000238418579,-0.08478425443172455,0.0007930448045954108,0.9919260144233704,0.007280959747731686,0.6087328195571899,0.4377698600292206,0.583832323551178,0.008732795715332031,0.16223016381263733,0.01616770029067993,0.35509318113327026,0.29309841990470886,0.3518083691596985,audio,text,0,0.1538461595773697,0.2857142984867096,0.3030303120613098,0.5342262983322144,0.46577370166778564,0.0007930448045954108,0.9919260144233704,0.007280959747731686,0.25574129819869995,0.3485317528247833,0.3957269489765167,audio,vision,0,0.049543801695108414,1.082938551902771,0.42892950773239136,0.07541193068027496,0.17096295952796936,0.13568437099456787,-0.27700334787368774,0.4126877188682556,0.6261791051214604,0.3738208948785396,0
678,zhpQhgha_KU$_$19,-0.800000011920929,0.07305386662483215,0.0015485481126233935,0.991139829158783,0.007311664056032896,0.7797894477844238,0.6501379013061523,0.7250174283981323,1.579789400100708,1.4501378536224365,1.525017499923706,0.30799564719200134,0.36218324303627014,0.3298211693763733,audio,audio,1,0.3125,0.1111111119389534,0.125,0.5279644727706909,0.4720355272293091,0.0015485481126233935,0.991139829158783,0.007311664056032896,0.40367984771728516,0.2780408561229706,0.3182792365550995,audio,text,0,0.05480141192674637,1.0864545106887817,0.47539931535720825,0.05314178392291069,0.12965154647827148,0.3174131512641907,-0.1454196721315384,0.46283280849456787,0.35926837186486127,0.6407316281351386,1
190,etzxEpPuc6I$_$3,-1.600000023841858,-0.3719906508922577,0.001331319916062057,0.9929236173629761,0.005745102185755968,0.14193305373191833,-0.016741931438446045,0.23849831521511078,1.7419331073760986,1.5832581520080566,1.8384983539581299,0.3219911456108093,0.39263004064559937,0.2853788435459137,audio,audio,1,0.4545454680919647,0.1702127605676651,0.1785714328289032,0.5458080768585205,0.4541919231414795,0.001331319916062057,0.9929236173629761,0.005745102185755968,0.44413816928863525,0.2617408037185669,0.29412102699279785,audio,text,0,0.04550803452730179,1.0712435245513916,0.48745521903038025,0.10522472113370895,0.255240261554718,-0.15881600975990295,-0.5493830442428589,0.39056703448295593,0.3803156209130074,0.6196843790869926,1
115,d3_k5Xpfmik$_$5,2.200000047683716,-0.32732507586479187,0.0015095166163519025,0.9920042157173157,0.006486300379037857,0.2450021654367447,0.05817655846476555,0.15128719806671143,1.9549978971481323,2.1418235301971436,2.048712730407715,0.37296879291534424,0.29529136419296265,0.3317398428916931,audio,text,0,0.38461539149284363,0.21212121844291687,0.15000000596046448,0.5361728668212891,0.46382713317871094,0.0015095166163519025,0.9920042157173157,0.006486300379037857,0.40807783603668213,0.2985743284225464,0.29334789514541626,audio,text,1,0.050447870045900345,1.0864174365997314,0.46228665113449097,0.07627136260271072,0.18682560324668884,-0.11549890041351318,-0.5105695724487305,0.3950706720352173,0.6210102293998356,0.3789897706001645,0
197,etzxEpPuc6I$_$8,-1.0,0.014244556427001953,0.0010900158667936921,0.9912719130516052,0.007638096809387207,0.736868143081665,0.5965145230293274,0.7246757745742798,1.736868143081665,1.5965144634246826,1.7246757745742798,0.31180521845817566,0.37160107493400574,0.3165937066078186,audio,audio,1,0.20000000298023224,0.09302325546741486,0.19230769574642181,0.5257569551467896,0.47424304485321045,0.0010900158667936921,0.9912719130516052,0.007638096809387207,0.3345186710357666,0.28560084104537964,0.37988048791885376,audio,vision,0,0.05335819721221924,1.0919082164764404,0.4704473912715912,0.06348499655723572,0.14035362005233765,0.25756216049194336,-0.2052326649427414,0.46279484033584595,0.3592793055951689,0.6407206944048313,1
279,jUzDDGyPkXU$_$20,-2.200000047683716,-1.2180203199386597,0.0013418117305263877,0.9946894645690918,0.003968736156821251,-0.9473748207092285,-0.8807157278060913,-0.711696207523346,1.2526252269744873,1.3192843198776245,1.4883038997650146,0.3752508759498596,0.3452507257461548,0.2794983983039856,audio,text,0,0.6000000238418579,0.18918919563293457,0.1111111119389534,0.5520095229148865,0.4479904770851135,0.0013418117305263877,0.9946894645690918,0.003968736156821251,0.5275867581367493,0.2432970255613327,0.22911620140075684,audio,text,1,0.0361151397228241,1.0188634395599365,0.5009282827377319,0.0991942286491394,0.23567861318588257,-0.9538084864616394,-1.4324449300765991,0.4786364436149597,0.35473374077894576,0.6452662592210542,1
51,cW1FSBF59ik$_$21,1.600000023841858,0.5161123871803284,0.0007553325849585235,0.9931046366691589,0.006140019744634628,1.073979377746582,0.9710851907730103,1.0628916025161743,0.5260206460952759,0.6289148330688477,0.5371084213256836,0.34897366166114807,0.3068560063838959,0.34417033195495605,audio,text,0,0.23076923191547394,0.2068965584039688,0.2647058963775635,0.5292486548423767,0.4707513451576233,0.0007553325849585235,0.9931046366691589,0.006140019744634628,0.31048333644866943,0.3078259229660034,0.3816908001899719,audio,vision,0,0.04357178881764412,1.0934593677520752,0.456852525472641,0.04611404612660408,0.10289418697357178,0.7134462594985962,0.34058958292007446,0.37285667657852173,0.6144533576595478,0.38554664234045205,0
390,nzpVDcQ0ywM$_$12,-1.399999976158142,-0.18918731808662415,0.001026009675115347,0.9927831888198853,0.0061907414346933365,0.35852286219596863,0.2285831868648529,0.27616652846336365,1.758522868156433,1.6285831928253174,1.6761665344238281,0.3044334352016449,0.35812318325042725,0.33744338154792786,audio,audio,1,0.13333334028720856,0.20512820780277252,0.08510638028383255,0.5102763175964355,0.48972368240356445,0.001026009675115347,0.9927831888198853,0.0061907414346933365,0.3096848130226135,0.36818087100982666,0.3221343457698822,audio,audio,1,0.045729830861091614,1.0958013534545898,0.41640159487724304,0.05367707833647728,0.12993967533111572,-0.04290063679218292,-0.3295819163322449,0.28668129444122314,0.41135865572320146,0.5886413442767985,1
244,fvVhgmXxadc$_$10,0.0,-0.13837553560733795,0.0011867469875141978,0.9913922548294067,0.00742097944021225,0.6634316444396973,0.47324585914611816,0.6138947010040283,0.6634316444396973,0.47324585914611816,0.6138947010040283,0.3000977039337158,0.3806348145008087,0.31926751136779785,audio,audio,1,0.3125,0.2083333283662796,0.2542372941970825,0.5389922261238098,0.4610077738761902,0.0011867469875141978,0.9913922548294067,0.00742097944021225,0.34980136156082153,0.29295527935028076,0.3572433292865753,audio,vision,0,0.05295350030064583,1.0948234796524048,0.4656246602535248,0.08055821806192398,0.1901857852935791,0.11828745901584625,-0.35790306329727173,0.4761905074119568,0.5743250517018024,0.4256749482981975,0
549,vvZ4IcEtiZc$_$6,1.0,0.8266458511352539,0.0008728973334655166,0.9938894510269165,0.005237598903477192,1.2287228107452393,1.1497454643249512,1.2258790731430054,0.22872281074523926,0.14974546432495117,0.22587907314300537,0.3218207359313965,0.35521256923675537,0.32296672463417053,audio,audio,1,0.2083333283662796,0.2112676054239273,0.11666666716337204,0.5093819499015808,0.4906180500984192,0.0008728973334655166,0.9938894510269165,0.005237598903477192,0.33333131670951843,0.3477574288845062,0.31891128420829773,audio,audio,1,0.03974754363298416,1.0979880094528198,0.43075472116470337,0.036578401923179626,0.07897734642028809,0.9303563833236694,0.726755678653717,0.2036007046699524,0.5632840092574473,0.4367159907425527,0
471,tIrG4oNLFzE$_$10,-1.7999999523162842,-0.26616498827934265,0.0009331131004728377,0.9911392331123352,0.007927695289254189,0.4374832808971405,0.28121352195739746,0.5234753489494324,2.237483263015747,2.0812134742736816,2.3234753608703613,0.32115036249160767,0.39042919874191284,0.2884204089641571,audio,audio,1,0.2666666805744171,0.18518517911434174,0.34375,0.5456103682518005,0.45438963174819946,0.0009331131004728377,0.9911392331123352,0.007927695289254189,0.3112659454345703,0.2727963626384735,0.415937602519989,audio,vision,0,0.05368106812238693,1.0825202465057373,0.47889524698257446,0.1002805233001709,0.2422618269920349,-0.056442081928253174,-0.4408242702484131,0.3843821883201599,0.3821393213204108,0.6178606786795892,1
619,yDtzw_Y-7RU$_$10,-0.6000000238418579,-0.1482824981212616,0.0007288388442248106,0.994759738445282,0.00451136427000165,0.663709282875061,0.4609401524066925,0.6399320960044861,1.263709306716919,1.060940146446228,1.2399320602416992,0.30132779479026794,0.3882540762424469,0.31041812896728516,audio,audio,1,0.3333333432674408,0.30434781312942505,0.2222222238779068,0.5401839017868042,0.4598160982131958,0.0007288388442248106,0.994759738445282,0.00451136427000165,0.34417474269866943,0.3384224474430084,0.3174028694629669,audio,text,0,0.03485824167728424,1.0980123281478882,0.43755823373794556,0.0905040055513382,0.20276913046836853,0.12053042650222778,-0.3771018385887146,0.4976322650909424,0.34931755225583694,0.6506824477441631,1
444,phBUpBr1hSo$_$6,1.600000023841858,-0.19144988059997559,0.000912127667106688,0.9938899278640747,0.0051979077979922295,0.5051754713058472,0.3008309602737427,0.5388654470443726,1.0948245525360107,1.2991690635681152,1.0611345767974854,0.3549126386642456,0.27490922808647156,0.37017810344696045,audio,vision,0,0.30000001192092896,0.1489361673593521,0.15789473056793213,0.5351090431213379,0.4648909568786621,0.000912127667106688,0.9938899278640747,0.0051979077979922295,0.3792569041252136,0.2921172082424164,0.32862588763237,audio,text,0,0.039814386516809464,1.0928912162780762,0.4678484797477722,0.10517293959856033,0.23803448677062988,0.05505966395139694,-0.40561193227767944,0.460671603679657,0.6401095134381156,0.35989048656188444,0
602,wMbj6ajWbic$_$18,-1.0,0.6738277673721313,0.0010897652246057987,0.992518424987793,0.006391819566488266,1.2342851161956787,1.0919891595840454,1.2293753623962402,2.2342851161956787,2.091989040374756,2.2293753623962402,0.3124193251132965,0.3732380270957947,0.3143426477909088,audio,audio,1,0.29411765933036804,0.21276596188545227,0.20408163964748383,0.5264099836349487,0.47359001636505127,0.0010897652246057987,0.992518424987793,0.006391819566488266,0.3508390188217163,0.3127216398715973,0.3364393711090088,audio,text,0,0.04718383401632309,1.097495198249817,0.4531978964805603,0.06595218181610107,0.1422959566116333,0.834673285484314,0.529121458530426,0.30555182695388794,0.40565913014996774,0.5943408698500323,1
668,zhpQhgha_KU$_$9,-1.0,-0.5187476873397827,0.0011194393737241626,0.9920753240585327,0.006805206649005413,-0.1300291121006012,-0.22421690821647644,0.007164448499679565,0.8699709177017212,0.7757830619812012,1.007164478302002,0.3370007276535034,0.3791074752807617,0.28389179706573486,audio,audio,1,0.29411765933036804,0.08571428805589676,0.1860465109348297,0.5315377712249756,0.4684622287750244,0.0011194393737241626,0.9920753240585327,0.006805206649005413,0.38270559906959534,0.2624811828136444,0.3548131585121155,audio,text,0,0.04945812374353409,1.086317777633667,0.48639607429504395,0.09500335901975632,0.231381356716156,-0.32271188497543335,-0.6915206909179688,0.3688088059425354,0.3867460122176154,0.6132539877823847,1
565,vyB00TXsimI$_$10,1.3333333730697632,-0.08317258954048157,0.000802571710664779,0.9945185780525208,0.004678855184465647,0.6174479722976685,0.4398691654205322,0.6100009679794312,0.7158854007720947,0.893464207649231,0.723332405090332,0.35820838809013367,0.2869022488594055,0.3548893928527832,audio,text,0,0.27272728085517883,0.16129031777381897,0.13513512909412384,0.5299855470657349,0.47001445293426514,0.000802571710664779,0.9945185780525208,0.004678855184465647,0.36848577857017517,0.3086824119091034,0.3228318691253662,audio,text,1,0.036287497729063034,1.0957186222076416,0.45722413063049316,0.08201254904270172,0.17757880687713623,0.18536865711212158,-0.32132673263549805,0.5066953897476196,0.6532530334703065,0.3467469665296936,0
596,wMbj6ajWbic$_$12,1.600000023841858,-0.1698226034641266,0.0012673846213147044,0.9888912439346313,0.009841367602348328,0.6076177954673767,0.421653151512146,0.5862586498260498,0.9923822283744812,1.178346872329712,1.013741374015808,0.3615016043186188,0.28652071952819824,0.3519776165485382,audio,text,0,0.2857142984867096,0.11999999731779099,0.3333333432674408,0.5441116094589233,0.45588839054107666,0.0012673846213147044,0.9888912439346313,0.009841367602348328,0.33146122097969055,0.24981479346752167,0.418724000453949,audio,vision,0,0.06497981399297714,1.077033519744873,0.4927176833152771,0.08308900892734528,0.1859646439552307,0.09081923216581345,-0.388203501701355,0.479022741317749,0.6453767776612933,0.35462322233870675,0
462,rnaNMUZpvvg$_$13,-2.0,0.17210853099822998,0.0018026957986876369,0.990431010723114,0.007766304537653923,0.9145716428756714,0.7939066886901855,0.8736836314201355,2.914571762084961,2.7939066886901855,2.8736836910247803,0.31101882457733154,0.3616529107093811,0.32732826471328735,audio,audio,1,0.375,0.05882352963089943,0.1428571492433548,0.536137044429779,0.46386295557022095,0.0018026957986876369,0.990431010723114,0.007766304537653923,0.440976083278656,0.24167896807193756,0.31734493374824524,audio,text,0,0.05864172801375389,1.0685124397277832,0.4991680085659027,0.05010678619146347,0.12066495418548584,0.49223124980926514,-0.10485993325710297,0.5970911979675293,0.321614087259102,0.6783859127408981,1
573,vyB00TXsimI$_$18,2.4000000953674316,-0.7086782455444336,0.001206630258820951,0.9901670217514038,0.008626285940408707,-0.3113011419773102,-0.3629738390445709,-0.20457585155963898,2.711301326751709,2.7629740238189697,2.6045758724212646,0.3246578872203827,0.3043508231639862,0.3709912896156311,audio,vision,0,0.375,0.1666666716337204,0.3636363744735718,0.5452727675437927,0.4547272324562073,0.001206630258820951,0.9901670217514038,0.008626285940408707,0.35429874062538147,0.24601143598556519,0.3996898829936981,audio,vision,1,0.058893147855997086,1.0791685581207275,0.49610376358032227,0.06595475971698761,0.15839798748493195,-0.4960545301437378,-0.8859946727752686,0.38994014263153076,0.619499682844201,0.38050031715579896,0
29,c7UH_rxdZv4$_$31,-1.399999976158142,-0.2447982132434845,0.0009512153919786215,0.9938135147094727,0.0052353087812662125,0.386513352394104,0.20448613166809082,0.42916232347488403,1.786513328552246,1.604486107826233,1.829162359237671,0.3121502697467804,0.3919047713279724,0.2959449291229248,audio,audio,1,0.29411765933036804,0.21348313987255096,0.14953270554542542,0.5310550332069397,0.4689449667930603,0.0009512153919786215,0.9938135147094727,0.0052353087812662125,0.36451566219329834,0.3217805027961731,0.3137038052082062,audio,text,0,0.0402831956744194,1.096405029296875,0.4480219781398773,0.0974293127655983,0.2246761918067932,-0.042266227304935455,-0.4236428737640381,0.3813766539096832,0.38302675705752826,0.6169732429424718,1
2,c7UH_rxdZv4$_$26,-2.5999999046325684,1.1508121490478516,0.0012456398690119386,0.9928423166275024,0.0059120566584169865,1.4940108060836792,1.4134455919265747,1.4839868545532227,4.094010829925537,4.0134453773498535,4.083986759185791,0.32066065073013306,0.35463547706604004,0.3247039318084717,audio,audio,1,0.4545454680919647,0.24390244483947754,0.23999999463558197,0.5338530540466309,0.46614694595336914,0.0012456398690119386,0.9928423166275024,0.0059120566584169865,0.4117930829524994,0.2800700068473816,0.30813688039779663,audio,text,0,0.04579630866646767,1.0845485925674438,0.475181519985199,0.03585049510002136,0.08056521415710449,1.2580351829528809,1.0571876764297485,0.20084750652313232,0.4375627660118905,0.5624372339881096,1
95,cXypl4FnoZo$_$12,2.0,-0.26652395725250244,0.0012111060786992311,0.9914830327033997,0.007305806037038565,0.29295679926872253,0.1147250086069107,0.32446929812431335,1.707043170928955,1.8852750062942505,1.6755306720733643,0.35205569863319397,0.28174421191215515,0.36620011925697327,audio,vision,0,0.3333333432674408,0.1666666716337204,0.2448979616165161,0.5390105247497559,0.46098947525024414,0.0012111060786992311,0.9914830327033997,0.007305806037038565,0.36896976828575134,0.2754092216491699,0.35562101006507874,audio,text,0,0.052552517503499985,1.0906901359558105,0.4773826003074646,0.09234733879566193,0.20974428951740265,-0.032363392412662506,-0.4667900800704956,0.4344266951084137,0.6325177719166747,0.3674822280833253,0
307,k5Y_838nuGo$_$21,-0.20000000298023224,-1.7867753505706787,0.001475814264267683,0.9875288009643555,0.010995377786457539,-1.6888465881347656,-1.4088289737701416,-1.5246798992156982,1.4888465404510498,1.2088289260864258,1.3246798515319824,0.27420705556869507,0.38912686705589294,0.33666613698005676,audio,audio,1,0.3333333432674408,0.13636364042758942,0.37037035822868347,0.5487299561500549,0.45127004384994507,0.001475814264267683,0.9875288009643555,0.010995377786457539,0.3420216143131256,0.23665009438991547,0.42132827639579773,audio,vision,0,0.07160548120737076,1.072174310684204,0.5005857944488525,0.11488255113363266,0.280017614364624,-1.612583041191101,-1.9300293922424316,0.31744635105133057,0.5979204920918898,0.4020795079081102,0
38,cM3Yna7AavY$_$14,-2.5999999046325684,-0.46403488516807556,0.004503973294049501,0.9759332537651062,0.01956278271973133,-0.05953788757324219,-0.05725838243961334,-0.6553338170051575,2.540462017059326,2.542741537094116,1.9446661472320557,0.2437206506729126,0.24302712082862854,0.5132522583007812,audio,vision,0,0.2222222238779068,0.21739129722118378,0.18518517911434174,0.5442748069763184,0.45572519302368164,0.004503973294049501,0.9759332537651062,0.01956278271973133,0.32632976770401,0.32744908332824707,0.3462211787700653,audio,vision,1,0.12507127225399017,1.0982400178909302,0.43232282996177673,0.2813997268676758,0.5980754494667053,-0.3501009941101074,-0.5594325661659241,0.20933157205581665,0.434954589924664,0.565045410075336,1
315,k5Y_838nuGo$_$5,-1.3333333730697632,-0.9329800605773926,0.005039346404373646,0.985950767993927,0.009009899571537971,-0.5776512622833252,-0.555174708366394,-0.7663791179656982,0.755682110786438,0.7781586647033691,0.5669542551040649,0.3087987005710602,0.3002434968948364,0.390957772731781,audio,vision,0,0.6363636255264282,0.1875,0.05000000074505806,0.5458579659461975,0.4541420340538025,0.005039346404373646,0.985950767993927,0.009009899571537971,0.5655058026313782,0.23451322317123413,0.1999809890985489,audio,text,0,0.08304211497306824,0.98433518409729,0.5009583830833435,0.09471049904823303,0.2112044095993042,-0.7064835429191589,-1.1214202642440796,0.41493672132492065,0.3731630738156849,0.6268369261843152,1
652,zhpQhgha_KU$_$25,1.0,0.7367191314697266,0.001218360965140164,0.990996241569519,0.007785327732563019,1.2067790031433105,1.1145223379135132,1.188683271408081,0.20677900314331055,0.11452233791351318,0.18868327140808105,0.31795382499694824,0.35681840777397156,0.3252277672290802,audio,audio,1,0.3125,0.20588235557079315,0.2702702581882477,0.5275170803070068,0.47248291969299316,0.001218360965140164,0.990996241569519,0.007785327732563019,0.3461933135986328,0.2887647747993469,0.3650418519973755,audio,vision,0,0.0549403578042984,1.093782901763916,0.4681543707847595,0.03991461917757988,0.09225666522979736,0.867002546787262,0.6200277209281921,0.24697482585906982,0.5765724386301351,0.42342756136986487,0
628,yvsjCA6Y5Fc$_$20,0.800000011920929,0.012026041746139526,0.0009576745796948671,0.9943745136260986,0.004667771980166435,0.6613599061965942,0.4961552917957306,0.633192777633667,0.13864010572433472,0.30384472012519836,0.16680723428726196,0.3598642945289612,0.29272139072418213,0.3474143147468567,audio,text,0,0.3333333432674408,0.23999999463558197,0.13333334028720856,0.5330243110656738,0.46697568893432617,0.0009576745796948671,0.9943745136260986,0.004667771980166435,0.37957337498664856,0.3276556730270386,0.29277098178863525,audio,text,1,0.03731868788599968,1.0929205417633057,0.4444792866706848,0.07216125726699829,0.16520461440086365,0.2684994339942932,-0.21266697347164154,0.48116642236709595,0.6459898048998814,0.35401019510011855,0
451,rnaNMUZpvvg$_$1,-2.5999999046325684,0.40605926513671875,0.0010252678766846657,0.9900068044662476,0.008967932313680649,1.0025293827056885,0.9217500686645508,1.0057638883590698,3.602529287338257,3.521749973297119,3.6057639122009277,0.3223505914211273,0.3565996587276459,0.3210497498512268,audio,audio,1,0.25,0.06976744532585144,0.3333333432674408,0.5373085141181946,0.4626914858818054,0.0010252678766846657,0.9900068044662476,0.008967932313680649,0.32443442940711975,0.23506295680999756,0.4405025839805603,audio,vision,0,0.05927552282810211,1.066696047782898,0.5032958984375,0.03886452689766884,0.08401381969451904,0.6774148344993591,0.17238737642765045,0.5050274729728699,0.3472193786216466,0.6527806213783535,1
252,fvVhgmXxadc$_$4,-2.799999952316284,0.7490842938423157,0.0012566254008561373,0.9923500418663025,0.006393356714397669,1.2438030242919922,1.1257271766662598,1.2141283750534058,4.0438032150268555,3.925727128982544,4.0141282081604,0.3128095269203186,0.36255982518196106,0.3246306777000427,audio,audio,1,0.27272728085517883,0.28125,0.15789473056793213,0.5200886130332947,0.4799113869667053,0.0012566254008561373,0.9923500418663025,0.006393356714397669,0.3370479643344879,0.35553261637687683,0.30741941928863525,audio,audio,1,0.04831641912460327,1.0968339443206787,0.4245449900627136,0.050152309238910675,0.11807584762573242,0.8755441308021545,0.6323935389518738,0.24315059185028076,0.4245950311410626,0.5754049688589373,1
297,jUzDDGyPkXU$_$14,0.800000011920929,-0.34297579526901245,0.0010619780514389277,0.9929499626159668,0.005988057237118483,0.2367514669895172,0.02203340083360672,0.25349748134613037,0.5632485151290894,0.7779666185379028,0.5465025305747986,0.3589688837528229,0.27446892857551575,0.3665621876716614,audio,vision,0,0.23076923191547394,0.1428571492433548,0.11428571492433548,0.524063229560852,0.47593677043914795,0.0010619780514389277,0.9929499626159668,0.005988057237118483,0.35729554295539856,0.3162420690059662,0.32646241784095764,audio,text,0,0.04494393616914749,1.0972537994384766,0.45113858580589294,0.1053881123661995,0.23146408796310425,-0.14845247566699982,-0.5196353793144226,0.371182918548584,0.6139575922172072,0.38604240778279275,0
23,c7UH_rxdZv4$_$15,-2.4000000953674316,0.17452624440193176,0.002452799351885915,0.9918038845062256,0.005743340123444796,0.9954246282577515,0.852627158164978,0.9494832158088684,3.3954248428344727,3.252627372741699,3.3494832515716553,0.3072643280029297,0.3673096299171448,0.32542604207992554,audio,audio,1,0.6666666865348816,0.125,0.10000000149011612,0.5492112636566162,0.4507887363433838,0.002452799351885915,0.9918038845062256,0.005743340123444796,0.5782240033149719,0.2070292830467224,0.21474668383598328,audio,text,0,0.052539024502038956,0.9731409549713135,0.5231830477714539,0.05951922386884689,0.14279747009277344,0.47533541917800903,-0.0723758190870285,0.5477112531661987,0.33522670291373075,0.6647732970862693,1
397,ob23OKe5a9Q$_$11,0.800000011920929,0.48597389459609985,0.0008953453507274389,0.991413950920105,0.007690776605159044,1.0350241661071777,0.9340066909790039,0.9924649596214294,0.23502415418624878,0.13400667905807495,0.1924649477005005,0.3135553002357483,0.3557569086551666,0.33068782091140747,audio,audio,1,0.1515151560306549,0.15789473056793213,0.24444444477558136,0.5237891674041748,0.4762108325958252,0.0008953453507274389,0.991413950920105,0.007690776605159044,0.2918122410774231,0.30507856607437134,0.4031091630458832,audio,vision,0,0.05226951465010643,1.0878379344940186,0.45755690336227417,0.041410136967897415,0.10101747512817383,0.6740541458129883,0.31497788429260254,0.35907626152038574,0.6103646650277802,0.38963533497221975,0
266,iiK8YX8oH1E$_$1,-2.5999999046325684,-0.20010879635810852,0.0007239190745167434,0.9940920472145081,0.0051839882507920265,0.4287666380405426,0.2093910127878189,0.4324718713760376,3.028766632080078,2.8093910217285156,3.0324716567993164,0.3020341992378235,0.39732712507247925,0.3006386458873749,audio,audio,1,0.1666666716337204,0.20512820780277252,0.15217390656471252,0.5239057540893555,0.47609424591064453,0.0007239190745167434,0.9940920472145081,0.0051839882507920265,0.305825799703598,0.35068392753601074,0.34349027276039124,audio,audio,1,0.03840406611561775,1.0968475341796875,0.4289388060569763,0.10429895669221878,0.2230808585882187,0.005287636071443558,-0.38676077127456665,0.3920484185218811,0.3798793133434256,0.6201206866565744,1
671,zhpQhgha_KU$_$10,0.6000000238418579,-0.2696945369243622,0.000992600223980844,0.9922846555709839,0.006722680758684874,0.3888341188430786,0.20601093769073486,0.45160990953445435,0.2111659049987793,0.39398908615112305,0.14839011430740356,0.34754395484924316,0.2765418589115143,0.37591418623924255,audio,vision,0,0.29411765933036804,0.20792078971862793,0.25925925374031067,0.5384137034416199,0.4615862965583801,0.000992600223980844,0.9922846555709839,0.006722680758684874,0.3402724862098694,0.2959388196468353,0.3637886941432953,audio,vision,1,0.04817815124988556,1.0950090885162354,0.46423059701919556,0.1041814535856247,0.24559897184371948,-0.07532156258821487,-0.43633198738098145,0.36101043224334717,0.6109394888861932,0.3890605111138068,0
420,pLTX3ipuDJI$_$2,-1.7999999523162842,-0.25158682465553284,0.000750390812754631,0.992913544178009,0.006336146499961615,0.42650049924850464,0.2352067530155182,0.48241597414016724,2.2265005111694336,2.0352067947387695,2.2824158668518066,0.31224438548088074,0.39659011363983154,0.2911655604839325,audio,audio,1,0.15555556118488312,0.1666666716337204,0.2151898741722107,0.5301917195320129,0.46980828046798706,0.000750390812754631,0.992913544178009,0.006336146499961615,0.29808926582336426,0.3160807490348816,0.38583001494407654,audio,vision,0,0.04453057423233986,1.0922927856445312,0.45122188329696655,0.10584697872400284,0.24720922112464905,-0.05260596424341202,-0.427905797958374,0.3752998411655426,0.38482341447866014,0.6151765855213398,1
111,d3_k5Xpfmik$_$18,0.800000011920929,1.1380043029785156,0.0011716021690517664,0.9910768270492554,0.007751628290861845,1.540353775024414,1.4173414707183838,1.540289044380188,0.7403537631034851,0.6173414587974548,0.740289032459259,0.3158262073993683,0.36832195520401,0.3158518075942993,audio,audio,1,0.2142857164144516,0.0810810774564743,0.1818181872367859,0.5186010003089905,0.4813989996910095,0.0011716021690517664,0.9910768270492554,0.007751628290861845,0.34585148096084595,0.2803221642971039,0.3738262951374054,audio,vision,0,0.054462578147649765,1.091556191444397,0.47383642196655273,0.05797327682375908,0.12301230430603027,1.2898454666137695,0.9970555901527405,0.29278987646102905,0.409510975008103,0.590489024991897,1
371,nbWiPyCm4g0$_$9,-1.399999976158142,0.17585869133472443,0.003050896106287837,0.9813962578773499,0.015552825294435024,0.6779121160507202,0.5618859529495239,-0.092574343085289,2.0779120922088623,1.961885929107666,1.307425618171692,0.20938444137573242,0.2420646697282791,0.5485509037971497,audio,vision,0,0.2083333283662796,0.19148936867713928,0.1964285671710968,0.5525739789009094,0.4474260210990906,0.003050896106287837,0.9813962578773499,0.015552825294435024,0.3226337730884552,0.315425843000412,0.3619404435157776,audio,vision,1,0.1008557453751564,1.096755027770996,0.44398030638694763,0.3391869068145752,0.7704864740371704,0.2502841353416443,0.11559548228979111,0.13468864560127258,0.45800893676039023,0.5419910632396098,1
67,cW1FSBF59ik$_$15,-2.5999999046325684,-0.3716546297073364,0.0006930690142326057,0.9942739605903625,0.005033005494624376,0.1206001490354538,-0.04602351784706116,0.22789573669433594,2.720600128173828,2.55397629737854,2.8278956413269043,0.3219529986381531,0.3965037167072296,0.2815433144569397,audio,audio,1,0.2083333283662796,0.20212766528129578,0.17699114978313446,0.5281110405921936,0.4718889594078064,0.0006930690142326057,0.9942739605903625,0.005033005494624376,0.32151442766189575,0.3308532238006592,0.3476322889328003,audio,vision,0,0.03738458827137947,1.0980886220932007,0.44228047132492065,0.11269800364971161,0.2739192545413971,-0.19900834560394287,-0.5259212255477905,0.32691287994384766,0.39923800461243275,0.6007619953875672,1
329,k5Y_838nuGo$_$19,-0.6000000238418579,0.011648699641227722,0.0005191686796024442,0.9949841499328613,0.0044966465793550014,0.6628623008728027,0.5417133569717407,0.6313005089759827,1.2628623247146606,1.1417133808135986,1.2313005924224854,0.312134712934494,0.3631700277328491,0.32469528913497925,audio,audio,1,0.15789473056793213,0.37142857909202576,0.2380952388048172,0.5281891822814941,0.47181081771850586,0.0005191686796024442,0.9949841499328613,0.0044966465793550014,0.2533018887042999,0.40425044298171997,0.3424476981163025,audio,audio,1,0.03323163092136383,1.0809447765350342,0.3938225209712982,0.05131499841809273,0.12114894390106201,0.22077278792858124,-0.1751537024974823,0.39592647552490234,0.3787380251610315,0.6212619748389685,1
391,nzpVDcQ0ywM$_$15,-0.6000000238418579,-0.11176806688308716,0.00227078003808856,0.9877948760986328,0.009934310801327229,0.5562150478363037,0.4141350984573364,0.3784897029399872,1.1562150716781616,1.0141351222991943,0.9784897565841675,0.29043471813201904,0.3468800187110901,0.36268529295921326,audio,vision,0,0.25,0.1111111119389534,0.09090909361839294,0.5201175808906555,0.4798824191093445,0.00227078003808856,0.9877948760986328,0.009934310801327229,0.38086676597595215,0.300652414560318,0.31848078966140747,audio,text,0,0.07176864892244339,1.0933805704116821,0.4580950140953064,0.07677065581083298,0.17772534489631653,0.06469599902629852,-0.27458125352859497,0.3392772674560547,0.3955368947013807,0.6044631052986192,1
174,dq3Nf_lMPnE$_$4,-0.4000000059604645,-0.4320152997970581,0.0006203224183991551,0.9932275414466858,0.006152160465717316,-0.06790027022361755,-0.19653239846229553,0.06813941895961761,0.3320997357368469,0.20346760749816895,0.4681394100189209,0.3313385248184204,0.3891367018222809,0.2795247733592987,audio,audio,1,0.14814814925193787,0.130952388048172,0.2549019753932953,0.5336597561836243,0.46634024381637573,0.0006203224183991551,0.9932275414466858,0.006152160465717316,0.2902461886405945,0.2946907579898834,0.41506311297416687,audio,vision,0,0.04265105724334717,1.0840789079666138,0.4656911790370941,0.10806592553853989,0.26467180252075195,-0.24046002328395844,-0.5994064807891846,0.35894644260406494,0.5124557012598039,0.4875442987401961,0
160,d6hH302o4v8$_$35,-1.600000023841858,-0.20807701349258423,0.0014329110272228718,0.9908220767974854,0.007744965609163046,0.311720609664917,0.15172815322875977,0.06959566473960876,1.911720633506775,1.7517281770706177,1.669595718383789,0.2797327935695648,0.3416631817817688,0.37860405445098877,audio,vision,0,0.2777777910232544,0.25641027092933655,0.19148936867713928,0.5311680436134338,0.46883195638656616,0.0014329110272228718,0.9908220767974854,0.007744965609163046,0.3392770290374756,0.33356302976608276,0.32715994119644165,audio,text,0,0.05616447702050209,1.0985020399093628,0.43817275762557983,0.10053623467683792,0.24212494492530823,-0.029387392103672028,-0.36579620838165283,0.3364088237285614,0.39639447392329297,0.6036055260767069,1
120,d3_k5Xpfmik$_$8,2.200000047683716,1.3929260969161987,0.001434697536751628,0.9923498034477234,0.006215452682226896,1.7223318815231323,1.6063002347946167,1.7113902568817139,0.4776681661605835,0.5936998128890991,0.48860979080200195,0.3507044017314911,0.3033551573753357,0.3459404408931732,audio,text,0,0.4285714328289032,0.2222222238779068,0.190476194024086,0.5325532555580139,0.4674467444419861,0.001434697536751628,0.9923498034477234,0.006215452682226896,0.41304656863212585,0.2902906835079193,0.2966627776622772,audio,text,1,0.048592474311590195,1.0847587585449219,0.46803945302963257,0.052309922873973846,0.11603164672851562,1.5258699655532837,1.2762351036071777,0.24963486194610596,0.577383996666891,0.422616003333109,0
113,d3_k5Xpfmik$_$3,2.0,0.788391649723053,0.0010186100844293833,0.9941903352737427,0.004791103769093752,1.2846018075942993,1.151378870010376,1.2761555910110474,0.7153981924057007,0.848621129989624,0.7238444089889526,0.3525973856449127,0.2985084056854248,0.34889429807662964,audio,text,0,0.3076923191547394,0.24561403691768646,0.10294117778539658,0.5206348299980164,0.47936517000198364,0.0010186100844293833,0.9941903352737427,0.004791103769093752,0.3709815442562103,0.34531262516975403,0.28370583057403564,audio,text,1,0.03839952126145363,1.092456579208374,0.43258512020111084,0.060908783227205276,0.13322293758392334,0.9340671896934509,0.6542634963989258,0.27980369329452515,0.5865580728219766,0.4134419271780234,0
306,k5Y_838nuGo$_$20,0.4000000059604645,1.1775957345962524,0.0014244387857615948,0.9925132393836975,0.006062304601073265,1.4975779056549072,1.4204778671264648,1.49434232711792,1.0975779294967651,1.0204778909683228,1.0943423509597778,0.32203784584999084,0.3546191155910492,0.3233430087566376,audio,audio,1,0.5,0.21052631735801697,0.2380952388048172,0.5383402109146118,0.4616597890853882,0.0014244387857615948,0.9925132393836975,0.006062304601073265,0.44192397594451904,0.25705039501190186,0.3010256588459015,audio,text,0,0.047746483236551285,1.0714807510375977,0.49030861258506775,0.03560718148946762,0.07710003852844238,1.3206112384796143,1.0549511909484863,0.26566004753112793,0.417735815062564,0.582264184937436,1
472,tIrG4oNLFzE$_$13,-2.0,-0.9370007514953613,0.0008786383550614119,0.9928500652313232,0.0062713283114135265,-0.6007208824157715,-0.5726661682128906,-0.4444923996925354,1.3992791175842285,1.4273338317871094,1.5555076599121094,0.3586621582508087,0.34630244970321655,0.29503539204597473,audio,text,0,0.2199999988079071,0.21153846383094788,0.21014492213726044,0.5238975882530212,0.47610241174697876,0.0008786383550614119,0.9928500652313232,0.0062713283114135265,0.31891945004463196,0.3230244219303131,0.35805609822273254,audio,vision,0,0.04511410742998123,1.0972399711608887,0.4465504288673401,0.06800565868616104,0.15622848272323608,-0.787730872631073,-1.0726526975631714,0.2849218249320984,0.41189130823758946,0.5881086917624105,1
486,tIrG4oNLFzE$_$9,-1.0,-0.451005756855011,0.0010404877830296755,0.992671012878418,0.006288474425673485,-0.1049652099609375,-0.2197989821434021,0.009912550449371338,0.8950347900390625,0.7802010178565979,1.0099124908447266,0.33106091618537903,0.3821619749069214,0.2867771089076996,audio,audio,1,0.2916666567325592,0.13793103396892548,0.19230769574642181,0.5322479605674744,0.46775203943252563,0.0010404877830296755,0.992671012878418,0.006288474425673485,0.36940544843673706,0.2823731303215027,0.34822142124176025,audio,text,0,0.04632468894124031,1.0922889709472656,0.47353196144104004,0.09377934038639069,0.22971153259277344,-0.25373923778533936,-0.6243681907653809,0.3706289529800415,0.38620653807641564,0.6137934619235843,1
650,yvsjCA6Y5Fc$_$18,-2.200000047683716,-0.8318162560462952,0.0008382893283851445,0.9938948750495911,0.005266821477562189,-0.4959104359149933,-0.5332449674606323,-0.3591207265853882,1.704089641571045,1.6667550802230835,1.8408793210983276,0.34594815969467163,0.36247554421424866,0.2915763258934021,audio,audio,1,0.29629629850387573,0.2432432472705841,0.21052631735801697,0.5291510820388794,0.4708489179611206,0.0008382893283851445,0.9938948750495911,0.005266821477562189,0.3442220389842987,0.3221862018108368,0.3335917592048645,audio,text,0,0.03965647146105766,1.098247766494751,0.44780582189559937,0.0748513713479042,0.17412424087524414,-0.6637423038482666,-0.9813717007637024,0.3176293969154358,0.40202450120965283,0.5979754987903471,1
684,zhpQhgha_KU$_$33,-0.4000000059604645,-0.7149946689605713,0.0010044095106422901,0.9921982884407043,0.00679734256118536,-0.36257562041282654,-0.40274015069007874,-0.23608450591564178,0.03742438554763794,0.002740144729614258,0.1639155000448227,0.34505829215049744,0.3603473901748657,0.2945943772792816,audio,audio,1,0.3125,0.23529411852359772,0.2786885201931,0.5351056456565857,0.4648943543434143,0.0010044095106422901,0.9921982884407043,0.00679734256118536,0.33840781450271606,0.29901671409606934,0.3625754714012146,audio,vision,0,0.04863202944397926,1.0954967737197876,0.46212100982666016,0.07101432234048843,0.16665564477443695,-0.5446292161941528,-0.8630064129829407,0.31837719678878784,0.5982001928072005,0.4017998071927996,0
475,tIrG4oNLFzE$_$14,-2.4000000953674316,-0.6177532076835632,0.0007041638600639999,0.9939497709274292,0.005346107296645641,-0.25106868147850037,-0.31376317143440247,-0.09355811774730682,2.1489315032958984,2.0862369537353516,2.3064420223236084,0.34449461102485657,0.37257805466651917,0.28292736411094666,audio,audio,1,0.17777778208255768,0.22297297418117523,0.18644067645072937,0.5241895914077759,0.4758104085922241,0.0007041638600639999,0.9939497709274292,0.005346107296645641,0.30307990312576294,0.343204528093338,0.35371556878089905,audio,vision,0,0.03911059722304344,1.096440315246582,0.4338301420211792,0.09263455122709274,0.22020505368709564,-0.4575859308242798,-0.7631381154060364,0.3055521845817566,0.40565902236996265,0.5943409776300373,1
463,rnaNMUZpvvg$_$12,-1.0,-1.4644508361816406,0.0010527103440836072,0.9917368292808533,0.007210511714220047,-1.0935211181640625,-0.9617869853973389,-0.8999922871589661,0.0935211181640625,0.03821301460266113,0.10000771284103394,0.3264234662055969,0.3497891426086426,0.3237874209880829,audio,audio,1,0.27272728085517883,0.1666666716337204,0.24561403691768646,0.5324339866638184,0.46756601333618164,0.0010527103440836072,0.9917368292808533,0.007210511714220047,0.34074920415878296,0.2878113389015198,0.37143951654434204,audio,vision,0,0.05101050063967705,1.093170404434204,0.46928367018699646,0.08070926368236542,0.19352883100509644,-1.2836393117904663,-1.6232335567474365,0.3395942449569702,0.6045578375113442,0.39544216248865593,0
129,d6hH302o4v8$_$22,-1.0,-1.8084303140640259,0.003494243836030364,0.9804636836051941,0.01604204624891281,-1.7775193452835083,-1.3937580585479736,-2.147005081176758,0.7775193452835083,0.39375805854797363,1.1470050811767578,0.30809950828552246,0.4977632164955139,0.1941373199224472,audio,audio,1,0.3333333432674408,0.2432432472705841,0.25925925374031067,0.5642557740211487,0.4357442259788513,0.003494243836030364,0.9804636836051941,0.01604204624891281,0.35326093435287476,0.2979988157749176,0.34874027967453003,audio,text,0,0.1054043173789978,1.095734715461731,0.4549766182899475,0.3075302243232727,0.7532470226287842,-1.6770553588867188,-1.9098840951919556,0.23282873630523682,0.5722497244563847,0.4277502755436154,0
381,nzpVDcQ0ywM$_$5,-0.4000000059604645,0.3757287263870239,0.0024251602590084076,0.9876567125320435,0.009918173775076866,1.0531642436981201,0.9366073608398438,1.0128624439239502,1.4531642198562622,1.3366073369979858,1.4128624200820923,0.3116709589958191,0.3605547845363617,0.3277742564678192,audio,audio,1,0.4615384638309479,0.20454545319080353,0.25,0.5410938858985901,0.4589061141014099,0.0024251602590084076,0.9876567125320435,0.009918173775076866,0.42274436354637146,0.260820209980011,0.31643545627593994,audio,text,0,0.07262711226940155,1.0786021947860718,0.4845576286315918,0.04833285138010979,0.11655688285827637,0.5670151114463806,0.21349722146987915,0.35351788997650146,0.39128895873919584,0.6087110412608042,1
49,cW1FSBF59ik$_$24,0.0,0.6997947692871094,0.0010039204498752952,0.9938415288925171,0.005154487211257219,1.1982817649841309,1.0958642959594727,1.1850411891937256,1.1982817649841309,1.0958642959594727,1.1850411891937256,0.31713148951530457,0.3604446053504944,0.32242390513420105,audio,audio,1,0.4000000059604645,0.2068965584039688,0.20000000298023224,0.5333462953567505,0.4666537046432495,0.0010039204498752952,0.9938415288925171,0.005154487211257219,0.40228182077407837,0.28636109828948975,0.3113570809364319,audio,text,0,0.0402236171066761,1.087709903717041,0.47165364027023315,0.04548158124089241,0.1024174690246582,0.8825387954711914,0.5399020910263062,0.34263670444488525,0.39453333288941306,0.6054666671105868,1
584,wMbj6ajWbic$_$1,0.5,0.03901760280132294,0.0005445730639621615,0.9952840209007263,0.0041714562103152275,0.7285417318344116,0.5859323740005493,0.7147937417030334,0.22854173183441162,0.08593237400054932,0.21479374170303345,0.3112868070602417,0.37203070521354675,0.31668251752853394,audio,audio,1,0.20000000298023224,0.3499999940395355,0.2083333283662796,0.5307670831680298,0.4692329168319702,0.0005445730639621615,0.9952840209007263,0.0041714562103152275,0.279877632856369,0.3930412828922272,0.3270810842514038,audio,audio,1,0.03165501728653908,1.0889633893966675,0.40149515867233276,0.06423196941614151,0.1426093578338623,0.27284157276153564,-0.16769811511039734,0.440539687871933,0.6342920914823194,0.3657079085176806,0
638,yvsjCA6Y5Fc$_$6,0.0,-1.1383024454116821,0.0011326681124046445,0.9928776621818542,0.0059896595776081085,-0.863497257232666,-0.7965238094329834,-0.669067919254303,0.863497257232666,0.7965238094329834,0.669067919254303,0.29740339517593384,0.3233729302883148,0.37922361493110657,audio,vision,0,0.3636363744735718,0.190476194024086,0.2083333283662796,0.5365694761276245,0.4634305238723755,0.0011326681124046445,0.9928776621818542,0.0059896595776081085,0.3881063163280487,0.2852233052253723,0.326670378446579,audio,text,0,0.04543338716030121,1.090620994567871,0.4717695713043213,0.08064546436071396,0.19442933797836304,-0.9473719596862793,-1.3032073974609375,0.3558354377746582,0.6094008209968317,0.39059917900316826,0
284,jUzDDGyPkXU$_$3,0.0,0.36121129989624023,0.0009910454973578453,0.9917541742324829,0.007254824973642826,1.0310291051864624,0.8901479244232178,1.0304851531982422,1.0310291051864624,0.8901479244232178,1.0304851531982422,0.3131616413593292,0.37346377968788147,0.3133746385574341,audio,audio,1,0.3333333432674408,0.2222222238779068,0.3333333432674408,0.5436559319496155,0.4563440680503845,0.0009910454973578453,0.9917541742324829,0.007254824973642826,0.3333984613418579,0.2822621166706085,0.38433945178985596,audio,vision,0,0.050804439932107925,1.0907658338546753,0.47299474477767944,0.06628421694040298,0.14088118076324463,0.608747661113739,0.1534295678138733,0.4553180932998657,0.3614335311209733,0.6385664688790268,1
388,nzpVDcQ0ywM$_$10,-1.0,-0.4864586293697357,0.0011968080652877688,0.9924301505088806,0.0063730585388839245,-0.11256638169288635,-0.22284093499183655,-0.051566705107688904,0.887433648109436,0.7771590948104858,0.9484332799911499,0.32526877522468567,0.3733420670032501,0.3013891279697418,audio,audio,1,0.3333333432674408,0.2222222238779068,0.1944444477558136,0.5319194197654724,0.4680805802345276,0.0011968080652877688,0.9924301505088806,0.0063730585388839245,0.37100058794021606,0.3066224157810211,0.3223770558834076,audio,text,0,0.04781346023082733,1.0952779054641724,0.4572051763534546,0.07088042050600052,0.17127422988414764,-0.30663949251174927,-0.6446965932846069,0.33805710077285767,0.3959016064761841,0.6040983935238158,1
144,d6hH302o4v8$_$39,-3.0,-0.09692662954330444,0.001874227193184197,0.9885209798812866,0.009604735299944878,0.711260199546814,0.5687974691390991,0.5470696091651917,3.7112603187561035,3.5687975883483887,3.547069549560547,0.2921638786792755,0.3491120934486389,0.3587239682674408,audio,vision,0,0.4444444477558136,0.25,0.3235294222831726,0.5486432313919067,0.45135676860809326,0.001874227193184197,0.9885209798812866,0.009604735299944878,0.38563668727874756,0.2677253484725952,0.34663793444633484,audio,text,0,0.06780096888542175,1.0875184535980225,0.48053044080734253,0.07282115519046783,0.16419059038162231,0.13047581911087036,-0.28400564193725586,0.4144814610481262,0.3732961971975434,0.6267038028024565,1
528,v0zCBqDeKcE$_$15,2.4000000953674316,0.5413495302200317,0.0013667474268004298,0.9940640330314636,0.0045692590065300465,1.043208122253418,0.9493710994720459,1.0460951328277588,1.3567919731140137,1.4506289958953857,1.3539049625396729,0.3456694781780243,0.3074113428592682,0.3469191789627075,audio,vision,0,0.5,0.1818181872367859,0.10000000149011612,0.5353849530220032,0.4646150469779968,0.0013667474268004298,0.9940640330314636,0.0045692590065300465,0.4808303713798523,0.2691146731376648,0.2500549256801605,audio,text,0,0.0395534448325634,1.0519230365753174,0.48329958319664,0.04493113234639168,0.09672403335571289,0.7529117465019226,0.35775262117385864,0.39515912532806396,0.6210362516261076,0.3789637483738923,0
262,iiK8YX8oH1E$_$14,-1.2000000476837158,-0.28893521428108215,0.0011562478030100465,0.9898097515106201,0.00903393980115652,0.3519967794418335,0.15237009525299072,0.3906666040420532,1.5519968271255493,1.3523701429367065,1.590666651725769,0.309000700712204,0.3965795934200287,0.29441967606544495,audio,audio,1,0.2142857164144516,0.15789473056793213,0.28260868787765503,0.537895143032074,0.462104856967926,0.0011562478030100465,0.9898097515106201,0.00903393980115652,0.3079509735107422,0.2874647378921509,0.4045843482017517,audio,vision,0,0.06047799065709114,1.0871849060058594,0.46823006868362427,0.1044197753071785,0.2382965087890625,-0.08319073915481567,-0.4656899571418762,0.38249921798706055,0.38269520774678767,0.6173047922532123,1
215,f9O3YtZ2VfI$_$9,-2.200000047683716,-0.10744692385196686,0.0015122166369110346,0.9908388257026672,0.0076489378698170185,0.7805991172790527,0.6234985589981079,0.7420194745063782,2.9805991649627686,2.8234987258911133,2.942019462585449,0.30614835023880005,0.37257760763168335,0.3212740421295166,audio,audio,1,0.3076923191547394,0.0,0.12195122241973877,0.5300939083099365,0.4699060916900635,0.0015122166369110346,0.9908388257026672,0.0076489378698170185,0.42292430996894836,0.24107088148593903,0.3360048234462738,audio,text,0,0.056214381009340286,1.0733723640441895,0.49984532594680786,0.066846564412117,0.15710055828094482,0.18621359765529633,-0.3677647113800049,0.5539783239364624,0.33348319333946097,0.666516806660539,1
146,d6hH302o4v8$_$11,-1.0,-0.2062404453754425,0.0007921968353912234,0.9949797987937927,0.004228050820529461,0.40954557061195374,0.22297002375125885,0.42755937576293945,1.4095455408096313,1.2229700088500977,1.4275593757629395,0.30860453844070435,0.3896621763706207,0.30173325538635254,audio,audio,1,0.30000001192092896,0.34285715222358704,0.1463414579629898,0.5304964780807495,0.4695035219192505,0.0007921968353912234,0.9949797987937927,0.004228050820529461,0.3363810181617737,0.37952157855033875,0.2840974032878876,audio,audio,1,0.03377498686313629,1.0917068719863892,0.4103054702281952,0.0924912765622139,0.2045893520116806,-0.03707823157310486,-0.35595351457595825,0.3188752830028534,0.4016501683843902,0.5983498316156098,1
377,nzpVDcQ0ywM$_$23,2.0,-0.1329919695854187,0.0034827657509595156,0.9810276031494141,0.015489629469811916,0.45237696170806885,0.307768851518631,-0.019521012902259827,1.5476230382919312,1.6922311782836914,2.0195209980010986,0.4185793101787567,0.3493611514568329,0.2320595532655716,audio,text,0,0.25,0.21052631735801697,0.1818181872367859,0.5375748872756958,0.4624251127243042,0.0034827657509595156,0.9810276031494141,0.015489629469811916,0.3384733498096466,0.3228900730609894,0.3386365473270416,audio,vision,0,0.10305780172348022,1.0983655452728271,0.43875837326049805,0.19740478694438934,0.4718979597091675,-0.007709294557571411,-0.24076087772846222,0.2330515831708908,0.5723179086470833,0.4276820913529167,0
226,f9O3YtZ2VfI$_$18,-1.0,1.0525853633880615,0.001622267416678369,0.9926823973655701,0.005695387255400419,1.3613780736923218,1.2840451002120972,1.3317030668258667,2.3613781929016113,2.2840452194213867,2.3317031860351562,0.3185441195964813,0.3508739471435547,0.330581933259964,audio,audio,1,0.5625,0.25,0.2083333283662796,0.5396050810813904,0.4603949189186096,0.001622267416678369,0.9926823973655701,0.005695387255400419,0.4709555208683014,0.2620214819908142,0.267022967338562,audio,text,0,0.047146398574113846,1.0581409931182861,0.4871072769165039,0.03185431659221649,0.07733297348022461,1.1720335483551025,0.9506712555885315,0.22136229276657104,0.4312622970619728,0.5687377029380272,1
468,rnaNMUZpvvg$_$19,-1.399999976158142,-0.03643129765987396,0.0010480806231498718,0.9905305504798889,0.008421375416219234,0.714867115020752,0.5606706142425537,0.699053943157196,2.1148672103881836,1.9606705904006958,2.0990538597106934,0.30935442447662354,0.37511536478996277,0.3155302107334137,audio,audio,1,0.17391304671764374,0.09433962404727936,0.234375,0.5302364826202393,0.46976351737976074,0.0010480806231498718,0.9905305504798889,0.008421375416219234,0.3129684031009674,0.28084591031074524,0.40618568658828735,audio,vision,0,0.05684387683868408,1.0861716270446777,0.47312307357788086,0.06926324963569641,0.15419650077819824,0.21963493525981903,-0.26329338550567627,0.4829283356666565,0.35350669890864883,0.6464933010913511,1
569,vyB00TXsimI$_$14,2.0,-0.4556460976600647,0.0015397330280393362,0.9868237972259521,0.011636478826403618,0.23167318105697632,0.09428225457668304,0.2197059988975525,1.768326759338379,1.9057177305221558,1.7802939414978027,0.35368791222572327,0.29787567257881165,0.34843647480010986,audio,text,0,0.1818181872367859,0.0,0.23333333432674408,0.5224583148956299,0.4775416851043701,0.0015397330280393362,0.9868237972259521,0.011636478826403618,0.33393776416778564,0.2416364699602127,0.42442575097084045,audio,vision,0,0.07488486915826797,1.0732051134109497,0.4967915415763855,0.06213837489485741,0.13739092648029327,-0.29096293449401855,-0.6061711311340332,0.31520819664001465,0.5972477104310552,0.4027522895689447,0
308,k5Y_838nuGo$_$22,0.4000000059604645,0.34348684549331665,0.0015319236554205418,0.9926013350486755,0.005866717081516981,0.9520195722579956,0.837178111076355,0.9019907116889954,0.5520195960998535,0.4371781051158905,0.5019906759262085,0.31066516041755676,0.3586215376853943,0.33071327209472656,audio,audio,1,0.4000000059604645,0.1875,0.10526315867900848,0.5308452844619751,0.4691547155380249,0.0015319236554205418,0.9926013350486755,0.005866717081516981,0.4313036799430847,0.29311874508857727,0.275577574968338,audio,text,0,0.04744585230946541,1.0775985717773438,0.4663217067718506,0.04701315611600876,0.11484146118164062,0.5585440993309021,0.15342184901237488,0.4051222503185272,0.5274829170642953,0.47251708293570466,0
516,tmZoasNr4rU$_$3,-2.0,0.15371692180633545,0.0008253408595919609,0.9936536550521851,0.005521034821867943,0.8023842573165894,0.6896724700927734,0.7810176610946655,2.802384376525879,2.6896724700927734,2.781017780303955,0.314627081155777,0.36222946643829346,0.32314345240592957,audio,audio,1,0.25,0.1538461595773697,0.1875,0.5272479057312012,0.47275209426879883,0.0008253408595919609,0.9936536550521851,0.005521034821867943,0.34696075320243835,0.29962068796157837,0.3534185588359833,audio,vision,0,0.04089073836803436,1.095978856086731,0.4626886248588562,0.04888128861784935,0.11271178722381592,0.42313700914382935,-0.08785615861415863,0.5109931826591492,0.3455310895311845,0.6544689104688155,1
276,jUzDDGyPkXU$_$25,-2.0,-0.05539560317993164,0.0005432451143860817,0.9941750168800354,0.005281755700707436,0.59710693359375,0.4338605999946594,0.6007434129714966,2.59710693359375,2.4338605403900146,2.600743293762207,0.31038224697113037,0.38064321875572205,0.30897459387779236,audio,audio,1,0.11764705926179886,0.190476194024086,0.23076923191547394,0.5281050205230713,0.4718949794769287,0.0005432451143860817,0.9941750168800354,0.005281755700707436,0.2731386721134186,0.3314228951931,0.3954385221004486,audio,vision,0,0.03758692368865013,1.0873548984527588,0.44183477759361267,0.07782634347677231,0.16688281297683716,0.18483032286167145,-0.27005255222320557,0.4548828601837158,0.36155910067626873,0.6384408993237313,1
298,jUzDDGyPkXU$_$17,-2.799999952316284,-0.19536946713924408,0.0009768723975867033,0.9951061010360718,0.003917018882930279,0.5540776252746582,0.3516981303691864,0.5498912930488586,3.3540775775909424,3.151698112487793,3.349891185760498,0.30366554856300354,0.3910757005214691,0.30525872111320496,audio,audio,1,0.4285714328289032,0.2857142984867096,0.11538461595773697,0.5410767793655396,0.45892322063446045,0.0009768723975867033,0.9951061010360718,0.003917018882930279,0.4142507314682007,0.33003878593444824,0.25571051239967346,audio,text,0,0.03336251899600029,1.0796501636505127,0.443378210067749,0.0944313332438469,0.2023794949054718,0.06824274361133575,-0.4189565181732178,0.48719924688339233,0.3522875557301307,0.6477124442698693,1
237,f_pcplsH_V0$_$5,1.2000000476837158,1.0484484434127808,0.000874874705914408,0.9926841855049133,0.006440950557589531,1.4442273378372192,1.3549845218658447,1.4378530979156494,0.24422729015350342,0.1549844741821289,0.2378530502319336,0.31989628076553345,0.3576483726501465,0.3224553167819977,audio,audio,1,0.15789473056793213,0.23655913770198822,0.1875,0.5109325051307678,0.4890674948692322,0.000874874705914408,0.9926841855049133,0.006440950557589531,0.29280993342399597,0.3516789674758911,0.3555111289024353,audio,vision,0,0.045944444835186005,1.0948249101638794,0.4273368716239929,0.04065044969320297,0.08924281597137451,1.122347354888916,0.977712094783783,0.14463526010513306,0.5450758047700603,0.45492419522993977,0
53,cW1FSBF59ik$_$23,1.399999976158142,-0.18314024806022644,0.0009397112880833447,0.9931981563568115,0.005862176883965731,0.5716140270233154,0.3941880464553833,0.5889818072319031,0.8283859491348267,1.0058119297027588,0.811018168926239,0.3542284667491913,0.28376877307891846,0.36200276017189026,audio,vision,0,0.2380952388048172,0.1827957034111023,0.1607142835855484,0.5264418125152588,0.4735581874847412,0.0009397112880833447,0.9931981563568115,0.005862176883965731,0.3438445031642914,0.318380206823349,0.337775319814682,audio,text,0,0.043455466628074646,1.0980782508850098,0.44987863302230835,0.08801909536123276,0.19479376077651978,0.03384312242269516,-0.3783265948295593,0.4121697247028351,0.6260275262250887,0.3739724737749113,0
603,wMbj6ajWbic$_$30,0.800000011920929,0.27361536026000977,0.0009018670534715056,0.9936820268630981,0.005416050087660551,0.9451847076416016,0.807376503944397,0.9449121356010437,0.1451846957206726,0.007376492023468018,0.14491212368011475,0.31364405155181885,0.3726050555706024,0.3137509226799011,audio,audio,1,0.3076923191547394,0.25,0.2083333283662796,0.5315709114074707,0.4684290885925293,0.0009018670534715056,0.9936820268630981,0.005416050087660551,0.3464631140232086,0.3260487914085388,0.3274880349636078,audio,text,0,0.04088403657078743,1.0982253551483154,0.44508883357048035,0.0648992732167244,0.1378082036972046,0.5048303604125977,0.06986486911773682,0.43496549129486084,0.6326743066900812,0.36732569330991877,0
39,cM3Yna7AavY$_$16,-2.799999952316284,0.1671026349067688,0.0018074634717777371,0.9894638061523438,0.00872865691781044,0.905337929725647,0.8062125444412231,0.8633063435554504,3.7053380012512207,3.606212615966797,3.66330623626709,0.31388750672340393,0.3552924692630768,0.3308200240135193,audio,audio,1,0.4000000059604645,0.1785714328289032,0.23529411852359772,0.537385106086731,0.46261489391326904,0.0018074634717777371,0.9894638061523438,0.00872865691781044,0.40256112813949585,0.2655034065246582,0.33193546533584595,audio,text,0,0.06327991932630539,1.0844484567642212,0.4826403260231018,0.04062321409583092,0.09912538528442383,0.39922088384628296,-0.03271934390068054,0.4319402277469635,0.36820496312186857,0.6317950368781314,1
209,f9O3YtZ2VfI$_$3,0.6000000238418579,-0.504371166229248,0.0019988492131233215,0.9923462867736816,0.005654838867485523,0.0891159325838089,-0.032267481088638306,0.17357638478279114,0.5108841061592102,0.6322674751281738,0.4264236390590668,0.3366355895996094,0.2892443537712097,0.3741200268268585,audio,vision,0,0.5833333134651184,0.13513512909412384,0.11363636702299118,0.5480645298957825,0.45193547010421753,0.0019988492131233215,0.9923462867736816,0.005654838867485523,0.5341857075691223,0.2261420339345932,0.23967228829860687,audio,text,0,0.049312710762023926,1.0134893655776978,0.5108028650283813,0.08448485285043716,0.20584386587142944,-0.2491847723722458,-0.7147985696792603,0.46561378240585327,0.6415314425516603,0.3584685574483397,0
139,d6hH302o4v8$_$4,-1.600000023841858,-0.07309836149215698,0.0016642325790598989,0.9896318912506104,0.008703845553100109,0.6461427211761475,0.4789755940437317,0.5467096567153931,2.246142864227295,2.0789756774902344,2.146709680557251,0.2971997559070587,0.36626729369163513,0.33653295040130615,audio,audio,1,0.25,0.11764705926179886,0.15000000596046448,0.5268722772598267,0.47312772274017334,0.0016642325790598989,0.9896318912506104,0.008703845553100109,0.3670423626899719,0.28942644596099854,0.3435311019420624,audio,text,0,0.062253519892692566,1.093780279159546,0.466803640127182,0.06865346431732178,0.16716712713241577,0.17682696878910065,-0.2975296378135681,0.47435659170150757,0.3559592463866489,0.6440407536133511,1
493,tStelxIAHjw$_$14,-1.7999999523162842,-0.4778462052345276,0.0020826056133955717,0.9895500540733337,0.008367336355149746,0.02834656834602356,-0.11289165914058685,0.06127644330263138,1.8283464908599854,1.6871082782745361,1.861276388168335,0.31718191504478455,0.37842702865600586,0.3043909966945648,audio,audio,1,0.5,0.1428571492433548,0.23529411852359772,0.5464915633201599,0.4535084366798401,0.0020826056133955717,0.9895500540733337,0.008367336355149746,0.4562660753726959,0.23458197712898254,0.30915191769599915,audio,text,0,0.06327790766954422,1.06107497215271,0.5033120512962341,0.0755477324128151,0.17416810989379883,-0.2605207562446594,-0.6581946611404419,0.39767390489578247,0.3782242129332918,0.6217757870667082,1
538,v0zCBqDeKcE$_$9,1.7999999523162842,1.2058274745941162,0.0009381043491885066,0.9942342638969421,0.004827655386179686,1.5231798887252808,1.4479433298110962,1.5372374057769775,0.2768200635910034,0.352056622505188,0.26276254653930664,0.34153375029563904,0.31087809801101685,0.3475881814956665,audio,vision,0,0.3333333432674408,0.2380952388048172,0.1599999964237213,0.5233673453330994,0.47663265466690063,0.0009381043491885066,0.9942342638969421,0.004827655386179686,0.3731720447540283,0.3224905729293823,0.30433738231658936,audio,text,0,0.03803698718547821,1.0948435068130493,0.44782909750938416,0.03920255973935127,0.08929407596588135,1.3496381044387817,1.0748586654663086,0.27477943897247314,0.5850342239978226,0.41496577600217754,0
101,cXypl4FnoZo$_$18,-0.25,-1.1867787837982178,0.001070793136022985,0.9932771325111389,0.005652009043842554,-0.8335293531417847,-0.7755581140518188,-0.6893739104270935,0.5835293531417847,0.5255581140518188,0.4393739104270935,0.30556705594062805,0.3285316824913025,0.36590126156806946,audio,vision,0,0.2857142984867096,0.21917808055877686,0.13793103396892548,0.5216504335403442,0.47834956645965576,0.001070793136022985,0.9932771325111389,0.005652009043842554,0.3629404604434967,0.3275592625141144,0.3095002770423889,audio,text,0,0.043277088552713394,1.0964112281799316,0.44381195306777954,0.05922572314739227,0.14415544271469116,-1.0443904399871826,-1.3173478841781616,0.272957444190979,0.5844812119122954,0.41551878808770465,0
449,rnaNMUZpvvg$_$21,-2.5999999046325684,0.5257092714309692,0.0011052849004045129,0.9926134347915649,0.006281229667365551,1.0879510641098022,0.995514988899231,1.089835524559021,3.68795108795166,3.5955147743225098,3.689835548400879,0.3204992115497589,0.35975566506385803,0.31974512338638306,audio,audio,1,0.40909090638160706,0.15000000596046448,0.25,0.5366891622543335,0.4633108377456665,0.0011052849004045129,0.9926134347915649,0.006281229667365551,0.4055551290512085,0.2537462115287781,0.3406986594200134,audio,text,0,0.04673061892390251,1.080855369567871,0.4925782084465027,0.04402567818760872,0.09432053565979004,0.7362300753593445,0.34397178888320923,0.39225828647613525,0.37981751349019427,0.6201824865098058,1
246,fvVhgmXxadc$_$12,0.0,0.7851243019104004,0.0010473168222233653,0.992500364780426,0.006452320143580437,1.226428508758545,1.130031943321228,1.2115496397018433,1.226428508758545,1.130031943321228,1.2115496397018433,0.3177802860736847,0.35847389698028564,0.32374581694602966,audio,audio,1,0.2380952388048172,0.15909090638160706,0.16981132328510284,0.5169300436973572,0.4830699563026428,0.0010473168222233653,0.992500364780426,0.006452320143580437,0.34681984782218933,0.30605268478393555,0.34712743759155273,audio,vision,0,0.04719869792461395,1.0969133377075195,0.45763176679611206,0.04237246885895729,0.0963965654373169,0.9311922192573547,0.6486241221427917,0.282568097114563,0.41260419206427723,0.5873958079357227,1
435,phBUpBr1hSo$_$19,2.0,1.0075995922088623,0.0015434999950230122,0.9916973114013672,0.006759218871593475,1.4788758754730225,1.3429423570632935,1.4661715030670166,0.5211241245269775,0.6570576429367065,0.5338284969329834,0.35360926389694214,0.29835253953933716,0.3480381667613983,audio,text,0,0.5,0.20000000298023224,0.25,0.5434669256210327,0.4565330743789673,0.0015434999950230122,0.9916973114013672,0.006759218871593475,0.4384128749370575,0.2545771598815918,0.3070099651813507,audio,text,1,0.05203505605459213,1.0723532438278198,0.4914134442806244,0.06130501627922058,0.135933518409729,1.1784192323684692,0.8641045689582825,0.31431466341018677,0.5969790149501933,0.40302098504980666,0
478,tIrG4oNLFzE$_$18,-2.200000047683716,-1.0229521989822388,0.0009315074421465397,0.9921563863754272,0.0069120945408940315,-0.6881775856018066,-0.6633080244064331,-0.5126233100891113,1.5118224620819092,1.5366920232772827,1.6873767375946045,0.36070388555526733,0.3496631383895874,0.2896329164505005,audio,text,0,0.23999999463558197,0.1515151560306549,0.2405063360929489,0.5298691391944885,0.4701308608055115,0.0009315074421465397,0.9921563863754272,0.0069120945408940315,0.33121925592422485,0.2878374755382538,0.380943238735199,audio,vision,0,0.04869756102561951,1.0921001434326172,0.4695459306240082,0.07756265252828598,0.1755542755126953,-0.8468738198280334,-1.1791791915893555,0.332305371761322,0.39762239168248187,0.6023776083175182,1
99,cXypl4FnoZo$_$16,-0.6000000238418579,-0.3027693033218384,0.0007767755887471139,0.9940537810325623,0.005169432144612074,0.141679584980011,-0.028867676854133606,0.17384323477745056,0.7416796088218689,0.5711323618888855,0.7738432884216309,0.3126753568649292,0.3869709372520447,0.3003537356853485,audio,audio,1,0.2068965584039688,0.2708333432674408,0.17241379618644714,0.5249810218811035,0.4750189781188965,0.0007767755887471139,0.9940537810325623,0.005169432144612074,0.3076068162918091,0.3623962700366974,0.3299969732761383,audio,audio,1,0.03870749846100807,1.0963444709777832,0.4211050271987915,0.08895228803157806,0.20271091163158417,-0.14426429569721222,-0.4461894631385803,0.3019251823425293,0.4067525795265011,0.5932474204734989,1
610,yDtzw_Y-7RU$_$3,0.75,0.7000533938407898,0.0006766172591596842,0.994310736656189,0.005012586712837219,1.157893419265747,1.0611317157745361,1.1493360996246338,0.40789341926574707,0.31113171577453613,0.3993360996246338,0.3185397982597351,0.35949477553367615,0.32196539640426636,audio,audio,1,0.2142857164144516,0.2711864411830902,0.2142857164144516,0.520622968673706,0.47937703132629395,0.0006766172591596842,0.994310736656189,0.005012586712837219,0.30126333236694336,0.35149577260017395,0.3472408950328827,audio,audio,1,0.03715692460536957,1.0962454080581665,0.4285433292388916,0.04373667389154434,0.09676170349121094,0.8475590348243713,0.5642337799072266,0.2833252549171448,0.5275368538208245,0.47246314617917545,0
103,d3_k5Xpfmik$_$10,0.4000000059604645,0.8786846399307251,0.0007030332926660776,0.9946274161338806,0.004669604357331991,1.2663218975067139,1.1865662336349487,1.2563618421554565,0.8663219213485718,0.7865662574768066,0.8563618659973145,0.3207840919494629,0.3544129729270935,0.32480287551879883,audio,audio,1,0.2857142984867096,0.3076923191547394,0.22077922523021698,0.5217606425285339,0.47823935747146606,0.0007030332926660776,0.9946274161338806,0.004669604357331991,0.3224763572216034,0.3512846827507019,0.3262389600276947,audio,audio,1,0.03552247956395149,1.0978825092315674,0.42889517545700073,0.03548329323530197,0.07975566387176514,0.9861384034156799,0.7801938652992249,0.20594453811645508,0.4359954103311243,0.5640045896688756,1
507,tmZoasNr4rU$_$12,-2.200000047683716,0.08922958374023438,0.0015869009075686336,0.9912216663360596,0.007191412150859833,0.8179863691329956,0.7109291553497314,0.7826666235923767,3.017986297607422,2.9109292030334473,2.9826667308807373,0.31364408135414124,0.3585544228553772,0.32780149579048157,audio,audio,1,0.5,0.17241379618644714,0.2571428716182709,0.5489950180053711,0.4510049819946289,0.0015869009075686336,0.9912216663360596,0.007191412150859833,0.4450260400772095,0.23983795940876007,0.31513604521751404,audio,text,0,0.05445745959877968,1.0666453838348389,0.5009225606918335,0.04454084858298302,0.10705721378326416,0.3851129412651062,-0.15384159982204437,0.5389545559883118,0.33767037072048034,0.6623296292795198,1
310,k5Y_838nuGo$_$28,2.0,-0.14327433705329895,0.0019134361064061522,0.9885237812995911,0.009562794119119644,0.7028694152832031,0.5228222012519836,0.6010067462921143,1.2971305847167969,1.4771778583526611,1.3989932537078857,0.37328559160232544,0.29805704951286316,0.3286572992801666,audio,text,0,0.25,0.0,0.10526315867900848,0.5238503813743591,0.47614961862564087,0.0019134361064061522,0.9885237812995911,0.009562794119119644,0.40053924918174744,0.2546904385089874,0.3447703719139099,audio,text,1,0.06785181909799576,1.0819504261016846,0.4892222583293915,0.07371553778648376,0.18004721403121948,0.1038268506526947,-0.36787497997283936,0.47170183062553406,0.6432796237506266,0.3567203762493734,0
6,c7UH_rxdZv4$_$22,-2.4000000953674316,-1.1916714906692505,0.0010287450859323144,0.9929078817367554,0.006063330452889204,-0.8665863275527954,-0.8021042346954346,-0.7038448452949524,1.5334137678146362,1.597895860671997,1.696155309677124,0.36516472697257996,0.33688652515411377,0.2979487478733063,audio,text,0,0.3571428656578064,0.2786885201931,0.2602739632129669,0.535137951374054,0.46486204862594604,0.0010287450859323144,0.9929078817367554,0.006063330452889204,0.35366564989089966,0.31210219860076904,0.3342321813106537,audio,text,1,0.045100364834070206,1.0973122119903564,0.4538704752922058,0.06691423803567886,0.16274148225784302,-1.0346978902816772,-1.3280308246612549,0.29333293437957764,0.409346837873907,0.590653162126093,1
452,rnaNMUZpvvg$_$3,-0.800000011920929,0.14712372422218323,0.0009501173044554889,0.9947577118873596,0.004292200319468975,0.8210698366165161,0.6957066059112549,0.8187880516052246,1.6210699081420898,1.495706558227539,1.6187880039215088,0.3152082562446594,0.3686831593513489,0.3161086142063141,audio,audio,1,0.3636363744735718,0.22727273404598236,0.1111111119389534,0.531492292881012,0.46850770711898804,0.0009501173044554889,0.9947577118873596,0.004292200319468975,0.39889368414878845,0.32250484824180603,0.27860143780708313,audio,text,0,0.035236895084381104,1.0876109600067139,0.4481685757637024,0.0585663802921772,0.12536323070526123,0.4016599655151367,-0.07724864780902863,0.47890859842300415,0.35465587084783523,0.6453441291521649,1
152,d6hH302o4v8$_$17,-2.0,0.4624828100204468,0.00456656189635396,0.9816411733627319,0.013792288489639759,0.8334864377975464,0.7285740375518799,0.17285922169685364,2.833486557006836,2.72857403755188,2.1728591918945312,0.22605004906654358,0.2577260434627533,0.5162239074707031,audio,vision,0,0.5,0.2666666805744171,0.2222222238779068,0.5627761483192444,0.4372238516807556,0.00456656189635396,0.9816411733627319,0.013792288489639759,0.4341031610965729,0.2784269154071808,0.2874699532985687,audio,text,0,0.10187970101833344,1.0766146183013916,0.4688095450401306,0.28987622261047363,0.6606272459030151,0.46370983123779297,0.46152955293655396,0.0021802783012390137,0.4993186634525829,0.5006813365474171,1
680,zhpQhgha_KU$_$31,-1.0,-0.21882206201553345,0.0009332784102298319,0.9932116270065308,0.005855018738657236,0.421244740486145,0.22997087240219116,0.44845879077911377,1.421244740486145,1.229970932006836,1.4484587907791138,0.308961421251297,0.3924105763435364,0.298628032207489,audio,audio,1,0.2083333283662796,0.1666666716337204,0.13793103396892548,0.5234728455543518,0.4765271544456482,0.0009332784102298319,0.9932116270065308,0.005855018738657236,0.33894428610801697,0.3228750228881836,0.3381807506084442,audio,text,0,0.04337402805685997,1.0983644723892212,0.4468911290168762,0.09721869230270386,0.2184879183769226,-0.01459934189915657,-0.40472984313964844,0.39013049006462097,0.3804442296282181,0.6195557703717818,1
536,v0zCBqDeKcE$_$7,1.399999976158142,0.09653836488723755,0.0008302204660139978,0.993953287601471,0.005216537043452263,0.7999545335769653,0.6662988662719727,0.7705544829368591,0.6000454425811768,0.7337011098861694,0.629445493221283,0.35586458444595337,0.30111151933670044,0.3430239260196686,audio,text,0,0.25,0.20000000298023224,0.16129031777381897,0.527241587638855,0.472758412361145,0.0008302204660139978,0.993953287601471,0.005216537043452263,0.3444293439388275,0.3237820863723755,0.3317885398864746,audio,text,1,0.03933551907539368,1.0982879400253296,0.4467807710170746,0.05734633654356003,0.13365566730499268,0.37039774656295776,-0.14902140200138092,0.5194191336631775,0.6568468270968387,0.3431531729031613,0
593,wMbj6ajWbic$_$11,0.4000000059604645,0.33263128995895386,0.0007361980970017612,0.994443953037262,0.004819817375391722,0.9345155954360962,0.8456228971481323,0.9294818639755249,0.5345156192779541,0.44562289118766785,0.5294818878173828,0.320119172334671,0.35774102807044983,0.32213979959487915,audio,audio,1,0.29411765933036804,0.1794871836900711,0.19148936867713928,0.5273123383522034,0.47268766164779663,0.0007361980970017612,0.994443953037262,0.004819817375391722,0.35989099740982056,0.3012385368347168,0.33887043595314026,audio,text,0,0.036565326154232025,1.0959384441375732,0.4621369540691376,0.0407697856426239,0.08889269828796387,0.5702264904975891,0.11964873224496841,0.4505777657032013,0.534359756338974,0.46564024366102597,0
231,f_pcplsH_V0$_$12,-0.800000011920929,-0.45993438363075256,0.0013961882796138525,0.9905203580856323,0.008083428256213665,-0.04411047697067261,-0.16165950894355774,-0.11572591960430145,0.7558895349502563,0.6383404731750488,0.6842740774154663,0.3075098395347595,0.3561825454235077,0.3363076448440552,audio,audio,1,0.25999999046325684,0.2036474198102951,0.19493670761585236,0.5231928825378418,0.4768071174621582,0.0013961882796138525,0.9905203580856323,0.008083428256213665,0.3431510925292969,0.3129417896270752,0.3439071476459503,audio,vision,0,0.0575585663318634,1.0976662635803223,0.4517190456390381,0.04836945980787277,0.11754903197288513,-0.28076624870300293,-0.6232176423072815,0.34245139360427856,0.39458866731261577,0.6054113326873842,1
473,tIrG4oNLFzE$_$12,-2.5999999046325684,-1.1814067363739014,0.0012464923784136772,0.9923116564750671,0.006441853009164333,-0.8887627124786377,-0.824682354927063,-0.6606770753860474,1.7112371921539307,1.7753175497055054,1.939322829246521,0.37383773922920227,0.3450610637664795,0.28110119700431824,audio,text,0,0.4444444477558136,0.14814814925193787,0.25,0.5464317798614502,0.4535682201385498,0.0012464923784136772,0.9923116564750671,0.006441853009164333,0.425190806388855,0.24389731884002686,0.33091190457344055,audio,text,1,0.048493269830942154,1.073728084564209,0.49894294142723083,0.09604807198047638,0.22808563709259033,-0.9725282788276672,-1.3547873497009277,0.3822590708732605,0.3827661255618281,0.6172338744381719,1
270,iiK8YX8oH1E$_$4,-2.0,-1.7472169399261475,0.0009369452018290758,0.9928505420684814,0.006212524604052305,-1.4360947608947754,-1.2310371398925781,-1.1637036800384521,0.5639052391052246,0.7689628601074219,0.8362963199615479,0.4023634195327759,0.3113861083984375,0.28625041246414185,audio,text,0,0.3529411852359772,0.22727273404598236,0.2830188572406769,0.5427131652832031,0.4572868347167969,0.0009369452018290758,0.9928505420684814,0.006212524604052305,0.355742484331131,0.2880496084690094,0.3562079071998596,audio,vision,0,0.045224037021398544,1.0938823223114014,0.4698673188686371,0.11584439873695374,0.27239108085632324,-1.571545958518982,-1.8952361345291138,0.32369017601013184,0.4002045905695892,0.5997954094304109,1
196,etzxEpPuc6I$_$9,-2.799999952316284,0.5433046221733093,0.001023659948259592,0.9937111139297485,0.005265212617814541,1.0763640403747559,0.9840798377990723,1.077505350112915,3.87636399269104,3.7840797901153564,3.877505302429199,0.32042592763900757,0.35960495471954346,0.3199690878391266,audio,audio,1,0.4285714328289032,0.2063492089509964,0.2266666740179062,0.5378118753433228,0.46218812465667725,0.001023659948259592,0.9937111139297485,0.005265212617814541,0.40989938378334045,0.27456456422805786,0.3155360817909241,audio,text,0,0.04094094783067703,1.0844249725341797,0.4794310927391052,0.04377467930316925,0.09342551231384277,0.7528820037841797,0.3631967306137085,0.3896852731704712,0.38057541724550453,0.6194245827544954,1
620,yDtzw_Y-7RU$_$13,-1.7999999523162842,-0.05285213887691498,0.0008602519519627094,0.9931665062904358,0.005973297171294689,0.7552074193954468,0.6171606779098511,0.7426915168762207,2.5552072525024414,2.4171605110168457,2.542691469192505,0.3120992183685303,0.3708803951740265,0.31702035665512085,audio,audio,1,0.260869562625885,0.21794871985912323,0.22826087474822998,0.5332997441291809,0.4667002558708191,0.0008602519519627094,0.9931665062904358,0.005973297171294689,0.33045095205307007,0.3139269948005676,0.35562199354171753,audio,vision,0,0.04346798360347748,1.0972944498062134,0.4528263211250305,0.06233559921383858,0.1380467414855957,0.21905489265918732,-0.29080289602279663,0.5098577737808228,0.34585210221751883,0.6541478977824813,1
560,vyB00TXsimI$_$7,2.4000000953674316,1.1096704006195068,0.0005243062041699886,0.9949760437011719,0.004499672446399927,1.433016300201416,1.3565545082092285,1.4399631023406982,0.9669837951660156,1.0434455871582031,0.9600369930267334,0.34275102615356445,0.3115086555480957,0.34574031829833984,audio,vision,0,0.25,0.4054054021835327,0.31111112236976624,0.5284141898155212,0.47158581018447876,0.0005243062041699886,0.9949760437011719,0.004499672446399927,0.2684115469455719,0.3823399245738983,0.34924858808517456,audio,audio,0,0.03328671678900719,1.0880223512649536,0.4084240794181824,0.03778838366270065,0.08340859413146973,1.2101764678955078,1.0199731588363647,0.19020330905914307,0.559160117468222,0.4408398825317779,0
304,k5Y_838nuGo$_$26,2.0,-0.15029489994049072,0.0015679438365623355,0.9875454306602478,0.010886624455451965,0.6528453826904297,0.4644348919391632,0.612226665019989,1.3471546173095703,1.5355651378631592,1.3877732753753662,0.3648757040500641,0.2883121371269226,0.3468122184276581,audio,text,0,0.3333333432674408,0.10000000149011612,0.3333333432674408,0.5459951162338257,0.4540048837661743,0.0015679438365623355,0.9875454306602478,0.010886624455451965,0.35797756910324097,0.23194681107997894,0.41007566452026367,audio,vision,0,0.07171237468719482,1.0722235441207886,0.503732442855835,0.08096008747816086,0.18841049075126648,0.13024365901947021,-0.38356781005859375,0.513811469078064,0.6552651374144657,0.3447348625855342,0
64,cW1FSBF59ik$_$10,-1.0,-0.2148921638727188,0.0008621386368758976,0.9923255443572998,0.006812346167862415,0.5644197463989258,0.36001279950141907,0.5846514105796814,1.5644197463989258,1.3600127696990967,1.5846514701843262,0.3061712980270386,0.39530330896377563,0.2985254228115082,audio,audio,1,0.2777777910232544,0.1666666716337204,0.2906976640224457,0.5422583222389221,0.4577416777610779,0.0008621386368758976,0.9923255443572998,0.006812346167862415,0.33198440074920654,0.27645978331565857,0.3915557861328125,audio,vision,0,0.047715168446302414,1.0886433124542236,0.4772438406944275,0.10146375745534897,0.22463861107826233,0.026665717363357544,-0.4188007116317749,0.44546642899513245,0.36428055020783934,0.6357194497921607,1
118,d3_k5Xpfmik$_$6,1.600000023841858,-0.4222796559333801,0.0010223822901025414,0.9917508959770203,0.007226747926324606,-0.08951190114021301,-0.21051836013793945,-0.03364779055118561,1.6895118951797485,1.8105183839797974,1.6336477994918823,0.34106969833374023,0.2931923568248749,0.3657378852367401,audio,vision,0,0.22727273404598236,0.16455696523189545,0.2291666716337204,0.5296240448951721,0.4703759551048279,0.0010223822901025414,0.9917508959770203,0.007226747926324606,0.3262760043144226,0.2976464033126831,0.3760775625705719,audio,vision,1,0.05088232457637787,1.0939241647720337,0.4627363085746765,0.073821522295475,0.17687056958675385,-0.22748185694217682,-0.5952857732772827,0.3678039312362671,0.6129560289093653,0.38704397109063465,0
140,d6hH302o4v8$_$7,-2.799999952316284,0.9654643535614014,0.0024732742458581924,0.9873473644256592,0.010179403237998486,1.2750062942504883,1.1791939735412598,1.1196290254592896,4.075006484985352,3.979193925857544,3.9196290969848633,0.29925796389579773,0.3373333811759949,0.3634086549282074,audio,vision,0,0.2777777910232544,0.21621622145175934,0.11363636702299118,0.5134808421134949,0.4865191578865051,0.0024732742458581924,0.9873473644256592,0.010179403237998486,0.36786311864852905,0.32975855469703674,0.3023783266544342,audio,text,0,0.07411423325538635,1.09537935256958,0.4383925795555115,0.0640052780508995,0.15537726879119873,0.9948228001594543,0.9376474022865295,0.057175397872924805,0.4821402895827082,0.5178597104172917,1
141,d6hH302o4v8$_$6,-2.0,-0.3811260163784027,0.005594469141215086,0.9767429232597351,0.01766267791390419,-0.00033567845821380615,-0.004167504608631134,-0.7387762069702148,1.999664306640625,1.9958324432373047,1.2612237930297852,0.2211528867483139,0.2222147434949875,0.556632399559021,audio,vision,0,0.2857142984867096,0.10000000149011612,0.0833333358168602,0.5502228140830994,0.44977718591690063,0.005594469141215086,0.9767429232597351,0.01766267791390419,0.40684956312179565,0.2828338146209717,0.31031665205955505,audio,text,0,0.12328917533159256,1.0861949920654297,0.4626060426235199,0.3472045660018921,0.7384405136108398,-0.27929651737213135,-0.46436607837677,0.18506956100463867,0.4424223144939738,0.5575776855060262,1
162,d6hH302o4v8$_$33,-3.0,0.9626507759094238,0.00157126784324646,0.9940956830978394,0.004333052318543196,1.2941936254501343,1.205883502960205,1.2490177154541016,4.294193744659424,4.205883502960205,4.249017715454102,0.3149798810482025,0.3517415523529053,0.3332785665988922,audio,audio,1,0.6000000238418579,0.2857142984867096,0.125,0.5383098721504211,0.46169012784957886,0.00157126784324646,0.9940956830978394,0.004333052318543196,0.4989127814769745,0.2780546545982361,0.22303251922130585,audio,text,0,0.039608970284461975,1.037445068359375,0.47736066579818726,0.03605569526553154,0.0883101224899292,1.095194935798645,0.8489722013473511,0.24622273445129395,0.42365709423323566,0.5763429057667643,1
587,wMbj6ajWbic$_$5,0.20000000298023224,0.022681087255477905,0.001000511460006237,0.9932653903961182,0.005734123755246401,0.8039984703063965,0.6511456966400146,0.789752185344696,0.6039984822273254,0.4511457085609436,0.589752197265625,0.30974072217941284,0.37495332956314087,0.3153058886528015,audio,audio,1,0.25,0.20512820780277252,0.1458333283662796,0.526496946811676,0.473503053188324,0.001000511460006237,0.9932653903961182,0.005734123755246401,0.3461095690727234,0.3312138020992279,0.3226766288280487,audio,text,0,0.04321828857064247,1.0981916189193726,0.4413677155971527,0.06894338130950928,0.15285277366638184,0.28012797236442566,-0.20885281264781952,0.488980770111084,0.6013051146011997,0.39869488539880016,0
13,c7UH_rxdZv4$_$5,-2.200000047683716,0.22236871719360352,0.0008738880278542638,0.9938812255859375,0.005244872998446226,0.8464545011520386,0.7455813884735107,0.8300393223762512,3.046454429626465,2.9455814361572266,3.0300393104553223,0.31694549322128296,0.3595384657382965,0.3235160708427429,audio,audio,1,0.2631579041481018,0.2222222238779068,0.171875,0.5257212519645691,0.4742787480354309,0.0008738880278542638,0.9938812255859375,0.005244872998446226,0.3435124158859253,0.3277619481086731,0.328725665807724,audio,text,0,0.039792634546756744,1.0983796119689941,0.44407957792282104,0.04419401288032532,0.10087311267852783,0.47430896759033203,-0.004918847233057022,0.47922781109809875,0.354564554557231,0.645435445442769,1
256,fvVhgmXxadc$_$8,-0.5,-0.023315459489822388,0.0010580302914604545,0.9922648668289185,0.006677146069705486,0.7397722005844116,0.5796571969985962,0.6930057406425476,1.2397722005844116,1.0796571969985962,1.1930058002471924,0.30471277236938477,0.37223055958747864,0.3230566680431366,audio,audio,1,0.2857142984867096,0.30000001192092896,0.25,0.5344125628471375,0.46558743715286255,0.0010580302914604545,0.9922648668289185,0.006677146069705486,0.3177018463611603,0.34207332134246826,0.3402248024940491,audio,audio,1,0.048400312662124634,1.0980556011199951,0.4334610104560852,0.0672241672873497,0.16011500358581543,0.20528213679790497,-0.22247277200222015,0.4277549088001251,0.36942283886623795,0.630577161133762,1
272,iiK8YX8oH1E$_$6,0.20000000298023224,0.9330514669418335,0.0022089846897870302,0.9903864860534668,0.00740454439073801,1.3357173204421997,1.2131555080413818,1.2723757028579712,1.1357172727584839,1.013155460357666,1.0723756551742554,0.30788588523864746,0.358859658241272,0.3332544267177582,audio,audio,1,0.4285714328289032,0.20000000298023224,0.1111111119389534,0.5277765989303589,0.4722234010696411,0.0022089846897870302,0.9903864860534668,0.00740454439073801,0.43946680426597595,0.2919887900352478,0.26854440569877625,audio,text,0,0.05939975380897522,1.073842167854309,0.465598464012146,0.05004508048295975,0.12256181240081787,1.0558825731277466,0.8231493830680847,0.23273319005966187,0.42777951055562974,0.5722204894443702,1
618,yDtzw_Y-7RU$_$11,-1.399999976158142,0.6649553775787354,0.0007008313550613821,0.9954987168312073,0.0038004033267498016,1.1952338218688965,1.0528773069381714,1.1821949481964111,2.595233917236328,2.4528772830963135,2.5821948051452637,0.31141072511672974,0.37206125259399414,0.31652799248695374,audio,audio,1,0.25,0.38235294818878174,0.1190476194024086,0.5229604840278625,0.47703951597213745,0.0007008313550613821,0.9954987168312073,0.0038004033267498016,0.3069840371608734,0.42097318172454834,0.27204272150993347,audio,audio,1,0.030759736895561218,1.0809000730514526,0.38301703333854675,0.06425508111715317,0.1423565149307251,0.8000773787498474,0.5416983366012573,0.2583790421485901,0.41995118080390703,0.580048819196093,1
326,k5Y_838nuGo$_$14,-1.7999999523162842,-0.5800793170928955,0.001123921014368534,0.9908637404441833,0.008012352511286736,-0.21847543120384216,-0.2988721430301666,-0.1381700485944748,1.5815244913101196,1.50112783908844,1.661829948425293,0.332202672958374,0.36732280254364014,0.300474613904953,audio,audio,1,0.2631579041481018,0.20408163964748383,0.2750000059604645,0.5331717729568481,0.46682822704315186,0.001123921014368534,0.9908637404441833,0.008012352511286736,0.32401061058044434,0.29619693756103516,0.3797924220561981,audio,vision,0,0.05540063977241516,1.0932337045669556,0.46311116218566895,0.06560636311769485,0.16070209443569183,-0.4018888473510742,-0.7360972762107849,0.3342084288597107,0.39705275817763824,0.6029472418223617,1
579,wMbj6ajWbic$_$21,1.600000023841858,-1.271562099456787,0.0010827132500708103,0.9898836016654968,0.009033730253577232,-0.8217140436172485,-0.7490143775939941,-0.6179385185241699,2.4217140674591064,2.3490142822265625,2.2179384231567383,0.2954007685184479,0.3235027492046356,0.38109642267227173,audio,vision,0,0.23529411852359772,0.07692307978868484,0.2978723347187042,0.5342659950256348,0.46573400497436523,0.0010827132500708103,0.9898836016654968,0.009033730253577232,0.3252130448818207,0.25014346837997437,0.42464348673820496,audio,vision,1,0.05997798591852188,1.0756419897079468,0.49316009879112244,0.08432120084762573,0.2037755250930786,-1.1073698997497559,-1.4146928787231445,0.30732297897338867,0.5948745386649975,0.40512546133500243,0
332,k5Y_838nuGo$_$30,1.600000023841858,0.5441843867301941,0.0009466752526350319,0.992237389087677,0.006815938279032707,1.041281819343567,0.9439445734024048,1.017555594444275,0.558718204498291,0.6560554504394531,0.582444429397583,0.35011348128318787,0.31000417470932007,0.33988237380981445,audio,text,0,0.25,0.17142857611179352,0.24390244483947754,0.5266773104667664,0.47332268953323364,0.0009466752526350319,0.992237389087677,0.006815938279032707,0.32869383692741394,0.29596781730651855,0.3753383457660675,audio,vision,0,0.048324912786483765,1.0938606262207031,0.46417972445487976,0.04144079610705376,0.09733724594116211,0.7307719588279724,0.37649887800216675,0.35427308082580566,0.6089358591710132,0.3910641408289869,0
16,c7UH_rxdZv4$_$6,-2.5999999046325684,0.15608778595924377,0.0008573629311285913,0.9942469596862793,0.004895612131804228,0.8291653394699097,0.7152924537658691,0.8101711273193359,3.4291653633117676,3.3152923583984375,3.4101710319519043,0.314762681722641,0.3629118800163269,0.3223254084587097,audio,audio,1,0.3199999928474426,0.2023809552192688,0.17000000178813934,0.5312365889549255,0.46876341104507446,0.0008573629311285913,0.9942469596862793,0.004895612131804228,0.37339478731155396,0.30783811211586,0.31876713037490845,audio,text,0,0.037832632660865784,1.0949721336364746,0.4576059579849243,0.0498105064034462,0.11387288570404053,0.41612476110458374,-0.07336897403001785,0.489493727684021,0.3516333891917436,0.6483666108082563,1
523,tmZoasNr4rU$_$8,-2.0,-1.0515148639678955,0.00343697820790112,0.9893548488616943,0.007208184339106083,-0.6554383039474487,-0.5831824541091919,-0.5325447916984558,1.3445616960525513,1.416817545890808,1.4674551486968994,0.3608493208885193,0.3296859860420227,0.30946463346481323,audio,text,0,0.800000011920929,0.21250000596046448,0.2083333283662796,0.5576965808868408,0.4423034191131592,0.00343697820790112,0.9893548488616943,0.007208184339106083,0.599972128868103,0.19025325775146484,0.20977459847927094,audio,text,1,0.06564144790172577,0.9498245716094971,0.5327343940734863,0.05042915418744087,0.12289351224899292,-0.8239269852638245,-1.2320125102996826,0.40808552503585815,0.3751684645348538,0.6248315354651462,1
393,nzpVDcQ0ywM$_$17,1.600000023841858,-0.09088024497032166,0.0023274084087461233,0.9861407279968262,0.011531856842339039,0.49610528349876404,0.3400198817253113,0.15653108060359955,1.1038947105407715,1.2599802017211914,1.4434689283370972,0.4037362337112427,0.332172691822052,0.2640910744667053,audio,text,0,0.25,0.17391304671764374,0.18518517911434174,0.5348479151725769,0.4651520848274231,0.0023274084087461233,0.9861407279968262,0.011531856842339039,0.3477528691291809,0.30361151695251465,0.34863558411598206,audio,vision,0,0.07933638989925385,1.0965925455093384,0.455019474029541,0.13878098130226135,0.3395742177963257,0.10220228135585785,-0.25880223512649536,0.3610045313835144,0.6109377334339322,0.3890622665660679,0
96,cXypl4FnoZo$_$15,0.0,0.09532076120376587,0.0006356071098707616,0.9947453737258911,0.004618983715772629,0.7893563508987427,0.6597892045974731,0.7757754325866699,0.7893563508987427,0.6597892045974731,0.7757754325866699,0.313191682100296,0.36825448274612427,0.3185538351535797,audio,audio,1,0.1666666716337204,0.21176470816135406,0.13725490868091583,0.5204581618309021,0.4795418381690979,0.0006356071098707616,0.9947453737258911,0.004618983715772629,0.31010881066322327,0.35331666469573975,0.33657458424568176,audio,audio,1,0.034758392721414566,1.0971806049346924,0.42761918902397156,0.058142442256212234,0.12956714630126953,0.3395805358886719,-0.12973631918430328,0.46931684017181396,0.43479710623028023,0.5652028937697198,1
643,yvsjCA6Y5Fc$_$13,-2.0,-0.6006136536598206,0.0015010125935077667,0.9916079044342041,0.006891082972288132,-0.20985546708106995,-0.29054513573646545,-0.12885014712810516,1.7901445627212524,1.709454894065857,1.8711498975753784,0.33224523067474365,0.36750438809394836,0.300250381231308,audio,audio,1,0.5,0.21276596188545227,0.2678571343421936,0.5481202602386475,0.45187973976135254,0.0015010125935077667,0.9916079044342041,0.006891082972288132,0.4339137077331543,0.253038614988327,0.3130476474761963,audio,text,0,0.052416324615478516,1.0735812187194824,0.4923795163631439,0.06601174920797348,0.1616949886083603,-0.3934475779533386,-0.7714049220085144,0.3779573440551758,0.38403731097512067,0.6159626890248793,1
78,cXypl4FnoZo$_$21,-0.6000000238418579,0.3363192081451416,0.0008398801437579095,0.9930009841918945,0.006159130483865738,0.9697378873825073,0.8743985891342163,0.9493018984794617,1.5697379112243652,1.4743986129760742,1.5493018627166748,0.3172145485877991,0.35736316442489624,0.3254222571849823,audio,audio,1,0.3333333432674408,0.27419355511665344,0.3243243098258972,0.5416936278343201,0.45830637216567993,0.0008398801437579095,0.9930009841918945,0.006159130483865738,0.3274257481098175,0.30232489109039307,0.37024936079978943,audio,vision,0,0.044271551072597504,1.0950977802276611,0.4604507386684418,0.04098469763994217,0.09533929824829102,0.6001525521278381,0.1130998358130455,0.48705270886421204,0.3523293554820288,0.6476706445179712,1
257,iiK8YX8oH1E$_$11,1.0,1.29035222530365,0.0009397062822245061,0.9919500350952148,0.00711030513048172,1.6156351566314697,1.5283260345458984,1.6203792095184326,0.6156351566314697,0.5283260345458984,0.6203792095184326,0.32160523533821106,0.35869100689888,0.31970372796058655,audio,audio,1,0.23076923191547394,0.10126582533121109,0.23404255509376526,0.5218526721000671,0.47814732789993286,0.0009397062822245061,0.9919500350952148,0.00711030513048172,0.3360985219478607,0.2731439769268036,0.39075756072998047,audio,vision,0,0.04973622038960457,1.088122010231018,0.4792040288448334,0.04232043772935867,0.09205317497253418,1.4343360662460327,1.1584270000457764,0.27590906620025635,0.4146230188685934,0.5853769811314067,1
445,phBUpBr1hSo$_$9,-2.0,-0.42915281653404236,0.0006376654491759837,0.994093120098114,0.005269266199320555,-0.020362824201583862,-0.15996137261390686,0.09991873055696487,1.9796371459960938,1.8400386571884155,2.099918842315674,0.3277556598186493,0.3902417719364166,0.28200262784957886,audio,audio,1,0.20000000298023224,0.19718310236930847,0.2222222238779068,0.5316678881645203,0.46833211183547974,0.0006376654491759837,0.994093120098114,0.005269266199320555,0.3082720637321472,0.32014888525009155,0.37157902121543884,audio,vision,0,0.038222987204790115,1.0952666997909546,0.44929611682891846,0.10619325935840607,0.25988009572029114,-0.2516751289367676,-0.5854882001876831,0.3338130712509155,0.39717107588109524,0.6028289241189048,1
562,vyB00TXsimI$_$9,-0.25,-0.1636769324541092,0.00143785635009408,0.9894591569900513,0.009102975949645042,0.6240029335021973,0.45872554183006287,0.5934501886367798,0.8740029335021973,0.7087255716323853,0.8434501886367798,0.3059585988521576,0.3761719763278961,0.3178694248199463,audio,audio,1,0.20000000298023224,0.0882352963089943,0.17499999701976776,0.526194155216217,0.47380584478378296,0.00143785635009408,0.9894591569900513,0.009102975949645042,0.3425941467285156,0.28426042199134827,0.3731454312801361,audio,vision,0,0.06267155706882477,1.0923928022384644,0.4701325297355652,0.07180283218622208,0.1652773916721344,0.09162946045398712,-0.3935648202896118,0.48519426584243774,0.4384190359252238,0.5615809640747761,1
402,ob23OKe5a9Q$_$1,1.2000000476837158,0.9651323556900024,0.0013098950730636716,0.9938246011734009,0.004865532275289297,1.3449311256408691,1.2563315629959106,1.3146791458129883,0.14493107795715332,0.056331515312194824,0.11467909812927246,0.31689149141311646,0.35400426387786865,0.3291042149066925,audio,audio,1,0.5,0.3103448152542114,0.1764705926179886,0.5351616740226746,0.46483832597732544,0.0013098950730636716,0.9938246011734009,0.004865532275289297,0.43147796392440796,0.30803653597831726,0.26048552989959717,audio,text,0,0.04076288267970085,1.0758056640625,0.4571920335292816,0.036771826446056366,0.0885995626449585,1.0899983644485474,0.8566744923591614,0.233323872089386,0.5724012168348128,0.4275987831651872,0
34,cM3Yna7AavY$_$10,1.600000023841858,-0.13723772764205933,0.0014264037599787116,0.9897012710571289,0.008872289210557938,0.6818583607673645,0.49330705404281616,0.5682126879692078,0.9181416630744934,1.1066930294036865,1.031787395477295,0.37627965211868286,0.2972707748413086,0.32644954323768616,audio,text,0,0.2857142984867096,0.21052631735801697,0.260869562625885,0.5367986559867859,0.4632013440132141,0.0014264037599787116,0.9897012710571289,0.008872289210557938,0.3368126451969147,0.2966434359550476,0.3665439188480377,audio,vision,0,0.06151213496923447,1.0948944091796875,0.4620386064052582,0.07751543819904327,0.18855130672454834,0.0864519327878952,-0.3302586078643799,0.4167105555534363,0.6273554280595232,0.37264457194047684,0
176,dq3Nf_lMPnE$_$6,0.800000011920929,1.146748423576355,0.0014796702889725566,0.9945122003555298,0.004008147865533829,1.4700449705123901,1.3769339323043823,1.4692332744598389,0.6700449585914612,0.5769339203834534,0.6692332625389099,0.32005658745765686,0.3595620095729828,0.3203814625740051,audio,audio,1,0.5555555820465088,0.20000000298023224,0.0416666679084301,0.5278842449188232,0.47211575508117676,0.0014796702889725566,0.9945122003555298,0.004008147865533829,0.5193567276000977,0.26631245017051697,0.21433083713054657,audio,text,0,0.037236809730529785,1.022737741470337,0.48546648025512695,0.0437028743326664,0.09311103820800781,1.2436935901641846,1.0600450038909912,0.18364858627319336,0.4428605252971062,0.5571394747028938,1
657,zhpQhgha_KU$_$22,0.6000000238418579,-1.115193486213684,0.0013938196934759617,0.9922530055046082,0.006353204604238272,-0.6625224351882935,-0.6239438056945801,-0.6062749028205872,1.2625224590301514,1.223943829536438,1.2062749862670898,0.32028236985206604,0.3361058533191681,0.3436117172241211,audio,vision,0,0.3636363744735718,0.3333333432674408,0.190476194024086,0.5251195430755615,0.4748804569244385,0.0013938196934759617,0.9922530055046082,0.006353204604238272,0.3593026101589203,0.3497633934020996,0.2909339964389801,audio,text,0,0.04902180656790733,1.0944087505340576,0.4283263683319092,0.023485898971557617,0.0562475323677063,-0.9703916907310486,-1.2461419105529785,0.27575021982192993,0.585328788155873,0.414671211844127,0
277,jUzDDGyPkXU$_$26,-2.0,-1.196039080619812,0.0012172647984698415,0.9918294548988342,0.00695323059335351,-0.8642734289169312,-0.7996671199798584,-0.6243231892585754,1.1357265710830688,1.2003328800201416,1.3756768703460693,0.3754766583442688,0.34634608030319214,0.2781772315502167,audio,text,0,0.4000000059604645,0.1111111119389534,0.2545454502105713,0.5435954332351685,0.45640456676483154,0.0012172647984698415,0.9918294548988342,0.00695323059335351,0.40886351466178894,0.2393539845943451,0.3517824709415436,audio,text,1,0.05085376650094986,1.0754300355911255,0.501650333404541,0.10137695074081421,0.2399502396583557,-0.9847049117088318,-1.3734759092330933,0.3887709975242615,0.380844865617897,0.619155134382103,1
15,c7UH_rxdZv4$_$7,-3.0,0.10168394446372986,0.0010396556463092566,0.9931601285934448,0.005800166167318821,0.7752630710601807,0.6416761875152588,0.752652108669281,3.7752630710601807,3.641676187515259,3.752652168273926,0.3114875257015228,0.36809566617012024,0.3204168677330017,audio,audio,1,0.2857142984867096,0.125,0.15000000596046448,0.5305497646331787,0.4694502353668213,0.0010396556463092566,0.9931601285934448,0.005800166167318821,0.38006654381752014,0.28667670488357544,0.3332567512989044,audio,text,0,0.04382775351405144,1.0920500755310059,0.4709889888763428,0.058378443121910095,0.13358688354492188,0.39692455530166626,-0.15955600142478943,0.5564805269241333,0.3327883308358132,0.6672116691641867,1
632,yvsjCA6Y5Fc$_$1,-2.0,-0.18793487548828125,0.0008956816745921969,0.9928433299064636,0.006260921712964773,0.5583184957504272,0.35452035069465637,0.5633164644241333,2.558318614959717,2.354520320892334,2.5633163452148438,0.30451518297195435,0.3928661048412323,0.30261874198913574,audio,audio,1,0.2222222238779068,0.1388888955116272,0.18518517911434174,0.5290991067886353,0.47090089321136475,0.0008956816745921969,0.9928433299064636,0.006260921712964773,0.33916550874710083,0.2985033690929413,0.3623311221599579,audio,vision,0,0.045181140303611755,1.0954487323760986,0.4628933370113373,0.09727080911397934,0.20879611372947693,0.03707116097211838,-0.3881914019584656,0.42526257038116455,0.3701488723648203,0.6298511276351797,1
164,dq3Nf_lMPnE$_$11,-0.6000000238418579,0.19378411769866943,0.0009365869336761534,0.9938177466392517,0.005245658569037914,0.8335174322128296,0.742945671081543,0.8347073793411255,1.4335174560546875,1.3429456949234009,1.4347074031829834,0.3206787109375,0.3591192364692688,0.320202112197876,audio,audio,1,0.40909090638160706,0.190476194024086,0.2368421107530594,0.5405987501144409,0.4594012498855591,0.0009365869336761534,0.9938177466392517,0.005245658569037914,0.39961469173431396,0.27250543236732483,0.32787981629371643,audio,text,0,0.0402357280254364,1.0864531993865967,0.4808748662471771,0.042979154735803604,0.09176170825958252,0.4734910726547241,-0.04391112178564072,0.517402172088623,0.34372167189673075,0.6562783281032692,1
80,cXypl4FnoZo$_$23,0.4000000059604645,0.21098944544792175,0.006291490513831377,0.9786351323127747,0.015073386020958424,0.7809423208236694,0.6278848648071289,0.3636040687561035,0.38094231486320496,0.22788485884666443,0.03639593720436096,0.26672664284706116,0.32296568155288696,0.4103076756000519,audio,vision,0,0.4285714328289032,0.20000000298023224,0.0833333358168602,0.53923499584198,0.46076500415802,0.006291490513831377,0.9786351323127747,0.015073386020958424,0.45113834738731384,0.29099398851394653,0.2578676640987396,audio,text,0,0.11625396460294724,1.067806363105774,0.45842742919921875,0.1723826825618744,0.4173382520675659,0.28013694286346436,0.1519043743610382,0.12823256850242615,0.5399870982145272,0.46001290178547277,0
301,jUzDDGyPkXU$_$18,-2.4000000953674316,-0.1341630071401596,0.00265477504581213,0.9885379076004028,0.008807373233139515,0.7050344944000244,0.5586060285568237,0.688823938369751,3.105034589767456,2.958606243133545,3.0888240337371826,0.3104310631752014,0.3727833330631256,0.3167855441570282,audio,audio,1,0.7142857313156128,0.0833333358168602,0.3103448152542114,0.5643755197525024,0.43562448024749756,0.00265477504581213,0.9885379076004028,0.008807373233139515,0.5501168370246887,0.1659197062253952,0.28396347165107727,audio,text,0,0.06882060319185257,0.9842811822891235,0.5484120845794678,0.06554115563631058,0.14642846584320068,0.2087603360414505,-0.39885520935058594,0.6076155304908752,0.3187506118735301,0.68124938812647,1
216,f9O3YtZ2VfI$_$8,-1.7999999523162842,-1.674177646636963,0.0007080506184138358,0.9945000410079956,0.004791921935975552,-1.3721107244491577,-1.1747968196868896,-1.123323678970337,0.42788922786712646,0.6252031326293945,0.6766762733459473,0.3977494239807129,0.3108094036579132,0.2914412021636963,audio,text,0,0.3636363744735718,0.3636363744735718,0.30000001192092896,0.544174313545227,0.45582568645477295,0.0007080506184138358,0.9945000410079956,0.004791921935975552,0.3270142376422882,0.3410708010196686,0.3319149315357208,audio,audio,0,0.03621308505535126,1.0984598398208618,0.4356195330619812,0.10722626000642776,0.2487870454788208,-1.500976324081421,-1.8192591667175293,0.3182828426361084,0.4134538341932788,0.5865461658067211,1
491,tStelxIAHjw$_$12,-1.0,-0.28290653228759766,0.0021182771306484938,0.9925557971000671,0.005325954873114824,0.5925344228744507,0.4170040786266327,0.6242806315422058,1.5925344228744507,1.417004108428955,1.6242806911468506,0.31187236309051514,0.38838884234428406,0.2997387647628784,audio,audio,1,0.75,0.24137930572032928,0.20588235557079315,0.5660688281059265,0.4339311718940735,0.0021182771306484938,0.9925557971000671,0.005325954873114824,0.5675156116485596,0.2131461650133133,0.2193382978439331,audio,text,0,0.04834120720624924,0.9837335348129272,0.5196064710617065,0.09115449339151382,0.20727655291557312,0.021926090121269226,-0.5165819525718689,0.5385080575942993,0.3377952057274767,0.6622047942725233,1
198,f9O3YtZ2VfI$_$24,-2.5999999046325684,-0.597856342792511,0.00114843447227031,0.991783857345581,0.007067756727337837,-0.20712313055992126,-0.29801324009895325,-0.09916423261165619,2.3928768634796143,2.3019866943359375,2.500835657119751,0.33399251103401184,0.37417784333229065,0.2918296158313751,audio,audio,1,0.3400000035762787,0.20000000298023224,0.25806450843811035,0.536740779876709,0.463259220123291,0.00114843447227031,0.991783857345581,0.007067756727337837,0.36307746171951294,0.283511221408844,0.3534112870693207,audio,text,0,0.05095747113227844,1.0928059816360474,0.4721817374229431,0.08127939701080322,0.19884900748729706,-0.4147135019302368,-0.7559263110160828,0.34121280908584595,0.39495858203040723,0.6050414179695928,1
577,wMbj6ajWbic$_$27,0.0,-0.18498656153678894,0.0012090287636965513,0.9923622608184814,0.006428728811442852,0.4668189585208893,0.26760134100914,0.462024986743927,0.4668189585208893,0.26760134100914,0.462024986743927,0.3040640652179718,0.39004433155059814,0.30589163303375244,audio,audio,1,0.3333333432674408,0.11999999731779099,0.17241379618644714,0.5364555716514587,0.46354442834854126,0.0012090287636965513,0.9923622608184814,0.006428728811442852,0.39608603715896606,0.2725788652896881,0.3313351273536682,audio,text,0,0.04817631095647812,1.0871312618255615,0.47985562682151794,0.09280277788639069,0.19921761751174927,0.07481817156076431,-0.4094805121421814,0.4842986762523651,0.6030830680260764,0.3969169319739237,0
151,d6hH302o4v8$_$14,-1.7999999523162842,-2.0911948680877686,0.0009338568197563291,0.9934822916984558,0.005583810154348612,-1.940147876739502,-1.643715262413025,-1.6655701398849487,0.14014792442321777,0.15628468990325928,0.13442981243133545,0.3347611427307129,0.3280763626098633,0.33716249465942383,audio,vision,0,0.3571428656578064,0.27586206793785095,0.2571428716182709,0.5442879796028137,0.4557120203971863,0.0009338568197563291,0.9934822916984558,0.005583810154348612,0.35406264662742615,0.3125956058502197,0.3333417475223541,audio,text,0,0.04197932034730911,1.09732186794281,0.4539245069026947,0.13488386571407318,0.29643261432647705,-1.9072710275650024,-2.245187282562256,0.3379162549972534,0.6040562862870893,0.39594371371291076,0
416,pLTX3ipuDJI$_$14,-2.0,-0.2668737769126892,0.0015831099590286613,0.9925895929336548,0.005827263928949833,0.35503295063972473,0.17318379878997803,0.3929007351398468,2.3550329208374023,2.1731839179992676,2.3929007053375244,0.311624675989151,0.39115771651268005,0.29721763730049133,audio,audio,1,0.5,0.15625,0.1538461595773697,0.5473290085792542,0.45267099142074585,0.0015831099590286613,0.9925895929336548,0.005827263928949833,0.4763731360435486,0.2492927610874176,0.2743341326713562,audio,text,0,0.047573816031217575,1.0543818473815918,0.49553126096725464,0.09590424597263336,0.21971693634986877,-0.016223743557929993,-0.47417503595352173,0.45795130729675293,0.36067420238380743,0.6393257976161925,1
219,f9O3YtZ2VfI$_$13,-1.600000023841858,-0.26988762617111206,0.001547415042296052,0.9914366602897644,0.007015974260866642,0.3879404664039612,0.2067737579345703,0.42139938473701477,1.9879405498504639,1.8067737817764282,2.02139949798584,0.31121721863746643,0.3903132975101471,0.2984694540500641,audio,audio,1,0.4615384638309479,0.1527777761220932,0.2235294133424759,0.5483353137969971,0.45166468620300293,0.001547415042296052,0.9914366602897644,0.007015974260866642,0.4398128092288971,0.2461756467819214,0.3140115737915039,audio,text,0,0.05333632230758667,1.0700592994689941,0.4968406558036804,0.09428388625383377,0.21462562680244446,-0.016737785190343857,-0.4784075617790222,0.46166977286338806,0.3596030991710725,0.6403969008289275,1
218,f9O3YtZ2VfI$_$10,-2.0,0.6089141368865967,0.001358118955977261,0.9929811954498291,0.005660634487867355,1.0476410388946533,0.9664468765258789,1.0098516941070557,3.0476410388946533,2.966446876525879,3.0098516941070557,0.31693795323371887,0.3507938086986542,0.33226826786994934,audio,audio,1,0.375,0.23076923191547394,0.13333334028720856,0.5262328386306763,0.47376716136932373,0.001358118955977261,0.9929811954498291,0.005660634487867355,0.402315616607666,0.3124113082885742,0.28527307510375977,audio,text,0,0.04524929076433182,1.087606430053711,0.4537132680416107,0.03317379206418991,0.08119416236877441,0.778404176235199,0.4563223719596863,0.3220818042755127,0.4006872809523145,0.5993127190476856,1
369,nbWiPyCm4g0$_$7,-1.2000000476837158,-0.49797704815864563,0.004724876489490271,0.9836755394935608,0.011599564924836159,-0.18996694684028625,-0.16592082381248474,-0.8311219811439514,1.010033130645752,1.0340791940689087,0.3688780665397644,0.23814362287521362,0.23109212517738342,0.5307641625404358,audio,vision,0,0.4545454680919647,0.21875,0.07894736528396606,0.5612335205078125,0.4387664794921875,0.004724876489490271,0.9836755394935608,0.011599564924836159,0.45943525433540344,0.290592223405838,0.24997253715991974,audio,text,0,0.0931885689496994,1.0630159378051758,0.4620555341243744,0.30806753039360046,0.6652011871337891,-0.33949393033981323,-0.6218774914741516,0.2823835611343384,0.412660098821351,0.587339901178649,1
513,tmZoasNr4rU$_$18,0.0,-1.0606563091278076,0.001073428662493825,0.9921507835388184,0.006775785703212023,-0.7307417392730713,-0.6770673990249634,-0.4807044267654419,0.7307417392730713,0.6770673990249634,0.4807044267654419,0.2910109758377075,0.31120565533638,0.39778339862823486,audio,vision,0,0.4444444477558136,0.1538461595773697,0.3333333432674408,0.5511305332183838,0.4488694667816162,0.001073428662493825,0.9921507835388184,0.006775785703212023,0.3984900712966919,0.23356777429580688,0.36794212460517883,audio,text,0,0.048998214304447174,1.0741928815841675,0.5057219862937927,0.10747506469488144,0.2500373125076294,-0.8469352126121521,-1.2347218990325928,0.3877866864204407,0.6188649636525962,0.38113503634740387,0
349,lXPQBPVc5Cw$_$6,-1.399999976158142,-0.9783955812454224,0.0016693484503775835,0.9877023100852966,0.010628308169543743,-0.7419915199279785,-0.6406941413879395,-0.8714125752449036,0.6580084562301636,0.7593058347702026,0.5285874009132385,0.3271540403366089,0.2882446050643921,0.3846013844013214,audio,vision,0,0.1666666716337204,0.1679999977350235,0.18666666746139526,0.5241625308990479,0.47583746910095215,0.0016693484503775835,0.9877023100852966,0.010628308169543743,0.3118028938770294,0.31772270798683167,0.3704743981361389,audio,vision,1,0.07119528949260712,1.0955337285995483,0.4466530680656433,0.09442336112260818,0.2307184338569641,-0.824422299861908,-1.118173360824585,0.293751060962677,0.40922047450987126,0.5907795254901288,1
494,tStelxIAHjw$_$16,0.800000011920929,-0.6672698855400085,0.0012838898692280054,0.9936671853065491,0.005048898048698902,-0.3448770344257355,-0.4045393764972687,-0.17009495198726654,1.1448770761489868,1.20453941822052,0.9700949788093567,0.31522709131240845,0.29257333278656006,0.3921996057033539,audio,vision,0,0.5,0.2222222238779068,0.1818181872367859,0.5479060411453247,0.4520939588546753,0.0012838898692280054,0.9936671853065491,0.005048898048698902,0.4537403881549835,0.2705319821834564,0.27572759985923767,audio,text,0,0.04156218841671944,1.0674747228622437,0.48209017515182495,0.099483422935009,0.23444442451000214,-0.4626293182373047,-0.8361250162124634,0.3734956979751587,0.6146425709047961,0.3853574290952039,0
626,yDtzw_Y-7RU$_$19,-1.600000023841858,0.2725735902786255,0.002587743103504181,0.9878446459770203,0.009567645378410816,0.9138087034225464,0.8117407560348511,0.831949770450592,2.5138087272644043,2.411740779876709,2.4319498538970947,0.3082782030105591,0.3502291440963745,0.341492623090744,audio,audio,1,0.4444444477558136,0.1666666716337204,0.1785714328289032,0.5359170436859131,0.4640829563140869,0.002587743103504181,0.9878446459770203,0.009567645378410816,0.4427834153175354,0.2595430612564087,0.2976734936237335,audio,text,0,0.07197976857423782,1.0715126991271973,0.4855343699455261,0.04413006454706192,0.10206794738769531,0.4732273817062378,0.09881531447172165,0.37441205978393555,0.38508615406354973,0.6149138459364503,1
529,v0zCBqDeKcE$_$14,1.5,1.4827903509140015,0.001033816603012383,0.9938160181045532,0.005150217097252607,1.7413020133972168,1.6556384563446045,1.7425117492675781,0.2413020133972168,0.1556384563446045,0.24251174926757812,0.3213872015476227,0.3577112555503845,0.3209015429019928,audio,audio,1,0.375,0.24137930572032928,0.1764705926179886,0.5240219831466675,0.4759780168533325,0.001033816603012383,0.9938160181045532,0.005150217097252607,0.38907358050346375,0.3097536563873291,0.30117276310920715,audio,text,0,0.040406808257102966,1.0917335748672485,0.4560415744781494,0.04067032411694527,0.08687329292297363,1.5702368021011353,1.4033613204956055,0.16687548160552979,0.5082498379228333,0.4917501620771667,0
61,cW1FSBF59ik$_$9,-2.4000000953674316,0.660469114780426,0.0007383956690318882,0.9947968125343323,0.004464822355657816,1.124204158782959,1.0423115491867065,1.1357697248458862,3.5242042541503906,3.4423117637634277,3.5357699394226074,0.3232652544975281,0.3581094443798065,0.3186253309249878,audio,audio,1,0.3333333432674408,0.25531914830207825,0.2142857164144516,0.5293906331062317,0.4706093668937683,0.0007383956690318882,0.9947968125343323,0.004464822355657816,0.3570028245449066,0.31894612312316895,0.32405102252960205,audio,text,0,0.03467570245265961,1.0973455905914307,0.4505670964717865,0.04159943014383316,0.09345817565917969,0.854754626750946,0.4877561926841736,0.36699843406677246,0.3872828649484933,0.6127171350515067,1
438,phBUpBr1hSo$_$1,1.399999976158142,0.5966373085975647,0.0012814358342438936,0.9883267283439636,0.010391823947429657,1.202437400817871,1.0589090585708618,1.1864187717437744,0.197562575340271,0.3410909175872803,0.21358120441436768,0.3551214039325714,0.2967972457408905,0.34808140993118286,audio,text,0,0.30000001192092896,0.13636364042758942,0.37037035822868347,0.5424853563308716,0.4575146436691284,0.0012814358342438936,0.9883267283439636,0.010391823947429657,0.3245331645011902,0.24576424062252045,0.42970266938209534,audio,vision,0,0.06759563833475113,1.0730737447738647,0.49504169821739197,0.06421812623739243,0.14352834224700928,0.8067822456359863,0.41940784454345703,0.3873744010925293,0.6187433984556822,0.38125660154431773,0
40,cM3Yna7AavY$_$1,2.200000047683716,-0.6098895072937012,0.0012093408731743693,0.9917119741439819,0.007078643888235092,-0.241461843252182,-0.32596173882484436,-0.17543421685695648,2.4414618015289307,2.5259618759155273,2.375434160232544,0.3349188268184662,0.30134716629981995,0.3637339472770691,audio,vision,0,0.2666666805744171,0.14000000059604645,0.16842105984687805,0.5238745808601379,0.47612541913986206,0.0012093408731743693,0.9917119741439819,0.007078643888235092,0.36416271328926086,0.29221364855766296,0.34362363815307617,audio,text,0,0.05142157897353172,1.0944238901138306,0.46633219718933105,0.06160665303468704,0.15052752196788788,-0.4313519597053528,-0.7721539735794067,0.34080201387405396,0.6049187035882669,0.3950812964117332,0
455,rnaNMUZpvvg$_$4,-2.4000000953674316,-0.45004802942276,0.0007554423646070063,0.9931897521018982,0.006054776255041361,-0.05290424823760986,-0.19088762998580933,0.05262978374958038,2.3470959663391113,2.2091124057769775,2.452629804611206,0.32630041241645813,0.3877255916595459,0.28597399592399597,audio,audio,1,0.16326530277729034,0.1773049682378769,0.20000000298023224,0.5267130732536316,0.4732869267463684,0.0007554423646070063,0.9931897521018982,0.006054776255041361,0.30280956625938416,0.3228994905948639,0.37429097294807434,audio,vision,0,0.043138448148965836,1.09458589553833,0.4468601942062378,0.09970933943986893,0.2435174137353897,-0.2845277786254883,-0.598779022693634,0.31425124406814575,0.40304005817277894,0.5969599418272211,1
9,c7UH_rxdZv4$_$29,0.6000000238418579,-0.31975501775741577,0.0008896709769032896,0.9910682439804077,0.008042115718126297,0.22805847227573395,0.05744939297437668,0.258720725774765,0.37194156646728516,0.5425506234169006,0.3412792980670929,0.35124483704566956,0.28378650546073914,0.3649686276912689,audio,vision,0,0.1666666716337204,0.1702127605676651,0.28070175647735596,0.5329456925392151,0.4670543074607849,0.0008896709769032896,0.9910682439804077,0.008042115718126297,0.2871674597263336,0.29879942536354065,0.4140331447124481,audio,vision,1,0.05392899364233017,1.084338665008545,0.46151256561279297,0.0885423794388771,0.20127132534980774,-0.13655872642993927,-0.4803016185760498,0.34374290704727173,0.6057969220942102,0.3942030779057898,0
470,tIrG4oNLFzE$_$11,-1.600000023841858,-0.8584266901016235,0.0012304295087233186,0.9908967614173889,0.007872792892158031,-0.5071871280670166,-0.48299339413642883,-0.40114670991897583,1.0928128957748413,1.1170066595077515,1.1988532543182373,0.35136181116104126,0.340894877910614,0.30774328112602234,audio,text,0,0.28125,0.17543859779834747,0.23529411852359772,0.5257355570793152,0.4742644429206848,0.0012304295087233186,0.9908967614173889,0.007872792892158031,0.34800565242767334,0.289061576128006,0.3629327714443207,audio,vision,0,0.05544452369213104,1.0939375162124634,0.4678901135921478,0.045373495668172836,0.10604041814804077,-0.6983866095542908,-1.002798318862915,0.30441170930862427,0.40600277896595943,0.5939972210340406,1
502,tStelxIAHjw$_$9,-1.399999976158142,0.9248864054679871,0.0008732940186746418,0.9946104288101196,0.004516336601227522,1.297318696975708,1.2020740509033203,1.281304955482483,2.6973185539245605,2.602074146270752,2.681304931640625,0.3177981972694397,0.3579781651496887,0.3242236375808716,audio,audio,1,0.3333333432674408,0.3333333432674408,0.1666666716337204,0.5205483436584473,0.47945165634155273,0.0008732940186746418,0.9946104288101196,0.004516336601227522,0.3500097692012787,0.3623332679271698,0.2876569330692291,audio,audio,1,0.035914283245801926,1.0936923027038574,0.42151808738708496,0.041640713810920715,0.0952446460723877,1.004279375076294,0.8517614006996155,0.15251797437667847,0.452481971893284,0.5475180281067161,1
485,tIrG4oNLFzE$_$6,1.25,-0.24503079056739807,0.0010356135899201035,0.9919763207435608,0.006988096050918102,0.4619174897670746,0.28188008069992065,0.51756352186203,0.788082480430603,0.9681199193000793,0.73243647813797,0.34836986660957336,0.2781659662723541,0.3734641969203949,audio,vision,0,0.3076923191547394,0.09677419066429138,0.2432432472705841,0.5379464030265808,0.4620535969734192,0.0010356135899201035,0.9919763207435608,0.006988096050918102,0.37111765146255493,0.2536998391151428,0.37518253922462463,audio,vision,1,0.049794651567935944,1.0836483240127563,0.4921843409538269,0.10058530420064926,0.23568344116210938,-0.006013993173837662,-0.45032739639282227,0.4443134069442749,0.6353856120785336,0.3646143879214664,0
419,pLTX3ipuDJI$_$3,-1.2000000476837158,0.6735395193099976,0.0008940412080846727,0.9931309819221497,0.005975000560283661,1.147748351097107,1.0440384149551392,1.119904637336731,2.347748279571533,2.2440385818481445,2.3199048042297363,0.3150765299797058,0.3586878478527069,0.3262356221675873,audio,audio,1,0.30434781312942505,0.22641509771347046,0.25,0.5273706316947937,0.4726293683052063,0.0008940412080846727,0.9931309819221497,0.005975000560283661,0.34214526414871216,0.3046674430370331,0.3531872630119324,audio,vision,0,0.043714333325624466,1.0966475009918213,0.4589756727218628,0.043826308101415634,0.10370993614196777,0.8243694305419922,0.5383657813072205,0.28600364923477173,0.4115637751617257,0.5884362248382744,1
58,cW1FSBF59ik$_$4,1.600000023841858,0.18172436952590942,0.0007501156651414931,0.9939636588096619,0.005286223255097866,0.8540955781936646,0.7381128072738647,0.8440329432487488,0.7459044456481934,0.8618872165679932,0.7559670805931091,0.3505645990371704,0.3032527565956116,0.3461827039718628,audio,text,0,0.2083333283662796,0.17721518874168396,0.16923077404499054,0.523361325263977,0.47663867473602295,0.0007501156651414931,0.9939636588096619,0.005286223255097866,0.3288683593273163,0.32140085101127625,0.3497307598590851,audio,vision,0,0.039129190146923065,1.0979692935943604,0.44837522506713867,0.0524640828371048,0.1159827709197998,0.4298751950263977,-0.04427298903465271,0.4741481840610504,0.6439810246985469,0.3560189753014531,0
59,cW1FSBF59ik$_$7,0.5,-0.10422773659229279,0.0021349964663386345,0.985627293586731,0.012237702496349812,0.6920922994613647,0.5460997819900513,0.6446407437324524,0.19209229946136475,0.04609978199005127,0.1446407437324524,0.3066250681877136,0.36801230907440186,0.32536259293556213,audio,audio,1,0.4000000059604645,0.1764705926179886,0.3499999940395355,0.546863853931427,0.453136146068573,0.0021349964663386345,0.985627293586731,0.012237702496349812,0.37113937735557556,0.24504326283931732,0.3838173449039459,audio,vision,0,0.0812830775976181,1.0800135135650635,0.49372267723083496,0.06080552190542221,0.14599251747131348,0.16156713664531708,-0.32446765899658203,0.4860348105430603,0.647380236540981,0.3526197634590189,0
221,f9O3YtZ2VfI$_$15,-1.2000000476837158,-1.5247383117675781,0.0008646468631923199,0.995590329170227,0.0035450179129838943,-1.326495885848999,-1.1693840026855469,-1.1379587650299072,0.1264958381652832,0.030616044998168945,0.062041282653808594,0.3114071190357208,0.35105782747268677,0.3375350534915924,audio,audio,1,0.4000000059604645,0.380952388048172,0.11999999731779099,0.5322414636611938,0.46775853633880615,0.0008646468631923199,0.995590329170227,0.0035450179129838943,0.3764069676399231,0.3762876093387604,0.24730542302131653,audio,text,0,0.030500173568725586,1.0810835361480713,0.4128684997558594,0.08247419446706772,0.1885371208190918,-1.3510934114456177,-1.677345633506775,0.3262522220611572,0.6005639078849259,0.39943609211507425,0
26,c7UH_rxdZv4$_$16,-2.0,-0.4932752847671509,0.0045394860208034515,0.9857090711593628,0.009751464240252972,-0.04222339391708374,-0.12614378333091736,-0.4042176604270935,1.9577765464782715,1.8738561868667603,1.5957822799682617,0.2715305984020233,0.3015618324279785,0.4269075393676758,audio,vision,0,0.6000000238418579,0.22727273404598236,0.11538461595773697,0.5577357411384583,0.44226425886154175,0.0045394860208034515,0.9857090711593628,0.009751464240252972,0.5225535035133362,0.2510353624820709,0.2264111191034317,audio,text,0,0.08383113145828247,1.022434949874878,0.48978251218795776,0.15470673143863678,0.36199426651000977,-0.26689445972442627,-0.672787070274353,0.40589261054992676,0.3758112548674276,0.6241887451325724,1
114,d3_k5Xpfmik$_$2,0.0,1.0527141094207764,0.0010760152945294976,0.9933788776397705,0.00554502522572875,1.473703145980835,1.3493356704711914,1.4682810306549072,1.473703145980835,1.3493356704711914,1.4682810306549072,0.31496110558509827,0.36793577671051025,0.3171030879020691,audio,audio,1,0.3333333432674408,0.25,0.1764705926179886,0.5261616706848145,0.47383832931518555,0.0010760152945294976,0.9933788776397705,0.00554502522572875,0.36512479186058044,0.3268248438835144,0.30805036425590515,audio,text,0,0.042758747935295105,1.0960942506790161,0.4443694055080414,0.05739209055900574,0.12436747550964355,1.1994869709014893,0.9205369353294373,0.278950035572052,0.41370072427053783,0.586299275729462,1
289,jUzDDGyPkXU$_$6,-1.600000023841858,-0.5571311712265015,0.0013118265196681023,0.9933640956878662,0.005324060562998056,-0.1738431751728058,-0.2743224799633026,-0.09859789907932281,1.4261568784713745,1.325677514076233,1.5014021396636963,0.32850876450538635,0.37247228622436523,0.2990189492702484,audio,audio,1,0.3870967626571655,0.17525772750377655,0.095238097012043,0.5317515134811401,0.46824848651885986,0.0013118265196681023,0.9933640956878662,0.005324060562998056,0.4310119152069092,0.2925967276096344,0.2763913869857788,audio,text,0,0.0431937575340271,1.0777597427368164,0.4671782851219177,0.0719853937625885,0.1757245808839798,-0.3596915006637573,-0.7309920787811279,0.3713005781173706,0.3860075452951645,0.6139924547048355,1
290,jUzDDGyPkXU$_$9,2.799999952316284,1.5508915185928345,0.001251127803698182,0.9920865893363953,0.006662281695753336,1.7799112796783447,1.7057878971099854,1.7955331802368164,1.0200886726379395,1.0942120552062988,1.0044667720794678,0.34115394949913025,0.31096476316452026,0.3478812873363495,audio,vision,0,0.4285714328289032,0.1304347813129425,0.25,0.5323082804679871,0.46769171953201294,0.001251127803698182,0.9920865893363953,0.006662281695753336,0.4195648431777954,0.24175752699375153,0.33867761492729187,audio,text,0,0.049630824476480484,1.0743483304977417,0.5002193450927734,0.039147209376096725,0.08974528312683105,1.6763602495193481,1.4406533241271973,0.23570692539215088,0.5731301484775563,0.4268698515224438,0
3,c7UH_rxdZv4$_$27,-1.7999999523162842,0.18880268931388855,0.0015202411450445652,0.9919167160987854,0.006563074886798859,0.8946760892868042,0.7946798801422119,0.8663328289985657,2.694675922393799,2.594679832458496,2.666332721710205,0.31553637981414795,0.35754773020744324,0.3269158601760864,audio,audio,1,0.43478259444236755,0.18666666746139526,0.1869918704032898,0.5393391847610474,0.46066081523895264,0.0015202411450445652,0.9919167160987854,0.006563074886798859,0.42980432510375977,0.2699953615665436,0.30020034313201904,audio,text,0,0.05090313404798508,1.0776886940002441,0.4812808930873871,0.042080264538526535,0.09999620914459229,0.44782471656799316,-0.03243337571620941,0.48025810718536377,0.3542698879340408,0.6457301120659592,1
432,phBUpBr1hSo$_$14,-1.2000000476837158,1.2745566368103027,0.0008004690171219409,0.9937560558319092,0.005443469621241093,1.584665060043335,1.4999710321426392,1.5827457904815674,2.784665107727051,2.6999711990356445,2.782745838165283,0.32112249732017517,0.35698366165161133,0.3218938410282135,audio,audio,1,0.3333333432674408,0.25,0.2708333432674408,0.5273664593696594,0.4726335406303406,0.0008004690171219409,0.9937560558319092,0.005443469621241093,0.3443520963191986,0.3049274682998657,0.3507204055786133,audio,vision,0,0.040310636162757874,1.0967401266098022,0.4592190682888031,0.0394805483520031,0.0846940279006958,1.3931703567504883,1.1682531833648682,0.22491717338562012,0.43017272690685815,0.5698272730931419,1
520,tmZoasNr4rU$_$7,-1.0,-0.8656003475189209,0.0009556788136251271,0.9923717975616455,0.00667249271646142,-0.5189676284790039,-0.5066397190093994,-0.39064157009124756,0.4810323715209961,0.4933602809906006,0.6093584299087524,0.3525465428829193,0.34715551137924194,0.30029794573783875,audio,text,0,0.27586206793785095,0.20779220759868622,0.25,0.5290001630783081,0.4709998369216919,0.0009556788136251271,0.9923717975616455,0.00667249271646142,0.33443352580070496,0.30131995677948,0.36424654722213745,audio,vision,0,0.04767153039574623,1.095630407333374,0.46070122718811035,0.05780727043747902,0.12832605838775635,-0.6980947256088257,-1.0147404670715332,0.3166457414627075,0.4112123101583267,0.5887876898416733,1
524,v0zCBqDeKcE$_$11,1.600000023841858,-0.4743703007698059,0.0007801660685800016,0.9934754967689514,0.005744313821196556,-0.09412220120429993,-0.2033684253692627,0.044134125113487244,1.6941221952438354,1.8033684492111206,1.5558658838272095,0.3266897201538086,0.28498968482017517,0.38832053542137146,audio,vision,0,0.1875,0.1621621549129486,0.1744185984134674,0.5254529714584351,0.47454702854156494,0.0007801660685800016,0.9934754967689514,0.005744313821196556,0.3219756484031677,0.31766965985298157,0.3603547215461731,audio,vision,1,0.0417240709066391,1.0969758033752441,0.4505372643470764,0.10127358883619308,0.24750255048274994,-0.30738162994384766,-0.6251810789108276,0.31779944896698,0.5980265985378318,0.40197340146216826,0
428,phBUpBr1hSo$_$10,-1.399999976158142,-0.05309467017650604,0.0007111436570994556,0.994511604309082,0.0047772848047316074,0.7065006494522095,0.5367615818977356,0.6869535446166992,2.1065006256103516,1.9367616176605225,2.086953639984131,0.3066452741622925,0.3791247308254242,0.3142300248146057,audio,audio,1,0.2222222238779068,0.1666666716337204,0.1428571492433548,0.5263103246688843,0.4736896753311157,0.0007111436570994556,0.994511604309082,0.0047772848047316074,0.34262654185295105,0.32030388712882996,0.3370695114135742,audio,text,0,0.036157358437776566,1.0982050895690918,0.4494718015193939,0.07582954317331314,0.16973906755447388,0.22316281497478485,-0.30173182487487793,0.524894654750824,0.34161211994156865,0.6583878800584314,1
188,etzxEpPuc6I$_$18,1.399999976158142,0.43000340461730957,0.0008774023735895753,0.99313884973526,0.0059837838634848595,0.9887367486953735,0.8746992349624634,0.9681071639060974,0.41126322746276855,0.5253007411956787,0.4318928122520447,0.35190334916114807,0.30515187978744507,0.34294480085372925,audio,text,0,0.20000000298023224,0.18367347121238708,0.17241379618644714,0.5185467004776001,0.4814532995223999,0.0008774023735895753,0.99313884973526,0.0059837838634848595,0.3216449022293091,0.32727473974227905,0.35108035802841187,audio,vision,0,0.04364238306879997,1.097885251045227,0.4439094066619873,0.049615371972322464,0.11403751373291016,0.6036151647567749,0.2688106596469879,0.334804505109787,0.6031256053403828,0.39687439465961716,0
647,yvsjCA6Y5Fc$_$17,-0.6000000238418579,0.9800800681114197,0.0007942484808154404,0.9945387244224548,0.004667016211897135,1.3483786582946777,1.2643444538116455,1.3418962955474854,1.9483786821365356,1.8643444776535034,1.9418963193893433,0.32062646746635437,0.3561384081840515,0.32323503494262695,audio,audio,1,0.2666666805744171,0.26530611515045166,0.1525423675775528,0.5162537693977356,0.4837462306022644,0.0007942484808154404,0.9945387244224548,0.004667016211897135,0.3388373851776123,0.35083872079849243,0.31032392382621765,audio,audio,1,0.03616472706198692,1.0973021984100342,0.4291333556175232,0.03817802667617798,0.08403420448303223,1.0916061401367188,0.8755766153335571,0.21602952480316162,0.43289803468681626,0.5671019653131838,1
437,phBUpBr1hSo$_$20,-1.25,-0.48210418224334717,0.0007320338627323508,0.9929220080375671,0.006345972418785095,-0.06158572435379028,-0.17091694474220276,0.037480682134628296,1.1884143352508545,1.0790830850601196,1.2874807119369507,0.3300362527370453,0.37836775183677673,0.29159602522850037,audio,audio,1,0.2083333283662796,0.25,0.2931034564971924,0.5350300669670105,0.4649699330329895,0.0007320338627323508,0.9929220080375671,0.006345972418785095,0.28449732065200806,0.3266773223876953,0.38882535696029663,audio,vision,0,0.044448122382164,1.0903971195220947,0.44416308403015137,0.08511237055063248,0.20839762687683105,-0.3088131546974182,-0.632703423500061,0.3238902688026428,0.40014455400688165,0.5998554459931184,1
106,d3_k5Xpfmik$_$15,2.5999999046325684,-0.3265816867351532,0.0011485780123621225,0.992388129234314,0.006463359110057354,0.10537078976631165,-0.0674043744802475,0.01904068887233734,2.494629144668579,2.6674041748046875,2.5809593200683594,0.36989548802375793,0.29804712533950806,0.33205732703208923,audio,text,0,0.20000000298023224,0.25,0.1315789520740509,0.5205468535423279,0.4794531464576721,0.0011485780123621225,0.992388129234314,0.006463359110057354,0.3167920410633087,0.365517258644104,0.3176906704902649,audio,audio,0,0.04794350638985634,1.0963160991668701,0.41791388392448425,0.07053517550230026,0.17277516424655914,-0.1584744155406952,-0.48141801357269287,0.3229435980319977,0.5995713770421568,0.40042862295784315,0
481,tIrG4oNLFzE$_$2,2.4000000953674316,-0.18980002403259277,0.0007120166555978358,0.9939591884613037,0.005328762345016003,0.5384824275970459,0.33825036883354187,0.5589069724082947,1.8615176677703857,2.0617496967315674,1.8410930633544922,0.35657814145088196,0.2776228189468384,0.36579906940460205,audio,vision,0,0.1818181872367859,0.1666666716337204,0.1666666716337204,0.5261985659599304,0.4738014340400696,0.0007120166555978358,0.9939591884613037,0.005328762345016003,0.319875568151474,0.3231070041656494,0.357017457485199,audio,vision,1,0.03907691687345505,1.0973563194274902,0.4472348093986511,0.09955422580242157,0.2206566035747528,0.02577955275774002,-0.38391292095184326,0.4096924662590027,0.62530228755236,0.37469771244763994,0
108,d3_k5Xpfmik$_$17,1.600000023841858,-0.5201796889305115,0.0016707059694454074,0.9894005656242371,0.008928687311708927,-0.06443548202514648,-0.1782616376876831,-0.03247234225273132,1.6644355058670044,1.778261661529541,1.6324723958969116,0.3438625931739807,0.29825812578201294,0.3578793406486511,audio,vision,0,0.3076923191547394,0.054054055362939835,0.1818181872367859,0.5274268984794617,0.47257310152053833,0.0016707059694454074,0.9894005656242371,0.008928687311708927,0.395280659198761,0.25065740942955017,0.35406193137168884,audio,text,0,0.06335627287626266,1.0813267230987549,0.49249547719955444,0.06256779283285141,0.14578929543495178,-0.3159435987472534,-0.7031746506690979,0.3872310519218445,0.6187011274687272,0.38129887253127287,0
234,f_pcplsH_V0$_$1,0.25,1.0929721593856812,0.0015665454557165504,0.9890594482421875,0.009373930282890797,1.4730216264724731,1.3753911256790161,1.4558537006378174,1.2230216264724731,1.1253911256790161,1.2058537006378174,0.31731030344963074,0.3584963083267212,0.32419338822364807,audio,audio,1,0.5,0.15625,0.3947368562221527,0.543961226940155,0.45603877305984497,0.0015665454557165504,0.9890594482421875,0.009373930282890797,0.40755918622016907,0.21272027492523193,0.3797205686569214,audio,text,0,0.06477318704128265,1.0627470016479492,0.5175595283508301,0.04255806282162666,0.09763050079345703,1.229675531387329,0.9783645868301392,0.25131094455718994,0.42210485664616554,0.5778951433538345,1
125,d6hH302o4v8$_$26,-2.5999999046325684,0.6599102020263672,0.0024680800270289183,0.9913928508758545,0.00613914430141449,1.1643657684326172,1.061912178993225,1.0709764957427979,3.7643656730651855,3.661911964416504,3.670976400375366,0.3067058324813843,0.34861093759536743,0.34468328952789307,audio,audio,1,0.625,0.25,0.13333334028720856,0.542984664440155,0.45701533555984497,0.0024680800270289183,0.9913928508758545,0.00613914430141449,0.5216687917709351,0.2545006573200226,0.22383056581020355,audio,text,0,0.05465620011091232,1.022777795791626,0.49126145243644714,0.046308696269989014,0.10245358943939209,0.8330622911453247,0.5141728520393372,0.31888943910598755,0.40164591576904735,0.5983540842309527,1
392,nzpVDcQ0ywM$_$14,0.20000000298023224,-0.35060352087020874,0.0018524413462728262,0.9886218905448914,0.009525630623102188,0.02034860849380493,-0.09159912168979645,-0.18845485150814056,0.1796513944864273,0.2915991246700287,0.3884548544883728,0.37883201241493225,0.3293622136116028,0.29180580377578735,audio,text,0,0.30000001192092896,0.20779220759868622,0.20652173459529877,0.5330623388290405,0.4669376611709595,0.0018524413462728262,0.9886218905448914,0.009525630623102188,0.3572838306427002,0.3035118281841278,0.339204341173172,audio,text,1,0.06729736924171448,1.0963447093963623,0.4567400813102722,0.08531784266233444,0.2088034600019455,-0.15041996538639069,-0.5259549021720886,0.37553495168685913,0.6152461543830859,0.384753845616914,0
646,yvsjCA6Y5Fc$_$14,-1.0,0.7853558659553528,0.0011706918012350798,0.9940078258514404,0.004821537062525749,1.2078443765640259,1.1133052110671997,1.1665750741958618,2.2078442573547363,2.11330509185791,2.1665749549865723,0.31462565064430237,0.35409224033355713,0.3312820792198181,audio,audio,1,0.4615384638309479,0.3513513505458832,0.1818181872367859,0.5311918258666992,0.4688081741333008,0.0011706918012350798,0.9940078258514404,0.004821537062525749,0.40205466747283936,0.3338983952999115,0.26404687762260437,audio,text,0,0.03959779441356659,1.084210753440857,0.4400728940963745,0.038698963820934296,0.09453916549682617,0.8789408802986145,0.7027615904808044,0.17617928981781006,0.4451654100126992,0.5548345899873007,1
398,ob23OKe5a9Q$_$10,1.25,0.7027902603149414,0.0018313301261514425,0.9882254600524902,0.009943210519850254,1.240800142288208,1.100891351699829,1.2085832357406616,0.009199857711791992,0.1491086483001709,0.04141676425933838,0.3571324348449707,0.2998315393924713,0.34303608536720276,audio,text,0,0.30000001192092896,0.05882352963089943,0.20000000298023224,0.5246173739433289,0.47538262605667114,0.0018313301261514425,0.9882254600524902,0.009943210519850254,0.3867899775505066,0.24987995624542236,0.36333009600639343,audio,text,1,0.06909407675266266,1.081779956817627,0.4922303557395935,0.05982373282313347,0.1399087905883789,0.8623806238174438,0.5581772327423096,0.3042033910751343,0.5939344207881363,0.40606557921186376,0
394,nzpVDcQ0ywM$_$16,1.399999976158142,1.1014776229858398,0.0017818196211010218,0.9907881617546082,0.007429986260831356,1.3684396743774414,1.3097167015075684,1.3384263515472412,0.031560301780700684,0.09028327465057373,0.06157362461090088,0.3457331657409668,0.3212641179561615,0.3330027163028717,audio,text,0,0.4166666567325592,0.17073170840740204,0.18367347121238708,0.5268732309341431,0.47312676906585693,0.0017818196211010218,0.9907881617546082,0.007429986260831356,0.4247320294380188,0.2687810957431793,0.3064868748188019,audio,text,1,0.05687189847230911,1.079282283782959,0.4813380241394043,0.023975523188710213,0.05872297286987305,1.2173839807510376,0.9973949790000916,0.21998900175094604,0.5683166106918119,0.43168338930818806,0
598,wMbj6ajWbic$_$14,-0.800000011920929,-0.27172696590423584,0.0008185847545973957,0.9945782423019409,0.004603171721100807,0.36273932456970215,0.18334230780601501,0.4141384959220886,1.1627392768859863,0.9833422899246216,1.2141385078430176,0.31356313824653625,0.3923863470554352,0.29405054450035095,audio,audio,1,0.3125,0.21212121844291687,0.15000000596046448,0.5338285565376282,0.4661714434623718,0.0008185847545973957,0.9945782423019409,0.004603171721100807,0.37180331349372864,0.3181816041469574,0.31001508235931396,audio,text,0,0.03599517047405243,1.0952882766723633,0.4509310722351074,0.0989343449473381,0.2307961881160736,-0.0501653254032135,-0.4652080535888672,0.4150427281856537,0.37313207893842176,0.6268679210615783,1
241,f_pcplsH_V0$_$9,-2.4000000953674316,-0.4249417781829834,0.006045317742973566,0.9778310060501099,0.016123605892062187,0.03780752420425415,-0.07099649310112,-0.27828043699264526,2.437807559967041,2.3290035724639893,2.1217195987701416,0.27546426653862,0.31559598445892334,0.40893974900245667,audio,vision,0,0.5,0.05882352963089943,0.1428571492433548,0.5461636781692505,0.4538363218307495,0.006045317742973566,0.9778310060501099,0.016123605892062187,0.5038213729858398,0.21393299102783203,0.28224560618400574,audio,text,0,0.11935345828533173,1.032325267791748,0.5092653632164001,0.13111340999603271,0.3160879611968994,-0.22594402730464935,-0.5902995467185974,0.36435550451278687,0.3880670938009441,0.6119329061990558,1
351,lXPQBPVc5Cw$_$8,2.5999999046325684,1.148347020149231,0.0012182156788185239,0.9920752048492432,0.00670661823824048,1.4640533924102783,1.3731626272201538,1.435727834701538,1.13594651222229,1.2268372774124146,1.1642720699310303,0.3499176502227783,0.3123374879360199,0.33774492144584656,audio,text,0,0.3636363744735718,0.20000000298023224,0.22857142984867096,0.5259097218513489,0.4740902781486511,0.0012182156788185239,0.9920752048492432,0.00670661823824048,0.38094961643218994,0.2847631871700287,0.334287166595459,audio,text,1,0.04963231831789017,1.0916370153427124,0.4715413451194763,0.03797348961234093,0.09089076519012451,1.241337537765503,1.0645190477371216,0.17681849002838135,0.5550319289368572,0.44496807106314273,0
292,jUzDDGyPkXU$_$11,2.4000000953674316,1.0711880922317505,0.0009343077545054257,0.9931219220161438,0.005943782161921263,1.4809739589691162,1.3632473945617676,1.484727144241333,0.9190261363983154,1.036752700805664,0.9152729511260986,0.3486920893192291,0.30097612738609314,0.35033178329467773,audio,vision,0,0.21739129722118378,0.203125,0.1666666716337204,0.5167532563209534,0.48324674367904663,0.0009343077545054257,0.9931219220161438,0.005943782161921263,0.32654500007629395,0.33363622426986694,0.3398187756538391,audio,vision,1,0.04383612424135208,1.0984798669815063,0.43965715169906616,0.056402288377285004,0.12147974967956543,1.2087838649749756,0.9425140023231506,0.26626986265182495,0.5824495819523016,0.4175504180476984,0
136,d6hH302o4v8$_$3,0.20000000298023224,-0.19416524469852448,0.0010290653444826603,0.991981565952301,0.006989336106926203,0.5138413906097412,0.32901525497436523,0.5138532519340515,0.31384140253067017,0.129015251994133,0.31385326385498047,0.306759238243103,0.38648608326911926,0.3067546784877777,audio,audio,1,0.2777777910232544,0.18367347121238708,0.24137930572032928,0.5340362787246704,0.4659637212753296,0.0010290653444826603,0.991981565952301,0.006989336106926203,0.34185636043548584,0.2931753396987915,0.36496835947036743,audio,vision,0,0.04975588619709015,1.094525933265686,0.46587085723876953,0.08713068813085556,0.18483799695968628,0.01800432801246643,-0.37928998470306396,0.3972943127155304,0.6216641944424693,0.37833580555753055,0
430,phBUpBr1hSo$_$12,1.7999999523162842,-0.488696813583374,0.0008136447286233306,0.9939242005348206,0.005262089427560568,-0.11863595247268677,-0.22458991408348083,0.0031948834657669067,1.9186358451843262,2.024589776992798,1.7968050241470337,0.32889872789382935,0.2880999743938446,0.38300126791000366,audio,vision,0,0.2800000011920929,0.20000000298023224,0.1944444477558136,0.5313438773155212,0.46865612268447876,0.0008136447286233306,0.9939242005348206,0.005262089427560568,0.34977036714553833,0.3105362057685852,0.3396933972835541,audio,text,0,0.03945692256093025,1.0973553657531738,0.45559200644493103,0.09306801855564117,0.22778479754924774,-0.29694241285324097,-0.6578280925750732,0.3608856797218323,0.6109024245463236,0.38909757545367646,0
655,zhpQhgha_KU$_$20,-1.399999976158142,-0.8327291011810303,0.0036590518429875374,0.9865807294845581,0.009760250337421894,-0.4032575190067291,-0.4199683964252472,-0.5385849475860596,0.9967424869537354,0.9800316095352173,0.8614150285720825,0.31197187304496765,0.31855708360671997,0.36947101354599,audio,vision,0,0.4444444477558136,0.1428571492433548,0.0625,0.5312669277191162,0.4687330722808838,0.0036590518429875374,0.9865807294845581,0.009760250337421894,0.4765428304672241,0.2694384753704071,0.2540186643600464,audio,text,0,0.07904256880283356,1.0546519756317139,0.47809481620788574,0.060242701321840286,0.13532742857933044,-0.6268399357795715,-1.0143836736679077,0.3875437378883362,0.3812066696107297,0.6187933303892703,1
681,zhpQhgha_KU$_$30,-2.0,-0.190212219953537,0.0008318669279105961,0.98753821849823,0.01162994746118784,0.6982055306434631,0.5338008403778076,0.625572681427002,2.6982054710388184,2.5338008403778076,2.625572681427002,0.30091601610183716,0.3695688247680664,0.32951515913009644,audio,audio,1,0.2142857164144516,0.375,0.5833333134651184,0.5590030550956726,0.4409969449043274,0.0008318669279105961,0.98753821849823,0.01162994746118784,0.20829789340496063,0.29407498240470886,0.4976271390914917,audio,vision,0,0.07008504122495651,1.0339953899383545,0.4623088240623474,0.06726934760808945,0.16440469026565552,0.025007113814353943,-0.35999852418899536,0.3850056529045105,0.3819553357360602,0.6180446642639398,1
159,d6hH302o4v8$_$36,-2.200000047683716,-1.2831602096557617,0.0010389593662694097,0.9932695031166077,0.005691488739103079,-0.9567403793334961,-0.8713876008987427,-0.8475688099861145,1.2432596683502197,1.3286124467849731,1.352431297302246,0.3608492314815521,0.32433247566223145,0.31481829285621643,audio,text,0,0.3125,0.23529411852359772,0.17073170840740204,0.5236053466796875,0.4763946533203125,0.0010389593662694097,0.9932695031166077,0.005691488739103079,0.3628040552139282,0.32270947098731995,0.3144865036010742,audio,text,1,0.043263014405965805,1.0966320037841797,0.44704005122184753,0.04686962813138962,0.10917156934738159,-1.1371476650238037,-1.4160075187683105,0.27885985374450684,0.4137280668138356,0.5862719331861643,1
57,cW1FSBF59ik$_$5,2.0,-0.03096979856491089,0.0010616073850542307,0.9929590225219727,0.005979351699352264,0.6907540559768677,0.4935915172100067,0.6562353372573853,1.3092459440231323,1.506408452987671,1.3437646627426147,0.3650517761707306,0.28531283140182495,0.34963539242744446,audio,text,0,0.3333333432674408,0.27272728085517883,0.23076923191547394,0.5397999882698059,0.4602000117301941,0.0010616073850542307,0.9929590225219727,0.005979351699352264,0.3512588441371918,0.3211269676685333,0.3276141285896301,audio,text,1,0.044896919280290604,1.0978630781173706,0.44788801670074463,0.08597003668546677,0.19716253876686096,0.22602900862693787,-0.25007104873657227,0.47610005736351013,0.6445402091683372,0.35545979083166274,0
336,lXPQBPVc5Cw$_$27,-2.799999952316284,-0.21302637457847595,0.0006110083195380867,0.9945969581604004,0.0047920215874910355,0.3473929464817047,0.1898384988307953,0.4064371585845947,3.147392988204956,2.9898383617401123,3.206437110900879,0.31781062483787537,0.3869900405406952,0.29519930481910706,audio,audio,1,0.1875,0.29032257199287415,0.21052631735801697,0.5300183892250061,0.4699816107749939,0.0006110083195380867,0.9945969581604004,0.0047920215874910355,0.2870214581489563,0.3669326901435852,0.3460458219051361,audio,audio,1,0.03550334647297859,1.0933561325073242,0.41844281554222107,0.09142366796731949,0.21659865975379944,-0.012576356530189514,-0.3907707929611206,0.3781944513320923,0.3839672073462752,0.6160327926537248,1
93,cXypl4FnoZo$_$10,2.0,1.0528801679611206,0.001039836904965341,0.9931598901748657,0.005800280719995499,1.4092159271240234,1.3089065551757812,1.3814460039138794,0.5907840728759766,0.6910934448242188,0.6185539960861206,0.351118803024292,0.30974146723747253,0.33913975954055786,audio,text,0,0.3333333432674408,0.24242424964904785,0.20512820780277252,0.5236417055130005,0.4763582944869995,0.001039836904965341,0.9931598901748657,0.005800280719995499,0.36320534348487854,0.3137500286102295,0.32304465770721436,audio,text,1,0.043829530477523804,1.096564769744873,0.4529399275779724,0.04228881001472473,0.10030937194824219,1.1522481441497803,0.9624847769737244,0.1897633671760559,0.5590245559243148,0.4409754440756853,0
338,lXPQBPVc5Cw$_$21,1.7999999523162842,-0.6588489413261414,0.0014070314355194569,0.9918220639228821,0.006770860403776169,-0.18471714854240417,-0.2637796700000763,-0.1357366293668747,1.9847171306610107,2.063779592514038,1.9357365369796753,0.3368094861507416,0.3051151931285858,0.358075350522995,audio,vision,0,0.3333333432674408,0.190476194024086,0.1599999964237213,0.5275276303291321,0.4724723696708679,0.0014070314355194569,0.9918220639228821,0.006770860403776169,0.3849506676197052,0.30219802260398865,0.3128512501716614,audio,text,0,0.05120464786887169,1.0926631689071655,0.45974940061569214,0.052752040326595306,0.1280430406332016,-0.4791891574859619,-0.8197585940361023,0.3405694365501404,0.6048492213005697,0.3951507786994303,0
20,c7UH_rxdZv4$_$10,0.800000011920929,-0.5202600955963135,0.0009490447118878365,0.9928045868873596,0.006246422883123159,-0.14947310090065002,-0.2511273920536041,-0.047893837094306946,0.9494731426239014,1.0511274337768555,0.8478938341140747,0.3315581977367401,0.2919946312904358,0.3764471113681793,audio,vision,0,0.3928571343421936,0.2432432472705841,0.3181818127632141,0.5453075170516968,0.4546924829483032,0.0009490447118878365,0.9928045868873596,0.006246422883123159,0.36154118180274963,0.27954983711242676,0.3589089810848236,audio,text,0,0.04548010602593422,1.0919008255004883,0.475503146648407,0.08296974748373032,0.20323355495929718,-0.3110862970352173,-0.6946750283241272,0.3835887312889099,0.6176264735266698,0.3823735264733302,0
679,zhpQhgha_KU$_$18,0.6000000238418579,0.03350368142127991,0.0009731636382639408,0.9925805330276489,0.006446244660764933,0.7371112108230591,0.5872501730918884,0.7041624784469604,0.13711118698120117,0.012749850749969482,0.10416245460510254,0.3115040361881256,0.3638944923877716,0.3246014714241028,audio,audio,1,0.27272728085517883,0.23529411852359772,0.24390244483947754,0.5362945199012756,0.46370548009872437,0.0009731636382639408,0.9925805330276489,0.006446244660764933,0.3284817636013031,0.3153080940246582,0.3562101721763611,audio,vision,0,0.046657223254442215,1.0973128080368042,0.4515150189399719,0.0643017515540123,0.14986103773117065,0.3152114152908325,-0.21007409691810608,0.5252854824066162,0.6584977620330446,0.3415022379669554,0
412,pLTX3ipuDJI$_$10,-1.600000023841858,0.3252357244491577,0.0009226779220625758,0.9937059283256531,0.005371346604079008,0.9156396389007568,0.8139911890029907,0.8913094401359558,2.5156397819519043,2.4139912128448486,2.491309404373169,0.31581947207450867,0.35860851407051086,0.3255719840526581,audio,audio,1,0.260869562625885,0.2295081913471222,0.15068493783473969,0.5194072127342224,0.4805927872657776,0.0009226779220625758,0.9937059283256531,0.005371346604079008,0.3456960916519165,0.3360154628753662,0.3182884752750397,audio,text,0,0.04079638049006462,1.0980303287506104,0.4384603500366211,0.043336521834135056,0.10164844989776611,0.4930989742279053,0.16991659998893738,0.3231823742389679,0.4003569666944366,0.5996430333055635,1
374,nzpVDcQ0ywM$_$20,0.20000000298023224,-0.2400861233472824,0.006712137255817652,0.9740580320358276,0.01922984980046749,0.28470391035079956,0.12309589236974716,-0.40307772159576416,0.08470390737056732,0.07690411061048508,0.6030777096748352,0.394803524017334,0.39867159724235535,0.20652489364147186,audio,audio,1,0.4000000059604645,0.1818181872367859,0.1538461595773697,0.5606077909469604,0.43939220905303955,0.006712137255817652,0.9740580320358276,0.01922984980046749,0.4230983257293701,0.28033119440078735,0.2965705692768097,audio,text,0,0.13517171144485474,1.0809216499328613,0.46248459815979004,0.2936398684978485,0.6877816319465637,-0.09716899693012238,-0.3521014451980591,0.2549324631690979,0.5789990045962267,0.4210009954037732,0
535,v0zCBqDeKcE$_$4,0.0,-0.12072286009788513,0.0014790917048230767,0.9926787614822388,0.005842150188982487,0.5914403200149536,0.3952740728855133,0.5330840945243835,0.5914403200149536,0.3952740728855133,0.5330840945243835,0.298190712928772,0.38105398416519165,0.3207553029060364,audio,audio,1,0.4117647111415863,0.24444444477558136,0.1428571492433548,0.5405329465866089,0.4594670534133911,0.0014790917048230767,0.9926787614822388,0.005842150188982487,0.4150504469871521,0.3068174719810486,0.2781321406364441,audio,text,0,0.04697676748037338,1.083396553993225,0.45724090933799744,0.08224505186080933,0.1961662471294403,0.12799029052257538,-0.33213549852371216,0.46012580394744873,0.5634514335020442,0.4365485664979559,0
330,k5Y_838nuGo$_$18,0.4000000059604645,0.1635131686925888,0.0006392381037585437,0.9946168065071106,0.004743949044495821,0.8417292833328247,0.7194252014160156,0.8207772374153137,0.44172927737236023,0.31942519545555115,0.42077723145484924,0.31331053376197815,0.3650648295879364,0.3216245770454407,audio,audio,1,0.25,0.3529411852359772,0.25,0.5333272814750671,0.46667271852493286,0.0006392381037585437,0.9946168065071106,0.004743949044495821,0.29119259119033813,0.37328529357910156,0.3355221450328827,audio,audio,1,0.035454731434583664,1.093517541885376,0.41422104835510254,0.05340570583939552,0.12230408191680908,0.39090561866760254,-0.03546004742383957,0.4263656735420227,0.6301725400606325,0.3698274599393675,0
46,cM3Yna7AavY$_$6,2.799999952316284,-0.40657365322113037,0.0011402262607589364,0.9905698299407959,0.008289952762424946,0.10705307126045227,-0.02092503011226654,0.01994103193283081,2.6929469108581543,2.820924997329712,2.7800588607788086,0.36376914381980896,0.30999210476875305,0.3262386918067932,audio,text,0,0.20000000298023224,0.1875,0.2370370328426361,0.5260179042816162,0.4739820957183838,0.0011402262607589364,0.9905698299407959,0.008289952762424946,0.309483140707016,0.30938002467155457,0.38113683462142944,audio,vision,0,0.05684366822242737,1.093581199645996,0.4541265368461609,0.053371794521808624,0.1279781013727188,-0.2253248542547226,-0.5698925852775574,0.3445677161216736,0.6060431168507087,0.39395688314929134,0
28,c7UH_rxdZv4$_$18,-2.25,-0.7900347709655762,0.0007242865976877511,0.9935738444328308,0.005701845046132803,-0.42253634333610535,-0.4650329053401947,-0.27809762954711914,1.8274636268615723,1.784967064857483,1.9719023704528809,0.34609636664390564,0.36497822403907776,0.2889254689216614,audio,audio,1,0.20000000298023224,0.2068965584039688,0.21739129722118378,0.5258042812347412,0.4741957187652588,0.0007242865976877511,0.9935738444328308,0.005701845046132803,0.30820491909980774,0.3247477412223816,0.36704736948013306,audio,vision,0,0.04110350459814072,1.0958786010742188,0.4458840787410736,0.08000922948122025,0.18693527579307556,-0.636763334274292,-0.9282623529434204,0.2914990186691284,0.4099012126073119,0.5900987873926882,1
644,yvsjCA6Y5Fc$_$12,-0.6000000238418579,-0.22200679779052734,0.0008203168399631977,0.994094967842102,0.005084647331386805,0.38668256998062134,0.1907971203327179,0.4148690104484558,0.9866825938224792,0.7907971143722534,1.014868974685669,0.30837368965148926,0.3939283788204193,0.2976979613304138,audio,audio,1,0.2857142984867096,0.26050421595573425,0.19718310236930847,0.5321601629257202,0.4678398370742798,0.0008203168399631977,0.994094967842102,0.005084647331386805,0.33861643075942993,0.334867388010025,0.32651618123054504,audio,text,0,0.03857128322124481,1.098496913909912,0.4394850730895996,0.0996515080332756,0.22407189011573792,-0.025934476405382156,-0.3943805694580078,0.36844608187675476,0.3868535501101898,0.6131464498898102,1
258,iiK8YX8oH1E$_$10,0.0,0.0644959807395935,0.0011018724180758,0.9943278431892395,0.004570310469716787,0.7548482418060303,0.6331464052200317,0.7268320322036743,0.7548482418060303,0.6331464052200317,0.7268320322036743,0.31250494718551636,0.3638521730899811,0.32364287972450256,audio,audio,1,0.4285714328289032,0.20000000298023224,0.1304347813129425,0.5391662120819092,0.4608337879180908,0.0011018724180758,0.9943278431892395,0.004570310469716787,0.43501827120780945,0.2881748676300049,0.27680689096450806,audio,text,0,0.037786222994327545,1.0761791467666626,0.47076866030693054,0.052039772272109985,0.12170183658599854,0.35705822706222534,-0.18556152284145355,0.5426197648048401,0.44661157835771975,0.5533884216422803,1
550,vvZ4IcEtiZc$_$9,2.200000047683716,-0.30244511365890503,0.0010595573112368584,0.9921777844429016,0.006762664765119553,0.40216130018234253,0.26334434747695923,0.42081528902053833,1.7978386878967285,1.9366557598114014,1.7791848182678223,0.3491266369819641,0.29351040720939636,0.3573630154132843,audio,vision,0,0.21875,0.1827957034111023,0.171171173453331,0.5225857496261597,0.47741425037384033,0.0010595573112368584,0.9921777844429016,0.006762664765119553,0.33349835872650146,0.31920385360717773,0.3472977876663208,audio,vision,1,0.048837948590517044,1.0980199575424194,0.4486492872238159,0.07024972140789032,0.1574709415435791,-0.11436662077903748,-0.4742664098739624,0.3598997890949249,0.6106094509857937,0.3893905490142064,0
166,dq3Nf_lMPnE$_$13,-1.2000000476837158,-0.3240441083908081,0.0005853874026797712,0.9950575828552246,0.004356997553259134,0.25151392817497253,0.06859919428825378,0.3522683382034302,1.4515140056610107,1.268599271774292,1.552268385887146,0.3186175525188446,0.4004684090614319,0.28091397881507874,audio,audio,1,0.20000000298023224,0.25806450843811035,0.1764705926179886,0.5296205282211304,0.47037947177886963,0.0005853874026797712,0.9950575828552246,0.004356997553259134,0.3060314357280731,0.3580068051815033,0.3359616994857788,audio,audio,1,0.032971858978271484,1.0965605974197388,0.4247004985809326,0.1174154281616211,0.2836691439151764,-0.15169347822666168,-0.47711634635925293,0.32542288303375244,0.3996848069513807,0.6003151930486194,1
669,zhpQhgha_KU$_$8,-1.0,-0.6256717443466187,0.001042016432620585,0.9932310581207275,0.005726941395550966,-0.24637261033058167,-0.3254672884941101,-0.14512322843074799,0.7536274194717407,0.6745327115058899,0.8548767566680908,0.3350037634372711,0.36981770396232605,0.29517850279808044,audio,audio,1,0.3333333432674408,0.19512194395065308,0.18367347121238708,0.5318373441696167,0.4681626558303833,0.001042016432620585,0.9932310581207275,0.005726941395550966,0.37850266695022583,0.29828211665153503,0.323215126991272,audio,text,0,0.04346682131290436,1.093615174293518,0.4632992744445801,0.07381010800600052,0.18034406006336212,-0.44384974241256714,-0.785724937915802,0.34187519550323486,0.3947607392090066,0.6052392607909933,1
385,nzpVDcQ0ywM$_$9,-2.200000047683716,-1.1069566011428833,0.0016190654132515192,0.987362265586853,0.011018646880984306,-0.8462598323822021,-0.7400509119033813,-0.8896010518074036,1.3537402153015137,1.4599491357803345,1.310399055480957,0.3411402702331543,0.29872778058052063,0.3601318597793579,audio,vision,0,0.20000000298023224,0.18367347121238708,0.24786324799060822,0.5252719521522522,0.4747280478477478,0.0016190654132515192,0.987362265586853,0.011018646880984306,0.30886995792388916,0.30391693115234375,0.3872131109237671,audio,vision,1,0.07263537496328354,1.0922166109085083,0.45563024282455444,0.06282605975866318,0.14955013990402222,-0.9726757407188416,-1.228316307067871,0.25564056634902954,0.42078524767081693,0.5792147523291831,1
453,rnaNMUZpvvg$_$2,2.25,-0.1577499806880951,0.0010461542988196015,0.9928296208381653,0.006124233361333609,0.4400264620780945,0.2797051668167114,0.4090723395347595,1.8099734783172607,1.9702948331832886,1.8409276008605957,0.35965418815612793,0.2943417429924011,0.34600406885147095,audio,text,0,0.2222222238779068,0.1764705926179886,0.1428571492433548,0.5228627920150757,0.4771372079849243,0.0010461542988196015,0.9928296208381653,0.006124233361333609,0.34196215867996216,0.322805792093277,0.33523204922676086,audio,text,1,0.04553000628948212,1.0983281135559082,0.44668254256248474,0.06943977624177933,0.16032129526138306,0.0688512995839119,-0.3645344376564026,0.4333857297897339,0.6322152729044536,0.36778472709554655,0
130,d6hH302o4v8$_$23,-2.5999999046325684,-0.38927197456359863,0.0029264504555612803,0.9876728653907776,0.009400705806910992,0.08551939576864243,-0.05348190665245056,-0.14852823317050934,2.685519218444824,2.546518087387085,2.4514715671539307,0.2833172380924225,0.3370794355869293,0.3796033561229706,audio,vision,0,0.4444444477558136,0.14705882966518402,0.125,0.5407398343086243,0.45926016569137573,0.0029264504555612803,0.9876728653907776,0.009400705806910992,0.4612536132335663,0.2602198123931885,0.27852657437324524,audio,text,0,0.07319644838571548,1.0632610321044922,0.48496872186660767,0.09610957652330399,0.23404762148857117,-0.17753015458583832,-0.5691081881523132,0.3915780186653137,0.38001783116169435,0.6199821688383056,1
572,vyB00TXsimI$_$19,1.2000000476837158,1.254729986190796,0.001583604607731104,0.9839828014373779,0.014433571137487888,1.6596457958221436,1.5409305095672607,1.6600661277770996,0.45964574813842773,0.3409304618835449,0.4600660800933838,0.3165113031864166,0.3671436309814453,0.31634509563446045,audio,audio,1,0.4285714328289032,0.1111111119389534,0.5454545617103577,0.5559478998184204,0.4440521001815796,0.001583604607731104,0.9839828014373779,0.014433571137487888,0.33046823740005493,0.18645957112312317,0.48307228088378906,audio,vision,0,0.08727172017097473,1.0305538177490234,0.5316822528839111,0.056062258780002594,0.11913561820983887,1.4507501125335693,1.0981628894805908,0.3525872230529785,0.45359861764207443,0.5464013823579256,1
24,c7UH_rxdZv4$_$14,1.2000000476837158,0.5948076248168945,0.0008374819881282747,0.9939680099487305,0.005194495432078838,1.1575508117675781,1.064709186553955,1.1461127996444702,0.042449235916137695,0.13529086112976074,0.053887248039245605,0.34767696261405945,0.3095816373825073,0.3427414298057556,audio,text,0,0.375,0.3333333432674408,0.27586206793785095,0.535305917263031,0.464694082736969,0.0008374819881282747,0.9939680099487305,0.005194495432078838,0.3454200327396393,0.32919126749038696,0.32538866996765137,audio,text,1,0.03927124664187431,1.0982744693756104,0.443184494972229,0.04133462905883789,0.09284162521362305,0.7831827998161316,0.43128085136413574,0.35190194845199585,0.608229825707639,0.3917701742923611,0
327,k5Y_838nuGo$_$17,0.800000011920929,0.16647276282310486,0.000878405524417758,0.994316041469574,0.004805509466677904,0.7684230804443359,0.6634973287582397,0.7380895614624023,0.03157693147659302,0.1365026831626892,0.06191045045852661,0.35212841629981995,0.30884477496147156,0.3390267789363861,audio,text,0,0.25,0.2631579041481018,0.125,0.5217534303665161,0.4782465696334839,0.000878405524417758,0.994316041469574,0.004805509466677904,0.33619454503059387,0.3616292476654053,0.30217620730400085,audio,audio,0,0.03750121593475342,1.0959279537200928,0.4217912554740906,0.04408771172165871,0.10492575168609619,0.3840373158454895,-0.03294996917247772,0.4169872999191284,0.6274362963240482,0.37256370367595176,0
119,d3_k5Xpfmik$_$9,1.399999976158142,-0.11124584078788757,0.0010637331288307905,0.9939401149749756,0.004996195435523987,0.6169201135635376,0.45066946744918823,0.5997796654701233,0.7830798625946045,0.9493305087089539,0.8002203106880188,0.35827383399009705,0.2910469174385071,0.35067927837371826,audio,text,0,0.3636363744735718,0.28125,0.15789473056793213,0.5362818837165833,0.46371811628341675,0.0010637331288307905,0.9939401149749756,0.004996195435523987,0.37692171335220337,0.3358917534351349,0.28718656301498413,audio,text,1,0.03979898616671562,1.0925164222717285,0.438698947429657,0.07465992867946625,0.16625064611434937,0.14373621344566345,-0.3317265510559082,0.47546276450157166,0.6443576769424919,0.35564232305750804,0
474,tIrG4oNLFzE$_$15,-2.0,1.0451772212982178,0.0010088193230330944,0.9932212829589844,0.005769847892224789,1.4012585878372192,1.3066840171813965,1.399427890777588,3.4012584686279297,3.3066840171813965,3.399427890777588,0.3197155296802521,0.3598364591598511,0.32044798135757446,audio,audio,1,0.2916666567325592,0.18309858441352844,0.1666666716337204,0.5173971056938171,0.48260289430618286,0.0010088193230330944,0.9932212829589844,0.005769847892224789,0.3663167655467987,0.3058716356754303,0.327811598777771,audio,text,0,0.0434596873819828,1.0958220958709717,0.458233118057251,0.04415768012404442,0.09457457065582275,1.1313623189926147,0.9647879004478455,0.1665744185447693,0.4481327498905607,0.5518672501094393,1
645,yvsjCA6Y5Fc$_$15,-2.0,0.3025275766849518,0.0010333893587812781,0.9920514822006226,0.0069150724448263645,0.9140967130661011,0.812105655670166,0.8941546082496643,2.9140968322753906,2.812105655670166,2.8941545486450195,0.31633424758911133,0.3593469560146332,0.32431885600090027,audio,audio,1,0.2857142984867096,0.14035087823867798,0.23529411852359772,0.5292820930480957,0.4707179069519043,0.0010333893587812781,0.9920514822006226,0.0069150724448263645,0.35500308871269226,0.27586624026298523,0.3691307008266449,audio,vision,0,0.04941721260547638,1.0908000469207764,0.47745686769485474,0.044136032462120056,0.10199105739593506,0.5289106965065002,0.1011933833360672,0.42771732807159424,0.3694337862922715,0.6305662137077285,1
423,pLTX3ipuDJI$_$7,0.800000011920929,-0.6642488241195679,0.0012241493677720428,0.9919772744178772,0.006798553746193647,-0.2840955853462219,-0.3527181148529053,-0.14999602735042572,1.0840955972671509,1.1527180671691895,0.9499960541725159,0.3225504457950592,0.29603609442710876,0.38141342997550964,audio,vision,0,0.3571428656578064,0.1666666716337204,0.2199999988079071,0.5359967947006226,0.46400320529937744,0.0012241493677720428,0.9919772744178772,0.006798553746193647,0.3874133229255676,0.2744103968143463,0.3381762206554413,audio,text,0,0.050130873918533325,1.088864803314209,0.47837790846824646,0.08418761193752289,0.20272208750247955,-0.4872293472290039,-0.8174915909767151,0.3302622437477112,0.601765739141584,0.39823426085841584,0
328,k5Y_838nuGo$_$16,0.25,0.37411636114120483,0.0016994727775454521,0.9923337697982788,0.005966746248304844,0.9457159042358398,0.8559212684631348,0.898383378982544,0.6957159042358398,0.6059212684631348,0.648383378982544,0.31449151039123535,0.35184842348098755,0.3336600661277771,audio,audio,1,0.5,0.31578946113586426,0.1818181872367859,0.5397676229476929,0.46023237705230713,0.0016994727775454521,0.9923337697982788,0.005966746248304844,0.43135422468185425,0.3069690465927124,0.26167672872543335,audio,text,0,0.04903404414653778,1.0760424137115479,0.45690983533859253,0.03667647764086723,0.08979463577270508,0.5676482915878296,0.2091015726327896,0.35854673385620117,0.41436795335953464,0.5856320466404653,1
331,k5Y_838nuGo$_$31,-1.0,0.10234972834587097,0.002513719955459237,0.9873273968696594,0.010158943012356758,0.8626688718795776,0.702634334564209,0.7872890830039978,1.8626688718795776,1.702634334564209,1.7872891426086426,0.30118101835250854,0.3678792119026184,0.33093971014022827,audio,audio,1,0.38461539149284363,0.17391304671764374,0.18518517911434174,0.5357168316841125,0.46428316831588745,0.002513719955459237,0.9873273968696594,0.010158943012356758,0.409364253282547,0.2769217789173126,0.3137139678001404,audio,text,0,0.07426250725984573,1.0848771333694458,0.4736037254333496,0.06537038087844849,0.16003453731536865,0.3091638684272766,-0.07688736915588379,0.3860512375831604,0.3816468459464895,0.6183531540535104,1
303,k5Y_838nuGo$_$25,-0.20000000298023224,0.605384111404419,0.0011148466728627682,0.9917056560516357,0.007179539185017347,1.1409540176391602,1.0545352697372437,1.122922420501709,1.340954065322876,1.2545353174209595,1.3229224681854248,0.31878918409347534,0.35515469312667847,0.3260561227798462,audio,audio,1,0.2857142984867096,0.21276596188545227,0.24561403691768646,0.526074230670929,0.47392576932907104,0.0011148466728627682,0.9917056560516357,0.007179539185017347,0.33860522508621216,0.3024303913116455,0.3589644134044647,audio,vision,0,0.051281653344631195,1.0961308479309082,0.45951685309410095,0.03722326457500458,0.0864187479019165,0.7666597962379456,0.4600953459739685,0.30656445026397705,0.40535398753195334,0.5946460124680466,1
271,iiK8YX8oH1E$_$7,-1.600000023841858,-1.4029541015625,0.000747834041249007,0.9942620992660522,0.004990124609321356,-1.0483381748199463,-0.925727128982544,-0.8505919575691223,0.5516618490219116,0.674272894859314,0.7494080662727356,0.37894558906555176,0.3250986933708191,0.29595571756362915,audio,text,0,0.27272728085517883,0.2750000059604645,0.21276596188545227,0.5290312767028809,0.47096872329711914,0.000747834041249007,0.9942620992660522,0.004990124609321356,0.32519668340682983,0.3417738378047943,0.33302950859069824,audio,audio,0,0.03755367547273636,1.0984060764312744,0.4349921643733978,0.08150141686201096,0.19774621725082397,-1.24421226978302,-1.5442736148834229,0.30006134510040283,0.4073148883041477,0.5926851116958523,1
386,nzpVDcQ0ywM$_$8,2.0,-0.8603300452232361,0.0008513754000887275,0.9939079284667969,0.005240634549409151,-0.5454374551773071,-0.5455073118209839,-0.5095267295837402,2.5454373359680176,2.5455074310302734,2.5095267295837402,0.32831844687461853,0.32828962802886963,0.34339189529418945,audio,vision,0,0.2142857164144516,0.30000001192092896,0.15000000596046448,0.5148729085922241,0.4851270914077759,0.0008513754000887275,0.9939079284667969,0.005240634549409151,0.30886510014533997,0.3788222670555115,0.31231263279914856,audio,audio,0,0.03961174935102463,1.0940425395965576,0.4100571572780609,0.016944967210292816,0.03598058223724365,-0.7197098731994629,-0.9928261637687683,0.2731162905693054,0.5845294334732978,0.41547056652670217,0
77,cXypl4FnoZo$_$20,-1.0,0.5172976851463318,0.001020481693558395,0.9920701384544373,0.006909404415637255,1.11376953125,1.0167551040649414,1.1017214059829712,2.11376953125,2.0167551040649414,2.1017212867736816,0.3180558383464813,0.35906198620796204,0.32288214564323425,audio,audio,1,0.3125,0.20338982343673706,0.27142858505249023,0.5326153635978699,0.4673846364021301,0.001020481693558395,0.9920701384544373,0.006909404415637255,0.34634721279144287,0.2876356542110443,0.36601722240448,audio,vision,0,0.04930026829242706,1.0935227870941162,0.46962302923202515,0.04317433387041092,0.0970144271850586,0.7256274223327637,0.3344826102256775,0.3911448121070862,0.38014542548590446,0.6198545745140955,1
47,cM3Yna7AavY$_$9,-0.20000000298023224,0.5754817724227905,0.0017355107702314854,0.9889996647834778,0.009264796040952206,1.1916759014129639,1.0980606079101562,1.155096411705017,1.3916759490966797,1.298060655593872,1.355096459388733,0.31536516547203064,0.3545149564743042,0.3301198482513428,audio,audio,1,0.3888888955116272,0.232876718044281,0.28735631704330444,0.5337782502174377,0.46622174978256226,0.0017355107702314854,0.9889996647834778,0.009264796040952206,0.3730522096157074,0.2790885269641876,0.347859263420105,audio,text,0,0.06534473598003387,1.0913478136062622,0.4732740819454193,0.03852120414376259,0.09361529350280762,0.7173325419425964,0.45158398151397705,0.2657485604286194,0.41770890377936576,0.5822910962206342,1
233,f_pcplsH_V0$_$14,-1.0,-0.580554723739624,0.0008387546986341476,0.9924243688583374,0.006736881099641323,-0.20771875977516174,-0.2863527238368988,-0.08593793213367462,0.7922812700271606,0.7136472463607788,0.9140620827674866,0.3376006484031677,0.37246987223625183,0.28992947936058044,audio,audio,1,0.20000000298023224,0.23655913770198822,0.2589285671710968,0.5307328701019287,0.4692671298980713,0.0008387546986341476,0.9924243688583374,0.006736881099641323,0.29436567425727844,0.326457142829895,0.37917718291282654,audio,vision,0,0.04717371240258217,1.0931516885757446,0.4439781606197357,0.08244860917329788,0.20041479170322418,-0.4199628233909607,-0.7225480675697327,0.302585244178772,0.4065534951507468,0.5934465048492532,1
580,wMbj6ajWbic$_$22,1.399999976158142,0.42152345180511475,0.0005276834708638489,0.9945781230926514,0.004894217476248741,0.9693483114242554,0.8692617416381836,0.9616286158561707,0.4306516647338867,0.5307382345199585,0.43837136030197144,0.348092645406723,0.3071574568748474,0.3447498381137848,audio,text,0,0.13636364042758942,0.24137930572032928,0.22413793206214905,0.5202759504318237,0.47972404956817627,0.0005276834708638489,0.9945781230926514,0.004894217476248741,0.2720952033996582,0.3531765639781952,0.3747282028198242,audio,vision,0,0.0354253388941288,1.0895576477050781,0.42760103940963745,0.04547104611992836,0.10008656978607178,0.6004476547241211,0.25654512643814087,0.3439025282859802,0.6058445738748799,0.39415542612512006,0
97,cXypl4FnoZo$_$14,-0.6000000238418579,-0.8594842553138733,0.0012282438110560179,0.9923432469367981,0.006428529042750597,-0.5126439332962036,-0.5150198936462402,-0.3707537055015564,0.0873560905456543,0.08498013019561768,0.2292463183403015,0.3520568311214447,0.35310399532318115,0.29483914375305176,audio,audio,1,0.3103448152542114,0.1621621549129486,0.15730337798595428,0.5264309644699097,0.47356903553009033,0.0012282438110560179,0.9923432469367981,0.006428529042750597,0.3829903304576874,0.29375386238098145,0.3232558071613312,audio,text,0,0.04830409213900566,1.092482089996338,0.46572622656822205,0.06745468825101852,0.14426618814468384,-0.6875208616256714,-1.0141798257827759,0.3266589641571045,0.600685866772445,0.39931413322755505,0
285,jUzDDGyPkXU$_$2,2.5999999046325684,1.09092116355896,0.0017862343229353428,0.9935053586959839,0.004708421882241964,1.5405511856079102,1.4075119495391846,1.5472352504730225,1.0594487190246582,1.1924879550933838,1.052764654159546,0.35024023056030273,0.296580970287323,0.35317879915237427,audio,vision,0,0.6666666865348816,0.2800000011920929,0.16129031777381897,0.5486965179443359,0.45130348205566406,0.0017862343229353428,0.9935053586959839,0.004708421882241964,0.5242697596549988,0.2556767761707306,0.22005343437194824,audio,text,0,0.04300576075911522,1.020384669303894,0.4918857514858246,0.06434863060712814,0.1397233009338379,1.2542810440063477,0.95655757188797,0.2977234721183777,0.5919794402145282,0.4080205597854717,0
274,iiK8YX8oH1E$_$8,-1.0,0.6184651851654053,0.001194857293739915,0.9903472661972046,0.008457896299660206,1.150289535522461,1.0141984224319458,1.1166950464248657,2.150289535522461,2.0141983032226562,2.116694927215576,0.30975788831710815,0.3671994209289551,0.3230426609516144,audio,audio,1,0.25,0.15625,0.2631579041481018,0.5292272567749023,0.47077274322509766,0.001194857293739915,0.9903472661972046,0.008457896299660206,0.326686829328537,0.28619611263275146,0.3871171176433563,audio,vision,0,0.058013658970594406,1.0909206867218018,0.46943411231040955,0.05788389965891838,0.13609111309051514,0.7865092754364014,0.4689820408821106,0.31752723455429077,0.40205520148562107,0.5979447985143789,1
411,pLTX3ipuDJI$_$11,0.6000000238418579,-0.615851879119873,0.0012543810298666358,0.9917507767677307,0.0069947876036167145,-0.26108068227767944,-0.3393383026123047,-0.19745130836963654,0.8610807061195374,0.9393383264541626,0.7974513173103333,0.3344934284687042,0.30332204699516296,0.3621845245361328,audio,vision,0,0.29411765933036804,0.1489361673593521,0.17543859779834747,0.5259078145027161,0.47409218549728394,0.0012543810298666358,0.9917507767677307,0.0069947876036167145,0.3729361295700073,0.2888312339782715,0.3382326066493988,audio,text,0,0.05130800977349281,1.0931994915008545,0.4686130881309509,0.05802765116095543,0.14188699424266815,-0.4365237355232239,-0.7775115370750427,0.34098780155181885,0.6049742044617956,0.3950257955382044,0
636,yvsjCA6Y5Fc$_$4,-0.20000000298023224,-1.251704454421997,0.0007683139992877841,0.9941580295562744,0.005073623266071081,-0.9984830617904663,-0.9133883714675903,-0.7686532735824585,0.7984830737113953,0.7133883833885193,0.5686532855033875,0.2902725040912628,0.3228502571582794,0.38687726855278015,audio,vision,0,0.2631579041481018,0.19298245012760162,0.19117647409439087,0.5295183062553406,0.4704816937446594,0.0007683139992877841,0.9941580295562744,0.005073623266071081,0.34460902214050293,0.31203407049179077,0.3433568775653839,audio,text,0,0.03814217448234558,1.097579002380371,0.45474931597709656,0.09487482160329819,0.2298297882080078,-1.0675394535064697,-1.4153366088867188,0.347797155380249,0.6070065040824069,0.3929934959175932,0
649,yvsjCA6Y5Fc$_$19,-1.600000023841858,-0.4468492865562439,0.0008088263566605747,0.9931742548942566,0.00601687328889966,-0.10395106673240662,-0.22427883744239807,-0.0345318466424942,1.496048927307129,1.3757212162017822,1.565468192100525,0.3247602880001068,0.3774721622467041,0.2977675497531891,audio,audio,1,0.1818181872367859,0.18867924809455872,0.18518517911434174,0.5232476592063904,0.4767523407936096,0.0008088263566605747,0.9931742548942566,0.00601687328889966,0.31150826811790466,0.3278983235359192,0.36059343814849854,audio,vision,0,0.04332656040787697,1.0967516899108887,0.4435172975063324,0.07838772237300873,0.18974699079990387,-0.27655118703842163,-0.6020148396492004,0.3254636526107788,0.3996725748892942,0.6003274251107058,1
683,zhpQhgha_KU$_$34,1.2000000476837158,0.12390097975730896,0.002670590067282319,0.9841117858886719,0.013217630796134472,0.9147279262542725,0.7656487226486206,0.8684763312339783,0.28527212142944336,0.4343513250350952,0.33152371644973755,0.3605150878429413,0.2992217242717743,0.3402631878852844,audio,text,0,0.5,0.1111111119389534,0.3636363744735718,0.5524216294288635,0.4475783705711365,0.002670590067282319,0.9841117858886719,0.013217630796134472,0.4256803095340729,0.20298968255519867,0.3713299334049225,audio,text,1,0.08876793086528778,1.055109977722168,0.5207480788230896,0.06230511888861656,0.14907920360565186,0.40106678009033203,-0.10066194832324982,0.5017287135124207,0.651845428882638,0.348154571117362,0
674,zhpQhgha_KU$_$15,-2.0,-0.5163005590438843,0.0010589838493615389,0.9923993945121765,0.006541651673614979,-0.12942585349082947,-0.2412959635257721,-0.06256429851055145,1.8705741167068481,1.7587040662765503,1.9374357461929321,0.32574278116226196,0.37463250756263733,0.2996247410774231,audio,audio,1,0.2432432472705841,0.17894737422466278,0.17204301059246063,0.5234277844429016,0.4765722155570984,0.0010589838493615389,0.9923993945121765,0.006541651673614979,0.3444896638393402,0.31263697147369385,0.34287339448928833,audio,text,0,0.0477278046309948,1.0976362228393555,0.4531749486923218,0.07373405992984772,0.17873166501522064,-0.3464272618293762,-0.6709672808647156,0.32454001903533936,0.3999496212930707,0.6000503787069292,1
526,v0zCBqDeKcE$_$13,1.7999999523162842,0.4542551636695862,0.000861931242980063,0.9928217530250549,0.006316336803138256,1.0589098930358887,0.9617400169372559,1.0584288835525513,0.7410900592803955,0.8382599353790283,0.7415710687637329,0.34661760926246643,0.30697306990623474,0.34640929102897644,audio,text,0,0.20000000298023224,0.19736842811107635,0.20652173459529877,0.522369384765625,0.477630615234375,0.000861931242980063,0.9928217530250549,0.006316336803138256,0.3135576844215393,0.32202449440956116,0.36441776156425476,audio,vision,0,0.04522429406642914,1.0964133739471436,0.44719815254211426,0.04569333791732788,0.09716987609863281,0.6478362083435059,0.27725350856781006,0.3705826997756958,0.6137797563702116,0.38622024362978835,0
578,wMbj6ajWbic$_$20,-0.4000000059604645,1.0579440593719482,0.0010067545808851719,0.9945882558822632,0.0044050016440451145,1.4101946353912354,1.334855318069458,1.405691146850586,1.8101946115493774,1.7348552942276,1.805691123008728,0.32212382555007935,0.3539339303970337,0.32394227385520935,audio,audio,1,0.4000000059604645,0.2142857164144516,0.11764705926179886,0.523135244846344,0.476864755153656,0.0010067545808851719,0.9945882558822632,0.0044050016440451145,0.42038577795028687,0.3038540780544281,0.27576011419296265,audio,text,0,0.03624189272522926,1.0814930200576782,0.4604894518852234,0.03450283408164978,0.07533931732177734,1.167386770248413,0.9581813812255859,0.20920538902282715,0.4349933551845162,0.5650066448154838,1
607,yDtzw_Y-7RU$_$22,2.0,0.0224742591381073,0.001732968376018107,0.9923392534255981,0.00592779740691185,0.8203651905059814,0.6711045503616333,0.8012307286262512,1.1796348094940186,1.3288954496383667,1.1987693309783936,0.35635873675346375,0.2957049012184143,0.34793639183044434,audio,text,0,0.5714285969734192,0.25,0.21052631735801697,0.5537532567977905,0.4462467432022095,0.001732968376018107,0.9923392534255981,0.00592779740691185,0.4733104407787323,0.2619243860244751,0.2647651135921478,audio,text,1,0.04904773458838463,1.0567874908447266,0.48694321513175964,0.06631379574537277,0.14926064014434814,0.3062642812728882,-0.206220343708992,0.512484610080719,0.6548903854400754,0.3451096145599246,0
431,phBUpBr1hSo$_$15,-2.200000047683716,-0.23466211557388306,0.0007442088099196553,0.9939917922019958,0.005263986065983772,0.4571128487586975,0.2600228786468506,0.4975206255912781,2.6571128368377686,2.4600229263305664,2.6975207328796387,0.30958718061447144,0.39607444405555725,0.2943383753299713,audio,audio,1,0.23999999463558197,0.18633539974689484,0.19072164595127106,0.5312491059303284,0.46875089406967163,0.0007442088099196553,0.9939917922019958,0.005263986065983772,0.335421085357666,0.3142629861831665,0.3503158688545227,audio,vision,0,0.0389702133834362,1.0976240634918213,0.45315250754356384,0.10375314205884933,0.2374977469444275,-0.017912250012159348,-0.42591267824172974,0.4080004394054413,0.3751934000478193,0.6248065999521807,1
346,lXPQBPVc5Cw$_$5,-1.0,-0.3540859818458557,0.0022245151922106743,0.987551748752594,0.010223796591162682,0.33356112241744995,0.22675946354866028,0.16513754427433014,1.3335611820220947,1.226759433746338,1.165137529373169,0.2961071729660034,0.3383983075618744,0.36549443006515503,audio,vision,0,0.3571428656578064,0.1315789520740509,0.19565217196941376,0.5342667102813721,0.46573328971862793,0.0022245151922106743,0.987551748752594,0.010223796591162682,0.40377339720726013,0.26232993602752686,0.3338966965675354,audio,text,0,0.07281428575515747,1.0834792852401733,0.48348116874694824,0.0695783793926239,0.1684235781431198,-0.14889638125896454,-0.532954752445221,0.3840583562850952,0.38223489599674054,0.6177651040032595,1
370,nbWiPyCm4g0$_$6,0.0,-0.748836100101471,0.003743743756785989,0.9832595586776733,0.012996713630855083,-0.4292403757572174,-0.3316011428833008,-1.0743061304092407,0.4292403757572174,0.3316011428833008,1.0743061304092407,0.38815319538116455,0.43853920698165894,0.17330758273601532,audio,audio,1,0.4166666567325592,0.2222222238779068,0.1860465109348297,0.5682899951934814,0.43171000480651855,0.003743743756785989,0.9832595586776733,0.012996713630855083,0.4134925305843353,0.2854323983192444,0.3010751008987427,audio,text,0,0.09396380186080933,1.0844318866729736,0.4652181565761566,0.3295205235481262,0.7427049875259399,-0.5982615351676941,-0.8632223606109619,0.2649608254432678,0.5820515776528605,0.41794842234713947,0
426,pLTX3ipuDJI$_$8,-2.0,-0.578406035900116,0.0008581206202507019,0.9934121966362,0.00572966318577528,-0.2215592861175537,-0.31241336464881897,-0.08958382904529572,1.7784407138824463,1.6875866651535034,1.9104161262512207,0.33690598607063293,0.37742480635643005,0.2856692373752594,audio,audio,1,0.25925925374031067,0.19354838132858276,0.20270270109176636,0.5298657417297363,0.47013425827026367,0.0008581206202507019,0.9934121966362,0.00572966318577528,0.34030696749687195,0.3101588785648346,0.34953412413597107,audio,vision,0,0.04220211133360863,1.097327470779419,0.4555022120475769,0.0914846658706665,0.22282953560352325,-0.3970964550971985,-0.739276647567749,0.34218019247055054,0.3946696537292688,0.6053303462707311,1
235,f_pcplsH_V0$_$3,0.800000011920929,-0.809090256690979,0.0015626974636688828,0.9925529360771179,0.005884361453354359,-0.4047600328922272,-0.4524984061717987,-0.34311777353286743,1.2047600746154785,1.2524983882904053,1.1431177854537964,0.33088788390159607,0.31172043085098267,0.35739174485206604,audio,vision,0,0.4545454680919647,0.2380952388048172,0.14473684132099152,0.5341805219650269,0.46581947803497314,0.0015626974636688828,0.9925529360771179,0.005884361453354359,0.4380299746990204,0.29189127683639526,0.27007874846458435,audio,text,0,0.04773525521159172,1.0745513439178467,0.46710777282714844,0.04477454349398613,0.10938063263893127,-0.6377890706062317,-0.9584693312644958,0.32068026065826416,0.5988919428737314,0.4011080571262687,0
660,zhpQhgha_KU$_$29,-1.2000000476837158,-0.7440673112869263,0.0016732774674892426,0.9905038475990295,0.007822818122804165,-0.3652050793170929,-0.4091596305370331,-0.49964427947998047,0.8347949981689453,0.7908403873443604,0.7003557682037354,0.30869197845458984,0.3261270821094513,0.36518093943595886,audio,vision,0,0.3571428656578064,0.2916666567325592,0.20000000298023224,0.5311951041221619,0.46880489587783813,0.0016732774674892426,0.9905038475990295,0.007822818122804165,0.3654892146587372,0.3283065855503082,0.3062041997909546,audio,text,0,0.058094337582588196,1.095935583114624,0.4414648711681366,0.05596960335969925,0.13443920016288757,-0.5779189467430115,-0.890701174736023,0.3127822279930115,0.40348194104889057,0.5965180589511093,1
