index,id,y_true,y_pred,w_text,w_audio,w_vision,pred_text_center,pred_audio_center,pred_vision_center,err_text_center,err_audio_center,err_vision_center,oracle_w_text,oracle_w_audio,oracle_w_vision,router_selected_anchor,oracle_selected_anchor,router_oracle_match,availability_text,availability_audio,availability_vision,g_task,g_rel,w_rel_text,w_rel_audio,w_rel_vision,w_task_text,w_task_audio,w_task_vision,router_rel_selected_anchor,router_task_selected_anchor,task_router_oracle_match,entropy_rel,entropy_task,router_disagreement,pred_std,pred_range,pred_rel,pred_task,abs_pred_rel_task,oracle_gate_rel,oracle_gate_task,gate_oracle_match
635,yvsjCA6Y5Fc$_$5,0.4000000059604645,-0.8457976579666138,0.0029832699801772833,0.9934096336364746,0.0036070947535336018,-0.7472092509269714,-0.6226743459701538,-0.8303864002227783,1.1472092866897583,1.022674322128296,1.2303863763809204,0.32576578855514526,0.3806374669075012,0.2935968041419983,audio,audio,1,0.625,0.4375,0.4444444477558136,0.44574305415153503,0.5542569160461426,0.0029832699801772833,0.9934096336364746,0.0036070947535336018,0.3332710564136505,0.32207557559013367,0.3446533679962158,audio,vision,0,0.04420488327741623,1.0982298851013184,0.4475560188293457,0.08535657078027725,0.2077120542526245,-0.6580092310905457,-1.079302191734314,0.4212929606437683,0.6286935493378337,0.37130645066216617,1
80,cXypl4FnoZo$_$23,0.4000000059604645,0.05955924838781357,0.004107944667339325,0.9904419779777527,0.005450026132166386,0.750202476978302,0.2270033061504364,0.41656872630119324,0.3502024710178375,0.17299669981002808,0.01656872034072876,0.26557445526123047,0.331425279378891,0.4030003249645233,audio,vision,0,0.5714285969734192,0.20000000298023224,0.4166666567325592,0.43834325671195984,0.5616567134857178,0.004107944667339325,0.9904419779777527,0.005450026132166386,0.3608514368534088,0.2450251430273056,0.3941233456134796,audio,vision,1,0.060490917414426804,1.0793787240982056,0.49694451689720154,0.2162775695323944,0.523199200630188,0.051703330129384995,0.06962517648935318,0.017921846359968185,0.49439965722780704,0.505600342772193,0
479,tIrG4oNLFzE$_$1,2.799999952316284,0.7742930054664612,0.0034181007649749517,0.9929134249687195,0.003668461460620165,1.599155068397522,1.0724902153015137,1.1125688552856445,1.2008448839187622,1.7275097370147705,1.6874310970306396,0.48495981097221375,0.2510707974433899,0.26396942138671875,audio,text,0,0.75,0.47560974955558777,0.5204081535339355,0.47768595814704895,0.5223140716552734,0.0034181007649749517,0.9929134249687195,0.003668461460620165,0.36773180961608887,0.2937961220741272,0.33847206830978394,audio,text,1,0.04704432189464569,1.0944126844406128,0.4660782217979431,0.23938538134098053,0.5266648530960083,0.7178025245666504,0.8360611796379089,0.11825865507125854,0.463111319307264,0.536888680692736,0
539,v0zCBqDeKcE$_$8,1.7999999523162842,0.4159756004810333,0.0013832468539476395,0.9962512850761414,0.0023655027616769075,1.026916742324829,0.725826621055603,0.7450506687164307,0.7730832099914551,1.0741733312606812,1.0549492835998535,0.4185151755809784,0.28724926710128784,0.29423555731773376,audio,text,0,0.5333333611488342,0.5208333134651184,0.52173912525177,0.4523773193359375,0.5476226806640625,0.0013832468539476395,0.9962512850761414,0.0023655027616769075,0.2611158788204193,0.35708343982696533,0.38180074095726013,audio,vision,0,0.02715165726840496,1.0859627723693848,0.42611193656921387,0.13762804865837097,0.3010901212692261,0.3470926582813263,0.49936142563819885,0.15226876735687256,0.4525591468534288,0.5474408531465713,0
82,cXypl4FnoZo$_$29,-1.399999976158142,0.08627733588218689,0.0022328924387693405,0.9949253797531128,0.002841732231900096,0.7149304151535034,0.4205135107040405,0.5206351280212402,2.1149303913116455,1.8205134868621826,1.9206351041793823,0.2688335180282593,0.3884301781654358,0.3427363634109497,audio,audio,1,0.7142857313156128,0.4000000059604645,0.5454545617103577,0.4520490765571594,0.5479509234428406,0.0022328924387693405,0.9949253797531128,0.002841732231900096,0.3530685007572174,0.2674332559108734,0.37949827313423157,audio,vision,0,0.03535434603691101,1.0879888534545898,0.4849947392940521,0.12222761660814285,0.2944169044494629,0.034356046468019485,0.14921368658542633,0.11485764384269714,0.5358314843376192,0.4641685156623809,1
56,cW1FSBF59ik$_$2,3.0,0.8173232674598694,0.0017423921963199973,0.9959995746612549,0.0022580476943403482,1.6299530267715454,1.0857560634613037,1.1404443979263306,1.3700469732284546,1.9142439365386963,1.8595556020736694,0.48808595538139343,0.2472117841243744,0.26470229029655457,audio,text,0,0.6666666865348816,0.5046728849411011,0.5116279125213623,0.4761159420013428,0.5238840579986572,0.0017423921963199973,0.9959995746612549,0.0022580476943403482,0.3213794529438019,0.3251432180404663,0.3534773588180542,audio,vision,0,0.028819791972637177,1.0976970195770264,0.4472375810146332,0.24466754496097565,0.5441969633102417,0.747885525226593,0.8937276601791382,0.14584213495254517,0.45455013755028656,0.5454498624497135,0
168,dq3Nf_lMPnE$_$15,1.0,0.35516050457954407,0.0010089511051774025,0.9968585968017578,0.0021324376575648785,0.9267704486846924,0.6363332271575928,0.6630911827087402,0.07322955131530762,0.3636667728424072,0.33690881729125977,0.41411876678466797,0.28804200887680054,0.2978392243385315,audio,text,0,0.4117647111415863,0.5423728823661804,0.5,0.4454394280910492,0.5545605421066284,0.0010089511051774025,0.9968585968017578,0.0021324376575648785,0.21626661717891693,0.3952729105949402,0.3884604871273041,audio,audio,0,0.023212576285004616,1.0653549432754517,0.4010571241378784,0.1310625523328781,0.2904372215270996,0.2908710837364197,0.43519917130470276,0.14432808756828308,0.45501940814217,0.54498059185783,0
494,tStelxIAHjw$_$16,0.800000011920929,0.7871786952018738,0.0030223121866583824,0.9948192238807678,0.002158472780138254,1.7226669788360596,1.1348333358764648,1.182839035987854,0.9226669669151306,0.3348333239555359,0.38283902406692505,0.1980723887681961,0.4129905104637146,0.3889370858669281,audio,audio,1,1.0,0.5555555820465088,0.5454545617103577,0.5156198740005493,0.4843801259994507,0.0030223121866583824,0.9948192238807678,0.002158472780138254,0.4582976698875427,0.26412737369537354,0.27757498621940613,audio,text,0,0.03595143184065819,1.0649774074554443,0.48712795972824097,0.2665139436721802,0.5878336429595947,0.7128398418426514,0.8570136427879333,0.14417380094528198,0.4905803211490526,0.5094196788509474,1
106,d3_k5Xpfmik$_$15,2.5999999046325684,0.24069802463054657,0.0017625826876610518,0.9945850968360901,0.0036522953305393457,0.8703802227973938,0.3928121328353882,0.514815092086792,1.7296197414398193,2.2071876525878906,2.0851848125457764,0.4562760591506958,0.2511720657348633,0.29255178570747375,audio,text,0,0.48571428656578064,0.53125,0.5526315569877625,0.46756166219711304,0.532438337802887,0.0017625826876610518,0.9945850968360901,0.0036522953305393457,0.23582328855991364,0.3654392659664154,0.3987374007701874,audio,vision,0,0.037074826657772064,1.0751787424087524,0.41943058371543884,0.2025894969701767,0.4775680899620056,0.1851540207862854,0.3039490580558777,0.11879503726959229,0.46294461636879874,0.5370553836312012,0
572,vyB00TXsimI$_$19,1.2000000476837158,0.8770422339439392,0.002297748811542988,0.9946123361587524,0.0030899709090590477,2.002545118331909,0.973508358001709,1.247093677520752,0.8025450706481934,0.22649168968200684,0.04709362983703613,0.17775818705558777,0.3652167022228241,0.4570251405239105,audio,vision,0,0.7142857313156128,0.3333333432674408,0.5454545617103577,0.5197585225105286,0.48024147748947144,0.002297748811542988,0.9946123361587524,0.0030899709090590477,0.36128732562065125,0.24421477317810059,0.39449790120124817,audio,vision,1,0.03719260171055794,1.079030156135559,0.5002650618553162,0.4351848363876343,1.0290367603302002,0.7614288926124573,0.98386549949646,0.22243660688400269,0.43093294934659077,0.5690670506534092,1
626,yDtzw_Y-7RU$_$19,-1.600000023841858,-0.19052793085575104,0.004133155103772879,0.9900128841400146,0.005853957496583462,0.4463942348957062,0.3380928039550781,0.315996915102005,2.0463943481445312,1.938092827796936,1.9159969091415405,0.3010233938694,0.3446621894836426,0.3543144166469574,audio,vision,0,0.5555555820465088,0.3333333432674408,0.4642857015132904,0.4223078489303589,0.5776921510696411,0.004133155103772879,0.9900128841400146,0.005853957496583462,0.3270675837993622,0.2844293415546417,0.3885030746459961,audio,vision,1,0.06271583586931229,1.09044349193573,0.47038906812667847,0.056980397552251816,0.13039731979370117,-0.128898024559021,-0.274834007024765,0.14593598246574402,0.45452105268235343,0.5454789473176465,0
44,cM3Yna7AavY$_$4,0.6000000238418579,0.06868377327919006,0.00316750374622643,0.9918397665023804,0.004992653615772724,0.7289329767227173,0.5415576696395874,0.5047469139099121,0.12893295288085938,0.05844235420227051,0.0952531099319458,0.3189680278301239,0.3483487665653229,0.3326832354068756,audio,audio,1,0.4642857015132904,0.449438214302063,0.4375,0.4248453974723816,0.5751546025276184,0.00316750374622643,0.9918397665023804,0.004992653615772724,0.2786354124546051,0.35675764083862305,0.36460697650909424,audio,vision,0,0.05281522125005722,1.0916290283203125,0.42338812351226807,0.09816308319568634,0.22418606281280518,0.09205815941095352,0.037039585411548615,0.05501857399940491,0.5171865309014009,0.48281346909859896,1
233,f_pcplsH_V0$_$14,-1.0,-0.08531290292739868,0.002072019735351205,0.9938347339630127,0.00409321952611208,0.4166644811630249,0.33584529161453247,0.3219273090362549,1.416664481163025,1.3358452320098877,1.3219273090362549,0.3094038665294647,0.34229451417922974,0.34830164909362793,audio,vision,0,0.5,0.47311827540397644,0.5714285969734192,0.43567025661468506,0.5643297433853149,0.002072019735351205,0.9938347339630127,0.00409321952611208,0.24989894032478333,0.32824501395225525,0.42185598611831665,audio,vision,1,0.0414559468626976,1.0762979984283447,0.44372648000717163,0.04176732152700424,0.09473717212677002,-0.03090640902519226,-0.15578638017177582,0.12487997114658356,0.4610540605384577,0.5389459394615422,0
297,jUzDDGyPkXU$_$14,0.800000011920929,1.1502883434295654,0.0016510903369635344,0.9963077306747437,0.0020412164740264416,2.1925315856933594,1.4225265979766846,1.487351417541504,1.3925316333770752,0.6225265860557556,0.687351405620575,0.1657629907131195,0.43400901556015015,0.40022793412208557,audio,audio,1,0.4615384638309479,0.3214285671710968,0.2857142984867096,0.4575033187866211,0.5424966812133789,0.0016510903369635344,0.9963077306747437,0.0020412164740264416,0.3210148215293884,0.3404156267642975,0.3385695815086365,audio,audio,1,0.026906557381153107,1.0982661247253418,0.4372614324092865,0.34871017932891846,0.7700049877166748,1.0672290325164795,1.248778223991394,0.18154919147491455,0.5564918850393195,0.4435081149606806,1
671,zhpQhgha_KU$_$10,0.6000000238418579,0.164237380027771,0.001377528882585466,0.9958822727203369,0.002740183612331748,0.6932089328765869,0.504737913608551,0.5154865980148315,0.093208909034729,0.09526211023330688,0.08451342582702637,0.3324064016342163,0.3315544128417969,0.3360391855239868,audio,vision,0,0.47058823704719543,0.5148515105247498,0.5370370149612427,0.44124865531921387,0.5587513446807861,0.001377528882585466,0.9958822727203369,0.002740183612331748,0.23681886494159698,0.36091309785842896,0.40226802229881287,audio,vision,1,0.029349984601140022,1.075261116027832,0.423312783241272,0.0864240750670433,0.1884710192680359,0.10350970923900604,0.2411365658044815,0.13762685656547546,0.4570973657541124,0.5429026342458876,0
639,yvsjCA6Y5Fc$_$9,-1.399999976158142,0.20975753664970398,0.0012980131432414055,0.9965409636497498,0.002161028329282999,0.826829731464386,0.5107784867286682,0.5871283411979675,2.226829767227173,1.910778522491455,1.9871282577514648,0.2608354687690735,0.3872048556804657,0.3519596755504608,audio,audio,1,0.5263158082962036,0.4736842215061188,0.4852941036224365,0.44907742738723755,0.5509225726127625,0.0012980131432414055,0.9965409636497498,0.002161028329282999,0.27251070737838745,0.3475979268550873,0.3798913359642029,audio,vision,0,0.02534341812133789,1.0892802476882935,0.43262872099876404,0.13464953005313873,0.3160512447357178,0.12160602957010269,0.31790071725845337,0.19629469513893127,0.561036169973907,0.43896383002609296,1
136,d6hH302o4v8$_$3,0.20000000298023224,0.9230702519416809,0.0021956844720989466,0.9947928786277771,0.0030114375986158848,1.8322242498397827,1.2150518894195557,1.2531908750534058,1.632224202156067,1.0150518417358398,1.05319082736969,0.1913813054561615,0.41394495964050293,0.3946737051010132,audio,audio,1,0.6111111044883728,0.5306122303009033,0.5,0.48075899481773376,0.5192409753799438,0.0021956844720989466,0.9947928786277771,0.0030114375986158848,0.29954829812049866,0.3516022264957428,0.34884947538375854,audio,audio,1,0.03611629456281662,1.095991849899292,0.4287937581539154,0.2823779881000519,0.617172360420227,0.8498860001564026,1.0021125078201294,0.1522265076637268,0.5474277658485756,0.4525722341514245,1
378,nzpVDcQ0ywM$_$1,0.0,0.8458917737007141,0.0021492016967386007,0.9950392842292786,0.0028114670421928167,1.7115343809127808,1.1443908214569092,1.1778398752212524,1.7115343809127808,1.1443908214569092,1.1778398752212524,0.20078594982624054,0.40795984864234924,0.3912542164325714,audio,audio,1,0.5333333611488342,0.5208333134651184,0.4035087823867798,0.46745869517326355,0.5325412750244141,0.0021492016967386007,0.9950392842292786,0.0028114670421928167,0.2891499400138855,0.3883260190486908,0.3225240707397461,audio,audio,1,0.034664880484342575,1.0910625457763672,0.40447553992271423,0.2598291039466858,0.5671435594558716,0.7844319939613342,0.9159083962440491,0.13147640228271484,0.540994148125543,0.4590058518744569,1
336,lXPQBPVc5Cw$_$27,-2.799999952316284,-0.5191252827644348,0.0015157490270212293,0.9957267045974731,0.00275759887881577,-0.39592984318733215,-0.3126179575920105,-0.4506112039089203,2.4040701389312744,2.487381935119629,2.349388837814331,0.33649176359176636,0.3032124936580658,0.36029577255249023,audio,vision,0,0.5,0.6451612710952759,0.5263158082962036,0.45626822113990784,0.5437318086624146,0.0015157490270212293,0.9957267045974731,0.00275759887881577,0.22606809437274933,0.42171376943588257,0.3522181510925293,audio,audio,0,0.03035575896501541,1.0678058862686157,0.38267526030540466,0.05673824995756149,0.1379932463169098,-0.36865973472595215,-0.6984341144561768,0.3297743797302246,0.3983804118677382,0.6016195881322617,0
257,iiK8YX8oH1E$_$11,1.0,0.038810379803180695,0.002877664053812623,0.9940523505210876,0.0030699316412210464,0.6201550364494324,0.4177660346031189,0.4530748426914215,0.3798449635505676,0.5822339653968811,0.5469251871109009,0.3863994777202606,0.3000308871269226,0.3135696053504944,audio,text,0,0.7307692170143127,0.4430379867553711,0.4893617033958435,0.440359503030777,0.5596405267715454,0.002877664053812623,0.9940523505210876,0.0030699316412210464,0.3691420257091522,0.2907779812812805,0.3400799334049225,audio,text,1,0.040529411286115646,1.0938464403152466,0.4688495993614197,0.0882696732878685,0.20238900184631348,0.06145119667053223,0.010036805644631386,0.05141439288854599,0.5160614692526956,0.48393853074730436,1
200,f9O3YtZ2VfI$_$26,1.399999976158142,0.5420128107070923,0.0026341364718973637,0.9943735599517822,0.002992286579683423,1.3019565343856812,0.8649128079414368,0.8944841623306274,0.09804344177246094,0.5350871682167053,0.5055158138275146,0.4587203562259674,0.26563841104507446,0.2756412625312805,audio,text,0,0.7142857313156128,0.4375,0.5,0.4649792015552521,0.5350208282470703,0.0026341364718973637,0.9943735599517822,0.002992286579683423,0.3613443970680237,0.28954505920410156,0.34911054372787476,audio,text,1,0.03864554688334465,1.0940884351730347,0.4698856770992279,0.19942010939121246,0.4370437264442444,0.4684825837612152,0.6266191601753235,0.15813657641410828,0.450742604631588,0.549257395368412,0
565,vyB00TXsimI$_$10,1.3333333730697632,0.2696046233177185,0.0010003508068621159,0.9974167346954346,0.0015829341718927026,0.8711270689964294,0.5963053703308105,0.6271606683731079,0.46220630407333374,0.7370280027389526,0.7061727046966553,0.40876078605651855,0.2899194061756134,0.30131977796554565,audio,text,0,0.4545454680919647,0.6451612710952759,0.4054054021835327,0.45285528898239136,0.5471447110176086,0.0010003508068621159,0.9974167346954346,0.0015829341718927026,0.22653983533382416,0.46554604172706604,0.3079141080379486,audio,audio,0,0.019697243347764015,1.0550073385238647,0.35458049178123474,0.12292663007974625,0.2748216986656189,0.20920440554618835,0.3425808250904083,0.13337641954421997,0.45841614544411285,0.5415838545558871,0
638,yvsjCA6Y5Fc$_$6,0.0,-0.6864510774612427,0.0019130122382193804,0.9957171082496643,0.002369916532188654,-0.5232058167457581,-0.4405033588409424,-0.6273424625396729,0.5232058167457581,0.4405033588409424,0.6273424625396729,0.3348001539707184,0.3712634742259979,0.29393628239631653,audio,audio,1,0.7272727489471436,0.523809552192688,0.5416666865348816,0.4646253287792206,0.535374641418457,0.0019130122382193804,0.9957171082496643,0.002369916532188654,0.33299532532691956,0.3165162205696106,0.35048842430114746,audio,vision,0,0.03057328425347805,1.09774649143219,0.45280060172080994,0.0764438584446907,0.18683910369873047,-0.47275182604789734,-0.9326906800270081,0.4599388539791107,0.6398984847002963,0.3601015152997037,1
142,d6hH302o4v8$_$9,-2.4000000953674316,0.6479807496070862,0.0032374095171689987,0.9940202236175537,0.0027423652354627848,1.4489268064498901,0.9917283058166504,1.0137256383895874,3.8489270210266113,3.391728401184082,3.4137258529663086,0.22252853214740753,0.39407989382743835,0.3833915889263153,audio,audio,1,0.875,0.625,0.5263158082962036,0.4907260239124298,0.5092740058898926,0.0032374095171689987,0.9940202236175537,0.0027423652354627848,0.39079487323760986,0.32653573155403137,0.28266942501068115,audio,text,0,0.040698882192373276,1.0897904634475708,0.4449896812438965,0.21053224802017212,0.45719850063323975,0.6001198291778564,0.6976506114006042,0.0975307822227478,0.5304406757309543,0.46955932426904556,1
475,tIrG4oNLFzE$_$14,-2.4000000953674316,-1.2069854736328125,0.002121211029589176,0.994495689868927,0.0033831314649432898,-1.2107425928115845,-0.9910024404525757,-1.3111903667449951,1.1892575025558472,1.408997654914856,1.0888097286224365,0.3455900251865387,0.26258584856987,0.3918241262435913,audio,vision,0,0.4888888895511627,0.45270270109176636,0.451977401971817,0.45340394973754883,0.5465960502624512,0.002121211029589176,0.994495689868927,0.0033831314649432898,0.27196475863456726,0.353236585855484,0.37479865550994873,audio,vision,1,0.037793274968862534,1.0895195007324219,0.42750605940818787,0.13370609283447266,0.32018792629241943,-1.0154982805252075,-1.4378306865692139,0.42233240604400635,0.3710031938824595,0.6289968061175405,0
619,yDtzw_Y-7RU$_$10,-0.6000000238418579,0.6213970184326172,0.001343395677395165,0.9972431659698486,0.0014134711818769574,1.406272053718567,0.9316900968551636,0.9719409942626953,2.006272077560425,1.5316901206970215,1.5719410181045532,0.220709890127182,0.39944520592689514,0.37984487414360046,audio,audio,1,0.6666666865348816,0.6521739363670349,0.40740740299224854,0.47845691442489624,0.5215430855751038,0.001343395677395165,0.9972431659698486,0.0014134711818769574,0.3071351945400238,0.41808128356933594,0.2747834622859955,audio,audio,1,0.020911071449518204,1.082120656967163,0.3861078917980194,0.21486212313175201,0.4745819568634033,0.5589624047279358,0.6894539594650269,0.13049155473709106,0.5406884366982596,0.4593115633017404,1
531,v0zCBqDeKcE$_$1,2.5999999046325684,0.5951926708221436,0.001294802874326706,0.9960263967514038,0.0026788259856402874,1.3143606185913086,0.9003100991249084,0.928699254989624,1.2856392860412598,1.6996898651123047,1.6713006496429443,0.45177918672561646,0.2692473232746124,0.2789735198020935,audio,text,0,0.4000000059604645,0.4848484992980957,0.4871794879436493,0.45419740676879883,0.5458025932312012,0.001294802874326706,0.9960263967514038,0.0026788259856402874,0.2264077514410019,0.37378549575805664,0.3998067378997803,audio,vision,0,0.028440352529287338,1.0706747770309448,0.41482728719711304,0.18884986639022827,0.41405051946640015,0.5072745084762573,0.7008427381515503,0.19356822967529297,0.43980332548962686,0.5601966745103731,0
420,pLTX3ipuDJI$_$2,-1.7999999523162842,0.4588993787765503,0.0014399171341210604,0.9955469369888306,0.003013166831806302,1.0643084049224854,0.7446972131729126,0.7601011991500854,2.8643083572387695,2.5446972846984863,2.56010103225708,0.2529235780239105,0.3771342933177948,0.3699421286582947,audio,audio,1,0.42222222685813904,0.49242424964904785,0.5189873576164246,0.44966086745262146,0.5503391027450562,0.0014399171341210604,0.9955469369888306,0.003013166831806302,0.22809208929538727,0.36478519439697266,0.4071227014064789,audio,vision,0,0.03135545551776886,1.0708447694778442,0.42050784826278687,0.147169828414917,0.31961119174957275,0.38086041808128357,0.5544111132621765,0.17355069518089294,0.5540228883262448,0.44597711167375514,1
166,dq3Nf_lMPnE$_$13,-1.2000000476837158,1.0231984853744507,0.0008695817086845636,0.997566819190979,0.00156361423432827,1.9061025381088257,1.2617418766021729,1.3400814533233643,3.106102466583252,2.4617419242858887,2.54008150100708,0.18987329304218292,0.42488038539886475,0.3852463960647583,audio,audio,1,0.4749999940395355,0.6129032373428345,0.48128342628479004,0.48742854595184326,0.5125714540481567,0.0008695817086845636,0.997566819190979,0.00156361423432827,0.22821874916553497,0.42265892028808594,0.3491222858428955,audio,audio,1,0.01866070181131363,1.0685644149780273,0.3832719326019287,0.2870767414569855,0.6443606615066528,0.9473773241043091,1.1029306650161743,0.15555334091186523,0.5484578423976447,0.4515421576023552,1
391,nzpVDcQ0ywM$_$15,-0.6000000238418579,-0.13929259777069092,0.0031310971826314926,0.9916743636131287,0.005194542463868856,0.5533427596092224,0.05666511505842209,0.2667606770992279,1.1533427238464355,0.6566651463508606,0.8667607307434082,0.23302993178367615,0.43355292081832886,0.3334171175956726,audio,audio,1,0.5,0.3333333432674408,0.4545454680919647,0.4504428505897522,0.5495571494102478,0.0031310971826314926,0.9916743636131287,0.005194542463868856,0.29651081562042236,0.3025219142436981,0.4009672701358795,audio,vision,0,0.05366998538374901,1.0885895490646362,0.45943498611450195,0.20356763899326324,0.4966776371002197,-0.07925138622522354,-0.21254511177539825,0.13329371809959412,0.4584418086827193,0.5415581913172807,0
499,tStelxIAHjw$_$4,-2.799999952316284,-1.3532946109771729,0.0027339537627995014,0.9943233728408813,0.002942717168480158,-1.3710781335830688,-1.1034350395202637,-1.4540690183639526,1.4289218187332153,1.6965649127960205,1.3459309339523315,0.35398635268211365,0.2533329129219055,0.39268073439598083,audio,vision,0,0.7037037014961243,0.5061728358268738,0.4639175236225128,0.4713805913925171,0.5286194086074829,0.0027339537627995014,0.9943233728408813,0.002942717168480158,0.3474324643611908,0.3294694423675537,0.3230980932712555,audio,text,0,0.03894767537713051,1.0981370210647583,0.44323596358299255,0.14961600303649902,0.35063397884368896,-1.1319786310195923,-1.6014845371246338,0.4695059061050415,0.35735049978012756,0.6426495002198724,0
6,c7UH_rxdZv4$_$22,-2.4000000953674316,-1.1635346412658691,0.0024283165112137794,0.9927445650100708,0.004827101249247789,-1.1174495220184326,-0.9129585027694702,-1.1967259645462036,1.282550573348999,1.4870415925979614,1.203274130821228,0.3473895490169525,0.26903271675109863,0.38357773423194885,audio,vision,0,0.5,0.4754098355770111,0.5753424763679504,0.4648649990558624,0.53513503074646,0.0024283165112137794,0.9927445650100708,0.004827101249247789,0.247979074716568,0.3288101553916931,0.42321085929870605,audio,vision,1,0.04759423807263374,1.0754244327545166,0.44262298941612244,0.11954792588949203,0.2837674617767334,-0.981210470199585,-1.3734194040298462,0.39220893383026123,0.3798320452482282,0.6201679547517718,0
111,d3_k5Xpfmik$_$18,0.800000011920929,1.2150846719741821,0.0015301182866096497,0.9957714676856995,0.002698450582101941,2.354642629623413,1.2902436256408691,1.4825522899627686,1.554642677307129,0.4902436137199402,0.6825522780418396,0.12890683114528656,0.48764553666114807,0.3834476172924042,audio,audio,1,0.4285714328289032,0.37837839126586914,0.40909090638160706,0.4991194009780884,0.5008805990219116,0.0015301182866096497,0.9957714676856995,0.002698450582101941,0.26663076877593994,0.345074862241745,0.38829436898231506,audio,vision,0,0.030099958181381226,1.086937427520752,0.43379777669906616,0.46313777565956116,1.064399003982544,1.1275733709335327,1.302904725074768,0.17533135414123535,0.5545727818969605,0.4454272181030396,1
538,v0zCBqDeKcE$_$9,1.7999999523162842,0.7865721583366394,0.0008586329640820622,0.997361958026886,0.0017794367158785462,1.6247864961624146,1.0537185668945312,1.1237307786941528,0.17521345615386963,0.7462813854217529,0.6762691736221313,0.4939935803413391,0.2419394552707672,0.26406699419021606,audio,text,0,0.4444444477558136,0.6190476417541504,0.5199999809265137,0.4843403398990631,0.5156596899032593,0.0008586329640820622,0.997361958026886,0.0017794367158785462,0.21086232364177704,0.420340359210968,0.36879727244377136,audio,audio,0,0.019963063299655914,1.0604009628295898,0.3846810758113861,0.25431326031684875,0.5710679292678833,0.6865615248680115,0.8930498361587524,0.20648831129074097,0.4358282730098847,0.5641717269901153,0
212,f9O3YtZ2VfI$_$4,-2.4000000953674316,0.6531863808631897,0.0009449409553781152,0.9969037175178528,0.0021513362880796194,1.522171974182129,0.9644445180892944,1.0605026483535767,3.9221720695495605,3.3644447326660156,3.4605026245117188,0.20881696045398712,0.41931283473968506,0.371870219707489,audio,audio,1,0.27272728085517883,0.375,0.3913043439388275,0.45048144459724426,0.5495185852050781,0.0009449409553781152,0.9969037175178528,0.0021513362880796194,0.21583028137683868,0.3733256757259369,0.41084399819374084,audio,vision,0,0.022885188460350037,1.064226746559143,0.4157187342643738,0.24345329403877258,0.5577274560928345,0.5321288704872131,0.8008580803871155,0.26872920989990234,0.5831970398251084,0.41680296017489166,1
319,k5Y_838nuGo$_$9,1.7999999523162842,0.6621525883674622,0.0015665075043216348,0.9958149790763855,0.002618523547425866,1.4367775917053223,0.9669280052185059,1.012707233428955,0.3632223606109619,0.8330719470977783,0.7872927188873291,0.4663369059562683,0.2591990530490875,0.27446404099464417,audio,text,0,0.5,0.52173912525177,0.48148149251937866,0.46342089772224426,0.5365791320800781,0.0015665075043216348,0.9958149790763855,0.002618523547425866,0.25801604986190796,0.3754298686981201,0.36655402183532715,audio,audio,0,0.029861658811569214,1.0852224826812744,0.41359004378318787,0.21152621507644653,0.4698495864868164,0.576114296913147,0.761773407459259,0.18565911054611206,0.4422405310695984,0.5577594689304016,0
492,tStelxIAHjw$_$15,0.4000000059604645,0.5059362053871155,0.001286227605305612,0.996537446975708,0.002176308538764715,1.1912657022476196,0.7991926074028015,0.8292313814163208,0.7912657260894775,0.39919260144233704,0.4292313754558563,0.23782506585121155,0.3882412612438202,0.37393367290496826,audio,audio,1,0.46666666865348816,0.5370370149612427,0.453125,0.45522284507751465,0.5447771549224854,0.001286227605305612,0.996537446975708,0.002176308538764715,0.24658849835395813,0.3959972560405731,0.35741424560546875,audio,audio,1,0.025358758866786957,1.0797927379608154,0.400360107421875,0.17816737294197083,0.3920730948448181,0.4290006458759308,0.5980069637298584,0.1690063178539276,0.5526189216439596,0.44738107835604035,1
368,nbWiPyCm4g0$_$4,-2.200000047683716,-0.18077585101127625,0.002732348395511508,0.9939963817596436,0.003271265886723995,0.3558696210384369,0.33333277702331543,0.30499204993247986,2.5558695793151855,2.5333328247070312,2.5049920082092285,0.32318174839019775,0.33241549134254456,0.3444027602672577,audio,vision,0,0.5813953280448914,0.5433070659637451,0.41447368264198303,0.42689579725265503,0.573104202747345,0.002732348395511508,0.9939963817596436,0.003271265886723995,0.3055644929409027,0.3833475708961487,0.3110879361629486,audio,audio,0,0.04083355888724327,1.0930852890014648,0.40709924697875977,0.020815681666135788,0.05087757110595703,-0.11577541381120682,-0.26803842186927795,0.15226301550865173,0.45256093043231727,0.5474390695676827,0
317,k5Y_838nuGo$_$7,-2.4000000953674316,0.7401810884475708,0.0011597403790801764,0.9970808625221252,0.0017593447118997574,1.7300773859024048,1.0607540607452393,1.1996082067489624,4.130077362060547,3.460754156112671,3.5996084213256836,0.19049787521362305,0.4397890269756317,0.3697131276130676,audio,audio,1,0.5,0.3888888955116272,0.40909090638160706,0.4717881381511688,0.5282118320465088,0.0011597403790801764,0.9970808625221252,0.0017593447118997574,0.2927255630493164,0.3330695927143097,0.3742047846317291,audio,vision,0,0.021913383156061172,1.0936225652694702,0.4426741600036621,0.2884193956851959,0.6693233251571655,0.6054262518882751,0.8910519480705261,0.285625696182251,0.5883218046783117,0.41167819532168815,1
139,d6hH302o4v8$_$4,-1.600000023841858,0.4299919009208679,0.0012879446148872375,0.9957596659660339,0.0029524422716349363,1.0995272397994995,0.7738327980041504,0.7748513221740723,2.6995272636413574,2.3738327026367188,2.3748512268066406,0.24980944395065308,0.37533408403396606,0.37485650181770325,audio,audio,1,0.25,0.529411792755127,0.4000000059604645,0.4386088252067566,0.5613911747932434,0.0012879446148872375,0.9957596659660339,0.0029524422716349363,0.18688727915287018,0.448821485042572,0.364291250705719,audio,audio,1,0.030000541359186172,1.04088294506073,0.3646254539489746,0.15329432487487793,0.3256944417953491,0.3563329577445984,0.5242706537246704,0.16793769598007202,0.5522886525785511,0.4477113474214489,1
568,vyB00TXsimI$_$15,2.5999999046325684,-0.20513004064559937,0.002085841726511717,0.9927842617034912,0.005129897966980934,0.2587358355522156,0.17703452706336975,0.17111562192440033,2.341264009475708,2.4229652881622314,2.428884267807007,0.3572481572628021,0.3225648105144501,0.3201870024204254,audio,text,0,0.44999998807907104,0.47826087474823,0.6219512224197388,0.44480472803115845,0.5551952719688416,0.002085841726511717,0.9927842617034912,0.005129897966980934,0.22070848941802979,0.32441458106040955,0.4548768699169159,audio,vision,0,0.04711290821433067,1.056994915008545,0.44557976722717285,0.03998255357146263,0.08762021362781525,-0.09930884093046188,-0.3372136950492859,0.2379048466682434,0.5738021725551239,0.42619782744487616,1
559,vyB00TXsimI$_$4,1.7999999523162842,0.8577418923377991,0.0030873354990035295,0.9934502840042114,0.0034624114632606506,1.7717348337173462,1.1263545751571655,1.2090226411819458,0.02826511859893799,0.6736453771591187,0.5909773111343384,0.5151395201683044,0.22991563379764557,0.25494492053985596,audio,text,0,0.7777777910232544,0.35483869910240173,0.5526315569877625,0.48837873339653015,0.5116212368011475,0.0030873354990035295,0.9934502840042114,0.0034624114632606506,0.3913632333278656,0.23591212928295135,0.37272465229034424,audio,text,1,0.04399167746305466,1.075719952583313,0.5050254464149475,0.2867431640625,0.6453802585601807,0.7717227339744568,0.94785475730896,0.17613202333450317,0.44518000318302386,0.5548199968169761,0
493,tStelxIAHjw$_$14,-1.7999999523162842,-0.22415681183338165,0.0034365991596132517,0.9930838346481323,0.0034796034451574087,0.29680564999580383,0.18113049864768982,0.21819725632667542,2.0968055725097656,1.9811304807662964,2.0181972980499268,0.30685949325561523,0.3545977473258972,0.33854275941848755,audio,audio,1,0.75,0.2857142984867096,0.47058823704719543,0.4402710795402527,0.5597289204597473,0.0034365991596132517,0.9930838346481323,0.0034796034451574087,0.4125491678714752,0.23087197542190552,0.35657885670661926,audio,text,0,0.04608640819787979,1.0714083909988403,0.5081412196159363,0.04822858050465584,0.11567515134811401,-0.06222904846072197,-0.4300200939178467,0.3677910566329956,0.38704778797148776,0.6129522120285124,0
0,c7UH_rxdZv4$_$24,-1.7999999523162842,1.4555376768112183,0.002408058848232031,0.993518054485321,0.004073883406817913,2.668499231338501,1.6954154968261719,1.7571219205856323,4.468499183654785,3.495415449142456,3.557121753692627,0.13334760069847107,0.45002973079681396,0.41662269830703735,audio,audio,1,0.4285714328289032,0.4848484992980957,0.41025641560554504,0.49664899706840515,0.5033509731292725,0.002408058848232031,0.993518054485321,0.004073883406817913,0.2576451003551483,0.3900393843650818,0.3523155152797699,audio,audio,1,0.04339812695980072,1.0841816663742065,0.40231913328170776,0.4448855221271515,0.9730837345123291,1.3937674760818481,1.5181413888931274,0.1243739128112793,0.5387887518423785,0.46121124815762143,1
288,jUzDDGyPkXU$_$7,-0.6000000238418579,-0.07708533108234406,0.0020376492757350206,0.9944162368774414,0.003546066815033555,0.42308878898620605,0.30289971828460693,0.3051357865333557,1.023088812828064,0.9028997421264648,0.9051358103752136,0.3011164665222168,0.3499301075935364,0.34895336627960205,audio,audio,1,0.5263158082962036,0.5283018946647644,0.53125,0.4358934462070465,0.5641065835952759,0.0020376492757350206,0.9944162368774414,0.003546066815033555,0.25830674171447754,0.35932809114456177,0.3823651671409607,audio,vision,0,0.038199931383132935,1.0850231647491455,0.4233921468257904,0.0561380460858345,0.12018907070159912,-0.02265174686908722,-0.1475299447774887,0.12487819790840149,0.46105461131340825,0.5389453886865919,0
462,rnaNMUZpvvg$_$13,-2.0,0.613032877445221,0.002406387822702527,0.9957692623138428,0.001824377803131938,1.402429461479187,0.9574627876281738,0.9755986928939819,3.4024295806884766,2.957462787628174,2.9755988121032715,0.22476951777935028,0.3920086920261383,0.383221834897995,audio,audio,1,0.75,0.47058823704719543,0.3333333432674408,0.4615349769592285,0.5384650230407715,0.002406387822702527,0.9957692623138428,0.001824377803131938,0.40877825021743774,0.3262740671634674,0.26494771242141724,audio,text,0,0.030236847698688507,1.0830280780792236,0.44633015990257263,0.2056179791688919,0.4449666738510132,0.5619081854820251,0.6726791858673096,0.11077100038528442,0.5345607381116251,0.46543926188837503,1
426,pLTX3ipuDJI$_$8,-2.0,0.23134495317935944,0.0010357769206166267,0.9971681237220764,0.0017961215926334262,0.7654195427894592,0.5551143884658813,0.5789594650268555,2.7654194831848145,2.555114269256592,2.5789594650268555,0.28065061569213867,0.36503463983535767,0.3543147146701813,audio,audio,1,0.48148149251937866,0.5967742204666138,0.47297295928001404,0.4445973336696625,0.5554026365280151,0.0010357769206166267,0.9971681237220764,0.0017961215926334262,0.23541606962680817,0.416243314743042,0.3483406603336334,audio,audio,1,0.0213016327470541,1.072688341140747,0.38728320598602295,0.09402374923229218,0.21030515432357788,0.18084034323692322,0.29443663358688354,0.11359629034996033,0.5354393147621477,0.4645606852378523,1
236,f_pcplsH_V0$_$2,1.399999976158142,0.29296690225601196,0.0021573242265731096,0.994655966758728,0.003186711808666587,0.8952379822731018,0.6436842679977417,0.6512433290481567,0.5047619938850403,0.7563157081604004,0.7487566471099854,0.4052973687648773,0.29594650864601135,0.29875612258911133,audio,text,0,0.6428571343421936,0.5862069129943848,0.5714285969734192,0.45826876163482666,0.5417312383651733,0.0021573242265731096,0.994655966758728,0.003186711808666587,0.2856487035751343,0.3528021574020386,0.36154913902282715,audio,vision,0,0.03689293563365936,1.093306541442871,0.42790254950523376,0.11684263497591019,0.2515537142753601,0.234060600399971,0.36260151863098145,0.12854091823101044,0.459917160273788,0.540082839726212,0
593,wMbj6ajWbic$_$11,0.4000000059604645,-0.9284274578094482,0.0018672668375074863,0.9956966638565063,0.0024361032992601395,-0.8692224025726318,-0.6937207579612732,-0.9590260982513428,1.269222378730774,1.09372079372406,1.3590260744094849,0.3185608983039856,0.3967040479183197,0.2847350537776947,audio,audio,1,0.5882353186607361,0.4615384638309479,0.42553192377090454,0.45170947909355164,0.548290491104126,0.0018672668375074863,0.9956966638565063,0.0024361032992601395,0.31173190474510193,0.3437918424606323,0.34447625279426575,audio,vision,0,0.030685503035783768,1.0975501537322998,0.434603214263916,0.11017786711454391,0.2653053402900696,-0.7151271104812622,-1.1873340606689453,0.4722069501876831,0.643424498471349,0.35657550152865103,1
468,rnaNMUZpvvg$_$19,-1.399999976158142,0.18760043382644653,0.0017344362568110228,0.9956387877464294,0.0026268111541867256,0.749924898147583,0.5037247538566589,0.5358850955963135,2.1499247550964355,1.9037246704101562,1.9358850717544556,0.27269360423088074,0.3709617257118225,0.35634467005729675,audio,audio,1,0.5652173757553101,0.4150943458080292,0.484375,0.4391520917415619,0.5608478784561157,0.0017344362568110228,0.9956387877464294,0.0026268111541867256,0.30061042308807373,0.31309354305267334,0.3862960636615753,audio,vision,0,0.030986078083515167,1.092322587966919,0.4550301730632782,0.10927123576402664,0.24620014429092407,0.13038058578968048,0.2606768012046814,0.13029621541500092,0.5406277968001915,0.45937220319980854,1
366,nbWiPyCm4g0$_$2,-2.4000000953674316,0.530877411365509,0.002668352797627449,0.9915093183517456,0.005822367966175079,1.2829511165618896,0.8572527766227722,0.9089411497116089,3.6829512119293213,3.2572529315948486,3.30894136428833,0.2326360046863556,0.396072655916214,0.3712913990020752,audio,audio,1,0.5384615659713745,0.5,0.6666666865348816,0.47951042652130127,0.5204895734786987,0.002668352797627449,0.9915093183517456,0.005822367966175079,0.24480147659778595,0.30759796500205994,0.4476005434989929,audio,vision,0,0.054230138659477234,1.066962718963623,0.4559409022331238,0.18967053294181824,0.42569833993911743,0.45691367983818054,0.6111621260643005,0.15424844622612,0.5480538610979854,0.45194613890201457,1
411,pLTX3ipuDJI$_$11,0.6000000238418579,-0.3112396001815796,0.0016121105290949345,0.9958980679512024,0.002489761682227254,-0.005622996017336845,-0.0057954974472522736,-0.13383477926254272,0.6056230068206787,0.6057955026626587,0.7338348031044006,0.35066768527030945,0.35059210658073425,0.2987402081489563,audio,text,0,0.4117647111415863,0.42553192377090454,0.35087719559669495,0.4206274151802063,0.5793725848197937,0.0016121105290949345,0.9958980679512024,0.002489761682227254,0.2655102014541626,0.38284945487976074,0.35164040327072144,audio,audio,0,0.029387235641479492,1.0871881246566772,0.4086991250514984,0.060398995876312256,0.12821178138256073,-0.1766519397497177,-0.496620774269104,0.3199688196182251,0.5986783002744517,0.40132169972554843,1
583,wMbj6ajWbic$_$29,1.7999999523162842,1.2550206184387207,0.001283340621739626,0.9962664246559143,0.0024502738378942013,2.258070230484009,1.4749767780303955,1.5362340211868286,0.4580702781677246,0.32502317428588867,0.26376593112945557,0.2893640995025635,0.3417209982872009,0.368914932012558,audio,vision,0,0.5,0.44736841320991516,0.5333333611488342,0.49600404500961304,0.503995954990387,0.001283340621739626,0.9962664246559143,0.0024502738378942013,0.25833114981651306,0.3259757161140442,0.4156931936740875,audio,vision,1,0.027001388370990753,1.079949975013733,0.44686049222946167,0.35559579730033875,0.7830934524536133,1.159594178199768,1.3519845008850098,0.1923903226852417,0.4401661181256818,0.559833881874318,0
50,cW1FSBF59ik$_$20,2.5,1.1389591693878174,0.001240392099134624,0.9967392086982727,0.0020204305183142424,2.117950677871704,1.4014689922332764,1.4699448347091675,0.3820493221282959,1.0985310077667236,1.0300551652908325,0.5396023988723755,0.2203529179096222,0.2400447279214859,audio,text,0,0.5454545617103577,0.5614035129547119,0.5072463750839233,0.49216189980506897,0.5078381299972534,0.001240392099134624,0.9967392086982727,0.0020204305183142424,0.2614050507545471,0.37651175260543823,0.3620832562446594,audio,audio,0,0.024092210456728935,1.0863354206085205,0.41348499059677124,0.32282546162605286,0.7164816856384277,1.057409644126892,1.2231061458587646,0.16569650173187256,0.44840416208831085,0.5515958379116891,0
8,c7UH_rxdZv4$_$28,-0.800000011920929,-0.3097785711288452,0.0021120707970112562,0.9948687553405762,0.0030191673431545496,-0.047765493392944336,0.019096458330750465,-0.13001473248004913,0.7522345185279846,0.8190964460372925,0.669985294342041,0.33023983240127563,0.30376115441322327,0.3659990727901459,audio,vision,0,0.5454545617103577,0.5192307829856873,0.4516128897666931,0.4404628872871399,0.5595371127128601,0.0021120707970112562,0.9948687553405762,0.0030191673431545496,0.28239932656288147,0.37310898303985596,0.3444916605949402,audio,audio,0,0.03564812242984772,1.0920372009277344,0.4145065248012543,0.06098233163356781,0.14911119639873505,-0.17246375977993011,-0.4842149615287781,0.31175118684768677,0.40379216933680867,0.5962078306631913,0
182,etzxEpPuc6I$_$12,0.6666666865348816,0.45853152871131897,0.0016940030036494136,0.9960772395133972,0.002228701952844858,1.1902070045471191,0.7430142164230347,0.8245412111282349,0.5235403180122375,0.07634752988815308,0.15787452459335327,0.23103410005569458,0.4040571451187134,0.3649088144302368,audio,audio,1,0.5555555820465088,0.375,0.4000000059604645,0.44673264026641846,0.5532673597335815,0.0016940030036494136,0.9960772395133972,0.002228701952844858,0.32334792613983154,0.31829845905303955,0.3583536148071289,audio,vision,0,0.02833309769630432,1.097200632095337,0.45185256004333496,0.19446206092834473,0.4471927881240845,0.37845465540885925,0.557704746723175,0.1792500913143158,0.44421752695310524,0.5557824730468947,0
156,d6hH302o4v8$_$31,-1.399999976158142,0.19388437271118164,0.0018901017028838396,0.994989812374115,0.0031201110687106848,0.7262967824935913,0.5109300017356873,0.5287183523178101,2.1262967586517334,1.9109299182891846,1.9287183284759521,0.27862349152565,0.364698201417923,0.3566783666610718,audio,audio,1,0.529411792755127,0.5681818127632141,0.5094339847564697,0.4434986412525177,0.5565013885498047,0.0018901017028838396,0.994989812374115,0.0031201110687106848,0.2569625973701477,0.38332614302635193,0.359711229801178,audio,audio,1,0.03485334664583206,1.0845147371292114,0.40777575969696045,0.09760265797376633,0.21536678075790405,0.1567317545413971,0.24050341546535492,0.08377166092395782,0.5261547491926609,0.473845250807339,1
22,c7UH_rxdZv4$_$12,-2.799999952316284,-0.11735491454601288,0.002394674113020301,0.9950309991836548,0.0025743565056473017,0.39209237694740295,0.3174058496952057,0.3104451596736908,3.1920924186706543,3.117405891418457,3.110445022583008,0.3119829297065735,0.34251195192337036,0.34550514817237854,audio,vision,0,0.5714285969734192,0.39393940567970276,0.3333333432674408,0.41419902443885803,0.5858010053634644,0.002394674113020301,0.9950309991836548,0.0025743565056473017,0.34487101435661316,0.3374013900756836,0.31772762537002563,audio,text,0,0.03475601226091385,1.0980191230773926,0.43841975927352905,0.03695762902498245,0.08164721727371216,-0.017401758581399918,-0.25871849060058594,0.24131673574447632,0.42515517496445443,0.5748448250355456,0
259,iiK8YX8oH1E$_$13,-2.0,-1.2350428104400635,0.00251415534876287,0.9917019009590149,0.005783908534795046,-1.1873356103897095,-0.9949111938476562,-1.2930964231491089,0.8126643896102905,1.0050888061523438,0.7069035768508911,0.341582715511322,0.26855599880218506,0.3898613154888153,audio,vision,0,0.5454545617103577,0.46666666865348816,0.6666666865348816,0.4815782606601715,0.5184217691421509,0.00251415534876287,0.9917019009590149,0.005783908534795046,0.24227118492126465,0.29457592964172363,0.46315285563468933,audio,vision,1,0.05311543494462967,1.0599913597106934,0.46475064754486084,0.12343551218509674,0.29818522930145264,-1.0153063535690308,-1.4715903997421265,0.4562840461730957,0.3611549011732261,0.638845098826774,0
677,zhpQhgha_KU$_$16,1.7999999523162842,1.0542243719100952,0.0010141816455870867,0.9970638155937195,0.0019219777313992381,1.9979830980300903,1.3042223453521729,1.3641287088394165,0.19798314571380615,0.49577760696411133,0.4358712434768677,0.4111904501914978,0.2833870053291321,0.3054226040840149,audio,text,0,0.4375,0.5652173757553101,0.4727272689342499,0.48663797974586487,0.5133620500564575,0.0010141816455870867,0.9970638155937195,0.0019219777313992381,0.22704245150089264,0.40913552045822144,0.3638220429420471,audio,audio,0,0.021944105625152588,1.070122241973877,0.3919522166252136,0.3138761520385742,0.6937607526779175,0.9605423808097839,1.1530510187149048,0.19250863790512085,0.4401296744164543,0.5598703255835457,0
161,d6hH302o4v8$_$34,-3.0,0.5261799097061157,0.0011735465377569199,0.9971840977668762,0.001642286661081016,1.4046624898910522,0.8242014646530151,0.9761867523193359,4.404662609100342,3.8242015838623047,3.976186752319336,0.20945101976394653,0.43270933628082275,0.3578396141529083,audio,audio,1,0.6000000238418579,0.4444444477558136,0.4545454680919647,0.47281956672668457,0.5271804332733154,0.0011735465377569199,0.9971840977668762,0.001642286661081016,0.311723530292511,0.32747483253479004,0.360801637172699,audio,vision,0,0.021260477602481842,1.0967425107955933,0.4464728832244873,0.24577000737190247,0.5804610252380371,0.4069712162017822,0.6590942740440369,0.25212305784225464,0.5781427496274099,0.42185725037259014,1
613,yDtzw_Y-7RU$_$4,-1.0,0.08024843782186508,0.0012043403694406152,0.9964761137962341,0.0023195932153612375,0.6210610866546631,0.3782012462615967,0.4428711235523224,1.621061086654663,1.3782012462615967,1.44287109375,0.27745524048805237,0.3758665919303894,0.3466781973838806,audio,audio,1,0.4444444477558136,0.515625,0.4868420958518982,0.4365689158439636,0.5634310841560364,0.0012043403694406152,0.9964761137962341,0.0023195932153612375,0.23406873643398285,0.38125336170196533,0.384677916765213,audio,vision,0,0.025684507563710213,1.0750415325164795,0.4101484715938568,0.10269412398338318,0.2428598403930664,0.04024757444858551,0.13187311589717865,0.09162554144859314,0.528601723128995,0.471398276871005,1
367,nbWiPyCm4g0$_$5,-1.399999976158142,0.00997568853199482,0.002669793786481023,0.9932703375816345,0.004059928935021162,0.5850887894630432,0.4568982720375061,0.44940805435180664,1.98508882522583,1.856898307800293,1.8494080305099487,0.2977411448955536,0.3494856059551239,0.3527732193470001,audio,vision,0,0.5555555820465088,0.5679012537002563,0.5104166865348816,0.43643349409103394,0.5635665059089661,0.002669793786481023,0.9932703375816345,0.004059928935021162,0.2720549702644348,0.37637409567832947,0.35157090425491333,audio,audio,0,0.0448838546872139,1.089442491531372,0.4112641513347626,0.06227016821503639,0.13568073511123657,0.03870370239019394,-0.027120795100927353,0.065824493765831,0.479441441851306,0.520558558148694,0
238,f_pcplsH_V0$_$4,0.5,0.2388608157634735,0.0016432988923043013,0.9958950281143188,0.002461714670062065,0.8040639758110046,0.5718157887458801,0.5746009349822998,0.30406397581100464,0.07181578874588013,0.0746009349822998,0.2725509703159332,0.3643576204776764,0.363091379404068,audio,audio,1,0.5833333134651184,0.5733333230018616,0.5111111402511597,0.4493851065635681,0.5506148934364319,0.0016432988923043013,0.9958950281143188,0.002461714670062065,0.2741841971874237,0.3740096688270569,0.3518061637878418,audio,audio,1,0.029419053345918655,1.090133786201477,0.4145902395248413,0.10883232206106186,0.2322481870651245,0.18453124165534973,0.3054288327693939,0.12089759111404419,0.4622912410745361,0.5377087589254639,0
393,nzpVDcQ0ywM$_$17,1.600000023841858,0.7596486806869507,0.0020851485896855593,0.9943462014198303,0.003568651620298624,1.6620808839797974,1.0311188697814941,1.1426506042480469,0.06208086013793945,0.5688811540603638,0.45734941959381104,0.46710216999053955,0.24790550768375397,0.2849923372268677,audio,text,0,0.5,0.30434781312942505,0.48148149251937866,0.47007083892822266,0.5299291610717773,0.0020851485896855593,0.9943462014198303,0.003568651620298624,0.29606691002845764,0.2810370922088623,0.42289602756500244,audio,vision,0,0.038620591163635254,1.0810317993164062,0.4755394458770752,0.2749464809894562,0.6309620141983032,0.6535702347755432,0.8792350888252258,0.22566485404968262,0.4299436486374561,0.5700563513625438,0
176,dq3Nf_lMPnE$_$6,0.800000011920929,-0.3039146661758423,0.0020336112938821316,0.9963865280151367,0.0015799079556018114,0.05525226891040802,-0.016925351694226265,-0.09388528764247894,0.7447477579116821,0.8169253468513489,0.8938853144645691,0.3644777834415436,0.33303362131118774,0.3024885952472687,audio,text,0,0.6666666865348816,0.44999998807907104,0.25,0.4328151345252991,0.5671848654747009,0.0020336112938821316,0.9963865280151367,0.0015799079556018114,0.3865855634212494,0.3575965166091919,0.25581789016723633,audio,text,1,0.02640214003622532,1.083899974822998,0.4258599877357483,0.060895588248968124,0.14913755655288696,-0.14184170961380005,-0.5163040161132812,0.3744623064994812,0.614928716325511,0.38507128367448895,1
376,nzpVDcQ0ywM$_$22,2.0,0.35330820083618164,0.0035951267927885056,0.9941745400428772,0.0022303869482129812,1.3717701435089111,0.5804754495620728,0.8425209522247314,0.6282298564910889,1.4195245504379272,1.1574790477752686,0.5296752452850342,0.1969885677099228,0.2733362317085266,audio,text,0,0.5555555820465088,0.0,0.0,0.43644261360168457,0.5635573863983154,0.0035951267927885056,0.9941745400428772,0.0022303869482129812,0.5046916007995605,0.24035127460956573,0.2549571692943573,audio,text,1,0.0396602489054203,1.0362093448638916,0.50254887342453,0.32912677526474,0.7912946939468384,0.2938084304332733,0.43013736605644226,0.13632893562316895,0.45750000773621835,0.5424999922637815,0
78,cXypl4FnoZo$_$21,-0.6000000238418579,-0.680199384689331,0.0027196998707950115,0.992921769618988,0.004358555655926466,-0.578269898891449,-0.43354570865631104,-0.5975791215896606,0.021730124950408936,0.16645431518554688,0.0024209022521972656,0.3497794270515442,0.2918959856033325,0.3583246171474457,audio,vision,0,0.6190476417541504,0.5161290168762207,0.5810810923576355,0.459989070892334,0.540010929107666,0.0027196998707950115,0.992921769618988,0.004358555655926466,0.2858714163303375,0.3239981234073639,0.3901304304599762,audio,vision,1,0.04681043326854706,1.0903431177139282,0.44594907760620117,0.07320054620504379,0.1640334129333496,-0.5045366883277893,-0.8864211440086365,0.38188445568084717,0.5593925773494112,0.44060742265058883,1
295,jUzDDGyPkXU$_$12,0.5,0.7555031180381775,0.00114865368232131,0.9971728324890137,0.0016784938052296638,1.605176568031311,1.0312049388885498,1.0903434753417969,1.105176568031311,0.5312049388885498,0.5903434753417969,0.20192070305347443,0.4137820899486542,0.384297251701355,audio,audio,1,0.6000000238418579,0.6000000238418579,0.5,0.4860755503177643,0.5139244794845581,0.00114865368232131,0.9971728324890137,0.0016784938052296638,0.274116188287735,0.38607433438301086,0.33980950713157654,audio,audio,1,0.021323909983038902,1.0889790058135986,0.4073990285396576,0.25776687264442444,0.5739716291427612,0.6665839552879333,0.849516749382019,0.1829327940940857,0.5569186996293951,0.4430813003706049,1
25,c7UH_rxdZv4$_$17,-1.399999976158142,-0.300932377576828,0.0017732103588059545,0.995602011680603,0.0026247845962643623,0.0293643306940794,-0.025962593033909798,-0.09258954226970673,1.4293643236160278,1.3740373849868774,1.307410478591919,0.30899664759635925,0.3311226963996887,0.3598807752132416,audio,vision,0,0.625,0.5277777910232544,0.5348837375640869,0.44893598556518555,0.5510640144348145,0.0017732103588059545,0.995602011680603,0.0026247845962643623,0.2921501398086548,0.3402474820613861,0.3676024377346039,audio,vision,1,0.0312199629843235,1.0941811800003052,0.43690305948257446,0.04985865205526352,0.12195387482643127,-0.15473610162734985,-0.4803867042064667,0.3256506025791168,0.39961650654166647,0.6003834934583334,0
112,d3_k5Xpfmik$_$1,2.0,1.0524126291275024,0.00203033909201622,0.9955173134803772,0.0024523420725017786,2.019523859024048,1.2998967170715332,1.3686870336532593,0.01952385902404785,0.7001032829284668,0.6313129663467407,0.5283842086791992,0.2256758064031601,0.2459399551153183,audio,text,0,0.6800000071525574,0.4285714328289032,0.488095223903656,0.4870864152908325,0.5129135847091675,0.00203033909201622,0.9955173134803772,0.0024523420725017786,0.3479253649711609,0.29569289088249207,0.3563818037509918,audio,vision,0,0.03180012106895447,1.0953083038330078,0.4665496349334717,0.32423993945121765,0.7196271419525146,0.9717987179756165,1.1373010873794556,0.1655023694038391,0.44846418318503556,0.5515358168149644,0
137,d6hH302o4v8$_$2,-1.7999999523162842,0.47406983375549316,0.002442563185468316,0.9938580393791199,0.003699364373460412,1.1316776275634766,0.7805856466293335,0.7855724096298218,2.9316775798797607,2.580585479736328,2.5855722427368164,0.24436406791210175,0.37899544835090637,0.3766404092311859,audio,audio,1,0.5454545617103577,0.4545454680919647,0.4871794879436493,0.44966211915016174,0.5503379106521606,0.002442563185468316,0.9938580393791199,0.003699364373460412,0.290237158536911,0.33392801880836487,0.37583479285240173,audio,vision,0,0.04152928292751312,1.093096137046814,0.4399533271789551,0.16434356570243835,0.35109198093414307,0.41029027104377747,0.5521291494369507,0.14183887839317322,0.5442089019862351,0.4557910980137649,1
632,yvsjCA6Y5Fc$_$1,-2.0,0.5137964487075806,0.00131613842677325,0.9964144229888916,0.0022693797945976257,1.1874538660049438,0.8247843384742737,0.849259614944458,3.1874537467956543,2.824784278869629,2.849259614944458,0.24392056465148926,0.38382214307785034,0.372257262468338,audio,audio,1,0.40740740299224854,0.5555555820465088,0.40740740299224854,0.45057639479637146,0.5494235754013062,0.00131613842677325,0.9964144229888916,0.0022693797945976257,0.23116467893123627,0.4299769699573517,0.33885836601257324,audio,audio,1,0.02612568624317646,1.0681836605072021,0.3776249885559082,0.16549710929393768,0.36266952753067017,0.4398350417613983,0.6039835214614868,0.1641484797000885,0.5511171846834864,0.44888281531651364,1
119,d3_k5Xpfmik$_$9,1.399999976158142,0.4971939027309418,0.0025293107610195875,0.9953696131706238,0.0021009999327361584,1.2581586837768555,0.7900511026382446,0.8733377456665039,0.14184129238128662,0.6099488735198975,0.5266622304916382,0.4597321152687073,0.25608500838279724,0.2841828167438507,audio,text,0,0.9090909361839294,0.53125,0.5263158082962036,0.49093979597091675,0.5090602040290833,0.0025293107610195875,0.9953696131706238,0.0021009999327361584,0.4216859042644501,0.2803781032562256,0.29793599247932434,audio,text,1,0.032697807997465134,1.0814205408096313,0.4766610562801361,0.2038922756910324,0.46810758113861084,0.43981167674064636,0.5566940903663635,0.11688241362571716,0.46353908085582135,0.5364609191441787,0
666,zhpQhgha_KU$_$7,1.0,-0.3582524061203003,0.0019090628484264016,0.9961169958114624,0.0019738920964300632,-0.07598605006933212,-0.09276989102363586,-0.11671951413154602,1.0759860277175903,1.0927698612213135,1.1167194843292236,0.3413439095020294,0.33425724506378174,0.32439887523651123,audio,text,0,0.7142857313156128,0.5384615659713745,0.4375,0.4385492503643036,0.561450719833374,0.0019090628484264016,0.9961169958114624,0.0019738920964300632,0.34837397933006287,0.34756967425346375,0.3040563464164734,audio,text,1,0.028121253475546837,1.0966529846191406,0.43236488103866577,0.016714919358491898,0.0407334640622139,-0.21517439186573029,-0.5414274334907532,0.3262530565261841,0.6005641536381947,0.3994358463618052,1
91,cXypl4FnoZo$_$8,1.399999976158142,0.8208321928977966,0.0020179771818220615,0.9940897226333618,0.0038923469837754965,1.613877296447754,1.088132619857788,1.1048487424850464,0.21387732028961182,0.311867356300354,0.2951512336730957,0.3586652874946594,0.31731727719306946,0.3240174353122711,audio,text,0,0.47826087474823,0.4084506928920746,0.5357142686843872,0.4695064425468445,0.5304935574531555,0.0020179771818220615,0.9940897226333618,0.0038923469837754965,0.25969597697257996,0.3130437433719635,0.4272603392601013,audio,vision,0,0.04001326858997345,1.077032208442688,0.45403069257736206,0.2439938485622406,0.5257446765899658,0.7368043065071106,0.9157750010490417,0.17897069454193115,0.444303753380258,0.555696246619742,0
21,c7UH_rxdZv4$_$13,-2.5999999046325684,0.2749713361263275,0.001707772840745747,0.9967395663261414,0.0015526199713349342,1.0068535804748535,0.5966380834579468,0.700607180595398,3.606853485107422,3.1966381072998047,3.300607204437256,0.24176163971424103,0.4037199914455414,0.3545183539390564,audio,audio,1,0.8888888955116272,0.65625,0.5405405163764954,0.4910666048526764,0.508933424949646,0.001707772840745747,0.9967395663261414,0.0015526199713349342,0.3776406943798065,0.3362211287021637,0.2861382067203522,audio,text,0,0.024180039763450623,1.09226655960083,0.4403456449508667,0.17412422597408295,0.41021549701690674,0.1984570473432541,0.35426947474479675,0.15581242740154266,0.5485380451948373,0.45146195480516277,1
591,wMbj6ajWbic$_$9,-2.0,0.552727997303009,0.0015352362534031272,0.9964810609817505,0.0019837263971567154,1.2873115539550781,0.8041923642158508,0.8835933208465576,3.287311553955078,2.804192304611206,2.8835933208465576,0.22293367981910706,0.4077985882759094,0.3692677915096283,audio,audio,1,0.699999988079071,0.5600000023841858,0.5333333611488342,0.47699543833732605,0.5230045318603516,0.0015352362534031272,0.9964810609817505,0.0019837263971567154,0.3171652853488922,0.338108628988266,0.3447260558605194,audio,vision,0,0.025803914293646812,1.0979870557785034,0.438914954662323,0.21152806282043457,0.4831191897392273,0.4768562316894531,0.6359180212020874,0.15906178951263428,0.549543702074494,0.450456297925506,1
26,c7UH_rxdZv4$_$16,-2.0,0.11283991485834122,0.003800575155764818,0.9933605790138245,0.0028388421051204205,0.8713422417640686,0.5274575352668762,0.6073613166809082,2.871342182159424,2.5274574756622314,2.607361316680908,0.2545843720436096,0.3913053274154663,0.3541102707386017,audio,audio,1,0.800000011920929,0.5454545617103577,0.38461539149284363,0.45914989709854126,0.5408501029014587,0.003800575155764818,0.9933605790138245,0.0028388421051204205,0.40852925181388855,0.3359752893447876,0.25549542903900146,audio,text,0,0.04444439709186554,1.0808026790618896,0.4382568299770355,0.14694185554981232,0.3438847064971924,0.12780466675758362,0.09521237015724182,0.0325922966003418,0.48981631582784674,0.5101836841721533,0
369,nbWiPyCm4g0$_$7,-1.2000000476837158,-0.4097805619239807,0.0037902628537267447,0.9925041198730469,0.0037056622095406055,0.044440992176532745,-0.03973902016878128,-0.003965437412261963,1.244441032409668,1.1602610349655151,1.1960346698760986,0.3151257038116455,0.35009223222732544,0.33478203415870667,audio,audio,1,0.7272727489471436,0.46875,0.44736841320991516,0.4406260550022125,0.5593739748001099,0.0037902628537267447,0.9925041198730469,0.0037056622095406055,0.37646108865737915,0.31128209829330444,0.3122568130493164,audio,text,0,0.0493435263633728,1.0945085287094116,0.45414799451828003,0.03449510037899017,0.08418001234531403,-0.2778165638446808,-0.5773086547851562,0.29949209094047546,0.4074866788081344,0.5925133211918656,0
522,tmZoasNr4rU$_$9,-0.6000000238418579,-0.36421966552734375,0.0033174220006912947,0.9925438165664673,0.00413872953504324,0.10921621322631836,0.1470147967338562,0.06669768691062927,0.7092162370681763,0.7470148205757141,0.6666977405548096,0.33239856362342834,0.3170585632324219,0.350542813539505,audio,vision,0,0.6399999856948853,0.550000011920929,0.4861111044883728,0.43861332535743713,0.5613867044448853,0.0033174220006912947,0.9925438165664673,0.00413872953504324,0.31539076566696167,0.356501966714859,0.32810720801353455,audio,audio,0,0.04907675087451935,1.097292184829712,0.4240279197692871,0.03280819207429886,0.08031710982322693,-0.26096317172050476,-0.49637895822525024,0.23541578650474548,0.4269588885231499,0.5730411114768502,0
333,lXPQBPVc5Cw$_$24,-1.399999976158142,-1.2734551429748535,0.0024866387248039246,0.9936935305595398,0.0038197916001081467,-1.2412960529327393,-1.0394389629364014,-1.3349230289459229,0.15870392322540283,0.3605610132217407,0.06507694721221924,0.34469062089920044,0.26782289147377014,0.3874864876270294,audio,vision,0,0.5714285969734192,0.5714285969734192,0.5199999809265137,0.4664129316806793,0.5335870981216431,0.0024866387248039246,0.9936935305595398,0.0038197916001081467,0.268659383058548,0.3754497766494751,0.3558908998966217,audio,audio,0,0.04246537387371063,1.0885860919952393,0.41216254234313965,0.12329870462417603,0.2954840660095215,-1.0934525728225708,-1.4793821573257446,0.38592958450317383,0.42948404867762036,0.5705159513223796,0
395,nzpVDcQ0ywM$_$19,-2.0,0.9247480630874634,0.002936930861324072,0.9919831156730652,0.005079980008304119,1.7688111066818237,1.1440786123275757,1.1850866079330444,3.7688112258911133,3.1440787315368652,3.185086727142334,0.1901922971010208,0.41527920961380005,0.39452841877937317,audio,audio,1,0.5,0.35185185074806213,0.5,0.46855857968330383,0.5314414501190186,0.002936930861324072,0.9919831156730652,0.005079980008304119,0.28861820697784424,0.29389914870262146,0.4174825847148895,audio,vision,0,0.05194282531738281,1.0832127332687378,0.46538931131362915,0.28532761335372925,0.624732494354248,0.873252272605896,0.983154833316803,0.10990256071090698,0.5342906372352948,0.4657093627647052,1
196,etzxEpPuc6I$_$9,-2.799999952316284,-0.004903815686702728,0.0015217724721878767,0.996326744556427,0.002151420107111335,0.5384176969528198,0.33540165424346924,0.3952125012874603,3.3384175300598145,3.135401725769043,3.1952123641967773,0.28695201873779297,0.3698452413082123,0.34320273995399475,audio,audio,1,0.6190476417541504,0.5555555820465088,0.5066666603088379,0.44304561614990234,0.5569543838500977,0.0015217724721878767,0.996326744556427,0.002151420107111335,0.2892895042896271,0.36032411456108093,0.3503863513469696,audio,audio,1,0.0267527773976326,1.0940717458724976,0.4240017831325531,0.08517993241548538,0.20301604270935059,0.027013465762138367,-0.04502715915441513,0.0720406249165535,0.4775025056095349,0.5224974943904651,0
607,yDtzw_Y-7RU$_$22,2.0,0.7366839647293091,0.002498079789802432,0.9940670728683472,0.0034348350018262863,1.6522575616836548,0.8927985429763794,1.0290414094924927,0.3477424383163452,1.1072014570236206,0.9709585905075073,0.5417535305023193,0.20966002345085144,0.2485864907503128,audio,text,0,0.7142857313156128,0.5,0.5789473652839661,0.5041323900222778,0.49586760997772217,0.002498079789802432,0.9940670728683472,0.0034348350018262863,0.32635191082954407,0.3011670410633087,0.37248101830482483,audio,vision,0,0.04037286713719368,1.0947203636169434,0.4619333744049072,0.3306119740009308,0.7594590187072754,0.6630609631538391,0.8090999722480774,0.14603900909423828,0.4544891234149324,0.5455108765850676,1
307,k5Y_838nuGo$_$21,-0.20000000298023224,-0.948333203792572,0.003131564473733306,0.9901500940322876,0.006718373391777277,-0.8416257500648499,-0.7182784676551819,-0.8804516792297363,0.6416257619857788,0.5182784795761108,0.6804516911506653,0.32058146595954895,0.3740242123603821,0.30539438128471375,audio,audio,1,0.5833333134651184,0.5454545617103577,0.7037037014961243,0.47281184792518616,0.5271881818771362,0.003131564473733306,0.9901500940322876,0.006718373391777277,0.2430330067873001,0.3111153841018677,0.4458516240119934,audio,vision,0,0.061469923704862595,1.0671850442886353,0.4526898264884949,0.069139264523983,0.16217321157455444,-0.7813401222229004,-1.1345314979553223,0.3531913757324219,0.6086138247160212,0.3913861752839789,1
298,jUzDDGyPkXU$_$17,-2.799999952316284,-0.42484521865844727,0.0013647349551320076,0.9959047436714172,0.0027304966934025288,-0.2611379325389862,-0.18266811966896057,-0.27795106172561646,2.5388619899749756,2.6173317432403564,2.5220489501953125,0.34155237674713135,0.3096410930156708,0.3488065302371979,audio,vision,0,0.4285714328289032,0.4761904776096344,0.4615384638309479,0.4329357445240021,0.5670642852783203,0.0013647349551320076,0.9959047436714172,0.0027304966934025288,0.236855611205101,0.37501290440559387,0.38813143968582153,audio,vision,1,0.029208581894636154,1.0762869119644165,0.4139278829097748,0.04152512922883034,0.09528294205665588,-0.25471261143684387,-0.6476868391036987,0.39297422766685486,0.37960673071891377,0.6203932692810862,0
167,dq3Nf_lMPnE$_$12,-1.600000023841858,0.25193992257118225,0.001671911682933569,0.9962953925132751,0.0020326771773397923,0.8689565062522888,0.5429873466491699,0.6106870174407959,2.468956470489502,2.1429872512817383,2.2106871604919434,0.25746405124664307,0.38696780800819397,0.3555680811405182,audio,audio,1,0.6428571343421936,0.5,0.4516128897666931,0.44824156165122986,0.5517584085464478,0.001671911682933569,0.9962953925132751,0.0020326771773397923,0.3229115903377533,0.3433021008968353,0.3337863087654114,audio,audio,1,0.02698691375553608,1.0982997417449951,0.4353289008140564,0.1404525637626648,0.3259691596031189,0.19612042605876923,0.3206503987312317,0.12452997267246246,0.5388372266788506,0.46116277332114947,1
162,d6hH302o4v8$_$33,-3.0,0.6668432950973511,0.004708646796643734,0.9917504191398621,0.0035409480333328247,1.5618709325790405,0.9251444339752197,1.0065996646881104,4.56187105178833,3.9251444339752197,4.006599426269531,0.19163186848163605,0.4247431457042694,0.38362497091293335,audio,audio,1,0.800000011920929,0.4285714328289032,0.375,0.4824609160423279,0.5175390839576721,0.004708646796643734,0.9917504191398621,0.0035409480333328247,0.43911707401275635,0.28878965973854065,0.2720932960510254,audio,text,0,0.05342888832092285,1.0742411613464355,0.4686405062675476,0.28291767835617065,0.6367264986038208,0.6288508176803589,0.707598090171814,0.07874727249145508,0.5245886720017664,0.47541132799823355,1
385,nzpVDcQ0ywM$_$9,-2.200000047683716,-0.3190828263759613,0.002771944273263216,0.9925133585929871,0.004714727867394686,0.042683087289333344,0.06678493320941925,-0.055565670132637024,2.242683172225952,2.266784906387329,2.1444344520568848,0.3224773705005646,0.31290698051452637,0.36461570858955383,audio,vision,0,0.5600000023841858,0.4897959232330322,0.5641025900840759,0.448199987411499,0.551800012588501,0.002771944273263216,0.9925133585929871,0.004714727867394686,0.2728145122528076,0.3279942274093628,0.399191290140152,audio,vision,1,0.04903740435838699,1.086593747138977,0.4430127739906311,0.052918583154678345,0.12235060334205627,-0.17533288896083832,-0.4960601329803467,0.32072722911834717,0.4010939492568809,0.598906050743119,0
322,k5Y_838nuGo$_$10,2.0,0.5638409852981567,0.0014324382646009326,0.9961367249488831,0.0024308068677783012,1.2648314237594604,0.8648370504379272,0.9032093286514282,0.7351685762405396,1.1351629495620728,1.0967906713485718,0.4458570182323456,0.2704278528690338,0.2837150990962982,audio,text,0,0.5454545617103577,0.517241358757019,0.529411792755127,0.4640669524669647,0.5359330177307129,0.0014324382646009326,0.9961367249488831,0.0024308068677783012,0.2652423679828644,0.35107237100601196,0.3836852014064789,audio,vision,0,0.027868248522281647,1.0870403051376343,0.43004292249679565,0.18019694089889526,0.3999943733215332,0.4756834805011749,0.6656506657600403,0.18996718525886536,0.44091263947140785,0.5590873605285921,0
644,yvsjCA6Y5Fc$_$12,-0.6000000238418579,-0.3903828263282776,0.0017912144539877772,0.9950618147850037,0.003147007431834936,-0.20575924217700958,-0.1448071449995041,-0.258222371339798,0.3942407965660095,0.4551928639411926,0.34177765250205994,0.3339548408985138,0.30945590138435364,0.35658928751945496,audio,vision,0,0.5,0.5210084319114685,0.5070422291755676,0.4408546984195709,0.5591453313827515,0.0017912144539877772,0.9950618147850037,0.003147007431834936,0.25339558720588684,0.3678271174430847,0.37877732515335083,audio,vision,1,0.03438600152730942,1.0834612846374512,0.4181564748287201,0.04634478688240051,0.11341522634029388,-0.24068668484687805,-0.5802455544471741,0.339558869600296,0.39545273391714675,0.6045472660828534,0
19,c7UH_rxdZv4$_$11,1.0,0.23773415386676788,0.0021268650889396667,0.9952795505523682,0.002593608107417822,0.8333418369293213,0.5601011514663696,0.5784070491790771,0.1666581630706787,0.43989884853363037,0.42159295082092285,0.4102086126804352,0.2915218770503998,0.29826951026916504,audio,text,0,0.5833333134651184,0.4749999940395355,0.40425533056259155,0.43714016675949097,0.562859833240509,0.0021268650889396667,0.9952795505523682,0.002593608107417822,0.3169079124927521,0.35544776916503906,0.3276442885398865,audio,audio,0,0.033240266144275665,1.0974340438842773,0.42655453085899353,0.12471625953912735,0.27324068546295166,0.18401993811130524,0.3068963587284088,0.12287642061710358,0.46167643176102835,0.5383235682389717,0
186,etzxEpPuc6I$_$16,-2.4000000953674316,-0.2047971785068512,0.0022849026136100292,0.9947827458381653,0.002932399045675993,0.2984807789325714,0.17241808772087097,0.21280193328857422,2.6984808444976807,2.572418212890625,2.612802028656006,0.3045330047607422,0.35650837421417236,0.33895859122276306,audio,audio,1,0.75,0.4444444477558136,0.5813953280448914,0.45631611347198486,0.5436838865280151,0.0022849026136100292,0.9947827458381653,0.002932399045675993,0.3501637279987335,0.2693653404712677,0.3804709315299988,audio,vision,0,0.036200638860464096,1.088435173034668,0.4836115837097168,0.05256056785583496,0.12606269121170044,-0.04148884862661362,-0.3993730843067169,0.3578842282295227,0.3899897521357774,0.6100102478642225,0
402,ob23OKe5a9Q$_$1,1.2000000476837158,1.1171706914901733,0.0016833968693390489,0.9966281056404114,0.001688492251560092,2.156993865966797,1.397789478302002,1.4443527460098267,0.956993818283081,0.19778943061828613,0.24435269832611084,0.16610684990882874,0.4290771186351776,0.40481600165367126,audio,audio,1,0.75,0.6206896305084229,0.47058823704719543,0.5073296427726746,0.49267035722732544,0.0016833968693390489,0.9966281056404114,0.001688492251560092,0.34080255031585693,0.36781543493270874,0.2913820147514343,audio,audio,1,0.02489713951945305,1.0940461158752441,0.41920846700668335,0.34743770956993103,0.7592043876647949,1.041231632232666,1.1909154653549194,0.14968383312225342,0.4533597886571628,0.5466402113428372,1
43,cM3Yna7AavY$_$5,2.799999952316284,0.05977626144886017,0.003375741420313716,0.9921454787254333,0.004478817339986563,0.665896475315094,0.4215744137763977,0.47207367420196533,2.134103536605835,2.3784255981445312,2.3279261589050293,0.39656344056129456,0.29219850897789,0.31123805046081543,audio,text,0,0.6666666865348816,0.4651162922382355,0.5384615659713745,0.4430602192878723,0.5569397807121277,0.003375741420313716,0.9921454787254333,0.004478817339986563,0.3270578682422638,0.30406269431114197,0.36887940764427185,audio,vision,0,0.05125860869884491,1.0953969955444336,0.4587218463420868,0.10530945658683777,0.2443220615386963,0.06197800114750862,0.05700860545039177,0.004969395697116852,0.5015529311619317,0.4984470688380683,1
58,cW1FSBF59ik$_$4,1.600000023841858,0.5050622224807739,0.0011152108199894428,0.9970308542251587,0.0018538892036303878,1.2166855335235596,0.7950582504272461,0.8843420743942261,0.38331449031829834,0.8049417734146118,0.7156579494476318,0.44436344504356384,0.26233142614364624,0.2933051288127899,audio,text,0,0.4166666567325592,0.4556961953639984,0.38461539149284363,0.4437466859817505,0.5562533140182495,0.0011152108199894428,0.9970308542251587,0.0018538892036303878,0.2536860406398773,0.3862985670566559,0.3600154221057892,audio,audio,0,0.022208543494343758,1.0831910371780396,0.4071548879146576,0.18141214549541473,0.4216272830963135,0.4287726879119873,0.6006940007209778,0.17192131280899048,0.44648040473381057,0.5535195952661893,0
612,yDtzw_Y-7RU$_$5,0.5,0.8151411414146423,0.0011768382973968983,0.996928870677948,0.0018943450413644314,1.6195687055587769,1.0876346826553345,1.1243197917938232,1.1195687055587769,0.5876346826553345,0.6243197917938232,0.2082676738500595,0.4049411118030548,0.38679128885269165,audio,audio,1,0.4736842215061188,0.5846154093742371,0.43589743971824646,0.4724397361278534,0.5275602340698242,0.0011768382973968983,0.996928870677948,0.0018943450413644314,0.24298030138015747,0.4228959381580353,0.33412379026412964,audio,audio,1,0.022879499942064285,1.0740001201629639,0.38268861174583435,0.2425720989704132,0.5319340229034424,0.7401388883590698,0.8988940119743347,0.1587551236152649,0.5494488080998952,0.45055119190010473,1
557,vyB00TXsimI$_$2,-2.4000000953674316,-0.11974699795246124,0.0011975782690569758,0.9950780868530273,0.0037242546677589417,0.3681378960609436,0.08686038106679916,0.21997404098510742,2.7681379318237305,2.486860513687134,2.619974136352539,0.2758772671222687,0.3921140730381012,0.33200860023498535,audio,audio,1,0.29629629850387573,0.4888888895511627,0.5648148059844971,0.4465410113334656,0.5534589886665344,0.0011975782690569758,0.9950780868530273,0.0037242546677589417,0.17681725323200226,0.36939385533332825,0.4537888467311859,audio,vision,0,0.03379575535655022,1.0327857732772827,0.41712284088134766,0.1148858442902565,0.28127750754356384,-0.04104206711053848,-0.21729671955108643,0.17625465989112854,0.4451421425667576,0.5548578574332423,0
371,nbWiPyCm4g0$_$9,-1.399999976158142,0.01608457788825035,0.002346114721149206,0.9925523996353149,0.005101560149341822,0.6068543195724487,0.49341079592704773,0.4517785310745239,2.006854295730591,1.8934108018875122,1.851778507232666,0.29706570506095886,0.34232398867607117,0.36061033606529236,audio,vision,0,0.5,0.5957446694374084,0.625,0.446804404258728,0.553195595741272,0.002346114721149206,0.9925523996353149,0.005101560149341822,0.22688572108745575,0.36649376153945923,0.4066205620765686,audio,vision,1,0.04855259135365486,1.0703260898590088,0.4173724055290222,0.06553301215171814,0.1550757884979248,0.03507830202579498,-0.007431854493916035,0.04251015558838844,0.48671870104644416,0.5132812989535558,0
375,nzpVDcQ0ywM$_$21,-1.399999976158142,-0.018769048154354095,0.002176149981096387,0.9942820072174072,0.003541909623891115,0.5177814364433289,0.3649801015853882,0.3766911029815674,1.9177813529968262,1.7649800777435303,1.7766910791397095,0.29382967948913574,0.35566943883895874,0.35050085186958313,audio,audio,1,0.6000000238418579,0.5769230723381042,0.5714285969734192,0.44432133436203003,0.55567866563797,0.002176149981096387,0.9942820072174072,0.003541909623891115,0.2698327898979187,0.3571111559867859,0.3730560541152954,audio,vision,0,0.03902913257479668,1.08903169631958,0.42478054761886597,0.0694357231259346,0.15280133485794067,0.005944760516285896,-0.04967671260237694,0.05562147498130798,0.4826252881731399,0.5173747118268602,0
641,yvsjCA6Y5Fc$_$11,2.0,0.4439373016357422,0.0014077926753088832,0.9959462285041809,0.002646048553287983,1.1591426134109497,0.6715277433395386,0.7578938007354736,0.8408573865890503,1.3284722566604614,1.2421061992645264,0.46529003977775574,0.2529374957084656,0.2817724943161011,audio,text,0,0.529411792755127,0.5365853905677795,0.5510203838348389,0.47374165058135986,0.5262583494186401,0.0014077926753088832,0.9959462285041809,0.002646048553287983,0.2500055730342865,0.3580559194087982,0.3919385075569153,audio,vision,0,0.02899218536913395,1.0814321041107178,0.42526018619537354,0.21245338022708893,0.48761487007141113,0.35974082350730896,0.537467360496521,0.17772653698921204,0.44468776146763006,0.5553122385323699,0
269,iiK8YX8oH1E$_$5,-0.4000000059604645,0.2259836047887802,0.001738059800118208,0.9956467747688293,0.0026150979101657867,0.7526848912239075,0.5427534580230713,0.5524532794952393,1.1526849269866943,0.9427534341812134,0.9524532556533813,0.27898186445236206,0.3626945912837982,0.3583235442638397,audio,audio,1,0.5428571701049805,0.4876033067703247,0.4749999940395355,0.43530091643333435,0.5646990537643433,0.001738059800118208,0.9956467747688293,0.0026150979101657867,0.28174686431884766,0.35279399156570435,0.3654591143131256,audio,vision,0,0.03093961998820305,1.092339038848877,0.4285685420036316,0.0967574194073677,0.20993143320083618,0.18211309611797333,0.28289511799812317,0.10078202188014984,0.5314527956295253,0.46854720437047465,1
255,fvVhgmXxadc$_$9,-0.4000000059604645,-0.04637138545513153,0.001765876542776823,0.9962969422340393,0.0019371605012565851,0.5413041114807129,0.2406986653804779,0.3301349878311157,0.941304087638855,0.6406986713409424,0.7301349639892578,0.2660868763923645,0.38744720816612244,0.3464658558368683,audio,audio,1,0.692307710647583,0.6969696879386902,0.44999998807907104,0.4665757715702057,0.5334242582321167,0.001765876542776823,0.9962969422340393,0.0019371605012565851,0.2991262972354889,0.42601531744003296,0.2748584449291229,audio,audio,1,0.02699078992009163,1.0795021057128906,0.3801878094673157,0.12603124976158142,0.300605446100235,-0.021442636847496033,-0.07487179338932037,0.05342915654182434,0.4833095919849786,0.5166904080150215,0
491,tStelxIAHjw$_$12,-1.0,0.45785969495773315,0.0017313541611656547,0.996545135974884,0.001723553752526641,1.2126399278640747,0.8071443438529968,0.8616634607315063,2.212639808654785,1.8071444034576416,1.8616634607315063,0.23748411238193512,0.3942440450191498,0.3682717978954315,audio,audio,1,0.75,0.6551724076271057,0.47058823704719543,0.4786035418510437,0.5213964581489563,0.0017313541611656547,0.996545135974884,0.001723553752526641,0.3324097990989685,0.3852750360965729,0.2823151648044586,audio,audio,1,0.025425897911190987,1.0906391143798828,0.4075133800506592,0.17968598008155823,0.4054955840110779,0.3867753744125366,0.5352998375892639,0.1485244631767273,0.5462810365058309,0.45371896349416896,1
144,d6hH302o4v8$_$39,-3.0,-0.18835246562957764,0.004474766086786985,0.9905959367752075,0.004929352086037397,0.3362301290035248,0.2834749221801758,0.2705342769622803,3.3362300395965576,3.283474922180176,3.2705342769622803,0.3170825242996216,0.3386971056461334,0.3442203104496002,audio,vision,0,0.7777777910232544,0.4642857015132904,0.5588235259056091,0.4486979842185974,0.5513020157814026,0.004474766086786985,0.9905959367752075,0.004929352086037397,0.37491124868392944,0.2750384509563446,0.35005033016204834,audio,text,0,0.059752460569143295,1.0902847051620483,0.47703832387924194,0.02841462567448616,0.0656958520412445,-0.05381253361701965,-0.35365772247314453,0.2998451888561249,0.4073801176427739,0.5926198823572262,0
564,vyB00TXsimI$_$11,-0.20000000298023224,0.0633215457201004,0.001827738364227116,0.9940488338470459,0.004123464226722717,0.6186779141426086,0.3812728822231293,0.4300694167613983,0.8186779022216797,0.5812729001045227,0.6300694346427917,0.27690407633781433,0.3725709319114685,0.3505249321460724,audio,audio,1,0.3333333432674408,0.4054054021835327,0.46666666865348816,0.4254538118839264,0.574546217918396,0.001827738364227116,0.9940488338470459,0.004123464226722717,0.22122743725776672,0.35553696751594543,0.42323553562164307,audio,vision,0,0.0400988943874836,1.0653148889541626,0.42567455768585205,0.10236938297748566,0.23740503191947937,0.02973608300089836,0.10867641121149063,0.07894033193588257,0.524648855654058,0.47535114434594194,1
353,lXPQBPVc5Cw$_$10,-2.200000047683716,-0.11289562284946442,0.002837579697370529,0.9930543303489685,0.004108038730919361,0.4307069480419159,0.34603992104530334,0.34055501222610474,2.630707025527954,2.5460400581359863,2.540555000305176,0.30950918793678284,0.34406188130378723,0.3464289605617523,audio,vision,0,0.5714285969734192,0.5,0.4972677528858185,0.4293130040168762,0.5706869959831238,0.002837579697370529,0.9930543303489685,0.004108038730919361,0.2920168936252594,0.3465893268585205,0.3613937795162201,audio,vision,1,0.04613621160387993,1.094529390335083,0.4309767186641693,0.04126602038741112,0.09015193581581116,-0.05782070755958557,-0.186106875538826,0.12828616797924042,0.45999625912337394,0.5400037408766261,0
63,cW1FSBF59ik$_$11,-1.0,-1.1080904006958008,0.002384316409006715,0.9937452077865601,0.003870483487844467,-1.0754448175430298,-0.855279803276062,-1.1274659633636475,0.07544481754302979,0.144720196723938,0.12746596336364746,0.35037416219711304,0.3213103115558624,0.32831552624702454,audio,text,0,0.529411792755127,0.5529412031173706,0.5048543810844421,0.45952102541923523,0.5404789447784424,0.002384316409006715,0.9937452077865601,0.003870483487844467,0.26039519906044006,0.37798017263412476,0.3616245687007904,audio,audio,0,0.042131803929805756,1.0859439373016357,0.41051000356674194,0.11797560751438141,0.27218616008758545,-0.9385741949081421,-1.3074718713760376,0.3688976764678955,0.5762889831361024,0.42371101686389756,1
151,d6hH302o4v8$_$14,-1.7999999523162842,-1.3446727991104126,0.0030005534645169973,0.9925538897514343,0.004445546306669712,-1.3073118925094604,-1.0942206382751465,-1.402761697769165,0.49268805980682373,0.7057793140411377,0.39723825454711914,0.3456760346889496,0.2648431956768036,0.38948071002960205,audio,vision,0,0.6428571343421936,0.517241358757019,0.5714285969734192,0.47359979152679443,0.5264002084732056,0.0030005534645169973,0.9925538897514343,0.004445546306669712,0.29741570353507996,0.3224513828754425,0.38013288378715515,audio,vision,1,0.04892481118440628,1.0932825803756714,0.4467349946498871,0.1289772093296051,0.30854105949401855,-1.1479568481445312,-1.5633201599121094,0.4153633117675781,0.37303835126445195,0.626961648735548,0
184,etzxEpPuc6I$_$14,-1.2000000476837158,0.3870939314365387,0.0014101240085437894,0.9956480860710144,0.0029418277554214,1.0071793794631958,0.6629239916801453,0.7090641260147095,2.207179546356201,1.8629240989685059,1.9090641736984253,0.25066953897476196,0.38546669483184814,0.3638637959957123,audio,audio,1,0.5199999809265137,0.46666666865348816,0.6000000238418579,0.4649451971054077,0.5350548028945923,0.0014101240085437894,0.9956480860710144,0.0029418277554214,0.2478572577238083,0.31281009316444397,0.43933260440826416,audio,vision,0,0.030745679512619972,1.0706220865249634,0.4552253186702728,0.15257543325424194,0.34425538778305054,0.30309486389160156,0.4837593138217926,0.18066444993019104,0.5562189156616019,0.4437810843383982,1
29,c7UH_rxdZv4$_$31,-1.399999976158142,0.47299808263778687,0.0018160814652219415,0.9952730536460876,0.002910869661718607,1.100271224975586,0.7833973169326782,0.804668664932251,2.5002713203430176,2.1833972930908203,2.2046685218811035,0.25425735116004944,0.3778281509876251,0.36791449785232544,audio,audio,1,0.5882353186607361,0.5280898809432983,0.5514018535614014,0.45966270565986633,0.540337324142456,0.0018160814652219415,0.9952730536460876,0.002910869661718607,0.27703458070755005,0.34237655997276306,0.3805888295173645,audio,vision,0,0.03317461162805557,1.0902419090270996,0.43526431918144226,0.1446230411529541,0.3168739080429077,0.39798662066459656,0.5611746907234192,0.16318807005882263,0.5508201753776103,0.4491798246223896,1
467,rnaNMUZpvvg$_$16,-1.7999999523162842,0.4157128930091858,0.0025176103226840496,0.9944615960121155,0.0030207533854991198,1.245265245437622,0.7719463109970093,0.8873764276504517,3.0452651977539062,2.571946144104004,2.6873764991760254,0.22877301275730133,0.41338497400283813,0.35784196853637695,audio,audio,1,0.800000011920929,0.2857142984867096,0.5882353186607361,0.47587940096855164,0.524120569229126,0.0025176103226840496,0.9944615960121155,0.0030207533854991198,0.3977142572402954,0.20236161351203918,0.399924099445343,audio,vision,0,0.038116682320833206,1.0565366744995117,0.5280666351318359,0.20150528848171234,0.4733189344406128,0.2872338891029358,0.5572161674499512,0.2699822783470154,0.5835777322481245,0.4164222677518756,1
75,cXypl4FnoZo$_$26,0.6000000238418579,0.6930248141288757,0.0017209064681082964,0.9956904053688049,0.0025886963121593,1.4789347648620605,0.9931020140647888,1.0369415283203125,0.8789347410202026,0.3931019902229309,0.4369415044784546,0.21867342293262482,0.40136468410491943,0.37996193766593933,audio,audio,1,0.5714285969734192,0.46666666865348816,0.5,0.4664945602416992,0.5335054397583008,0.0017209064681082964,0.9956904053688049,0.0025886963121593,0.2920682430267334,0.33114635944366455,0.37678536772727966,audio,vision,0,0.03067350946366787,1.09322190284729,0.44302934408187866,0.21942181885242462,0.48583275079727173,0.6097940802574158,0.7882114052772522,0.17841732501983643,0.5555254578111765,0.4444745421888236,1
508,tmZoasNr4rU$_$15,0.25,0.3699205815792084,0.0016408046940341592,0.9955368041992188,0.002822380978614092,1.061271071434021,0.6180545091629028,0.7203781604766846,0.811271071434021,0.36805450916290283,0.47037816047668457,0.23410789668560028,0.40740302205085754,0.35848912596702576,audio,audio,1,0.5833333134651184,0.4615384638309479,0.5625,0.4719493091106415,0.5280506610870361,0.0016408046940341592,0.9955368041992188,0.002822380978614092,0.28127989172935486,0.31269577145576477,0.40602436661720276,audio,vision,0,0.03154284134507179,1.086260199546814,0.4552273750305176,0.1894785314798355,0.44321656227111816,0.26632505655288696,0.485830694437027,0.21950563788414001,0.5681683732893216,0.4318316267106785,1
532,v0zCBqDeKcE$_$3,0.6000000238418579,-0.15127421915531158,0.002008599927648902,0.9942723512649536,0.0037190550938248634,0.3433930575847626,0.23324722051620483,0.2649933993816376,0.25660696625709534,0.3667528033256531,0.33500662446022034,0.359967976808548,0.31366732716560364,0.32636475563049316,audio,text,0,0.5,0.47999998927116394,0.5333333611488342,0.4368131756782532,0.5631868243217468,0.002008599927648902,0.9942723512649536,0.0037190550938248634,0.2551071047782898,0.3424805700778961,0.4024122953414917,audio,vision,0,0.03899069130420685,1.081783413887024,0.4345278739929199,0.04629186540842056,0.11014583706855774,-0.0562937892973423,-0.2737332582473755,0.2174394726753235,0.5675345859361679,0.43246541406383215,1
130,d6hH302o4v8$_$23,-2.5999999046325684,-0.2667004466056824,0.003112994134426117,0.993436336517334,0.0034507231321185827,0.15763597190380096,0.1738407164812088,0.03587034344673157,2.7576358318328857,2.7738406658172607,2.6358702182769775,0.31803086400032043,0.31165358424186707,0.3703155815601349,audio,vision,0,0.6666666865348816,0.5,0.44999998807907104,0.441546767950058,0.5584532022476196,0.003112994134426117,0.993436336517334,0.0034507231321185827,0.34060850739479065,0.3374403119087219,0.32195115089416504,audio,text,0,0.04407352954149246,1.0983116626739502,0.4373306632041931,0.06157676875591278,0.13797037303447723,-0.12599751353263855,-0.4446566700935364,0.3186591565608978,0.401715096467321,0.5982849035326789,0
474,tIrG4oNLFzE$_$15,-2.0,0.5103780627250671,0.0022237375378608704,0.9950246214866638,0.0027515918482095003,1.1733698844909668,0.8261108994483948,0.8400167226791382,3.173369884490967,2.82611083984375,2.8400168418884277,0.2462770938873291,0.38013672828674316,0.37358614802360535,audio,audio,1,0.625,0.5211267471313477,0.4642857015132904,0.45308566093444824,0.5469143390655518,0.0022237375378608704,0.9950246214866638,0.0027515918482095003,0.3138897716999054,0.35293978452682495,0.3331703841686249,audio,audio,1,0.034769028425216675,1.0974681377410889,0.4280565679073334,0.1605222523212433,0.347258985042572,0.45260632038116455,0.5801135897636414,0.1275072693824768,0.539761883752837,0.46023811624716315,1
501,tStelxIAHjw$_$6,1.600000023841858,1.1215565204620361,0.0015498765278607607,0.9964544773101807,0.001995679922401905,2.0940959453582764,1.393305778503418,1.4164515733718872,0.49409592151641846,0.20669424533843994,0.1835484504699707,0.2559797465801239,0.3666289448738098,0.3773913085460663,audio,vision,0,0.7142857313156128,0.6428571343421936,0.5625,0.5089318156242371,0.49106818437576294,0.0015498765278607607,0.9964544773101807,0.001995679922401905,0.3021226227283478,0.3656854033470154,0.3321920335292816,audio,audio,0,0.025972943753004074,1.0955798625946045,0.42051276564598083,0.32503753900527954,0.7007901668548584,1.0369576215744019,1.20318603515625,0.16622841358184814,0.44823971530613066,0.5517602846938694,1
480,tIrG4oNLFzE$_$3,2.5999999046325684,1.1728968620300293,0.0019067766843363643,0.9942459464073181,0.0038472958840429783,2.1370391845703125,1.4209461212158203,1.4706331491470337,0.46296072006225586,1.179053783416748,1.1293667554855347,0.5425053238868713,0.2216459959745407,0.23584863543510437,audio,text,0,0.5714285969734192,0.3589743673801422,0.6382978558540344,0.5027015805244446,0.4972984194755554,0.0019067766843363643,0.9942459464073181,0.0038472958840429783,0.2759113013744354,0.2519327402114868,0.472155898809433,audio,vision,0,0.03907078132033348,1.05692458152771,0.494875431060791,0.3264889121055603,0.7160930633544922,1.0575231313705444,1.2870304584503174,0.22950732707977295,0.4287668471114619,0.5712331528885382,1
69,cW1FSBF59ik$_$17,2.4000000953674316,1.1575522422790527,0.0012570690596476197,0.9962285757064819,0.002514374442398548,2.282207727432251,1.2584608793258667,1.4919941425323486,0.11779236793518066,1.141539216041565,0.908005952835083,0.6058650016784668,0.16850639879703522,0.22562859952449799,audio,text,0,0.5,0.4615384638309479,0.5333333611488342,0.5168773531913757,0.48312264680862427,0.0012570690596476197,0.9962285757064819,0.002514374442398548,0.2526698410511017,0.33453211188316345,0.4127979874610901,audio,vision,0,0.02721058391034603,1.079153299331665,0.44113096594810486,0.4380554258823395,1.0237468481063843,1.06332266330719,1.2456281185150146,0.1823054552078247,0.4432748118825414,0.5567251881174586,1
101,cXypl4FnoZo$_$18,-0.25,-0.6749210357666016,0.0019336231052875519,0.995278000831604,0.002788403071463108,-0.561271607875824,-0.4414594769477844,-0.6420350074768066,0.311271607875824,0.19145947694778442,0.39203500747680664,0.3262072503566742,0.37890973687171936,0.29488295316696167,audio,audio,1,0.6190476417541504,0.5890411138534546,0.5287356376647949,0.46246275305747986,0.5375372171401978,0.0019336231052875519,0.995278000831604,0.002788403071463108,0.2800527513027191,0.37124231457710266,0.34870490431785583,audio,audio,1,0.03319497033953667,1.0916796922683716,0.41602379083633423,0.08240026980638504,0.20057553052902222,-0.49304112792015076,-0.8863266110420227,0.39328548312187195,0.6204848929373229,0.37951510706267716,1
135,d6hH302o4v8$_$1,-2.799999952316284,1.122836947441101,0.005894886329770088,0.9885907769203186,0.005514339078217745,2.2179501056671143,1.496948480606079,1.4926228523254395,5.017950057983398,4.296948432922363,4.2926225662231445,0.16838636994361877,0.4146825969219208,0.41693100333213806,audio,vision,0,0.8333333134651184,0.4749999940395355,0.5416666865348816,0.5042804479598999,0.4957195520401001,0.005894886329770088,0.9885907769203186,0.005514339078217745,0.41373786330223083,0.266846626996994,0.31941550970077515,audio,text,0,0.07028305530548096,1.0821959972381592,0.48116278648376465,0.3409075438976288,0.7253272533416748,1.0940476655960083,1.1511375904083252,0.057089924812316895,0.5178330341140729,0.48216696588592717,0
370,nbWiPyCm4g0$_$6,0.0,0.558125376701355,0.002339546103030443,0.993767261505127,0.003893225686624646,1.2924758195877075,0.8655890226364136,0.9053053855895996,1.2924758195877075,0.8655890226364136,0.9053053855895996,0.23107680678367615,0.3940030336380005,0.37492018938064575,audio,audio,1,0.5,0.5,0.4883720874786377,0.45576250553131104,0.544237494468689,0.002339546103030443,0.993767261505127,0.003893225686624646,0.26564890146255493,0.3628568649291992,0.37149420380592346,audio,vision,0,0.04198738560080528,1.0878455638885498,0.42060694098472595,0.19255897402763367,0.42688679695129395,0.49663200974464417,0.6315560936927795,0.13492408394813538,0.542064115587196,0.457935884412804,1
615,yDtzw_Y-7RU$_$6,-1.2000000476837158,-0.8266967535018921,0.002341301180422306,0.9943947792053223,0.0032638779375702143,-0.7263169884681702,-0.5811557769775391,-0.8133630752563477,0.47368305921554565,0.6188442707061768,0.38663697242736816,0.3390972316265106,0.2828269898891449,0.3780757188796997,audio,vision,0,0.6326530575752258,0.462184876203537,0.5244755148887634,0.4611786901950836,0.5388213396072388,0.002341301180422306,0.9943947792053223,0.0032638779375702143,0.3121181130409241,0.31088003516197205,0.3770018219947815,audio,vision,1,0.038456011563539505,1.0944055318832397,0.45567649602890015,0.09578274190425873,0.2322072982788086,-0.614896297454834,-1.0741552114486694,0.45925891399383545,0.3602973854430124,0.6397026145569876,0
270,iiK8YX8oH1E$_$4,-2.0,-0.4097972512245178,0.0016531251603737473,0.9949778914451599,0.0033689243718981743,-0.17924152314662933,-0.1412540078163147,-0.2509511113166809,1.8207584619522095,1.85874605178833,1.7490489482879639,0.32814833521842957,0.3129305839538574,0.358921080827713,audio,vision,0,0.6470588445663452,0.5681818127632141,0.7169811129570007,0.47589364647865295,0.5241063833236694,0.0016531251603737473,0.9949778914451599,0.0033689243718981743,0.25274038314819336,0.30613037943840027,0.44112923741340637,audio,vision,1,0.034777700901031494,1.0710251331329346,0.4592317044734955,0.0454835444688797,0.10969710350036621,-0.22303259372711182,-0.6154830455780029,0.3924504518508911,0.37976093294927976,0.6202390670507203,0
95,cXypl4FnoZo$_$12,2.0,1.0336341857910156,0.001497006742283702,0.9953568577766418,0.003146112896502018,1.9988797903060913,1.3382623195648193,1.3674134016036987,0.0011202096939086914,0.6617376804351807,0.6325865983963013,0.5285288095474243,0.23144112527370453,0.24003009498119354,audio,text,0,0.46666666865348816,0.5714285969734192,0.5714285969734192,0.4919227957725525,0.5080772042274475,0.001497006742283702,0.9953568577766418,0.003146112896502018,0.22292430698871613,0.3786429464817047,0.39843273162841797,audio,vision,0,0.0324958935379982,1.0689600706100464,0.41114258766174316,0.3047795295715332,0.660617470741272,0.9382705688476562,1.1321295499801636,0.19385898113250732,0.43971378459232,0.5602862154076801,0
633,yvsjCA6Y5Fc$_$3,-2.0,-0.5370569229125977,0.0015594065189361572,0.9943682551383972,0.004072355106472969,-0.42451539635658264,-0.3205071687698364,-0.4829806387424469,1.5754846334457397,1.6794928312301636,1.5170193910598755,0.3385349214076996,0.29726293683052063,0.3642021119594574,audio,vision,0,0.3076923191547394,0.40816327929496765,0.508474588394165,0.43630945682525635,0.5636905431747437,0.0015594065189361572,0.9943682551383972,0.004072355106472969,0.20302975177764893,0.3475581705570221,0.449412077665329,audio,vision,1,0.03810732439160347,1.0504653453826904,0.43120670318603516,0.06719253212213516,0.16247346997261047,-0.37881284952163696,-0.7415005564689636,0.36268770694732666,0.3885622805942722,0.6114377194057279,0
81,cXypl4FnoZo$_$28,-2.200000047683716,0.836590051651001,0.0021798948291689157,0.9952874183654785,0.002532671671360731,1.7477999925613403,1.1310642957687378,1.1974272727966309,3.9478001594543457,3.331064224243164,3.3974273204803467,0.194121316075325,0.41964244842529297,0.38623619079589844,audio,audio,1,0.6363636255264282,0.5199999809265137,0.4333333373069763,0.4768865406513214,0.523113489151001,0.0021798948291689157,0.9952874183654785,0.002532671671360731,0.3254210650920868,0.3576711416244507,0.31690776348114014,audio,audio,1,0.033202409744262695,1.097238540649414,0.42507752776145935,0.2764209806919098,0.6167356967926025,0.7653651237487793,0.9147191047668457,0.1493539810180664,0.5465380275096269,0.45346197249037307,1
157,d6hH302o4v8$_$30,-2.799999952316284,-0.8042887449264526,0.002574820537120104,0.9952778816223145,0.0021472694352269173,-0.6599164009094238,-0.5619099736213684,-0.7568031549453735,2.1400835514068604,2.2380900382995605,2.043196678161621,0.3318459689617157,0.2935837209224701,0.3745703399181366,audio,vision,0,0.6666666865348816,0.47058823704719543,0.30000001192092896,0.4438256323337555,0.5561743974685669,0.002574820537120104,0.9952778816223145,0.0021472694352269173,0.3746045231819153,0.3556648790836334,0.2697306275367737,audio,text,0,0.03325382247567177,1.088929295539856,0.42640870809555054,0.07956524938344955,0.19489318132400513,-0.6031491756439209,-1.0563441514968872,0.4531949758529663,0.36204627370711984,0.6379537262928802,0
541,vvZ4IcEtiZc$_$10,-2.0,0.7297102808952332,0.001405950984917581,0.9971659779548645,0.0014280697796493769,1.5358093976974487,1.0324748754501343,1.0573055744171143,3.5358095169067383,3.032474994659424,3.0573055744171143,0.2130032628774643,0.39960458874702454,0.3873920738697052,audio,audio,1,0.6000000238418579,0.6458333134651184,0.3333333432674408,0.47434085607528687,0.5256591439247131,0.001405950984917581,0.9971659779548645,0.0014280697796493769,0.29477816820144653,0.4489663243293762,0.25625547766685486,audio,audio,1,0.021418821066617966,1.0685290098190308,0.365466445684433,0.2316434234380722,0.5033345222473145,0.6731932163238525,0.7923418283462524,0.1191486120223999,0.5371652670725598,0.4628347329274401,1
616,yDtzw_Y-7RU$_$9,-1.0,0.19911256432533264,0.002089426387101412,0.9937969446182251,0.004113681614398956,0.7169995307922363,0.5496302247047424,0.5452216863632202,1.7169995307922363,1.5496301651000977,1.5452216863632202,0.2879998981952667,0.35501915216445923,0.35698091983795166,audio,vision,0,0.40625,0.5,0.4830508530139923,0.42614972591400146,0.5738502740859985,0.002089426387101412,0.9937969446182251,0.004113681614398956,0.23191964626312256,0.38160455226898193,0.3864758312702179,audio,vision,1,0.04167557880282402,1.0739628076553345,0.4081282615661621,0.0799580067396164,0.1717778444290161,0.17392303049564362,0.23303259909152985,0.05910956859588623,0.5184633412333615,0.4815366587666385,1
154,d6hH302o4v8$_$19,-2.799999952316284,-0.5279992818832397,0.0029052256140857935,0.9930452704429626,0.004049522802233696,-0.35669082403182983,-0.28134655952453613,-0.39641639590263367,2.4433090686798096,2.518653392791748,2.403583526611328,0.33772042393684387,0.30736562609672546,0.3549139201641083,audio,vision,0,0.6666666865348816,0.5666666626930237,0.5675675868988037,0.4561563730239868,0.5438436269760132,0.0029052256140857935,0.9930452704429626,0.004049522802233696,0.30045005679130554,0.340056449174881,0.35949355363845825,audio,vision,1,0.04621005430817604,1.0958662033081055,0.4353259205818176,0.04772134870290756,0.11506983637809753,-0.3618893325328827,-0.7260406613349915,0.36415132880210876,0.38812770722454987,0.6118722927754501,0
107,d3_k5Xpfmik$_$14,2.0,-0.385283499956131,0.002071056514978409,0.9941668510437012,0.0037621022202074528,-0.20093415677547455,-0.12145524471998215,-0.22536179423332214,2.2009341716766357,2.121455192565918,2.2253618240356445,0.32526901364326477,0.359243780374527,0.3154871463775635,audio,audio,1,0.52173912525177,0.460317462682724,0.5443037748336792,0.4446697533130646,0.5553302764892578,0.002071056514978409,0.9941668510437012,0.0037621022202074528,0.2634614408016205,0.3276478052139282,0.4088907539844513,audio,vision,0,0.03961756080389023,1.082686185836792,0.44434604048728943,0.04435986280441284,0.10390654951334,-0.22079959511756897,-0.5907008647918701,0.36990126967430115,0.6135778170048748,0.3864221829951252,1
552,vyB00TXsimI$_$20,2.200000047683716,0.6616753935813904,0.002357354387640953,0.9938766360282898,0.003766057314351201,1.3956159353256226,0.9377855062484741,0.9751757383346558,0.8043841123580933,1.2622145414352417,1.22482430934906,0.4639374613761902,0.26176881790161133,0.2742937505245209,audio,text,0,0.6363636255264282,0.4838709533214569,0.5945945978164673,0.4768337309360504,0.523166298866272,0.002357354387640953,0.9938766360282898,0.003766057314351201,0.29621103405952454,0.30350109934806824,0.4002878665924072,audio,vision,0,0.04138816148042679,1.0887727737426758,0.4602503478527069,0.20757240056991577,0.45783042907714844,0.5865000486373901,0.7441552877426147,0.1576552391052246,0.45089156712041384,0.5491084328795862,0
219,f9O3YtZ2VfI$_$13,-1.600000023841858,0.13012413680553436,0.002095302566885948,0.9945988655090332,0.003305811667814851,0.6804541945457458,0.49264732003211975,0.5086379051208496,2.280454158782959,2.0926473140716553,2.108637809753418,0.2853734493255615,0.3608841598033905,0.353742390871048,audio,audio,1,0.5384615659713745,0.4861111044883728,0.4941176474094391,0.43485116958618164,0.5651488304138184,0.002095302566885948,0.9945988655090332,0.003305811667814851,0.2785164713859558,0.3481898307800293,0.37329360842704773,audio,vision,0,0.03719348460435867,1.0912041664123535,0.43093931674957275,0.08501501381397247,0.1878068745136261,0.08826388418674469,0.18452729284763336,0.09626340866088867,0.530046070536174,0.4699539294638261,1
457,rnaNMUZpvvg$_$6,-2.5999999046325684,-0.188566192984581,0.0011064405553042889,0.9967048764228821,0.0021887195762246847,0.21459835767745972,0.19912828505039215,0.12494409084320068,2.814598321914673,2.799128293991089,2.7249441146850586,0.31866273283958435,0.3248848021030426,0.35645249485969543,audio,vision,0,0.4000000059604645,0.5833333134651184,0.4642857015132904,0.43566176295280457,0.564338207244873,0.0011064405553042889,0.9967048764228821,0.0021887195762246847,0.21209131181240082,0.4279111623764038,0.35999754071235657,audio,audio,0,0.024225452914834023,1.0599205493927002,0.37919580936431885,0.039130132645368576,0.08965426683425903,-0.07789571583271027,-0.331924170255661,0.25402843952178955,0.42127646593753054,0.5787235340624695,0
303,k5Y_838nuGo$_$25,-0.20000000298023224,0.9431260824203491,0.0019115731120109558,0.9944027066230774,0.003685799427330494,1.8526862859725952,1.2390060424804688,1.2651795148849487,2.0526862144470215,1.4390060901641846,1.4651795625686646,0.19092319905757904,0.41115546226501465,0.3979213833808899,audio,audio,1,0.4285714328289032,0.5106382966041565,0.4912280738353729,0.4717678427696228,0.5282321572303772,0.0019115731120109558,0.9944027066230774,0.003685799427330494,0.2362467348575592,0.37952426075935364,0.38422903418540955,audio,vision,0,0.038200221955776215,1.0760937929153442,0.40991896390914917,0.28332406282424927,0.6136802434921265,0.8742631077766418,1.020231008529663,0.14596790075302124,0.5454888392423459,0.454511160757654,1
52,cW1FSBF59ik$_$22,-1.0,0.056086309254169464,0.0020880303345620632,0.9957708716392517,0.002141050761565566,0.6030486226081848,0.4449976682662964,0.4705292284488678,1.60304856300354,1.4449976682662964,1.4705291986465454,0.29423969984054565,0.3585105836391449,0.3472496569156647,audio,audio,1,0.7200000286102295,0.5098039507865906,0.44999998807907104,0.43531179428100586,0.5646882057189941,0.0020880303345620632,0.9957708716392517,0.002141050761565566,0.3573158085346222,0.32941365242004395,0.31327056884765625,audio,text,0,0.030266383662819862,1.0971300601959229,0.44423818588256836,0.06927670538425446,0.15805095434188843,0.06578265875577927,0.04350816830992699,0.02227449044585228,0.4930396713896786,0.5069603286103214,0
105,d3_k5Xpfmik$_$12,2.0,0.4080974757671356,0.001990633551031351,0.9956111311912537,0.0023982557468116283,1.0874642133712769,0.6567531824111938,0.74018394947052,0.9125357866287231,1.3432468175888062,1.25981605052948,0.4481220543384552,0.26156339049339294,0.29031458497047424,audio,text,0,0.625,0.5,0.43661972880363464,0.45730116963386536,0.542698860168457,0.001990633551031351,0.9956111311912537,0.0023982557468116283,0.3210624158382416,0.3510698676109314,0.32786768674850464,audio,audio,0,0.031228266656398773,1.0978748798370361,0.42969417572021484,0.18651074171066284,0.430711030960083,0.34069859981536865,0.488082617521286,0.14738401770591736,0.4540723225081112,0.5459276774918886,0
138,d6hH302o4v8$_$5,-1.3333333730697632,0.8217260837554932,0.0021751730237156153,0.9913128018379211,0.006512003485113382,1.6868892908096313,0.9379153251647949,1.052201509475708,3.0202226638793945,2.2712488174438477,2.3855347633361816,0.17357711493968964,0.44267645478248596,0.3837463855743408,audio,audio,1,0.5714285969734192,0.6000000238418579,0.8333333134651184,0.5357285737991333,0.4642714262008667,0.0021751730237156153,0.9913128018379211,0.006512003485113382,0.2026342749595642,0.2987978160381317,0.49856793880462646,audio,vision,0,0.05476668104529381,1.031430959701538,0.461676687002182,0.3294527530670166,0.7489739656448364,0.7318775057792664,0.8995903730392456,0.16771286725997925,0.5522191609639515,0.4477808390360484,0
409,ob23OKe5a9Q$_$9,-1.399999976158142,-0.673719584941864,0.002103162696585059,0.9947195053100586,0.003177259350195527,-0.5397048592567444,-0.4189736247062683,-0.622818112373352,0.8602951169013977,0.9810263514518738,0.77718186378479,0.336768239736557,0.28959423303604126,0.3736376166343689,audio,vision,0,0.6399999856948853,0.4900662302970886,0.5696202516555786,0.46528053283691406,0.5347194671630859,0.002103162696585059,0.9947195053100586,0.003177259350195527,0.29889577627182007,0.3113921880722046,0.38971200585365295,audio,vision,1,0.036505818367004395,1.091510534286499,0.4555515646934509,0.08369019627571106,0.20384448766708374,-0.4627240002155304,-0.9162043333053589,0.4534803330898285,0.3619638919995034,0.6380361080004967,0
128,d6hH302o4v8$_$21,-2.4000000953674316,-0.22052806615829468,0.004081257618963718,0.9907243847846985,0.005194404162466526,0.3234753906726837,0.27051496505737305,0.26528340578079224,2.723475456237793,2.6705150604248047,2.665283441543579,0.31807708740234375,0.33984655141830444,0.3420763313770294,audio,vision,0,0.6363636255264282,0.4482758641242981,0.5,0.43165427446365356,0.5683457255363464,0.004081257618963718,0.9907243847846985,0.005194404162466526,0.3305402100086212,0.3100127577781677,0.35944709181785583,audio,vision,1,0.05900833383202553,1.0967679023742676,0.4538077712059021,0.026285788044333458,0.05819198489189148,-0.11443722993135452,-0.36021456122398376,0.24577733874320984,0.42379304360000736,0.5762069563999926,0
504,tmZoasNr4rU$_$11,-0.6000000238418579,0.07719391584396362,0.002150188898667693,0.994931161403656,0.0029186843894422054,0.6501014828681946,0.42838016152381897,0.4628329277038574,1.2501015663146973,1.0283801555633545,1.0628329515457153,0.2790864109992981,0.3682173192501068,0.3526962697505951,audio,audio,1,0.800000011920929,0.5789473652839661,0.6666666865348816,0.4677194356918335,0.5322805643081665,0.002150188898667693,0.994931161403656,0.0029186843894422054,0.3268919885158539,0.29550594091415405,0.37760207056999207,audio,vision,0,0.035298097878694534,1.0934996604919434,0.46628350019454956,0.09742052853107452,0.2217213213443756,0.05845210701227188,0.09852273017168045,0.04007062315940857,0.5125194524093373,0.4874805475906627,1
397,ob23OKe5a9Q$_$11,0.800000011920929,0.7249402403831482,0.0012823190772905946,0.9961490631103516,0.002568650059401989,1.4562886953353882,0.9947717189788818,1.0220658779144287,0.6562886834144592,0.19477170705795288,0.22206586599349976,0.2221587747335434,0.39555448293685913,0.3822866976261139,audio,audio,1,0.4545454680919647,0.4661654233932495,0.5222222208976746,0.4637632369995117,0.5362367630004883,0.0012823190772905946,0.9961490631103516,0.002568650059401989,0.2413177341222763,0.3457862138748169,0.412896066904068,audio,vision,0,0.027702955529093742,1.07550048828125,0.43357524275779724,0.21142171323299408,0.46151697635650635,0.6411087512969971,0.8218722939491272,0.18076354265213013,0.4572859351552316,0.5427140648447685,0
595,wMbj6ajWbic$_$13,2.0,0.8508844375610352,0.0013030966510996222,0.9967505931854248,0.0019462809432297945,1.6489225625991821,1.1033222675323486,1.1546802520751953,0.35107743740081787,0.8966777324676514,0.8453197479248047,0.4890615940093994,0.24727179110050201,0.26366665959358215,audio,text,0,0.5833333134651184,0.5614035129547119,0.5,0.4764493703842163,0.5235506296157837,0.0013030966510996222,0.9967505931854248,0.0019462809432297945,0.27679315209388733,0.3709232211112976,0.3522835969924927,audio,audio,0,0.024048952385783195,1.0909475088119507,0.41721826791763306,0.24598842859268188,0.5456002950668335,0.7829575538635254,0.9255264401435852,0.14256888628005981,0.4555647631293259,0.5444352368706741,0
340,lXPQBPVc5Cw$_$23,-2.4000000953674316,0.6189877390861511,0.0022368603385984898,0.9946500658988953,0.0031131317373365164,1.4619866609573364,0.9308639764785767,1.0195482969284058,3.8619866371154785,3.3308639526367188,3.419548511505127,0.21363404393196106,0.41495394706726074,0.3714120090007782,audio,audio,1,0.5333333611488342,0.47826087474823,0.4285714328289032,0.4604697823524475,0.5395302176475525,0.0022368603385984898,0.9946500658988953,0.0031131317373365164,0.2939631938934326,0.3627035319805145,0.34333327412605286,audio,audio,1,0.0369558110833168,1.0947837829589844,0.42129766941070557,0.23230916261672974,0.5311226844787598,0.5519259572029114,0.697563648223877,0.14563769102096558,0.5453865008827297,0.4546134991172704,1
437,phBUpBr1hSo$_$20,-1.25,-1.1498022079467773,0.0014408589340746403,0.9949411153793335,0.003618017304688692,-1.1417592763900757,-0.9238336086273193,-1.2414215803146362,0.10824072360992432,0.32616639137268066,0.00857841968536377,0.3455168902873993,0.263126403093338,0.39135676622390747,audio,vision,0,0.4583333432674408,0.5,0.6206896305084229,0.4762476086616516,0.5237523913383484,0.0014408589340746403,0.9949411153793335,0.003618017304688692,0.21475674211978912,0.33282920718193054,0.4524140954017639,audio,vision,1,0.03481276333332062,1.055338978767395,0.4414079189300537,0.13261736929416656,0.3175879716873169,-0.9380155801773071,-1.3827142715454102,0.444698691368103,0.444211337174506,0.555788662825494,0
546,vvZ4IcEtiZc$_$5,1.2000000476837158,1.2372239828109741,0.0013461732305586338,0.9962520003318787,0.0024018397089093924,2.285846710205078,1.4714045524597168,1.5506219863891602,1.0858466625213623,0.271404504776001,0.35062193870544434,0.15937119722366333,0.44110751152038574,0.39952123165130615,audio,audio,1,0.5384615659713745,0.5833333134651184,0.5581395626068115,0.507021427154541,0.492978572845459,0.0013461732305586338,0.9962520003318787,0.0024018397089093924,0.24576802551746368,0.3756542503833771,0.37857773900032043,audio,vision,0,0.027126554399728775,1.0804259777069092,0.41373181343078613,0.36668890714645386,0.8144421577453613,1.1427403688430786,1.3290907144546509,0.18635034561157227,0.5224321150785589,0.4775678849214411,0
321,k5Y_838nuGo$_$11,0.5,0.5986793041229248,0.0030541005544364452,0.9948530793190002,0.0020928781013935804,1.391422152519226,0.93206787109375,0.9589269161224365,0.8914221525192261,0.43206787109375,0.4589269161224365,0.22258003056049347,0.395234614610672,0.3821853697299957,audio,audio,1,0.875,0.529411792755127,0.4146341383457184,0.4813261926174164,0.5186737775802612,0.0030541005544364452,0.9948530793190002,0.0020928781013935804,0.4362712502479553,0.30570095777511597,0.25802773237228394,audio,text,0,0.035732168704271317,1.0737310647964478,0.45943471789360046,0.210496723651886,0.4593542814254761,0.553130030632019,0.6477629542350769,0.09463292360305786,0.5295383529740223,0.47046164702597765,1
382,nzpVDcQ0ywM$_$4,-1.600000023841858,-0.49484699964523315,0.0020097028464078903,0.9942288398742676,0.0037614076863974333,-0.34662362933158875,-0.26875555515289307,-0.39114606380462646,1.2533763647079468,1.3312444686889648,1.2088539600372314,0.3373270034790039,0.30604055523872375,0.3566324710845947,audio,vision,0,0.46666666865348816,0.5,0.5116279125213623,0.4404517412185669,0.5595482587814331,0.0020097028464078903,0.9942288398742676,0.0037614076863974333,0.24489738047122955,0.36359357833862305,0.3915090262889862,audio,vision,1,0.039234038442373276,1.079540729522705,0.4204235076904297,0.050580110400915146,0.1223905086517334,-0.3423471748828888,-0.6885822415351868,0.346235066652298,0.39345938768126293,0.6065406123187371,0
585,wMbj6ajWbic$_$3,0.0,0.5961427688598633,0.003045473014935851,0.995036780834198,0.0019177047070115805,1.4202234745025635,0.9095451831817627,0.967658519744873,1.4202234745025635,0.9095451831817627,0.967658519744873,0.21486704051494598,0.40681859850883484,0.37831437587738037,audio,audio,1,0.8888888955116272,0.4444444477558136,0.375,0.4816179573535919,0.5183820724487305,0.003045473014935851,0.995036780834198,0.0019177047070115805,0.47218212485313416,0.27319827675819397,0.2546195089817047,audio,text,0,0.03459499776363373,1.0571272373199463,0.4812256693840027,0.22827480733394623,0.5106782913208008,0.5505595207214355,0.6452056169509888,0.09464609622955322,0.5295424550511758,0.4704575449488243,1
623,yDtzw_Y-7RU$_$14,2.200000047683716,0.922584056854248,0.0014993679942563176,0.9960811734199524,0.002419508760794997,1.7696717977523804,1.1684556007385254,1.2236911058425903,0.43032824993133545,1.0315444469451904,0.9763089418411255,0.5058135390281677,0.23856644332408905,0.2556200623512268,audio,text,0,0.5652173757553101,0.5280898809432983,0.5233644843101501,0.48125624656677246,0.5187437534332275,0.0014993679942563176,0.9960811734199524,0.002419508760794997,0.272574245929718,0.35414159297943115,0.3732841908931732,audio,vision,0,0.02823665738105774,1.0897636413574219,0.42795974016189575,0.27133554220199585,0.601216197013855,0.8432802557945251,1.0080652236938477,0.1647849678993225,0.44868599967198397,0.551314000328016,0
542,vvZ4IcEtiZc$_$12,0.20000000298023224,0.729792594909668,0.0026465903501957655,0.9935600757598877,0.0037933674175292253,1.511420488357544,1.0210721492767334,1.0556845664978027,1.3114204406738281,0.8210721611976624,0.8556845784187317,0.2167540192604065,0.40009355545043945,0.38315245509147644,audio,audio,1,0.6000000238418579,0.512499988079071,0.5121951103210449,0.46744680404663086,0.5325531959533691,0.0026465903501957655,0.9935600757598877,0.0037933674175292253,0.29860639572143555,0.34247684478759766,0.3589168190956116,audio,vision,0,0.04327140003442764,1.0956552028656006,0.43405550718307495,0.2234414517879486,0.49034833908081055,0.6739258766174316,0.7934405207633972,0.11951464414596558,0.537279018194321,0.46272098180567905,1
523,tmZoasNr4rU$_$8,-2.0,-0.8234405517578125,0.0066812969744205475,0.9886614084243774,0.004657309036701918,-0.6868144273757935,-0.5163789391517639,-0.6825158596038818,1.3131855726242065,1.4836211204528809,1.3174841403961182,0.3567909300327301,0.28832998871803284,0.3548789918422699,audio,text,0,1.0,0.512499988079071,0.5520833134651184,0.49076104164123535,0.5092389583587646,0.0066812969744205475,0.9886614084243774,0.004657309036701918,0.4727880358695984,0.24672670662403107,0.28048527240753174,audio,text,1,0.06974351406097412,1.0560194253921509,0.4946231544017792,0.0793502926826477,0.17043548822402954,-0.5972227454185486,-1.058175802230835,0.4609530568122864,0.35980944070236137,0.6401905592976386,0
433,phBUpBr1hSo$_$17,2.0,0.70669025182724,0.0014145787572488189,0.9966088533401489,0.0019765926990658045,1.4886589050292969,0.9601173400878906,1.0289429426193237,0.5113410949707031,1.0398826599121094,0.9710570573806763,0.48090651631355286,0.24838894605636597,0.2707045078277588,audio,text,0,0.6000000238418579,0.5588235259056091,0.48148149251937866,0.47482597827911377,0.5251740217208862,0.0014145787572488189,0.9966088533401489,0.0019765926990658045,0.2875128984451294,0.37151437997817993,0.34097275137901306,audio,audio,0,0.02497333288192749,1.0931134223937988,0.4167296886444092,0.23462310433387756,0.5285415649414062,0.6325528025627136,0.7886888980865479,0.15613609552383423,0.4513617636649301,0.5486382363350699,0
263,iiK8YX8oH1E$_$17,1.600000023841858,1.1975862979888916,0.0016195826465263963,0.9962233304977417,0.00215708464384079,2.2986249923706055,1.4582476615905762,1.5482732057571411,0.6986249685287476,0.14175236225128174,0.0517268180847168,0.19045044481754303,0.38202375173568726,0.4275258183479309,audio,vision,0,0.6666666865348816,0.4399999976158142,0.517241358757019,0.5054078102111816,0.49459218978881836,0.0016195826465263963,0.9962233304977417,0.00215708464384079,0.3313913345336914,0.2970850169658661,0.3715236485004425,audio,vision,1,0.02741861529648304,1.0944514274597168,0.46609219908714294,0.3767354488372803,0.8403773307800293,1.0792920589447021,1.3133491277694702,0.23405706882476807,0.42737447829805997,0.57262552170194,1
152,d6hH302o4v8$_$17,-2.0,-0.8144322633743286,0.0036920583806931973,0.9939107894897461,0.0023971986956894398,-0.6650991439819336,-0.5670319199562073,-0.716064453125,1.3349008560180664,1.4329681396484375,1.283935546875,0.33893582224845886,0.2998332977294922,0.36123090982437134,audio,vision,0,0.8333333134651184,0.46666666865348816,0.3333333432674408,0.4583657681941986,0.541634202003479,0.0036920583806931973,0.9939107894897461,0.0023971986956894398,0.4491529166698456,0.303628534078598,0.2472185641527176,audio,text,0,0.04121532663702965,1.0668920278549194,0.4601881504058838,0.061846889555454254,0.14903253316879272,-0.6116290092468262,-1.0540775060653687,0.4424484968185425,0.36515461347106887,0.6348453865289311,0
533,v0zCBqDeKcE$_$2,-0.4000000059604645,0.057745084166526794,0.004002535715699196,0.9903207421302795,0.00567665696144104,0.6343101859092712,0.45520421862602234,0.4751977026462555,1.034310221672058,0.8552042245864868,0.87519770860672,0.2881036400794983,0.36039578914642334,0.3515004813671112,audio,audio,1,0.5454545617103577,0.3636363744735718,0.44999998807907104,0.4222313165664673,0.5777686834335327,0.004002535715699196,0.9903207421302795,0.00567665696144104,0.321171373128891,0.30281415581703186,0.37601450085639954,audio,vision,0,0.0610857754945755,1.094322919845581,0.4583377540111542,0.08013562858104706,0.1791059672832489,0.08603031933307648,0.019040420651435852,0.06698989868164062,0.4790778806340515,0.5209221193659486,0
536,v0zCBqDeKcE$_$7,1.399999976158142,0.42391079664230347,0.002338153775781393,0.9940192699432373,0.003642641706392169,1.0506683588027954,0.7110157608985901,0.7491933107376099,0.3493316173553467,0.688984215259552,0.6508066654205322,0.4273363947868347,0.27950096130371094,0.29316267371177673,audio,text,0,0.6000000238418579,0.4444444477558136,0.5483871102333069,0.45795518159866333,0.5420448184013367,0.002338153775781393,0.9940192699432373,0.003642641706392169,0.29824376106262207,0.3049136698246002,0.3968425989151001,audio,vision,0,0.040581848472356796,1.0897506475448608,0.45940375328063965,0.15191686153411865,0.3396525979042053,0.35055986046791077,0.5107304453849792,0.16017058491706848,0.45011322500600975,0.5498867749939902,0
231,f_pcplsH_V0$_$12,-0.800000011920929,-0.19809776544570923,0.0017587109468877316,0.9951659440994263,0.003075317246839404,0.17761491239070892,0.215035542845726,0.14078199863433838,0.9776149392127991,1.0150355100631714,0.9407820105552673,0.33317577838897705,0.3179500699043274,0.34887418150901794,audio,vision,0,0.47999998927116394,0.4893617033958435,0.48860758543014526,0.432157427072525,0.5678426027297974,0.0017587109468877316,0.9951659440994263,0.003075317246839404,0.25546473264694214,0.36224091053009033,0.38229432702064514,audio,vision,1,0.033766843378543854,1.0840619802474976,0.4219500422477722,0.030314195901155472,0.07425354421138763,-0.0648626759648323,-0.3731648623943329,0.3083021938800812,0.40483051081947535,0.5951694891805247,0
230,f_pcplsH_V0$_$13,1.600000023841858,0.6610530614852905,0.0014083952410146594,0.9961611032485962,0.0024305267725139856,1.4308816194534302,0.9921414256095886,1.0037906169891357,0.16911840438842773,0.6078585982322693,0.5962094068527222,0.46206575632095337,0.26700887084007263,0.2709254026412964,audio,text,0,0.4545454680919647,0.5,0.4545454680919647,0.45594340562820435,0.5440565943717957,0.0014083952410146594,0.9961611032485962,0.0024305267725139856,0.2501859664916992,0.3808296322822571,0.3689844012260437,audio,audio,0,0.027708956971764565,1.0821772813796997,0.4102209508419037,0.2041337937116623,0.43874019384384155,0.5749570727348328,0.763787567615509,0.18883049488067627,0.44126292388192556,0.5587370761180744,0
483,tIrG4oNLFzE$_$4,1.399999976158142,0.8703679442405701,0.002009249059483409,0.9949565529823303,0.003034228691831231,1.752132534980774,1.1488648653030396,1.1845121383666992,0.35213255882263184,0.25113511085510254,0.21548783779144287,0.3011302351951599,0.34165093302726746,0.357218861579895,audio,vision,0,0.46666666865348816,0.3928571343421936,0.39393940567970276,0.4578554630279541,0.5421445369720459,0.002009249059483409,0.9949565529823303,0.003034228691831231,0.289312481880188,0.34494927525520325,0.36573827266693115,audio,vision,1,0.03509995713829994,1.0938419103622437,0.4333381652832031,0.27636438608169556,0.6032676696777344,0.7889601588249207,0.9667624831199646,0.17780232429504395,0.44466436789090363,0.5553356321090963,0
209,f9O3YtZ2VfI$_$3,0.6000000238418579,0.5545936226844788,0.002455956069752574,0.9946517944335938,0.002892209216952324,1.4376782178878784,0.9131761789321899,1.0142581462860107,0.8376781940460205,0.31317615509033203,0.41425812244415283,0.21626053750514984,0.41659367084503174,0.3671457767486572,audio,audio,1,0.6666666865348816,0.5135135054588318,0.47727271914482117,0.4719839096069336,0.5280160903930664,0.002455956069752574,0.9946517944335938,0.002892209216952324,0.3311469554901123,0.33878636360168457,0.33006665110588074,audio,audio,1,0.03699937462806702,1.0985445976257324,0.43724364042282104,0.22720631957054138,0.5245020389556885,0.4668940007686615,0.652704656124115,0.1858106553554535,0.4748956925342982,0.5251043074657018,0
39,cM3Yna7AavY$_$16,-2.799999952316284,0.6621043086051941,0.003407607553526759,0.991582453250885,0.005009933840483427,1.4537769556045532,1.0115948915481567,1.0242971181869507,4.253777027130127,3.8115949630737305,3.8242969512939453,0.22478997707366943,0.3906821012496948,0.38452792167663574,audio,audio,1,0.6000000238418579,0.5357142686843872,0.529411792755127,0.46521830558776855,0.5347816944122314,0.003407607553526759,0.991582453250885,0.005009933840483427,0.2951394319534302,0.3472082018852234,0.35765233635902405,audio,vision,0,0.05427743121981621,1.095184326171875,0.4295828342437744,0.20551811158657074,0.4421820640563965,0.6120949387550354,0.719591498374939,0.10749655961990356,0.533542221638891,0.46645777836110897,1
70,cW1FSBF59ik$_$16,3.0,0.40345102548599243,0.0014075899962335825,0.9957088232040405,0.002883527660742402,1.00933837890625,0.672199010848999,0.757182240486145,1.99066162109375,2.327800989151001,2.2428178787231445,0.41915398836135864,0.2750118374824524,0.30583417415618896,audio,text,0,0.5,0.45588234066963196,0.5731707215309143,0.4587516188621521,0.5412483811378479,0.0014075899962335825,0.9957088232040405,0.002883527660742402,0.24849264323711395,0.3186594843864441,0.43284791707992554,audio,vision,0,0.030389005318284035,1.0728693008422852,0.45136627554893494,0.143165722489357,0.337139368057251,0.3290291428565979,0.49125614762306213,0.16222700476646423,0.4494770729706535,0.5505229270293466,0
526,v0zCBqDeKcE$_$13,1.7999999523162842,-0.1926831305027008,0.002539118519052863,0.9932736158370972,0.0041872356086969376,0.3178101181983948,0.26770302653312683,0.2648591995239258,1.4821898937225342,1.532296895980835,1.5351407527923584,0.34779682755470276,0.3266812264919281,0.3255220055580139,audio,text,0,0.4399999976158142,0.44736841320991516,0.42391303181648254,0.4150620698928833,0.5849379301071167,0.002539118519052863,0.9932736158370972,0.0041872356086969376,0.26457369327545166,0.36771848797798157,0.3677078187465668,audio,audio,0,0.044805414974689484,1.087545394897461,0.417036771774292,0.02431873418390751,0.052950918674468994,-0.10688778012990952,-0.31359267234802246,0.20670488476753235,0.5642382925198934,0.4357617074801065,1
667,zhpQhgha_KU$_$6,1.0,-0.8192179799079895,0.004152756184339523,0.9866836667060852,0.00916354637593031,-0.7015990614891052,-0.5674548149108887,-0.7405011653900146,1.70159912109375,1.5674548149108887,1.7405011653900146,0.3189696669578552,0.37720030546188354,0.30382999777793884,audio,audio,1,0.6000000238418579,0.3499999940395355,0.7083333134651184,0.47110623121261597,0.528893768787384,0.004152756184339523,0.9866836667060852,0.00916354637593031,0.271116703748703,0.23163169622421265,0.49725162982940674,audio,vision,0,0.0790010467171669,1.0400586128234863,0.5033680200576782,0.07412685453891754,0.17304635047912598,-0.6026402711868286,-1.0623618364334106,0.45972156524658203,0.6398358954499025,0.3601641045500974,1
163,d6hH302o4v8$_$32,-0.6000000238418579,0.3423669636249542,0.007295786403119564,0.9858988523483276,0.006805325858294964,1.005333423614502,0.6571242809295654,0.6802219152450562,1.6053334474563599,1.2571243047714233,1.280221939086914,0.24711166322231293,0.381878137588501,0.3710101842880249,audio,audio,1,0.8888888955116272,0.3333333432674408,0.5862069129943848,0.46688902378082275,0.5331109762191772,0.007295786403119564,0.9858988523483276,0.006805325858294964,0.4469344913959503,0.20158173143863678,0.3514837622642517,audio,text,0,0.08385876566171646,1.050289511680603,0.522878110408783,0.15898309648036957,0.3482091426849365,0.3222152292728424,0.36537694931030273,0.04316172003746033,0.5134847666767177,0.4865152333232822,1
673,zhpQhgha_KU$_$12,-1.399999976158142,0.3504629135131836,0.0010263867443427444,0.9964113831520081,0.0025621901731938124,0.9186040759086609,0.6524785161018372,0.656996488571167,2.318603992462158,2.052478551864624,2.0569963455200195,0.26444652676582336,0.368815153837204,0.3667382597923279,audio,audio,1,0.31578946113586426,0.5600000023841858,0.5,0.4429153800010681,0.5570846199989319,0.0010263867443427444,0.9964113831520081,0.0025621901731938124,0.1851503700017929,0.4196482002735138,0.3952014744281769,audio,audio,1,0.02593376114964485,1.04355788230896,0.38450881838798523,0.12440157681703568,0.26612555980682373,0.27587950229644775,0.4442715048789978,0.16839200258255005,0.552429066567207,0.44757093343279303,1
563,vyB00TXsimI$_$8,2.5999999046325684,0.5562641024589539,0.0012099166633561254,0.9962104558944702,0.0025795854162424803,1.2588942050933838,0.8171206712722778,0.879321813583374,1.3411056995391846,1.7828792333602905,1.7206780910491943,0.4549819231033325,0.26192042231559753,0.28309768438339233,audio,text,0,0.44999998807907104,0.47999998927116394,0.5423728823661804,0.4655868113040924,0.53441321849823,0.0012099166633561254,0.9962104558944702,0.0025795854162424803,0.2329963743686676,0.3468634784221649,0.4201401472091675,audio,vision,0,0.027284245938062668,1.0710123777389526,0.43289798498153687,0.19525142014026642,0.44177353382110596,0.46144089102745056,0.6651047468185425,0.20366385579109192,0.43669657225392183,0.5633034277460781,0
405,ob23OKe5a9Q$_$5,-1.7999999523162842,0.11703705787658691,0.0011961129494011402,0.9969143867492676,0.0018894507084041834,0.6620270609855652,0.43175750970840454,0.5036004781723022,2.462027072906494,2.231757402420044,2.303600311279297,0.28148847818374634,0.3753761947154999,0.34313538670539856,audio,audio,1,0.5416666865348816,0.5565217137336731,0.4855072498321533,0.4431532025337219,0.5568467974662781,0.0011961129494011402,0.9969143867492676,0.0018894507084041834,0.2620866894721985,0.3827774226665497,0.3551359176635742,audio,audio,1,0.02297871932387352,1.0861929655075073,0.40942466259002686,0.09619681537151337,0.23026955127716064,0.0756799653172493,0.16900455951690674,0.09332459419965744,0.529130907363782,0.47086909263621807,1
660,zhpQhgha_KU$_$29,-1.2000000476837158,0.4247906804084778,0.0016136678168550134,0.9961050748825073,0.0022812336683273315,1.0718275308609009,0.7667808532714844,0.7708179950714111,2.2718276977539062,1.9667809009552002,1.970818042755127,0.2550351321697235,0.3734222948551178,0.3715426027774811,audio,audio,1,0.5714285969734192,0.5416666865348816,0.46666666865348816,0.45155763626098633,0.5484423637390137,0.0016136678168550134,0.9961050748825073,0.0022812336683273315,0.28486669063568115,0.37292128801345825,0.3422119617462158,audio,audio,1,0.02813880890607834,1.0925242900848389,0.41545581817626953,0.1428583264350891,0.3050466775894165,0.3551188111305237,0.509411096572876,0.1542922854423523,0.5480674342768632,0.45193256572313684,1
131,d6hH302o4v8$_$28,-1.0,0.23612236976623535,0.002862349385395646,0.9930064678192139,0.0041311075910925865,0.8156647086143494,0.5661634206771851,0.5854676365852356,1.8156647682189941,1.566163420677185,1.5854675769805908,0.27031370997428894,0.3692447543144226,0.36044150590896606,audio,audio,1,0.523809552192688,0.4583333432674408,0.4482758641242981,0.43188732862472534,0.5681126713752747,0.002862349385395646,0.9930064678192139,0.0041311075910925865,0.2913743555545807,0.3496640622615814,0.3589615523815155,audio,vision,0,0.046407755464315414,1.094498634338379,0.42889493703842163,0.11334031075239182,0.2495012879371643,0.20358195900917053,0.27892664074897766,0.07534468173980713,0.5235278245659373,0.47647217543406284,1
384,nzpVDcQ0ywM$_$6,-1.399999976158142,-0.6484240293502808,0.003162048989906907,0.9916451573371887,0.005192785058170557,-0.50701504945755,-0.4048188328742981,-0.5464987754821777,0.892984926700592,0.995181143283844,0.8535012006759644,0.34121885895729065,0.3002990782260895,0.3584820628166199,audio,vision,0,0.5454545617103577,0.40425533056259155,0.5,0.4428958296775818,0.5571041703224182,0.003162048989906907,0.9916451573371887,0.005192785058170557,0.2915214002132416,0.3122844398021698,0.3961941599845886,audio,vision,1,0.05383883789181709,1.0896074771881104,0.45290717482566833,0.05969945713877678,0.14167994260787964,-0.4634133577346802,-0.8811429738998413,0.41772961616516113,0.37234682018568516,0.6276531798143148,0
198,f9O3YtZ2VfI$_$24,-2.5999999046325684,-0.7135235667228699,0.0031492586713284254,0.9927914142608643,0.004059320315718651,-0.6064038276672363,-0.493988037109375,-0.6588274240493774,1.993596076965332,2.1060118675231934,1.941172480583191,0.340526282787323,0.29588553309440613,0.3635881841182709,audio,vision,0,0.6800000071525574,0.5096774101257324,0.5403226017951965,0.45717984437942505,0.542820155620575,0.0031492586713284254,0.9927914142608643,0.004059320315718651,0.3236253261566162,0.31931427121162415,0.35706034302711487,audio,vision,1,0.047677721828222275,1.0973453521728516,0.4489847421646118,0.06876495480537415,0.16483938694000244,-0.5278633236885071,-0.9339622259140015,0.4060989022254944,0.37575076766170407,0.624249232338296,0
305,k5Y_838nuGo$_$27,-0.800000011920929,-0.3760017156600952,0.001962677575647831,0.9949336647987366,0.003103723982349038,-0.19894713163375854,-0.1479894369840622,-0.2523564398288727,0.6010528802871704,0.6520105600357056,0.5476435422897339,0.33252090215682983,0.31200075149536133,0.3554783761501312,audio,vision,0,0.4848484992980957,0.4838709533214569,0.4464285671710968,0.43203020095825195,0.567969799041748,0.001962677575647831,0.9949336647987366,0.003103723982349038,0.2661154866218567,0.3698921501636505,0.3639923334121704,audio,audio,0,0.03521218150854111,1.088023066520691,0.4166942834854126,0.04261156916618347,0.10436700284481049,-0.22652451694011688,-0.5725123882293701,0.34598785638809204,0.39353313129635076,0.6064668687036493,0
293,jUzDDGyPkXU$_$10,2.4000000953674316,0.7321088910102844,0.0009915211703628302,0.9973784685134888,0.0016299745766445994,1.4961445331573486,0.9887890815734863,1.0463117361068726,0.903855562210083,1.4112110137939453,1.353688359260559,0.47613051533699036,0.2525218427181244,0.27134767174720764,audio,text,0,0.4761904776096344,0.5423728823661804,0.43396225571632385,0.46552717685699463,0.5344728231430054,0.0009915211703628302,0.9973784685134888,0.0016299745766445994,0.2498474419116974,0.4018811285495758,0.3482714593410492,audio,audio,0,0.019938819110393524,1.080216407775879,0.39699825644493103,0.22683030366897583,0.5073554515838623,0.654069721698761,0.8217058777809143,0.16763615608215332,0.4478045499238678,0.5521954500761321,0
618,yDtzw_Y-7RU$_$11,-1.399999976158142,0.5747515559196472,0.0010717663681134582,0.9964324235916138,0.0024957535788416862,1.3878364562988281,0.6906357407569885,0.8533902168273926,2.7878365516662598,2.0906357765197754,2.253390312194824,0.18723291158676147,0.44757959246635437,0.36518749594688416,audio,audio,1,0.375,0.6176470518112183,0.5,0.4886966049671173,0.5113034248352051,0.0010717663681134582,0.9964324235916138,0.0024957535788416862,0.19112558662891388,0.44114625453948975,0.3677280843257904,audio,audio,1,0.025847865268588066,1.0451834201812744,0.3701907992362976,0.29780879616737366,0.6972007155418396,0.5030975341796875,0.6497202515602112,0.14662271738052368,0.5456917681599022,0.45430823184009783,1
558,vyB00TXsimI$_$5,1.7999999523162842,1.1404684782028198,0.005405745469033718,0.9893324375152588,0.0052618286572396755,2.316941738128662,1.2463809251785278,1.4361485242843628,0.5169417858123779,0.5536190271377563,0.3638514280319214,0.3158472776412964,0.3016936779022217,0.3824590742588043,audio,vision,0,0.8571428656578064,0.30000001192092896,0.5454545617103577,0.529138445854187,0.470861554145813,0.005405745469033718,0.9893324375152588,0.0052618286572396755,0.4417923390865326,0.20591840147972107,0.3522892892360687,audio,text,0,0.06644028425216675,1.053858995437622,0.5222760438919067,0.46641767024993896,1.0705608129501343,1.0710642337799072,1.2022287845611572,0.13116455078125,0.45910265192338723,0.5408973480766127,1
470,tIrG4oNLFzE$_$11,-1.600000023841858,-0.7437753081321716,0.004123133607208729,0.9895582795143127,0.006318626459687948,-0.6470571756362915,-0.4925832152366638,-0.5833922624588013,0.9529428482055664,1.1074168682098389,1.0166077613830566,0.36391308903694153,0.3000120222568512,0.3360748291015625,audio,text,0,0.5625,0.4649122953414917,0.5147058963775635,0.4412962794303894,0.5587037205696106,0.004123133607208729,0.9895582795143127,0.006318626459687948,0.296356737613678,0.3262794315814972,0.3773638606071472,audio,vision,0,0.06502683460712433,1.0936180353164673,0.4421858787536621,0.0633874386548996,0.15447396039962769,-0.6219769716262817,-0.8979782462120056,0.2760012745857239,0.4145950441834893,0.5854049558165108,0
579,wMbj6ajWbic$_$21,1.600000023841858,0.49301159381866455,0.0021610392723232508,0.9948424696922302,0.0029965126886963844,1.1622182130813599,0.7865723371505737,0.8261257410049438,0.43778181076049805,0.8134276866912842,0.7738742828369141,0.4381641447544098,0.27397480607032776,0.28786104917526245,audio,text,0,0.6470588445663452,0.43589743971824646,0.5319148898124695,0.4592072069644928,0.5407928228378296,0.0021610392723232508,0.9948424696922302,0.0029965126886963844,0.3216770887374878,0.2951275110244751,0.3831953704357147,audio,vision,0,0.035817500203847885,1.092571496963501,0.4664766192436218,0.16853368282318115,0.37564587593078613,0.4326845109462738,0.5640567541122437,0.13137224316596985,0.4590381829690857,0.5409618170309143,0
195,etzxEpPuc6I$_$6,0.4000000059604645,0.8654240369796753,0.0016022828640416265,0.9957206845283508,0.0026770273689180613,1.7354841232299805,1.105658769607544,1.1779825687408447,1.3354841470718384,0.7056587934494019,0.7779825925827026,0.1921270787715912,0.42218291759490967,0.38568997383117676,audio,audio,1,0.6666666865348816,0.4722222089767456,0.6279069781303406,0.5003366470336914,0.4996633529663086,0.0016022828640416265,0.9957206845283508,0.0026770273689180613,0.29803815484046936,0.28424620628356934,0.4177156686782837,audio,vision,0,0.03043910302221775,1.0829893350601196,0.4743163585662842,0.2814088761806488,0.6298253536224365,0.7590346932411194,0.9716702103614807,0.21263551712036133,0.5660601455255423,0.4339398544744576,0
243,fvVhgmXxadc$_$11,-0.20000000298023224,0.42829638719558716,0.0018682455411180854,0.9954806566238403,0.0026510870084166527,1.0368379354476929,0.7303866147994995,0.728896975517273,1.2368379831314087,0.9303866028785706,0.928896963596344,0.25404706597328186,0.3726292550563812,0.3733237087726593,audio,vision,0,0.6000000238418579,0.5384615659713745,0.5,0.45244288444519043,0.5475571155548096,0.0018682455411180854,0.9954806566238403,0.0026510870084166527,0.2907237708568573,0.3573361039161682,0.3519401550292969,audio,audio,0,0.031975157558918,1.09441077709198,0.4254297614097595,0.14481492340564728,0.3079409599304199,0.37122172117233276,0.49736952781677246,0.1261478066444397,0.5393397098739484,0.46066029012605153,1
11,c7UH_rxdZv4$_$3,-0.800000011920929,-0.3230505883693695,0.0029485770501196384,0.9937421679496765,0.0033092654775828123,0.08043859899044037,-0.007167980074882507,-0.0027905255556106567,0.8804386258125305,0.7928320169448853,0.7972095012664795,0.3100419044494629,0.3459228575229645,0.34403514862060547,audio,audio,1,0.7142857313156128,0.1818181872367859,0.4615384638309479,0.429989218711853,0.570010781288147,0.0029485770501196384,0.9937421679496765,0.0033092654775828123,0.4122089147567749,0.20378528535366058,0.38400575518608093,audio,text,0,0.042317185550928116,1.056999683380127,0.5266379117965698,0.04030599817633629,0.08760657906532288,-0.14599670469760895,-0.5577602386474609,0.4117635488510132,0.37409134943101635,0.6259086505689837,0
401,ob23OKe5a9Q$_$14,0.800000011920929,0.7958619594573975,0.0014697292353957891,0.9961045980453491,0.0024257288314402103,1.5938483476638794,1.0836410522460938,1.1133383512496948,0.7938483357429504,0.2836410403251648,0.31333833932876587,0.21206583082675934,0.40127861499786377,0.3866555988788605,audio,audio,1,0.5,0.44897958636283875,0.470085471868515,0.46258842945098877,0.5374115705490112,0.0014697292353957891,0.9961045980453491,0.0024257288314402103,0.2726370096206665,0.3440905809402466,0.3832723796367645,audio,vision,0,0.028081180527806282,1.0889778137207031,0.43467599153518677,0.2338288277387619,0.5102072954177856,0.7119486927986145,0.8933480381965637,0.18139934539794922,0.5016552149389025,0.4983447850610976,1
172,dq3Nf_lMPnE$_$2,-1.399999976158142,0.6705855131149292,0.0013615409843623638,0.9962592124938965,0.0023792656138539314,1.4403806924819946,0.9196016788482666,0.9971514940261841,2.8403806686401367,2.319601535797119,2.397151470184326,0.21469958126544952,0.4116666316986084,0.37363383173942566,audio,audio,1,0.6153846383094788,0.5625,0.6052631735801697,0.48844754695892334,0.5115524530410767,0.0013615409843623638,0.9962592124938965,0.0023792656138539314,0.2669486701488495,0.33797144889831543,0.3950798809528351,audio,vision,0,0.027091816067695618,1.0860859155654907,0.4388585090637207,0.2294139713048935,0.520779013633728,0.577058732509613,0.768536388874054,0.19147765636444092,0.5595527387769651,0.44044726122303485,1
15,c7UH_rxdZv4$_$7,-3.0,-0.380869597196579,0.0009320349781773984,0.9970884919166565,0.0019795335829257965,-0.16698671877384186,-0.13461321592330933,-0.25916099548339844,2.8330132961273193,2.865386724472046,2.7408390045166016,0.3244163393974304,0.3115503191947937,0.36403337121009827,audio,vision,0,0.5714285969734192,0.6875,0.6499999761581421,0.4680117070674896,0.531988263130188,0.0009320349781773984,0.9970884919166565,0.0019795335829257965,0.2180057018995285,0.392319917678833,0.3896743655204773,audio,audio,0,0.02173350192606449,1.0664048194885254,0.40317901968955994,0.0527639277279377,0.12454777956008911,-0.22255977988243103,-0.5608201622962952,0.33826038241386414,0.39584083614183174,0.6041591638581683,0
158,d6hH302o4v8$_$37,-2.200000047683716,-0.3512769341468811,0.003591560060158372,0.9937430024147034,0.0026654661633074284,0.07404247671365738,-0.0265196505934,-0.012179858982563019,2.2740426063537598,2.17348051071167,2.1878201961517334,0.3079059422016144,0.34914836287498474,0.34294572472572327,audio,audio,1,1.0,0.5,0.5555555820465088,0.4810429513454437,0.5189570188522339,0.003591560060158372,0.9937430024147034,0.0026654661633074284,0.46592867374420166,0.24378445744514465,0.2902868688106537,audio,text,0,0.04225407540798187,1.0589866638183594,0.4999723434448242,0.044413041323423386,0.10056212544441223,-0.15251290798187256,-0.5657067894935608,0.41319388151168823,0.3736728042547612,0.6263271957452388,0
392,nzpVDcQ0ywM$_$14,0.20000000298023224,-0.22468364238739014,0.00292384484782815,0.9924002885818481,0.004675845615565777,0.28417035937309265,0.23160803318023682,0.17993345856666565,0.08417035639286041,0.03160803020000458,0.02006654441356659,0.317325621843338,0.33887502551078796,0.343799352645874,audio,vision,0,0.550000011920929,0.4545454680919647,0.52173912525177,0.43672269582748413,0.5632773041725159,0.00292384484782815,0.9924002885818481,0.004675845615565777,0.2856321930885315,0.3239489197731018,0.3904189169406891,audio,vision,1,0.049718476831912994,1.0902594327926636,0.44563430547714233,0.042555052787065506,0.104236900806427,-0.11425310373306274,-0.3671150207519531,0.2528619170188904,0.578367987238689,0.4216320127613111,1
515,tmZoasNr4rU$_$1,0.0,0.5077789425849915,0.001626787823624909,0.9956335425376892,0.0027396376244723797,1.1772152185440063,0.7751153707504272,0.8060563802719116,1.1772152185440063,0.7751153707504272,0.8060563802719116,0.23566031455993652,0.3895593285560608,0.3747802972793579,audio,audio,1,0.5454545617103577,0.4893617033958435,0.5263158082962036,0.4619045555591583,0.5380954742431641,0.001626787823624909,0.9956335425376892,0.0027396376244723797,0.27113163471221924,0.3392694890499115,0.38959887623786926,audio,vision,0,0.03096640668809414,1.0878551006317139,0.4375760555267334,0.18269601464271545,0.4020998477935791,0.4301498830318451,0.5982128381729126,0.1680629551410675,0.5523273676599818,0.44767263234001825,1
351,lXPQBPVc5Cw$_$8,2.5999999046325684,1.0959258079528809,0.001197310397401452,0.9958062171936035,0.0029964791610836983,2.049896240234375,1.3641302585601807,1.411054253578186,0.5501036643981934,1.2358696460723877,1.1889456510543823,0.5335253477096558,0.2263990193605423,0.24007563292980194,audio,text,0,0.4545454680919647,0.46666666865348816,0.6285714507102966,0.5010966062545776,0.49890339374542236,0.001197310397401452,0.9958062171936035,0.0029964791610836983,0.22018858790397644,0.3149661123752594,0.4648452699184418,audio,vision,0,0.029650568962097168,1.0531773567199707,0.45389342308044434,0.31280022859573364,0.6857659816741943,0.969176709651947,1.2221200466156006,0.25294333696365356,0.421607194281498,0.578392805718502,1
356,lXPQBPVc5Cw$_$15,-2.799999952316284,-0.465450644493103,0.002432510256767273,0.9936915636062622,0.0038759440649300814,-0.2945234179496765,-0.2337605357170105,-0.3480698764324188,2.505476474761963,2.566239356994629,2.451930046081543,0.3337691128253937,0.3093569576740265,0.35687386989593506,audio,vision,0,0.5,0.4000000059604645,0.4583333432674408,0.432095468044281,0.567904531955719,0.002432510256767273,0.9936915636062622,0.0038759440649300814,0.28481021523475647,0.3274817168712616,0.38770803809165955,audio,vision,1,0.04245232790708542,1.0906322002410889,0.44413989782333374,0.046697575598955154,0.11430934071540833,-0.30594944953918457,-0.675083577632904,0.3691341280937195,0.38664956940516365,0.6133504305948363,0
331,k5Y_838nuGo$_$31,-1.0,0.5570674538612366,0.0010975850746035576,0.9967532753944397,0.002149110659956932,1.2743488550186157,0.8416498899459839,0.8666104078292847,2.274348735809326,1.8416498899459839,1.8666104078292847,0.22819308936595917,0.3919231593608856,0.37988367676734924,audio,audio,1,0.4615384638309479,0.6086956262588501,0.5185185074806213,0.4701113700866699,0.5298886299133301,0.0010975850746035576,0.9967532753944397,0.002149110659956932,0.22038473188877106,0.4121958017349243,0.36741942167282104,audio,audio,1,0.023922422900795937,1.0664960145950317,0.38970500230789185,0.19835491478443146,0.43269896507263184,0.4728691577911377,0.6519719958305359,0.1791028380393982,0.5557370286891322,0.44426297131086784,1
267,iiK8YX8oH1E$_$3,-1.25,0.32747581601142883,0.0006983887287788093,0.9969627261161804,0.002338913269340992,1.0699496269226074,0.4119976758956909,0.6416753530502319,2.3199496269226074,1.661997675895691,1.891675353050232,0.20063886046409607,0.4566633403301239,0.3426978588104248,audio,audio,1,0.1428571492433548,0.4444444477558136,0.4375,0.4565871059894562,0.5434129238128662,0.0006983887287788093,0.9969627261161804,0.002338913269340992,0.15643975138664246,0.41356268525123596,0.42999759316444397,audio,vision,0,0.02227693982422352,1.0182700157165527,0.38893336057662964,0.2726559638977051,0.6579519510269165,0.24406291544437408,0.4267507493495941,0.18268783390522003,0.5568431402627301,0.44315685973727,1
594,wMbj6ajWbic$_$10,-1.7999999523162842,0.9478616118431091,0.0009598800097592175,0.9971811771392822,0.0018589880783110857,1.8671684265136719,1.2124251127243042,1.2945486307144165,3.667168378829956,3.012424945831299,3.0945487022399902,0.18822795152664185,0.42670080065727234,0.3850713074207306,audio,audio,1,0.4545454680919647,0.5789473652839661,0.5,0.48677170276641846,0.5132282972335815,0.0009598800097592175,0.9971811771392822,0.0018589880783110857,0.2252136617898941,0.4049730896949768,0.36981329321861267,audio,audio,1,0.021173549816012383,1.0696709156036377,0.3948054015636444,0.2912285029888153,0.6547433137893677,0.8480440974235535,1.053104281425476,0.2050601840019226,0.563732738343874,0.436267261656126,1
76,cXypl4FnoZo$_$27,0.800000011920929,-0.17028096318244934,0.0025736582465469837,0.9948531985282898,0.002573194447904825,0.4252856969833374,0.18713068962097168,0.3150119185447693,0.37471431493759155,0.6128693222999573,0.48498809337615967,0.38258984684944153,0.2840839624404907,0.333326131105423,audio,text,0,0.7142857313156128,0.30000001192092896,0.4166666567325592,0.43827638030052185,0.5617235898971558,0.0025736582465469837,0.9948531985282898,0.002573194447904825,0.4057955741882324,0.2530776858329773,0.34112676978111267,audio,text,1,0.035821713507175446,1.0806151628494263,0.4945170283317566,0.09731490910053253,0.23815500736236572,-0.08219932019710541,-0.2831721305847168,0.2009728103876114,0.5624757804616999,0.43752421953830023,1
621,yDtzw_Y-7RU$_$12,-0.6666666865348816,-0.6221377849578857,0.002028251299634576,0.9942139983177185,0.0037577622570097446,-0.4685486853122711,-0.38546597957611084,-0.5575779676437378,0.19811800122261047,0.28120070695877075,0.1090887188911438,0.33122751116752625,0.2985544204711914,0.37021806836128235,audio,vision,0,0.5333333611488342,0.3877550959587097,0.5593220591545105,0.45399680733680725,0.5460032224655151,0.002028251299634576,0.9942139983177185,0.0037577622570097446,0.27409401535987854,0.2901545763015747,0.43575146794319153,audio,vision,1,0.03932863473892212,1.0757472515106201,0.4693729877471924,0.07027839869260788,0.17211198806762695,-0.4172971248626709,-0.8684911727905273,0.45119404792785645,0.48514653564946736,0.5148534643505326,0
444,phBUpBr1hSo$_$6,1.600000023841858,0.4449135661125183,0.0015546277863904834,0.9961932897567749,0.002252071164548397,1.0949180126190186,0.7534881830215454,0.7728637456893921,0.5050820112228394,0.8465118408203125,0.8271362781524658,0.4308110177516937,0.2811483144760132,0.2880406975746155,audio,text,0,0.550000011920929,0.5106382966041565,0.45614033937454224,0.4496808350086212,0.5503191947937012,0.0015546277863904834,0.9961932897567749,0.002252071164548397,0.28346502780914307,0.3659195899963379,0.35061535239219666,audio,audio,0,0.027580877766013145,1.0926969051361084,0.420182466506958,0.15658462047576904,0.34142982959747314,0.3783072233200073,0.526426374912262,0.14811915159225464,0.45384454111764816,0.546155458882352,0
318,k5Y_838nuGo$_$6,2.0,1.3551223278045654,0.0007229591719806194,0.9978858828544617,0.001391133526340127,2.534839391708374,1.585247278213501,1.6859068870544434,0.534839391708374,0.414752721786499,0.31409311294555664,0.2873794734477997,0.33392348885536194,0.378697007894516,audio,vision,0,0.4444444477558136,0.625,0.4736842215061188,0.5189067721366882,0.48109322786331177,0.0007229591719806194,0.9978858828544617,0.001391133526340127,0.21601985394954681,0.4372360110282898,0.3467441201210022,audio,audio,0,0.016490785405039787,1.0600035190582275,0.37376660108566284,0.42590343952178955,0.949592113494873,1.24043869972229,1.4614487886428833,0.22101008892059326,0.4313702838824781,0.5686297161175219,1
525,v0zCBqDeKcE$_$10,2.200000047683716,1.0069684982299805,0.0016438616439700127,0.9961392283439636,0.0022168781142681837,1.9750851392745972,1.3059043884277344,1.359520435333252,0.22491490840911865,0.8940956592559814,0.8404796123504639,0.5272871255874634,0.22843903303146362,0.24427373707294464,audio,text,0,0.5714285969734192,0.4545454680919647,0.4444444477558136,0.47684815526008606,0.5231518745422363,0.0016438616439700127,0.9961392283439636,0.0022168781142681837,0.3061976432800293,0.3396725654602051,0.3541298508644104,audio,vision,0,0.027940399944782257,1.0967810153961182,0.43764448165893555,0.3036074936389923,0.6691807508468628,0.9116634130477905,1.1115280389785767,0.19986462593078613,0.43786514976776447,0.5621348502322356,0
64,cW1FSBF59ik$_$10,-1.0,0.7264209389686584,0.0014751605922356248,0.9952640533447266,0.0032607426401227713,1.4796885251998901,0.9911202192306519,1.0610252618789673,2.4796886444091797,1.9911202192306519,2.0610251426696777,0.22078090906143188,0.4066210091114044,0.3725981116294861,audio,audio,1,0.5,0.4583333432674408,0.6162790656089783,0.4787046015262604,0.521295428276062,0.0014751605922356248,0.9952640533447266,0.0032607426401227713,0.23921486735343933,0.30799737572669983,0.4527877867221832,audio,vision,0,0.03301160782575607,1.0636467933654785,0.4581778049468994,0.21573249995708466,0.4885683059692383,0.6408847570419312,0.8195673823356628,0.1786826252937317,0.5556073402119761,0.44439265978802384,1
323,k5Y_838nuGo$_$13,0.6000000238418579,-0.38250306248664856,0.0013569503789767623,0.9967854022979736,0.001857639872469008,-0.2132430523633957,-0.15975861251354218,-0.2676757872104645,0.8132430911064148,0.7597586512565613,0.86767578125,0.33296000957489014,0.3559812605381012,0.3110587000846863,audio,audio,1,0.5714285969734192,0.7333333492279053,0.4444444477558136,0.4607405960559845,0.5392594337463379,0.0013569503789767623,0.9967854022979736,0.001857639872469008,0.2442469447851181,0.47329628467559814,0.28245672583580017,audio,audio,1,0.023850364610552788,1.0554163455963135,0.3489927649497986,0.04405756667256355,0.1079171746969223,-0.24848626554012299,-0.5393588542938232,0.29087257385253906,0.5899093712246436,0.4100906287753564,1
313,k5Y_838nuGo$_$3,0.800000011920929,0.6112008094787598,0.002046752953901887,0.9954527616500854,0.0025004674680531025,1.3537596464157104,0.9191692471504211,0.9273641109466553,0.5537596344947815,0.11916923522949219,0.12736409902572632,0.22595809400081635,0.3890032172203064,0.38503873348236084,audio,audio,1,0.6428571343421936,0.4888888895511627,0.4680851101875305,0.45972704887390137,0.5402729511260986,0.002046752953901887,0.9954527616500854,0.0025004674680531025,0.32567623257637024,0.3333594501018524,0.34096428751945496,audio,vision,0,0.03219033032655716,1.098436951637268,0.44139552116394043,0.20296388864517212,0.4345903992652893,0.5439774394035339,0.690201997756958,0.14622455835342407,0.4544316202749603,0.5455683797250397,0
428,phBUpBr1hSo$_$10,-1.399999976158142,-0.10871376097202301,0.0021297233179211617,0.9943642616271973,0.003505989909172058,0.44390869140625,0.2483891099691391,0.3166748881340027,1.843908667564392,1.6483891010284424,1.7166748046875,0.2899187505245209,0.3701840341091156,0.33989715576171875,audio,audio,1,0.5555555820465088,0.30000001192092896,0.5142857432365417,0.4333765506744385,0.5666234493255615,0.0021297233179211617,0.9943642616271973,0.003505989909172058,0.30755743384361267,0.26203298568725586,0.43040958046913147,audio,vision,0,0.03854171186685562,1.0764188766479492,0.48822087049484253,0.0810207724571228,0.1955195814371109,-0.04597920551896095,-0.1907368302345276,0.14475762844085693,0.45488626733058,0.54511373266942,0
185,etzxEpPuc6I$_$17,-0.4000000059604645,0.679157018661499,0.0011914994101971388,0.9974494576454163,0.001359055400826037,1.4775769710540771,0.9605989456176758,1.0336686372756958,1.8775769472122192,1.3605989217758179,1.433668613433838,0.21505102515220642,0.4103858172893524,0.37456318736076355,audio,audio,1,0.625,0.625,0.4035087823867798,0.4778919219970703,0.5221080780029297,0.0011914994101971388,0.9974494576454163,0.001359055400826037,0.29603520035743713,0.4167552590370178,0.28720954060554504,audio,audio,1,0.01954016461968422,1.0834306478500366,0.3871294856071472,0.22843918204307556,0.5169780254364014,0.6130695939064026,0.7513591051101685,0.13828951120376587,0.543108181871548,0.456891818128452,1
35,cM3Yna7AavY$_$13,-1.600000023841858,0.9301888942718506,0.000841364439111203,0.997201681137085,0.0019569445867091417,1.880440592765808,1.157548427581787,1.2452541589736938,3.480440616607666,2.7575483322143555,2.8452541828155518,0.1760345995426178,0.4345434010028839,0.3894219994544983,audio,audio,1,0.30000001192092896,0.7142857313156128,0.4375,0.4974287748336792,0.5025712251663208,0.000841364439111203,0.997201681137085,0.0019569445867091417,0.16504856944084167,0.5205110311508179,0.31444042921066284,audio,audio,1,0.020955881103873253,1.0009973049163818,0.3177937865257263,0.3220985233783722,0.722892165184021,0.8548253178596497,1.0063315629959106,0.151506245136261,0.547204699490589,0.4527953005094111,1
390,nzpVDcQ0ywM$_$12,-1.399999976158142,0.30541396141052246,0.002120173303410411,0.9945666790008545,0.0033131500240415335,0.9199448227882385,0.6442736983299255,0.619097113609314,2.3199448585510254,2.044273614883423,2.019097089767456,0.2585352957248688,0.36489924788475037,0.37656542658805847,audio,vision,0,0.46666666865348816,0.6153846383094788,0.42553192377090454,0.4494379758834839,0.5505620241165161,0.002120173303410411,0.9945666790008545,0.0033131500240415335,0.24296894669532776,0.4410236179828644,0.31600746512413025,audio,audio,0,0.037388451397418976,1.0688420534133911,0.3690287470817566,0.13627496361732483,0.30084770917892456,0.2794547975063324,0.33721399307250977,0.05775919556617737,0.5180419120468056,0.48195808795319445,1
364,nbWiPyCm4g0$_$1,1.2000000476837158,-0.01162148080766201,0.001573735848069191,0.9945501685142517,0.003876068629324436,0.5232585668563843,0.4145253896713257,0.4052078425884247,0.6767414808273315,0.7854746580123901,0.7947921752929688,0.36553406715393066,0.31908032298088074,0.3153855800628662,audio,text,0,0.4000000059604645,0.6875,0.5897436141967773,0.44348999857902527,0.5565099716186523,0.001573735848069191,0.9945501685142517,0.003876068629324436,0.18183952569961548,0.43988025188446045,0.37828025221824646,audio,audio,0,0.037115853279829025,1.0389559268951416,0.3697800040245056,0.053588658571243286,0.1180507242679596,-0.004836689680814743,-0.02013532444834709,0.015298634767532349,0.5047806776744492,0.49521932232555077,1
465,rnaNMUZpvvg$_$14,-2.5999999046325684,-0.7310364246368408,0.003398413537070155,0.9927334785461426,0.003868060652166605,-0.567816972732544,-0.4434029161930084,-0.6199569702148438,2.0321829319000244,2.1565968990325928,1.9800429344177246,0.3420770764350891,0.2928084433078766,0.3651145398616791,audio,vision,0,0.75,0.3461538553237915,0.5322580933570862,0.45851874351501465,0.5414812564849854,0.003398413537070155,0.9927334785461426,0.003868060652166605,0.38347551226615906,0.24079042673110962,0.3757340610027313,audio,text,0,0.048045217990875244,1.0781937837600708,0.5012954473495483,0.07406361401081085,0.17655405402183533,-0.48719099164009094,-1.0190021991729736,0.5318112373352051,0.33967025627800135,0.6603297437219987,0
30,c7UH_rxdZv4$_$30,1.2000000476837158,0.9462293386459351,0.003591548651456833,0.9940024018287659,0.002406073035672307,1.9396833181381226,1.2729382514953613,1.2965227365493774,0.7396832704544067,0.07293820381164551,0.09652268886566162,0.18065045773983002,0.4157130718231201,0.40363648533821106,audio,audio,1,0.875,0.4333333373069763,0.4000000059604645,0.4961911737918854,0.503808856010437,0.003591548651456833,0.9940024018287659,0.002406073035672307,0.4649820923805237,0.26805663108825684,0.2669612467288971,audio,text,0,0.04070504009723663,1.061537742614746,0.48396381735801697,0.30889782309532166,0.6667450666427612,0.8946790099143982,0.9985710382461548,0.10389202833175659,0.467579292750358,0.5324207072496421,0
511,tmZoasNr4rU$_$16,-1.399999976158142,-0.7162227034568787,0.00322416122071445,0.9929268956184387,0.0038489820435643196,-0.6358305811882019,-0.4731394350528717,-0.5996780395507812,0.7641693949699402,0.9268605709075928,0.8003219366073608,0.3607769012451172,0.29438716173171997,0.3448359966278076,audio,text,0,0.6000000238418579,0.5,0.42105263471603394,0.43977952003479004,0.56022047996521,0.00322416122071445,0.9929268956184387,0.0038489820435643196,0.31934258341789246,0.3583769202232361,0.32228049635887146,audio,audio,0,0.046945422887802124,1.0972111225128174,0.42303332686424255,0.06975150853395462,0.1626911461353302,-0.5777458548545837,-0.892623782157898,0.3148779273033142,0.40285159847747537,0.5971484015225247,0
312,k5Y_838nuGo$_$1,-1.600000023841858,0.636781632900238,0.0007107076235115528,0.9982006549835205,0.001088649034500122,1.599000334739685,1.0139639377593994,1.118825078010559,3.199000358581543,2.613964080810547,2.718825101852417,0.20406964421272278,0.42400985956192017,0.37192052602767944,audio,audio,1,0.4444444477558136,0.6666666865348816,0.3636363744735718,0.48515430092811584,0.5148457288742065,0.0007107076235115528,0.9982006549835205,0.001088649034500122,0.2225339263677597,0.4904647469520569,0.2870013415813446,audio,audio,1,0.014377456158399582,1.042059063911438,0.3384906053543091,0.2546962797641754,0.5850363969802856,0.5263041853904724,0.7540203332901001,0.22771614789962769,0.5706846830656879,0.4293153169343121,1
143,d6hH302o4v8$_$8,-2.200000047683716,0.367869108915329,0.001787009066902101,0.9946000576019287,0.0036129537038505077,1.0776301622390747,0.5479999780654907,0.6539607048034668,3.27763032913208,2.748000144958496,2.8539607524871826,0.21565812826156616,0.41810470819473267,0.36623716354370117,audio,audio,1,0.6666666865348816,0.6666666865348816,0.7272727489471436,0.5063230395317078,0.49367696046829224,0.001787009066902101,0.9946000576019287,0.0036129537038505077,0.24398593604564667,0.3448196351528168,0.41119441390037537,audio,vision,0,0.03700857236981392,1.0767425298690796,0.43318694829940796,0.2288210391998291,0.529630184173584,0.3013414740562439,0.4327351450920105,0.1313936710357666,0.5409684682914409,0.45903153170855915,0
672,zhpQhgha_KU$_$13,-1.0,0.26505380868911743,0.0012395023368299007,0.9969446063041687,0.0018159025348722935,0.8955566883087158,0.6186475157737732,0.6438158750534058,1.8955566883087158,1.618647575378418,1.6438158750534058,0.2643117606639862,0.3736298680305481,0.3620583415031433,audio,audio,1,0.5,0.6875,0.42105263471603394,0.4602327048778534,0.5397672653198242,0.0012395023368299007,0.9969446063041687,0.0018159025348722935,0.23360536992549896,0.47326773405075073,0.2931269705295563,audio,audio,1,0.022807221859693527,1.0534499883651733,0.3491179347038269,0.1250269114971161,0.2769091725349426,0.20236213505268097,0.3385794460773468,0.13621731102466583,0.5424653613987647,0.45753463860123533,1
103,d3_k5Xpfmik$_$10,0.4000000059604645,0.8181134462356567,0.0009511826210655272,0.9964093565940857,0.0026394790038466454,1.617954134941101,1.0514044761657715,1.1349529027938843,1.217954158782959,0.6514045000076294,0.7349529266357422,0.20579200983047485,0.4178210198879242,0.3763869106769562,audio,audio,1,0.3571428656578064,0.5846154093742371,0.5844155550003052,0.4809292256832123,0.5190707445144653,0.0009511826210655272,0.9964093565940857,0.0026394790038466454,0.1801794320344925,0.39748135209083557,0.4223392903804779,audio,vision,0,0.02587335743010044,1.0395448207855225,0.39928537607192993,0.24972185492515564,0.5665496587753296,0.724271833896637,0.9193974733352661,0.19512563943862915,0.5606762543440007,0.43932374565599924,1
581,wMbj6ajWbic$_$23,1.7999999523162842,0.7227648496627808,0.0011427102144807577,0.9953963160514832,0.003460937412455678,1.5042580366134644,1.0022329092025757,1.0486536026000977,0.2957419157028198,0.7977670431137085,0.7513463497161865,0.47625550627708435,0.25427669286727905,0.2694678008556366,audio,text,0,0.4000000059604645,0.517241358757019,0.6764705777168274,0.4884282052516937,0.5115717649459839,0.0011427102144807577,0.9953963160514832,0.003460937412455678,0.18735456466674805,0.3296329379081726,0.48301252722740173,audio,vision,0,0.03194459155201912,1.03108549118042,0.4438422620296478,0.22650964558124542,0.5020251274108887,0.6128889322280884,0.8378471732139587,0.22495824098587036,0.43016014362611227,0.5698398563738878,0
651,zhpQhgha_KU$_$24,0.0,-0.2709377408027649,0.0017982503632083535,0.9961905479431152,0.0020112136844545603,0.06984961777925491,0.03103083185851574,-0.07243716716766357,0.06984961777925491,0.03103083185851574,0.07243716716766357,0.328246533870697,0.3445669412612915,0.3271865248680115,audio,audio,1,0.625,0.5909090638160706,0.40740740299224854,0.44956791400909424,0.5504320859909058,0.0017982503632083535,0.9961905479431152,0.0020112136844545603,0.3044503331184387,0.4009033739566803,0.29464632272720337,audio,audio,1,0.02765646204352379,1.0885581970214844,0.3968581557273865,0.06005372479557991,0.1422867774963379,-0.12270419299602509,-0.4524286985397339,0.3297244906425476,0.6016046461390899,0.3983953538609101,1
517,tmZoasNr4rU$_$2,-2.0,-1.42884361743927,0.0021367149893194437,0.9946926236152649,0.0031706683803349733,-1.4796861410140991,-1.1857913732528687,-1.5775665044784546,0.5203138589859009,0.8142086267471313,0.4224334955215454,0.35427016019821167,0.24535135924816132,0.40037843585014343,audio,vision,0,0.5714285969734192,0.5833333134651184,0.5,0.47578105330467224,0.5242189168930054,0.0021367149893194437,0.9946926236152649,0.0031706683803349733,0.26888585090637207,0.38500678539276123,0.3461073637008667,audio,audio,0,0.036674242466688156,1.0878819227218628,0.40645724534988403,0.16648072004318237,0.39177513122558594,-1.2440905570983887,-1.6324058771133423,0.3883153200149536,0.3809791868464923,0.6190208131535078,0
580,wMbj6ajWbic$_$22,1.399999976158142,0.9957414865493774,0.0009832950308918953,0.996780514717102,0.0022361918818205595,1.9292011260986328,1.2144200801849365,1.2825552225112915,0.5292011499404907,0.18557989597320557,0.11744475364685059,0.23754894733428955,0.36500102281570435,0.3974500298500061,audio,vision,0,0.4545454680919647,0.517241358757019,0.568965494632721,0.4968155324459076,0.50318443775177,0.0009832950308918953,0.996780514717102,0.0022361918818205595,0.2226542830467224,0.35442084074020386,0.42292484641075134,audio,vision,1,0.023670639842748642,1.0660395622253418,0.42823976278305054,0.32209473848342896,0.7147810459136963,0.8824731707572937,1.1104618310928345,0.22798866033554077,0.4292318607590327,0.5707681392409673,0
507,tmZoasNr4rU$_$12,-2.200000047683716,0.4467129111289978,0.001969084609299898,0.9944412112236023,0.0035896976478397846,1.1436225175857544,0.783462405204773,0.8033188581466675,3.3436226844787598,2.983462333679199,3.0033187866210938,0.2439740002155304,0.3827040195465088,0.3733220100402832,audio,audio,1,0.6000000238418579,0.5517241358757019,0.6285714507102966,0.47570863366127014,0.5242913961410522,0.001969084609299898,0.9944412112236023,0.0035896976478397846,0.26263225078582764,0.33015984296798706,0.4072079658508301,audio,vision,0,0.03801992908120155,1.0828638076782227,0.44285425543785095,0.16529978811740875,0.36016011238098145,0.3542543649673462,0.548613965511322,0.19435960054397583,0.5604403788214688,0.4395596211785312,1
120,d3_k5Xpfmik$_$8,2.200000047683716,0.9907221794128418,0.001139214844442904,0.9969455599784851,0.0019152782624587417,2.0805137157440186,1.056995153427124,1.3023287057876587,0.11948633193969727,1.1430048942565918,0.8976713418960571,0.6037722229957581,0.16797226667404175,0.22825555503368378,audio,text,0,0.5714285969734192,0.6111111044883728,0.523809552192688,0.5275224447250366,0.4724775552749634,0.001139214844442904,0.9969455599784851,0.0019152782624587417,0.2534802258014679,0.39572617411613464,0.35079362988471985,audio,audio,0,0.022756287828087807,1.0822213888168335,0.40081295371055603,0.4363167881965637,1.0235185623168945,0.8989036083221436,1.0729598999023438,0.1740562915802002,0.44582096259690657,0.5541790374030935,1
51,cW1FSBF59ik$_$21,1.600000023841858,0.6465246677398682,0.0007729450589977205,0.9971640706062317,0.0020629526115953922,1.3950140476226807,0.9318798780441284,1.0035606622695923,0.20498597621917725,0.6681201457977295,0.5964393615722656,0.4600768983364105,0.2578752338886261,0.28204789757728577,audio,text,0,0.38461539149284363,0.6206896305084229,0.5882353186607361,0.4746692180633545,0.5253307819366455,0.0007729450589977205,0.9971640706062317,0.0020629526115953922,0.18146397173404694,0.4082704484462738,0.41026559472084045,audio,vision,0,0.021126778796315193,1.0409696102142334,0.3925957679748535,0.20354284346103668,0.46313416957855225,0.5507628321647644,0.7525071501731873,0.20174431800842285,0.4372869019317376,0.5627130980682623,0
352,lXPQBPVc5Cw$_$11,-1.7999999523162842,-0.8137444853782654,0.002593918005004525,0.9944292306900024,0.002976847579702735,-0.714796245098114,-0.5982739329338074,-0.7824329137802124,1.0852036476135254,1.201725959777832,1.0175670385360718,0.3386753499507904,0.29277050495147705,0.36855417490005493,audio,vision,0,0.6666666865348816,0.5714285969734192,0.4444444477558136,0.45740529894828796,0.5425946712493896,0.002593918005004525,0.9944292306900024,0.002976847579702735,0.3183958828449249,0.37507298588752747,0.3065311908721924,audio,audio,0,0.03831690549850464,1.0946543216705322,0.41290420293807983,0.07606042176485062,0.18415898084640503,-0.6272133588790894,-1.0350160598754883,0.4078027009963989,0.37525134167609553,0.6247486583239045,0
486,tIrG4oNLFzE$_$9,-1.0,0.5015485286712646,0.0030179808381944895,0.9929331541061401,0.004048916511237621,1.1653188467025757,0.7879787087440491,0.8243945837020874,2.1653189659118652,1.7879786491394043,1.8243945837020874,0.24189436435699463,0.3876785933971405,0.37042707204818726,audio,audio,1,0.625,0.4137931168079376,0.5,0.453522652387619,0.5464773178100586,0.0030179808381944895,0.9929331541061401,0.004048916511237621,0.3290238678455353,0.2983326315879822,0.37264353036880493,audio,vision,0,0.04686236381530762,1.0944470167160034,0.4630669951438904,0.1699480563402176,0.3773401379585266,0.4378538429737091,0.5782982110977173,0.14044436812400818,0.5437764911497557,0.4562235088502443,1
663,zhpQhgha_KU$_$2,1.600000023841858,0.7928974032402039,0.0015594069845974445,0.9949747323989868,0.0034659123048186302,1.586159586906433,1.0354381799697876,1.073984146118164,0.013840436935424805,0.5645618438720703,0.5260158777236938,0.49271878600120544,0.2475312501192093,0.2597499489784241,audio,text,0,0.5,0.4375,0.6153846383094788,0.4850035607814789,0.5149964094161987,0.0015594069845974445,0.9949747323989868,0.0034659123048186302,0.24341927468776703,0.2994251251220703,0.4571555256843567,audio,vision,0,0.0347253754734993,1.0628483295440674,0.46369969844818115,0.2510209381580353,0.5507214069366455,0.6931523084640503,0.8988108038902283,0.20565849542617798,0.43608333593444526,0.5639166640655547,0
387,nzpVDcQ0ywM$_$11,0.0,-0.21736136078834534,0.0036187756340950727,0.9910809397697449,0.005300271790474653,0.3006053864955902,0.22152678668498993,0.22706253826618195,0.3006053864955902,0.22152678668498993,0.22706253826618195,0.31248190999031067,0.344948410987854,0.3425697386264801,audio,audio,1,0.692307710647583,0.44117647409439087,0.6097561120986938,0.4496448338031769,0.5503551959991455,0.0036187756340950727,0.9910809397697449,0.005300271790474653,0.3258306682109833,0.2720296382904053,0.40213972330093384,audio,vision,0,0.056995939463377,1.0858509540557861,0.47936758399009705,0.03604414314031601,0.07907859981060028,-0.09093905985355377,-0.3720994293689728,0.2811603546142578,0.5869692679019921,0.41303073209800784,1
622,yDtzw_Y-7RU$_$15,0.6000000238418579,0.48516878485679626,0.001423489535227418,0.9960440397262573,0.002532502170652151,1.2634793519973755,0.5959150195121765,0.7601711750030518,0.6634793281555176,0.0040850043296813965,0.16017115116119385,0.19394347071647644,0.4422210156917572,0.36383557319641113,audio,audio,1,0.4615384638309479,0.5714285969734192,0.4545454680919647,0.4809705913066864,0.5190293788909912,0.001423489535227418,0.9960440397262573,0.002532502170652151,0.23502452671527863,0.4175669550895691,0.34740856289863586,audio,audio,1,0.02841925621032715,1.0722954273223877,0.3856514096260071,0.28400731086730957,0.667564332485199,0.42592310905456543,0.5491025447845459,0.12317943572998047,0.46158229720212673,0.5384177027978734,0
456,rnaNMUZpvvg$_$7,-0.4000000059604645,-0.11590857803821564,0.0017402882222086191,0.9951949715614319,0.0030646927189081907,0.38219210505485535,0.2839970588684082,0.30580174922943115,0.7821921110153198,0.6839970350265503,0.7058017253875732,0.30952179431915283,0.34994369745254517,0.340534508228302,audio,audio,1,0.5555555820465088,0.48275861144065857,0.5588235259056091,0.44113367795944214,0.5588663220405579,0.0017402882222086191,0.9951949715614319,0.0030646927189081907,0.26806506514549255,0.32632097601890564,0.4056140184402466,audio,vision,0,0.033588577061891556,1.0843600034713745,0.4459160566329956,0.04210199415683746,0.09819504618644714,-0.020849015563726425,-0.236338272690773,0.2154892534017563,0.43306383503140206,0.566936164968598,0
544,vvZ4IcEtiZc$_$3,1.399999976158142,0.1683826744556427,0.0029231791850179434,0.9927181005477905,0.004358669742941856,0.7617650628089905,0.489368736743927,0.5350328683853149,0.6382349133491516,0.9106312394142151,0.8649671077728271,0.40574127435684204,0.28865161538124084,0.3056071698665619,audio,text,0,0.5416666865348816,0.41860464215278625,0.4757281541824341,0.433135062456131,0.5668649673461914,0.0029231791850179434,0.9927181005477905,0.004358669742941856,0.29897651076316833,0.32159456610679626,0.379428893327713,audio,vision,0,0.048004232347011566,1.0935187339782715,0.44741567969322205,0.11911360919475555,0.2723963260650635,0.16499918699264526,0.17281080782413483,0.007811620831489563,0.49755888788597863,0.5024411121140213,0
116,d3_k5Xpfmik$_$4,-1.0,-0.22536180913448334,0.003349818754941225,0.9933968782424927,0.003253284841775894,0.30122098326683044,0.1600952446460724,0.21075041592121124,1.3012210130691528,1.16009521484375,1.2107504606246948,0.30187273025512695,0.36011114716529846,0.3380161225795746,audio,audio,1,0.8333333134651184,0.40425533056259155,0.5357142686843872,0.4595608115196228,0.5404391884803772,0.003349818754941225,0.9933968782424927,0.003253284841775894,0.41099750995635986,0.24736787378787994,0.3416346311569214,audio,text,0,0.044306471943855286,1.077908992767334,0.4973526895046234,0.058373648673295975,0.14112573862075806,-0.055223558098077774,-0.42544278502464294,0.37021923065185547,0.38632795263779834,0.6136720473622016,0
610,yDtzw_Y-7RU$_$3,0.75,0.872026264667511,0.0008955933735705912,0.9973536729812622,0.0017506988951936364,1.6936376094818115,1.1300357580184937,1.1750434637069702,0.9436376094818115,0.38003575801849365,0.4250434637069702,0.2026335448026657,0.4098951816558838,0.3874713182449341,audio,audio,1,0.3571428656578064,0.5762711763381958,0.41428571939468384,0.4697107672691345,0.5302892327308655,0.0008955933735705912,0.9973536729812622,0.0017506988951936364,0.20618027448654175,0.44857609272003174,0.34524357318878174,audio,audio,1,0.020041078329086304,1.0523409843444824,0.3658517301082611,0.25573697686195374,0.5636018514633179,0.7921394109725952,0.9622160792350769,0.1700766682624817,0.5529496783946433,0.4470503216053567,1
658,zhpQhgha_KU$_$23,-0.5,-0.1359110176563263,0.002651059301570058,0.9949350953102112,0.0024138560984283686,0.40499162673950195,0.30643850564956665,0.29348912835121155,0.904991626739502,0.8064385056495667,0.7934890985488892,0.3048167824745178,0.34477853775024414,0.3504047691822052,audio,vision,0,0.8333333134651184,0.6000000238418579,0.5116279125213623,0.46015825867652893,0.5398417711257935,0.002651059301570058,0.9949350953102112,0.0024138560984283686,0.3760521709918976,0.32913586497306824,0.29481199383735657,audio,text,0,0.035327404737472534,1.0936415195465088,0.44386619329452515,0.04979202151298523,0.1115024983882904,-0.018998995423316956,-0.2730681598186493,0.25406914949417114,0.42126405949057943,0.5787359405094207,0
314,k5Y_838nuGo$_$2,1.2000000476837158,0.5363204479217529,0.002802948234602809,0.9936025738716125,0.0035944499541074038,1.231828212738037,0.8462519645690918,0.8643747568130493,0.03182816505432129,0.353748083114624,0.3356252908706665,0.42503488063812256,0.2842264771461487,0.29073867201805115,audio,text,0,0.7142857313156128,0.5416666865348816,0.5714285969734192,0.47064781188964844,0.5293521881103516,0.002802948234602809,0.9936025738716125,0.0035944499541074038,0.32570770382881165,0.3182676136493683,0.35602468252182007,audio,vision,0,0.04308093711733818,1.0974233150482178,0.45022329688072205,0.17764492332935333,0.3855762481689453,0.47462543845176697,0.6057107448577881,0.13108530640602112,0.4591272502107844,0.5408727497892155,0
534,v0zCBqDeKcE$_$5,2.0,0.9925225973129272,0.0017391358269378543,0.9955713152885437,0.002689568093046546,2.012894868850708,1.097530722618103,1.2718360424041748,0.012894868850708008,0.902469277381897,0.7281639575958252,0.5754097104072571,0.1892586201429367,0.2353316843509674,audio,text,0,0.6666666865348816,0.5333333611488342,0.5833333134651184,0.5205342769622803,0.4794657230377197,0.0017391358269378543,0.9955713152885437,0.002689568093046546,0.29634666442871094,0.324128121137619,0.37952524423599243,audio,vision,0,0.031387824565172195,1.0932894945144653,0.44762882590293884,0.39685457944869995,0.915364146232605,0.9037895798683167,1.0742548704147339,0.17046529054641724,0.44693024219268623,0.5530697578073137,1
7,c7UH_rxdZv4$_$23,-0.6000000238418579,1.0180513858795166,0.0006723914411850274,0.9972642660140991,0.0020634010434150696,1.9560739994049072,1.2870795726776123,1.325353741645813,2.5560741424560547,1.8870795965194702,1.925353765487671,0.18156875669956207,0.4190027713775635,0.39942851662635803,audio,audio,1,0.25,0.5666666626930237,0.5277777910232544,0.4813174903392792,0.5186824798583984,0.0006723914411850274,0.9972642660140991,0.0020634010434150696,0.1604239046573639,0.42224186658859253,0.4173341691493988,audio,audio,1,0.020402399823069572,1.0223076343536377,0.3833482265472412,0.30674391984939575,0.6689944267272949,0.9048685431480408,1.1400206089019775,0.23515206575393677,0.5729604554899764,0.4270395445100234,1
346,lXPQBPVc5Cw$_$5,-1.0,0.0768691897392273,0.00355359585955739,0.9921754002571106,0.004271022509783506,0.6510775685310364,0.49838846921920776,0.4907969534397125,1.6510775089263916,1.4983885288238525,1.4907969236373901,0.2913648784160614,0.3526364266872406,0.3559986650943756,audio,vision,0,0.6071428656578064,0.4868420958518982,0.44565218687057495,0.42792925238609314,0.5720707178115845,0.00355359585955739,0.9921754002571106,0.004271022509783506,0.323056161403656,0.34525883197784424,0.33168497681617737,audio,audio,0,0.05113771930336952,1.0982372760772705,0.43127769231796265,0.07383275032043457,0.16028061509132385,0.10188806802034378,0.043423090130090714,0.05846497789025307,0.4817378216717292,0.5182621783282708,0
670,zhpQhgha_KU$_$11,-2.4000000953674316,0.9195410013198853,0.002034479519352317,0.9946098327636719,0.0033557277638465166,1.7967287302017212,1.1698429584503174,1.2113754749298096,4.196728706359863,3.569843053817749,3.611375570297241,0.18982721865177155,0.41559919714927673,0.3945735991001129,audio,audio,1,0.5833333134651184,0.4166666567325592,0.5535714030265808,0.4846780598163605,0.5153219699859619,0.002034479519352317,0.9946098327636719,0.0033557277638465166,0.2942717373371124,0.2939699590206146,0.41175830364227295,audio,vision,0,0.03710218146443367,1.0852301120758057,0.46709322929382324,0.2862301468849182,0.6268857717514038,0.8293994665145874,1.0153816938400269,0.18598222732543945,0.5578590931383931,0.4421409068616068,1
285,jUzDDGyPkXU$_$2,2.5999999046325684,0.9710329174995422,0.002133881440386176,0.9964633584022522,0.00140275526791811,1.984820008277893,1.2393410205841064,1.3532887697219849,0.6151798963546753,1.360658884048462,1.2467111349105835,0.5411443710327148,0.21311615407466888,0.24573948979377747,audio,text,0,0.8888888955116272,0.5600000023841858,0.3870967626571655,0.5086850523948669,0.49131494760513306,0.002133881440386176,0.9964633584022522,0.00140275526791811,0.4374493658542633,0.3193280100822449,0.24322263896465302,audio,text,1,0.025868475437164307,1.0700680017471313,0.4514235854148865,0.32788118720054626,0.7454789876937866,0.9168556928634644,1.0233601331710815,0.10650444030761719,0.46676643317808547,0.5332335668219145,1
46,cM3Yna7AavY$_$6,2.799999952316284,0.519022524356842,0.0027671288698911667,0.9920159578323364,0.005216958001255989,1.1581287384033203,0.8446804881095886,0.8299442529678345,1.6418712139129639,1.9553194046020508,1.9700556993484497,0.42747288942337036,0.2889000177383423,0.28362712264060974,audio,text,0,0.46666666865348816,0.4642857015132904,0.5259259343147278,0.4478181302547455,0.5521818399429321,0.0027671288698911667,0.9920159578323364,0.005216958001255989,0.2539653182029724,0.34199726581573486,0.4040374159812927,audio,vision,0,0.051669806241989136,1.081178903579712,0.4333457946777344,0.1513538956642151,0.32818448543548584,0.47219496965408325,0.5767631530761719,0.10456818342208862,0.4673688884477856,0.5326311115522144,0
338,lXPQBPVc5Cw$_$21,1.7999999523162842,0.28836342692375183,0.0012807667953893542,0.9956627488136292,0.0030564842745661736,0.913700520992279,0.5343437790870667,0.6014482975006104,0.8862994313240051,1.2656562328338623,1.1985516548156738,0.43492844700813293,0.2706930935382843,0.29437848925590515,audio,text,0,0.4166666567325592,0.4285714328289032,0.5600000023841858,0.4594648480415344,0.5405351519584656,0.0012807667953893542,0.9956627488136292,0.0030564842745661736,0.22388960421085358,0.32473722100257874,0.4513731896877289,audio,vision,0,0.030556639656424522,1.0593680143356323,0.44728368520736694,0.16529974341392517,0.3793567419052124,0.19282785058021545,0.40075579285621643,0.20792794227600098,0.4353858500566415,0.5646141499433585,0
279,jUzDDGyPkXU$_$20,-2.200000047683716,-1.3811657428741455,0.0025022001937031746,0.9945328235626221,0.0029650134965777397,-1.340861201286316,-1.0873417854309082,-1.4738415479660034,0.8591388463973999,1.1126582622528076,0.7261584997177124,0.34373196959495544,0.25037580728530884,0.4058922529220581,audio,vision,0,0.699999988079071,0.37837839126586914,0.4888888895511627,0.4729909598827362,0.5270090103149414,0.0025022001937031746,0.9945328235626221,0.0029650134965777397,0.362812876701355,0.2717474400997162,0.3654397428035736,audio,vision,1,0.037700798362493515,1.0897706747055054,0.48185691237449646,0.1603253334760666,0.3864997625350952,-1.120161533355713,-1.6719781160354614,0.5518165826797485,0.3340840778089644,0.6659159221910356,0
452,rnaNMUZpvvg$_$3,-0.800000011920929,-0.2715880274772644,0.0014028319856151938,0.9957772493362427,0.0028198875952512026,0.17355887591838837,0.00014926865696907043,-0.02546870708465576,0.9735589027404785,0.8001492619514465,0.7745313048362732,0.2837270498275757,0.35240277647972107,0.36387020349502563,audio,vision,0,0.5454545617103577,0.5909090638160706,0.5925925970077515,0.46002423763275146,0.5399757623672485,0.0014028319856151938,0.9957772493362427,0.0028198875952512026,0.23585298657417297,0.37029409408569336,0.39385294914245605,audio,vision,1,0.0299850981682539,1.0755555629730225,0.4169887900352478,0.08840510249137878,0.19902758300304413,-0.145929217338562,-0.41908615827560425,0.27315694093704224,0.41545822640982627,0.5845417735901738,0
567,vyB00TXsimI$_$12,0.20000000298023224,0.7730569839477539,0.0057716453447937965,0.9871641397476196,0.007064247969537973,1.6101559400558472,1.0146431922912598,1.0730016231536865,1.4101558923721313,0.8146432042121887,0.8730016350746155,0.19754189252853394,0.4158569872379303,0.38660112023353577,audio,audio,1,0.800000011920929,0.35483869910240173,0.6216216087341309,0.48552513122558594,0.5144748687744141,0.0057716453447937965,0.9871641397476196,0.007064247969537973,0.38893523812294006,0.21968227624893188,0.39138248562812805,audio,vision,0,0.07749193906784058,1.067376732826233,0.5116545557975769,0.26803311705589294,0.5955127477645874,0.7227073907852173,0.8264086842536926,0.10370129346847534,0.5323613527486625,0.4676386472513376,1
94,cXypl4FnoZo$_$13,-1.0,-1.4568232297897339,0.0024542564060539007,0.9939914345741272,0.003554261988028884,-1.4692186117172241,-1.2130730152130127,-1.5789735317230225,0.4692186117172241,0.2130730152130127,0.5789735317230225,0.3077699840068817,0.42391571402549744,0.26831430196762085,audio,audio,1,0.550000011920929,0.48571428656578064,0.46666666865348816,0.46160656213760376,0.5383934378623962,0.0024542564060539007,0.9939914345741272,0.003554261988028884,0.2871047556400299,0.35256028175354004,0.36033499240875244,audio,vision,0,0.040785014629364014,1.0936379432678223,0.4276208281517029,0.15331153571605682,0.36590051651000977,-1.2683244943618774,-1.6766780614852905,0.4083535671234131,0.6249100742364669,0.375089925763533,1
316,k5Y_838nuGo$_$4,1.0,0.14651061594486237,0.001601870870217681,0.9962509274482727,0.0021472678054124117,0.6830362677574158,0.4892674684524536,0.4840112030506134,0.31696373224258423,0.5107325315475464,0.515988826751709,0.38991808891296387,0.3060430586338043,0.3040388226509094,audio,text,0,0.4615384638309479,0.47999998927116394,0.3333333432674408,0.4230844974517822,0.5769155025482178,0.001601870870217681,0.9962509274482727,0.0021472678054124117,0.2782437801361084,0.4017722010612488,0.3199840486049652,audio,audio,0,0.027244456112384796,1.0869262218475342,0.3963191509246826,0.0926072746515274,0.19902506470680237,0.109842449426651,0.19651110470294952,0.08666865527629852,0.47294250374728825,0.5270574962527117,0
96,cXypl4FnoZo$_$15,0.0,0.3325718641281128,0.001713963458314538,0.996130108833313,0.0021559204906225204,0.9521867036819458,0.6324096322059631,0.680279016494751,0.9521867036819458,0.6324096322059631,0.680279016494751,0.25666069984436035,0.3827860653400421,0.36055320501327515,audio,audio,1,0.5833333134651184,0.5529412031173706,0.4215686321258545,0.4513578414916992,0.5486421585083008,0.001713963458314538,0.996130108833313,0.0021559204906225204,0.2950044572353363,0.3883983790874481,0.31659719347953796,audio,audio,1,0.02801487036049366,1.091575026512146,0.4051544666290283,0.14082401990890503,0.31977707147598267,0.27117452025413513,0.4072026312351227,0.13602811098098755,0.5424066622780547,0.4575933377219452,1
503,tStelxIAHjw$_$8,-2.0,1.2514251470565796,0.0006935164565220475,0.9972918629646301,0.0020145501475781202,2.314680576324463,1.4998397827148438,1.564302921295166,4.314680576324463,3.4998397827148438,3.564302921295166,0.15812841057777405,0.4378858804702759,0.40398573875427246,audio,audio,1,0.4444444477558136,0.7272727489471436,0.692307710647583,0.5276468992233276,0.47235310077667236,0.0006935164565220475,0.9972918629646301,0.0020145501475781202,0.16926270723342896,0.4156985878944397,0.41503867506980896,audio,audio,1,0.020253941416740417,1.0305382013320923,0.38772886991500854,0.36986297369003296,0.8148407936096191,1.1282941102981567,1.3616529703140259,0.23335886001586914,0.572411921272344,0.4275880787276561,0
458,rnaNMUZpvvg$_$9,-1.399999976158142,0.10242926329374313,0.0014895300846546888,0.996217668056488,0.002292799763381481,0.5937520861625671,0.48016104102134705,0.47312411665916443,1.9937520027160645,1.8801610469818115,1.873124122619629,0.3016309142112732,0.3476487398147583,0.35072025656700134,audio,vision,0,0.550000011920929,0.5862069129943848,0.49275362491607666,0.4357171654701233,0.5642828345298767,0.0014895300846546888,0.996217668056488,0.002292799763381481,0.26147300004959106,0.3923795223236084,0.34614744782447815,audio,audio,0,0.027406534180045128,1.0850518941879272,0.40255874395370483,0.055280644446611404,0.12062796950340271,0.08217029273509979,0.1286659836769104,0.04649569094181061,0.5145258147664029,0.485474185233597,1
150,d6hH302o4v8$_$15,-1.75,-0.001590241678059101,0.002947611501440406,0.9949081540107727,0.0021442784927785397,0.6387296319007874,0.4208965599536896,0.45387133955955505,2.3887295722961426,2.170896530151367,2.203871250152588,0.27988308668136597,0.3674779236316681,0.35263898968696594,audio,audio,1,0.75,0.4285714328289032,0.3125,0.43498602509498596,0.5650140047073364,0.002947611501440406,0.9949081540107727,0.0021442784927785397,0.42409253120422363,0.3126247823238373,0.2632826566696167,audio,text,0,0.03543035313487053,1.078650951385498,0.4548555612564087,0.0958651676774025,0.21783307194709778,0.013623232021927834,-0.021351393312215805,0.03497462719678879,0.48907217004696507,0.510927829953035,0
566,vyB00TXsimI$_$13,2.4000000953674316,0.7771293520927429,0.003926447592675686,0.9846271872520447,0.011446377262473106,1.6372545957565308,1.0259895324707031,1.0793461799621582,0.7627454996109009,1.3740105628967285,1.3206539154052734,0.5092566013336182,0.23719212412834167,0.2535513639450073,audio,text,0,0.5555555820465088,0.3888888955116272,0.8095238208770752,0.5074772834777832,0.4925227165222168,0.003926447592675686,0.9846271872520447,0.011446377262473106,0.23395808041095734,0.22371426224708557,0.5423276424407959,audio,vision,0,0.08817286789417267,1.0066792964935303,0.5072752833366394,0.2764364182949066,0.6112650632858276,0.711898148059845,0.8404382467269897,0.12854009866714478,0.45991741474158243,0.5400825852584176,1
296,jUzDDGyPkXU$_$15,1.3333333730697632,-0.037090517580509186,0.0013495237799361348,0.9964606165885925,0.0021898301783949137,0.47460755705833435,0.3183785676956177,0.3367539942264557,0.8587257862091064,1.0149548053741455,0.9965794086456299,0.37533149123191833,0.3087473511695862,0.3159211277961731,audio,text,0,0.529411792755127,0.5909090638160706,0.49056604504585266,0.4386127293109894,0.561387300491333,0.0013495237799361348,0.9964606165885925,0.0021898301783949137,0.25179338455200195,0.3987518548965454,0.34945473074913025,audio,audio,0,0.025861119851469994,1.0812889337539673,0.39847248792648315,0.06972067803144455,0.15622898936271667,-0.015094795264303684,-0.0652431845664978,0.05014839023351669,0.5156662419902428,0.4843337580097572,1
512,tmZoasNr4rU$_$19,0.20000000298023224,0.49377378821372986,0.003304231446236372,0.9922304749488831,0.004465330857783556,1.164605736732483,0.7819437384605408,0.8182286024093628,0.9646057486534119,0.5819437503814697,0.6182286143302917,0.24066199362277985,0.38827770948410034,0.3710603415966034,audio,audio,1,0.6666666865348816,0.4931506812572479,0.5517241358757019,0.46130114793777466,0.5386988520622253,0.003304231446236372,0.9922304749488831,0.004465330857783556,0.3230026662349701,0.3098558187484741,0.367141455411911,audio,vision,0,0.0507785826921463,1.0959442853927612,0.45491641759872437,0.1724734753370285,0.38266199827194214,0.461586594581604,0.5313614010810852,0.0697748064994812,0.52179081509749,0.47820918490250997,1
500,tStelxIAHjw$_$7,1.399999976158142,0.5518219470977783,0.0009437744738534093,0.9972591400146484,0.0017970430199056864,1.2466639280319214,0.8669494390487671,0.8793851137161255,0.1533360481262207,0.533050537109375,0.5206148624420166,0.4436635971069336,0.27600622177124023,0.28033018112182617,audio,text,0,0.5,0.7647058963775635,0.550000011920929,0.4846791625022888,0.5153208374977112,0.0009437744738534093,0.9972591400146484,0.0017970430199056864,0.2000073790550232,0.47249728441238403,0.3274953067302704,audio,audio,0,0.020671268925070763,1.0417112112045288,0.34984123706817627,0.17614120244979858,0.3797144889831543,0.47951069474220276,0.6287047266960144,0.14919403195381165,0.4535115240141409,0.546488475985859,0
350,lXPQBPVc5Cw$_$9,-2.5999999046325684,-0.5023043155670166,0.002752609085291624,0.9936268329620361,0.003620557487010956,-0.3119255602359772,-0.2278597056865692,-0.3827001750469208,2.288074254989624,2.3721401691436768,2.217299699783325,0.3341408371925354,0.30081039667129517,0.36504873633384705,audio,vision,0,0.6875,0.46341463923454285,0.5510203838348389,0.4568668007850647,0.5431331992149353,0.002752609085291624,0.9936268329620361,0.003620557487010956,0.33068710565567017,0.29553359746932983,0.3737792670726776,audio,vision,1,0.042931608855724335,1.0940123796463013,0.465395450592041,0.06329093873500824,0.15484046936035156,-0.3104492425918579,-0.7303857803344727,0.41993653774261475,0.3717023377125446,0.6282976622874555,0
159,d6hH302o4v8$_$36,-2.200000047683716,0.8062811493873596,0.0018713176250457764,0.9944879412651062,0.003640735987573862,1.6307628154754639,1.1154255867004395,1.0984103679656982,3.8307628631591797,3.3154256343841553,3.298410415649414,0.2061959058046341,0.3926813304424286,0.40112271904945374,audio,vision,0,0.5,0.5882353186607361,0.5609756112098694,0.4765399396419525,0.5234600305557251,0.0018713176250457764,0.9944879412651062,0.003640735987573862,0.2374398410320282,0.3815724551677704,0.3809877038002014,audio,audio,0,0.03769558295607567,1.0766770839691162,0.40861034393310547,0.2470405101776123,0.5323524475097656,0.7537854909896851,0.863945484161377,0.1101599931716919,0.5343707056183508,0.4656292943816492,1
132,d6hH302o4v8$_$29,-1.7999999523162842,-0.7078473567962646,0.0048387120477855206,0.98841792345047,0.0067433686926960945,-0.5582757592201233,-0.4275416433811188,-0.5314273834228516,1.2417242527008057,1.3724583387374878,1.2685725688934326,0.35508427023887634,0.3015504777431488,0.34336528182029724,audio,text,0,0.7037037014961243,0.41428571939468384,0.6097561120986938,0.4554637670516968,0.5445362329483032,0.0048387120477855206,0.98841792345047,0.0067433686926960945,0.3395008146762848,0.25860854983329773,0.40189069509506226,audio,vision,0,0.07102183997631073,1.0828616619110107,0.4865396022796631,0.056376196444034576,0.13073411583900452,-0.5501128435134888,-0.8964291214942932,0.34631627798080444,0.39343516168043524,0.6065648383195646,0
115,d3_k5Xpfmik$_$5,2.200000047683716,0.8713064789772034,0.0012108399532735348,0.9961129426956177,0.00267616449855268,1.7217570543289185,1.1194524765014648,1.1860111951828003,0.47824299335479736,1.080547571182251,1.0139888525009155,0.5043172240257263,0.23753732442855835,0.25814545154571533,audio,text,0,0.38461539149284363,0.5151515007019043,0.5,0.47248849272727966,0.527511477470398,0.0012108399532735348,0.9961129426956177,0.00267616449855268,0.2142600566148758,0.38660797476768494,0.39913198351860046,audio,vision,0,0.027863921597599983,1.064079999923706,0.4063366651535034,0.2696138322353363,0.6023045778274536,0.7826305031776428,0.9703091382980347,0.18767863512039185,0.44161794256127174,0.5583820574387283,0
284,jUzDDGyPkXU$_$3,0.0,0.3675994575023651,0.0016898789908736944,0.9956443309783936,0.0026657884009182453,1.0449928045272827,0.6714974641799927,0.7478753328323364,1.0449928045272827,0.6714974641799927,0.7478753328323364,0.2472340166568756,0.394336462020874,0.35842955112457275,audio,audio,1,0.5555555820465088,0.4444444477558136,0.5,0.45520761609077454,0.5447924137115479,0.0016898789908736944,0.9956443309783936,0.0026657884009182453,0.28844037652015686,0.3244514763355255,0.3871081471443176,audio,vision,0,0.030933622270822525,1.0912026166915894,0.44746193289756775,0.16111113131046295,0.37349534034729004,0.28312140703201294,0.4687027931213379,0.18558138608932495,0.5577355040293572,0.4422644959706428,1
222,f9O3YtZ2VfI$_$14,1.2000000476837158,0.8337588310241699,0.0018576944712549448,0.9930762052536011,0.005066079553216696,1.624121904373169,1.1195523738861084,1.1407667398452759,0.4241218566894531,0.08044767379760742,0.05923330783843994,0.2430395781993866,0.3734622597694397,0.3834982216358185,audio,vision,0,0.4444444477558136,0.4000000059604645,0.6666666865348816,0.48468589782714844,0.5153141021728516,0.0018576944712549448,0.9930762052536011,0.005066079553216696,0.22084973752498627,0.27767375111579895,0.501476526260376,audio,vision,1,0.04535689577460289,1.035447359085083,0.4769349992275238,0.23301711678504944,0.5045695304870605,0.7219058871269226,0.9526799321174622,0.23077404499053955,0.4283790759971894,0.5716209240028105,0
628,yvsjCA6Y5Fc$_$20,0.800000011920929,1.060884714126587,0.003065616125240922,0.9936415553092957,0.0032929040025919676,2.0738770961761475,1.3954274654388428,1.4181623458862305,1.2738771438598633,0.5954274535179138,0.6181623339653015,0.17841826379299164,0.41662755608558655,0.4049542546272278,audio,audio,1,0.6666666865348816,0.4399999976158142,0.4333333373069763,0.4783083498477936,0.5216916799545288,0.003065616125240922,0.9936415553092957,0.0032929040025919676,0.35991913080215454,0.3138733506202698,0.3262075185775757,audio,text,0,0.0429026335477829,1.0969229936599731,0.4531787633895874,0.31460249423980713,0.6784496307373047,1.0012860298156738,1.1258890628814697,0.1246030330657959,0.5388599202222665,0.4611400797777335,1
86,cXypl4FnoZo$_$5,1.7999999523162842,0.6648529767990112,0.0009902504971250892,0.9968467354774475,0.0021629740949720144,1.5032832622528076,0.8788768649101257,1.0187138319015503,0.29671669006347656,0.9211230874061584,0.7812861204147339,0.49903708696365356,0.2286454290151596,0.27231746912002563,audio,text,0,0.5625,0.5161290168762207,0.6486486196517944,0.5038499236106873,0.49615007638931274,0.0009902504971250892,0.9968467354774475,0.0021629740949720144,0.24323730170726776,0.3161463439464569,0.44061633944511414,audio,vision,0,0.023270973935723305,1.0690479278564453,0.4538002908229828,0.26754963397979736,0.6244063973426819,0.5251080393791199,0.8024623990058899,0.27735435962677,0.4141846012583932,0.5858153987416068,1
20,c7UH_rxdZv4$_$10,0.800000011920929,-0.059755824506282806,0.002011335687711835,0.9942843317985535,0.0037042705807834864,0.45524200797080994,0.29704785346984863,0.3277949392795563,0.344758003950119,0.5029521584510803,0.4722050726413727,0.3740675449371338,0.30695271492004395,0.31897974014282227,audio,text,0,0.6428571343421936,0.4324324429035187,0.6590909361839294,0.4518961012363434,0.548103928565979,0.002011335687711835,0.9942843317985535,0.0037042705807834864,0.2870473265647888,0.2658315598964691,0.44712111353874207,audio,vision,0,0.03892508149147034,1.0703636407852173,0.4856352210044861,0.06848643720149994,0.1581941545009613,-0.029350798577070236,-0.09663402289152145,0.06728322803974152,0.5210136224245859,0.478986377575414,1
443,phBUpBr1hSo$_$7,-1.0,-1.0504717826843262,0.0016387092182412744,0.9955776929855347,0.0027835762593895197,-1.0405513048171997,-0.8229961395263672,-1.1280925273895264,0.04055130481719971,0.1770038604736328,0.12809252738952637,0.3650253415107727,0.30778491497039795,0.32718977332115173,audio,text,0,0.4761904776096344,0.4583333432674408,0.4583333432674408,0.45431023836135864,0.5456897616386414,0.0016387092182412744,0.9955776929855347,0.0027835762593895197,0.261545866727829,0.35601601004600525,0.3824380934238434,audio,vision,0,0.03130153566598892,1.0860522985458374,0.4263744354248047,0.1282695084810257,0.3050963878631592,-0.8479183912277222,-1.2937666177749634,0.4458482265472412,0.5441611933043049,0.455838806695695,1
60,cW1FSBF59ik$_$6,1.2000000476837158,0.4669625461101532,0.000961626588832587,0.9976285099983215,0.0014098304091021419,1.1986103057861328,0.7608562707901001,0.8490848541259766,0.0013897418975830078,0.4391437768936157,0.35091519355773926,0.4495183229446411,0.26007863879203796,0.2904030680656433,audio,text,0,0.5,0.6153846383094788,0.4000000059604645,0.4666939973831177,0.5333060026168823,0.000961626588832587,0.9976285099983215,0.0014098304091021419,0.24879306554794312,0.4426787495613098,0.3085281550884247,audio,audio,0,0.01830349490046501,1.0696594715118408,0.3699665069580078,0.18902702629566193,0.4377540349960327,0.3888339400291443,0.5562425851821899,0.16740864515304565,0.4478748733540886,0.5521251266459114,0
24,c7UH_rxdZv4$_$14,1.2000000476837158,0.6984648108482361,0.0014786829706281424,0.9957813024520874,0.002740033669397235,1.4970085620880127,0.9664320349693298,1.0322132110595703,0.2970085144042969,0.233568012714386,0.1677868366241455,0.30695241689682007,0.3322851061820984,0.36076244711875916,audio,vision,0,0.5,0.5625,0.5344827771186829,0.47575175762176514,0.5242482423782349,0.0014786829706281424,0.9957813024520874,0.002740033669397235,0.24073271453380585,0.37958741188049316,0.3796798884868622,audio,vision,1,0.030011367052793503,1.078207015991211,0.4107959270477295,0.23614339530467987,0.5305765271186829,0.6089093685150146,0.7971491813659668,0.18823981285095215,0.4414449725543299,0.5585550274456701,0
440,phBUpBr1hSo$_$2,2.200000047683716,0.6235213279724121,0.0021609715186059475,0.995914876461029,0.0019241611007601023,1.4092248678207397,0.9374582767486572,0.9823352098464966,0.7907751798629761,1.2625417709350586,1.2176648378372192,0.4670776128768921,0.25898945331573486,0.27393296360969543,audio,text,0,0.7142857313156128,0.44999998807907104,0.375,0.46148598194122314,0.5385140180587769,0.0021609715186059475,0.995914876461029,0.0019241611007601023,0.3856270909309387,0.3200317919254303,0.2943410575389862,audio,text,1,0.029371347278356552,1.0920653343200684,0.4505887031555176,0.21260616183280945,0.4717665910720825,0.5652698278427124,0.6914957761764526,0.12622594833374023,0.460636022107762,0.539363977892238,0
254,fvVhgmXxadc$_$6,-0.20000000298023224,-0.6541916131973267,0.003286628285422921,0.9931746125221252,0.0035387747921049595,-0.49844250082969666,-0.4131821095943451,-0.5777009725570679,0.2984424829483032,0.21318210661411285,0.3777009844779968,0.3313300609588623,0.3685920536518097,0.30007779598236084,audio,audio,1,0.7200000286102295,0.4333333373069763,0.4861111044883728,0.4539130926132202,0.5460869073867798,0.003286628285422921,0.9931746125221252,0.0035387747921049595,0.36797136068344116,0.2892734706401825,0.34275510907173157,audio,text,0,0.04556736722588539,1.0936905145645142,0.46926742792129517,0.06717944890260696,0.16451886296272278,-0.44646355509757996,-0.9041019082069397,0.45763835310935974,0.6392355925199354,0.36076440748006466,1
609,yDtzw_Y-7RU$_$1,0.800000011920929,0.6910382509231567,0.0015667482512071729,0.9955729246139526,0.002860342850908637,1.4242236614227295,0.9645810127258301,0.9820798635482788,0.6242236495018005,0.16458100080490112,0.18207985162734985,0.22152118384838104,0.3934963047504425,0.38498255610466003,audio,audio,1,0.4117647111415863,0.5555555820465088,0.446153849363327,0.45996782183647156,0.540032148361206,0.0015667482512071729,0.9955729246139526,0.002860342850908637,0.22812999784946442,0.4179530739784241,0.3539169132709503,audio,audio,1,0.03128897771239281,1.0693670511245728,0.38507986068725586,0.2126731127500534,0.4596426486968994,0.6264004111289978,0.7669272422790527,0.14052683115005493,0.456197936808258,0.5438020631917421,0
10,c7UH_rxdZv4$_$1,-2.799999952316284,0.4992750287055969,0.0009539988241158426,0.995368480682373,0.0036775865592062473,1.183700442314148,0.7850109338760376,0.8392583131790161,3.9837002754211426,3.5850110054016113,3.63925838470459,0.23899835348129272,0.39339661598205566,0.3676050901412964,audio,audio,1,0.25,0.42424243688583374,0.6410256624221802,0.46845296025276184,0.5315470695495605,0.0009539988241158426,0.995368480682373,0.0036775865592062473,0.15970297157764435,0.31791967153549194,0.5223774313926697,audio,vision,0,0.03187038004398346,0.9965011477470398,0.451632559299469,0.17655231058597565,0.39868950843811035,0.3696601092815399,0.6463472247123718,0.2766871154308319,0.5856130126749484,0.41438698732505164,1
9,c7UH_rxdZv4$_$29,0.6000000238418579,0.04945874586701393,0.001023786491714418,0.9963250756263733,0.0026510616298764944,0.5416492819786072,0.3987140655517578,0.40365275740623474,0.05835074186325073,0.2012859582901001,0.19634726643562317,0.37342071533203125,0.3123226463794708,0.3142566680908203,audio,text,0,0.3333333432674408,0.5531914830207825,0.5263158082962036,0.4309083819389343,0.5690916180610657,0.001023786491714418,0.9963250756263733,0.0026510616298764944,0.18688324093818665,0.4046808183193207,0.4084358811378479,audio,vision,0,0.026444345712661743,1.0452728271484375,0.3944295346736908,0.06624693423509598,0.14293521642684937,-0.0009683975949883461,0.11605680733919144,0.11702520400285721,0.46349469614410627,0.5365053038558938,0
664,zhpQhgha_KU$_$5,-2.200000047683716,-1.4324275255203247,0.0020552007481455803,0.9958083629608154,0.0021363820414990187,-1.4647001028060913,-1.2218501567840576,-1.5900073051452637,0.7352999448776245,0.9781498908996582,0.6099927425384521,0.3439083695411682,0.25386759638786316,0.40222403407096863,audio,vision,0,0.6086956262588501,0.5555555820465088,0.3488371968269348,0.4657421112060547,0.5342578887939453,0.0020552007481455803,0.9958083629608154,0.0021363820414990187,0.31599119305610657,0.40130746364593506,0.282701313495636,audio,audio,0,0.030034979805350304,1.0875942707061768,0.3963339328765869,0.15283170342445374,0.36815714836120605,-1.2409324645996094,-1.652093529701233,0.41116106510162354,0.37426769899473394,0.6257323010052661,0
662,zhpQhgha_KU$_$3,-1.600000023841858,-0.07499340176582336,0.0015952909598127007,0.9951319694519043,0.0032727455254644156,0.4005374610424042,0.29900461435317993,0.31478843092918396,2.000537395477295,1.8990046977996826,1.9147884845733643,0.30783793330192566,0.34949496388435364,0.3426671326160431,audio,audio,1,0.44999998807907104,0.4482758641242981,0.5357142686843872,0.4294283986091614,0.5705716013908386,0.0015952909598127007,0.9951319694519043,0.0032727455254644156,0.2403002232313156,0.3354076147079468,0.4242922067642212,audio,vision,0,0.03385799378156662,1.0727977752685547,0.4398162364959717,0.04461058974266052,0.10153284668922424,-0.02593744918704033,-0.14017292857170105,0.11423547565937042,0.46436194778530143,0.5356380522146985,0
246,fvVhgmXxadc$_$12,0.0,0.5831701159477234,0.0015228469856083393,0.9955110549926758,0.0029661201406270266,1.2877907752990723,0.8649805188179016,0.8866630792617798,1.2877907752990723,0.8649805188179016,0.8866630792617798,0.23001962900161743,0.39020708203315735,0.37977325916290283,audio,audio,1,0.523809552192688,0.5454545617103577,0.5849056839942932,0.47264012694358826,0.5273598432540894,0.0015228469856083393,0.9955110549926758,0.0029661201406270266,0.24244698882102966,0.3521255552768707,0.4054274559020996,audio,vision,0,0.031622111797332764,1.0771031379699707,0.42892369627952576,0.194405660033226,0.42281025648117065,0.5001500248908997,0.6758018732070923,0.17565184831619263,0.5546717410466924,0.44532825895330763,1
407,ob23OKe5a9Q$_$7,0.6000000238418579,0.2516506612300873,0.0014457618817687035,0.9966439008712769,0.0019103905651718378,0.8173388838768005,0.5671713948249817,0.6184916496276855,0.21733886003494263,0.03282862901687622,0.018491625785827637,0.28235986828804016,0.355604887008667,0.36203518509864807,audio,vision,0,0.6470588445663452,0.5625,0.5,0.4508073925971985,0.5491926074028015,0.0014457618817687035,0.9966439008712769,0.0019103905651718378,0.30175378918647766,0.35867786407470703,0.3395683765411377,audio,audio,0,0.024764349684119225,1.0960687398910522,0.4253107011318207,0.10788769274950027,0.25016748905181885,0.19807232916355133,0.31692203879356384,0.11884970963001251,0.46292762513757446,0.5370723748624255,0
421,pLTX3ipuDJI$_$5,-2.0,-0.7921504378318787,0.001782346167601645,0.9955289959907532,0.0026886689011007547,-0.7103684544563293,-0.5883296132087708,-0.7978085279464722,1.2896316051483154,1.411670446395874,1.2021914720535278,0.33624589443206787,0.28867289423942566,0.37508127093315125,audio,vision,0,0.5666666626930237,0.5303030014038086,0.49367088079452515,0.45432353019714355,0.5456764698028564,0.001782346167601645,0.9955289959907532,0.0026886689011007547,0.27672427892684937,0.36318105459213257,0.36009469628334045,audio,audio,0,0.03165636211633682,1.0911628007888794,0.42156529426574707,0.08590736985206604,0.20947891473770142,-0.6027477383613586,-1.0196372270584106,0.416889488697052,0.37259228020489105,0.6274077197951089,0
388,nzpVDcQ0ywM$_$10,-1.0,-0.46133917570114136,0.0024808086454868317,0.9940312504768372,0.003487908747047186,-0.310472309589386,-0.2495180368423462,-0.3435647487640381,0.689527690410614,0.7504819631576538,0.6564352512359619,0.33682841062545776,0.31211787462234497,0.35105371475219727,audio,vision,0,0.6000000238418579,0.5222222208976746,0.5,0.44277212023735046,0.5572278499603271,0.0024808086454868317,0.9940312504768372,0.003487908747047186,0.29405468702316284,0.35103318095207214,0.3549121916294098,audio,vision,1,0.04056984558701515,1.0950556993484497,0.4286653995513916,0.03895198926329613,0.0940467119216919,-0.298801988363266,-0.6658918857574463,0.3670898973941803,0.38725573557772763,0.6127442644222724,0
286,jUzDDGyPkXU$_$5,-1.2000000476837158,-1.1639723777770996,0.0019457595190033317,0.9945831894874573,0.0034710043109953403,-1.1403988599777222,-0.9250572323799133,-1.2191143035888672,0.05960118770599365,0.2749428153038025,0.019114255905151367,0.3551238179206848,0.27131742238998413,0.37355872988700867,audio,vision,0,0.5625,0.5813953280448914,0.5769230723381042,0.47213655710220337,0.5278634428977966,0.0019457595190033317,0.9945831894874573,0.0034710043109953403,0.2511754333972931,0.3646085560321808,0.3842160701751709,audio,vision,1,0.037205103784799576,1.082411766052246,0.4199831187725067,0.12429255992174149,0.29405707120895386,-0.9782583713531494,-1.371606469154358,0.3933480978012085,0.4843378584945197,0.5156621415054804,0
205,f9O3YtZ2VfI$_$23,1.600000023841858,0.34959742426872253,0.0021196657326072454,0.994346559047699,0.0035337551962584257,0.9792359471321106,0.6910602450370789,0.6957744359970093,0.6207640767097473,0.908939778804779,0.9042255878448486,0.4168110191822052,0.2907353639602661,0.2924536466598511,audio,text,0,0.5833333134651184,0.4444444477558136,0.5625,0.45579293370246887,0.5442070960998535,0.0021196657326072454,0.994346559047699,0.0035337551962584257,0.2881932556629181,0.3031681776046753,0.40863850712776184,audio,vision,0,0.03863656520843506,1.0860700607299805,0.46078556776046753,0.13474993407726288,0.28817570209503174,0.2705127000808716,0.44402289390563965,0.17351019382476807,0.4459896206291378,0.5540103793708622,0
242,f_pcplsH_V0$_$8,0.800000011920929,0.9166915416717529,0.00309192668646574,0.9937362670898438,0.003171732882037759,1.8762109279632568,1.218766689300537,1.2632335424423218,1.0762109756469727,0.41876667737960815,0.4632335305213928,0.18429021537303925,0.4191869795322418,0.3965228199958801,audio,audio,1,0.75,0.3461538553237915,0.4838709533214569,0.48427724838256836,0.5157227516174316,0.00309192668646574,0.9937362670898438,0.003171732882037759,0.4008876383304596,0.2494206428527832,0.349691778421402,audio,text,0,0.04236067458987236,1.0802123546600342,0.4962104558944702,0.29999101161956787,0.6574442386627197,0.8321419358253479,1.0067311525344849,0.17458921670913696,0.5543436151456325,0.4456563848543676,1
165,dq3Nf_lMPnE$_$10,1.0,1.013349175453186,0.0015415750676766038,0.996446430683136,0.0020120544359087944,1.9444794654846191,1.2603905200958252,1.3378902673721313,0.9444794654846191,0.2603905200958252,0.33789026737213135,0.1822773665189743,0.4286499619483948,0.38907262682914734,audio,audio,1,0.6000000238418579,0.46875,0.44736841320991516,0.4783242642879486,0.521675705909729,0.0015415750676766038,0.996446430683136,0.0020120544359087944,0.31349214911460876,0.3384823501110077,0.34802550077438354,audio,vision,0,0.02602088823914528,1.0976510047912598,0.4386427104473114,0.3058566153049469,0.684088945388794,0.9351321458816528,1.098655104637146,0.16352295875549316,0.5105569466174781,0.48944305338252203,1
442,phBUpBr1hSo$_$4,-0.800000011920929,-1.0872502326965332,0.0029934062622487545,0.993640124797821,0.0033665033988654613,-1.002087950706482,-0.8668479919433594,-1.1034258604049683,0.20208793878555298,0.06684798002243042,0.3034258484840393,0.3262428045272827,0.3863300085067749,0.2874271869659424,audio,audio,1,0.65625,0.38461539149284363,0.4375,0.44986864924430847,0.5501313209533691,0.0029934062622487545,0.993640124797821,0.0033665033988654613,0.3590870797634125,0.2930285930633545,0.34788432717323303,audio,text,0,0.04290376976132393,1.094787836074829,0.46707433462142944,0.09691251069307327,0.2365778684616089,-0.8749109506607056,-1.3469139337539673,0.4720029830932617,0.643366001269087,0.35663399873091295,1
232,f_pcplsH_V0$_$15,-1.0,-0.8027300834655762,0.003557230345904827,0.9933426976203918,0.003100127913057804,-0.6302295923233032,-0.508961021900177,-0.7224096059799194,0.3697704076766968,0.491038978099823,0.27759039402008057,0.33540502190589905,0.2882283329963684,0.3763667047023773,audio,vision,0,0.9166666865348816,0.5245901346206665,0.5714285969734192,0.4887828230857849,0.5112171769142151,0.003557230345904827,0.9933426976203918,0.003100127913057804,0.41744691133499146,0.2679692208766937,0.3145838677883148,audio,text,0,0.04460079222917557,1.0813826322555542,0.4835823178291321,0.08740933239459991,0.21344858407974243,-0.5545844435691833,-1.0622652769088745,0.5076808333396912,0.3825029679756272,0.6174970320243728,0
41,cM3Yna7AavY$_$3,1.0,0.5899631977081299,0.002435494912788272,0.9949553608894348,0.0026091481558978558,1.3166282176971436,0.882329523563385,0.8814500570297241,0.31662821769714355,0.11767047643661499,0.11854994297027588,0.2806388735771179,0.359878271818161,0.35948285460472107,audio,audio,1,0.6875,0.5531914830207825,0.4482758641242981,0.4649333953857422,0.5350666046142578,0.002435494912788272,0.9949553608894348,0.0026091481558978558,0.338229775428772,0.356795996427536,0.3049742579460144,audio,audio,1,0.035208843648433685,1.0965274572372437,0.42543959617614746,0.20493796467781067,0.43517816066741943,0.5404993891716003,0.6468884348869324,0.10638904571533203,0.4668023348478884,0.5331976651521116,0
415,pLTX3ipuDJI$_$15,-1.399999976158142,0.3369581699371338,0.001722874236293137,0.995612382888794,0.0026646750047802925,0.9383504986763,0.6712696552276611,0.6704589128494263,2.338350534439087,2.0712695121765137,2.0704588890075684,0.26356804370880127,0.3680294156074524,0.36840254068374634,audio,vision,0,0.5600000023841858,0.4545454680919647,0.5,0.44521960616111755,0.5547803640365601,0.001722874236293137,0.995612382888794,0.0026646750047802925,0.2897283434867859,0.3272426426410675,0.383029043674469,audio,vision,1,0.031137239187955856,1.0920380353927612,0.44557985663414,0.12609465420246124,0.2678915858268738,0.27132517099380493,0.418742299079895,0.1474171280860901,0.545937937164399,0.4540620628356009,1
208,f9O3YtZ2VfI$_$1,-1.2000000476837158,0.1829959601163864,0.001999931177124381,0.9946954846382141,0.003304572543129325,0.8034633994102478,0.5408869981765747,0.5911396741867065,2.0034635066986084,1.7408870458602905,1.7911397218704224,0.27082258462905884,0.3760358691215515,0.35314151644706726,audio,audio,1,0.6666666865348816,0.7142857313156128,0.6470588445663452,0.47728556394577026,0.5227144360542297,0.001999931177124381,0.9946954846382141,0.003304572543129325,0.2564203441143036,0.387254536151886,0.35632508993148804,audio,audio,1,0.03659645840525627,1.0840460062026978,0.40496063232421875,0.1137995570898056,0.2625764012336731,0.11603237688541412,0.25633326172828674,0.14030088484287262,0.5437319959859906,0.45626800401400935,1
506,tmZoasNr4rU$_$13,-0.800000011920929,-0.9539080858230591,0.0032981622498482466,0.9919899106025696,0.0047119492664933205,-0.9399935603141785,-0.7218011617660522,-0.8981562852859497,0.1399935483932495,0.07819885015487671,0.09815627336502075,0.31908175349235535,0.34470558166503906,0.3362126648426056,audio,audio,1,0.5,0.46000000834465027,0.4137931168079376,0.43659889698028564,0.5634011030197144,0.0032981622498482466,0.9919899106025696,0.0047119492664933205,0.2890259027481079,0.36349254846572876,0.34748154878616333,audio,audio,1,0.052069880068302155,1.0939066410064697,0.41899824142456055,0.0945512130856514,0.21819239854812622,-0.8172200918197632,-1.1302945613861084,0.3130744695663452,0.5966059782853443,0.40339402171465577,1
578,wMbj6ajWbic$_$20,-0.4000000059604645,1.156096339225769,0.0010450873523950577,0.9971756935119629,0.0017792045837268233,2.1690804958343506,1.428268313407898,1.4855059385299683,2.5690805912017822,1.82826828956604,1.8855059146881104,0.17022567987442017,0.4297228157520294,0.4000515341758728,audio,audio,1,0.46666666865348816,0.5952380895614624,0.45098039507865906,0.49365857243537903,0.5063414573669434,0.0010450873523950577,0.9971756935119629,0.0017792045837268233,0.23576021194458008,0.42397966980934143,0.3402601182460785,audio,audio,1,0.021258605644106865,1.0712791681289673,0.3821307122707367,0.33654338121414185,0.7408121824264526,1.0717982053756714,1.2425602674484253,0.1707620620727539,0.5531614523191939,0.446838547680806,1
606,yDtzw_Y-7RU$_$21,0.20000000298023224,0.5714768767356873,0.001492616138420999,0.9952839016914368,0.003223516047000885,1.2723480463027954,0.8482987880706787,0.8835735321044922,1.0723479986190796,0.6482987999916077,0.6835735440254211,0.23122535645961761,0.39286044239997864,0.37591421604156494,audio,audio,1,0.4000000059604645,0.4482758641242981,0.5142857432365417,0.4570172429084778,0.5429827570915222,0.001492616138420999,0.9952839016914368,0.003223516047000885,0.22752821445465088,0.349699467420578,0.4227723777294159,audio,vision,0,0.03291195258498192,1.0682475566864014,0.4303896427154541,0.1921248584985733,0.4240492582321167,0.4840523302555084,0.6753461360931396,0.19129380583763123,0.5594960997513858,0.44050390024861413,1
276,jUzDDGyPkXU$_$25,-2.0,-0.682799756526947,0.0011974878143519163,0.995240330696106,0.003562235040590167,-0.5918437242507935,-0.46528804302215576,-0.6509437561035156,1.4081562757492065,1.5347119569778442,1.3490562438964844,0.3412554860115051,0.291324257850647,0.3674202859401703,audio,vision,0,0.4117647111415863,0.5476190447807312,0.6730769276618958,0.4697011411190033,0.5302988290786743,0.0011974878143519163,0.995240330696106,0.003562235040590167,0.18566597998142242,0.3422953188419342,0.47203874588012695,audio,vision,1,0.032886065542697906,1.033950686454773,0.4352967143058777,0.07744330912828445,0.18565571308135986,-0.4877610504627228,-0.903001070022583,0.41524001955986023,0.37307439656060226,0.6269256034393977,0
372,nbWiPyCm4g0$_$8,-2.200000047683716,-1.7088725566864014,0.004429813474416733,0.990433931350708,0.005136233288794756,-1.7894717454910278,-1.4434714317321777,-1.785910725593567,0.410528302192688,0.7565286159515381,0.4140893220901489,0.37815144658088684,0.24537663161754608,0.37647193670272827,audio,text,0,0.6666666865348816,0.5263158082962036,0.489130437374115,0.46573829650878906,0.5342617034912109,0.004429813474416733,0.990433931350708,0.005136233288794756,0.3309980630874634,0.33913540840148926,0.32986655831336975,audio,audio,0,0.06060238927602768,1.0985357761383057,0.4341990351676941,0.16227328777313232,0.3460003137588501,-1.5473003387451172,-1.8942166566848755,0.3469163179397583,0.3932561811231764,0.6067438188768235,0
252,fvVhgmXxadc$_$4,-2.799999952316284,0.10426315665245056,0.0018916008993983269,0.9954134821891785,0.00269496557302773,0.694552481174469,0.3171134293079376,0.4161127209663391,3.4945523738861084,3.1171133518218994,3.2161126136779785,0.2488071471452713,0.3988066613674164,0.3523862063884735,audio,audio,1,0.4545454680919647,0.53125,0.34210526943206787,0.44061508774757385,0.5593849420547485,0.0018916008993983269,0.9954134821891785,0.00269496557302773,0.26227423548698425,0.4293270707130432,0.30839869379997253,audio,audio,1,0.032381340861320496,1.076818585395813,0.37739095091819763,0.15978798270225525,0.37743905186653137,0.09686889499425888,0.11365056782960892,0.016781672835350037,0.5052440804627483,0.49475591953725173,1
65,cW1FSBF59ik$_$13,2.0,0.7740260362625122,0.00143630790989846,0.9960682392120361,0.002495397115126252,1.561256766319275,1.051523208618164,1.0871517658233643,0.4387432336807251,0.9484767913818359,0.9128482341766357,0.48038601875305176,0.2540225684642792,0.2655913531780243,audio,text,0,0.5789473652839661,0.5443037748336792,0.5744680762290955,0.4811566472053528,0.5188433527946472,0.00143630790989846,0.9960682392120361,0.002495397115126252,0.2645004987716675,0.3446515202522278,0.3908480107784271,audio,vision,0,0.02828129380941391,1.0860694646835327,0.43427786231040955,0.23234868049621582,0.5097335577011108,0.689322292804718,0.8653641939163208,0.17604190111160278,0.4452078280017455,0.5547921719982545,0
250,fvVhgmXxadc$_$2,-2.799999952316284,-0.9930048584938049,0.0018282674718648195,0.99382084608078,0.004350918345153332,-0.9407904148101807,-0.8028302192687988,-1.0136229991912842,1.8592095375061035,1.9971697330474854,1.786376953125,0.3404935300350189,0.2865593731403351,0.37294715642929077,audio,vision,0,0.3529411852359772,0.4883720874786377,0.5192307829856873,0.44518184661865234,0.5548181533813477,0.0018282674718648195,0.99382084608078,0.004350918345153332,0.2055346518754959,0.3747861981391907,0.4196791350841522,audio,vision,1,0.041343655437231064,1.0573923587799072,0.41268977522850037,0.0874142125248909,0.21079277992248535,-0.8334975838661194,-1.191794514656067,0.3582969307899475,0.3898670350576053,0.6101329649423947,0
55,cW1FSBF59ik$_$3,-1.0,-0.5149953961372375,0.002810624660924077,0.9903783798217773,0.006810926366597414,-0.25697532296180725,-0.1321450173854828,-0.15305449068546295,0.7430247068405151,0.8678549528121948,0.8469455242156982,0.3658033609390259,0.3129545748233795,0.3212420642375946,audio,text,0,0.40909090638160706,0.4126984179019928,0.5909090638160706,0.4396105408668518,0.5603894591331482,0.002810624660924077,0.9903783798217773,0.006810926366597414,0.22867386043071747,0.3081902861595154,0.4631357789039612,audio,vision,0,0.06006700545549393,1.0566421747207642,0.4547920823097229,0.054588716477155685,0.12483030557632446,-0.4160709083080292,-0.6410984396934509,0.22502753138542175,0.4301389129687366,0.5698610870312635,0
237,f_pcplsH_V0$_$5,1.2000000476837158,0.049858368933200836,0.0023397488985210657,0.9941481351852417,0.0035120754037052393,0.5843939185142517,0.44132596254348755,0.45920929312705994,0.6156061291694641,0.7586740851402283,0.7407907247543335,0.371554970741272,0.3107105791568756,0.3177344799041748,audio,text,0,0.5789473652839661,0.5591397881507874,0.5178571343421936,0.43518325686454773,0.5648167133331299,0.0023397488985210657,0.9941481351852417,0.0035120754037052393,0.27702659368515015,0.3678525686264038,0.35512080788612366,audio,audio,0,0.03985687717795372,1.0911378860473633,0.4175303876399994,0.06364785134792328,0.14306795597076416,0.05871530622243881,0.03836310654878616,0.02035219967365265,0.5063597193975117,0.4936402806024883,1
513,tmZoasNr4rU$_$18,0.0,-0.6405313014984131,0.001984252128750086,0.9951451420783997,0.002870642114430666,-0.4775572419166565,-0.37673458456993103,-0.5619410276412964,0.4775572419166565,0.37673458456993103,0.5619410276412964,0.32957541942596436,0.3738420903682709,0.29658249020576477,audio,audio,1,0.7777777910232544,0.6153846383094788,0.6666666865348816,0.48462194204330444,0.5153780579566956,0.001984252128750086,0.9951451420783997,0.002870642114430666,0.3086443543434143,0.31602880358695984,0.37532681226730347,audio,vision,0,0.03399256616830826,1.0946767330169678,0.4527442157268524,0.07570943981409073,0.18520644307136536,-0.4233548641204834,-0.8714905977249146,0.44813573360443115,0.6364917970438492,0.3635082029561508,1
589,wMbj6ajWbic$_$7,-1.2000000476837158,0.6547691226005554,0.0008167268824763596,0.9976450800895691,0.0015382254496216774,1.4161874055862427,0.9270209670066833,0.9808255434036255,2.616187572479248,2.127021074295044,2.180825710296631,0.21899330615997314,0.40363019704818726,0.3773764669895172,audio,audio,1,0.38461539149284363,0.5925925970077515,0.4117647111415863,0.46528610587120056,0.534713864326477,0.0008167268824763596,0.9976450800895691,0.0015382254496216774,0.2119007110595703,0.4508166015148163,0.337282657623291,audio,audio,1,0.01812250167131424,1.054526448249817,0.3645523190498352,0.21901768445968628,0.4891664385795593,0.5782484412193298,0.7427078485488892,0.16445940732955933,0.5512133321019306,0.44878666789806937,1
597,wMbj6ajWbic$_$15,2.0,-1.1129176616668701,0.002052410738542676,0.9935384392738342,0.004409115295857191,-1.0999866724014282,-0.8912860155105591,-1.1804184913635254,3.0999865531921387,2.8912858963012695,3.1804184913635254,0.3122643232345581,0.405339777469635,0.2823959290981293,audio,audio,1,0.47058823704719543,0.3913043439388275,0.5636363625526428,0.46389007568359375,0.5361099243164062,0.002052410738542676,0.9935384392738342,0.004409115295857191,0.2484338879585266,0.2997388243675232,0.4518273174762726,audio,vision,0,0.04305785521864891,1.0660587549209595,0.4625330865383148,0.12184815853834152,0.2891324758529663,-0.8977167010307312,-1.3616217374801636,0.4639050364494324,0.6410400919877881,0.35895990801221195,1
265,iiK8YX8oH1E$_$18,-1.0,-0.42951929569244385,0.0013643454294651747,0.9947332143783569,0.003902462311089039,-0.22195500135421753,-0.15628471970558167,-0.2902340292930603,0.7780449986457825,0.8437153100967407,0.7097659707069397,0.33219408988952637,0.3060142397880554,0.36179158091545105,audio,vision,0,0.4545454680919647,0.48148149251937866,0.6875,0.4646281599998474,0.5353718400001526,0.0013643454294651747,0.9947332143783569,0.003902462311089039,0.20433735847473145,0.30414843559265137,0.49151426553726196,audio,vision,1,0.03589719906449318,1.0355987548828125,0.4603898525238037,0.05468803271651268,0.13394930958747864,-0.25066402554512024,-0.6356068253517151,0.38494279980659485,0.38197387831754126,0.6180261216824587,0
608,yDtzw_Y-7RU$_$23,2.200000047683716,0.37766003608703613,0.0013234803918749094,0.9952825903892517,0.0033939778804779053,0.9973840713500977,0.6588978171348572,0.7017399072647095,1.2026159763336182,1.5411021709442139,1.4982601404190063,0.4262484312057495,0.279196172952652,0.2945553958415985,audio,text,0,0.3333333432674408,0.40625,0.5263158082962036,0.44761401414871216,0.5523859858512878,0.0013234803918749094,0.9952825903892517,0.0033939778804779053,0.2075498104095459,0.33674049377441406,0.45570963621139526,audio,vision,0,0.0327749140560627,1.0510127544403076,0.4390280246734619,0.1504858285188675,0.3384862542152405,0.28932908177375793,0.4866664409637451,0.19733735918998718,0.43864287623823045,0.5613571237617695,0
140,d6hH302o4v8$_$7,-2.799999952316284,-0.37418925762176514,0.0026376633904874325,0.9936787486076355,0.0036836201325058937,-0.17012585699558258,-0.147877037525177,-0.20308813452720642,2.6298739910125732,2.652122974395752,2.596911907196045,0.33171507716178894,0.322616845369339,0.34566813707351685,audio,vision,0,0.5555555820465088,0.4864864945411682,0.4545454680919647,0.4304393231868744,0.5695606470108032,0.0026376633904874325,0.9936787486076355,0.0036836201325058937,0.2947322428226471,0.35481879115104675,0.35044899582862854,audio,audio,0,0.04260578006505966,1.0951755046844482,0.4259066581726074,0.022680848836898804,0.05521109700202942,-0.22741548717021942,-0.5684014558792114,0.3409859538078308,0.3950263430552636,0.6049736569447365,0
281,jUzDDGyPkXU$_$22,-2.4000000953674316,-0.9775168299674988,0.0018807617016136646,0.9952874183654785,0.002831853460520506,-0.900562047958374,-0.73002690076828,-1.0018285512924194,1.4994380474090576,1.6699731349945068,1.3981715440750122,0.3397935926914215,0.2745598554611206,0.38564661145210266,audio,vision,0,0.6111111044883728,0.46000000834465027,0.5254237055778503,0.4650650918483734,0.5349348783493042,0.0018807617016136646,0.9952874183654785,0.002831853460520506,0.2992418706417084,0.315339058637619,0.3854190707206726,audio,vision,1,0.03311923146247864,1.09243905544281,0.4532988965511322,0.11215727031230927,0.2718016505241394,-0.7572082281112671,-1.2309238910675049,0.4737156629562378,0.3561429398008901,0.6438570601991099,0
164,dq3Nf_lMPnE$_$11,-0.6000000238418579,0.8938050866127014,0.0011853193864226341,0.9969589710235596,0.0018556779250502586,1.7721115350723267,1.1352192163467407,1.2278591394424438,2.3721115589141846,1.7352192401885986,1.8278591632843018,0.19262580573558807,0.42703449726104736,0.38033974170684814,audio,audio,1,0.5909090638160706,0.5714285969734192,0.5263158082962036,0.4889916181564331,0.5110083818435669,0.0011853193864226341,0.9969589710235596,0.0018556779250502586,0.2710116505622864,0.368409126996994,0.360579252243042,audio,audio,1,0.022694053128361702,1.0895166397094727,0.4190332591533661,0.28095564246177673,0.6368923187255859,0.8046568036079407,0.9869672060012817,0.18231040239334106,0.5567267142139081,0.4432732857860919,1
374,nzpVDcQ0ywM$_$20,0.20000000298023224,0.5467303991317749,0.0016046387609094381,0.9962627291679382,0.002132617635652423,1.3680471181869507,0.8634902238845825,0.9520276784896851,1.1680470705032349,0.6634902358055115,0.752027690410614,0.21925082802772522,0.41195428371429443,0.36879485845565796,audio,audio,1,0.6000000238418579,0.5454545617103577,0.4615384638309479,0.4716360867023468,0.5283639430999756,0.0016046387609094381,0.9962627291679382,0.002132617635652423,0.29654166102409363,0.3712930381298065,0.33216527104377747,audio,audio,1,0.02717234194278717,1.0944169759750366,0.41664648056030273,0.2199718952178955,0.5045568943023682,0.4574143886566162,0.6467892527580261,0.1893748641014099,0.558904837165673,0.4410951628343269,1
227,f9O3YtZ2VfI$_$30,-1.0,-0.5669560432434082,0.002437611809000373,0.9938246011734009,0.003737814025953412,-0.4301946461200714,-0.3226599097251892,-0.43135538697242737,0.569805383682251,0.6773400902748108,0.568644642829895,0.34774431586265564,0.3040064871311188,0.3482491970062256,audio,vision,0,0.5,0.5799999833106995,0.44999998807907104,0.4415202736854553,0.5584797263145447,0.002437611809000373,0.9938246011734009,0.003737814025953412,0.2564939856529236,0.4114968776702881,0.3320091664791107,audio,audio,0,0.04171433299779892,1.0804595947265625,0.388218492269516,0.05096815526485443,0.10869547724723816,-0.43903136253356934,-0.7287682294845581,0.28973686695098877,0.41043410958705007,0.5895658904129499,0
514,tmZoasNr4rU$_$20,-1.0,-0.5550209283828735,0.0025372777599841356,0.9934129118919373,0.004049870651215315,-0.4107474684715271,-0.31802672147750854,-0.45955851674079895,0.5892525315284729,0.6819732785224915,0.5404415130615234,0.33858397603034973,0.30153048038482666,0.3598855137825012,audio,vision,0,0.6000000238418579,0.5384615659713745,0.5625,0.4549151360988617,0.5450848340988159,0.0025372777599841356,0.9934129118919373,0.004049870651215315,0.2784917950630188,0.3433789610862732,0.378129243850708,audio,vision,1,0.04404080659151077,1.0907974243164062,0.43335598707199097,0.05869971960783005,0.1415317952632904,-0.38721147179603577,-0.7560922503471375,0.3688807785511017,0.38672467493760626,0.6132753250623938,0
625,yDtzw_Y-7RU$_$16,0.6000000238418579,0.7745221257209778,0.0019995581824332476,0.9948524832725525,0.0031479797326028347,1.5715709924697876,1.0563092231750488,1.1015344858169556,0.9715709686279297,0.4563091993331909,0.5015344619750977,0.21259428560733795,0.4048282206058502,0.38257744908332825,audio,audio,1,0.47058823704719543,0.3720930218696594,0.42718446254730225,0.45292267203330994,0.5470772981643677,0.0019995581824332476,0.9948524832725525,0.0031479797326028347,0.2864643335342407,0.3268668055534363,0.386668860912323,audio,vision,0,0.03569663316011429,1.091031789779663,0.44532379508018494,0.23296980559825897,0.5152617692947388,0.6980111598968506,0.8669383525848389,0.16892719268798828,0.5525944687497066,0.4474055312502934,1
290,jUzDDGyPkXU$_$9,2.799999952316284,1.3569691181182861,0.002427231753244996,0.9952946305274963,0.0022781293373554945,2.5361552238464355,1.615951418876648,1.7090916633605957,0.26384472846984863,1.1840485334396362,1.0909082889556885,0.5980150699615479,0.1893053501844406,0.21267957985401154,audio,text,0,0.8571428656578064,0.47826087474823,0.5357142686843872,0.5276249051094055,0.4723750948905945,0.002427231753244996,0.9952946305274963,0.0022781293373554945,0.40761926770210266,0.26885807514190674,0.323522686958313,audio,text,1,0.033169686794281006,1.0840615034103394,0.48429107666015625,0.4135865271091461,0.9202038049697876,1.2710356712341309,1.4339040517807007,0.16286838054656982,0.449278697527875,0.5507213024721249,1
495,tStelxIAHjw$_$1,0.0,0.838931679725647,0.0020917111542075872,0.9943680167198181,0.003540284465998411,1.6737290620803833,1.1469190120697021,1.1622031927108765,1.6737290620803833,1.1469190120697021,1.1622031927108765,0.20715627074241638,0.40020862221717834,0.3926351070404053,audio,audio,1,0.5833333134651184,0.47826087474823,0.5783132314682007,0.4811408519744873,0.5188591480255127,0.0020917111542075872,0.9943680167198181,0.003540284465998411,0.2803329527378082,0.3135685920715332,0.4060984253883362,audio,vision,0,0.03850122168660164,1.0861377716064453,0.45386624336242676,0.24481765925884247,0.5268100500106812,0.7492997646331787,0.9355901479721069,0.18629038333892822,0.5579541002664099,0.44204589973359004,1
540,vvZ4IcEtiZc$_$11,1.600000023841858,0.2543627619743347,0.003169991774484515,0.9941014647483826,0.002728521591052413,0.9831501841545105,0.4458830952644348,0.578001081943512,0.6168498396873474,1.1541168689727783,1.0219988822937012,0.47314023971557617,0.24172678589820862,0.2851329743862152,audio,text,0,0.6666666865348816,0.4166666567325592,0.30000001192092896,0.45193490386009216,0.5480650663375854,0.003169991774484515,0.9941014647483826,0.002728521591052413,0.38828521966934204,0.3338487148284912,0.27786606550216675,audio,text,1,0.04023047909140587,1.0894179344177246,0.440168559551239,0.22858425974845886,0.5372670888900757,0.242311492562294,0.26897743344306946,0.02666594088077545,0.4916676649309829,0.5083323350690172,0
54,cW1FSBF59ik$_$1,-2.5999999046325684,-0.6249925494194031,0.003780110739171505,0.9892644286155701,0.006955483928322792,-0.5026747584342957,-0.36942413449287415,-0.4384286105632782,2.097325086593628,2.2305757999420166,2.1615712642669678,0.3610888421535492,0.30568674206733704,0.33322447538375854,audio,text,0,0.5,0.3913043439388275,0.5421686768531799,0.4383533298969269,0.5616466999053955,0.003780110739171505,0.9892644286155701,0.006955483928322792,0.27378782629966736,0.30108842253685,0.42512375116348267,audio,vision,0,0.06631959229707718,1.0797173976898193,0.4587840437889099,0.0544108971953392,0.1332506239414215,-0.5030879378318787,-0.7811846137046814,0.27809667587280273,0.4139594786569813,0.5860405213430186,0
576,wMbj6ajWbic$_$26,1.7999999523162842,0.8243635892868042,0.0024035037495195866,0.9954221844673157,0.002174277324229479,1.7034779787063599,1.111850619316101,1.1639646291732788,0.09652197360992432,0.6881493330001831,0.6360353231430054,0.5033212900161743,0.2402534931898117,0.25642523169517517,audio,text,0,0.8333333134651184,0.5,0.5,0.49314746260643005,0.5068525075912476,0.0024035037495195866,0.9954221844673157,0.002174277324229479,0.4011068046092987,0.28905054926872253,0.30984270572662354,audio,text,1,0.032393041998147964,1.0882179737091064,0.47091445326805115,0.2674599587917328,0.5916273593902588,0.7577713131904602,0.8928064703941345,0.13503515720367432,0.4579014198866443,0.5420985801133557,0
53,cW1FSBF59ik$_$23,1.399999976158142,0.10277359187602997,0.0023309539537876844,0.9933777451515198,0.004291313700377941,0.6257981061935425,0.4635845124721527,0.47532883286476135,0.7742018699645996,0.936415433883667,0.9246711730957031,0.378070205450058,0.308682382106781,0.31324735283851624,audio,text,0,0.4761904776096344,0.47311827540397644,0.5089285969734192,0.4276244640350342,0.5723755359649658,0.0023309539537876844,0.9933777451515198,0.004291313700377941,0.25616610050201416,0.34901297092437744,0.3948209285736084,audio,vision,0,0.04412193223834038,1.0831834077835083,0.42957648634910583,0.07385584712028503,0.16221359372138977,0.10124941170215607,0.10481370985507965,0.003564298152923584,0.498886158669722,0.5011138413302779,0
683,zhpQhgha_KU$_$34,1.2000000476837158,1.0207608938217163,0.0020041586831212044,0.9940138459205627,0.003982033580541611,2.008573532104492,1.1215837001800537,1.2721279859542847,0.8085734844207764,0.07841634750366211,0.07212793827056885,0.1666189581155777,0.4150528907775879,0.4183282256126404,audio,vision,0,0.5,0.3333333432674408,0.5454545617103577,0.5008000135421753,0.4991999864578247,0.0020041586831212044,0.9940138459205627,0.003982033580541611,0.2725008726119995,0.27795588970184326,0.4495433270931244,audio,vision,1,0.040423646569252014,1.0695672035217285,0.47737202048301697,0.3875516653060913,0.8869898319244385,0.92735755443573,1.1138657331466675,0.1865081787109375,0.44197875412023724,0.5580212458797627,1
400,ob23OKe5a9Q$_$12,2.799999952316284,1.3140147924423218,0.0016872705891728401,0.995876669883728,0.0024359803646802902,2.3830034732818604,1.5472087860107422,1.6179125308990479,0.41699647903442383,1.252791166305542,1.1820874214172363,0.5760136842727661,0.20263127982616425,0.22135497629642487,audio,text,0,0.6363636255264282,0.4285714328289032,0.529411792755127,0.5039486289024353,0.4960513710975647,0.0016872705891728401,0.995876669883728,0.0024359803646802902,0.31817227602005005,0.2951177954673767,0.38670986890792847,audio,vision,0,0.029545702040195465,1.0919204950332642,0.46717262268066406,0.37843477725982666,0.8357946872711182,1.2105385065078735,1.4158695936203003,0.20533108711242676,0.4361839816960076,0.5638160183039923,1
640,yvsjCA6Y5Fc$_$8,0.4000000059604645,-1.2082560062408447,0.0025149693246930838,0.9934080839157104,0.004076930694282055,-1.1890069246292114,-0.9757539629936218,-1.303185224533081,1.5890069007873535,1.3757539987564087,1.7031852006912231,0.3152119517326355,0.4115010201931,0.2732870280742645,audio,audio,1,0.5652173757553101,0.41428571939468384,0.5301204919815063,0.46667736768722534,0.5333226323127747,0.0025149693246930838,0.9934080839157104,0.004076930694282055,0.2919479012489319,0.30223774909973145,0.4058143198490143,audio,vision,0,0.04405640438199043,1.08706796169281,0.46078023314476013,0.13569770753383636,0.32743126153945923,-0.9894120097160339,-1.45835280418396,0.468940794467926,0.6424872607278279,0.3575127392721719,1
373,nzpVDcQ0ywM$_$24,1.600000023841858,0.5374106168746948,0.0020824370440095663,0.9960736036300659,0.0018440150888636708,1.388087511062622,0.8034291863441467,0.9379564523696899,0.21191251277923584,0.7965708374977112,0.662043571472168,0.4875189960002899,0.2347465306520462,0.2777344584465027,audio,text,0,0.7777777910232544,0.4642857015132904,0.42424243688583374,0.48170480132102966,0.518295168876648,0.0020824370440095663,0.9960736036300659,0.0018440150888636708,0.3999049961566925,0.3029257357120514,0.2971692681312561,audio,text,1,0.028385642915964127,1.0888997316360474,0.4620985686779022,0.25000908970832825,0.5846583247184753,0.46311837434768677,0.6173461079597473,0.15422773361206055,0.45195255181561034,0.5480474481843897,0
173,dq3Nf_lMPnE$_$5,1.2000000476837158,-0.2756689786911011,0.0020823050290346146,0.9943060278892517,0.0036116307601332664,0.28317970037460327,0.016915496438741684,0.035279542207717896,0.9168203473091125,1.1830846071243286,1.1647205352783203,0.40809163451194763,0.2925575375556946,0.2993508577346802,audio,text,0,0.6000000238418579,0.5416666865348816,0.5769230723381042,0.4639657735824585,0.5360342264175415,0.0020823050290346146,0.9943060278892517,0.0036116307601332664,0.26923882961273193,0.34293490648269653,0.3878262937068939,audio,vision,0,0.038844794034957886,1.0876456499099731,0.4342474341392517,0.12142137438058853,0.2662642002105713,-0.1506073921918869,-0.4201565682888031,0.2695491909980774,0.5834461634975787,0.41655383650242134,1
636,yvsjCA6Y5Fc$_$4,-0.20000000298023224,-0.37250223755836487,0.0015876968391239643,0.9954916834831238,0.002920665545389056,-0.17020626366138458,-0.10568390041589737,-0.23490849137306213,0.029793739318847656,0.09431610256433487,0.034908488392829895,0.3429189622402191,0.31634750962257385,0.3407335579395294,audio,text,0,0.42105263471603394,0.38596490025520325,0.44117647409439087,0.4290081858634949,0.5709918141365051,0.0015876968391239643,0.9954916834831238,0.002920665545389056,0.25761541724205017,0.3388168215751648,0.40356773138046265,audio,vision,0,0.031776413321495056,1.0823023319244385,0.43778324127197266,0.05275573953986168,0.12922459840774536,-0.2143917828798294,-0.5829405784606934,0.36854881048202515,0.613176900475031,0.386823099524969,1
261,iiK8YX8oH1E$_$15,0.6000000238418579,0.655706524848938,0.0012594452127814293,0.9974740147590637,0.0012665613321587443,1.47653329372406,0.9564307928085327,1.023813247680664,0.8765332698822021,0.3564307689666748,0.42381322383880615,0.21382057666778564,0.409634530544281,0.37654486298561096,audio,audio,1,0.5,0.5,0.2222222238779068,0.45206955075263977,0.5479304790496826,0.0012594452127814293,0.9974740147590637,0.0012665613321587443,0.30602484941482544,0.430772602558136,0.26320257782936096,audio,audio,1,0.019381994381546974,1.0764775276184082,0.37780094146728516,0.23094071447849274,0.5201025009155273,0.5887121558189392,0.7369070053100586,0.14819484949111938,0.5391755117517513,0.46082448824824873,1
414,pLTX3ipuDJI$_$12,-2.0,-0.2096199095249176,0.001515673124231398,0.9960719347000122,0.0024124179035425186,0.20269687473773956,0.18743804097175598,0.11408619582653046,2.2026968002319336,2.1874380111694336,2.114086151123047,0.3188382089138031,0.32497793436050415,0.35618388652801514,audio,vision,0,0.6388888955116272,0.5909090638160706,0.5862069129943848,0.455029159784317,0.5449708700180054,0.001515673124231398,0.9960719347000122,0.0024124179035425186,0.27559661865234375,0.351472944021225,0.3729303777217865,audio,vision,1,0.028299858793616295,1.0905466079711914,0.42973265051841736,0.03867984935641289,0.0886106789112091,-0.0644075870513916,-0.38353508710861206,0.31912750005722046,0.40157440242632275,0.5984255975736772,0
584,wMbj6ajWbic$_$1,0.5,0.5949739217758179,0.0009944142075255513,0.9971012473106384,0.0019042645581066608,1.3158034086227417,0.8752861022949219,0.9089365005493164,0.8158034086227417,0.3752861022949219,0.4089365005493164,0.22741180658340454,0.3944172263145447,0.3781709372997284,audio,audio,1,0.5,0.6499999761581421,0.5416666865348816,0.4773722290992737,0.5226277709007263,0.0009944142075255513,0.9971012473106384,0.0019042645581066608,0.22121691703796387,0.4177466034889221,0.361036479473114,audio,audio,1,0.02169693261384964,1.0661885738372803,0.38623642921447754,0.20020228624343872,0.4405173063278198,0.5144665837287903,0.6831135153770447,0.1686469316482544,0.5525078546447442,0.4474921453552558,1
68,cW1FSBF59ik$_$14,-1.2000000476837158,-0.07036148011684418,0.0018571375403553247,0.9948304295539856,0.0033124377951025963,0.4177699387073517,0.3002908527851105,0.3569779694080353,1.6177699565887451,1.500290870666504,1.5569779872894287,0.30891552567481995,0.35777947306632996,0.3333049714565277,audio,audio,1,0.5652173757553101,0.4326923191547394,0.5714285969734192,0.4420227110385895,0.5579773187637329,0.0018571375403553247,0.9948304295539856,0.0033124377951025963,0.2778513729572296,0.29856249690055847,0.4235861301422119,audio,vision,0,0.03574943542480469,1.0805906057357788,0.4641786515712738,0.04797039180994034,0.11747908592224121,0.018075820058584213,-0.18199829757213593,0.20007412135601044,0.4378006956517619,0.5621993043482382,0
682,zhpQhgha_KU$_$35,0.6000000238418579,0.532967746257782,0.0013539973879233003,0.9963334798812866,0.0023125293664634228,1.1778593063354492,0.8058059811592102,0.8346076011657715,0.5778592824935913,0.2058059573173523,0.23460757732391357,0.24225154519081116,0.38569357991218567,0.3720548152923584,audio,audio,1,0.52173912525177,0.5714285969734192,0.511904776096344,0.46112382411956787,0.5388761758804321,0.0013539973879233003,0.9963334798812866,0.0023125293664634228,0.24992768466472626,0.38530510663986206,0.3647671937942505,audio,audio,1,0.026638204231858253,1.0818849802017212,0.4073522090911865,0.1690085232257843,0.372053325176239,0.4604322016239166,0.617733895778656,0.15730169415473938,0.46200030602927433,0.5379996939707257,0
654,zhpQhgha_KU$_$27,0.800000011920929,-0.02379758469760418,0.001201365259476006,0.9955209493637085,0.0032777145970612764,0.49798694252967834,0.310525506734848,0.3382696807384491,0.3020130693912506,0.48947450518608093,0.46173033118247986,0.38312363624572754,0.3030903935432434,0.31378600001335144,audio,text,0,0.5,0.5833333134651184,0.7142857313156128,0.4604180157184601,0.5395820140838623,0.001201365259476006,0.9955209493637085,0.0032777145970612764,0.20101381838321686,0.334016889333725,0.46496930718421936,audio,vision,0,0.031297843903303146,1.04483962059021,0.4410026967525482,0.08261095732450485,0.18746143579483032,-0.029794875532388687,-0.01676912233233452,0.013025753200054169,0.4959295420510966,0.5040704579489035,0
271,iiK8YX8oH1E$_$7,-1.600000023841858,0.9336576461791992,0.0011337741743773222,0.9963935017585754,0.0024727326817810535,1.8495783805847168,1.0757523775100708,1.1972895860671997,3.449578285217285,2.6757524013519287,2.7972896099090576,0.1697569489479065,0.4465939700603485,0.38364914059638977,audio,audio,1,0.4545454680919647,0.6000000238418579,0.5531914830207825,0.50058513879776,0.49941486120224,0.0011337741743773222,0.9963935017585754,0.0024727326817810535,0.2124144434928894,0.4009111523628235,0.3866743743419647,audio,audio,1,0.02613186091184616,1.0629221200942993,0.39698824286460876,0.3397807478904724,0.773826003074646,0.8459429144859314,1.021167278289795,0.17522436380386353,0.55453974547221,0.44546025452779,0
573,vyB00TXsimI$_$18,2.4000000953674316,0.7645595669746399,0.0012054608669131994,0.9965184926986694,0.002275994513183832,1.644147515296936,1.0723891258239746,1.1289805173873901,0.7558525800704956,1.327610969543457,1.2710195779800415,0.4963890612125397,0.2429029494524002,0.2607080638408661,audio,text,0,0.5,0.6111111044883728,0.5454545617103577,0.4871828258037567,0.5128171443939209,0.0012054608669131994,0.9965184926986694,0.002275994513183832,0.229314923286438,0.399482786655426,0.3712022304534912,audio,audio,0,0.02542738988995552,1.0721263885498047,0.3980238139629364,0.25723040103912354,0.5717583894729614,0.6592623591423035,0.875397264957428,0.2161349058151245,0.4328656965268598,0.5671343034731403,0
649,yvsjCA6Y5Fc$_$19,-1.600000023841858,-0.15141136944293976,0.001410814467817545,0.9951348900794983,0.003454243764281273,0.2545723617076874,0.239694282412529,0.19111599028110504,1.8545724153518677,1.8396942615509033,1.7911159992218018,0.32244303822517395,0.3284958004951477,0.34906110167503357,audio,vision,0,0.3636363744735718,0.46226415038108826,0.5370370149612427,0.4300188422203064,0.5699811577796936,0.001410814467817545,0.9951348900794983,0.003454243764281273,0.20876777172088623,0.35495656728744507,0.4362756013870239,audio,vision,1,0.03369241952896118,1.0565736293792725,0.42678555846214294,0.02709636650979519,0.06345637142658234,-0.042236145585775375,-0.29612088203430176,0.2538847327232361,0.42132026507756204,0.578679734922438,0
630,yvsjCA6Y5Fc$_$22,-1.600000023841858,-0.38307154178619385,0.0011702269548550248,0.9970801472663879,0.0017495554639026523,-0.14389435946941376,-0.1655421108007431,-0.21569132804870605,1.4561057090759277,1.4344578981399536,1.3843086957931519,0.3203766644001007,0.3291643559932709,0.3504589796066284,audio,vision,0,0.5714285969734192,0.5714285969734192,0.47058823704719543,0.44234031438827515,0.5576596856117249,0.0011702269548550248,0.9970801472663879,0.0017495554639026523,0.2714881896972656,0.3878321051597595,0.34067970514297485,audio,audio,0,0.021922117099165916,1.088172197341919,0.4061654210090637,0.03007098101079464,0.0717969685792923,-0.23857028782367706,-0.5652446746826172,0.3266744017601013,0.3993095090795287,0.6006904909204712,0
324,k5Y_838nuGo$_$12,0.20000000298023224,0.31844058632850647,0.0022999674547463655,0.9946581721305847,0.003041867632418871,0.9100872874259949,0.657655656337738,0.6450986862182617,0.7100872993469238,0.457655668258667,0.4450986981391907,0.2656968832015991,0.3642701506614685,0.37003293633461,audio,vision,0,0.6315789222717285,0.5333333611488342,0.5,0.44815027713775635,0.5518497228622437,0.0022999674547463655,0.9946581721305847,0.003041867632418871,0.30675098299980164,0.34812048077583313,0.34512853622436523,audio,audio,0,0.036927979439496994,1.0969934463500977,0.43102511763572693,0.12206482142210007,0.26498860120773315,0.26796114444732666,0.3806006610393524,0.11263951659202576,0.535141812457898,0.464858187542102,1
518,tmZoasNr4rU$_$5,-0.800000011920929,-0.8698779344558716,0.0027031817007809877,0.9943735599517822,0.0029232939705252647,-0.770974338054657,-0.6128047704696655,-0.8221909999847412,0.029025673866271973,0.18719524145126343,0.022190988063812256,0.3534585237503052,0.2900502681732178,0.35649117827415466,audio,vision,0,0.75,0.6666666865348816,0.5185185074806213,0.47526490688323975,0.5247350931167603,0.0027031817007809877,0.9943735599517822,0.0029232939705252647,0.32252994179725647,0.3801001012325287,0.29736992716789246,audio,audio,0,0.03865290433168411,1.0932843685150146,0.4095156192779541,0.0891212522983551,0.20938622951507568,-0.6888070702552795,-1.0697964429855347,0.3809893727302551,0.5494018854347162,0.45059811456528365,1
97,cXypl4FnoZo$_$14,-0.6000000238418579,0.054116055369377136,0.001660621608607471,0.9955229759216309,0.0028164091054350138,0.5492832660675049,0.4252018332481384,0.42722728848457336,1.1492832899093628,1.0252017974853516,1.0272272825241089,0.30006590485572815,0.3504100739955902,0.34952402114868164,audio,audio,1,0.48275861144065857,0.47297295928001404,0.47191011905670166,0.42163988947868347,0.5783600807189941,0.001660621608607471,0.9955229759216309,0.0028164091054350138,0.2614602744579315,0.35883381962776184,0.37970590591430664,audio,vision,0,0.03163465857505798,1.0862005949020386,0.42445945739746094,0.05802103504538536,0.12408143281936646,0.04398951679468155,0.06800654530525208,0.024017028510570526,0.5075047577621866,0.4924952422378133,1
418,pLTX3ipuDJI$_$1,-2.4000000953674316,0.9109771251678467,0.0012355503858998418,0.9970225691795349,0.0017418115166947246,1.7827755212783813,1.1851322650909424,1.239148736000061,4.182775497436523,3.585132360458374,3.639148712158203,0.19670596718788147,0.4152015745639801,0.3880924582481384,audio,audio,1,0.5882353186607361,0.5892857313156128,0.4776119291782379,0.4849143624305725,0.5150856375694275,0.0012355503858998418,0.9970225691795349,0.0017418115166947246,0.2772042155265808,0.389465868473053,0.3333299160003662,audio,audio,1,0.022311946377158165,1.0891151428222656,0.40503785014152527,0.2699023187160492,0.597643256187439,0.830075204372406,0.9969127774238586,0.16683757305145264,0.5519485995774662,0.4480514004225337,1
278,jUzDDGyPkXU$_$27,-2.0,1.202204704284668,0.0008307056268677115,0.9972304701805115,0.0019388145301491022,2.2740538120269775,1.4127857685089111,1.5623632669448853,4.274053573608398,3.412785768508911,3.5623631477355957,0.15701477229595184,0.4607818126678467,0.38220342993736267,audio,audio,1,0.4166666567325592,0.5,0.5400000214576721,0.5048468112945557,0.49515318870544434,0.0008307056268677115,0.9972304701805115,0.0019388145301491022,0.21681709587574005,0.3613714575767517,0.42181143164634705,audio,vision,0,0.020767273381352425,1.0633764266967773,0.42390602827072144,0.37574511766433716,0.8612680435180664,1.080106496810913,1.3219584226608276,0.24185192584991455,0.5750083173892857,0.4249916826107143,0
272,iiK8YX8oH1E$_$6,0.20000000298023224,1.0046707391738892,0.001914397580549121,0.9964538812637329,0.0016317140543833375,2.1556849479675293,1.1385958194732666,1.3400377035140991,1.9556849002838135,0.9385958313941956,1.1400376558303833,0.13628292083740234,0.485944539308548,0.3777724802494049,audio,audio,1,0.7142857313156128,0.6000000238418579,0.3333333432674408,0.5183678865432739,0.4816321134567261,0.001914397580549121,0.9964538812637329,0.0016317140543833375,0.35243651270866394,0.40024855732917786,0.24731488525867462,audio,audio,1,0.02599332109093666,1.0795679092407227,0.39747023582458496,0.43973851203918457,1.0170891284942627,0.9416383504867554,1.0632362365722656,0.12159788608551025,0.5379263491767206,0.46207365082327956,0
422,pLTX3ipuDJI$_$4,-2.200000047683716,0.7572248578071594,0.0011426993878558278,0.996471643447876,0.0023856887128204107,1.4943784475326538,1.0151422023773193,1.0321464538574219,3.69437837600708,3.215142250061035,3.2321465015411377,0.21727441251277924,0.39552199840545654,0.3872036635875702,audio,audio,1,0.4722222089767456,0.5544554591178894,0.5593220591545105,0.4739015996456146,0.526098370552063,0.0011426993878558278,0.996471643447876,0.0023856887128204107,0.22606274485588074,0.3729226887226105,0.4010145366191864,audio,vision,0,0.025668589398264885,1.0704175233840942,0.4156993329524994,0.22201476991176605,0.4792362451553345,0.6669589877128601,0.8574328422546387,0.19047385454177856,0.5592434776537116,0.44075652234628837,1
430,phBUpBr1hSo$_$12,1.7999999523162842,-0.16157221794128418,0.001191651914268732,0.9966315627098083,0.002176744630560279,0.21980680525302887,0.1470102220773697,0.13939613103866577,1.5801931619644165,1.6529897451400757,1.6606037616729736,0.3549378216266632,0.3240658640861511,0.3209962546825409,audio,text,0,0.47999998927116394,0.5133333206176758,0.49444442987442017,0.4334447979927063,0.5665552020072937,0.001191651914268732,0.9966315627098083,0.002176744630560279,0.2457507848739624,0.3719808757305145,0.3822683095932007,audio,vision,0,0.024728713557124138,1.08035409450531,0.41643381118774414,0.03624483570456505,0.0804106742143631,-0.04066384956240654,-0.31961140036582947,0.2789475619792938,0.5862985223709085,0.4137014776290916,1
247,fvVhgmXxadc$_$14,0.0,0.5114476680755615,0.0027309854049235582,0.9945376515388489,0.0027313255704939365,1.1995512247085571,0.8212841749191284,0.8277010917663574,1.1995512247085571,0.8212841749191284,0.8277010917663574,0.23830799758434296,0.3823733925819397,0.37931859493255615,audio,audio,1,0.6842105388641357,0.5283018946647644,0.4126984179019928,0.4542781710624695,0.5457218289375305,0.0027309854049235582,0.9945376515388489,0.0027313255704939365,0.3508845865726471,0.3526867628097534,0.2964286506175995,audio,audio,1,0.037691570818424225,1.0954840183258057,0.42790064215660095,0.1768237203359604,0.3782670497894287,0.46949824690818787,0.5618413090705872,0.09234306216239929,0.5288252088865599,0.47117479111344013,1
110,d3_k5Xpfmik$_$19,0.20000000298023224,0.7449816465377808,0.002076701493933797,0.9951659440994263,0.0027573183178901672,1.515561580657959,0.9845520853996277,1.0431909561157227,1.3155615329742432,0.7845520973205566,0.8431909680366516,0.21066343784332275,0.40912607312202454,0.3802104890346527,audio,audio,1,0.6176470518112183,0.48148149251937866,0.4806201457977295,0.46813884377479553,0.5318611860275269,0.002076701493933797,0.9951659440994263,0.0027573183178901672,0.3132902979850769,0.33403462171554565,0.35267508029937744,audio,vision,0,0.03390031307935715,1.0974459648132324,0.4407542645931244,0.2377074807882309,0.5310094952583313,0.677186906337738,0.8220045566558838,0.14481765031814575,0.5451323378984388,0.4548676621015611,1
574,wMbj6ajWbic$_$24,1.399999976158142,0.9355262517929077,0.0012014381354674697,0.9963545799255371,0.0024439606349915266,1.8253098726272583,1.2191781997680664,1.2578593492507935,0.4253098964691162,0.18082177639007568,0.14214062690734863,0.2643996477127075,0.35891008377075195,0.3766902685165405,audio,vision,0,0.5,0.529411792755127,0.5714285969734192,0.48817479610443115,0.5118252038955688,0.0012014381354674697,0.9963545799255371,0.0024439606349915266,0.2381739616394043,0.35151293873786926,0.41031306982040405,audio,vision,1,0.026415809988975525,1.0747520923614502,0.42989444732666016,0.27706634998321533,0.6061316728591919,0.8342986106872559,1.0416580438613892,0.2073594331741333,0.4355605502667489,0.5644394497332512,0
5,c7UH_rxdZv4$_$21,-0.800000011920929,-0.016028791666030884,0.0013734304811805487,0.9969584941864014,0.001668124576099217,0.557638943195343,0.3039332926273346,0.41957852244377136,1.357638955116272,1.103933334350586,1.219578504562378,0.2807769477367401,0.38555842638015747,0.3336646258831024,audio,audio,1,0.6842105388641357,0.54347825050354,0.48275861144065857,0.44402894377708435,0.5559710264205933,0.0013734304811805487,0.9969584941864014,0.001668124576099217,0.3221113979816437,0.3481196165084839,0.32976892590522766,audio,audio,1,0.022757789120078087,1.0980788469314575,0.43255922198295593,0.10370955616235733,0.2537056505680084,-0.01930239051580429,-0.011929898522794247,0.007372491993010044,0.502303887442544,0.49769611255745616,1
197,etzxEpPuc6I$_$8,-1.0,-0.5369688272476196,0.0015032204100862145,0.9955072402954102,0.002989493776112795,-0.3793836236000061,-0.28088608384132385,-0.450801283121109,0.6206163763999939,0.7191139459609985,0.5491987466812134,0.3358483910560608,0.2969423234462738,0.3672092854976654,audio,vision,0,0.46666666865348816,0.44186046719551086,0.5192307829856873,0.44735997915267944,0.5526400208473206,0.0015032204100862145,0.9955072402954102,0.002989493776112795,0.24793106317520142,0.33371806144714355,0.41835084557533264,audio,vision,1,0.03163066878914833,1.076573133468628,0.4411928057670593,0.06966063380241394,0.16991519927978516,-0.35433223843574524,-0.7625864744186401,0.4082542359828949,0.3751190299253351,0.6248809700746649,0
214,f9O3YtZ2VfI$_$6,-2.5999999046325684,-1.2000744342803955,0.003218950005248189,0.9922519326210022,0.004529101774096489,-1.115925669670105,-0.9525051116943359,-1.231838345527649,1.4840742349624634,1.6474947929382324,1.3681615591049194,0.3365699052810669,0.274384468793869,0.3890456259250641,audio,vision,0,0.699999988079071,0.42105263471603394,0.5909090638160706,0.4737713634967804,0.526228666305542,0.003218950005248189,0.9922519326210022,0.004529101774096489,0.33238646388053894,0.2677847146987915,0.39982879161834717,audio,vision,1,0.05063515529036522,1.0854655504226685,0.4829781651496887,0.1145857721567154,0.279333233833313,-0.9728624820709229,-1.4524439573287964,0.47958147525787354,0.3544633927241991,0.645536607275801,0
436,phBUpBr1hSo$_$18,0.800000011920929,0.29210516810417175,0.0026590798515826464,0.9934271574020386,0.003913756459951401,0.9930189251899719,0.45494577288627625,0.5939149856567383,0.19301891326904297,0.3450542390346527,0.20608502626419067,0.35578039288520813,0.29420289397239685,0.3500167429447174,audio,text,0,0.75,0.5,0.6470588445663452,0.4903356730937958,0.5096642971038818,0.0026590798515826464,0.9934271574020386,0.003913756459951401,0.3234686255455017,0.27977657318115234,0.39675474166870117,audio,vision,0,0.04401388391852379,1.0882279872894287,0.4757670760154724,0.22806409001350403,0.5380731821060181,0.2481800615787506,0.3377617597579956,0.089581698179245,0.4720349340887075,0.5279650659112926,0
66,cW1FSBF59ik$_$12,2.200000047683716,-0.48112377524375916,0.0017499963287264109,0.9944593906402588,0.003790632588788867,-0.2862468957901001,-0.22240674495697021,-0.3517254889011383,2.4862470626831055,2.4224066734313965,2.5517256259918213,0.33283597230911255,0.3604850172996521,0.30667904019355774,audio,audio,1,0.47999998927116394,0.4027777910232544,0.5813953280448914,0.45035916566848755,0.5496408343315125,0.0017499963287264109,0.9944593906402588,0.003790632588788867,0.24694858491420746,0.2977171242237091,0.455334335565567,audio,vision,0,0.037768054753541946,1.0643157958984375,0.46449488401412964,0.05279556289315224,0.1293187439441681,-0.2955501973628998,-0.7076070308685303,0.4120568335056305,0.6259944906236956,0.37400550937630445,1
304,k5Y_838nuGo$_$26,2.0,1.1512984037399292,0.0019203302217647433,0.9930770397186279,0.005002694670110941,2.1521518230438232,1.4417619705200195,1.4711514711380005,0.15215182304382324,0.5582380294799805,0.5288485288619995,0.4491572082042694,0.27036288380622864,0.28047987818717957,audio,text,0,0.5,0.44999998807907104,0.7083333134651184,0.5128818154335022,0.4871181845664978,0.0019203302217647433,0.9930770397186279,0.005002694670110941,0.22451283037662506,0.27991238236427307,0.4955747723579407,audio,vision,0,0.04541425034403801,1.0397005081176758,0.4754430949687958,0.3281732499599457,0.7103898525238037,1.0298925638198853,1.2666057348251343,0.23671317100524902,0.42656215488730503,0.5734378451126949,1
32,c7UH_rxdZv4$_$32,-2.200000047683716,0.043005287647247314,0.0016296489629894495,0.9958130717277527,0.002557296073064208,0.5946379899978638,0.4139989912509918,0.4201330542564392,2.794638156890869,2.613999128341675,2.6201331615448,0.2859533727169037,0.35839205980300903,0.3556545376777649,audio,audio,1,0.6666666865348816,0.6000000238418579,0.6086956262588501,0.45518016815185547,0.5448198318481445,0.0016296489629894495,0.9958130717277527,0.002557296073064208,0.2806469798088074,0.3441251814365387,0.37522780895233154,audio,vision,0,0.029903486371040344,1.0915082693099976,0.43445858359336853,0.08374567329883575,0.18063899874687195,0.016317283734679222,0.07494901865720749,0.05863173305988312,0.5183142201842318,0.4816857798157682,1
425,pLTX3ipuDJI$_$9,0.0,-0.016185272485017776,0.0017091910121962428,0.9957380294799805,0.0025527600664645433,0.4834422171115875,0.374184250831604,0.3907834589481354,0.4834422171115875,0.374184250831604,0.3907834589481354,0.305891215801239,0.3506547510623932,0.343453973531723,audio,audio,1,0.59375,0.4848484992980957,0.5128205418586731,0.43188154697418213,0.5681184530258179,0.0017091910121962428,0.9957380294799805,0.0025527600664645433,0.2934855818748474,0.3313268721103668,0.37518757581710815,audio,vision,0,0.03038482554256916,1.0935993194580078,0.4429408013820648,0.04807226359844208,0.10925796627998352,0.019501537084579468,-0.0631294772028923,0.08263101428747177,0.5136303533325564,0.4863696466674437,1
217,f9O3YtZ2VfI$_$11,-0.800000011920929,-0.7542033195495605,0.0018034959211945534,0.9945353269577026,0.0036611342802643776,-0.6264248490333557,-0.5397522449493408,-0.7229468822479248,0.17357516288757324,0.26024776697158813,0.07705312967300415,0.3305179178714752,0.2965809106826782,0.37290117144584656,audio,vision,0,0.4444444477558136,0.47058823704719543,0.523809552192688,0.44853344559669495,0.5514665842056274,0.0018034959211945534,0.9945353269577026,0.0036611342802643776,0.23792770504951477,0.34880155324935913,0.4132707118988037,audio,vision,1,0.03738313540816307,1.0741775035858154,0.430489182472229,0.07482490688562393,0.18319463729858398,-0.5739244222640991,-0.9758540391921997,0.4019296169281006,0.4843109139026471,0.515689086097353,0
177,dq3Nf_lMPnE$_$9,-0.800000011920929,0.7604573369026184,0.0017495048232376575,0.9966183304786682,0.0016321811126545072,1.5994776487350464,1.036463975906372,1.1299864053726196,2.39947772026062,1.8364639282226562,1.9299864768981934,0.20748203992843628,0.4193945825099945,0.3731233775615692,audio,audio,1,0.75,0.5652173757553101,0.4285714328289032,0.47992274165153503,0.5200772285461426,0.0017495048232376575,0.9966183304786682,0.0016321811126545072,0.3616865575313568,0.3515877425670624,0.2867257297039032,audio,text,0,0.024957595393061638,1.0935263633728027,0.43002042174339294,0.2463405281305313,0.5630136728286743,0.7014581561088562,0.8243929147720337,0.12293475866317749,0.5383416917266528,0.4616583082733473,1
302,k5Y_838nuGo$_$24,0.6000000238418579,0.3785332143306732,0.0010096250334754586,0.9952974915504456,0.003692842088639736,1.024664044380188,0.678210973739624,0.7223702669143677,0.4246640205383301,0.07821094989776611,0.12237024307250977,0.2499282956123352,0.3853840231895447,0.3646876811981201,audio,audio,1,0.2222222238779068,0.5714285969734192,0.6000000238418579,0.4577499330043793,0.5422500371932983,0.0010096250334754586,0.9952974915504456,0.003692842088639736,0.14534838497638702,0.4048861563205719,0.4497654139995575,audio,vision,0,0.032340917736291885,1.0057752132415771,0.39360755681991577,0.1539701670408249,0.34645307064056396,0.28015196323394775,0.495075523853302,0.21492356061935425,0.43323745518182544,0.5667625448181746,0
656,zhpQhgha_KU$_$21,0.6000000238418579,0.12864278256893158,0.001352323917672038,0.9955150485038757,0.0031326329335570335,0.654276430606842,0.4563314914703369,0.490461528301239,0.05427640676498413,0.143668532371521,0.1095384955406189,0.35366547107696533,0.3162747621536255,0.33005982637405396,audio,text,0,0.42105263471603394,0.5161290168762207,0.5675675868988037,0.44275882840156555,0.5572412014007568,0.001352323917672038,0.9955150485038757,0.0031326329335570335,0.21359772980213165,0.36191874742507935,0.4244835376739502,audio,vision,0,0.03147060424089432,1.0612856149673462,0.42239755392074585,0.08639854937791824,0.19794493913650513,0.07639598101377487,0.19439882040023804,0.11800283938646317,0.46319082751154433,0.5368091724884556,0
490,tStelxIAHjw$_$13,-1.600000023841858,0.8094046115875244,0.0015203951625153422,0.9958066940307617,0.002672941656783223,1.7257323265075684,1.078111171722412,1.1892696619033813,3.3257322311401367,2.6781110763549805,2.7892696857452393,0.19222597777843475,0.4319016635417938,0.3758723735809326,audio,audio,1,0.5714285969734192,0.380952388048172,0.5600000023841858,0.4891488254070282,0.5108511447906494,0.0015203951625153422,0.9958066940307617,0.002672941656783223,0.29038697481155396,0.28080421686172485,0.4288088381290436,audio,vision,0,0.029886044561862946,1.0788154602050781,0.4766683280467987,0.2827565670013428,0.6476211547851562,0.6779918074607849,0.9466478824615479,0.26865607500076294,0.583174817776753,0.41682518222324705,1
481,tIrG4oNLFzE$_$2,2.4000000953674316,0.7813990116119385,0.0010109244612976909,0.9962312579154968,0.002757770475000143,1.5639313459396362,1.0477616786956787,1.1234484910964966,0.8360687494277954,1.352238416671753,1.276551604270935,0.4759291708469391,0.2496492564678192,0.2744215428829193,audio,text,0,0.3636363744735718,0.5,0.5833333134651184,0.4758986234664917,0.5241013765335083,0.0010109244612976909,0.9962312579154968,0.002757770475000143,0.1940712332725525,0.35644927620887756,0.4494795501232147,audio,vision,0,0.02698630467057228,1.045318603515625,0.426521360874176,0.22759242355823517,0.5161696672439575,0.6743634939193726,0.8992758989334106,0.22491240501403809,0.4301741879612664,0.5698258120387335,0
12,c7UH_rxdZv4$_$2,-2.5999999046325684,0.3373628854751587,0.0014807982370257378,0.9954061508178711,0.003113092388957739,1.1256167888641357,0.6789639592170715,0.8088552951812744,3.725616693496704,3.278963804244995,3.4088551998138428,0.23620983958244324,0.4128301441669464,0.35095998644828796,audio,audio,1,0.4000000059604645,0.380952388048172,0.47999998927116394,0.4553188979625702,0.5446810722351074,0.0014807982370257378,0.9954061508178711,0.003113092388957739,0.24361546337604523,0.3294677734375,0.4269167184829712,audio,vision,0,0.03220012038946152,1.0732026100158691,0.4439588785171509,0.18758949637413025,0.4466528296470642,0.21811872720718384,0.4800102114677429,0.2618914842605591,0.5811179460425691,0.41888205395743094,1
57,cW1FSBF59ik$_$5,2.0,-0.018602456897497177,0.0007774497498758137,0.9982890486717224,0.000933479459490627,0.5644585490226746,0.36028000712394714,0.45204365253448486,1.4355413913726807,1.6397199630737305,1.5479563474655151,0.37826478481292725,0.2930581867694855,0.32867705821990967,audio,text,0,0.6666666865348816,0.8181818127632141,0.4615384638309479,0.47448980808258057,0.5255101919174194,0.0007774497498758137,0.9982890486717224,0.000933479459490627,0.253031849861145,0.4899941086769104,0.2569740116596222,audio,audio,0,0.013788117095828056,1.046440839767456,0.3388633131980896,0.0834975317120552,0.20417854189872742,-0.07303820550441742,0.041686590760946274,0.11472479999065399,0.46420981641479697,0.535790183585203,0
627,yDtzw_Y-7RU$_$18,-2.0,0.4370151460170746,0.0020649638026952744,0.9947223663330078,0.0032127120066434145,1.0725041627883911,0.7256253957748413,0.749445915222168,3.0725040435791016,2.725625514984131,2.749445915222168,0.2475040853023529,0.3818490505218506,0.3706468641757965,audio,audio,1,0.5,0.3877550959587097,0.4482758641242981,0.44168660044670105,0.5583133697509766,0.0020649638026952744,0.9947223663330078,0.0032127120066434145,0.29015058279037476,0.3232760429382324,0.3865733742713928,audio,vision,0,0.03647361695766449,1.0914907455444336,0.4476308822631836,0.1582048386335373,0.3468787670135498,0.36647674441337585,0.5261791348457336,0.1597023904323578,0.5497419164812315,0.45025808351876856,1
141,d6hH302o4v8$_$6,-2.0,0.5753322839736938,0.0018862279830500484,0.9949416518211365,0.0031721401028335094,1.2986973524093628,0.8472476005554199,0.8700213432312012,3.2986974716186523,2.84724760055542,2.870021343231201,0.22385738790035248,0.39359456300735474,0.3825480341911316,audio,audio,1,0.4285714328289032,0.5,0.4166666567325592,0.45110151171684265,0.548898458480835,0.0018862279830500484,0.9949416518211365,0.0031721401028335094,0.2505412995815277,0.39610913395881653,0.35334956645965576,audio,audio,1,0.03512858226895332,1.0811938047409058,0.39922165870666504,0.2076558768749237,0.45144975185394287,0.5222784280776978,0.6398880481719971,0.11760962009429932,0.5366869552243722,0.46331304477562785,1
18,c7UH_rxdZv4$_$8,-2.799999952316284,0.45964059233665466,0.0017609569476917386,0.995165228843689,0.0030738080386072397,1.0920337438583374,0.7521637678146362,0.7857725620269775,3.892033576965332,3.552163600921631,3.5857725143432617,0.2502650022506714,0.3827405869960785,0.3669944107532501,audio,audio,1,0.5,0.483146071434021,0.5076923370361328,0.4519525468349457,0.5480474233627319,0.0017609569476917386,0.995165228843689,0.0030738080386072397,0.2602046728134155,0.35063299536705017,0.3891623020172119,audio,vision,0,0.033772338181734085,1.0850541591644287,0.42968815565109253,0.15291139483451843,0.33986997604370117,0.383358895778656,0.5521414279937744,0.1687825322151184,0.5525497621226754,0.44745023787732474,1
516,tmZoasNr4rU$_$3,-2.0,-0.5979505777359009,0.0019122820813208818,0.9949787259101868,0.003109011799097061,-0.41712960600852966,-0.37250229716300964,-0.4718281924724579,1.582870364189148,1.627497673034668,1.5281717777252197,0.33150914311408997,0.3135225474834442,0.3549683690071106,audio,vision,0,0.5,0.3076923191547394,0.4375,0.4269442856311798,0.5730557441711426,0.0019122820813208818,0.9949787259101868,0.003109011799097061,0.3006093502044678,0.29409733414649963,0.4052932858467102,audio,vision,1,0.03492819890379906,1.0872832536697388,0.46725425124168396,0.040619052946567535,0.09932589530944824,-0.42542895674705505,-0.8295136094093323,0.4040846526622772,0.37634153549367966,0.6236584645063203,0
602,wMbj6ajWbic$_$18,-1.0,0.9141837358474731,0.0022604407276958227,0.9946570992469788,0.0030824721325188875,1.8983403444290161,1.0019291639328003,1.186522126197815,2.8983402252197266,2.00192928314209,2.1865220069885254,0.15382234752178192,0.47168534994125366,0.374492347240448,audio,audio,1,0.7647058963775635,0.5531914830207825,0.6122449040412903,0.5233816504478455,0.47661834955215454,0.0022604407276958227,0.9946570992469788,0.0030824721325188875,0.32819464802742004,0.3063906133174896,0.36541470885276794,audio,vision,0,0.036922555416822433,1.095956563949585,0.45884430408477783,0.3864816725254059,0.8964111804962158,0.8506888747215271,0.9720054268836975,0.12131655216217041,0.5378389370019153,0.46216106299808474,0
334,lXPQBPVc5Cw$_$25,-2.4000000953674316,-0.5968127250671387,0.0033935639075934887,0.9925712943077087,0.004035198595374823,-0.42857518792152405,-0.3392521142959595,-0.48976990580558777,1.97142493724823,2.0607481002807617,1.9102301597595215,0.33626458048820496,0.3007394075393677,0.3629959523677826,audio,vision,0,0.8260869383811951,0.49152541160583496,0.6341463327407837,0.4729257822036743,0.5270742177963257,0.0033935639075934887,0.9925712943077087,0.004035198595374823,0.36572912335395813,0.262608140707016,0.37166276574134827,audio,vision,1,0.048941243439912796,1.0868644714355469,0.48664212226867676,0.06180525943636894,0.1505177915096283,-0.3785775601863861,-0.8400350213050842,0.4614574611186981,0.3596642187677446,0.6403357812322553,0
1,c7UH_rxdZv4$_$25,0.0,0.5358087420463562,0.0008197874994948506,0.9964727759361267,0.0027074473910033703,1.3015501499176025,0.8235201835632324,0.9200758934020996,1.3015501499176025,0.8235201835632324,0.9200758934020996,0.22580412030220032,0.410429984331131,0.3637659549713135,audio,audio,1,0.3333333432674408,0.5,0.6399999856948853,0.48207998275756836,0.5179200172424316,0.0008197874994948506,0.9964727759361267,0.0027074473910033703,0.17385977506637573,0.3426007926464081,0.4835394620895386,audio,vision,0,0.025352519005537033,1.0225095748901367,0.43591469526290894,0.20638643205165863,0.4780299663543701,0.38994964957237244,0.6925116777420044,0.30256202816963196,0.5934395032373838,0.40656049676261613,1
601,wMbj6ajWbic$_$19,-0.6000000238418579,0.0819091945886612,0.0015165142249315977,0.9961481094360352,0.002335394499823451,0.669872522354126,0.34797829389572144,0.48123201727867126,1.2698725461959839,0.9479783177375793,1.0812320709228516,0.2658666968345642,0.3975667953491211,0.3365664780139923,audio,audio,1,0.5882353186607361,0.3799999952316284,0.5,0.4455713927745819,0.5544285774230957,0.0015165142249315977,0.9961481094360352,0.002335394499823451,0.3093811869621277,0.29187673330307007,0.39874207973480225,audio,vision,0,0.027840150520205498,1.0890038013458252,0.46951422095298767,0.13205963373184204,0.32189422845840454,0.03245237469673157,0.14344878494739532,0.11099641025066376,0.5346308414619309,0.4653691585380691,1
38,cM3Yna7AavY$_$14,-2.5999999046325684,0.8295427560806274,0.003602254204452038,0.9904608130455017,0.005936938803642988,1.8649030923843384,0.967615008354187,1.0246342420578003,4.464902877807617,3.567615032196045,3.624634265899658,0.14433342218399048,0.4430735111236572,0.4125930964946747,audio,audio,1,0.5555555820465088,0.3478260934352875,0.5185185074806213,0.4922967255115509,0.5077033042907715,0.003602254204452038,0.9904608130455017,0.005936938803642988,0.31246432662010193,0.27536946535110474,0.41216614842414856,audio,vision,0,0.06019659340381622,1.0839214324951172,0.47672754526138306,0.4102071225643158,0.8972880840301514,0.8218011260032654,0.8375266790390015,0.015725553035736084,0.5049140770933119,0.495085922906688,1
502,tStelxIAHjw$_$9,-1.399999976158142,1.241729974746704,0.0005804271786473691,0.9985122084617615,0.000907336245290935,2.359893798828125,1.546779751777649,1.5885318517684937,3.7598938941955566,2.946779727935791,2.9885318279266357,0.1565949022769928,0.43270444869995117,0.41070064902305603,audio,audio,1,0.4444444477558136,0.8666666746139526,0.3888888955116272,0.5257004499435425,0.4742995500564575,0.0005804271786473691,0.9985122084617615,0.000907336245290935,0.17969492077827454,0.5812318921089172,0.23907317221164703,audio,audio,1,0.012167748063802719,0.965935230255127,0.2781868875026703,0.3738533556461334,0.8131140470504761,1.1721664667129517,1.3044918775558472,0.1323254108428955,0.5412576683412699,0.45874233165873,0
337,lXPQBPVc5Cw$_$20,-1.7999999523162842,0.2743335962295532,0.0017984267324209213,0.9947502017021179,0.003451334545388818,0.8349155783653259,0.5556654334068298,0.5995215177536011,2.634915590286255,2.355665445327759,2.3995213508605957,0.2659682333469391,0.3770732283592224,0.3569585084915161,audio,audio,1,0.39393940567970276,0.4343434274196625,0.44594594836235046,0.4328480064868927,0.5671520233154297,0.0017984267324209213,0.9947502017021179,0.003451334545388818,0.24206453561782837,0.3649182617664337,0.3930172026157379,audio,vision,0,0.0361691415309906,1.0782878398895264,0.4198879599571228,0.12261699140071869,0.2792501449584961,0.20878221094608307,0.3602242171764374,0.1514420062303543,0.5471848036852193,0.45281519631478073,1
659,zhpQhgha_KU$_$28,1.399999976158142,0.714327335357666,0.0022340493742376566,0.9945935606956482,0.003172433702275157,1.6205278635025024,0.957283079624176,1.0928609371185303,0.22052788734436035,0.44271689653396606,0.3071390390396118,0.37666383385658264,0.28532156348228455,0.3380146324634552,audio,text,0,0.6363636255264282,0.5357142686843872,0.529411792755127,0.48945826292037964,0.5105417370796204,0.0022340493742376566,0.9945935606956482,0.003172433702275157,0.3012658953666687,0.3443147540092468,0.3544192910194397,audio,vision,0,0.03728010505437851,1.096185564994812,0.433519184589386,0.28610557317733765,0.6632447838783264,0.6260940432548523,0.8063613176345825,0.18026727437973022,0.44390363599127247,0.5560963640087276,0
448,rnaNMUZpvvg$_$20,0.800000011920929,-0.03364340960979462,0.0019723244477063417,0.9967978596687317,0.0012298206565901637,0.4813511073589325,0.409178227186203,0.37879428267478943,0.31864890456199646,0.39082178473472595,0.4212057292461395,0.3579848110675812,0.32710275053977966,0.31491243839263916,audio,text,0,0.6200000047683716,0.49593496322631836,0.1111111119389534,0.4107055366039276,0.58929443359375,0.0019723244477063417,0.9967978596687317,0.0012298206565901637,0.3806276023387909,0.4147927761077881,0.20457959175109863,audio,audio,0,0.023722583428025246,1.057295322418213,0.3880033493041992,0.04301164299249649,0.10255682468414307,0.010952920652925968,-0.09763175994157791,0.1085846796631813,0.5338807136686257,0.4661192863313742,1
114,d3_k5Xpfmik$_$2,0.0,0.44757723808288574,0.001272422494366765,0.9965171813964844,0.0022103521041572094,1.244989037513733,0.6140781044960022,0.7869755029678345,1.244989037513733,0.6140781044960022,0.7869755029678345,0.20108091831207275,0.44245824217796326,0.356460839509964,audio,audio,1,0.5,0.5,0.47058823704719543,0.4738585650920868,0.5261414051055908,0.001272422494366765,0.9965171813964844,0.0022103521041572094,0.2587130665779114,0.37069424986839294,0.37059271335601807,audio,audio,1,0.02547518163919449,1.0855274200439453,0.4172153174877167,0.26619094610214233,0.6309109330177307,0.3632652163505554,0.5411917567253113,0.17792654037475586,0.5553739738624562,0.4446260261375437,1
365,nbWiPyCm4g0$_$3,-1.7999999523162842,-1.3148990869522095,0.002450637985020876,0.9934157133102417,0.0041335891000926495,-1.3793398141860962,-1.1093738079071045,-1.4051530361175537,0.420660138130188,0.6906261444091797,0.39484691619873047,0.364116370677948,0.2598269581794739,0.3760567009449005,audio,vision,0,0.4166666567325592,0.46666666865348816,0.4000000059604645,0.4430616796016693,0.5569382905960083,0.002450637985020876,0.9934157133102417,0.0041335891000926495,0.2540433704853058,0.3880578577518463,0.3578987717628479,audio,audio,0,0.04398197680711746,1.0831817388534546,0.4035719335079193,0.13376320898532867,0.2957792282104492,-1.1587812900543213,-1.5111424922943115,0.35236120223999023,0.39163339043451345,0.6083666095654865,0
459,rnaNMUZpvvg$_$8,-1.600000023841858,0.8087381720542908,0.002704508835449815,0.9944115281105042,0.0028840017039328814,1.685996651649475,1.1103336811065674,1.1626063585281372,3.285996675491333,2.710333824157715,2.762606382369995,0.20091445744037628,0.4125913381576538,0.3864942491054535,audio,audio,1,0.8181818127632141,0.48275861144065857,0.5714285969734192,0.4927279055118561,0.5072721242904663,0.002704508835449815,0.9944115281105042,0.0028840017039328814,0.3806314170360565,0.2723606526851654,0.3470079302787781,audio,text,0,0.038431428372859955,1.0891767740249634,0.481367290019989,0.25992682576179504,0.5756629705429077,0.7363275289535522,0.8832862377166748,0.14695870876312256,0.545795886640059,0.45420411335994104,1
339,lXPQBPVc5Cw$_$22,2.5999999046325684,1.0185223817825317,0.002914085052907467,0.9920327663421631,0.005053182132542133,1.9709810018539429,1.3179032802581787,1.3534213304519653,0.6290189027786255,1.2820966243743896,1.246578574180603,0.5251674056053162,0.23214681446552277,0.24268576502799988,audio,text,0,0.6153846383094788,0.4736842215061188,0.6222222447395325,0.4963741600513458,0.5036258697509766,0.002914085052907467,0.9920327663421631,0.005053182132542133,0.2874774634838104,0.2953070402145386,0.417215496301651,audio,vision,0,0.05166830122470856,1.0832802057266235,0.4644838273525238,0.2998429238796234,0.6530777215957642,0.9441207051277161,1.0940109491348267,0.1498902440071106,0.4532958472848584,0.5467041527151417,0
547,vvZ4IcEtiZc$_$4,2.200000047683716,0.5519557595252991,0.0022757984697818756,0.9938867688179016,0.0038373954594135284,1.2352657318115234,0.8704458475112915,0.8157999515533447,0.9647343158721924,1.3295542001724243,1.384200096130371,0.4492870271205902,0.28475725650787354,0.2659556567668915,audio,text,0,0.5,0.49038460850715637,0.5,0.4517611861228943,0.5482388138771057,0.0022757984697818756,0.9938867688179016,0.0038373954594135284,0.26995328068733215,0.35092687606811523,0.3791198134422302,audio,vision,0,0.04129096865653992,1.0886976718902588,0.4286399483680725,0.18619920313358307,0.4194657802581787,0.5352550745010376,0.5722230672836304,0.03696799278259277,0.48844955754817093,0.511550442451829,0
251,fvVhgmXxadc$_$5,0.0,-0.14225369691848755,0.0016298723639920354,0.9957345128059387,0.0026356445159763098,0.30597028136253357,0.23663146793842316,0.228578582406044,0.30597028136253357,0.23663146793842316,0.228578582406044,0.31327199935913086,0.3416358232498169,0.34509217739105225,audio,vision,0,0.5384615659713745,0.5526315569877625,0.5,0.437374472618103,0.562625527381897,0.0016298723639920354,0.9957345128059387,0.0026356445159763098,0.2621803283691406,0.376508504152298,0.361311137676239,audio,audio,0,0.030371032655239105,1.0865862369537354,0.4128173291683197,0.034740619361400604,0.07739169895648956,-0.03155062347650528,-0.28465884923934937,0.2531082332134247,0.578443066014858,0.42155693398514194,1
620,yDtzw_Y-7RU$_$13,-1.7999999523162842,0.6443454027175903,0.001571129192598164,0.9958711266517639,0.0025577268097549677,1.3588141202926636,0.8878798484802246,0.933956503868103,3.158813953399658,2.687879800796509,2.7339563369750977,0.2221067100763321,0.40014442801475525,0.37774890661239624,audio,audio,1,0.52173912525177,0.5,0.489130437374115,0.4622723162174225,0.5377277135848999,0.001571129192598164,0.9958711266517639,0.0025577268097549677,0.2677115499973297,0.35851168632507324,0.37377673387527466,audio,vision,0,0.02952960878610611,1.0883939266204834,0.42490631341934204,0.21197645366191864,0.47093427181243896,0.5730929374694824,0.7272281646728516,0.15413522720336914,0.5480188067180058,0.45198119328199415,1
16,c7UH_rxdZv4$_$6,-2.5999999046325684,0.7061150074005127,0.0014187347842380404,0.9964213371276855,0.002159968251362443,1.4925185441970825,0.9886648654937744,1.040618896484375,4.092518329620361,3.5886647701263428,3.6406188011169434,0.21568022668361664,0.40488937497138977,0.37943035364151,audio,audio,1,0.5600000023841858,0.523809552192688,0.49000000953674316,0.4690958857536316,0.5309041142463684,0.0014187347842380404,0.9964213371276855,0.002159968251362443,0.2773436903953552,0.3619605600833893,0.36069580912590027,audio,audio,1,0.02613343484699726,1.0913331508636475,0.4229738712310791,0.22626949846744537,0.5038536787033081,0.6191392540931702,0.8045507073402405,0.1854114532470703,0.5576831074389725,0.4423168925610276,1
3,c7UH_rxdZv4$_$27,-1.7999999523162842,-0.30705392360687256,0.00337225035764277,0.9926323294639587,0.003995399456471205,0.0876736119389534,0.10865625739097595,0.0040859654545784,1.8876736164093018,1.9086562395095825,1.8040859699249268,0.32422783970832825,0.3158344626426697,0.35993775725364685,audio,vision,0,0.6521739363670349,0.5066666603088379,0.47154471278190613,0.43869760632514954,0.5613024234771729,0.00337225035764277,0.9926323294639587,0.003995399456471205,0.32899585366249084,0.3392103910446167,0.33179375529289246,audio,audio,0,0.04860091954469681,1.0985288619995117,0.435614675283432,0.045168954879045486,0.10457029193639755,-0.1746673434972763,-0.47643914818763733,0.3017718195915222,0.40679883933597316,0.5932011606640268,0
485,tIrG4oNLFzE$_$6,1.25,0.3784857392311096,0.002083707135170698,0.9944273233413696,0.0034889874514192343,1.0021477937698364,0.6763216257095337,0.7126652002334595,0.24785220623016357,0.5736783742904663,0.5373347997665405,0.42339855432510376,0.28175315260887146,0.2948482632637024,audio,text,0,0.5384615659713745,0.32258063554763794,0.5135135054588318,0.44686439633369446,0.5531356334686279,0.002083707135170698,0.9944273233413696,0.0034889874514192343,0.2994685769081116,0.2730155289173126,0.42751583456993103,audio,vision,0,0.03816227987408638,1.0788065195083618,0.48094117641448975,0.14578665792942047,0.32582616806030273,0.3002707064151764,0.47530147433280945,0.17503076791763306,0.44552003419694514,0.5544799658030548,0
423,pLTX3ipuDJI$_$7,0.800000011920929,-0.34133607149124146,0.0023644757457077503,0.9941059350967407,0.0035296285059303045,-0.056580886244773865,-0.00047237612307071686,-0.1472129374742508,0.856580913066864,0.8004723787307739,0.9472129344940186,0.33720606565475464,0.36170536279678345,0.30108851194381714,audio,audio,1,0.6428571343421936,0.4047619104385376,0.5600000023841858,0.4534831643104553,0.5465168356895447,0.0023644757457077503,0.9941059350967407,0.0035296285059303045,0.3174591064453125,0.27775055170059204,0.40479031205177307,audio,vision,0,0.040105365216732025,1.0861486196517944,0.47757023572921753,0.060456711798906326,0.14674055576324463,-0.15507353842258453,-0.5658109784126282,0.41073745489120483,0.6256082810596684,0.3743917189403317,1
299,jUzDDGyPkXU$_$16,1.2000000476837158,1.2206215858459473,0.0008417571661993861,0.9976880550384521,0.0014702389016747475,2.2735869884490967,1.4620376825332642,1.5595476627349854,1.0735869407653809,0.26203763484954834,0.35954761505126953,0.16131234169006348,0.44486862421035767,0.39381906390190125,audio,audio,1,0.4375,0.5890411138534546,0.4252873659133911,0.49744075536727905,0.502559244632721,0.0008417571661993861,0.9976880550384521,0.0014702389016747475,0.22854368388652802,0.4346805214881897,0.3367757797241211,audio,audio,1,0.017858291044831276,1.066014051437378,0.3753383159637451,0.361781507730484,0.8115493059158325,1.1312189102172852,1.3109440803527832,0.17972517013549805,0.5131728557365259,0.48682714426347395,1
160,d6hH302o4v8$_$35,-1.600000023841858,-0.7693214416503906,0.0019181640818715096,0.9939316511154175,0.004150190856307745,-0.6649556756019592,-0.547796368598938,-0.7228566408157349,0.9350443482398987,1.05220365524292,0.877143383026123,0.34027156233787537,0.293916255235672,0.365812212228775,audio,vision,0,0.5,0.5897436141967773,0.6170212626457214,0.4621987044811249,0.5378012657165527,0.0019181640818715096,0.9939316511154175,0.004150190856307745,0.22191102802753448,0.3677431643009186,0.41034582257270813,audio,vision,1,0.040812794119119644,1.0674793720245361,0.41745901107788086,0.07282013446092606,0.17506027221679688,-0.6083750128746033,-0.9565941691398621,0.3482191562652588,0.392867667840846,0.6071323321591541,0
14,c7UH_rxdZv4$_$4,1.600000023841858,0.7358640432357788,0.0015846906462684274,0.9956470131874084,0.002768265549093485,1.5521799325942993,0.9561876654624939,1.0348281860351562,0.047820091247558594,0.643812358379364,0.5651718378067017,0.5003713369369507,0.23754572868347168,0.26208290457725525,audio,text,0,0.5333333611488342,0.5490196347236633,0.5245901346206665,0.4809338450431824,0.5190661549568176,0.0015846906462684274,0.9956470131874084,0.002768265549093485,0.25676557421684265,0.37001872062683105,0.3732156753540039,audio,vision,0,0.030864354223012924,1.084810495376587,0.41708552837371826,0.2643742859363556,0.5959922671318054,0.6480644345283508,0.830625057220459,0.18256062269210815,0.4431960997990084,0.5568039002009915,0
292,jUzDDGyPkXU$_$11,2.4000000953674316,0.9454453587532043,0.0008303309441544116,0.9974178075790405,0.0017518001841381192,1.8107205629348755,1.1767096519470215,1.2398463487625122,0.5892795324325562,1.2232904434204102,1.1601537466049194,0.5147776007652283,0.23304259777069092,0.25217974185943604,audio,text,0,0.43478259444236755,0.5625,0.5128205418586731,0.4824359118938446,0.517564058303833,0.0008303309441544116,0.9974178075790405,0.0017518001841381192,0.21788568794727325,0.39637044072151184,0.3857438564300537,audio,audio,0,0.019587814807891846,1.0662670135498047,0.4006982743740082,0.28516143560409546,0.634010910987854,0.8504977226257324,1.0473065376281738,0.1968088150024414,0.43880556562527556,0.5611944343747245,0
191,etzxEpPuc6I$_$2,1.2000000476837158,-0.05792762339115143,0.0009356177179142833,0.997336208820343,0.0017281656619161367,0.4500180780887604,0.26879075169563293,0.3314037322998047,0.7499819993972778,0.9312093257904053,0.8685963153839111,0.37601161003112793,0.2997911274433136,0.32419729232788086,audio,text,0,0.42105263471603394,0.5869565010070801,0.4363636374473572,0.4336341619491577,0.5663658380508423,0.0009356177179142833,0.997336208820343,0.0017281656619161367,0.22096867859363556,0.434906005859375,0.344125360250473,audio,audio,0,0.02017783746123314,1.06281316280365,0.3749535083770752,0.07515398412942886,0.18122732639312744,-0.04161158576607704,-0.07923786342144012,0.03762627765536308,0.5117560447293824,0.48824395527061754,1
67,cW1FSBF59ik$_$15,-2.5999999046325684,-0.3477173447608948,0.0015643145889043808,0.9957695007324219,0.002666178159415722,-0.13623826205730438,-0.08133956044912338,-0.2092968225479126,2.463761568069458,2.518660306930542,2.3907032012939453,0.330109179019928,0.3082157075405121,0.36167508363723755,audio,vision,0,0.5,0.4893617033958435,0.48672565817832947,0.4404362142086029,0.5595637559890747,0.0015643145889043808,0.9957695007324219,0.002666178159415722,0.26064029335975647,0.35793131589889526,0.38142839074134827,audio,vision,1,0.03013020008802414,1.0858372449874878,0.42522546648979187,0.05241340398788452,0.12795725464820862,-0.18551413714885712,-0.5537927150726318,0.3682785630226135,0.38690321907874725,0.6130967809212527,0
100,cXypl4FnoZo$_$19,0.800000011920929,-0.1283957064151764,0.0015111668035387993,0.9960000514984131,0.002488825935870409,0.30932602286338806,0.2534685730934143,0.2538289427757263,0.4906739890575409,0.5465314388275146,0.5461710691452026,0.348974347114563,0.3254395127296448,0.32558614015579224,audio,text,0,0.550000011920929,0.5844155550003052,0.5249999761581421,0.43844762444496155,0.5615524053573608,0.0015111668035387993,0.9960000514984131,0.002488825935870409,0.2555231750011444,0.382759153842926,0.36171767115592957,audio,audio,0,0.028729615733027458,1.0840566158294678,0.4088272452354431,0.026246923953294754,0.055857449769973755,-0.03792332485318184,-0.24427039921283722,0.20634707808494568,0.5641283169764244,0.4358716830235756,1
332,k5Y_838nuGo$_$30,1.600000023841858,0.8888258934020996,0.0022250493057072163,0.9950064420700073,0.002768513048067689,1.8152704238891602,1.066174030303955,1.1655808687210083,0.21527040004730225,0.5338259935379028,0.4344191551208496,0.41119909286499023,0.27613309025764465,0.3126678466796875,audio,text,0,0.6666666865348816,0.5142857432365417,0.4878048896789551,0.4907749891281128,0.5092250108718872,0.0022250493057072163,0.9950064420700073,0.002768513048067689,0.32511812448501587,0.33697187900543213,0.3379099667072296,audio,vision,0,0.03487660363316536,1.098459243774414,0.4386897087097168,0.3321852684020996,0.7490963935852051,0.8241013884544373,0.955983579158783,0.1318821907043457,0.4588798980339822,0.5411201019660178,0
553,vyB00TXsimI$_$21,1.2000000476837158,0.5799910426139832,0.001203468069434166,0.9968043565750122,0.0019921509083360434,1.2858251333236694,0.8622636795043945,0.8972945213317871,0.08582508563995361,0.3377363681793213,0.3027055263519287,0.40121814608573914,0.2928370237350464,0.30594485998153687,audio,text,0,0.4545454680919647,0.5428571701049805,0.4285714328289032,0.45681077241897583,0.5431892275810242,0.001203468069434166,0.9968043565750122,0.0019921509083360434,0.24443113803863525,0.4088015854358673,0.34676727652549744,audio,audio,0,0.023669155314564705,1.0773048400878906,0.3920018672943115,0.19194546341896057,0.4235614538192749,0.5076310634613037,0.6660335659980774,0.15840250253677368,0.4506603105841544,0.5493396894158455,0
88,cXypl4FnoZo$_$7,-1.0,-0.029039878398180008,0.0031941079068928957,0.9934385418891907,0.0033672975841909647,0.576815664768219,0.3961218297481537,0.42158031463623047,1.5768156051635742,1.396121859550476,1.4215803146362305,0.2883872985839844,0.36146730184555054,0.3501453697681427,audio,audio,1,0.9166666865348816,0.5454545617103577,0.6666666865348816,0.47026553750038147,0.5297344923019409,0.0031941079068928957,0.9934385418891907,0.0033672975841909647,0.387702077627182,0.2599661648273468,0.3523317873477936,audio,text,0,0.044066835194826126,1.0851283073425293,0.48898160457611084,0.07985849678516388,0.1806938350200653,0.00599797023460269,-0.06850855052471161,0.07450652122497559,0.4767335271949661,0.5232664728050338,0
529,v0zCBqDeKcE$_$14,1.5,0.42257341742515564,0.0020253253169357777,0.995398223400116,0.0025765113532543182,1.1071077585220337,0.707421064376831,0.7472285032272339,0.3928922414779663,0.792578935623169,0.7527714967727661,0.44553500413894653,0.27033647894859314,0.2841285467147827,audio,text,0,0.75,0.5517241358757019,0.5882353186607361,0.4773622751235962,0.5226377248764038,0.0020253253169357777,0.995398223400116,0.0025765113532543182,0.33016082644462585,0.31174278259277344,0.3580964207649231,audio,vision,0,0.03251167759299278,1.0969845056533813,0.45577025413513184,0.17976750433444977,0.39968669414520264,0.34534627199172974,0.507125198841095,0.16177892684936523,0.44961567155249516,0.5503843284475048,0
294,jUzDDGyPkXU$_$13,-0.6000000238418579,-0.3551282286643982,0.001703197485767305,0.9949445128440857,0.003352298168465495,-0.13065992295742035,-0.07118581980466843,-0.19834020733833313,0.46934008598327637,0.5288141965866089,0.4016598165035248,0.33149513602256775,0.30774468183517456,0.3607601821422577,audio,vision,0,0.5333333611488342,0.5098039507865906,0.5901639461517334,0.45382508635520935,0.5461748838424683,0.001703197485767305,0.9949445128440857,0.003352298168465495,0.2486295849084854,0.3335973918437958,0.41777303814888,audio,vision,1,0.03500273451209068,1.0769097805023193,0.4408981204032898,0.05194658041000366,0.1271543800830841,-0.19602897763252258,-0.5466029644012451,0.35057398676872253,0.3921657891293028,0.6078342108706973,0
561,vyB00TXsimI$_$6,2.0,0.5448136925697327,0.001986346673220396,0.9949252605438232,0.003088356228545308,1.208980917930603,0.8198133111000061,0.850088357925415,0.791019082069397,1.1801867485046387,1.149911642074585,0.4437914490699768,0.2728425860404968,0.283365935087204,audio,text,0,0.6086956262588501,0.4868420958518982,0.554347813129425,0.4650718569755554,0.5349281430244446,0.001986346673220396,0.9949252605438232,0.003088356228545308,0.2915402054786682,0.319438099861145,0.3890216648578644,audio,vision,0,0.03527085483074188,1.0911692380905151,0.45032477378845215,0.17675212025642395,0.3891676068305969,0.4745008945465088,0.6256878972053528,0.151187002658844,0.45289417644134305,0.547105823558657,0
587,wMbj6ajWbic$_$5,0.20000000298023224,0.5745317935943604,0.0018100575543940067,0.9954800605773926,0.002709842985495925,1.416009783744812,0.6918892860412598,0.8832746744155884,1.2160097360610962,0.4918892979621887,0.6832746863365173,0.18455013632774353,0.45626407861709595,0.3591858148574829,audio,audio,1,0.5,0.41025641560554504,0.3958333432674408,0.46789297461509705,0.5321069955825806,0.0018100575543940067,0.9954800605773926,0.002709842985495925,0.2923324704170227,0.3489428460597992,0.3587246835231781,audio,vision,0,0.03195662796497345,1.0946770906448364,0.43102484941482544,0.30637407302856445,0.7241204977035522,0.5083906650543213,0.6497502326965332,0.14135956764221191,0.5440602844168847,0.45593971558311547,1
146,d6hH302o4v8$_$11,-1.0,-0.10147415101528168,0.0012741186656057835,0.9966701865196228,0.002055711578577757,0.3503519296646118,0.2966257333755493,0.2821202278137207,1.3503519296646118,1.2966257333755493,1.2821202278137207,0.316606342792511,0.3385991156101227,0.3447945713996887,audio,vision,0,0.5,0.6285714507102966,0.46341463923454285,0.44010064005851746,0.5598993301391602,0.0012741186656057835,0.9966701865196228,0.002055711578577757,0.2390468865633011,0.43125835061073303,0.3296947181224823,audio,audio,0,0.02453584223985672,1.0706331729888916,0.3769412040710449,0.02934938669204712,0.06823170185089111,-0.011551343835890293,-0.21587464213371277,0.20432329177856445,0.4364938103121142,0.5635061896878857,0
424,pLTX3ipuDJI$_$6,-1.399999976158142,1.069563388824463,0.0011636296985670924,0.9962539672851562,0.002582387300208211,2.001302719116211,1.2889293432235718,1.3624900579452515,3.4013028144836426,2.688929319381714,2.7624900341033936,0.1767250895500183,0.43054938316345215,0.3927255868911743,audio,audio,1,0.5,0.49056604504585266,0.609375,0.5016672015190125,0.49833279848098755,0.0011636296985670924,0.9962539672851562,0.002582387300208211,0.23468337953090668,0.32412150502204895,0.44119518995285034,audio,vision,0,0.026989266276359558,1.0663608312606812,0.4480883479118347,0.3198903799057007,0.7123733758926392,0.9612577557563782,1.1771491765975952,0.21589142084121704,0.5670595846306066,0.4329404153693933,0
406,ob23OKe5a9Q$_$4,-1.5,-0.24292388558387756,0.002342373365536332,0.9953439831733704,0.0023135675583034754,0.2606201469898224,0.19984567165374756,0.12555086612701416,1.7606201171875,1.6998456716537476,1.6255508661270142,0.3064801096916199,0.33066996932029724,0.3628499507904053,audio,vision,0,0.800000011920929,0.5925925970077515,0.5151515007019043,0.4626884460449219,0.5373115539550781,0.002342373365536332,0.9953439831733704,0.0023135675583034754,0.36021173000335693,0.33430466055870056,0.3054836392402649,audio,text,0,0.032872896641492844,1.0963579416275024,0.4406929612159729,0.05523381382226944,0.13506928086280823,-0.08076290041208267,-0.43123841285705566,0.3504755198955536,0.3921951313939046,0.6078048686060954,0
124,d6hH302o4v8$_$25,-1.600000023841858,0.6091166138648987,0.0026615122333168983,0.9934743046760559,0.003864195430651307,1.53663170337677,0.9746389389038086,1.0835323333740234,3.136631727218628,2.574638843536377,2.683532238006592,0.20917685329914093,0.4222811758518219,0.368541955947876,audio,audio,1,0.6000000238418579,0.3076923191547394,0.5,0.4681394696235657,0.5318605303764343,0.0026615122333168983,0.9934743046760559,0.003864195430651307,0.33454087376594543,0.2598157525062561,0.40564340353012085,audio,vision,0,0.043753549456596375,1.0825003385543823,0.4891057014465332,0.24335448443889618,0.5619927644729614,0.507204532623291,0.7249005436897278,0.21769601106643677,0.5676132910571835,0.4323867089428164,1
588,wMbj6ajWbic$_$4,1.0,-0.4663025140762329,0.0015559744788333774,0.995695948600769,0.0027480602730065584,-0.28281450271606445,-0.22278746962547302,-0.36212804913520813,1.2828145027160645,1.2227874994277954,1.3621280193328857,0.3351728916168213,0.36128973960876465,0.3035373389720917,audio,audio,1,0.5,0.5,0.5,0.4438653588294983,0.5561346411705017,0.0015559744788333774,0.995695948600769,0.0027480602730065584,0.25526800751686096,0.3602002263069153,0.38453173637390137,audio,vision,0,0.030560072511434555,1.0838603973388672,0.42366379499435425,0.0570668950676918,0.1393405795097351,-0.2972354590892792,-0.6781326532363892,0.38089719414711,0.6168316044462058,0.3831683955537942,1
386,nzpVDcQ0ywM$_$8,2.0,0.8393424153327942,0.001766545232385397,0.9954663515090942,0.0027670254930853844,1.665958285331726,1.0818922519683838,1.1235148906707764,0.3340417146682739,0.9181077480316162,0.8764851093292236,0.5026456713676453,0.24220947921276093,0.2551448345184326,audio,text,0,0.5714285969734192,0.5799999833106995,0.5166666507720947,0.48269590735435486,0.5173040628433228,0.001766545232385397,0.9954663515090942,0.0027670254930853844,0.2686913311481476,0.3783074617385864,0.3530011773109436,audio,audio,0,0.03201872110366821,1.0884194374084473,0.41143926978111267,0.26606395840644836,0.5840660333633423,0.76869136095047,0.915058970451355,0.146367609500885,0.45438728845578735,0.5456127115442128,0
399,ob23OKe5a9Q$_$13,1.25,-0.2560817003250122,0.0018327758880332112,0.9946880340576172,0.003479161998257041,0.1234615296125412,0.13565261662006378,0.007007896900177002,1.1265385150909424,1.1143473386764526,1.2429921627044678,0.3472357988357544,0.35256776213645935,0.30019640922546387,audio,audio,1,0.47058823704719543,0.4615384638309479,0.5161290168762207,0.439993679523468,0.560006320476532,0.0018327758880332112,0.9946880340576172,0.003479161998257041,0.25035560131073,0.3435801565647125,0.40606430172920227,audio,vision,0,0.036543235182762146,1.0797321796417236,0.43407195806503296,0.05798422917723656,0.12864471971988678,-0.11350949853658676,-0.4375419020652771,0.32403239607810974,0.5998980907870758,0.40010190921292405,1
121,d6hH302o4v8$_$42,-1.399999976158142,-0.9051703214645386,0.003384221578016877,0.9921759963035583,0.004439719021320343,-0.8597025275230408,-0.6735878586769104,-0.8175979852676392,0.5402974486351013,0.7264121174812317,0.5824019908905029,0.36480820178985596,0.2890872061252594,0.34610462188720703,audio,text,0,0.6363636255264282,0.517241358757019,0.5,0.44859778881073,0.55140221118927,0.003384221578016877,0.9921759963035583,0.004439719021320343,0.31644120812416077,0.3382571339607239,0.34530165791511536,audio,vision,0,0.051095567643642426,1.0979282855987549,0.43594592809677124,0.07968714088201523,0.18611466884613037,-0.7673054933547974,-1.0746294260025024,0.3073239326477051,0.4051251740420515,0.5948748259579486,0
432,phBUpBr1hSo$_$14,-1.2000000476837158,0.6366283297538757,0.00150983443018049,0.9969171285629272,0.0015730435261502862,1.4375276565551758,0.9036223292350769,0.9798389673233032,2.6375277042388916,2.1036224365234375,2.1798391342163086,0.21181367337703705,0.4128517508506775,0.37533456087112427,audio,audio,1,0.75,0.625,0.4791666567325592,0.48652586340904236,0.5134741067886353,0.00150983443018049,0.9969171285629272,0.0015730435261502862,0.3356321454048157,0.36858922243118286,0.29577863216400146,audio,audio,1,0.02303919941186905,1.0946025848388672,0.4188852310180664,0.23578304052352905,0.5339053273200989,0.569912850856781,0.7070391774177551,0.13712632656097412,0.5427473660736967,0.4572526339263033,1
117,d3_k5Xpfmik$_$7,0.4000000059604645,-0.09542465209960938,0.001868186634965241,0.9942775368690491,0.0038542465772479773,0.396757036447525,0.28372490406036377,0.3148239552974701,0.003242969512939453,0.11627510190010071,0.08517605066299438,0.3608947694301605,0.3133423328399658,0.32576295733451843,audio,text,0,0.4375,0.42168673872947693,0.523809552192688,0.4300229847431183,0.5699770450592041,0.001868186634965241,0.9942775368690491,0.0038542465772479773,0.2430534064769745,0.32975754141807556,0.4271889925003052,audio,vision,0,0.03886759281158447,1.072961449623108,0.44301337003707886,0.04767534136772156,0.11303213238716125,-0.020926665514707565,-0.1941685527563095,0.17324188351631165,0.5539275104167838,0.44607248958321627,1
87,cXypl4FnoZo$_$4,-0.800000011920929,-0.281330943107605,0.0034422988537698984,0.9914998412132263,0.005057839676737785,0.21472163498401642,0.24472376704216003,0.16011013090610504,1.0147216320037842,1.0447237491607666,0.9601101279258728,0.3296152651309967,0.31748273968696594,0.35290202498435974,audio,vision,0,0.625,0.5211267471313477,0.5529412031173706,0.44315919280052185,0.5568407773971558,0.0034422988537698984,0.9914998412132263,0.005057839676737785,0.2988794445991516,0.33163103461265564,0.36948949098587036,audio,vision,1,0.05472717061638832,1.0948690176010132,0.4399125576019287,0.03502699360251427,0.08461363613605499,-0.16876623034477234,-0.4227713644504547,0.2540051341056824,0.421283572896469,0.5787164271035311,0
188,etzxEpPuc6I$_$18,1.399999976158142,0.7865778803825378,0.0012004475574940443,0.9970200657844543,0.0017794020241126418,1.6124027967453003,1.0099235773086548,1.0855332612991333,0.2124028205871582,0.3900763988494873,0.3144667148590088,0.3729861080646515,0.2987028658390045,0.328311026096344,audio,text,0,0.6000000238418579,0.5714285969734192,0.5,0.48447662591934204,0.515523374080658,0.0012004475574940443,0.9970200657844543,0.0017794020241126418,0.2797679901123047,0.3732929825782776,0.3469390571117401,audio,audio,0,0.022314798086881638,1.0914785861968994,0.41581809520721436,0.26797378063201904,0.6024792194366455,0.7051721811294556,0.8732002973556519,0.1680281162261963,0.44768340028258485,0.5523165997174152,0
203,f9O3YtZ2VfI$_$21,2.0,0.3834581971168518,0.0013685394078493118,0.9962990880012512,0.002332405187189579,1.1807146072387695,0.7481027245521545,0.849939227104187,0.8192853927612305,1.2518973350524902,1.150060772895813,0.44570139050483704,0.2595331072807312,0.29476550221443176,audio,text,0,0.6000000238418579,0.5526315569877625,0.5777778029441833,0.47860458493232727,0.5213954448699951,0.0013685394078493118,0.9962990880012512,0.002332405187189579,0.2691868841648102,0.34428954124450684,0.38652360439300537,audio,vision,0,0.02685457095503807,1.0877883434295654,0.434673011302948,0.18467272818088531,0.432611882686615,0.2625472843647003,0.515179455280304,0.25263217091560364,0.4217020462502624,0.5782979537497376,0
17,c7UH_rxdZv4$_$9,-0.4000000059604645,-0.18008959293365479,0.0015290508745238185,0.9950773119926453,0.003393645165488124,0.28884047269821167,0.24766823649406433,0.2428051233291626,0.6888405084609985,0.6476682424545288,0.6428050994873047,0.3213321566581726,0.3383025527000427,0.34036532044410706,audio,vision,0,0.37037035822868347,0.53125,0.5,0.4228725731372833,0.5771274566650391,0.0015290508745238185,0.9950773119926453,0.003393645165488124,0.20914354920387268,0.3972029387950897,0.3936535120010376,audio,audio,0,0.034119293093681335,1.0609917640686035,0.39858293533325195,0.020650682970881462,0.04603534936904907,-0.10491466522216797,-0.282686710357666,0.17777204513549805,0.44467371425313446,0.5553262857468656,0
676,zhpQhgha_KU$_$17,1.75,0.8091169595718384,0.0015995824942365289,0.9957257509231567,0.002674724906682968,1.6214265823364258,1.0875561237335205,1.1348673105239868,0.12857341766357422,0.6624438762664795,0.6151326894760132,0.48604971170425415,0.2493787556886673,0.26457157731056213,audio,text,0,0.5384615659713745,0.5277777910232544,0.5142857432365417,0.4731213450431824,0.5268786549568176,0.0015995824942365289,0.9957257509231567,0.002674724906682968,0.26595187187194824,0.3608432412147522,0.37320491671562195,audio,vision,0,0.030408041551709175,1.0878901481628418,0.42325496673583984,0.2412918657064438,0.5338704586029053,0.7297008037567139,0.8975566029548645,0.16785579919815063,0.4477366604084579,0.5522633395915421,0
680,zhpQhgha_KU$_$31,-1.0,-0.9669284820556641,0.002078500110656023,0.9947691559791565,0.0031523078214377165,-0.9372423887252808,-0.7710909247398376,-1.0327298641204834,0.06275761127471924,0.22890907526016235,0.0327298641204834,0.3507901430130005,0.285002738237381,0.3642071783542633,audio,vision,0,0.5,0.4375,0.43103447556495667,0.44616371393203735,0.5538362860679626,0.002078500110656023,0.9947691559791565,0.0031523078214377165,0.2823063135147095,0.3494824767112732,0.36821117997169495,audio,vision,1,0.036210257560014725,1.092341423034668,0.43019112944602966,0.10810443013906479,0.26163893938064575,-0.7741033434867859,-1.2062879800796509,0.432184636592865,0.4938725953807432,0.5061274046192569,0
477,tIrG4oNLFzE$_$16,-1.600000023841858,0.6589429378509521,0.002244638279080391,0.9945132732391357,0.003242095001041889,1.370745062828064,0.9547221660614014,0.9707331657409668,2.970745086669922,2.554722309112549,2.570733070373535,0.23090305924415588,0.3883964419364929,0.3807005286216736,audio,audio,1,0.5833333134651184,0.43023255467414856,0.49514561891555786,0.4568837583065033,0.5431162118911743,0.002244638279080391,0.9945132732391357,0.003242095001041889,0.30695638060569763,0.31381016969680786,0.3792334794998169,audio,vision,0,0.03774433210492134,1.0939323902130127,0.45380207896232605,0.1924522966146469,0.4160228967666626,0.5933918952941895,0.7368661165237427,0.14347422122955322,0.5447159054299298,0.4552840945700703,1
435,phBUpBr1hSo$_$19,2.0,0.49291807413101196,0.005309702828526497,0.9904357194900513,0.004254552535712719,1.4032859802246094,0.6753349304199219,0.8444440364837646,0.5967140197753906,1.3246650695800781,1.1555559635162354,0.5263563394546509,0.21188414096832275,0.261759489774704,audio,text,0,1.0,0.30000001192092896,0.5833333134651184,0.5126999020576477,0.4873000979423523,0.005309702828526497,0.9904357194900513,0.004254552535712719,0.49596235156059265,0.175876185297966,0.3281615376472473,audio,text,1,0.06056062504649162,1.019118309020996,0.5430397391319275,0.3110582232475281,0.7279510498046875,0.42752015590667725,0.5550761222839355,0.1275559663772583,0.4602229947107845,0.5397770052892156,1
668,zhpQhgha_KU$_$9,-1.0,-0.6903329491615295,0.002436120295897126,0.9945729374885559,0.0029910076409578323,-0.5478724241256714,-0.44136208295822144,-0.6100568771362305,0.4521275758743286,0.5586379170417786,0.38994312286376953,0.33827492594718933,0.2961070239543915,0.36561810970306396,audio,vision,0,0.6470588445663452,0.4285714328289032,0.4651162922382355,0.44766148924827576,0.5523384809494019,0.002436120295897126,0.9945729374885559,0.0029910076409578323,0.33772778511047363,0.3078306317329407,0.3544415533542633,audio,vision,1,0.037455447018146515,1.096927285194397,0.457828164100647,0.0696573331952095,0.16869479417800903,-0.48259496688842773,-0.9466464519500732,0.4640514850616455,0.35891778540961516,0.6410822145903848,0
530,v0zCBqDeKcE$_$16,0.0,0.36974990367889404,0.0020933712366968393,0.991161584854126,0.006744987331330776,1.0615346431732178,0.6131112575531006,0.7396688461303711,1.0615346431732178,0.6131112575531006,0.7396688461303711,0.23546546697616577,0.4124411344528198,0.3520933985710144,audio,audio,1,0.7142857313156128,0.3333333432674408,1.0,0.5267517566680908,0.4732482433319092,0.0020933712366968393,0.991161584854126,0.006744987331330776,0.22922031581401825,0.15250732004642487,0.6182723641395569,audio,vision,0,0.055431075394153595,0.9217360019683838,0.5591028928756714,0.18876732885837555,0.4484233856201172,0.18501177430152893,0.5357237458229065,0.35071197152137756,0.6078753246952957,0.39212467530470435,0
488,tStelxIAHjw$_$11,-2.799999952316284,-1.0389535427093506,0.00258730654604733,0.9944813251495361,0.0029313426930457354,-0.9552649259567261,-0.7814885377883911,-1.0732994079589844,1.844735026359558,2.0185112953186035,1.7267005443572998,0.3374119997024536,0.27153322100639343,0.39105477929115295,audio,vision,0,0.6666666865348816,0.47058823704719543,0.44999998807907104,0.45991960167884827,0.5400804281234741,0.00258730654604733,0.9944813251495361,0.0029313426930457354,0.3427179157733917,0.3248439431190491,0.3324381411075592,audio,text,0,0.03801279515028,1.0983710289001465,0.4464249312877655,0.11985362321138382,0.29181087017059326,-0.8243507742881775,-1.2909600734710693,0.46660929918289185,0.35818243984795106,0.6418175601520489,0
454,rnaNMUZpvvg$_$5,-2.799999952316284,-0.22804471850395203,0.0032393380533903837,0.9945583343505859,0.0022023431956768036,0.367031455039978,0.13642793893814087,0.283336341381073,3.1670312881469727,2.9364278316497803,3.083336353302002,0.29032766819000244,0.38732510805130005,0.32234713435173035,audio,audio,1,0.8181818127632141,0.2380952388048172,0.3199999928474426,0.44817620515823364,0.5518237948417664,0.0032393380533903837,0.9945583343505859,0.0022023431956768036,0.49509650468826294,0.2228415459394455,0.2820620536804199,audio,text,0,0.03747040033340454,1.03959059715271,0.5144779086112976,0.09531522542238235,0.23060351610183716,-0.07007034868001938,-0.42255309224128723,0.35248273611068726,0.39159719349122274,0.6084028065087773,0
472,tIrG4oNLFzE$_$13,-2.0,-0.5487922430038452,0.0033330994192510843,0.9921871423721313,0.004479752853512764,-0.39737746119499207,-0.28579336404800415,-0.39251184463500977,1.6026225090026855,1.7142066955566406,1.6074881553649902,0.34919288754463196,0.3037315011024475,0.34707555174827576,audio,text,0,0.6000000238418579,0.4923076927661896,0.489130437374115,0.44091299176216125,0.5590870380401611,0.0033330994192510843,0.9921871423721313,0.004479752853512764,0.3073396682739258,0.3394571542739868,0.353203147649765,audio,vision,0,0.051021091639995575,1.0969345569610596,0.4351533353328705,0.05149274691939354,0.11158409714698792,-0.39302247762680054,-0.746311604976654,0.3532891273498535,0.39135706975509854,0.6086429302449015,0
524,v0zCBqDeKcE$_$11,1.600000023841858,-0.18503621220588684,0.0015089409425854683,0.9958013892173767,0.0026896882336586714,0.2128007560968399,0.17699217796325684,0.11485810577869415,1.3871992826461792,1.423007845878601,1.4851418733596802,0.3519892990589142,0.33658137917518616,0.31142935156822205,audio,text,0,0.4375,0.4864864945411682,0.45348837971687317,0.42821264266967773,0.5717873573303223,0.0015089409425854683,0.9958013892173767,0.0026896882336586714,0.244619682431221,0.3787914216518402,0.3765889108181,audio,audio,0,0.029910830780863762,1.0799331665039062,0.41133999824523926,0.040463510900735855,0.09794265031814575,-0.05908209830522537,-0.35322123765945435,0.29413914680480957,0.5908967971660866,0.4091032028339135,1
228,f_pcplsH_V0$_$11,-0.4000000059604645,0.49435365200042725,0.0011823687236756086,0.9970364570617676,0.001781224855221808,1.2072376012802124,0.8141151666641235,0.8540184497833252,1.6072375774383545,1.2141151428222656,1.2540184259414673,0.23868148028850555,0.3901507258415222,0.37116774916648865,audio,audio,1,0.4285714328289032,0.574999988079071,0.3617021143436432,0.45392900705337524,0.5460709929466248,0.0011823687236756086,0.9970364570617676,0.001781224855221808,0.2397976815700531,0.4492124617099762,0.3109898567199707,audio,audio,1,0.022204533219337463,1.0651423931121826,0.3652160167694092,0.17666706442832947,0.39312243461608887,0.4227257966995239,0.5805210471153259,0.157795250415802,0.5491517639708369,0.4508482360291632,1
482,tIrG4oNLFzE$_$5,0.4000000059604645,1.097553014755249,0.0008170724613592029,0.997749388217926,0.0014335187152028084,2.109253168106079,1.3717901706695557,1.4336119890213013,1.709253191947937,0.9717901945114136,1.0336120128631592,0.1712089478969574,0.4303992688655853,0.39839184284210205,audio,audio,1,0.4166666567325592,0.6333333253860474,0.4166666567325592,0.4949091970920563,0.5050908327102661,0.0008170724613592029,0.997749388217926,0.0014335187152028084,0.21485766768455505,0.46365267038345337,0.32148972153663635,audio,audio,1,0.017443405464291573,1.051599383354187,0.35606449842453003,0.3340267241001129,0.7374629974365234,1.0086617469787598,1.1882729530334473,0.1796112060546875,0.5558939140014683,0.44410608599853174,1
23,c7UH_rxdZv4$_$15,-2.4000000953674316,-0.30042576789855957,0.0042253416031599045,0.9934200644493103,0.002354545285925269,0.37324920296669006,0.022927112877368927,0.15157325565814972,2.773249387741089,2.422927141189575,2.5515732765197754,0.2584816515445709,0.40050557255744934,0.3410128057003021,audio,audio,1,1.0,0.5,0.4000000059604645,0.49034520983695984,0.5096547603607178,0.0042253416031599045,0.9934200644493103,0.002354545285925269,0.5033063888549805,0.2667085528373718,0.22998496890068054,audio,text,0,0.043905019760131836,1.036048173904419,0.4844743609428406,0.14468957483768463,0.35032209753990173,-0.1568676084280014,-0.44963717460632324,0.29276955127716064,0.40951711410311525,0.5904828858968848,0
31,c7UH_rxdZv4$_$33,-1.7999999523162842,0.05856100097298622,0.004967587534338236,0.9904260039329529,0.004606420174241066,0.7731944918632507,0.29545506834983826,0.433010995388031,2.5731945037841797,2.0954549312591553,2.23301100730896,0.2300480157136917,0.4179920554161072,0.3519599139690399,audio,audio,1,0.8333333134651184,0.3333333432674408,0.5,0.4684544503688812,0.5315455198287964,0.004967587534338236,0.9904260039329529,0.004606420174241066,0.4361850917339325,0.22839456796646118,0.3354203402996063,audio,text,0,0.060664102435112,1.0655670166015625,0.5080209970474243,0.20079879462718964,0.4777394235134125,0.07764465361833572,0.03690717741847038,0.04073747619986534,0.4872722888513456,0.5127277111486543,0
181,etzxEpPuc6I$_$13,-2.200000047683716,-0.11497341096401215,0.0012873305240646005,0.9969520568847656,0.0017606228357180953,0.35240623354911804,0.24299801886081696,0.29483336210250854,2.5524063110351562,2.442998170852661,2.494833469390869,0.31044599413871765,0.35594281554222107,0.3336111605167389,audio,audio,1,0.5277777910232544,0.49494948983192444,0.39047619700431824,0.42738279700279236,0.5726171731948853,0.0012873305240646005,0.9969520568847656,0.0017606228357180953,0.28766030073165894,0.3805142641067505,0.3318254351615906,audio,audio,1,0.02277672104537487,1.0921344757080078,0.41095852851867676,0.04468617960810661,0.10940821468830109,-0.019400760531425476,-0.2430238276720047,0.22362306714057922,0.43056929248418535,0.5694307075158147,0
170,dq3Nf_lMPnE$_$1,0.0,1.0260491371154785,0.001176981721073389,0.9961333274841309,0.002689650747925043,1.9022058248519897,1.241692304611206,1.3035545349121094,1.9022058248519897,1.241692304611206,1.3035545349121094,0.18529567122459412,0.4230941832065582,0.39161017537117004,audio,audio,1,0.47826087474823,0.48275861144065857,0.604651153087616,0.4947763681411743,0.5052236318588257,0.001176981721073389,0.9961333274841309,0.002689650747925043,0.2293839007616043,0.3259221017360687,0.44469401240348816,audio,vision,0,0.027715953066945076,1.0634915828704834,0.44680747389793396,0.29786062240600586,0.6605135202407837,0.9238367676734924,1.1304196119308472,0.20658284425735474,0.5642007817121367,0.4357992182878632,1
343,lXPQBPVc5Cw$_$1,0.20000000298023224,0.9834187030792236,0.0021767362486571074,0.9957907795906067,0.002032521413639188,1.882607102394104,1.249369502067566,1.295318603515625,1.6826070547103882,1.04936945438385,1.0953185558319092,0.1890203207731247,0.41713157296180725,0.3938480615615845,audio,audio,1,0.7222222089767456,0.44897958636283875,0.4067796468734741,0.4784451723098755,0.5215548276901245,0.0021767362486571074,0.9957907795906067,0.002032521413639188,0.3833105266094208,0.3109308183193207,0.3057587146759033,audio,text,0,0.030142109841108322,1.0930964946746826,0.45657333731651306,0.28829169273376465,0.6332376003265381,0.9242233037948608,1.0479477643966675,0.12372446060180664,0.5385870131160584,0.4614129868839417,1
326,k5Y_838nuGo$_$14,-1.7999999523162842,-0.3438519239425659,0.0012192277936264873,0.9960461258888245,0.0027346217539161444,-0.16231302917003632,-0.08394293487071991,-0.2094108760356903,1.6376869678497314,1.7160570621490479,1.5905890464782715,0.3370041251182556,0.3055558502674103,0.3574399948120117,audio,vision,0,0.3684210479259491,0.6122449040412903,0.5,0.4436403810977936,0.5563596487045288,0.0012192277936264873,0.9960461258888245,0.0027346217539161444,0.19331803917884827,0.4373432397842407,0.369338721036911,audio,audio,0,0.028265569359064102,1.0472780466079712,0.37246859073638916,0.05174969509243965,0.1254679411649704,-0.21558114886283875,-0.5047134757041931,0.28913232684135437,0.4106169786769154,0.5893830213230845,0
206,f9O3YtZ2VfI$_$28,1.2000000476837158,0.6530617475509644,0.0012036154512315989,0.9969053864479065,0.0018909587524831295,1.457458734512329,0.9822739362716675,1.0164172649383545,0.2574586868286133,0.21772611141204834,0.18358278274536133,0.3176960349082947,0.33387303352355957,0.34843090176582336,audio,vision,0,0.5,0.6129032373428345,0.44999998807907104,0.47265100479125977,0.5273489952087402,0.0012036154512315989,0.9969053864479065,0.0018909587524831295,0.2449837028980255,0.42634204030036926,0.3286742568016052,audio,audio,0,0.023038597777485847,1.0737593173980713,0.38037556409835815,0.2164059728384018,0.4751847982406616,0.5715450048446655,0.7440121173858643,0.17246711254119873,0.4463118026801594,0.5536881973198406,0
603,wMbj6ajWbic$_$30,0.800000011920929,0.8116753101348877,0.0017786625539883971,0.9960513710975647,0.002169992309063673,1.7145205736160278,1.0606122016906738,1.1440638303756714,0.9145205616950989,0.2606121897697449,0.34406381845474243,0.18850786983966827,0.4268895089626312,0.3846026360988617,audio,audio,1,0.6153846383094788,0.4000000059604645,0.4166666567325592,0.46984463930130005,0.5301553606987,0.0017786625539883971,0.9960513710975647,0.002169992309063673,0.3409305512905121,0.3122778832912445,0.3467915654182434,audio,vision,0,0.028511736541986465,1.097578763961792,0.4558490216732025,0.29058966040611267,0.653908371925354,0.7297446727752686,0.9041227698326111,0.17437809705734253,0.5105819879998715,0.4894180120001284,1
657,zhpQhgha_KU$_$22,0.6000000238418579,-0.3181866407394409,0.002021276392042637,0.995172917842865,0.0028058255556970835,0.0027736034244298935,0.003244975581765175,-0.12421058118343353,0.5972264409065247,0.5967550277709961,0.7242106199264526,0.35040804743766785,0.3506145477294922,0.29897743463516235,audio,audio,1,0.6363636255264282,0.5555555820465088,0.523809552192688,0.4501662254333496,0.5498337745666504,0.002021276392042637,0.995172917842865,0.0028058255556970835,0.29539254307746887,0.35257819294929504,0.35202929377555847,audio,audio,1,0.03384263813495636,1.095306158065796,0.42839646339416504,0.05997232720255852,0.12745556235313416,-0.16722111403942108,-0.5025761723518372,0.3353550434112549,0.6032903226784222,0.39670967732157775,1
643,yvsjCA6Y5Fc$_$13,-2.0,0.3209879994392395,0.003628054168075323,0.9928164482116699,0.003555451286956668,0.9641090035438538,0.6578649878501892,0.6895227432250977,2.964108943939209,2.657865047454834,2.6895227432250977,0.25800538063049316,0.37833693623542786,0.363657683134079,audio,audio,1,0.8333333134651184,0.5106382966041565,0.5535714030265808,0.468356728553772,0.531643271446228,0.003628054168075323,0.9928164482116699,0.003555451286956668,0.3898867964744568,0.28392764925956726,0.3261854946613312,audio,text,0,0.04759407788515091,1.0901310443878174,0.4725925326347351,0.1375117003917694,0.30624401569366455,0.275128573179245,0.37304413318634033,0.09791556000709534,0.5305604713467345,0.46943952865326555,1
453,rnaNMUZpvvg$_$2,2.25,1.1072841882705688,0.0012182933278381824,0.9966932535171509,0.0020885071717202663,2.2000908851623535,1.3846691846847534,1.5030817985534668,0.049909114837646484,0.8653308153152466,0.7469182014465332,0.5620253682136536,0.20281006395816803,0.2351645827293396,audio,text,0,0.4444444477558136,0.47058823704719543,0.4285714328289032,0.4863028824329376,0.5136971473693848,0.0012182933278381824,0.9966932535171509,0.0020885071717202663,0.25563743710517883,0.3775388300418854,0.366823673248291,audio,audio,0,0.02436518855392933,1.084319829940796,0.412769615650177,0.35974618792533875,0.8154217004776001,0.9982415437698364,1.2224693298339844,0.22422778606414795,0.4303839714580694,0.5696160285419307,0
674,zhpQhgha_KU$_$15,-2.0,-1.597195029258728,0.003799963044002652,0.9913609623908997,0.004839074332267046,-1.6123790740966797,-1.3212047815322876,-1.7256569862365723,0.3876209259033203,0.6787952184677124,0.27434301376342773,0.3512437045574188,0.24408403038978577,0.4046723246574402,audio,vision,0,0.6216216087341309,0.34736841917037964,0.47311827540397644,0.46469709277153015,0.5353028774261475,0.003799963044002652,0.9913609623908997,0.004839074332267046,0.34408706426620483,0.2775997519493103,0.3783131539821625,audio,vision,1,0.05557515099644661,1.0905907154083252,0.47584080696105957,0.17035777866840363,0.40445220470428467,-1.3780937194824219,-1.8495864868164062,0.4714927673339844,0.3567803459344857,0.6432196540655144,0
153,d6hH302o4v8$_$16,-2.0,0.2797218859195709,0.0027345360722392797,0.993037760257721,0.004227735567837954,1.0546488761901855,0.6505996584892273,0.7686429023742676,3.0546488761901855,2.650599718093872,2.7686429023742676,0.24468731880187988,0.4054681956768036,0.34984445571899414,audio,audio,1,0.5,0.1666666716337204,0.4285714328289032,0.43743935227394104,0.5625606775283813,0.0027345360722392797,0.993037760257721,0.004227735567837954,0.3316505551338196,0.23927579820156097,0.42907360196113586,audio,vision,0,0.046185772866010666,1.071282148361206,0.5025079250335693,0.16963666677474976,0.40404921770095825,0.17531880736351013,0.41398751735687256,0.23866870999336243,0.5740356603696382,0.42596433963036184,1
590,wMbj6ajWbic$_$6,1.7999999523162842,0.873947024345398,0.001603107200935483,0.9959470629692078,0.0024498167913407087,1.6815598011016846,1.136343002319336,1.1746139526367188,0.11844015121459961,0.6636569499969482,0.6253859996795654,0.4910430610179901,0.24839267134666443,0.26056423783302307,audio,text,0,0.5357142686843872,0.4264705777168274,0.46666666865348816,0.46404528617858887,0.5359547138214111,0.001603107200935483,0.9959470629692078,0.0024498167913407087,0.2912096679210663,0.3279584050178528,0.38083192706108093,audio,vision,0,0.029089655727148056,1.0925533771514893,0.4453257918357849,0.24848879873752594,0.5452167987823486,0.8054625391960144,0.9530439972877502,0.14758145809173584,0.4540111436702962,0.5459888563297038,0
325,k5Y_838nuGo$_$15,-0.800000011920929,1.0069040060043335,0.0014563408913090825,0.9952412843704224,0.003302349243313074,1.8636690378189087,1.2793936729431152,1.2839032411575317,2.6636691093444824,2.0793936252593994,2.0839033126831055,0.19455549120903015,0.40385735034942627,0.4015871584415436,audio,audio,1,0.4583333432674408,0.42592594027519226,0.5846154093742371,0.48303017020225525,0.5169697999954224,0.0014563408913090825,0.9952412843704224,0.003302349243313074,0.23740437626838684,0.30876457691192627,0.4538310170173645,audio,vision,0,0.03312664479017258,1.0627782344818115,0.45765113830566406,0.274373322725296,0.5842753648757935,0.9066420793533325,1.114210844039917,0.20756876468658447,0.5645037781994663,0.4354962218005336,1
380,nzpVDcQ0ywM$_$2,-1.600000023841858,0.6435855031013489,0.0040054223500192165,0.9908644556999207,0.005130151752382517,1.4334077835083008,0.9768620133399963,1.001037836074829,3.033407688140869,2.576862096786499,2.6010379791259766,0.22290216386318207,0.394419401884079,0.38267841935157776,audio,audio,1,0.699999988079071,0.47058823704719543,0.5609756112098694,0.4713708460330963,0.5286291837692261,0.0040054223500192165,0.9908644556999207,0.005130151752382517,0.3401746153831482,0.29342275857925415,0.36640262603759766,audio,vision,0,0.058253370225429535,1.0944631099700928,0.46496114134788513,0.20975178480148315,0.45654577016830444,0.5834568738937378,0.7110180258750916,0.12756115198135376,0.5397786155341859,0.4602213844658141,1
449,rnaNMUZpvvg$_$21,-2.5999999046325684,0.4417050778865814,0.0010956628248095512,0.9970793724060059,0.0018249391578137875,1.101095199584961,0.7269547581672668,0.8271909952163696,3.7010951042175293,3.3269546031951904,3.4271907806396484,0.24971434473991394,0.39861392974853516,0.3516717553138733,audio,audio,1,0.5909090638160706,0.5833333134651184,0.5555555820465088,0.4679114520549774,0.5320885181427002,0.0010956628248095512,0.9970793724060059,0.0018249391578137875,0.2624487578868866,0.3644380569458008,0.37311309576034546,audio,vision,0,0.021893257275223732,1.0867831707000732,0.4217608869075775,0.15813210606575012,0.3741404414176941,0.36141347885131836,0.5330091714859009,0.17159569263458252,0.553419002633277,0.446580997366723,1
104,d3_k5Xpfmik$_$13,2.200000047683716,0.614717960357666,0.001735611935146153,0.9967836141586304,0.0014808130217716098,1.5932750701904297,0.7711038589477539,0.9830405712127686,0.6067249774932861,1.428896188735962,1.2169594764709473,0.5481896996498108,0.19615544378757477,0.25565484166145325,audio,text,0,0.6666666865348816,0.523809552192688,0.2800000011920929,0.48706910014152527,0.5129308700561523,0.001735611935146153,0.9967836141586304,0.0014808130217716098,0.359150230884552,0.3883371651172638,0.25251254439353943,audio,audio,0,0.023891162127256393,1.082627534866333,0.4056309461593628,0.34853166341781616,0.8221712112426758,0.5578163862228394,0.6746408343315125,0.1168244481086731,0.463557098803392,0.536442901196608,0
439,phBUpBr1hSo$_$3,2.799999952316284,0.7439491152763367,0.0012038362910971045,0.9970669150352478,0.0017292080447077751,1.5713800191879272,0.985399067401886,1.0599358081817627,1.228619933128357,1.814600944519043,1.7400641441345215,0.49791470170021057,0.2393561452627182,0.2627291679382324,audio,text,0,0.6428571343421936,0.6341463327407837,0.5306122303009033,0.49291014671325684,0.5070898532867432,0.0012038362910971045,0.9970669150352478,0.0017292080447077751,0.27838003635406494,0.3854371905326843,0.3361828029155731,audio,audio,0,0.0220191590487957,1.08992338180542,0.4077531695365906,0.26044929027557373,0.5859809517860413,0.6631237268447876,0.8270996809005737,0.16397595405578613,0.4489361666636087,0.5510638333363914,0
289,jUzDDGyPkXU$_$6,-1.600000023841858,-0.3920058608055115,0.0018321844981983304,0.9960113763809204,0.0021564774215221405,-0.19896776974201202,-0.13429060578346252,-0.27347397804260254,1.4010322093963623,1.4657094478607178,1.3265260457992554,0.33113211393356323,0.3054148256778717,0.3634530305862427,audio,vision,0,0.5806451439857483,0.4639175236225128,0.380952388048172,0.4349004924297333,0.5650994777679443,0.0018321844981983304,0.9960113763809204,0.0021564774215221405,0.3189203441143036,0.3578028976917267,0.32327672839164734,audio,audio,0,0.028766732662916183,1.0972659587860107,0.42547231912612915,0.05686857923865318,0.13918337225914001,-0.2241298258304596,-0.6101400256156921,0.38601019978523254,0.38165895178722953,0.6183410482127705,0
363,nbWiPyCm4g0$_$10,1.2000000476837158,0.9812402725219727,0.003302134806290269,0.9929943680763245,0.0037034321576356888,1.9398688077926636,1.3343650102615356,1.3354555368423462,0.7398687601089478,0.13436496257781982,0.13545548915863037,0.19010232388973236,0.40522485971450806,0.40467286109924316,audio,audio,1,0.6363636255264282,0.5365853905677795,0.4375,0.4742479622364044,0.525752067565918,0.003302134806290269,0.9929943680763245,0.0037034321576356888,0.33011162281036377,0.35985180735588074,0.3100365698337555,audio,audio,1,0.046580370515584946,1.0967350006103516,0.42209506034851074,0.28518053889274597,0.6055037975311279,0.9497430324554443,1.0161582231521606,0.06641519069671631,0.4792571651039936,0.5207428348960064,0
661,zhpQhgha_KU$_$1,-1.600000023841858,0.9972667694091797,0.0008795390604063869,0.9973857998847961,0.001734678284265101,1.8815902471542358,1.267632007598877,1.2898520231246948,3.4815902709960938,2.8676319122314453,2.8898520469665527,0.19049392640590668,0.410373717546463,0.3991324305534363,audio,audio,1,0.4444444477558136,0.6153846383094788,0.5,0.4862479567527771,0.5137520432472229,0.0008795390604063869,0.9973857998847961,0.001734678284265101,0.2159782201051712,0.42325878143310547,0.3607630133628845,audio,audio,1,0.019826531410217285,1.0627193450927734,0.38275134563446045,0.2843301296234131,0.6139582395553589,0.9098568558692932,1.0896209478378296,0.17976409196853638,0.55594109330118,0.4440589066988199,1
647,yvsjCA6Y5Fc$_$17,-0.6000000238418579,0.2784634828567505,0.0015722298994660378,0.9959312081336975,0.0024965922348201275,0.8595072627067566,0.5944022536277771,0.6118259429931641,1.4595072269439697,1.1944022178649902,1.211825966835022,0.26625680923461914,0.370866596698761,0.3628765940666199,audio,audio,1,0.46666666865348816,0.5102040767669678,0.4237288236618042,0.43890073895454407,0.5610992908477783,0.0015722298994660378,0.9959312081336975,0.0024965922348201275,0.2579295039176941,0.3916380703449249,0.3504323959350586,audio,audio,1,0.029171286150813103,1.084099531173706,0.4028620719909668,0.12107404321432114,0.2651050090789795,0.21235620975494385,0.3629763424396515,0.15062013268470764,0.5469302431647234,0.4530697568352766,1
410,ob23OKe5a9Q$_$8,0.6000000238418579,0.6690323948860168,0.0015963773475959897,0.9962104558944702,0.00219311797991395,1.4306021928787231,0.9729102849960327,0.9957735538482666,0.8306021690368652,0.3729102611541748,0.3957735300064087,0.22251415252685547,0.3942974805831909,0.3831883668899536,audio,audio,1,0.6111111044883728,0.5327102541923523,0.49152541160583496,0.4667189121246338,0.5332810878753662,0.0015963773475959897,0.9962104558944702,0.00219311797991395,0.29669830203056335,0.35429370403289795,0.3490079939365387,audio,audio,1,0.027490247040987015,1.0955123901367188,0.42794451117515564,0.21057608723640442,0.45769190788269043,0.5940525531768799,0.7547056078910828,0.16065305471420288,0.5463534256374311,0.45364657436256905,1
349,lXPQBPVc5Cw$_$6,-1.399999976158142,0.44965627789497375,0.0022413483820855618,0.9935226440429688,0.004235990345478058,1.058919906616211,0.7773460149765015,0.7720159292221069,2.4589200019836426,2.1773459911346436,2.172015905380249,0.25952258706092834,0.36900532245635986,0.3714720606803894,audio,vision,0,0.4166666567325592,0.4880000054836273,0.47999998927116394,0.4377468526363373,0.5622531175613403,0.0022413483820855618,0.9935226440429688,0.004235990345478058,0.23975346982479095,0.37464624643325806,0.3856002986431122,audio,vision,1,0.043276093900203705,1.0776793956756592,0.4125843048095703,0.13400918245315552,0.286903977394104,0.4048548936843872,0.507200300693512,0.10234540700912476,0.5319393901396006,0.46806060986039943,1
451,rnaNMUZpvvg$_$1,-2.5999999046325684,-1.256087303161621,0.0024046446196734905,0.9920247793197632,0.005570560693740845,-1.2080930471420288,-1.0017273426055908,-1.3116272687911987,1.3919068574905396,1.5982725620269775,1.2883726358413696,0.34354886412620544,0.2654356360435486,0.39101549983024597,audio,vision,0,0.5,0.41860464215278625,0.6470588445663452,0.47614288330078125,0.5238571166992188,0.0024046446196734905,0.9920247793197632,0.005570560693740845,0.23896698653697968,0.28463679552078247,0.47639623284339905,audio,vision,1,0.051356829702854156,1.052972674369812,0.4715920388698578,0.1288168877363205,0.3098999261856079,-1.0477339029312134,-1.48531973361969,0.43758583068847656,0.3665648241388747,0.6334351758611254,0
550,vvZ4IcEtiZc$_$9,2.200000047683716,0.6574550271034241,0.0022247538436204195,0.9947656393051147,0.003009544685482979,1.5036091804504395,1.0477629899978638,0.9715487957000732,0.6963908672332764,1.152237057685852,1.2284512519836426,0.4807995557785034,0.2719566822052002,0.24724380671977997,audio,text,0,0.53125,0.5376344323158264,0.4324324429035187,0.4614679217338562,0.5385320782661438,0.0022247538436204195,0.9947656393051147,0.003009544685482979,0.2882848083972931,0.38266581296920776,0.32904937863349915,audio,audio,0,0.0362829715013504,1.0919106006622314,0.40806660056114197,0.2349214106798172,0.5320603847503662,0.6472307443618774,0.6693866848945618,0.022155940532684326,0.49307671109656753,0.5069232889034324,0
685,zhpQhgha_KU$_$32,0.800000011920929,-0.08594943583011627,0.0014142439467832446,0.9952390193939209,0.0033467267639935017,0.3882649838924408,0.278861939907074,0.32670336961746216,0.41173502802848816,0.521138072013855,0.4732966423034668,0.3573829233646393,0.31170400977134705,0.33091309666633606,audio,text,0,0.4000000059604645,0.460317462682724,0.5526315569877625,0.4318031966686249,0.5681967735290527,0.0014142439467832446,0.9952390193939209,0.0033467267639935017,0.2172924131155014,0.3441247344017029,0.4385828375816345,audio,vision,0,0.033104270696640015,1.0602775812149048,0.434076189994812,0.04478052258491516,0.10940304398536682,-0.02567146345973015,-0.16526739299297333,0.13959592580795288,0.5435133743137389,0.456486625686261,1
396,nzpVDcQ0ywM$_$18,1.2000000476837158,1.0251330137252808,0.0026114480569958687,0.9929394721984863,0.004449109546840191,2.0331263542175293,1.1231348514556885,1.2790124416351318,0.8331263065338135,0.07686519622802734,0.07901239395141602,0.16285564005374908,0.41913390159606934,0.41801050305366516,audio,audio,1,0.5833333134651184,0.4333333373069763,0.5555555820465088,0.507642388343811,0.49235761165618896,0.0026114480569958687,0.9929394721984863,0.004449109546840191,0.2909388542175293,0.30319899320602417,0.4058621823787689,audio,vision,0,0.046660181134939194,1.0870155096054077,0.4598270058631897,0.3973621428012848,0.9099915027618408,0.9572186470031738,1.0910024642944336,0.13378381729125977,0.4582897169270707,0.5417102830729293,1
460,rnaNMUZpvvg$_$11,-2.5999999046325684,0.8648725152015686,0.0009750211611390114,0.997663140296936,0.0013618572847917676,1.710473656654358,1.1592824459075928,1.181723952293396,4.310473442077637,3.759282350540161,3.781723976135254,0.2029094696044922,0.4041348397731781,0.3929556608200073,audio,audio,1,0.4166666567325592,0.6315789222717285,0.31111112236976624,0.4706685543060303,0.5293314456939697,0.0009750211611390114,0.997663140296936,0.0013618572847917676,0.22986453771591187,0.4931379556655884,0.2769975960254669,audio,audio,1,0.01808074675500393,1.0421884059906006,0.33635014295578003,0.2547093331813812,0.5511912107467651,0.8044739365577698,0.9327989816665649,0.12832504510879517,0.5400158121873392,0.45998418781266087,1
202,f9O3YtZ2VfI$_$20,-0.4000000059604645,0.16382792592048645,0.0014188840286806226,0.9953688979148865,0.003212227486073971,0.7229533195495605,0.5095201730728149,0.5246264934539795,1.1229532957077026,0.909520149230957,0.9246264696121216,0.2787758708000183,0.36401665210723877,0.3572074770927429,audio,audio,1,0.3333333432674408,0.42424243688583374,0.4615384638309479,0.4288085401058197,0.5711914300918579,0.0014188840286806226,0.9953688979148865,0.003212227486073971,0.2186308354139328,0.36424732208251953,0.41712188720703125,audio,vision,0,0.03236594796180725,1.0649831295013428,0.4207477569580078,0.09724850207567215,0.2134331464767456,0.0842614695429802,0.2698138654232025,0.18555238842964172,0.5577265653648464,0.44227343463515356,1
125,d6hH302o4v8$_$26,-2.5999999046325684,-0.6551331877708435,0.004401730839163065,0.99179607629776,0.003802234074100852,-0.45793530344963074,-0.38233649730682373,-0.5257546901702881,2.1420645713806152,2.217663288116455,2.0742452144622803,0.3335222899913788,0.30344831943511963,0.3630293309688568,audio,vision,0,0.875,0.5,0.5333333611488342,0.47325533628463745,0.5267446637153625,0.004401730839163065,0.99179607629776,0.003802234074100852,0.4171714186668396,0.2734731435775757,0.3093554973602295,audio,text,0,0.05323956534266472,1.0822432041168213,0.47888195514678955,0.05857894569635391,0.14341819286346436,-0.4398435056209564,-0.8947557806968689,0.4549122750759125,0.36155061756820167,0.6384493824317984,0
283,jUzDDGyPkXU$_$1,2.799999952316284,0.5473582148551941,0.003516292665153742,0.9926970601081848,0.0037866421043872833,1.3848596811294556,0.7055964469909668,0.8807655572891235,1.4151402711868286,2.0944035053253174,1.9192343950271606,0.5101161599159241,0.2182321548461914,0.2716517150402069,audio,text,0,0.8571428656578064,0.4000000059604645,0.5882353186607361,0.4988488256931305,0.5011512041091919,0.003516292665153742,0.9926970601081848,0.0037866421043872833,0.40701407194137573,0.2324785590171814,0.36050739884376526,audio,text,1,0.04825982451438904,1.0728493928909302,0.506812334060669,0.28794166445732117,0.6792632341384888,0.4951092600822449,0.5998483300209045,0.10473906993865967,0.4673157142298962,0.5326842857701038,0
344,lXPQBPVc5Cw$_$3,-2.4000000953674316,-0.5225123167037964,0.0019282496068626642,0.994293749332428,0.0037779337726533413,-0.33471208810806274,-0.25225895643234253,-0.4170670211315155,2.0652880668640137,2.1477410793304443,1.9829330444335938,0.33217117190361023,0.2996406555175781,0.36818814277648926,audio,vision,0,0.5,0.38461539149284363,0.5483871102333069,0.44978272914886475,0.5502172708511353,0.0019282496068626642,0.994293749332428,0.0037779337726533413,0.2646154761314392,0.2958335876464844,0.4395509362220764,audio,vision,1,0.03881917893886566,1.0734248161315918,0.4656401574611664,0.06728260964155197,0.16480806469917297,-0.3323826789855957,-0.7550970315933228,0.42271435260772705,0.3708917870172157,0.6291082129827844,0
604,yDtzw_Y-7RU$_$24,-0.800000011920929,-0.42562276124954224,0.003149045631289482,0.9940378665924072,0.002813072642311454,-0.2099519520998001,-0.1491999626159668,-0.2550122141838074,0.59004807472229,0.6508000493049622,0.5449877977371216,0.335029274225235,0.3105292320251465,0.35444146394729614,audio,vision,0,0.7777777910232544,0.5625,0.44999998807907104,0.45540741086006165,0.5445926189422607,0.003149045631289482,0.9940378665924072,0.002813072642311454,0.37352532148361206,0.34019502997398376,0.2862796485424042,audio,text,0,0.04060739278793335,1.0927215814590454,0.4358952045440674,0.04335571452975273,0.10581225156784058,-0.2487141340970993,-0.6371764540672302,0.3884623050689697,0.380935853301576,0.619064146698424,0
241,f_pcplsH_V0$_$9,-2.4000000953674316,-1.0245531797409058,0.00362310535274446,0.9936397671699524,0.0027370890602469444,-0.9524449110031128,-0.7786960005760193,-1.0171655416488647,1.4475551843643188,1.6213040351867676,1.382834553718567,0.34613534808158875,0.27856287360191345,0.3753017783164978,audio,vision,0,0.6666666865348816,0.47058823704719543,0.2380952388048172,0.44317951798439026,0.5568205118179321,0.00362310535274446,0.9936397671699524,0.0027370890602469444,0.385496586561203,0.3707910478115082,0.24371230602264404,audio,text,0,0.04285451024770737,1.0793970823287964,0.41523250937461853,0.10068938881158829,0.23846954107284546,-0.832338273525238,-1.2660561800003052,0.43371790647506714,0.36768818777331885,0.6323118122266812,0
34,cM3Yna7AavY$_$10,1.600000023841858,0.7178624868392944,0.005136226769536734,0.9878690838813782,0.006994686089456081,1.626455545425415,1.0454537868499756,1.102611780166626,0.02645552158355713,0.5545462369918823,0.49738824367523193,0.4826580882072449,0.2494342029094696,0.2679077386856079,audio,text,0,0.7142857313156128,0.42105263471603394,0.6086956262588501,0.48418423533439636,0.5158157348632812,0.005136226769536734,0.9878690838813782,0.006994686089456081,0.3480459749698639,0.258955180644989,0.3929988741874695,audio,vision,0,0.07384417206048965,1.0842499732971191,0.4859426021575928,0.2614579498767853,0.5810017585754395,0.6711081266403198,0.7676712274551392,0.09656310081481934,0.4698606149071276,0.5301393850928723,0
98,cXypl4FnoZo$_$17,-0.6000000238418579,0.35250601172447205,0.0017699329182505608,0.9954795837402344,0.002750418847426772,0.978848397731781,0.6567736864089966,0.6820731163024902,1.5788483619689941,1.2567737102508545,1.2820731401443481,0.2534959018230438,0.37915346026420593,0.36735060811042786,audio,audio,1,0.5384615659713745,0.48275861144065857,0.48571428656578064,0.4487088918685913,0.5512911081314087,0.0017699329182505608,0.9954795837402344,0.002750418847426772,0.278216689825058,0.34868288040161133,0.3731003999710083,audio,vision,0,0.031942375004291534,1.091150164604187,0.4311978220939636,0.1462295651435852,0.3220747113227844,0.2818180024623871,0.43935447931289673,0.15753647685050964,0.5490716774215822,0.45092832257841764,1
652,zhpQhgha_KU$_$25,1.0,-0.32045096158981323,0.002296158578246832,0.9944619536399841,0.003241873811930418,-0.057600125670433044,-0.02089843340218067,-0.13027991354465485,1.0576001405715942,1.020898461341858,1.1302798986434937,0.33782634139060974,0.3536858558654785,0.30848777294158936,audio,audio,1,0.5625,0.47058823704719543,0.45945945382118225,0.4346984922885895,0.5653015375137329,0.002296158578246832,0.9944619536399841,0.003241873811930418,0.2965434789657593,0.3457387089729309,0.3577177822589874,audio,vision,0,0.038056448101997375,1.095404028892517,0.43248218297958374,0.04545287415385246,0.10938148200511932,-0.17623409628868103,-0.5079970359802246,0.3317629396915436,0.6022151936843382,0.3977848063156619,1
611,yDtzw_Y-7RU$_$2,0.800000011920929,0.9586169123649597,0.0023282859474420547,0.9941146969795227,0.0035570457112044096,1.8262965679168701,1.2396266460418701,1.260044813156128,1.026296615600586,0.43962663412094116,0.460044801235199,0.195634663105011,0.40731480717658997,0.39705055952072144,audio,audio,1,0.5454545617103577,0.4555555582046509,0.49074074625968933,0.4709760844707489,0.5290238857269287,0.0023282859474420547,0.9941146969795227,0.0035570457112044096,0.2900260090827942,0.33329108357429504,0.37668290734291077,audio,vision,0,0.0400410071015358,1.0929646492004395,0.4405490756034851,0.2718740701675415,0.586669921875,0.8946213126182556,1.0304999351501465,0.13587862253189087,0.54236028280635,0.45763971719365004,1
148,d6hH302o4v8$_$13,-2.0,-0.5565286874771118,0.001774906413629651,0.9949883222579956,0.003236812772229314,-0.42866137623786926,-0.3619438409805298,-0.5057969093322754,1.5713386535644531,1.6380561590194702,1.4942030906677246,0.33099356293678284,0.30450940132141113,0.36449700593948364,audio,vision,0,0.3333333432674408,0.3947368562221527,0.3636363744735718,0.4180907607078552,0.5819092392921448,0.001774906413629651,0.9949883222579956,0.003236812772229314,0.24127911031246185,0.38041388988494873,0.3783069849014282,audio,audio,0,0.03479853272438049,1.0784521102905273,0.40971630811691284,0.05877907574176788,0.1438530683517456,-0.403001070022583,-0.7702122330665588,0.36721116304397583,0.3872197674773236,0.6127802325226764,0
381,nzpVDcQ0ywM$_$5,-0.4000000059604645,-0.07168199121952057,0.003148931311443448,0.9933152794837952,0.0035357503220438957,0.4772915244102478,0.343802273273468,0.35930630564689636,0.8772915601730347,0.7438023090362549,0.7593063116073608,0.2993561327457428,0.3537164330482483,0.3469274044036865,audio,audio,1,0.692307710647583,0.5227272510528564,0.48076921701431274,0.4384327232837677,0.5615673065185547,0.003148931311443448,0.9933152794837952,0.0035357503220438957,0.34099262952804565,0.3342600464820862,0.32474735379219055,audio,text,0,0.044761039316654205,1.098412036895752,0.43937015533447266,0.05961008742451668,0.13348925113677979,-0.006371882278472185,-0.15533454716205597,0.14896266162395477,0.4535832021548983,0.5464167978451018,0
178,dq3Nf_lMPnE$_$8,0.6000000238418579,1.2261087894439697,0.0016359653091058135,0.9966253042221069,0.0017387463012710214,2.319490909576416,1.4647938013076782,1.570718765258789,1.719490885734558,0.8647937774658203,0.9707187414169312,0.15479137003421783,0.45054125785827637,0.3946674168109894,audio,audio,1,0.699999988079071,0.5227272510528564,0.4423076808452606,0.5020769834518433,0.49792301654815674,0.0016359653091058135,0.9966253042221069,0.0017387463012710214,0.3457980751991272,0.3423372209072113,0.3118647038936615,audio,text,0,0.024913568049669266,1.0975548028945923,0.43619203567504883,0.3804072439670563,0.8546971082687378,1.1462173461914062,1.3053392171859741,0.15912187099456787,0.5495622931250297,0.4504377068749704,0
519,tmZoasNr4rU$_$4,-0.800000011920929,-0.6196206212043762,0.0038022093940526247,0.9910340905189514,0.005163738038390875,-0.49227049946784973,-0.35103148221969604,-0.469725102186203,0.3077295124530792,0.4489685297012329,0.33027490973472595,0.3558250963687897,0.2982376217842102,0.34593725204467773,audio,text,0,0.625,0.4751773178577423,0.5178571343421936,0.44585373997688293,0.5541462898254395,0.0038022093940526247,0.9910340905189514,0.005163738038390875,0.31540414690971375,0.319970965385437,0.36462491750717163,audio,vision,0,0.05730487406253815,1.09642493724823,0.44737541675567627,0.06195422261953354,0.1412390172481537,-0.47068145871162415,-0.8047353625297546,0.3340539038181305,0.39993666683751466,0.6000633331624853,0
301,jUzDDGyPkXU$_$18,-2.4000000953674316,-0.12014198303222656,0.0031405186746269464,0.991784930229187,0.0050745438784360886,0.498853474855423,0.15911400318145752,0.2943997085094452,2.8988535404205322,2.5591139793395996,2.694399833679199,0.2617604732513428,0.40025603771209717,0.33798345923423767,audio,audio,1,0.8571428656578064,0.4166666567325592,0.7931034564971924,0.49368926882743835,0.5063107013702393,0.0031405186746269464,0.991784930229187,0.0050745438784360886,0.34040337800979614,0.20241017639636993,0.45718640089035034,audio,vision,0,0.05309262499213219,1.0479921102523804,0.5262498259544373,0.13965293765068054,0.33973947167396545,-0.015656426548957825,-0.2272987812757492,0.21164235472679138,0.43424482506421097,0.5657551749357891,0
575,wMbj6ajWbic$_$25,2.0,0.9488973021507263,0.001403598114848137,0.9960716962814331,0.0025247554294764996,1.847220778465271,1.207277774810791,1.2664868831634521,0.152779221534729,0.792722225189209,0.7335131168365479,0.5172659754753113,0.23243913054466248,0.25029489398002625,audio,text,0,0.5833333134651184,0.52173912525177,0.5925925970077515,0.4954602122306824,0.5045397877693176,0.001403598114848137,0.9960716962814331,0.0025247554294764996,0.2653703987598419,0.32825490832328796,0.40637463331222534,audio,vision,0,0.028242500498890877,1.0836446285247803,0.44521114230155945,0.2887299060821533,0.63994300365448,0.8548356294631958,1.0446827411651611,0.18984711170196533,0.4409496387675602,0.5590503612324398,0
348,lXPQBPVc5Cw$_$7,-2.799999952316284,-0.2628418207168579,0.0011905228020623326,0.9960752129554749,0.0027342166285961866,0.017647091299295425,0.04820885509252548,-0.09169444441795349,2.8176469802856445,2.8482089042663574,2.708305597305298,0.32164934277534485,0.3095933496952057,0.36875730752944946,audio,vision,0,0.36666667461395264,0.523809552192688,0.5064935088157654,0.4367609918117523,0.5632389783859253,0.0011905228020623326,0.9960752129554749,0.0027342166285961866,0.20440074801445007,0.3923943340778351,0.40320491790771484,audio,vision,1,0.02807037904858589,1.057836890220642,0.4024538993835449,0.0600578635931015,0.13990330696105957,-0.13301101326942444,-0.4302692115306854,0.297258198261261,0.408161044979561,0.591838955020439,0
461,rnaNMUZpvvg$_$10,-2.5999999046325684,0.04371510446071625,0.0015584079083055258,0.9963529109954834,0.002088680164888501,0.5994186997413635,0.4365266263484955,0.4561169445514679,3.199418544769287,3.0365264415740967,3.056116819381714,0.2922269105911255,0.35821929574012756,0.34955379366874695,audio,audio,1,0.5384615659713745,0.5652173757553101,0.40740740299224854,0.4337518513202667,0.5662481784820557,0.0015584079083055258,0.9963529109954834,0.002088680164888501,0.27646690607070923,0.407431423664093,0.31610170006752014,audio,audio,1,0.026603808626532555,1.0853207111358643,0.39261436462402344,0.07261236757040024,0.16289207339286804,0.016444992274045944,0.07931529730558395,0.06287030875682831,0.5196368648326013,0.48036313516739876,1
354,lXPQBPVc5Cw$_$13,2.799999952316284,0.16491290926933289,0.0021322700195014477,0.9937983155250549,0.004069378599524498,0.7934454083442688,0.5846074223518372,0.5402814149856567,2.00655460357666,2.215392589569092,2.259718418121338,0.40016448497772217,0.30822446942329407,0.29161107540130615,audio,text,0,0.375,0.5625,0.4444444477558136,0.43479257822036743,0.5652074217796326,0.0021322700195014477,0.9937983155250549,0.004069378599524498,0.2191099375486374,0.4286974370479584,0.3521926701068878,audio,audio,0,0.04169600456953049,1.0632972717285156,0.3767339587211609,0.11038826406002045,0.25316399335861206,0.15763027966022491,0.17437992990016937,0.016749650239944458,0.49476592549962306,0.5052340745003768,0
308,k5Y_838nuGo$_$22,0.4000000059604645,0.020056262612342834,0.0022271417547017336,0.995866060256958,0.0019067709799855947,0.5886067748069763,0.3879528045654297,0.4144726097583771,0.18860676884651184,0.01204720139503479,0.014472603797912598,0.28652289509773254,0.35727933049201965,0.3561977744102478,audio,audio,1,0.800000011920929,0.6875,0.44736841320991516,0.4584499001502991,0.5415500998497009,0.0022271417547017336,0.995866060256958,0.0019067709799855947,0.3513546586036682,0.391557902097702,0.2570874094963074,audio,audio,1,0.029667453840374947,1.0838477611541748,0.40287208557128906,0.08899939060211182,0.20065397024154663,0.03344859182834625,0.00423639640212059,0.029212195426225662,0.5091277968709659,0.4908722031290342,1
521,tmZoasNr4rU$_$6,-1.7999999523162842,-0.9988123774528503,0.0038441906217485666,0.9903478622436523,0.005807971116155386,-0.9393994212150574,-0.7544616460800171,-0.9582740068435669,0.8606005311012268,1.045538306236267,0.8417259454727173,0.35492756962776184,0.2816714942455292,0.36340099573135376,audio,vision,0,0.6666666865348816,0.4794520437717438,0.6091954112052917,0.46646612882614136,0.5335338711738586,0.0038441906217485666,0.9903478622436523,0.005807971116155386,0.30895403027534485,0.2921856939792633,0.39886030554771423,audio,vision,1,0.06088614836335182,1.0889912843704224,0.4654414653778076,0.09195269644260406,0.2038123607635498,-0.8194522261619568,-1.203960657119751,0.3845084309577942,0.38210206325680807,0.617897936743192,0
438,phBUpBr1hSo$_$1,1.399999976158142,1.1804181337356567,0.000987689709290862,0.9967387318611145,0.002273541409522295,2.2011682987213135,1.424784541130066,1.4912317991256714,0.8011683225631714,0.024784564971923828,0.0912318229675293,0.1647971272468567,0.4349342882633209,0.40026864409446716,audio,audio,1,0.5,0.5909090638160706,0.6296296119689941,0.5145092010498047,0.4854907989501953,0.000987689709290862,0.9967387318611145,0.002273541409522295,0.21612553298473358,0.3639967143535614,0.419877827167511,audio,vision,0,0.023928597569465637,1.0633070468902588,0.42182809114456177,0.3513777256011963,0.7763837575912476,1.0583590269088745,1.2955931425094604,0.23723411560058594,0.426402879217665,0.573597120782335,1
266,iiK8YX8oH1E$_$1,-2.5999999046325684,-0.40526336431503296,0.0018237303011119366,0.9960730075836182,0.002103284699842334,-0.21147456765174866,-0.17602203786373138,-0.2836538553237915,2.3885252475738525,2.423977851867676,2.3163461685180664,0.32775378227233887,0.31354624032974243,0.3587000072002411,audio,vision,0,0.5833333134651184,0.4871794879436493,0.3695652186870575,0.43398451805114746,0.5660154819488525,0.0018237303011119366,0.9960730075836182,0.002103284699842334,0.31695741415023804,0.3705214560031891,0.3125211298465729,audio,audio,0,0.028386468067765236,1.0955382585525513,0.417034387588501,0.044785093516111374,0.10763181746006012,-0.24226036667823792,-0.6178567409515381,0.37559637427330017,0.38473566655395525,0.6152643334460447,0
528,v0zCBqDeKcE$_$15,2.4000000953674316,0.73741215467453,0.0014903355622664094,0.9964488744735718,0.002060827100649476,1.5865103006362915,0.9931270480155945,1.079204797744751,0.8134897947311401,1.4068729877471924,1.3207952976226807,0.49833419919013977,0.23735149204730988,0.26431435346603394,audio,text,0,0.625,0.5,0.5,0.47974395751953125,0.5202560424804688,0.0014903355622664094,0.9964488744735718,0.002060827100649476,0.3050314784049988,0.3362019956111908,0.3587665557861328,audio,vision,0,0.02599051035940647,1.0964163541793823,0.44016456604003906,0.2618040144443512,0.593383252620697,0.6445011496543884,0.8381690979003906,0.1936679482460022,0.4397726153469556,0.5602273846530444,0
221,f9O3YtZ2VfI$_$15,-1.2000000476837158,0.12817461788654327,0.0025033308193087578,0.9946666955947876,0.002829964505508542,0.8452652096748352,0.48712170124053955,0.5962396860122681,2.0452651977539062,1.6871217489242554,1.7962397336959839,0.2544625699520111,0.398151695728302,0.3473857343196869,audio,audio,1,0.699999988079071,0.4285714328289032,0.47999998927116394,0.4553442597389221,0.5446557402610779,0.0025033308193087578,0.9946666955947876,0.002829964505508542,0.3601377606391907,0.29414865374565125,0.3457135856151581,audio,text,0,0.036919109523296356,1.0949361324310303,0.4670120179653168,0.14988411962985992,0.35814350843429565,0.0462581031024456,0.2261582762002945,0.1799001693725586,0.5559830859380368,0.44401691406196314,1
218,f9O3YtZ2VfI$_$10,-2.0,0.7468189001083374,0.0008832353632897139,0.9977948665618896,0.0013219482498243451,1.7518802881240845,1.0959198474884033,1.2147995233535767,3.751880168914795,3.0959198474884033,3.214799404144287,0.19130456447601318,0.43433550000190735,0.37435993552207947,audio,audio,1,0.5,0.5384615659713745,0.4000000059604645,0.48141780495643616,0.5185822248458862,0.0008832353632897139,0.9977948665618896,0.0013219482498243451,0.264738529920578,0.40473902225494385,0.33052247762680054,audio,audio,1,0.017176251858472824,1.0838475227355957,0.39537057280540466,0.28535985946655273,0.6559604406356812,0.6270928382873535,0.875787615776062,0.2486947774887085,0.577097231094756,0.4229027689052441,1
361,lXPQBPVc5Cw$_$18,-1.399999976158142,0.4087396264076233,0.0012601088965311646,0.995996356010437,0.0027435480151325464,1.056451678276062,0.6974862813949585,0.7169052362442017,2.456451654434204,2.0974862575531006,2.1169052124023438,0.244199737906456,0.38248640298843384,0.37331387400627136,audio,audio,1,0.3636363744735718,0.4399999976158142,0.46666666865348816,0.44432881474494934,0.555671215057373,0.0012601088965311646,0.995996356010437,0.0027435480151325464,0.224199578166008,0.3648512363433838,0.41094914078712463,audio,vision,0,0.028591614216566086,1.0685455799102783,0.42076343297958374,0.16483157873153687,0.3589653968811035,0.3228573501110077,0.5161427855491638,0.19328543543815613,0.5601095803893943,0.4398904196106057,1
207,f9O3YtZ2VfI$_$29,-2.0,0.5098699927330017,0.002454334869980812,0.9945822358131409,0.0029634193051606417,1.2252074480056763,0.8280223608016968,0.8677576780319214,3.2252073287963867,2.8280224800109863,2.867757797241211,0.23774148523807526,0.390592485666275,0.37166598439216614,audio,audio,1,0.625,0.3787878751754761,0.4430379867553711,0.4485725462436676,0.5514274835586548,0.002454334869980812,0.9945822358131409,0.0029634193051606417,0.34693655371665955,0.2959546148777008,0.35710883140563965,audio,vision,0,0.037404630333185196,1.0953311920166016,0.4657517373561859,0.17860734462738037,0.3971850872039795,0.4354281723499298,0.6013808846473694,0.16595271229743958,0.5516750498213865,0.4483249501786135,1
306,k5Y_838nuGo$_$20,0.4000000059604645,0.11374682933092117,0.0018861371790990233,0.9961574673652649,0.001956426538527012,0.7416054010391235,0.4453023672103882,0.5276051759719849,0.34160539507865906,0.045302361249923706,0.12760517001152039,0.26631319522857666,0.3856969177722931,0.34798985719680786,audio,audio,1,0.699999988079071,0.4736842215061188,0.4285714328289032,0.44640418887138367,0.553595781326294,0.0018861371790990233,0.9961574673652649,0.001956426538527012,0.3595295548439026,0.3241790533065796,0.3162914216518402,audio,text,0,0.02786880172789097,1.097038745880127,0.44798561930656433,0.12488453835248947,0.29630303382873535,0.06420601159334183,0.17518350481987,0.11097749322652817,0.465375041754059,0.5346249582459409,0
213,f9O3YtZ2VfI$_$7,-1.2000000476837158,-1.2276816368103027,0.0033918048720806837,0.9924721717834473,0.004135992843657732,-1.163413166999817,-0.9798972606658936,-1.278727412223816,0.036586880683898926,0.22010278701782227,0.0787273645401001,0.36447104811668396,0.2897597849369049,0.34576916694641113,audio,text,0,0.6363636255264282,0.3499999940395355,0.4583333432674408,0.45515942573547363,0.5448405742645264,0.0033918048720806837,0.9924721717834473,0.004135992843657732,0.35236936807632446,0.27893784642219543,0.3686928153038025,audio,vision,0,0.0494849793612957,1.0915647745132446,0.4756895899772644,0.12305144965648651,0.29883015155792236,-1.0038695335388184,-1.4955918788909912,0.49172234535217285,0.5310416873014726,0.46895831269852734,1
342,lXPQBPVc5Cw$_$29,-1.2000000476837158,0.43034183979034424,0.0023322254419326782,0.9935879707336426,0.004079781007021666,1.0852707624435425,0.7442615032196045,0.7582255601882935,2.2852706909179688,1.9442615509033203,1.9582256078720093,0.2477368265390396,0.3794141709804535,0.3728489577770233,audio,audio,1,0.4838709533214569,0.5714285969734192,0.5058823823928833,0.4549390375614166,0.5450609922409058,0.0023322254419326782,0.9935879707336426,0.004079781007021666,0.24334055185317993,0.39562109112739563,0.3610383868217468,audio,audio,1,0.04297264665365219,1.0785858631134033,0.3986446261405945,0.15756510198116302,0.341009259223938,0.376583993434906,0.49474895000457764,0.11816495656967163,0.5368595591633987,0.46314044083660133,1
345,lXPQBPVc5Cw$_$2,-2.200000047683716,-0.2985951006412506,0.0013112884480506182,0.9965217113494873,0.0021669920533895493,-0.07870780676603317,-0.05396389961242676,-0.1537453532218933,2.1212923526763916,2.146036148071289,2.0462546348571777,0.32595789432525635,0.31603044271469116,0.3580116629600525,audio,vision,0,0.5384615659713745,0.625,0.5,0.4504828155040741,0.5495171546936035,0.0013112884480506182,0.9965217113494873,0.0021669920533895493,0.24589991569519043,0.41144609451293945,0.3426539897918701,audio,audio,0,0.0254681296646595,1.0773459672927856,0.39005041122436523,0.042425405234098434,0.09978145360946655,-0.1555197834968567,-0.4731241762638092,0.3176043927669525,0.40203201500433583,0.5979679849956642,0
327,k5Y_838nuGo$_$17,0.800000011920929,0.6903442144393921,0.001788279740139842,0.9950258135795593,0.003185897134244442,1.4786338806152344,0.9280680418014526,0.9742478132247925,0.6786338686943054,0.12806802988052368,0.17424780130386353,0.20539525151252747,0.4087662696838379,0.38583844900131226,audio,audio,1,0.625,0.5263158082962036,0.625,0.49184873700141907,0.5081512928009033,0.001788279740139842,0.9950258135795593,0.003185897134244442,0.2746247947216034,0.3154737949371338,0.4099014103412628,audio,vision,0,0.03459111973643303,1.08443284034729,0.4530346989631653,0.24936825037002563,0.5505658388137817,0.6036192774772644,0.7799436450004578,0.17632436752319336,0.44512061895570204,0.554879381044298,0
223,f9O3YtZ2VfI$_$17,-2.0,-0.2656732201576233,0.0030020338017493486,0.9943035840988159,0.0026944109704345465,0.15787413716316223,0.15149664878845215,0.03637390583753586,2.15787410736084,2.151496648788452,2.0363738536834717,0.31525668501853943,0.31777986884117126,0.3669635057449341,audio,vision,0,0.7058823704719543,0.5205479264259338,0.38596490025520325,0.4424321949481964,0.557567834854126,0.0030020338017493486,0.9943035840988159,0.0026944109704345465,0.36553043127059937,0.35136425495147705,0.2831053137779236,audio,text,0,0.03905903548002243,1.0926358699798584,0.42862623929977417,0.05583330988883972,0.12150023132562637,-0.11947505921125412,-0.4499170184135437,0.330441951751709,0.39818042748601556,0.6018195725139844,0
548,vvZ4IcEtiZc$_$7,1.399999976158142,0.48193180561065674,0.0033584521152079105,0.9918017983436584,0.004839698318392038,1.210217833518982,0.6046966910362244,0.7435390949249268,0.18978214263916016,0.7953032851219177,0.6564608812332153,0.4933047592639923,0.23141799867153168,0.2752772271633148,audio,text,0,0.6666666865348816,0.5185185074806213,0.5625,0.48367926478385925,0.5163207054138184,0.0033584521152079105,0.9918017983436584,0.004839698318392038,0.31052717566490173,0.322675883769989,0.36679694056510925,audio,vision,0,0.05309510976076126,1.0960153341293335,0.4460839629173279,0.2589985132217407,0.6055211424827576,0.43979883193969727,0.5269081592559814,0.08710932731628418,0.47280519905916635,0.5271948009408336,0
45,cM3Yna7AavY$_$7,3.0,1.015886664390564,0.002822785172611475,0.9932352900505066,0.003941953647881746,2.110062837600708,1.3939423561096191,1.366174340248108,0.889937162399292,1.6060576438903809,1.633825659751892,0.5545835494995117,0.2265729457139969,0.218843474984169,audio,text,0,0.5555555820465088,0.47297295928001404,0.4749999940395355,0.4799403250217438,0.5200597047805786,0.002822785172611475,0.9932352900505066,0.003941953647881746,0.30591174960136414,0.3360217213630676,0.35806649923324585,audio,vision,0,0.04513455927371979,1.0965455770492554,0.4381423890590668,0.3443140983581543,0.7438884973526001,0.9924049973487854,1.041331171989441,0.04892617464065552,0.48471533418814217,0.5152846658118578,0
551,vvZ4IcEtiZc$_$8,-1.5,0.10296761989593506,0.0013529318384826183,0.9958723187446594,0.002774691442027688,0.616493284702301,0.42057034373283386,0.4350373148918152,2.1164932250976562,1.9205703735351562,1.93503737449646,0.2831175625324249,0.36168211698532104,0.35520029067993164,audio,audio,1,0.4375,0.6393442749977112,0.5270270109176636,0.4460418224334717,0.5539581775665283,0.0013529318384826183,0.9958723187446594,0.002774691442027688,0.20681552588939667,0.43012070655822754,0.3630637228488922,audio,audio,1,0.029391102492809296,1.0566623210906982,0.3771677613258362,0.08914493024349213,0.19592294096946716,0.07769092917442322,0.13435980677604675,0.056668877601623535,0.5177016230056503,0.4822983769943497,1
675,zhpQhgha_KU$_$14,-1.5,-1.6065685749053955,0.00419127382338047,0.9897436499595642,0.006065025459975004,-1.5862890481948853,-1.3264861106872559,-1.678816556930542,0.08628904819488525,0.17351388931274414,0.178816556930542,0.35874679684638977,0.3216891884803772,0.31956398487091064,audio,text,0,0.6666666865348816,0.3214285671710968,0.5757575631141663,0.47179609537124634,0.5282039046287537,0.00419127382338047,0.9897436499595642,0.006065025459975004,0.33874595165252686,0.24010604619979858,0.42114800214767456,audio,vision,0,0.06411299854516983,1.07344388961792,0.49975842237472534,0.14914412796497345,0.35233044624328613,-1.3862789869308472,-1.8531959056854248,0.46691691875457764,0.5742820503959637,0.4257179496040363,1
134,d6hH302o4v8$_$41,-2.4000000953674316,-0.029400434345006943,0.001944066840223968,0.9954044818878174,0.002651400864124298,0.5302349925041199,0.3766157627105713,0.38637590408325195,2.9302351474761963,2.776615858078003,2.7863759994506836,0.2933664321899414,0.35547199845314026,0.35116153955459595,audio,audio,1,0.5,0.6315789222717285,0.3913043439388275,0.4373966455459595,0.5626033544540405,0.001944066840223968,0.9954044818878174,0.002651400864124298,0.252872109413147,0.45327872037887573,0.2938492000102997,audio,audio,1,0.032451558858156204,1.066196322441101,0.3614172339439392,0.0702294409275055,0.15361922979354858,-0.010901094414293766,-0.0531952865421772,0.04229419305920601,0.4867861425420505,0.5132138574579496,0
315,k5Y_838nuGo$_$5,-1.3333333730697632,-0.11231416463851929,0.003152482444420457,0.9942627549171448,0.0025847135111689568,0.47688016295433044,0.3121400475502014,0.3408925533294678,1.810213565826416,1.6454734802246094,1.674225926399231,0.29291602969169617,0.3598945736885071,0.34718942642211914,audio,audio,1,0.7272727489471436,0.4375,0.3499999940395355,0.43658822774887085,0.5634117722511292,0.003152482444420457,0.9942627549171448,0.0025847135111689568,0.4031914174556732,0.315507173538208,0.28130143880844116,audio,text,0,0.03927775099873543,1.086979866027832,0.4525037705898285,0.07184755802154541,0.16474011540412903,-0.034056734293699265,-0.21330441534519196,0.1792476773262024,0.4442182707853913,0.5557817292146088,0
398,ob23OKe5a9Q$_$10,1.25,1.0126460790634155,0.002527922159060836,0.9940696954727173,0.003402434289455414,2.0502145290374756,1.1437265872955322,1.2909060716629028,0.8002145290374756,0.10627341270446777,0.04090607166290283,0.16766564548015594,0.3991742730140686,0.43316003680229187,audio,vision,0,0.5,0.23529411852359772,0.3499999940395355,0.4726058840751648,0.5273941159248352,0.002527922159060836,0.9940696954727173,0.003402434289455414,0.3386209011077881,0.28371015191078186,0.37766897678375244,audio,vision,1,0.040367476642131805,1.0918527841567993,0.47357305884361267,0.3972029685974121,0.9064879417419434,0.9380497336387634,1.0958902835845947,0.1578405499458313,0.4508342167637372,0.5491657832362629,0
484,tIrG4oNLFzE$_$7,-1.399999976158142,-0.7987900376319885,0.0026095767971128225,0.9934438467025757,0.003946541342884302,-0.6730619072914124,-0.5523520708084106,-0.7385441064834595,0.7269380688667297,0.8476479053497314,0.6614558696746826,0.3395308554172516,0.29197773337364197,0.36849144101142883,audio,vision,0,0.6428571343421936,0.4716981053352356,0.5714285969734192,0.46164828538894653,0.5383517146110535,0.0026095767971128225,0.9934438467025757,0.003946541342884302,0.30342477560043335,0.30424579977989197,0.3923294246196747,audio,vision,1,0.04390161111950874,1.090983271598816,0.459465354681015,0.07711915671825409,0.18619203567504883,-0.6013888716697693,-1.0289896726608276,0.42760080099105835,0.36946771418643953,0.6305322858135605,0
403,ob23OKe5a9Q$_$3,-1.2000000476837158,0.3611826002597809,0.001042050775140524,0.9959219694137573,0.0030360217206180096,0.9827026128768921,0.6672643423080444,0.6850458383560181,2.1827025413513184,1.8672643899917603,1.8850458860397339,0.2541891634464264,0.3770494759082794,0.3687613010406494,audio,audio,1,0.30000001192092896,0.5,0.5555555820465088,0.4511822760105133,0.5488177537918091,0.001042050775140524,0.9959219694137573,0.0030360217206180096,0.17997412383556366,0.37418627738952637,0.44583961367607117,audio,vision,0,0.028825441375374794,1.0366182327270508,0.4144904613494873,0.1446901112794876,0.31543827056884766,0.2696205973625183,0.47255852818489075,0.20293793082237244,0.5630801996566737,0.4369198003433262,1
118,d3_k5Xpfmik$_$6,1.600000023841858,0.82242351770401,0.002468302147462964,0.9941592216491699,0.003372489009052515,1.6249704360961914,1.0815573930740356,1.1185262203216553,0.024970412254333496,0.5184426307678223,0.48147380352020264,0.4751008152961731,0.2563866674900055,0.2685125768184662,audio,text,0,0.6363636255264282,0.49367088079452515,0.5208333134651184,0.47499266266822815,0.5250073671340942,0.002468302147462964,0.9941592216491699,0.003372489009052515,0.31215906143188477,0.32567670941352844,0.362164169549942,audio,vision,0,0.039840467274188995,1.0966240167617798,0.4456549882888794,0.24791353940963745,0.5434130430221558,0.7556945085525513,0.8961788415908813,0.14048433303833008,0.45621111557663613,0.5437888844233638,0
291,jUzDDGyPkXU$_$8,1.7999999523162842,0.5574175119400024,0.0014243078185245395,0.996978759765625,0.0015969558153301477,1.3242124319076538,0.8618021011352539,0.9108567237854004,0.47578752040863037,0.9381978511810303,0.8891432285308838,0.46349918842315674,0.2600286602973938,0.27647215127944946,audio,text,0,0.6363636255264282,0.625,0.4137931168079376,0.4738006293773651,0.5261993408203125,0.0014243078185245395,0.996978759765625,0.0015969558153301477,0.3001727759838104,0.411601722240448,0.2882254719734192,audio,audio,0,0.022635510191321373,1.085161566734314,0.3902513384819031,0.2073892503976822,0.4624103307723999,0.4930121600627899,0.6289455890655518,0.13593342900276184,0.45762271315132863,0.5423772868486715,0
653,zhpQhgha_KU$_$26,0.0,-0.004975383169949055,0.001263792160898447,0.9961012601852417,0.0026349599938839674,0.49979400634765625,0.38048505783081055,0.379427433013916,0.49979400634765625,0.38048505783081055,0.379427433013916,0.3009149730205536,0.3493114709854126,0.3497735857963562,audio,vision,0,0.4615384638309479,0.6190476417541504,0.5600000023841858,0.437638521194458,0.562361478805542,0.001263792160898447,0.9961012601852417,0.0026349599938839674,0.2118651419878006,0.4055119454860687,0.3826228976249695,audio,audio,0,0.027973931282758713,1.0623784065246582,0.3937261998653412,0.056493714451789856,0.12036657333374023,0.003427797695621848,-0.015773393213748932,0.019201191142201424,0.5038579220371818,0.4961420779628182,1
614,yDtzw_Y-7RU$_$7,-0.20000000298023224,0.6784241795539856,0.0015565260546281934,0.994905948638916,0.0035375356674194336,1.412099003791809,0.9248594045639038,0.9788978099822998,1.612099051475525,1.1248594522476196,1.1788978576660156,0.21942968666553497,0.40346166491508484,0.3771086633205414,audio,audio,1,0.46666666865348816,0.41860464215278625,0.5961538553237915,0.47431516647338867,0.5256848335266113,0.0015565260546281934,0.994905948638916,0.0035375356674194336,0.23801247775554657,0.30237793922424316,0.45960959792137146,audio,vision,0,0.0351114384829998,1.0606086254119873,0.4616853594779968,0.21806877851486206,0.4872395992279053,0.5852841734886169,0.781651496887207,0.1963673233985901,0.5610585302618074,0.43894146973819265,1
441,phBUpBr1hSo$_$5,-1.399999976158142,0.6116001009941101,0.001291501335799694,0.9950668811798096,0.003641637973487377,1.360137939453125,0.7551102638244629,0.8750959634780884,2.7601380348205566,2.1551103591918945,2.2750959396362305,0.20145104825496674,0.4291604161262512,0.36938849091529846,audio,audio,1,0.4117647111415863,0.4528301954269409,0.6315789222717285,0.4887515902519226,0.5112484097480774,0.001291501335799694,0.9950668811798096,0.003641637973487377,0.20483256876468658,0.31573939323425293,0.4794279932975769,audio,vision,0,0.03396088257431984,1.041228175163269,0.4528850018978119,0.2615595757961273,0.6050276756286621,0.5122694373130798,0.715502917766571,0.2032334804534912,0.5631710867661139,0.43682891323388606,1
175,dq3Nf_lMPnE$_$7,-2.0,0.37145423889160156,0.0021834461949765682,0.9956984519958496,0.002118064556270838,1.0623148679733276,0.6694037914276123,0.7376089096069336,3.062314987182617,2.6694037914276123,2.7376089096069336,0.24184949696063995,0.39522475004196167,0.3629257082939148,audio,audio,1,0.8571428656578064,0.5609756112098694,0.5510203838348389,0.48164159059524536,0.5183584094047546,0.0021834461949765682,0.9956984519958496,0.002118064556270838,0.3840765953063965,0.3002067506313324,0.3157166540622711,audio,text,0,0.030711371451616287,1.09275484085083,0.46366116404533386,0.17142052948474884,0.39291107654571533,0.3094208538532257,0.43821659684181213,0.12879574298858643,0.5401619596894492,0.45983804031055087,1
216,f9O3YtZ2VfI$_$8,-1.7999999523162842,-1.225014090538025,0.0020380427595227957,0.9946272969245911,0.003334625856950879,-1.2028125524520874,-0.9833399057388306,-1.3056427240371704,0.5971873998641968,0.8166600465774536,0.49435722827911377,0.34515637159347534,0.2623440623283386,0.39249950647354126,audio,vision,0,0.6363636255264282,0.6060606241226196,0.6000000238418579,0.482145756483078,0.5178542137145996,0.0020380427595227957,0.9946272969245911,0.003334625856950879,0.270374596118927,0.35585737228393555,0.37376800179481506,audio,vision,1,0.037004146724939346,1.089148998260498,0.425846666097641,0.13442115485668182,0.32230281829833984,-1.022017002105713,-1.4430453777313232,0.42102837562561035,0.37138365918472005,0.62861634081528,0
249,fvVhgmXxadc$_$3,-2.200000047683716,0.19793112576007843,0.002629736205562949,0.9917188882827759,0.005651381798088551,0.8222435116767883,0.4322047829627991,0.5123263597488403,3.0222434997558594,2.63220477104187,2.7123265266418457,0.24381564557552338,0.3970097303390503,0.35917460918426514,audio,audio,1,0.4000000059604645,0.3636363744735718,0.5,0.4424166977405548,0.5575833320617676,0.002629736205562949,0.9917188882827759,0.005651381798088551,0.24652306735515594,0.31691253185272217,0.4365644156932831,audio,vision,0,0.05312036722898483,1.0712127685546875,0.44987091422080994,0.16819246113300323,0.39003872871398926,0.16894198954105377,0.23446649312973022,0.06552450358867645,0.5204649678259066,0.47953503217409343,1
466,rnaNMUZpvvg$_$17,-1.600000023841858,0.9367424249649048,0.0012692291056737304,0.9962844848632812,0.00244628032669425,1.8496202230453491,1.2202973365783691,1.263551950454712,3.449620246887207,2.8202972412109375,2.8635520935058594,0.18952003121376038,0.4161926805973053,0.39428722858428955,audio,audio,1,0.4285714328289032,0.4761904776096344,0.47999998927116394,0.47403839230537415,0.5259616374969482,0.0012692291056737304,0.9962844848632812,0.00244628032669425,0.23865631222724915,0.36706283688545227,0.3942807912826538,audio,vision,0,0.026883453130722046,1.0767626762390137,0.419481098651886,0.2870141863822937,0.62932288646698,0.8403193950653076,1.0437270402908325,0.2034076452255249,0.5632246437461882,0.43677535625381186,1
678,zhpQhgha_KU$_$19,-0.800000011920929,-0.4974578619003296,0.002050108043476939,0.9948182702064514,0.003131585195660591,-0.2963658571243286,-0.23828667402267456,-0.3678317368030548,0.5036341547966003,0.5617133378982544,0.43216827511787415,0.33075150847435,0.30759018659591675,0.3616582453250885,audio,vision,0,0.5625,0.4761904776096344,0.5,0.444557785987854,0.555442214012146,0.002050108043476939,0.9948182702064514,0.003131585195660591,0.28628110885620117,0.3365316092967987,0.3771872818470001,audio,vision,1,0.035915546119213104,1.0923418998718262,0.4388577938079834,0.052980583161115646,0.12954506278038025,-0.32376259565353394,-0.7144773006439209,0.39071470499038696,0.3802721189457696,0.6197278810542304,0
201,f9O3YtZ2VfI$_$27,1.600000023841858,0.9436736106872559,0.001127151888795197,0.9971224665641785,0.0017504217103123665,1.8499234914779663,1.2299275398254395,1.2577611207962036,0.2499234676361084,0.37007248401641846,0.3422389030456543,0.36342984437942505,0.3127487301826477,0.32382136583328247,audio,text,0,0.4545454680919647,0.5416666865348816,0.3928571343421936,0.47398796677589417,0.5260120630264282,0.001127151888795197,0.9971224665641785,0.0017504217103123665,0.25149694085121155,0.41707703471183777,0.3314259946346283,audio,audio,0,0.02163604460656643,1.0778852701187134,0.3866969347000122,0.28593432903289795,0.6199959516525269,0.8598777055740356,1.0366668701171875,0.17678916454315186,0.44497712427976505,0.5550228757202349,0
311,k5Y_838nuGo$_$29,-0.75,-1.2577025890350342,0.002622136613354087,0.9934970140457153,0.003880888456478715,-1.233338713645935,-1.017126202583313,-1.3276336193084717,0.48333871364593506,0.267126202583313,0.5776336193084717,0.3125854432582855,0.40958458185195923,0.27782994508743286,audio,audio,1,0.6000000238418579,0.5,0.5263158082962036,0.4665165841579437,0.5334833860397339,0.002622136613354087,0.9934970140457153,0.003880888456478715,0.291658490896225,0.3344200551509857,0.3739214241504669,audio,vision,0,0.043612636625766754,1.093513011932373,0.4393846392631531,0.1299804151058197,0.3105074167251587,-1.0634275674819946,-1.4798650741577148,0.4164375066757202,0.6272756370352964,0.37272436296470357,1
637,yvsjCA6Y5Fc$_$7,-1.7999999523162842,0.722105085849762,0.0016325569013133645,0.9958211183547974,0.0025462801568210125,1.601688027381897,0.9724806547164917,1.0746928453445435,3.4016880989074707,2.7724804878234863,2.874692916870117,0.1950046569108963,0.4281754493713379,0.3768198788166046,audio,audio,1,0.5,0.3333333432674408,0.4285714328289032,0.46496158838272095,0.535038411617279,0.0016325569013133645,0.9958211183547974,0.0025462801568210125,0.30163705348968506,0.30439943075180054,0.3939635455608368,audio,vision,0,0.029856469482183456,1.0905542373657227,0.46094784140586853,0.2756957411766052,0.6292073726654053,0.6208047866821289,0.8386728763580322,0.21786808967590332,0.5676660815206881,0.43233391847931185,1
629,yvsjCA6Y5Fc$_$21,-1.7999999523162842,-0.8287709355354309,0.002991372486576438,0.9924641847610474,0.004544490482658148,-0.7660630345344543,-0.5725147724151611,-0.7252380847930908,1.0339369773864746,1.227485179901123,1.0747618675231934,0.3655830919742584,0.2870218753814697,0.34739503264427185,audio,text,0,0.5600000023841858,0.5113636255264282,0.5047619342803955,0.44604727625846863,0.553952693939209,0.002991372486576438,0.9924641847610474,0.004544490482658148,0.2844768762588501,0.35147884488105774,0.36404427886009216,audio,vision,0,0.04940551146864891,1.0929845571517944,0.4273235499858856,0.08330132812261581,0.1935482621192932,-0.7024281024932861,-0.9856780171394348,0.2832499146461487,0.4123976491586084,0.5876023508413916,0
383,nzpVDcQ0ywM$_$7,-1.0,-0.6760897636413574,0.005968370474874973,0.9878674745559692,0.006164137274026871,-0.485689252614975,-0.4006541967391968,-0.5152633190155029,0.5143107175827026,0.5993458032608032,0.48473668098449707,0.34050437808036804,0.3061680495738983,0.35332757234573364,audio,vision,0,0.875,0.3636363744735718,0.5925925970077515,0.4664221405982971,0.5335778594017029,0.005968370474874973,0.9878674745559692,0.006164137274026871,0.42251962423324585,0.21766231954097748,0.35981813073158264,audio,text,0,0.07399365305900574,1.0636930465698242,0.5134701728820801,0.04858079552650452,0.11460912227630615,-0.44579774141311646,-0.9395394325256348,0.4937416911125183,0.35042374473776533,0.6495762552622346,0
476,tIrG4oNLFzE$_$17,-0.4000000059604645,-0.09522615373134613,0.0017085806466639042,0.995606005191803,0.0026854367461055517,0.37401390075683594,0.2792198657989502,0.2947995960712433,0.774013876914978,0.6792198419570923,0.6947996020317078,0.3096086084842682,0.34855690598487854,0.34183451533317566,audio,audio,1,0.5454545617103577,0.5360824465751648,0.49572649598121643,0.43386733531951904,0.566132664680481,0.0017085806466639042,0.995606005191803,0.0026854367461055517,0.26940786838531494,0.36916717886924744,0.3614250123500824,audio,audio,1,0.031169090420007706,1.0890357494354248,0.41762590408325195,0.041504405438899994,0.09479403495788574,-0.015740860253572464,-0.19894269108772278,0.1832018345594406,0.44299831748934715,0.5570016825106529,0
545,vvZ4IcEtiZc$_$2,2.4000000953674316,1.308552622795105,0.0020269937813282013,0.9948116540908813,0.0031613341998308897,2.4195010662078857,1.5461041927337646,1.5995478630065918,0.0195009708404541,0.853895902633667,0.8004522323608398,0.5783213973045349,0.20379942655563354,0.21787919104099274,audio,text,0,0.5,0.4117647111415863,0.44999998807907104,0.48998507857322693,0.5100148916244507,0.0020269937813282013,0.9948116540908813,0.0031613341998308897,0.2870781123638153,0.3327939212322235,0.3801279366016388,audio,vision,0,0.035943686962127686,1.09210205078125,0.4413451552391052,0.39972230792045593,0.8733968734741211,1.2335153818130493,1.3866573572158813,0.15314197540283203,0.4522887399584126,0.5477112600415875,0
133,d6hH302o4v8$_$40,-1.0,-0.42716825008392334,0.010044703260064125,0.9874020218849182,0.0025533409789204597,0.2562887370586395,0.0014154594391584396,0.08785711228847504,1.256288766860962,1.001415491104126,1.0878571271896362,0.2770441472530365,0.38098815083503723,0.34196770191192627,audio,audio,1,1.0,0.0,0.0,0.4455435276031494,0.5544564723968506,0.010044703260064125,0.9874020218849182,0.0025533409789204597,0.7116272449493408,0.14020830392837524,0.14816440641880035,audio,text,0,0.07397537678480148,0.8004631996154785,0.5647957921028137,0.10583096742630005,0.25487327575683594,-0.20101498067378998,-0.708604633808136,0.5075896382331848,0.3464938065043764,0.6535061934956236,0
37,cM3Yna7AavY$_$15,-2.4000000953674316,-0.9135100245475769,0.002796701854094863,0.994500994682312,0.002702257363125682,-0.845300018787384,-0.6663424968719482,-0.9313520193099976,1.5547001361846924,1.7336575984954834,1.468648076057434,0.3432745039463043,0.2744676470756531,0.3822578489780426,audio,vision,0,0.7272727489471436,0.53125,0.43589743971824646,0.4648182690143585,0.5351817607879639,0.002796701854094863,0.994500994682312,0.002702257363125682,0.3599257469177246,0.34082815051078796,0.29924604296684265,audio,text,0,0.03790678083896637,1.0956895351409912,0.43578189611434937,0.11038358509540558,0.2650095224380493,-0.7068096995353699,-1.1515003442764282,0.44469064474105835,0.36450515012102286,0.6354948498789771,0
256,fvVhgmXxadc$_$8,-0.5,-0.9813466668128967,0.0027670529671013355,0.9935130476951599,0.0037199435755610466,-0.8743006587028503,-0.7564810514450073,-0.9743188619613647,0.37430065870285034,0.2564810514450073,0.47431886196136475,0.32882311940193176,0.3809981346130371,0.29017874598503113,audio,audio,1,0.5714285969734192,0.4000000059604645,0.4166666567325592,0.44221657514572144,0.5577834248542786,0.0027670529671013355,0.9935130476951599,0.0037199435755610466,0.31990134716033936,0.3252711296081543,0.35482752323150635,audio,vision,0,0.043573252856731415,1.0975611209869385,0.4454945921897888,0.08903082460165024,0.21783781051635742,-0.7780311703681946,-1.2377957105636597,0.4597645401954651,0.6398482746090761,0.3601517253909239,1
416,pLTX3ipuDJI$_$14,-2.0,-1.1167993545532227,0.0023179776035249233,0.9950609803199768,0.0026210325304418802,-1.0566813945770264,-0.8659923076629639,-1.170861840248108,0.9433186054229736,1.1340076923370361,0.8291381597518921,0.33998215198516846,0.2678780257701874,0.3921397924423218,audio,vision,0,0.5833333134651184,0.40625,0.3589743673801422,0.44577348232269287,0.5542265176773071,0.0023179776035249233,0.9950609803199768,0.0026210325304418802,0.33923524618148804,0.3342495560646057,0.3265151381492615,audio,text,0,0.03457000106573105,1.0984888076782227,0.44054096937179565,0.12576211988925934,0.30486953258514404,-0.9080828428268433,-1.3762948513031006,0.4682120084762573,0.35772201671418913,0.6422779832858109,0
258,iiK8YX8oH1E$_$10,0.0,0.05237917974591255,0.0015024930471554399,0.9969423413276672,0.0015550870448350906,0.6600623726844788,0.3529021143913269,0.4397317171096802,0.6600623726844788,0.3529021143913269,0.4397317171096802,0.2641904950141907,0.387850821018219,0.3479587137699127,audio,audio,1,0.7142857313156128,0.6000000238418579,0.43478259444236755,0.45697012543678284,0.5430299043655396,0.0015024930471554399,0.9969423413276672,0.0015550870448350906,0.33318522572517395,0.37697747349739075,0.2898373603820801,audio,audio,1,0.022875651717185974,1.0929020643234253,0.4133099913597107,0.12928539514541626,0.30716025829315186,0.01834879070520401,0.09281840175390244,0.07446961104869843,0.5232549634834736,0.4767450365165265,1
434,phBUpBr1hSo$_$16,-1.600000023841858,0.02619965560734272,0.001972445286810398,0.995934247970581,0.0020932292100042105,0.652294397354126,0.32121971249580383,0.46013355255126953,2.2522945404052734,1.9212197065353394,2.060133457183838,0.2642618417739868,0.3997279107570648,0.33601030707359314,audio,audio,1,0.7200000286102295,0.3958333432674408,0.4482758641242981,0.44665300846099854,0.5533469915390015,0.001972445286810398,0.995934247970581,0.0020932292100042105,0.37958988547325134,0.28349569439888,0.33691439032554626,audio,text,0,0.029256025329232216,1.0915958881378174,0.4749590754508972,0.13574211299419403,0.33107468485832214,-0.004968727007508278,0.06481336802244186,0.06978209316730499,0.5217930884367065,0.47820691156329365,1
102,d3_k5Xpfmik$_$11,2.4000000953674316,0.6952816247940063,0.0014846815029159188,0.9964967370033264,0.002018658211454749,1.4450172185897827,0.9239575862884521,0.9828225374221802,0.9549828767776489,1.4760425090789795,1.4171775579452515,0.48018789291381836,0.2503482699394226,0.26946383714675903,audio,text,0,0.5625,0.508474588394165,0.4285714328289032,0.46409890055656433,0.5359010696411133,0.0014846815029159188,0.9964967370033264,0.002018658211454749,0.29316750168800354,0.36985406279563904,0.3369784355163574,audio,audio,0,0.025692595168948174,1.0941376686096191,0.41776177287101746,0.23299789428710938,0.5210596323013306,0.6305115222930908,0.7700725793838501,0.13956105709075928,0.456497440810097,0.543502559189903,0
554,vyB00TXsimI$_$22,0.6000000238418579,0.45871859788894653,0.001608925755135715,0.9967779517173767,0.001613097032532096,1.2436208724975586,0.647872805595398,0.8071168661117554,0.6436208486557007,0.04787278175354004,0.20711684226989746,0.20697620511054993,0.4358459413051605,0.35717782378196716,audio,audio,1,0.75,0.6538461446762085,0.4516128897666931,0.4932475686073303,0.5067524313926697,0.001608925755135715,0.9967779517173767,0.001613097032532096,0.33262333273887634,0.3913852870464325,0.2759913504123688,audio,audio,1,0.02393731288611889,1.0885846614837646,0.4035951495170593,0.2518399655818939,0.5957480669021606,0.3965836763381958,0.5225547552108765,0.12597107887268066,0.4607151761487952,0.5392848238512048,0
598,wMbj6ajWbic$_$14,-0.800000011920929,-0.27841389179229736,0.001664750394411385,0.9958983063697815,0.0024369230959564447,0.08847087621688843,-0.025371761992573738,-0.07586956024169922,0.8884708881378174,0.774628221988678,0.7241304516792297,0.2957727909088135,0.3410041928291321,0.36322301626205444,audio,vision,0,0.5,0.5151515007019043,0.4000000059604645,0.4378991425037384,0.562100887298584,0.001664750394411385,0.9958983063697815,0.0024369230959564447,0.27109402418136597,0.3950236141681671,0.33388233184814453,audio,audio,0,0.029407469555735588,1.0870157480239868,0.4005831182003021,0.06873293966054916,0.16434043645858765,-0.14170382916927338,-0.4538991451263428,0.3121953010559082,0.4036585291595601,0.59634147084044,0
194,etzxEpPuc6I$_$7,-1.2000000476837158,-0.06923147290945053,0.0017400848446413875,0.9951445460319519,0.0031153063755482435,0.47810396552085876,0.29333412647247314,0.36406078934669495,1.678104043006897,1.493334174156189,1.5640608072280884,0.29299503564834595,0.3691185712814331,0.33788639307022095,audio,audio,1,0.625,0.4861111044883728,0.6290322542190552,0.45526131987571716,0.5447386503219604,0.0017400848446413875,0.9951445460319519,0.0031153063755482435,0.27743083238601685,0.2978910803794861,0.42467814683914185,audio,vision,0,0.03387958183884621,1.0801759958267212,0.4648357033729553,0.0761197879910469,0.18476983904838562,-0.01099397148936987,-0.1389150172472,0.12792104482650757,0.4601096315044921,0.5398903684955079,0
74,cXypl4FnoZo$_$25,-1.2000000476837158,0.17710581421852112,0.0017872516764327884,0.9954515099525452,0.002761277137324214,0.7114474773406982,0.5181096792221069,0.5223814249038696,1.911447525024414,1.7181097269058228,1.7223814725875854,0.282488077878952,0.3597137928009033,0.35779812932014465,audio,audio,1,0.6190476417541504,0.5714285969734192,0.5593220591545105,0.449438214302063,0.550561785697937,0.0017872516764327884,0.9954515099525452,0.002761277137324214,0.278984010219574,0.3540887236595154,0.36692726612091064,audio,vision,0,0.03211580216884613,1.0916471481323242,0.4275752007961273,0.09015031903982162,0.1933377981185913,0.1310131996870041,0.23356927931308746,0.10255607962608337,0.5320049561401392,0.4679950438598608,1
225,f9O3YtZ2VfI$_$19,-0.6000000238418579,-0.14701597392559052,0.003290684660896659,0.9922410249710083,0.004468281287699938,0.4214884340763092,0.22065028548240662,0.2638307213783264,1.0214884281158447,0.8206503391265869,0.8638307452201843,0.28545308113098145,0.3669131398200989,0.34763380885124207,audio,audio,1,0.625,0.4545454680919647,0.5,0.4419519305229187,0.5580480694770813,0.003290684660896659,0.9922410249710083,0.004468281287699938,0.3200819492340088,0.31601691246032715,0.36390116810798645,audio,vision,0,0.05071726068854332,1.0965269804000854,0.4508160948753357,0.08631755411624908,0.2008381485939026,-0.06084281951189041,-0.2558259069919586,0.1949830949306488,0.43936763759197806,0.560632362408022,0
287,jUzDDGyPkXU$_$4,-1.600000023841858,0.10899773240089417,0.002154694404453039,0.9949268102645874,0.002918500453233719,0.6566179394721985,0.46819478273391724,0.49797314405441284,2.256618022918701,2.06819486618042,2.097973108291626,0.2869511842727661,0.36315909028053284,0.3498897850513458,audio,audio,1,0.6315789222717285,0.3932584226131439,0.5,0.4327385723590851,0.5672614574432373,0.002154694404453039,0.9949268102645874,0.002918500453233719,0.3304250240325928,0.2876497209072113,0.38192522525787354,audio,vision,0,0.03532470390200615,1.091934084892273,0.47151803970336914,0.08270309120416641,0.18842315673828125,0.08926589787006378,0.13486348092556,0.045597583055496216,0.5142453883835797,0.48575461161642036,1
431,phBUpBr1hSo$_$15,-2.200000047683716,0.4094613194465637,0.0012997554149478674,0.9966151118278503,0.0020851732697337866,1.0116829872131348,0.6806812286376953,0.7223371267318726,3.2116830348968506,2.880681276321411,2.922337055206299,0.25327837467193604,0.38307899236679077,0.3636426329612732,audio,audio,1,0.5400000214576721,0.4968944191932678,0.4845360815525055,0.44916561245918274,0.5508344173431396,0.0012997554149478674,0.9966151118278503,0.0020851732697337866,0.2744370400905609,0.35392579436302185,0.3716371953487396,audio,vision,0,0.024888334795832634,1.0903279781341553,0.4284595847129822,0.14720295369625092,0.33100175857543945,0.3490770757198334,0.4835135340690613,0.1344364583492279,0.5419128072124759,0.4580871927875242,1
4,c7UH_rxdZv4$_$20,-1.7999999523162842,-0.00038117170333862305,0.0032792857382446527,0.9905575513839722,0.0061631291173398495,0.5961337685585022,0.46338486671447754,0.44566622376441956,2.3961336612701416,2.2633848190307617,2.245666265487671,0.29520881175994873,0.3484933078289032,0.35629791021347046,audio,vision,0,0.5416666865348816,0.4794520437717438,0.6022727489471436,0.44208401441574097,0.557915985584259,0.0032792857382446527,0.9905575513839722,0.0061631291173398495,0.2643811106681824,0.31469953060150146,0.42091938853263855,audio,vision,1,0.05952086299657822,1.0797861814498901,0.45057201385498047,0.06714553385972977,0.15046754479408264,0.02701640874147415,-0.03495728597044945,0.0619736947119236,0.4806428998467154,0.5193571001532845,0
642,yvsjCA6Y5Fc$_$10,-2.0,0.5069039463996887,0.0014549106126651168,0.9964152574539185,0.002129809930920601,1.2052825689315796,0.8093597888946533,0.8472399711608887,3.205282688140869,2.8093597888946533,2.8472399711608887,0.23782232403755188,0.39010947942733765,0.37206825613975525,audio,audio,1,0.523809552192688,0.5443037748336792,0.43617022037506104,0.45709025859832764,0.5429097414016724,0.0014549106126651168,0.9964152574539185,0.002129809930920601,0.27020934224128723,0.39294731616973877,0.336843341588974,audio,audio,1,0.026184944435954094,1.087160587310791,0.4023119807243347,0.1783829629421234,0.39592278003692627,0.4344693720340729,0.5929381847381592,0.1584688127040863,0.5493602094769494,0.4506397905230505,1
509,tmZoasNr4rU$_$14,-2.0,-0.8333268165588379,0.0021681697107851505,0.9940711855888367,0.0037606083787977695,-0.7206894755363464,-0.5692788362503052,-0.816710352897644,1.2793104648590088,1.4307211637496948,1.183289647102356,0.33839863538742065,0.28004804253578186,0.3815533220767975,audio,vision,0,0.6111111044883728,0.4333333373069763,0.604651153087616,0.4711570739746094,0.5288429260253906,0.0021681697107851505,0.9940711855888367,0.0037606083787977695,0.2865186035633087,0.28434300422668457,0.4291384518146515,audio,vision,1,0.04020659253001213,1.0787575244903564,0.47315216064453125,0.10185366868972778,0.24743151664733887,-0.6122777462005615,-1.0814399719238281,0.4691622257232666,0.35744916405576643,0.6425508359442336,0
61,cW1FSBF59ik$_$9,-2.4000000953674316,0.6526170372962952,0.0014101072447374463,0.9963420033454895,0.002247900702059269,1.4161838293075562,0.963815450668335,1.0078908205032349,3.8161840438842773,3.3638155460357666,3.407890796661377,0.22592945396900177,0.39769428968429565,0.37637627124786377,audio,audio,1,0.5333333611488342,0.4893617033958435,0.4821428656578064,0.4612588882446289,0.5387411117553711,0.0014101072447374463,0.9963420033454895,0.002247900702059269,0.2752840220928192,0.3522815704345703,0.3724344074726105,audio,vision,0,0.02661450393497944,1.090498447418213,0.4293736219406128,0.20365628600120544,0.4523683786392212,0.5694782733917236,0.7497214078903198,0.1802431344985962,0.5560889152375497,0.44391108476245034,1
655,zhpQhgha_KU$_$20,-1.399999976158142,-0.041917793452739716,0.001814097398892045,0.9961787462234497,0.0020071067847311497,0.5486760139465332,0.34418636560440063,0.38010770082473755,1.9486759901046753,1.7441864013671875,1.7801077365875244,0.283623069524765,0.36622872948646545,0.35014817118644714,audio,audio,1,0.6666666865348816,0.5714285969734192,0.4375,0.44031673669815063,0.5596832633018494,0.001814097398892045,0.9961787462234497,0.0020071067847311497,0.3215146064758301,0.3736121654510498,0.3048732578754425,audio,audio,1,0.027731072157621384,1.0948081016540527,0.4150444269180298,0.08914509415626526,0.20448964834213257,-0.04116859287023544,-0.04287009313702583,0.00170150026679039,0.49946828136706817,0.5005317186329319,0
234,f_pcplsH_V0$_$1,0.25,1.0063941478729248,0.002139607910066843,0.9948133230209351,0.0030471226200461388,1.9389005899429321,1.2775077819824219,1.3140137195587158,1.6889005899429321,1.0275077819824219,1.0640137195587158,0.18282373249530792,0.4179089069366455,0.3992672860622406,audio,audio,1,0.625,0.4375,0.5263158082962036,0.48608821630477905,0.513911783695221,0.002139607910066843,0.9948133230209351,0.0030471226200461388,0.3154330253601074,0.3010863959789276,0.38348063826560974,audio,vision,0,0.035979315638542175,1.09291410446167,0.46248459815979004,0.30354511737823486,0.6613928079605103,0.9205148220062256,1.0971890687942505,0.1766742467880249,0.5549873985357118,0.44501260146428834,1
83,cXypl4FnoZo$_$1,1.0,-0.15361563861370087,0.002084753243252635,0.9961555600166321,0.0017596895340830088,0.4079234004020691,0.24598339200019836,0.2940491735935211,0.5920765995979309,0.754016637802124,0.7059508562088013,0.3725683093070984,0.30429428815841675,0.32313740253448486,audio,text,0,0.7692307829856873,0.6086956262588501,0.40740740299224854,0.4519798159599304,0.5480201840400696,0.002084753243252635,0.9961555600166321,0.0017596895340830088,0.36310723423957825,0.37264296412467957,0.2642497718334198,audio,audio,0,0.027867458760738373,1.0873767137527466,0.4156751036643982,0.06790699064731598,0.16194000840187073,-0.05428442731499672,-0.27405354380607605,0.21976912021636963,0.5682491780817461,0.43175082191825376,1
355,lXPQBPVc5Cw$_$12,-2.0,0.5700230002403259,0.0014283048221841455,0.9953906536102295,0.0031809951178729534,1.2630624771118164,0.890781581401825,0.9022846221923828,3.2630624771118164,2.8907816410064697,2.902284622192383,0.24024544656276703,0.3826083540916443,0.37714624404907227,audio,audio,1,0.5384615659713745,0.5714285969734192,0.6666666865348816,0.4813118875026703,0.5186880826950073,0.0014283048221841455,0.9953906536102295,0.0031809951178729534,0.22734202444553375,0.33832353353500366,0.43433448672294617,audio,vision,0,0.032248400151729584,1.0656297206878662,0.43804478645324707,0.17284740507602692,0.37228089570999146,0.4695645272731781,0.678282618522644,0.20871809124946594,0.5648569324053445,0.4351430675946556,1
122,d6hH302o4v8$_$43,-2.5,0.703787088394165,0.0019636608194559813,0.9943707585334778,0.003665618132799864,1.4590234756469727,1.0107104778289795,1.022363543510437,3.9590234756469727,3.5107104778289795,3.5223636627197266,0.22334453463554382,0.3911559581756592,0.3854995369911194,audio,audio,1,0.5384615659713745,0.5,0.5789473652839661,0.4732986092567444,0.5267013907432556,0.0019636608194559813,0.9943707585334778,0.003665618132799864,0.25935471057891846,0.33098527789115906,0.4096600115299225,audio,vision,0,0.03841230645775795,1.0815706253051758,0.44225698709487915,0.20864437520503998,0.44831299781799316,0.6166791319847107,0.8007235527038574,0.18404442071914673,0.5572615540537739,0.4427384459462261,1
562,vyB00TXsimI$_$9,-0.25,0.4706824719905853,0.002414016518741846,0.9922081828117371,0.005377881228923798,1.1125719547271729,0.7221333384513855,0.7634706497192383,1.3625719547271729,0.9721333384513855,1.0134706497192383,0.23945070803165436,0.39009717106819153,0.3704521059989929,audio,audio,1,0.5,0.3529411852359772,0.625,0.4662586748600006,0.5337413549423218,0.002414016518741846,0.9922081828117371,0.005377881228923798,0.25442981719970703,0.2642972767353058,0.4812728464603424,audio,vision,0,0.05041125416755676,1.0519059896469116,0.48527389764785767,0.17512625455856323,0.39043861627578735,0.38426461815834045,0.5696077942848206,0.1853431761264801,0.5576620547117257,0.44233794528827425,1
253,fvVhgmXxadc$_$7,-1.0,0.29836505651474,0.002071084687486291,0.9918479919433594,0.0060808854177594185,0.8284674286842346,0.6136150360107422,0.6018633842468262,1.8284673690795898,1.6136150360107422,1.6018633842468262,0.27506303787231445,0.35980626940727234,0.3651306927204132,audio,vision,0,0.38461539149284363,0.4285714328289032,0.6578947305679321,0.4532224237918854,0.546777606010437,0.002071084687486291,0.9918479919433594,0.0060808854177594185,0.20055575668811798,0.30003243684768677,0.49941179156303406,audio,vision,1,0.05194567143917084,1.0301777124404907,0.46121037006378174,0.10416281968355179,0.22660404443740845,0.23210009932518005,0.3783085346221924,0.14620843529701233,0.5455633831142719,0.45443661688572823,1
36,cM3Yna7AavY$_$12,-1.0,-0.9218358993530273,0.005145320203155279,0.9901666641235352,0.004688051994889975,-0.8720247149467468,-0.6378563642501831,-0.7978386878967285,0.12797528505325317,0.3621436357498169,0.20216131210327148,0.3762686550617218,0.28078606724739075,0.34294530749320984,audio,text,0,0.7142857313156128,0.5,0.4054054021835327,0.4519384205341339,0.5480616092681885,0.005145320203155279,0.9901666641235352,0.004688051994889975,0.3781786262989044,0.33334437012672424,0.2884770333766937,audio,text,1,0.062039732933044434,1.0925590991973877,0.43788155913352966,0.09771429747343063,0.23416835069656372,-0.7878643870353699,-1.0843019485473633,0.2964375615119934,0.46013676448559293,0.5398632355144071,0
189,etzxEpPuc6I$_$1,0.4000000059604645,0.06803414225578308,0.0016505164094269276,0.9965124726295471,0.0018370605539530516,0.6405284404754639,0.41738924384117126,0.4568054974079132,0.2405284345149994,0.017389237880706787,0.05680549144744873,0.27933964133262634,0.36920517683029175,0.3514551818370819,audio,audio,1,0.6666666865348816,0.5753424763679504,0.4367816150188446,0.4433850347995758,0.5566149950027466,0.0016505164094269276,0.9965124726295471,0.0018370605539530516,0.32001256942749023,0.3754850924015045,0.30450233817100525,audio,audio,1,0.025628453120589256,1.094498634338379,0.4140182435512543,0.09723902493715286,0.2231391966342926,0.05738215893507004,0.08140638470649719,0.024024225771427155,0.4924929936006472,0.5075070063993529,0
89,cXypl4FnoZo$_$6,-0.6000000238418579,-0.040535807609558105,0.001971707446500659,0.9947052597999573,0.003323010401800275,0.5137204527854919,0.3506948947906494,0.3770678639411926,1.113720417022705,0.9506949186325073,0.9770678877830505,0.29305723309516907,0.35929712653160095,0.3476456105709076,audio,audio,1,0.5263158082962036,0.5098039507865906,0.5166666507720947,0.4334861934185028,0.5665137767791748,0.001971707446500659,0.9947052597999573,0.003323010401800275,0.2636506259441376,0.355573832988739,0.3807755410671234,audio,vision,0,0.03652619570493698,1.0868079662322998,0.4260876178741455,0.07145068049430847,0.16302555799484253,-0.020617075264453888,-0.06656716763973236,0.04595009237527847,0.48564454256555284,0.5143554574344471,0
497,tStelxIAHjw$_$2,-2.0,0.8426157832145691,0.0017856232589110732,0.9952428936958313,0.0029714119154959917,1.649140477180481,1.1214790344238281,1.129101276397705,3.6491403579711914,3.121479034423828,3.129101276397705,0.20620226860046387,0.3987896144390106,0.3950080871582031,audio,audio,1,0.550000011920929,0.5061728358268738,0.5317460298538208,0.47454553842544556,0.5254544615745544,0.0017856232589110732,0.9952428936958313,0.0029714119154959917,0.2711983323097229,0.3435898423194885,0.3852117955684662,audio,vision,0,0.03333496302366257,1.088424801826477,0.4344353675842285,0.24696499109268188,0.5276614427566528,0.766137421131134,0.9272987246513367,0.16116130352020264,0.5501932735931625,0.4498067264068376,1
478,tIrG4oNLFzE$_$18,-2.200000047683716,-0.10979200154542923,0.002017233520746231,0.9953399896621704,0.002642806386575103,0.4001486599445343,0.30345043540000916,0.3157377243041992,2.6001486778259277,2.503450393676758,2.515737771987915,0.30866461992263794,0.34832221269607544,0.3430131673812866,audio,audio,1,0.6800000071525574,0.6212121248245239,0.5443037748336792,0.4506816565990448,0.5493183135986328,0.002017233520746231,0.9953399896621704,0.002642806386575103,0.2965916097164154,0.368369996547699,0.3350383937358856,audio,audio,1,0.032855596393346786,1.094724178314209,0.4179799556732178,0.04298155754804611,0.09669822454452515,-0.021082691848278046,-0.2179163247346878,0.19683364033699036,0.43879792622227537,0.5612020737777247,0
193,etzxEpPuc6I$_$4,0.800000011920929,0.2810879051685333,0.0012317078653723001,0.9962587356567383,0.0025095827877521515,0.8747628331184387,0.5574138164520264,0.6133540868759155,0.07476282119750977,0.2425861954689026,0.18664592504501343,0.3730997145175934,0.302495539188385,0.32440468668937683,audio,text,0,0.5,0.49056604504585266,0.5645161271095276,0.45809850096702576,0.5419014692306519,0.0012317078653723001,0.9962587356567383,0.0025095827877521515,0.24322737753391266,0.3367985486984253,0.41997402906417847,audio,vision,0,0.027012359350919724,1.0747463703155518,0.4396401047706604,0.1383129507303238,0.31734901666641235,0.20049427449703217,0.3764250576496124,0.17593078315258026,0.4452421356295466,0.5547578643704533,0
569,vyB00TXsimI$_$14,2.0,0.7757775187492371,0.002745758043602109,0.9933823347091675,0.0038719233125448227,1.648807406425476,1.0151876211166382,1.0813462734222412,0.3511925935745239,0.9848123788833618,0.9186537265777588,0.5141646265983582,0.2328789383172989,0.2529563903808594,audio,text,0,0.5454545617103577,0.3199999928474426,0.4333333373069763,0.46334508061408997,0.5366549491882324,0.002745758043602109,0.9933823347091675,0.0038719233125448227,0.32644394040107727,0.28929588198661804,0.3842601478099823,audio,vision,0,0.04429402947425842,1.0917882919311523,0.46939095854759216,0.28438296914100647,0.6336197853088379,0.7024205327033997,0.8607409000396729,0.1583203673362732,0.450685728025121,0.549314271974879,0
549,vvZ4IcEtiZc$_$6,1.0,0.4609835147857666,0.0011149540077894926,0.9967118501663208,0.0021732028108090162,1.101117730140686,0.727910041809082,0.7630672454833984,0.10111773014068604,0.27208995819091797,0.23693275451660156,0.37715381383895874,0.3045812249183655,0.31826499104499817,audio,text,0,0.2916666567325592,0.5070422291755676,0.3499999940395355,0.43935078382492065,0.5606492161750793,0.0011149540077894926,0.9967118501663208,0.0021732028108090162,0.20817190408706665,0.4463498890399933,0.3454781770706177,audio,audio,0,0.024188335984945297,1.0539352893829346,0.3669080138206482,0.1682584434747696,0.373207688331604,0.3904593586921692,0.5509783625602722,0.16051900386810303,0.450005430311145,0.549994569688855,0
413,pLTX3ipuDJI$_$13,-1.399999976158142,0.5375287532806396,0.0017547394381836057,0.9963135123252869,0.0019317050464451313,1.2893060445785522,0.8240995407104492,0.8792890310287476,2.6893060207366943,2.224099636077881,2.2792890071868896,0.22430433332920074,0.40122073888778687,0.37447497248649597,audio,audio,1,0.6875,0.5,0.44736841320991516,0.46460404992103577,0.5353959798812866,0.0017547394381836057,0.9963135123252869,0.0019317050464451313,0.34444984793663025,0.33334025740623474,0.322209894657135,audio,text,0,0.02688615396618843,1.0982413291931152,0.4419822096824646,0.20751892030239105,0.465206503868103,0.46498462557792664,0.6211264729499817,0.15614184737205505,0.5486400167782399,0.45135998322175996,1
379,nzpVDcQ0ywM$_$3,0.800000011920929,1.1748666763305664,0.003049753373488784,0.9924426674842834,0.004507516045123339,2.2276251316070557,1.4850473403930664,1.5040773153305054,1.4276251792907715,0.6850473284721375,0.7040773034095764,0.16665157675743103,0.42162978649139404,0.4117186367511749,audio,audio,1,0.5882353186607361,0.4637681245803833,0.5180723071098328,0.48801127076148987,0.5119887590408325,0.003049753373488784,0.9924426674842834,0.004507516045123339,0.30622121691703796,0.31881728768348694,0.3749614655971527,audio,vision,0,0.04954461753368378,1.0946602821350098,0.4490835666656494,0.3456564247608185,0.7425777912139893,1.128711223602295,1.223289966583252,0.09457874298095703,0.5295214805875782,0.47047851941242186,1
190,etzxEpPuc6I$_$3,-1.600000023841858,-0.0703013688325882,0.002633424010127783,0.9951409101486206,0.0022256961092352867,0.5405052900314331,0.32584255933761597,0.3759685754776001,2.140505313873291,1.925842523574829,1.975968599319458,0.28279539942741394,0.36983320116996765,0.3473713994026184,audio,audio,1,0.8181818127632141,0.4893617033958435,0.4464285671710968,0.45475730299949646,0.5452426671981812,0.002633424010127783,0.9951409101486206,0.0022256961092352867,0.4077138900756836,0.29849183559417725,0.29379430413246155,audio,text,0,0.03408224135637283,1.086538553237915,0.4644327163696289,0.09169092774391174,0.21466273069381714,-0.003910390194505453,-0.14990249276161194,0.14599210023880005,0.4545036603001104,0.5454963396998896,0
571,vyB00TXsimI$_$16,0.4000000059604645,0.3840256929397583,0.0032300190068781376,0.9927975535392761,0.003972487058490515,1.0719760656356812,0.7430024743080139,0.7063198089599609,0.6719760894775391,0.34300246834754944,0.30631980299949646,0.24461282789707184,0.36903584003448486,0.3863513171672821,audio,vision,0,0.6363636255264282,0.5106382966041565,0.47787609696388245,0.4483732581138611,0.5516267418861389,0.0032300190068781376,0.9927975535392761,0.003972487058490515,0.32901430130004883,0.3369494378566742,0.3340362310409546,audio,audio,0,0.047662798315286636,1.0985639095306396,0.4372320771217346,0.16440929472446442,0.3656562566757202,0.3901079595088959,0.37654274702072144,0.013565212488174438,0.5042390273347376,0.49576097266526237,1
171,dq3Nf_lMPnE$_$3,-1.2000000476837158,0.6342239379882812,0.002143820282071829,0.9944920539855957,0.0033641080372035503,1.5072389841079712,0.7521459460258484,0.9500259160995483,2.7072391510009766,1.952146053314209,2.1500258445739746,0.17931915819644928,0.46083205938339233,0.3598487675189972,audio,audio,1,0.7142857313156128,0.47826087474823,0.6296296119689941,0.5103477835655212,0.48965221643447876,0.002143820282071829,0.9944920539855957,0.0033641080372035503,0.3145804703235626,0.2810937166213989,0.4043257534503937,audio,vision,0,0.03782408684492111,1.0866748094558716,0.47559890151023865,0.3196887969970703,0.7550930380821228,0.5454016327857971,0.7194443345069885,0.1740427017211914,0.5541748404323388,0.4458251595676613,0
455,rnaNMUZpvvg$_$4,-2.4000000953674316,-0.2848436236381531,0.0012850220082327724,0.9963305592536926,0.0023844242095947266,-0.08680334687232971,0.009604829363524914,-0.12985464930534363,2.3131966590881348,2.409605026245117,2.2701454162597656,0.33993303775787354,0.30133965611457825,0.3587273061275482,audio,vision,0,0.3877550959587097,0.4964539110660553,0.42352941632270813,0.43145713210105896,0.5685428380966187,0.0012850220082327724,0.9963305592536926,0.0023844242095947266,0.23034034669399261,0.400796115398407,0.368863582611084,audio,audio,0,0.02661610022187233,1.0725120306015015,0.39702296257019043,0.05830656364560127,0.13945947587490082,-0.14409872889518738,-0.47030705213546753,0.32620832324028015,0.39944925562780204,0.6005507443721979,0
645,yvsjCA6Y5Fc$_$15,-2.0,0.27303245663642883,0.0018935457337647676,0.9944764971733093,0.003629944985732436,0.8803141713142395,0.5708622932434082,0.6343486309051514,2.8803141117095947,2.570862293243408,2.6343486309051514,0.26094356179237366,0.38418304920196533,0.35487332940101624,audio,audio,1,0.5,0.3684210479259491,0.5441176295280457,0.450619101524353,0.549380898475647,0.0018935457337647676,0.9944764971733093,0.003629944985732436,0.26934361457824707,0.29120442271232605,0.4394519627094269,audio,vision,0,0.03777439892292023,1.0739129781723022,0.4688480794429779,0.1334541141986847,0.3094518780708313,0.1848488450050354,0.38054317235946655,0.19569432735443115,0.5608513446509028,0.4391486553490971,1
226,f9O3YtZ2VfI$_$18,-1.0,0.2585145831108093,0.0019792073871940374,0.9963918328285217,0.0016289290506392717,0.8910307288169861,0.6065500974655151,0.6376471519470215,1.8910307884216309,1.6065500974655151,1.6376471519470215,0.26318082213401794,0.3755689561367035,0.36125022172927856,audio,audio,1,0.75,0.625,0.375,0.4572350084781647,0.5427650213241577,0.0019792073871940374,0.9963918328285217,0.0016289290506392717,0.35776132345199585,0.3908027708530426,0.2514359652996063,audio,audio,1,0.026379764080047607,1.0820428133010864,0.40372607111930847,0.127409890294075,0.28448063135147095,0.21259550750255585,0.3130232095718384,0.10042770206928253,0.5313425073052163,0.46865749269478363,1
155,d6hH302o4v8$_$18,-2.0,-0.13612553477287292,0.0024023347068578005,0.9936327338218689,0.003964952193200588,0.43128642439842224,0.3689268231391907,0.3550145626068115,2.431286334991455,2.368926763534546,2.3550145626068115,0.31435665488243103,0.339840829372406,0.3458024859428406,audio,vision,0,0.5454545617103577,0.6206896305084229,0.5428571701049805,0.4398045241832733,0.5601954460144043,0.0024023347068578005,0.9936327338218689,0.003964952193200588,0.25034216046333313,0.3956752121448517,0.3539825975894928,audio,audio,0,0.04276338964700699,1.0811738967895508,0.3986383378505707,0.033165693283081055,0.07627186179161072,-0.09128130227327347,-0.1932452917098999,0.10196398943662643,0.46817931829039444,0.5318206817096055,0
357,lXPQBPVc5Cw$_$14,-2.200000047683716,-0.2727353572845459,0.004900928121060133,0.9900345206260681,0.00506455497816205,0.3548770248889923,0.2773244380950928,0.2604900002479553,2.5548770427703857,2.4773244857788086,2.4604899883270264,0.30988335609436035,0.34142792224884033,0.3486887812614441,audio,vision,0,0.6363636255264282,0.4126984179019928,0.4000000059604645,0.4255424737930298,0.5744575262069702,0.004900928121060133,0.9900345206260681,0.00506455497816205,0.36279410123825073,0.31589874625205994,0.3213072121143341,audio,text,0,0.06274904310703278,1.096663475036621,0.4494238793849945,0.04110516980290413,0.09438702464103699,-0.17141593992710114,-0.40951067209243774,0.2380947321653366,0.4261397843476864,0.5738602156523135,0
127,d6hH302o4v8$_$20,1.0,-0.011845119297504425,0.002679988509044051,0.9929746389389038,0.00434532156214118,0.543056070804596,0.4371989071369171,0.4174649715423584,0.45694392919540405,0.5628011226654053,0.5825350284576416,0.3661966919898987,0.3208100199699402,0.3129933178424835,audio,text,0,0.5,0.5199999809265137,0.4833333194255829,0.4282892346382141,0.5717107653617859,0.002679988509044051,0.9929746389389038,0.00434532156214118,0.26478347182273865,0.3722454607486725,0.36297109723091125,audio,audio,0,0.046504050493240356,1.0875558853149414,0.41381949186325073,0.055144552141427994,0.12559109926223755,0.0275803804397583,-0.06447306275367737,0.09205344319343567,0.5287350028212537,0.47126499717874615,1
335,lXPQBPVc5Cw$_$26,-2.799999952316284,-0.617307186126709,0.0009744827984832227,0.9971939325332642,0.0018315421184524894,-0.5223572254180908,-0.4072968363761902,-0.6110396385192871,2.2776427268981934,2.392703056335449,2.188960313796997,0.335202693939209,0.29029858112335205,0.37449875473976135,audio,vision,0,0.4545454680919647,0.6785714030265808,0.4848484992980957,0.46311506628990173,0.5368849039077759,0.0009744827984832227,0.9971939325332642,0.0018315421184524894,0.20751264691352844,0.4588165283203125,0.33367082476615906,audio,audio,0,0.02110225521028042,1.0500301122665405,0.35891827940940857,0.08340969681739807,0.20374280214309692,-0.4582475423812866,-0.8017035126686096,0.343455970287323,0.3942887298443339,0.6057112701556662,0
273,iiK8YX8oH1E$_$9,0.4000000059604645,0.38694140315055847,0.0017480624374002218,0.9955862760543823,0.002665675012394786,1.149739146232605,0.5300841927528381,0.6912440061569214,0.7497391700744629,0.13008418679237366,0.2912440001964569,0.20228798687458038,0.4388953745365143,0.35881659388542175,audio,audio,1,0.5,0.4482758641242981,0.4117647111415863,0.46148934960365295,0.5385106801986694,0.0017480624374002218,0.9955862760543823,0.002665675012394786,0.28143689036369324,0.3628174364566803,0.35574573278427124,audio,audio,1,0.031303077936172485,1.0923404693603516,0.4218459129333496,0.2625013291835785,0.6196549534797668,0.3332265615463257,0.4496211111545563,0.11639454960823059,0.49464009931735375,0.5053599006826462,0
245,fvVhgmXxadc$_$13,0.20000000298023224,0.754362165927887,0.001676127896644175,0.9961087107658386,0.0022151204757392406,1.5618401765823364,1.0360798835754395,1.0595335960388184,1.3618401288986206,0.8360798954963684,0.8595336079597473,0.20820216834545135,0.40170177817344666,0.390095978975296,audio,audio,1,0.550000011920929,0.5185185074806213,0.4153846204280853,0.46522220969200134,0.5347777605056763,0.001676127896644175,0.9961087107658386,0.0022151204757392406,0.2908915877342224,0.3800604045391083,0.3290480673313141,audio,audio,1,0.028136081993579865,1.0926281213760376,0.41069889068603516,0.24250677227973938,0.525760293006897,0.6875810027122498,0.8311278223991394,0.14354681968688965,0.544738410904631,0.4552615890953689,1
570,vyB00TXsimI$_$17,1.399999976158142,-0.8567490577697754,0.0015580400358885527,0.9947677850723267,0.0036742438096553087,-0.8051663041114807,-0.6361627578735352,-0.8548870086669922,2.2051663398742676,2.036162853240967,2.254887104034424,0.3149638772010803,0.3890516757965088,0.2959844470024109,audio,audio,1,0.3684210479259491,0.5531914830207825,0.5263158082962036,0.44847747683525085,0.5515224933624268,0.0015580400358885527,0.9947677850723267,0.0036742438096553087,0.19856758415699005,0.4008468687534332,0.4005855619907379,audio,audio,1,0.03588947281241417,1.0539207458496094,0.39594730734825134,0.09361542016267776,0.21872425079345703,-0.7036359906196594,-1.0450423955917358,0.3414064049720764,0.6050992451152827,0.3949007548847173,1
648,yvsjCA6Y5Fc$_$16,-1.7999999523162842,-1.1744694709777832,0.0028408693615347147,0.992828905582428,0.004330224823206663,-1.1554826498031616,-0.9219036102294922,-1.2240487337112427,0.6445173025131226,0.878096342086792,0.5759512186050415,0.35257500410079956,0.2632988393306732,0.3841261863708496,audio,vision,0,0.5600000023841858,0.48677247762680054,0.5087719559669495,0.46071669459342957,0.539283275604248,0.0028408693615347147,0.992828905582428,0.004330224823206663,0.2842119038105011,0.34082725644111633,0.37496086955070496,audio,vision,1,0.04736882075667381,1.0922198295593262,0.43466776609420776,0.12933683395385742,0.3021451234817505,-0.9918966293334961,-1.388176679611206,0.39628005027770996,0.3786340419179854,0.6213659580820147,0
72,cW1FSBF59ik$_$18,2.5999999046325684,0.17194589972496033,0.0010100710205733776,0.996238112449646,0.0027517389971762896,0.7038231492042542,0.4764840602874756,0.5659846663475037,1.896176815032959,2.1235158443450928,2.03401517868042,0.38545092940330505,0.29010412096977234,0.3244449496269226,audio,text,0,0.40909090638160706,0.5492957830429077,0.6279069781303406,0.4527897834777832,0.5472102165222168,0.0010100710205733776,0.996238112449646,0.0027517389971762896,0.19293250143527985,0.35707738995552063,0.44999009370803833,audio,vision,0,0.026944924145936966,1.0445038080215454,0.42610716819763184,0.09350749850273132,0.22733908891677856,0.12717607617378235,0.22605158388614655,0.0988755077123642,0.4691406766601401,0.53085932333986,0
347,lXPQBPVc5Cw$_$4,-1.2000000476837158,-1.4154882431030273,0.00295881275087595,0.9914246797561646,0.005616484209895134,-1.487683892250061,-1.16666841506958,-1.4655734300613403,0.2876838445663452,0.03333163261413574,0.2655733823776245,0.29391729831695557,0.40392881631851196,0.30215391516685486,audio,audio,1,0.4285714328289032,0.5,0.4893617033958435,0.450874388217926,0.549125611782074,0.00295881275087595,0.9914246797561646,0.005616484209895134,0.23989219963550568,0.3760342299938202,0.3840736150741577,audio,vision,0,0.05487239733338356,1.077779769897461,0.41026031970977783,0.14639520645141602,0.32101547718048096,-1.2850680351257324,-1.5743287801742554,0.28926074504852295,0.5894218689869436,0.4105781310130564,1
360,lXPQBPVc5Cw$_$19,-1.7999999523162842,-0.09546978771686554,0.001654891180805862,0.9958428740501404,0.0025021687615662813,0.4263134300708771,0.278707891702652,0.2955893874168396,2.226313352584839,2.0787079334259033,2.0955893993377686,0.29584580659866333,0.3557916581630707,0.34836244583129883,audio,audio,1,0.5555555820465088,0.5,0.47999998927116394,0.43199941515922546,0.5680005550384521,0.001654891180805862,0.9958428740501404,0.0025021687615662813,0.28140032291412354,0.35451847314834595,0.3640812039375305,audio,vision,0,0.02973589301109314,1.0923027992248535,0.4275496006011963,0.06596393138170242,0.1476055383682251,-0.046511001884937286,-0.15984167158603668,0.1133306697010994,0.4646432756555173,0.5353567243444827,0
244,fvVhgmXxadc$_$10,0.0,0.35108038783073425,0.001545158913359046,0.9956564903259277,0.002798407105728984,0.9190828204154968,0.6593173146247864,0.6599332094192505,0.9190828204154968,0.6593173146247864,0.6599332094192505,0.2655206322669983,0.3673810064792633,0.36709830164909363,audio,audio,1,0.5,0.5416666865348816,0.5254237055778503,0.44806697964668274,0.5519330501556396,0.001545158913359046,0.9956564903259277,0.002798407105728984,0.24583041667938232,0.3714033365249634,0.3827662169933319,audio,vision,0,0.030786290764808655,1.08037269115448,0.416168749332428,0.12230971455574036,0.25976550579071045,0.28862181305885315,0.42801740765571594,0.1393955945968628,0.5434512431155808,0.45654875688441915,1
27,c7UH_rxdZv4$_$19,-1.7999999523162842,-0.03762628138065338,0.0025006867945194244,0.9927385449409485,0.004760781768709421,0.5300503969192505,0.3914051651954651,0.3947758674621582,2.330050468444824,2.1914050579071045,2.1947758197784424,0.29643139243125916,0.35252535343170166,0.3510432243347168,audio,audio,1,0.4444444477558136,0.5111111402511597,0.5,0.42629164457321167,0.5737083554267883,0.0025006867945194244,0.9927385449409485,0.004760781768709421,0.24103884398937225,0.3756316900253296,0.3833294212818146,audio,vision,0,0.04767463356256485,1.0783071517944336,0.411404550075531,0.06457816809415817,0.1386452317237854,-0.01681404933333397,-0.06563563644886017,0.0488215871155262,0.4847479873126432,0.5152520126873568,0
446,phBUpBr1hSo$_$8,-2.200000047683716,-0.4733814001083374,0.0011391238076612353,0.9966723918914795,0.0021884343586862087,-0.33098742365837097,-0.25505584478378296,-0.4110530912876129,1.8690125942230225,1.944944143295288,1.7889469861984253,0.33170661330223083,0.3016708195209503,0.3666226267814636,audio,vision,0,0.4399999976158142,0.5457317233085632,0.4855305552482605,0.44484743475914,0.5551525354385376,0.0011391238076612353,0.9966723918914795,0.0021884343586862087,0.22794334590435028,0.396810919046402,0.37524569034576416,audio,audio,0,0.0244456697255373,1.071626901626587,0.3999076783657074,0.06369306147098541,0.15599724650382996,-0.3069022595882416,-0.6811410188674927,0.3742387592792511,0.3851374533704047,0.6148625466295953,0
624,yDtzw_Y-7RU$_$17,0.20000000298023224,0.6111992597579956,0.0017874620389193296,0.9957606196403503,0.002451906679198146,1.303322434425354,0.8944237232208252,0.9169150590896606,1.1033223867416382,0.6944237351417542,0.7169150710105896,0.23320312798023224,0.38878753781318665,0.3780093491077423,audio,audio,1,0.6086956262588501,0.5180723071098328,0.49000000953674316,0.4596408009529114,0.5403591990470886,0.0017874620389193296,0.9957606196403503,0.002451906679198146,0.299771249294281,0.3485923707485199,0.3516363799571991,audio,vision,0,0.03027769923210144,1.0960253477096558,0.43144553899765015,0.187680184841156,0.4088987112045288,0.5483072996139526,0.6851358413696289,0.13682854175567627,0.5426549870447873,0.4573450129552127,1
310,k5Y_838nuGo$_$28,2.0,0.8453823328018188,0.001158644794486463,0.9966387748718262,0.0022025369107723236,1.825264811515808,1.0931742191314697,1.2434073686599731,0.1747351884841919,0.9068257808685303,0.7565926313400269,0.5308777689933777,0.21260131895542145,0.2565208673477173,audio,text,0,0.5,0.4375,0.5263158082962036,0.49296361207962036,0.5070363879203796,0.001158644794486463,0.9966387748718262,0.0022025369107723236,0.2598258852958679,0.3260326683521271,0.414141446352005,audio,vision,0,0.0246640145778656,1.0806677341461182,0.44707077741622925,0.3157151937484741,0.7320905923843384,0.7102243900299072,0.9843986630439758,0.2741742730140686,0.41514943236199703,0.5848505676380029,0
49,cW1FSBF59ik$_$24,0.0,0.9569193124771118,0.0011255440767854452,0.9970114231109619,0.0018630399135872722,1.8961237668991089,1.1796760559082031,1.2638319730758667,1.8961237668991089,1.1796760559082031,1.2638319730758667,0.17690017819404602,0.4331764280796051,0.3899233639240265,audio,audio,1,0.5,0.5517241358757019,0.4571428596973419,0.48800337314605713,0.5119966268539429,0.0011255440767854452,0.9970114231109619,0.0018630399135872722,0.25378066301345825,0.3955758213996887,0.3506435453891754,audio,audio,1,0.02233617752790451,1.0823369026184082,0.4009571075439453,0.3197520673274994,0.7164477109909058,0.8684471249580383,1.0497413873672485,0.1812942624092102,0.5564132352455652,0.4435867647544348,1
211,f9O3YtZ2VfI$_$5,-1.7999999523162842,-0.9228549003601074,0.0029467795975506306,0.9932169318199158,0.0038363090716302395,-0.9006233811378479,-0.7116478085517883,-0.8946759700775146,0.8993765711784363,1.0883522033691406,0.9053239822387695,0.35942772030830383,0.2838067412376404,0.3567655086517334,audio,text,0,0.5714285969734192,0.517241358757019,0.43809524178504944,0.44590672850608826,0.5540932416915894,0.0029467795975506306,0.9932169318199158,0.0038363090716302395,0.300353467464447,0.36789435148239136,0.3317521810531616,audio,audio,0,0.045273326337337494,1.0951876640319824,0.4168817400932312,0.08771572262048721,0.18897557258605957,-0.7665751576423645,-1.1170514822006226,0.35047632455825806,0.3921948894063933,0.6078051105936066,0
99,cXypl4FnoZo$_$16,-0.6000000238418579,-0.04875170812010765,0.001144844456575811,0.9968666434288025,0.001988455420359969,0.4453270137310028,0.29787561297416687,0.34071001410484314,1.045327067375183,0.8978756666183472,0.9407100677490234,0.2992130219936371,0.35977181792259216,0.3410152196884155,audio,audio,1,0.4482758641242981,0.5833333134651184,0.4482758641242981,0.4319077730178833,0.5680922269821167,0.001144844456575811,0.9968666434288025,0.001988455420359969,0.23018112778663635,0.4255782961845398,0.34424057602882385,audio,audio,1,0.023250848054885864,1.068787932395935,0.3808588981628418,0.061933133751153946,0.14745140075683594,-0.032367389649152756,-0.07030215114355087,0.03793476149439812,0.4881476078012263,0.5118523921987738,0
419,pLTX3ipuDJI$_$3,-1.2000000476837158,0.23812158405780792,0.0013853668933734298,0.9972063899040222,0.0014082780107855797,0.8452279567718506,0.5762285590171814,0.618826150894165,2.0452280044555664,1.776228666305542,1.8188261985778809,0.268326997756958,0.3755740225315094,0.3560989797115326,audio,audio,1,0.52173912525177,0.5094339847564697,0.25,0.4312305152416229,0.5687694549560547,0.0013853668933734298,0.9972063899040222,0.0014082780107855797,0.30781495571136475,0.42339760065078735,0.2687874436378479,audio,audio,1,0.02115376852452755,1.0797135829925537,0.38253921270370483,0.1180550754070282,0.2689993977546692,0.19088420271873474,0.30042511224746704,0.1095409095287323,0.534178151057504,0.46582184894249595,1
59,cW1FSBF59ik$_$7,0.5,0.5033005475997925,0.002056698314845562,0.990483283996582,0.00745997903868556,1.2487096786499023,0.6242278218269348,0.747687816619873,0.7487096786499023,0.12422782182693481,0.24768781661987305,0.19788578152656555,0.4319424331188202,0.37017181515693665,audio,audio,1,0.4000000059604645,0.47058823704719543,0.75,0.5030714869499207,0.49692851305007935,0.002056698314845562,0.990483283996582,0.00745997903868556,0.18005545437335968,0.2902835011482239,0.5296610593795776,audio,vision,0,0.05873583257198334,1.0043632984161377,0.46679991483688354,0.2700293958187103,0.6244818568229675,0.41465428471565247,0.590864360332489,0.17621007561683655,0.5017245697386779,0.4982754302613222,0
179,etzxEpPuc6I$_$11,-1.600000023841858,0.2761986255645752,0.001195408869534731,0.9972097277641296,0.001594887231476605,0.8823574185371399,0.5701647996902466,0.6291474103927612,2.4823575019836426,2.1701648235321045,2.229147434234619,0.2597625255584717,0.3837566077709198,0.35648083686828613,audio,audio,1,0.5789473652839661,0.6078431606292725,0.4354838728904724,0.4567752480506897,0.5432247519493103,0.001195408869534731,0.9972097277641296,0.001594887231476605,0.27543336153030396,0.41166359186172485,0.3129030764102936,audio,audio,1,0.02110317349433899,1.0840680599212646,0.3903641104698181,0.1354246437549591,0.3121926188468933,0.22015821933746338,0.34284529089927673,0.12268707156181335,0.5382647437461131,0.46173525625388684,1
586,wMbj6ajWbic$_$2,-0.800000011920929,0.6091569066047668,0.001460160594433546,0.9954501986503601,0.003089698264375329,1.3032400608062744,0.8715697526931763,0.9232034683227539,2.1032400131225586,1.67156982421875,1.723203420639038,0.23130013048648834,0.39674898982048035,0.37195083498954773,audio,audio,1,0.4285714328289032,0.3734939694404602,0.5199999809265137,0.45710986852645874,0.5428901314735413,0.001460160594433546,0.9954501986503601,0.003089698264375329,0.24645844101905823,0.30966389179229736,0.443877637386322,audio,vision,0,0.031930580735206604,1.0687094926834106,0.4571908414363861,0.19247888028621674,0.43167030811309814,0.5205157995223999,0.7144321799278259,0.19391638040542603,0.5603038918371113,0.43969610816288873,1
147,d6hH302o4v8$_$10,-1.2000000476837158,-0.7644369006156921,0.0035955265630036592,0.9928703904151917,0.0035340306349098682,-0.6402826905250549,-0.5174326300621033,-0.688359260559082,0.5597173571586609,0.6825674176216125,0.5116407871246338,0.34251442551612854,0.29375648498535156,0.3637291193008423,audio,vision,0,0.7272727489471436,0.5263158082962036,0.4545454680919647,0.45519986748695374,0.5448001623153687,0.0035955265630036592,0.9928703904151917,0.0035340306349098682,0.3603293299674988,0.3338363766670227,0.3058342933654785,audio,text,0,0.04729069024324417,1.0963802337646484,0.4393560290336609,0.07197174429893494,0.17092663049697876,-0.5846239328384399,-0.979643702507019,0.3950197696685791,0.3790047459705827,0.6209952540294174,0
300,jUzDDGyPkXU$_$19,2.200000047683716,0.11742359399795532,0.0023976629599928856,0.9957870841026306,0.0018152563134208322,0.7636886239051819,0.4092560410499573,0.49715396761894226,1.4363114833831787,1.7907440662384033,1.7028460502624512,0.42395687103271484,0.2722146511077881,0.30382853746414185,audio,text,0,0.8999999761581421,0.6000000238418579,0.46341463923454285,0.47477975487709045,0.5252202749252319,0.0023976629599928856,0.9957870841026306,0.0018152563134208322,0.41397249698638916,0.3232606053352356,0.2627668082714081,audio,text,1,0.030126776546239853,1.0813472270965576,0.4483509659767151,0.15069808065891266,0.3544325828552246,0.10880991816520691,0.1269523799419403,0.0181424617767334,0.49433072366614894,0.5056692763338512,0
79,cXypl4FnoZo$_$22,0.20000000298023224,-0.4078311324119568,0.0017040312523022294,0.9952459931373596,0.0030499326530843973,-0.19938509166240692,-0.1485624760389328,-0.2676851451396942,0.39938509464263916,0.34856247901916504,0.46768516302108765,0.335147887468338,0.35713011026382446,0.3077220022678375,audio,audio,1,0.5333333611488342,0.5094339847564697,0.5510203838348389,0.4490913450717926,0.5509086847305298,0.0017040312523022294,0.9952459931373596,0.0030499326530843973,0.2579769194126129,0.3438994288444519,0.3981236219406128,audio,vision,0,0.03327260538935661,1.0832784175872803,0.4342310428619385,0.04880578815937042,0.11912266910076141,-0.24235950410366058,-0.6108182668685913,0.36845874786376953,0.6131502064192164,0.3868497935807836,1
277,jUzDDGyPkXU$_$26,-2.0,-0.4860137403011322,0.0024820805992931128,0.9945926070213318,0.0029253209941089153,-0.2919611632823944,-0.21113574504852295,-0.3399633467197418,1.7080388069152832,1.788864254951477,1.6600366830825806,0.3371835947036743,0.3047816753387451,0.35803475975990295,audio,vision,0,0.6800000071525574,0.35555556416511536,0.4727272689342499,0.4434482753276825,0.5565516948699951,0.0024820805992931128,0.9945926070213318,0.0029253209941089153,0.3634391725063324,0.26955971121788025,0.3670010566711426,audio,vision,1,0.03734922781586647,1.0891144275665283,0.48335525393486023,0.053159620612859726,0.12882760167121887,-0.2736506164073944,-0.7525410056114197,0.47889038920402527,0.35466108467388535,0.6453389153261145,0
464,rnaNMUZpvvg$_$15,-1.600000023841858,-1.3646994829177856,0.001594238099642098,0.9946738481521606,0.0037318700924515724,-1.3908294439315796,-1.1272070407867432,-1.4790838956832886,0.20917057991027832,0.47279298305511475,0.12091612815856934,0.3526221811771393,0.253628134727478,0.3937496244907379,audio,vision,0,0.3684210479259491,0.43209877610206604,0.5151515007019043,0.4603431224822998,0.5396568775177002,0.001594238099642098,0.9946738481521606,0.0037318700924515724,0.2175329178571701,0.3462030589580536,0.4362640380859375,audio,vision,1,0.036445293575525284,1.0609381198883057,0.43231385946273804,0.14948168396949768,0.3518768548965454,-1.1639043092727661,-1.6000902652740479,0.43618595600128174,0.36702363393770426,0.6329763660622957,0
450,rnaNMUZpvvg$_$22,-2.200000047683716,0.2709054946899414,0.0012777450028806925,0.9964954257011414,0.002226894022896886,0.8305468559265137,0.5910018682479858,0.6054695844650269,3.0305469036102295,2.791001796722412,2.805469512939453,0.27218252420425415,0.36719924211502075,0.3606182038784027,audio,audio,1,0.48275861144065857,0.5277777910232544,0.48275861144065857,0.4408665597438812,0.5591334104537964,0.0012777450028806925,0.9964954257011414,0.002226894022896886,0.24793553352355957,0.38051414489746094,0.3715503215789795,audio,audio,1,0.025611555203795433,1.0812935829162598,0.4106541574001312,0.1096716821193695,0.23954498767852783,0.21143333613872528,0.3463316261768341,0.13489829003810883,0.5420561120288109,0.4579438879711891,1
577,wMbj6ajWbic$_$27,0.0,0.18894155323505402,0.0012746829306706786,0.9962318539619446,0.0024934171233326197,0.7994745373725891,0.42745187878608704,0.5149737596511841,0.7994745373725891,0.42745187878608704,0.5149737596511841,0.24880985915660858,0.3961200714111328,0.355070024728775,audio,audio,1,0.4444444477558136,0.47999998927116394,0.48275861144065857,0.44916051626205444,0.5508394837379456,0.0012746829306706786,0.9962318539619446,0.0024934171233326197,0.24044327437877655,0.36624374985694885,0.3933129608631134,audio,vision,0,0.027202647179365158,1.0775924921035767,0.419992059469223,0.1588156372308731,0.3720226585865021,0.1195182204246521,0.27408063411712646,0.15456241369247437,0.5481510678400159,0.4518489321599842,1
199,f9O3YtZ2VfI$_$25,-1.399999976158142,1.2165296077728271,0.0015967971412464976,0.9955083131790161,0.0028948462568223476,2.2913730144500732,1.5038729906082153,1.5516935586929321,3.691372871398926,2.9038729667663574,2.951693534851074,0.16136851906776428,0.43184447288513184,0.4067869782447815,audio,audio,1,0.5,0.4761904776096344,0.5199999809265137,0.49579760432243347,0.5042023658752441,0.0015967971412464976,0.9955083131790161,0.0028948462568223476,0.2593664526939392,0.34333473443984985,0.39729878306388855,audio,vision,0,0.03168441355228424,1.0837934017181396,0.43478238582611084,0.3604887127876282,0.7875000238418579,1.1163944005966187,1.3183623552322388,0.20196795463562012,0.5627818838731707,0.43721811612682937,1
264,iiK8YX8oH1E$_$16,0.0,0.03225693479180336,0.0025013205595314503,0.9934021830558777,0.00409652991220355,0.6946045160293579,0.19990947842597961,0.3936908543109894,0.6946045160293579,0.19990947842597961,0.3936908543109894,0.231881245970726,0.4303479790687561,0.3377707898616791,audio,audio,1,0.625,0.3571428656578064,0.5625,0.4630986452102661,0.5369013547897339,0.0025013205595314503,0.9934021830558777,0.00409652991220355,0.31380558013916016,0.2642831802368164,0.4219111502170563,audio,vision,0,0.04408238083124161,1.0794782638549805,0.48607930541038513,0.20353089272975922,0.4946950376033783,0.04226827621459961,0.020650114864110947,0.021618161350488663,0.4932447356456707,0.5067552643543294,0
280,jUzDDGyPkXU$_$21,-1.0,0.697203516960144,0.0036545717157423496,0.9928445219993591,0.003500912105664611,1.5999752283096313,0.8240697383880615,1.0025064945220947,2.599975109100342,1.8240697383880615,2.0025064945220947,0.17397525906562805,0.45888271927833557,0.36714205145835876,audio,audio,1,0.75,0.34285715222358704,0.4285714328289032,0.4868629574775696,0.5131370425224304,0.0036545717157423496,0.9928445219993591,0.003500912105664611,0.41280025243759155,0.26015183329582214,0.3270479142665863,audio,text,0,0.047435157001018524,1.0810586214065552,0.48846182227134705,0.3318028151988983,0.7759054899215698,0.6553614735603333,0.741303563117981,0.0859420895576477,0.5268311038236828,0.47316889617631713,1
669,zhpQhgha_KU$_$8,-1.0,-0.5179449915885925,0.0021478859707713127,0.9941512942314148,0.003700754139572382,-0.33562973141670227,-0.2796412706375122,-0.4113546311855316,0.6643702983856201,0.7203587293624878,0.588645339012146,0.3298492431640625,0.30755385756492615,0.36259695887565613,audio,vision,0,0.6000000238418579,0.46341463923454285,0.5918367505073547,0.4577617049217224,0.5422382950782776,0.0021478859707713127,0.9941512942314148,0.003700754139572382,0.28186142444610596,0.30176404118537903,0.4163745045661926,audio,vision,1,0.0397479273378849,1.0832937955856323,0.4615914821624756,0.05397260561585426,0.1317133605480194,-0.32695239782333374,-0.7441838383674622,0.4172314405441284,0.37249236420929227,0.6275076357907078,0
404,ob23OKe5a9Q$_$2,1.0,0.7584043145179749,0.0007366796489804983,0.9979793429374695,0.001283989753574133,1.6591438055038452,1.0933282375335693,1.143926978111267,0.6591438055038452,0.09332823753356934,0.1439269781112671,0.20273420214653015,0.41123518347740173,0.3860306739807129,audio,audio,1,0.4285714328289032,0.6875,0.42105263471603394,0.4866216480731964,0.513378381729126,0.0007366796489804983,0.9979793429374695,0.001283989753574133,0.20704421401023865,0.48700639605522156,0.3059494197368622,audio,audio,1,0.01588105410337448,1.0387951135635376,0.3406486511230469,0.2556377351284027,0.5658155679702759,0.6637612581253052,0.8582513332366943,0.19449007511138916,0.43951944405826426,0.5604805559417358,0
145,d6hH302o4v8$_$38,-3.0,-0.41186457872390747,0.005016941577196121,0.991455078125,0.003527961205691099,-0.1286536008119583,-0.11317195743322372,-0.1912514567375183,2.8713464736938477,2.8868279457092285,2.808748483657837,0.32655999064445496,0.32030123472213745,0.35313880443573,audio,vision,0,0.8571428656578064,0.4166666567325592,0.4137931168079376,0.45613592863082886,0.5438640713691711,0.005016941577196121,0.991455078125,0.003527961205691099,0.4577503800392151,0.2645129859447479,0.2777366638183594,audio,text,0,0.05499519035220146,1.0652704238891602,0.4846280515193939,0.03375496715307236,0.07807949930429459,-0.21125765144824982,-0.6510540246963501,0.4397963881492615,0.36592346470866755,0.6340765352913325,0
650,yvsjCA6Y5Fc$_$18,-2.200000047683716,-0.5275505781173706,0.001969119068235159,0.9955850839614868,0.002445738296955824,-0.35165080428123474,-0.28898948431015015,-0.43786606192588806,1.8483492136001587,1.911010503768921,1.7621339559555054,0.3291148543357849,0.3043201267719269,0.3665650188922882,audio,vision,0,0.5925925970077515,0.47297295928001404,0.42105263471603394,0.4398258328437805,0.5601741671562195,0.001969119068235159,0.9955850839614868,0.002445738296955824,0.31522077322006226,0.34895771741867065,0.3358214795589447,audio,audio,0,0.0313803032040596,1.0977411270141602,0.4310849606990814,0.06103163957595825,0.14887657761573792,-0.34773004055023193,-0.7565749287605286,0.40884488821029663,0.374945981283856,0.6250540187161441,0
592,wMbj6ajWbic$_$8,-0.20000000298023224,0.42696353793144226,0.003151556709781289,0.9942324757575989,0.0026159770786762238,1.1704245805740356,0.7560070753097534,0.8064378499984741,1.3704246282577515,0.9560070633888245,1.00643789768219,0.2350258231163025,0.3945388197898865,0.37043535709381104,audio,audio,1,0.875,0.4583333432674408,0.5,0.4784429371356964,0.521557092666626,0.003151556709781289,0.9942324757575989,0.0026159770786762238,0.4314400851726532,0.2629944980144501,0.30556541681289673,audio,text,0,0.039458271116018295,1.0762170553207397,0.48749202489852905,0.18462318181991577,0.4144175052642822,0.37072333693504333,0.48827171325683594,0.1175483763217926,0.5366679195295041,0.46333208047049596,1
537,v0zCBqDeKcE$_$6,0.800000011920929,0.8561564683914185,0.001812331029213965,0.9960970282554626,0.0020906126592308283,1.7617436647415161,1.1456129550933838,1.1931179761886597,0.9617436528205872,0.34561294317245483,0.3931179642677307,0.19246678054332733,0.4157511591911316,0.3917820453643799,audio,audio,1,0.6499999761581421,0.4736842215061188,0.43478259444236755,0.4741699993610382,0.5258300304412842,0.001812331029213965,0.9960970282554626,0.0020906126592308283,0.3384315073490143,0.33287110924720764,0.3286973834037781,audio,text,0,0.02823653072118759,1.0985407829284668,0.4421505928039551,0.27992239594459534,0.6161307096481323,0.7708600759506226,0.950745701789856,0.1798856258392334,0.5379287937209993,0.4620712062790006,1
471,tIrG4oNLFzE$_$10,-1.7999999523162842,0.16498860716819763,0.0018955443520098925,0.9935641884803772,0.0045401849783957005,0.7246294617652893,0.49390965700149536,0.5236473679542542,2.5246293544769287,2.2939095497131348,2.3236472606658936,0.2762512266635895,0.36859947443008423,0.3551493287086487,audio,audio,1,0.4000000059604645,0.40740740299224854,0.5625,0.4420218765735626,0.5579781532287598,0.0018955443520098925,0.9935641884803772,0.0045401849783957005,0.22520054876804352,0.3182585537433624,0.45654088258743286,audio,vision,0,0.042790114879608154,1.0580555200576782,0.4502037763595581,0.10247480869293213,0.23071980476379395,0.09900142252445221,0.24828629195690155,0.14928486943244934,0.5465166171543607,0.4534833828456393,1
109,d3_k5Xpfmik$_$16,2.0,0.8855578899383545,0.0009958132868632674,0.997817873954773,0.0011863524559885263,1.9453855752944946,1.0144596099853516,1.2091891765594482,0.05461442470550537,0.9855403900146484,0.7908108234405518,0.5845345258712769,0.18257452547550201,0.23289094865322113,audio,text,0,0.5,0.695652186870575,0.2857142984867096,0.5122871994972229,0.4877128005027771,0.0009958132868632674,0.997817873954773,0.0011863524559885263,0.24349884688854218,0.5164384841918945,0.2400626540184021,audio,audio,0,0.01705504022538662,1.0277737379074097,0.32091957330703735,0.40090563893318176,0.9309259653091431,0.8294543027877808,0.9389702081680298,0.10951590538024902,0.4658296262365841,0.5341703737634159,1
215,f9O3YtZ2VfI$_$9,-2.200000047683716,0.6030848622322083,0.001118174521252513,0.9968177080154419,0.0020640993025153875,1.5730030536651611,0.8695042133331299,1.0362786054611206,3.773003101348877,3.0695042610168457,3.236278533935547,0.18637946248054504,0.4490608274936676,0.36455973982810974,audio,audio,1,0.5384615659713745,0.5,0.5365853905677795,0.4952235817909241,0.5047764182090759,0.001118174521252513,0.9968177080154419,0.0020640993025153875,0.26050978899002075,0.3434501588344574,0.3960399925708771,audio,vision,0,0.02353883534669876,1.0842933654785156,0.4355783462524414,0.3001476228237152,0.7034988403320312,0.46757957339286804,0.741204023361206,0.273624449968338,0.5846836863563732,0.4153163136436268,1
92,cXypl4FnoZo$_$11,1.399999976158142,-0.03781821206212044,0.00162530317902565,0.9956369996070862,0.002737745875492692,0.44932088255882263,0.340895414352417,0.3524375855922699,0.9506790637969971,1.059104561805725,1.0475623607635498,0.3624248206615448,0.3164879083633423,0.3210872709751129,audio,text,0,0.5483871102333069,0.568965494632721,0.5306122303009033,0.435736745595932,0.5642632246017456,0.00162530317902565,0.9956369996070862,0.002737745875492692,0.257369726896286,0.375027060508728,0.3676031827926636,audio,audio,0,0.030945641919970512,1.0850027799606323,0.4137399196624756,0.048620615154504776,0.10842546820640564,-0.001905560027807951,-0.08432379364967346,0.08241823315620422,0.5257329418974535,0.4742670581025465,1
108,d3_k5Xpfmik$_$17,1.600000023841858,0.8581494688987732,0.0029916390776634216,0.9917592406272888,0.005249085370451212,1.8017617464065552,0.9245933294296265,1.1118896007537842,0.20176172256469727,0.6754066944122314,0.48811042308807373,0.44398927688598633,0.245609849691391,0.3104008734226227,audio,text,0,0.5384615659713745,0.29729729890823364,0.5227272510528564,0.4939868450164795,0.5060131549835205,0.0029916390776634216,0.9917592406272888,0.005249085370451212,0.3011190593242645,0.26441019773483276,0.4344707429409027,audio,vision,0,0.053150027990341187,1.0753370523452759,0.4848993718624115,0.37718665599823,0.8771684169769287,0.7809495329856873,0.9372288584709167,0.1562793254852295,0.45131742823315524,0.5486825717668449,0
85,cXypl4FnoZo$_$2,1.0,0.36146998405456543,0.0016271262429654598,0.9960476756095886,0.0023251757957041264,0.9768190979957581,0.6870728731155396,0.6947468519210815,0.023180902004241943,0.31292712688446045,0.30525314807891846,0.41683682799339294,0.29018309712409973,0.2929801046848297,audio,text,0,0.5,0.5483871102333069,0.4054054021835327,0.4450346827507019,0.5549653172492981,0.0016271262429654598,0.9960476756095886,0.0023251757957041264,0.26718869805336,0.4076283872127533,0.3251829445362091,audio,audio,0,0.02849193476140499,1.0837409496307373,0.39227956533432007,0.13481532037258148,0.2897462248802185,0.30218490958213806,0.43539944291114807,0.13321453332901,0.45846638538846834,0.5415336146115316,0
679,zhpQhgha_KU$_$18,0.6000000238418579,0.607759952545166,0.0017793249571695924,0.9956501126289368,0.0025705459993332624,1.3424445390701294,0.9037922620773315,0.9395591020584106,0.7424445152282715,0.30379223823547363,0.33955907821655273,0.22804942727088928,0.3946020305156708,0.37734854221343994,audio,audio,1,0.6363636255264282,0.529411792755127,0.5365853905677795,0.4703081548213959,0.5296918153762817,0.0017793249571695924,0.9956501126289368,0.0025705459993332624,0.29898518323898315,0.3363608419895172,0.364654004573822,audio,vision,0,0.03093602880835533,1.0953372716903687,0.43952620029449463,0.19888907670974731,0.43865227699279785,0.5330538749694824,0.6918988227844238,0.1588449478149414,0.5077970710312285,0.49220292896877155,1
180,etzxEpPuc6I$_$10,-1.399999976158142,0.15070794522762299,0.0014921484980732203,0.9952890872955322,0.0032187404576689005,0.7032418847084045,0.4369521141052246,0.514794111251831,2.1032419204711914,1.8369520902633667,1.9147940874099731,0.273181289434433,0.3810757100582123,0.34574297070503235,audio,audio,1,0.5,0.42500001192092896,0.5957446694374084,0.4520430564880371,0.5479569435119629,0.0014921484980732203,0.9952890872955322,0.0032187404576689005,0.2463734745979309,0.30073368549346924,0.4528927505016327,audio,vision,0,0.032881587743759155,1.065223217010498,0.4630369544029236,0.11179453879594803,0.26628977060317993,0.09638074785470963,0.2165622115135193,0.12018146365880966,0.5374862344714132,0.46251376552858675,1
149,d6hH302o4v8$_$12,1.399999976158142,0.2651803493499756,0.002593772951513529,0.9923760294914246,0.005030207801610231,0.8416293263435364,0.5774009823799133,0.5930788516998291,0.5583706498146057,0.8225989937782288,0.806921124458313,0.4078867435455322,0.2931557893753052,0.2989575266838074,audio,text,0,0.6666666865348816,0.380952388048172,0.7200000286102295,0.4706438481807709,0.5293561220169067,0.002593772951513529,0.9923760294914246,0.005030207801610231,0.28965723514556885,0.2288908213376999,0.4814518988132477,audio,vision,0,0.04966114088892937,1.0483204126358032,0.5089901685714722,0.1210324689745903,0.26422834396362305,0.1922582983970642,0.34719938039779663,0.15494108200073242,0.45173169842786953,0.5482683015721305,0
239,f_pcplsH_V0$_$7,0.0,-0.1040085181593895,0.0014617086853832006,0.9963924288749695,0.002145839622244239,0.4127168357372284,0.237071231007576,0.2902793288230896,0.4127168357372284,0.237071231007576,0.2902793288230896,0.29317739605903625,0.36515969038009644,0.3416629135608673,audio,audio,1,0.5454545617103577,0.5,0.4482758641242981,0.4321845471858978,0.5678154230117798,0.0014617086853832006,0.9963924288749695,0.002145839622244239,0.2826848328113556,0.36518508195877075,0.35213005542755127,audio,audio,1,0.02632780745625496,1.0925573110580444,0.4208049178123474,0.07354018092155457,0.1756456047296524,-0.04920937120914459,-0.17600508034229279,0.1267957091331482,0.5395409196023466,0.4604590803976533,1
90,cXypl4FnoZo$_$9,1.2000000476837158,0.06190970912575722,0.0018178224563598633,0.9957526922225952,0.0024294909089803696,0.5926937460899353,0.44458648562431335,0.4517726004123688,0.6073063015937805,0.7554135322570801,0.7482274770736694,0.3746042251586914,0.31129348278045654,0.31410229206085205,audio,text,0,0.5789473652839661,0.5102040767669678,0.4482758641242981,0.4270305633544922,0.5729694366455078,0.0018178224563598633,0.9957526922225952,0.0024294909089803696,0.29728007316589355,0.3623529374599457,0.34036698937416077,audio,audio,0,0.03033464029431343,1.0952863693237305,0.42226648330688477,0.06818779557943344,0.14810726046562195,0.0575551874935627,0.0677523985505104,0.010197211056947708,0.49681341468925644,0.5031865853107435,0
174,dq3Nf_lMPnE$_$4,-0.4000000059604645,-0.058243509382009506,0.0015290533192455769,0.9956522583961487,0.0028187392745167017,0.4543372094631195,0.2912113666534424,0.35395216941833496,0.854337215423584,0.6912113428115845,0.753952145576477,0.29762980341911316,0.3649490773677826,0.33742114901542664,audio,audio,1,0.5185185074806213,0.4523809552192688,0.5392156839370728,0.4381118416786194,0.5618881583213806,0.0015290533192455769,0.9956522583961487,0.0028187392745167017,0.26220956444740295,0.3249601721763611,0.41283032298088074,audio,vision,0,0.030801400542259216,1.081507682800293,0.4471280574798584,0.06718432903289795,0.16312584280967712,-0.002016637474298477,-0.13035571575164795,0.12833908200263977,0.45997983053907726,0.5400201694609228,0
13,c7UH_rxdZv4$_$5,-2.200000047683716,0.33186301589012146,0.0012238618219271302,0.9964507818222046,0.0023253459949046373,0.9810140132904053,0.6118447780609131,0.6970324516296387,3.181014060974121,2.811844825744629,2.8970324993133545,0.24921880662441254,0.39535844326019287,0.3554227948188782,audio,audio,1,0.5263158082962036,0.5740740895271301,0.5625,0.46707165241241455,0.5329283475875854,0.0012238618219271302,0.9964507818222046,0.0023253459949046373,0.24009180068969727,0.3733184039592743,0.38658979535102844,audio,vision,0,0.025850430130958557,1.0777980089187622,0.41542157530784607,0.1578284651041031,0.3691692352294922,0.23261885344982147,0.4451005160808563,0.21248166263103485,0.5660129046628428,0.4339870953371572,1
358,lXPQBPVc5Cw$_$17,-1.7999999523162842,-0.12337131798267365,0.0015046769985929132,0.9954171180725098,0.0030781812965869904,0.3263961672782898,0.2575850188732147,0.27322936058044434,2.1263961791992188,2.0575850009918213,2.0732293128967285,0.3166021406650543,0.34503981471061707,0.3383580148220062,audio,audio,1,0.5,0.52173912525177,0.5783132314682007,0.4405461251735687,0.5594538450241089,0.0015046769985929132,0.9954171180725098,0.0030781812965869904,0.23784352838993073,0.3477955758571625,0.414360910654068,audio,vision,0,0.032153911888599396,1.0739574432373047,0.4317476749420166,0.029451332986354828,0.06881114840507507,-0.02705223113298416,-0.24568787217140198,0.2186356484889984,0.4320984669653761,0.5679015330346239,0
362,lXPQBPVc5Cw$_$30,-2.0,-1.2118338346481323,0.0019641583785414696,0.9933865666389465,0.004649248439818621,-1.2598778009414673,-0.9929922819137573,-1.2106350660324097,0.7401221990585327,1.0070077180862427,0.7893649339675903,0.37641558051109314,0.269639790058136,0.3539445698261261,audio,text,0,0.3333333432674408,0.5230769515037537,0.5,0.4434136748313904,0.5565863251686096,0.0019641583785414696,0.9933865666389465,0.004649248439818621,0.20168623328208923,0.3968989849090576,0.40141481161117554,audio,vision,0,0.0438048355281353,1.0560673475265503,0.39765843749046326,0.11596029251813889,0.26688551902770996,-1.0973777770996094,-1.3555024862289429,0.2581247091293335,0.4200286246944498,0.5799713753055503,0
192,etzxEpPuc6I$_$5,0.0,0.7753230333328247,0.0009994611609727144,0.9964694976806641,0.0025310651399195194,1.5517815351486206,1.0107736587524414,1.0697370767593384,1.5517815351486206,1.0107736587524414,1.0697370767593384,0.2086249440908432,0.4102628231048584,0.3811121881008148,audio,audio,1,0.3478260934352875,0.4444444477558136,0.5263158082962036,0.4683517515659332,0.5316482782363892,0.0009994611609727144,0.9964694976806641,0.0025310651399195194,0.20538082718849182,0.35145220160484314,0.44316694140434265,audio,vision,0,0.02556234411895275,1.053255319595337,0.430011510848999,0.2423342615365982,0.5410078763961792,0.6768352389335632,0.8871212601661682,0.21028602123260498,0.5653386049252676,0.43466139507473245,1
496,tStelxIAHjw$_$3,0.5,0.5179610848426819,0.0010296677937731147,0.9966105818748474,0.002359699225053191,1.2676626443862915,0.818280816078186,0.8872520923614502,0.7676626443862915,0.31828081607818604,0.3872520923614502,0.2292243242263794,0.40199047327041626,0.36878517270088196,audio,audio,1,0.4000000059604645,0.5333333611488342,0.529411792755127,0.4652789533138275,0.5347210168838501,0.0010296677937731147,0.9966105818748474,0.002359699225053191,0.2095125913619995,0.3839324116706848,0.4065549969673157,audio,vision,0,0.02474057860672474,1.0609104633331299,0.4084521234035492,0.19760042428970337,0.44938182830810547,0.4133775234222412,0.6381535530090332,0.224776029586792,0.5160978957296916,0.4839021042703085,1
377,nzpVDcQ0ywM$_$23,2.0,0.8674106597900391,0.001699805841781199,0.9960020184516907,0.0022981129586696625,1.80446195602417,1.023996353149414,1.1410995721817017,0.19553804397583008,0.9760036468505859,0.8589004278182983,0.5514594912528992,0.207885280251503,0.24065522849559784,audio,text,0,0.5,0.5789473652839661,0.3636363744735718,0.4892340302467346,0.5107659697532654,0.001699805841781199,0.9960020184516907,0.0022981129586696625,0.2656194567680359,0.4360121488571167,0.2983683943748474,audio,audio,0,0.028792601078748703,1.0749109983444214,0.3733266294002533,0.3436550498008728,0.7804656028747559,0.8135724663734436,0.9236183166503906,0.11004585027694702,0.46566479565756347,0.5343352043424365,0
282,jUzDDGyPkXU$_$23,1.2000000476837158,0.39084121584892273,0.0014694497222080827,0.996384859085083,0.0021456966642290354,1.0772563219070435,0.7063987255096436,0.746548056602478,0.12274372577667236,0.49360132217407227,0.4534519910812378,0.4365972876548767,0.2746340036392212,0.2887686789035797,audio,text,0,0.5714285969734192,0.5789473652839661,0.47826087474823,0.462375670671463,0.5376243591308594,0.0014694497222080827,0.996384859085083,0.0021456966642290354,0.2736910879611969,0.3882595896720886,0.3380492925643921,audio,audio,0,0.02637738734483719,1.0885976552963257,0.4054168164730072,0.16617102921009064,0.3708575963973999,0.3153385519981384,0.47863146662712097,0.16329291462898254,0.44914739938653025,0.5508526006134697,0
535,v0zCBqDeKcE$_$4,0.0,0.3685474991798401,0.0023417798802256584,0.9945500493049622,0.003108133329078555,0.9889197945594788,0.6935136318206787,0.7014124393463135,0.9889197945594788,0.6935136318206787,0.7014124393463135,0.25779128074645996,0.3729363679885864,0.3692723512649536,audio,audio,1,0.7058823704719543,0.4444444477558136,0.5714285969734192,0.458831787109375,0.541168212890625,0.0023417798802256584,0.9945500493049622,0.003108133329078555,0.33634865283966064,0.2787279784679413,0.3849233388900757,audio,vision,0,0.03756438195705414,1.0900588035583496,0.4772147536277771,0.13743185997009277,0.29540616273880005,0.3082386553287506,0.4396786391735077,0.13143998384475708,0.5409828438449873,0.45901715615501265,1
681,zhpQhgha_KU$_$30,-2.0,-0.342072069644928,0.002549943746998906,0.9889402985572815,0.008509740233421326,0.09119048714637756,0.11419834941625595,0.02408379316329956,2.0911905765533447,2.1141984462738037,2.0240838527679443,0.3268880248069763,0.3176206350326538,0.35549136996269226,audio,vision,0,0.5714285969734192,0.574999988079071,0.9166666865348816,0.4886993169784546,0.5113006830215454,0.002549943746998906,0.9889402985572815,0.008509740233421326,0.19042910635471344,0.26369595527648926,0.5458749532699585,audio,vision,1,0.06678780168294907,0.9977715015411377,0.4834962487220764,0.038229282945394516,0.09011455625295639,-0.21493634581565857,-0.47508758306503296,0.2601512372493744,0.4194116605969123,0.5805883394030877,0
71,cW1FSBF59ik$_$19,0.20000000298023224,-0.5233435034751892,0.0023160967975854874,0.9917877316474915,0.0058961231261491776,-0.3313061594963074,-0.23677250742912292,-0.3560746908187866,0.5313061475753784,0.43677252531051636,0.5560746788978577,0.32310745120048523,0.36363545060157776,0.3132570683956146,audio,audio,1,0.5,0.2916666567325592,0.6551724076271057,0.4569963216781616,0.5430036783218384,0.0023160967975854874,0.9917877316474915,0.0058961231261491776,0.24784597754478455,0.2349785417318344,0.5171754956245422,audio,vision,0,0.05249973013997078,1.0270540714263916,0.5045394897460938,0.051405902951955795,0.1193021833896637,-0.30377888679504395,-0.7842304706573486,0.4804515838623047,0.6457854396936816,0.35421456030631837,1
248,fvVhgmXxadc$_$1,-0.4000000059604645,0.7843170166015625,0.0014825022080913186,0.9957796335220337,0.0027378166560083628,1.5745407342910767,1.0445787906646729,1.0624884366989136,1.9745407104492188,1.444578766822815,1.4624884128570557,0.20677611231803894,0.40105122327804565,0.392172634601593,audio,audio,1,0.44999998807907104,0.5384615659713745,0.47727271914482117,0.46776971220970154,0.5322302579879761,0.0014825022080913186,0.9957796335220337,0.0027378166560083628,0.23826248943805695,0.39261406660079956,0.3691234588623047,audio,audio,1,0.030023228377103806,1.0767028331756592,0.40211042761802673,0.24571391940116882,0.5299619436264038,0.7107370495796204,0.8680366277694702,0.15729957818984985,0.5489983585989581,0.451001641401042,1
187,etzxEpPuc6I$_$19,-0.5,-0.5393966436386108,0.001509212190285325,0.9954875111579895,0.0030033220537006855,-0.3820057809352875,-0.29640066623687744,-0.457346111536026,0.11799421906471252,0.20359933376312256,0.042653888463974,0.33363667130470276,0.2997792065143585,0.3665841221809387,audio,vision,0,0.46000000834465027,0.4327485263347626,0.5196078419685364,0.4463270604610443,0.5536729097366333,0.001509212190285325,0.9954875111579895,0.0030033220537006855,0.24779468774795532,0.33076679706573486,0.4214385151863098,audio,vision,1,0.03174977004528046,1.075810194015503,0.44314712285995483,0.06575023382902145,0.16094544529914856,-0.3540187180042267,-0.7693596482276917,0.41534093022346497,0.5384795009821931,0.46152049901780695,1
47,cM3Yna7AavY$_$9,-0.20000000298023224,0.3629111051559448,0.002912825206294656,0.9938812255859375,0.003205909626558423,1.2101064920425415,0.8598347902297974,0.7930171489715576,1.4101065397262573,1.0598348379135132,0.9930171370506287,0.23620136082172394,0.3659600615501404,0.39783862233161926,audio,vision,0,0.6666666865348816,0.534246563911438,0.4597701132297516,0.4561581611633301,0.5438418388366699,0.002912825206294656,0.9938812255859375,0.003205909626558423,0.34680917859077454,0.341095894575119,0.31209495663642883,audio,text,0,0.041517678648233414,1.097562313079834,0.43519026041030884,0.18291419744491577,0.4170893430709839,0.3708912432193756,0.353397011756897,0.017494231462478638,0.49453327051550483,0.5054667294844951,0
262,iiK8YX8oH1E$_$14,-1.2000000476837158,-0.8236904740333557,0.0029453840106725693,0.9930254220962524,0.004029161762446165,-0.734591543674469,-0.5977452993392944,-0.795928955078125,0.4654085040092468,0.6022547483444214,0.4040710926055908,0.3421774208545685,0.2883778512477875,0.36944472789764404,audio,vision,0,0.6428571343421936,0.5,0.5,0.45519083738327026,0.5448091626167297,0.0029453840106725693,0.9930254220962524,0.004029161762446165,0.3125084936618805,0.3355390727519989,0.3519524037837982,audio,vision,1,0.046332042664289474,1.097429871559143,0.4383242130279541,0.08284249901771545,0.19818365573883057,-0.6261889338493347,-1.0600762367248535,0.4338873028755188,0.36763895968230287,0.632361040317697,0
408,ob23OKe5a9Q$_$6,0.0,-0.5739143490791321,0.0018096060957759619,0.9955711960792542,0.0026192821096628904,-0.40855127573013306,-0.3364180326461792,-0.49143877625465393,0.40855127573013306,0.3364180326461792,0.49143877625465393,0.333785742521286,0.3652805685997009,0.30093368887901306,audio,audio,1,0.5600000023841858,0.4615384638309479,0.460317462682724,0.4424113631248474,0.5575886368751526,0.0018096060957759619,0.9955711960792542,0.0026192821096628904,0.2943386137485504,0.3418583273887634,0.36380305886268616,audio,vision,0,0.03141723573207855,1.0947767496109009,0.43580853939056396,0.06333770602941513,0.15502074360847473,-0.3913304805755615,-0.804032027721405,0.4127015471458435,0.6261831512464932,0.37381684875350685,1
320,k5Y_838nuGo$_$8,-1.399999976158142,-0.2338850349187851,0.0014857716159895062,0.9958674907684326,0.00264670979231596,0.2615547478199005,0.017463412135839462,0.025059722363948822,1.6615546941757202,1.4174634218215942,1.4250596761703491,0.2702164053916931,0.36662420630455017,0.3631594181060791,audio,audio,1,0.4285714328289032,0.5,0.4166666567325592,0.43879035115242004,0.5612096786499023,0.0014857716159895062,0.9958674907684326,0.00264670979231596,0.24212630093097687,0.4004497528076172,0.35742390155792236,audio,audio,1,0.02950575202703476,1.0776145458221436,0.39694517850875854,0.11331772804260254,0.24409133195877075,-0.1276036947965622,-0.3698180913925171,0.2422143965959549,0.4248809634550471,0.5751190365449529,0
73,cXypl4FnoZo$_$24,0.20000000298023224,-0.8586752414703369,0.001391109311953187,0.9957072734832764,0.0029015764594078064,-0.7999600172042847,-0.6556840538978577,-0.880964994430542,0.9999600052833557,0.8556840419769287,1.0809650421142578,0.3224421441555023,0.386166512966156,0.29139137268066406,audio,audio,1,0.46000000834465027,0.6168224215507507,0.5555555820465088,0.46178698539733887,0.5382130146026611,0.001391109311953187,0.9957072734832764,0.0029015764594078064,0.21188928186893463,0.4066832363605499,0.381427526473999,audio,audio,1,0.03038617968559265,1.0623210668563843,0.3926827311515808,0.09317180514335632,0.22528094053268433,-0.6920076012611389,-1.0529265403747559,0.36091893911361694,0.6109123067246586,0.38908769327534154,1
617,yDtzw_Y-7RU$_$8,-1.5,-0.837990403175354,0.0019091640133410692,0.9960467219352722,0.002044077729806304,-0.7285186052322388,-0.6049128174781799,-0.8284294605255127,0.7714813947677612,0.8950871825218201,0.6715705394744873,0.334463894367218,0.2865811586380005,0.37895500659942627,audio,vision,0,0.7142857313156128,0.6875,0.4736842215061188,0.4764729142189026,0.5235270857810974,0.0019091640133410692,0.9960467219352722,0.002044077729806304,0.30784696340560913,0.40938395261764526,0.28276902437210083,audio,audio,0,0.028557462617754936,1.0854848623275757,0.39110851287841797,0.09142104536294937,0.22351664304733276,-0.6495971083641052,-1.0449885129928589,0.39539140462875366,0.37889541704339436,0.6211045829566056,0
596,wMbj6ajWbic$_$12,1.600000023841858,0.7995140552520752,0.002144891768693924,0.9939554333686829,0.003899704897776246,1.7243458032608032,0.9016003608703613,1.076495885848999,0.12434577941894531,0.6983996629714966,0.5235041379928589,0.477302610874176,0.23289398849010468,0.2898034155368805,audio,text,0,0.5714285969734192,0.4000000059604645,0.5666666626930237,0.5011476278305054,0.49885237216949463,0.002144891768693924,0.9939554333686829,0.003899704897776246,0.28542250394821167,0.2884314954280853,0.4261459410190582,audio,vision,0,0.04083697870373726,1.079955816268921,0.4703492820262909,0.3539001941680908,0.8227454423904419,0.7159956097602844,0.8826499581336975,0.16665434837341309,0.4481080407323709,0.5518919592676291,1
429,phBUpBr1hSo$_$13,0.800000011920929,0.8996001482009888,0.0011477890657261014,0.9975632429122925,0.0012890337966382504,1.8318004608154297,1.1979315280914307,1.248545527458191,1.0318005084991455,0.3979315161705017,0.44854551553726196,0.1893330216407776,0.4181514382362366,0.3925155699253082,audio,audio,1,0.5454545617103577,0.5789473652839661,0.3181818127632141,0.4778980612754822,0.5221019387245178,0.0011477890657261014,0.9975632429122925,0.0012890337966382504,0.2895159125328064,0.43448778986930847,0.27599629759788513,audio,audio,1,0.018781257793307304,1.0763603448867798,0.3753836154937744,0.28762203454971313,0.633868932723999,0.8250528573989868,0.981042742729187,0.1559898853302002,0.5485929776051729,0.45140702239482705,1
634,yvsjCA6Y5Fc$_$2,-1.2000000476837158,-0.45767003297805786,0.001129776006564498,0.9975989460945129,0.0012712266761809587,-0.27855393290519714,-0.25768861174583435,-0.35811567306518555,0.9214460849761963,0.9423114061355591,0.8418843746185303,0.32479965686798096,0.31643781065940857,0.3587625026702881,audio,vision,0,0.5833333134651184,0.6785714030265808,0.3529411852359772,0.45116522908210754,0.5488348007202148,0.001129776006564498,0.9975989460945129,0.0012712266761809587,0.2712533473968506,0.46828410029411316,0.26046258211135864,audio,audio,0,0.0185407605022192,1.059581995010376,0.35287660360336304,0.04327050596475601,0.1004270613193512,-0.3182868957519531,-0.627227246761322,0.3089403510093689,0.4046383239943074,0.5953616760056927,0
599,wMbj6ajWbic$_$17,2.0,0.8710740208625793,0.0021111909300088882,0.995364785194397,0.002523973351344466,1.8346775770187378,1.0200716257095337,1.1687006950378418,0.1653224229812622,0.9799283742904663,0.8312993049621582,0.5567318201065063,0.2011048048734665,0.24216334521770477,audio,text,0,0.6818181872367859,0.43396225571632385,0.46875,0.49256300926208496,0.507436990737915,0.0021111909300088882,0.995364785194397,0.002523973351344466,0.35010766983032227,0.3034665286540985,0.34642577171325684,audio,text,1,0.0327286422252655,1.096563458442688,0.461265504360199,0.35421255230903625,0.8146059513092041,0.7980676293373108,0.9462850093841553,0.14821738004684448,0.4538141064714426,0.5461858935285574,0
2,c7UH_rxdZv4$_$26,-2.5999999046325684,0.8705288171768188,0.0018477537669241428,0.9954984188079834,0.0026538444217294455,1.7421132326126099,1.1428499221801758,1.1871167421340942,4.342113018035889,3.742849826812744,3.787116527557373,0.19545568525791168,0.4133988916873932,0.39114537835121155,audio,audio,1,0.6363636255264282,0.5609756112098694,0.5400000214576721,0.48684194684028625,0.5131580829620361,0.0018477537669241428,0.9954984188079834,0.0026538444217294455,0.2930142283439636,0.35075896978378296,0.3562268316745758,audio,vision,0,0.031862709671258926,1.0948526859283447,0.4298263490200043,0.2726612091064453,0.5992633104324341,0.7870250344276428,0.9585463404655457,0.17152130603790283,0.5533960220437307,0.4466039779562692,1
93,cXypl4FnoZo$_$10,2.0,0.6226509213447571,0.0018814235227182508,0.995435893535614,0.002682657679542899,1.3865431547164917,0.9351520538330078,0.9722305536270142,0.6134568452835083,1.0648479461669922,1.0277694463729858,0.46198582649230957,0.2627742290496826,0.2752399742603302,audio,text,0,0.5833333134651184,0.5151515007019043,0.4871794879436493,0.46380236744880676,0.5361976623535156,0.0018814235227182508,0.995435893535614,0.002682657679542899,0.29168274998664856,0.35446539521217346,0.3538517951965332,audio,audio,0,0.03224482759833336,1.0946193933486938,0.4273136556148529,0.20460902154445648,0.4513911008834839,0.5391326546669006,0.7192056179046631,0.18007296323776245,0.44396359471641533,0.5560364052835847,0
126,d6hH302o4v8$_$27,-2.5999999046325684,0.4871944189071655,0.001342646311968565,0.9973614811897278,0.0012958833249285817,1.2907899618148804,0.7555077075958252,0.8508542776107788,3.8907899856567383,3.3555076122283936,3.4508543014526367,0.21341991424560547,0.4166991114616394,0.3698809742927551,audio,audio,1,0.4000000059604645,0.4444444477558136,0.09090909361839294,0.4363672137260437,0.5636327862739563,0.001342646311968565,0.9973614811897278,0.0012958833249285817,0.2984924912452698,0.4599471390247345,0.24156039953231812,audio,audio,1,0.020129848271608353,1.061264991760254,0.35827621817588806,0.23313359916210175,0.5352822542190552,0.4355984926223755,0.5538381934165955,0.11823970079421997,0.5368827897166404,0.46311721028335967,1
84,cXypl4FnoZo$_$3,1.7999999523162842,0.9857611060142517,0.0014580384595319629,0.993686854839325,0.004855153150856495,2.0220718383789062,1.0205992460250854,1.2486554384231567,0.22207188606262207,0.7794007062911987,0.5513445138931274,0.4627826511859894,0.2305796891450882,0.30663764476776123,audio,text,0,0.5714285969734192,0.4545454680919647,0.8571428656578064,0.5617861151695251,0.43821388483047485,0.0014580384595319629,0.993686854839325,0.004855153150856495,0.2064531147480011,0.2353290468454361,0.5582178235054016,audio,vision,0,0.041681982576847076,0.9916287660598755,0.5055718421936035,0.42858028411865234,1.0014725923538208,0.8248779773712158,1.1112558841705322,0.2863779067993164,0.41145048318157934,0.5885495168184206,1
210,f9O3YtZ2VfI$_$2,1.25,0.9991454482078552,0.001062819384969771,0.9976916313171387,0.0012455153046175838,2.1947834491729736,1.3730778694152832,1.4906123876571655,0.9447834491729736,0.1230778694152832,0.24061238765716553,0.16117440164089203,0.45016714930534363,0.38865840435028076,audio,audio,1,0.5714285969734192,0.5769230723381042,0.35483869910240173,0.5004700422286987,0.49952995777130127,0.001062819384969771,0.9976916313171387,0.0012455153046175838,0.2938167452812195,0.41804683208465576,0.28813642263412476,audio,audio,1,0.017912890762090683,1.0830051898956299,0.38642987608909607,0.36283931136131287,0.8217055797576904,0.8848285675048828,1.1132476329803467,0.22841906547546387,0.42910005858004907,0.5708999414199509,1
605,yDtzw_Y-7RU$_$20,-0.6000000238418579,0.2563173770904541,0.003577672876417637,0.9920084476470947,0.004413890652358532,0.9293245673179626,0.39391791820526123,0.5447475910186768,1.5293245315551758,0.9939179420471191,1.1447476148605347,0.21881701052188873,0.4273033142089844,0.3538796603679657,audio,audio,1,0.6000000238418579,0.38461539149284363,0.4193548262119293,0.44964560866355896,0.5503543615341187,0.003577672876417637,0.9920084476470947,0.004413890652358532,0.3393462598323822,0.3122071325778961,0.34844663739204407,audio,vision,0,0.05204922333359718,1.0975366830825806,0.45320090651512146,0.22541551291942596,0.5354066491127014,0.24422667920589447,0.2711160480976105,0.026889368891716003,0.5084021367694008,0.4915978632305991,1
487,tIrG4oNLFzE$_$8,-1.2000000476837158,-0.9021356105804443,0.002166432561352849,0.9933940768241882,0.004439539276063442,-0.8673453330993652,-0.681998610496521,-0.8970036506652832,0.3326547145843506,0.5180014371871948,0.3029963970184326,0.3532363474369049,0.2801860570907593,0.3665775954723358,audio,vision,0,0.46000000834465027,0.5230769515037537,0.5555555820465088,0.4546170234680176,0.5453829765319824,0.002166432561352849,0.9933940768241882,0.004439539276063442,0.2311261147260666,0.36215782165527344,0.40671613812446594,audio,vision,1,0.04392428696155548,1.0722843408584595,0.42082422971725464,0.09513743966817856,0.2150050401687622,-0.7443887591362,-1.0913771390914917,0.34698837995529175,0.39323468831512803,0.6067653116848719,0
341,lXPQBPVc5Cw$_$28,0.800000011920929,0.30502310395240784,0.00199983362108469,0.9949888586997986,0.0030113228131085634,0.8937914967536926,0.6305822134017944,0.6387640237808228,0.09379148483276367,0.16941779851913452,0.1612359881401062,0.3534882664680481,0.32160285115242004,0.3249088525772095,audio,text,0,0.5882353186607361,0.5961538553237915,0.523809552192688,0.45563626289367676,0.5443637371063232,0.00199983362108469,0.9949888586997986,0.0030113228131085634,0.27143073081970215,0.38152965903282166,0.3470396101474762,audio,audio,0,0.034908752888441086,1.0888657569885254,0.408972829580307,0.12219524383544922,0.2632092833518982,0.2476215809583664,0.37360259890556335,0.12598101794719696,0.4607120893632001,0.5392879106367998,0
229,f_pcplsH_V0$_$10,1.2000000476837158,-0.16291852295398712,0.002320406027138233,0.9956001043319702,0.002079498488456011,0.3409803807735443,0.24799424409866333,0.2586306929588318,0.8590196371078491,0.9520058035850525,0.941369354724884,0.358108252286911,0.3188123404979706,0.3230794370174408,audio,text,0,0.7272727489471436,0.5272727012634277,0.39393940567970276,0.4402545690536499,0.5597454309463501,0.002320406027138233,0.9956001043319702,0.002079498488456011,0.36893585324287415,0.3471311628818512,0.28393304347991943,audio,text,1,0.03130800649523735,1.0926374197006226,0.43231266736984253,0.04155454784631729,0.09298613667488098,-0.039506591856479645,-0.31982606649398804,0.280319482088089,0.5867144152756735,0.4132855847243266,1
235,f_pcplsH_V0$_$3,0.800000011920929,-0.03143296018242836,0.004594951868057251,0.9925210475921631,0.002884042216464877,0.6057255864143372,0.4359999895095825,0.4353555142879486,0.1942744255065918,0.36400002241134644,0.36464449763298035,0.38211339712142944,0.3090677559375763,0.30881884694099426,audio,text,0,0.9090909361839294,0.4761904776096344,0.40789473056793213,0.45902326703071594,0.5409767627716064,0.004594951868057251,0.9925210475921631,0.002884042216464877,0.4709094166755676,0.27497637271881104,0.25411418080329895,audio,text,1,0.04905208945274353,1.0577800273895264,0.47836312651634216,0.08016174286603928,0.17037007212638855,0.03690934553742409,-0.11197701841592789,0.14888636767864227,0.5463931591895391,0.45360684081046093,1
309,k5Y_838nuGo$_$23,-0.20000000298023224,0.8426169157028198,0.0019451346015557647,0.996708869934082,0.001345960539765656,1.8790438175201416,1.008787989616394,1.1663625240325928,2.0790438652038574,1.2087880373001099,1.3663625717163086,0.15612803399562836,0.4633561372756958,0.38051584362983704,audio,audio,1,0.8333333134651184,0.8181818127632141,0.3571428656578064,0.5324147343635559,0.4675852656364441,0.0019451346015557647,0.996708869934082,0.001345960539765656,0.3397565484046936,0.4656916558742523,0.1945517510175705,audio,audio,1,0.024325711652636528,1.0411646366119385,0.3540114760398865,0.37860703468322754,0.8702558279037476,0.8039265871047974,0.8765960931777954,0.07266950607299805,0.5226936183980131,0.477306381601987,0
220,f9O3YtZ2VfI$_$12,-1.7999999523162842,-0.7781816720962524,0.001944010960869491,0.9955173134803772,0.002538753906264901,-0.6721269488334656,-0.5577757954597473,-0.769467830657959,1.1278729438781738,1.2422242164611816,1.0305321216583252,0.3337566554546356,0.2893025279045105,0.3769407868385315,audio,vision,0,0.6666666865348816,0.6190476417541504,0.5199999809265137,0.4689238667488098,0.5310761332511902,0.001944010960869491,0.9955173134803772,0.002538753906264901,0.29547229409217834,0.37638038396835327,0.328147292137146,audio,audio,0,0.03178086876869202,1.0936681032180786,0.412757933139801,0.086515873670578,0.21169203519821167,-0.5848364233970642,-0.9971534013748169,0.4123169779777527,0.37392937946414334,0.6260706205358567,0
42,cM3Yna7AavY$_$2,2.5,0.5039570927619934,0.0020309011451900005,0.995342493057251,0.002626680536195636,1.2171623706817627,0.7889251708984375,0.8153738975524902,1.2828376293182373,1.7110748291015625,1.6846261024475098,0.4564809799194336,0.2672676146030426,0.2762514650821686,audio,text,0,0.5714285969734192,0.5769230723381042,0.4333333373069763,0.4641038775444031,0.5358961224555969,0.0020309011451900005,0.995342493057251,0.002626680536195636,0.28575438261032104,0.3985309898853302,0.31571465730667114,audio,audio,0,0.03284456580877304,1.088571548461914,0.3978743255138397,0.1959366798400879,0.4282371997833252,0.44097867608070374,0.5766776204109192,0.13569894433021545,0.45769546414505735,0.5423045358549428,0
123,d6hH302o4v8$_$24,-2.799999952316284,0.062164291739463806,0.004901020787656307,0.989909291267395,0.005189759191125631,0.7047745585441589,0.5340280532836914,0.49864661693573,3.504774570465088,3.3340280055999756,3.2986464500427246,0.2831401526927948,0.35050514340400696,0.36635473370552063,audio,vision,0,0.625,0.43478259444236755,0.40740740299224854,0.4298940598964691,0.5701059103012085,0.004901020787656307,0.989909291267395,0.005189759191125631,0.35416746139526367,0.32427293062210083,0.3215596377849579,audio,text,0,0.06340844184160233,1.0976396799087524,0.4437575340270996,0.08999687433242798,0.20612794160842896,0.11017148196697235,-0.0015006614848971367,0.11167214065790176,0.46515901107678176,0.5348409889232182,0
204,f9O3YtZ2VfI$_$22,1.399999976158142,0.03620857000350952,0.0026309445966035128,0.9942939877510071,0.0030750103760510683,0.6103007793426514,0.43721187114715576,0.453853964805603,0.7896991968154907,0.9627881050109863,0.9461460113525391,0.38054358959198,0.3065067529678345,0.31294962763786316,audio,text,0,0.7272727489471436,0.48275861144065857,0.529411792755127,0.44065770506858826,0.5593422651290894,0.0026309445966035128,0.9942939877510071,0.0030750103760510683,0.35027268528938293,0.2999631464481354,0.3497641682624817,audio,text,1,0.03910581395030022,1.0960614681243896,0.4628872573375702,0.07796889543533325,0.1730889081954956,0.017737794667482376,0.05965416878461838,0.041916374117136,0.48690412894288704,0.5130958710571131,0
556,vyB00TXsimI$_$3,2.200000047683716,0.36157286167144775,0.0016428420785814524,0.9959473013877869,0.002409915439784527,0.9318142533302307,0.6469043493270874,0.6749682426452637,1.2681858539581299,1.5530956983566284,1.5250318050384521,0.41224226355552673,0.28872475028038025,0.29903295636177063,audio,text,0,0.5416666865348816,0.48571428656578064,0.4523809552192688,0.4397176504135132,0.5602823495864868,0.0016428420785814524,0.9959473013877869,0.002409915439784527,0.28513187170028687,0.3579558730125427,0.3569122552871704,audio,audio,0,0.02910461835563183,1.09324312210083,0.4253276288509369,0.1282060295343399,0.2849099040031433,0.31170710921287537,0.42511114478111267,0.1134040355682373,0.4646204635391711,0.5353795364608289,0
113,d3_k5Xpfmik$_$3,2.0,0.7008073329925537,0.0016816196730360389,0.9962440729141235,0.002074301475659013,1.609115481376648,0.7921527624130249,0.9969422817230225,0.39088451862335205,1.207847237586975,1.0030577182769775,0.5478267669677734,0.19730599224567413,0.25486719608306885,audio,text,0,0.5384615659713745,0.4912280738353729,0.3382352888584137,0.48155537247657776,0.5184446573257446,0.0016816196730360389,0.9962440729141235,0.002074301475659013,0.3012799322605133,0.3928458094596863,0.30587419867515564,audio,audio,0,0.02730633318424225,1.0908337831497192,0.4022654891014099,0.34707072377204895,0.816962718963623,0.6508869528770447,0.754551887512207,0.10366493463516235,0.4676499618070768,0.5323500381929231,0
646,yvsjCA6Y5Fc$_$14,-1.0,0.8702578544616699,0.0018256811890751123,0.9958850741386414,0.0022892425768077374,1.726826786994934,1.1870373487472534,1.1929270029067993,2.7268266677856445,2.187037467956543,2.1929268836975098,0.20355699956417084,0.399687260389328,0.39675575494766235,audio,audio,1,0.6153846383094788,0.5675675868988037,0.4545454680919647,0.47610270977020264,0.5238972902297974,0.0018256811890751123,0.9958850741386414,0.0022892425768077374,0.30152711272239685,0.3786006569862366,0.31987226009368896,audio,audio,1,0.02953634038567543,1.093825340270996,0.4115229547023773,0.25308239459991455,0.5397894382476807,0.8025339841842651,0.9447803497314453,0.14224636554718018,0.5443352433692727,0.4556647566307272,1
224,f9O3YtZ2VfI$_$16,-1.0,0.37761738896369934,0.0011593627277761698,0.9970922470092773,0.0017483341507613659,1.1564598083496094,0.7468564510345459,0.8278607130050659,2.1564598083496094,1.746856451034546,1.827860713005066,0.23943041265010834,0.39952126145362854,0.3610483407974243,audio,audio,1,0.5416666865348816,0.5185185074806213,0.45098039507865906,0.45964330434799194,0.5403566956520081,0.0011593627277761698,0.9970922470092773,0.0017483341507613659,0.2771351635456085,0.3730418384075165,0.3498229682445526,audio,audio,1,0.02184099331498146,1.0909059047698975,0.4160335958003998,0.17711074650287628,0.4096033573150635,0.2712607979774475,0.5026502013206482,0.23138940334320068,0.571809267458271,0.4281907325417291,1
389,nzpVDcQ0ywM$_$13,-1.0,-1.0978484153747559,0.004229047801345587,0.989966869354248,0.005804040003567934,-1.0487533807754517,-0.8321883678436279,-1.060407280921936,0.04875338077545166,0.16781163215637207,0.060407280921936035,0.35121485590934753,0.30264949798583984,0.3461356461048126,audio,text,0,0.5882353186607361,0.3928571343421936,0.4852941036224365,0.44795674085617065,0.5520432591438293,0.004229047801345587,0.989966869354248,0.005804040003567934,0.3219892978668213,0.29983291029930115,0.37817782163619995,audio,vision,0,0.06298381835222244,1.0937844514846802,0.4600893259048462,0.10494447499513626,0.2282189130783081,-0.9235278367996216,-1.3126739263534546,0.389146089553833,0.573281470426109,0.4267185295738911,1
631,yvsjCA6Y5Fc$_$23,-1.2000000476837158,0.38011717796325684,0.001812622183933854,0.9953576922416687,0.0028296117670834064,0.9693623781204224,0.6946776509284973,0.7143707275390625,2.1693625450134277,1.8946776390075684,1.9143707752227783,0.26419633626937866,0.37242981791496277,0.3633738160133362,audio,audio,1,0.6000000238418579,0.567251443862915,0.5507246255874634,0.4571705758571625,0.5428293943405151,0.001812622183933854,0.9953576922416687,0.0028296117670834064,0.2751232385635376,0.35864970088005066,0.36622703075408936,audio,vision,0,0.03267762064933777,1.0906949043273926,0.42447203397750854,0.12510451674461365,0.27468472719192505,0.30714908242225647,0.4667571485042572,0.15960806608200073,0.5497127316791176,0.45028726832088245,1
665,zhpQhgha_KU$_$4,-1.600000023841858,0.9960440397262573,0.0016685636946931481,0.99616539478302,0.0021660260390490294,1.9317716360092163,1.2768161296844482,1.32626473903656,3.531771659851074,2.8768162727355957,2.926264762878418,0.18521404266357422,0.41997960209846497,0.3948063850402832,audio,audio,1,0.625,0.5909090638160706,0.48148149251937866,0.49104487895965576,0.5089551210403442,0.0016685636946931481,0.99616539478302,0.0021660260390490294,0.2939187288284302,0.381003737449646,0.3250775933265686,audio,audio,1,0.027787279337644577,1.0928242206573486,0.4101077914237976,0.2977789044380188,0.6549555063247681,0.9209804534912109,1.0738455057144165,0.15286505222320557,0.5476255081051412,0.4523744918948588,1
28,c7UH_rxdZv4$_$18,-2.25,-0.53639155626297,0.0035214333329349756,0.9935715198516846,0.002907010493800044,-0.34406423568725586,-0.2569729685783386,-0.4121062457561493,1.9059357643127441,1.9930269718170166,1.8378937244415283,0.33493804931640625,0.30038997530937195,0.3646719455718994,audio,vision,0,0.8666666746139526,0.517241358757019,0.49275362491607666,0.4729854166507721,0.5270146131515503,0.0035214333329349756,0.9935715198516846,0.002907010493800044,0.41713258624076843,0.2895086109638214,0.2933587431907654,audio,text,0,0.043278709053993225,1.0833497047424316,0.4693753123283386,0.06349185854196548,0.15513327717781067,-0.3158506155014038,-0.7821248769760132,0.4662742614746094,0.3582787219085666,0.6417212780914333,0
684,zhpQhgha_KU$_$33,-0.4000000059604645,0.19761928915977478,0.001973428763449192,0.9944515824317932,0.003575005102902651,0.7811384797096252,0.5400717258453369,0.5691545009613037,1.181138515472412,0.940071702003479,0.9691544771194458,0.2735929489135742,0.36980465054512024,0.35660237073898315,audio,audio,1,0.5625,0.5490196347236633,0.5901639461517334,0.4557656943798065,0.5442342758178711,0.001973428763449192,0.9944515824317932,0.003575005102902651,0.2565034329891205,0.3463912606239319,0.39710524678230286,audio,vision,0,0.03796427696943283,1.0829894542694092,0.4320402145385742,0.10744310170412064,0.24106675386428833,0.1371426284313202,0.26983505487442017,0.13269242644309998,0.5413715776430482,0.45862842235695184,1
169,dq3Nf_lMPnE$_$14,-1.7999999523162842,-0.6111727952957153,0.0018304049735888839,0.9952238202095032,0.002945786342024803,-0.48897287249565125,-0.3499748706817627,-0.5397719144821167,1.3110270500183105,1.4500250816345215,1.2602280378341675,0.34410765767097473,0.28922563791275024,0.366666704416275,audio,vision,0,0.5333333611488342,0.375,0.48275861144065857,0.44738826155662537,0.5526117086410522,0.0018304049735888839,0.9952238202095032,0.002945786342024803,0.2928961515426636,0.3036535680294037,0.40345025062561035,audio,vision,1,0.03346839174628258,1.0877857208251953,0.46104687452316284,0.08022462576627731,0.189797043800354,-0.39730551838874817,-0.8753406405448914,0.4780351221561432,0.35490581094320184,0.6450941890567982,0
359,lXPQBPVc5Cw$_$16,0.20000000298023224,-0.10000745952129364,0.0015406617894768715,0.9955071210861206,0.0029522283002734184,0.40536490082740784,0.2771875262260437,0.3022003769874573,0.2053648978471756,0.07718752324581146,0.10220037400722504,0.30198606848716736,0.35446253418922424,0.343551367521286,audio,audio,1,0.5,0.6000000238418579,0.5555555820465088,0.44299939274787903,0.5570006370544434,0.0015406617894768715,0.9955071210861206,0.0029522283002734184,0.2294548749923706,0.391711950302124,0.378833144903183,audio,audio,1,0.03165667876601219,1.0726103782653809,0.40253013372421265,0.05547572672367096,0.12817737460136414,-0.035439033061265945,-0.18119187653064728,0.14575284719467163,0.545422189281526,0.4545778107184741,1
505,tmZoasNr4rU$_$10,-1.7999999523162842,0.010423160158097744,0.0018381866393610835,0.9938281178474426,0.004333706106990576,0.5435811877250671,0.37006181478500366,0.3792354166507721,2.343581199645996,2.1700618267059326,2.1792354583740234,0.28816163539886475,0.3579598069190979,0.35387852787971497,audio,audio,1,0.4166666567325592,0.5199999809265137,0.5714285969734192,0.43655166029930115,0.5634483098983765,0.0018381866393610835,0.9938281178474426,0.004333706106990576,0.21406289935112,0.36335882544517517,0.42257827520370483,audio,vision,0,0.041312605142593384,1.0618270635604858,0.42031288146972656,0.07972359657287598,0.17351937294006348,0.021682869642972946,-0.004109515808522701,0.025792386382818222,0.49194057764729926,0.5080594223527009,0
62,cW1FSBF59ik$_$8,1.7999999523162842,0.7813466787338257,0.002417197683826089,0.9938763976097107,0.0037064000498503447,1.5983057022094727,1.0700273513793945,1.12051260471344,0.20169425010681152,0.7299726009368896,0.6794873476028442,0.48379307985305786,0.24996213614940643,0.2662447690963745,audio,text,0,0.7142857313156128,0.4000000059604645,0.6451612710952759,0.48926621675491333,0.5107337832450867,0.002417197683826089,0.9938763976097107,0.0037064000498503447,0.3285055160522461,0.2445841133594513,0.4269104599952698,audio,vision,0,0.04141606017947197,1.073493242263794,0.4995282292366028,0.23802730441093445,0.5282783508300781,0.6879842877388,0.8788055777549744,0.19082129001617432,0.44064947579822206,0.5593505242017779,0
268,iiK8YX8oH1E$_$2,1.2000000476837158,-0.20500615239143372,0.0017661468591541052,0.9938315153121948,0.004402357619255781,0.2266979068517685,0.15647299587726593,0.1301434338092804,0.9733021259307861,1.0435270071029663,1.0698566436767578,0.3568539321422577,0.3268643617630005,0.3162817060947418,audio,text,0,0.4285714328289032,0.4000000059604645,0.6052631735801697,0.4426240921020508,0.5573759078979492,0.0017661468591541052,0.9938315153121948,0.004402357619255781,0.22514554858207703,0.29793307185173035,0.476921409368515,audio,vision,0,0.041230425238609314,1.0495712757110596,0.4639322757720947,0.04075339064002037,0.0965544730424881,-0.0786484107375145,-0.36412256956100464,0.28547415137290955,0.5882759261159287,0.4117240738840714,1
412,pLTX3ipuDJI$_$10,-1.600000023841858,0.5645403861999512,0.0012980105821043253,0.9963735938072205,0.002328369999304414,1.2949711084365845,0.8563770651817322,0.9049520492553711,2.8949711322784424,2.4563770294189453,2.5049519538879395,0.22943729162216187,0.3969746232032776,0.37358808517456055,audio,audio,1,0.47826087474823,0.5245901346206665,0.4931506812572479,0.4608815312385559,0.5391184687614441,0.0012980105821043253,0.9963735938072205,0.002328369999304414,0.24578037858009338,0.37700292468070984,0.37721672654151917,audio,vision,0,0.026363525539636612,1.0804369449615479,0.41291379928588867,0.1963101625442505,0.4385940432548523,0.4763255715370178,0.6677301526069641,0.1914045810699463,0.5595302265795256,0.44046977342047433,1
240,f_pcplsH_V0$_$6,1.600000023841858,0.2518870234489441,0.003056311747059226,0.993767261505127,0.003176463069394231,0.9823961853981018,0.43584728240966797,0.5880776643753052,0.6176038384437561,1.16415274143219,1.0119223594665527,0.4726213216781616,0.23867632448673248,0.2887023985385895,audio,text,0,0.6666666865348816,0.3333333432674408,0.3888888955116272,0.4545559287071228,0.5454440712928772,0.003056311747059226,0.993767261505127,0.003176463069394231,0.3844848871231079,0.28229695558547974,0.33321815729141235,audio,text,1,0.042181942611932755,1.0907509326934814,0.47431349754333496,0.23030821979045868,0.5465489029884338,0.22185613214969635,0.28792256116867065,0.0660664290189743,0.47936596653542723,0.5206340334645727,0
469,rnaNMUZpvvg$_$18,-2.200000047683716,-0.5931122899055481,0.0018592991400510073,0.9956193566322327,0.0025213032495230436,-0.4691195785999298,-0.36511334776878357,-0.5357593297958374,1.7308804988861084,1.8348866701126099,1.6642407178878784,0.3372730612754822,0.296155720949173,0.36657118797302246,audio,vision,0,0.5813953280448914,0.525547444820404,0.4601227045059204,0.44946807622909546,0.5505319237709045,0.0018592991400510073,0.9956193566322327,0.0025213032495230436,0.29186350107192993,0.3666728734970093,0.3414635956287384,audio,audio,0,0.031146366149187088,1.0942058563232422,0.4192976653575897,0.07022044062614441,0.17064598202705383,-0.4061587154865265,-0.8221027255058289,0.41594401001930237,0.37286859924505733,0.6271314007549428,0
417,pLTX3ipuDJI$_$16,-1.600000023841858,0.031105773523449898,0.0014846151461824775,0.99608314037323,0.0024322206154465675,0.5576967597007751,0.3998165726661682,0.41489747166633606,2.1576967239379883,1.999816656112671,2.014897584915161,0.29294654726982117,0.3568587899208069,0.3501946032047272,audio,audio,1,0.5142857432365417,0.48514851927757263,0.47999998927116394,0.42692720890045166,0.5730727910995483,0.0014846151461824775,0.99608314037323,0.0024322206154465675,0.2687795162200928,0.35511520504951477,0.37610530853271484,audio,vision,0,0.02821727842092514,1.08858323097229,0.4273119866847992,0.07113776355981827,0.15788018703460693,0.022841308265924454,0.042199328541755676,0.019358020275831223,0.5060490861838817,0.49395091381611833,1
328,k5Y_838nuGo$_$16,0.25,0.8514680862426758,0.002358595607802272,0.9941884279251099,0.0034530009143054485,1.7191988229751587,1.1477668285369873,1.1742589473724365,1.4691988229751587,0.8977668285369873,0.9242589473724365,0.19924548268318176,0.4070059359073639,0.39374858140945435,audio,audio,1,0.625,0.4736842215061188,0.5454545617103577,0.48118987679481506,0.5188101530075073,0.002358595607802272,0.9941884279251099,0.0034530009143054485,0.30542585253715515,0.31238070130348206,0.38219350576400757,audio,vision,0,0.039636775851249695,1.0933194160461426,0.4545385241508484,0.263353556394577,0.5714319944381714,0.7699044942855835,0.9394084811210632,0.16950398683547974,0.5527727157597042,0.44722728424029573,1
463,rnaNMUZpvvg$_$12,-1.0,-0.7363091707229614,0.001924349693581462,0.9940107464790344,0.004064930137246847,-0.6185117363929749,-0.5057379603385925,-0.6939082145690918,0.38148826360702515,0.49426203966140747,0.3060917854309082,0.33700132369995117,0.2926916480064392,0.37030699849128723,audio,vision,0,0.5,0.4583333432674408,0.5964912176132202,0.4606706500053406,0.5393293499946594,0.001924349693581462,0.9940107464790344,0.004064930137246847,0.24375171959400177,0.3137590289115906,0.44248926639556885,audio,vision,1,0.040383439511060715,1.0685474872589111,0.4535011649131775,0.07732369005680084,0.18817025423049927,-0.5394195318222046,-0.966817319393158,0.42739778757095337,0.36952683398795705,0.6304731660120431,0
275,jUzDDGyPkXU$_$24,-1.0,0.07907664775848389,0.001816640724427998,0.9961968660354614,0.0019865185022354126,0.6144863367080688,0.4188251197338104,0.4243200123310089,1.6144863367080688,1.4188251495361328,1.4243199825286865,0.2820540964603424,0.3602057099342346,0.3577401638031006,audio,audio,1,0.6296296119689941,0.5416666865348816,0.3928571343421936,0.43427774310112,0.5657222270965576,0.001816640724427998,0.9961968660354614,0.0019865185022354126,0.3218216896057129,0.37792396545410156,0.30025437474250793,audio,audio,1,0.0276191383600235,1.0938549041748047,0.41218194365501404,0.09096807986497879,0.19566121697425842,0.06962083280086517,0.09139449149370193,0.02177365869283676,0.5068038483399891,0.49319615166001096,1
527,v0zCBqDeKcE$_$12,-0.4000000059604645,-0.7822283506393433,0.00309853907674551,0.9916431903839111,0.005258345976471901,-0.7174087166786194,-0.5399660468101501,-0.7293815612792969,0.3174087107181549,0.13996604084968567,0.3293815553188324,0.3092651665210724,0.38606369495391846,0.30467116832733154,audio,audio,1,0.5333333611488342,0.4307692348957062,0.5256410241127014,0.448809951543808,0.5511900186538696,0.00309853907674551,0.9916431903839111,0.005258345976471901,0.28137537837028503,0.31606289744377136,0.4025617241859436,audio,vision,0,0.05381696671247482,1.087141752243042,0.4503868520259857,0.08660732954740524,0.18941551446914673,-0.6173268556594849,-0.9847462773323059,0.36741942167282104,0.6128420003793605,0.38715799962063957,1
330,k5Y_838nuGo$_$18,0.4000000059604645,1.1371943950653076,0.001063636620528996,0.9957691431045532,0.0031672255136072636,2.143664598464966,1.262661337852478,1.3826494216918945,1.7436646223068237,0.8626613616943359,0.9826494455337524,0.15158569812774658,0.4559600055217743,0.3924543261528015,audio,audio,1,0.5,0.6470588445663452,0.75,0.5404393076896667,0.45956069231033325,0.001063636620528996,0.9957691431045532,0.0031672255136072636,0.18680831789970398,0.3532719612121582,0.4599197506904602,audio,vision,0,0.0297306589782238,1.0382097959518433,0.4283314645290375,0.39011508226394653,0.8810032606124878,1.0130246877670288,1.2427817583084106,0.22975707054138184,0.5713096119709095,0.42869038802909054,0
510,tmZoasNr4rU$_$17,-1.399999976158142,0.2610827386379242,0.003119806759059429,0.9917799830436707,0.005100257229059935,0.8553977608680725,0.5989739894866943,0.6372940540313721,2.2553977966308594,1.9989739656448364,2.0372939109802246,0.2709093391895294,0.3732745349407196,0.355816125869751,audio,audio,1,0.5384615659713745,0.48689138889312744,0.5249999761581421,0.4401674270629883,0.5598325729370117,0.003119806759059429,0.9917799830436707,0.005100257229059935,0.27847206592559814,0.3396029770374298,0.38192495703697205,audio,vision,0,0.053108878433704376,1.0903875827789307,0.4347846508026123,0.11293596774339676,0.2564237713813782,0.2520560324192047,0.27256345748901367,0.02050742506980896,0.5064082194259959,0.493591780574004,1
447,phBUpBr1hSo$_$21,0.800000011920929,0.11321043223142624,0.0009436022373847663,0.9967229962348938,0.0023333930876106024,0.6163492202758789,0.4027141332626343,0.43929579854011536,0.18365079164505005,0.3972858786582947,0.3607042133808136,0.389544278383255,0.2982504963874817,0.3122052550315857,audio,text,0,0.3478260934352875,0.5686274766921997,0.5161290168762207,0.4389851689338684,0.5610148310661316,0.0009436022373847663,0.9967229962348938,0.0023333930876106024,0.18936337530612946,0.4136047065258026,0.3970319330692291,audio,audio,0,0.023985927924513817,1.047019600868225,0.3887455463409424,0.0932893231511116,0.21363508701324463,0.05602063983678818,0.18629790842533112,0.13027727603912354,0.45937808499627286,0.5406219150037271,0
77,cXypl4FnoZo$_$20,-1.0,0.49867507815361023,0.001995307393372059,0.9946774244308472,0.0033272206783294678,1.1648662090301514,0.7935085296630859,0.8358457088470459,2.1648662090301514,1.793508529663086,1.835845708847046,0.2439335137605667,0.38803398609161377,0.3680325448513031,audio,audio,1,0.5,0.47457626461982727,0.48571428656578064,0.4508500099182129,0.5491499900817871,0.001995307393372059,0.9946774244308472,0.0033272206783294678,0.26755473017692566,0.3528358042240143,0.37960952520370483,audio,vision,0,0.03669695928692818,1.0880143642425537,0.4278944730758667,0.16598308086395264,0.37135767936706543,0.42866256833076477,0.5839526057243347,0.15529003739356995,0.548376331598212,0.451623668401788,1
260,iiK8YX8oH1E$_$12,1.7999999523162842,1.0695346593856812,0.0013529622228816152,0.9960324168205261,0.0026146345771849155,2.1626570224761963,1.1719043254852295,1.352624773979187,0.3626570701599121,0.6280956268310547,0.44737517833709717,0.3820951581001282,0.2742038071155548,0.343701034784317,audio,text,0,0.6000000238418579,0.6666666865348816,0.6315789222717285,0.5372156500816345,0.4627843499183655,0.0013529622228816152,0.9960324168205261,0.0026146345771849155,0.23727433383464813,0.3847222626209259,0.37800341844558716,audio,audio,0,0.028444886207580566,1.0765691995620728,0.40754008293151855,0.4308135509490967,0.9907526969909668,0.9730455875396729,1.1526552438735962,0.17960965633392334,0.44410656423441164,0.5558934357655885,1
520,tmZoasNr4rU$_$7,-1.0,-0.7328824400901794,0.003245965577661991,0.9910484552383423,0.005705594550818205,-0.661356508731842,-0.4903428554534912,-0.6217383146286011,0.33864349126815796,0.5096571445465088,0.3782616853713989,0.36242127418518066,0.2926684021949768,0.3449103534221649,audio,text,0,0.517241358757019,0.4740259647369385,0.5380434989929199,0.4467954635620117,0.5532045364379883,0.003245965577661991,0.9910484552383423,0.005705594550818205,0.2670542895793915,0.3350333869457245,0.3979124128818512,audio,vision,0,0.05698869377374649,1.0856456756591797,0.43734341859817505,0.0730905532836914,0.17101365327835083,-0.5915210247039795,-0.9079105257987976,0.3163895010948181,0.4023971476576757,0.5976028523423244,0
498,tStelxIAHjw$_$5,-2.200000047683716,-1.0803112983703613,0.0016251129563897848,0.9950606226921082,0.003314289730042219,-1.0052566528320312,-0.8447557687759399,-1.0728646516799927,1.1947433948516846,1.3552442789077759,1.1271353960037231,0.3440680205821991,0.2815227508544922,0.37440919876098633,audio,vision,0,0.5714285969734192,0.47999998927116394,0.6333333253860474,0.4722251892089844,0.5277748107910156,0.0016251129563897848,0.9950606226921082,0.003314289730042219,0.2554178535938263,0.30413126945495605,0.4404508173465729,audio,vision,1,0.03428687900304794,1.0717649459838867,0.4606195390224457,0.09566434472799301,0.22810888290405273,-0.8756487369537354,-1.309049129486084,0.43340039253234863,0.3677804675613251,0.6322195324386749,0
543,vvZ4IcEtiZc$_$1,2.0,0.8872016072273254,0.0035227928310632706,0.9931681156158447,0.0033090750221163034,1.8115791082382202,1.1174709796905518,1.1834259033203125,0.18842089176177979,0.8825290203094482,0.8165740966796875,0.5330559015274048,0.22385336458683014,0.24309071898460388,audio,text,0,0.75,0.31578946113586426,0.43478259444236755,0.48108699917793274,0.5189130306243896,0.0035227928310632706,0.9931681156158447,0.0033090750221163034,0.419312983751297,0.24689677357673645,0.3337901830673218,audio,text,1,0.045605387538671494,1.076045036315918,0.4975142478942871,0.3128209710121155,0.6941081285476685,0.8306942582130432,0.9481518864631653,0.11745762825012207,0.4633602868425869,0.5366397131574132,0
274,iiK8YX8oH1E$_$8,-1.0,0.30884844064712524,0.0013695764355361462,0.9959126114845276,0.0027178053278476,0.936942458152771,0.5483965277671814,0.6406382322311401,1.936942458152771,1.5483965873718262,1.6406382322311401,0.24548496305942535,0.3989827036857605,0.35553228855133057,audio,audio,1,0.5,0.46875,0.5526315569877625,0.4625791311264038,0.5374208688735962,0.0013695764355361462,0.9959126114845276,0.0027178053278476,0.2495325654745102,0.33221352100372314,0.41825398802757263,audio,vision,0,0.02916557341814041,1.0770623683929443,0.4424661099910736,0.16575506329536438,0.3885459303855896,0.21846376359462738,0.4138566255569458,0.19539286196231842,0.5607585299536881,0.4392414700463118,1
555,vyB00TXsimI$_$1,0.0,0.6493086814880371,0.001342161325737834,0.995817244052887,0.0028406158089637756,1.5436872243881226,0.7448988556861877,0.9562128782272339,1.5436872243881226,0.7448988556861877,0.9562128782272339,0.17246495187282562,0.46809881925582886,0.3594363033771515,audio,audio,1,0.4000000059604645,0.40740740299224854,0.46875,0.4832017123699188,0.5167982578277588,0.001342161325737834,0.995817244052887,0.0028406158089637756,0.23799744248390198,0.3472464978694916,0.41475602984428406,audio,vision,0,0.029706941917538643,1.0739461183547974,0.4323805272579193,0.3379419147968292,0.7987883687019348,0.5526464581489563,0.7526917457580566,0.20004528760910034,0.5621904343669082,0.4378095656330918,1
33,cM3Yna7AavY$_$11,2.0,0.5701971054077148,0.0027528787031769753,0.9932542443275452,0.003992930054664612,1.5822203159332275,0.9924722909927368,1.0767966508865356,0.41777968406677246,1.0075277090072632,0.9232033491134644,0.49748677015304565,0.238026961684227,0.26448628306388855,audio,text,0,0.5555555820465088,0.4000000059604645,0.46666666865348816,0.46349844336509705,0.5365015268325806,0.0027528787031769753,0.9932542443275452,0.003992930054664612,0.3199295401573181,0.30744725465774536,0.3726232647895813,audio,vision,0,0.045005325227975845,1.0950772762298584,0.457204669713974,0.2604198455810547,0.5897480249404907,0.5266798138618469,0.620568573474884,0.09388875961303711,0.4706933930066186,0.5293066069933813,0
560,vyB00TXsimI$_$7,2.4000000953674316,0.9721615314483643,0.001041207229718566,0.9970194697380066,0.001939270761795342,1.839774250984192,1.1936402320861816,1.2597531080245972,0.5602258443832397,1.20635986328125,1.1402469873428345,0.5180787444114685,0.23100967705249786,0.2509115934371948,audio,text,0,0.625,0.6756756901741028,0.644444465637207,0.508720338344574,0.491279661655426,0.001041207229718566,0.9970194697380066,0.001939270761795342,0.24229861795902252,0.37724632024765015,0.38045504689216614,audio,vision,0,0.022238029167056084,1.078906774520874,0.4131821095943451,0.29026514291763306,0.6461340188980103,0.8814437389373779,1.0597691535949707,0.17832541465759277,0.4445029101496152,0.5554970898503848,1
129,d6hH302o4v8$_$22,-1.0,-1.6238815784454346,0.002801810158416629,0.9921757578849792,0.005022376775741577,-1.6834338903427124,-1.3686950206756592,-1.7298957109451294,0.6834338903427124,0.3686950206756592,0.7298957109451294,0.29191771149635315,0.43263545632362366,0.2754468619823456,audio,audio,1,0.5555555820465088,0.6216216087341309,0.5925925970077515,0.4779543876647949,0.5220456123352051,0.002801810158416629,0.9921757578849792,0.005022376775741577,0.2435431033372879,0.3795178234577179,0.376939058303833,audio,audio,1,0.050848864018917084,1.0794612169265747,0.40843862295150757,0.16044563055038452,0.3612006902694702,-1.4672142267227173,-1.7950013875961304,0.3277871608734131,0.6010240835956997,0.39897591640430025,1
183,etzxEpPuc6I$_$15,0.20000000298023224,-0.06672994047403336,0.0024507197085767984,0.9936003684997559,0.003948938567191362,0.5529047846794128,0.14964953064918518,0.2943339943885803,0.3529047966003418,0.05035047233104706,0.09433399140834808,0.2603349983692169,0.37999650835990906,0.359668493270874,audio,audio,1,0.625,0.4285714328289032,0.5625,0.4631415009498596,0.5368584990501404,0.0024507197085767984,0.9936003684997559,0.003948938567191362,0.30278119444847107,0.2928876578807831,0.40433117747306824,audio,vision,0,0.042965926229953766,1.0875327587127686,0.4671418070793152,0.16680236160755157,0.40325525403022766,-0.008778250776231289,-0.13390564918518066,0.1251274049282074,0.5390227904368999,0.4609772095631001,1
427,phBUpBr1hSo$_$11,2.0,0.6347615718841553,0.0012907300842925906,0.9961860775947571,0.002523181028664112,1.4454869031906128,0.8174400329589844,0.9598709344863892,0.5545130968093872,1.1825599670410156,1.0401290655136108,0.4997338354587555,0.22792506217956543,0.27234113216400146,audio,text,0,0.4444444477558136,0.380952388048172,0.47999998927116394,0.4712195098400116,0.528780460357666,0.0012907300842925906,0.9961860775947571,0.002523181028664112,0.2568235695362091,0.3227696716785431,0.42040666937828064,audio,vision,0,0.02748752385377884,1.078406572341919,0.4489442706108093,0.26885607838630676,0.6280468702316284,0.5323716998100281,0.7496587038040161,0.21728700399398804,0.43251219073886804,0.5674878092611318,0
329,k5Y_838nuGo$_$19,-0.6000000238418579,1.111364483833313,0.0007836062577553093,0.996821403503418,0.002395035233348608,2.0398292541503906,1.3328330516815186,1.3611135482788086,2.639829158782959,1.9328330755233765,1.9611135721206665,0.17373663187026978,0.4204331338405609,0.4058302342891693,audio,audio,1,0.3684210479259491,0.6857143044471741,0.6428571343421936,0.5062569379806519,0.49374306201934814,0.0007836062577553093,0.996821403503418,0.002395035233348608,0.16174644231796265,0.4238748848438263,0.4143786132335663,audio,audio,1,0.023230059072375298,1.023533821105957,0.3819643259048462,0.32681941986083984,0.7069962024688721,1.0110162496566772,1.2092323303222656,0.19821608066558838,0.5616275708192553,0.43837242918074465,0
394,nzpVDcQ0ywM$_$16,1.399999976158142,0.7460824251174927,0.003223714418709278,0.9930023550987244,0.003773935604840517,1.553692102432251,1.0149211883544922,1.0468966960906982,0.1536921262741089,0.3850787878036499,0.35310328006744385,0.3955364525318146,0.2961925268173218,0.30827096104621887,audio,text,0,0.75,0.46341463923454285,0.5510203838348389,0.4795791804790497,0.5204207897186279,0.003223714418709278,0.9930023550987244,0.003773935604840517,0.3614189922809601,0.28224021196365356,0.35634079575538635,audio,text,1,0.04652543365955353,1.0925519466400146,0.47384142875671387,0.24678783118724823,0.5387709140777588,0.6879252195358276,0.809192419052124,0.12126719951629639,0.4621763974077288,0.5378236025922712,0
473,tIrG4oNLFzE$_$12,-2.5999999046325684,-0.7804680466651917,0.0020699030719697475,0.9951308965682983,0.0027992380782961845,-0.6018847227096558,-0.5333348512649536,-0.6825269460678101,1.9981151819229126,2.0666651725769043,1.9174729585647583,0.33069443702697754,0.30353817343711853,0.36576738953590393,audio,vision,0,0.6666666865348816,0.48148149251937866,0.53125,0.45437511801719666,0.545624852180481,0.0020699030719697475,0.9951308965682983,0.0027992380782961845,0.31908881664276123,0.3138211667537689,0.36708998680114746,audio,vision,1,0.03410480171442032,1.0960665941238403,0.4542064666748047,0.06097406893968582,0.14919209480285645,-0.5903714299201965,-1.008740782737732,0.4183693528175354,0.3721599524706116,0.6278400475293884,0
40,cM3Yna7AavY$_$1,2.200000047683716,0.3862071633338928,0.0029871973674744368,0.9933803081512451,0.003632481675595045,0.9995022416114807,0.7036576867103577,0.7165582180023193,1.2004978656768799,1.496342420578003,1.4834418296813965,0.4178910553455353,0.28870776295661926,0.2934011220932007,audio,text,0,0.6000000238418579,0.4300000071525574,0.43157893419265747,0.4367820918560028,0.5632178783416748,0.0029871973674744368,0.9933803081512451,0.003632481675595045,0.3316916823387146,0.3252144455909729,0.3430939316749573,audio,vision,0,0.04437024146318436,1.0983669757843018,0.4454439580440521,0.13652339577674866,0.29584455490112305,0.3397977650165558,0.446050763130188,0.1062529981136322,0.4668446625422604,0.5331553374577397,0
600,wMbj6ajWbic$_$16,-0.4000000059604645,0.19108018279075623,0.0019823831971734762,0.9960405826568604,0.001977071398869157,0.7498021125793457,0.49818241596221924,0.5405865907669067,1.1498020887374878,0.8981823921203613,0.9405865669250488,0.27259019017219543,0.37334176898002625,0.35406801104545593,audio,audio,1,0.7200000286102295,0.5633803009986877,0.43529412150382996,0.44689589738845825,0.5531041026115417,0.0019823831971734762,0.9960405826568604,0.001977071398869157,0.347452849149704,0.3569496273994446,0.29559755325317383,audio,audio,1,0.028598342090845108,1.0952783823013306,0.42606061697006226,0.10999076813459396,0.25161969661712646,0.16967226564884186,0.21757586300373077,0.047903597354888916,0.5149654028354449,0.4850345971645552,1
48,cM3Yna7AavY$_$8,-0.6000000238418579,-0.6285789012908936,0.0023089039605110884,0.9946300983428955,0.0030609718523919582,0.3417115807533264,0.3344842791557312,0.2813229560852051,0.9417116045951843,0.9344843029975891,0.881322979927063,0.3238884210586548,0.326827734708786,0.3492838442325592,audio,vision,0,0.800000011920929,0.5714285969734192,0.6800000071525574,0.4550926983356476,0.5449073314666748,0.0023089039605110884,0.9946300983428955,0.0030609718523919582,0.34989115595817566,0.27870380878448486,0.37140509486198425,audio,vision,1,0.03709279000759125,1.0913684368133545,0.4772842526435852,0.026926126331090927,0.06038862466812134,-0.6607388257980347,-0.5900720357894897,0.07066679000854492,0.48412695624075786,0.5158730437592421,0
489,tStelxIAHjw$_$10,-0.4000000059604645,-0.5399038195610046,0.0028117757756263018,0.991557240486145,0.005630933679640293,-0.31037503480911255,-0.2616634666919708,-0.37109583616256714,0.08962497115135193,0.13833653926849365,0.02890416979789734,0.3311496376991272,0.31158769130706787,0.35726267099380493,audio,vision,0,0.6666666865348816,0.4444444477558136,0.7142857313156128,0.4721079170703888,0.5278921127319336,0.0028117757756263018,0.991557240486145,0.005630933679640293,0.2796168625354767,0.2558518648147583,0.464531272649765,audio,vision,1,0.05408850684762001,1.0612601041793823,0.4904702603816986,0.044765159487724304,0.10943236947059631,-0.3338998258113861,-0.7702491879463196,0.43634936213493347,0.5939180239376722,0.4060819760623277,1
582,wMbj6ajWbic$_$28,2.4000000953674316,0.9704920053482056,0.00204865587875247,0.9953259229660034,0.002625355962663889,1.920938491821289,1.2350202798843384,1.3173692226409912,0.4790616035461426,1.1649798154830933,1.0826308727264404,0.5278358459472656,0.2239420861005783,0.24822206795215607,audio,text,0,0.6315789222717285,0.36000001430511475,0.46666666865348816,0.47739535570144653,0.5226046442985535,0.00204865587875247,0.9953259229660034,0.002625355962663889,0.34479808807373047,0.2811508774757385,0.3740510642528534,audio,vision,0,0.03294674679636955,1.091709852218628,0.47611674666404724,0.3057887852191925,0.6859182119369507,0.8873043656349182,1.0615575313568115,0.1742531657218933,0.44576016261117696,0.554239837388823,0
445,phBUpBr1hSo$_$9,-2.0,0.260891318321228,0.0016271952772513032,0.9957423806190491,0.002630423754453659,0.8182881474494934,0.5554379820823669,0.5976177453994751,2.8182880878448486,2.5554380416870117,2.5976176261901855,0.2697886824607849,0.37472841143608093,0.35548293590545654,audio,audio,1,0.5199999809265137,0.4154929518699646,0.47777777910232544,0.43821871280670166,0.5617812871932983,0.0016271952772513032,0.9957423806190491,0.002630423754453659,0.283438116312027,0.3242592513561249,0.39230260252952576,audio,vision,0,0.030322900041937828,1.0896186828613281,0.44765543937683105,0.11526047438383102,0.26285016536712646,0.2049318253993988,0.3326294720172882,0.1276976466178894,0.5398209998444838,0.4601790001555161,1
