index,id,y_true,y_pred,w_text,w_audio,w_vision,pred_text_center,pred_audio_center,pred_vision_center,err_text_center,err_audio_center,err_vision_center,oracle_w_text,oracle_w_audio,oracle_w_vision,router_selected_anchor,oracle_selected_anchor,router_oracle_match,availability_text,availability_audio,availability_vision,g_task,g_rel,w_rel_text,w_rel_audio,w_rel_vision,w_task_text,w_task_audio,w_task_vision,router_rel_selected_anchor,router_task_selected_anchor,task_router_oracle_match,entropy_rel,entropy_task,router_disagreement,pred_std,pred_range
368,nbWiPyCm4g0$_$4,-2.200000047683716,-0.1367001235485077,4.408033873914974e-06,2.307256863787188e-06,0.9999933242797852,-0.03165115416049957,0.05784615874290466,-0.10171327739953995,2.168348789215088,2.2578461170196533,2.0982868671417236,0.33493146300315857,0.29948195815086365,0.36558660864830017,vision,vision,1,0.8837209343910217,0.8582677245140076,0.9144737124443054,0.5781863927841187,0.42181360721588135,4.408033873914974e-06,2.307256863787188e-06,0.9999933242797852,2.541139849654428e-07,1.6612797253401368e-06,0.9999980926513672,vision,vision,1,9.096289431909099e-05,2.7854592190124094e-05,3.189422841387568e-06,0.06530074775218964,0.159559428691864
427,phBUpBr1hSo$_$11,2.0,0.3760274648666382,5.290049102768535e-06,2.3839891127863666e-06,0.9999923706054688,0.13811036944389343,-0.21130409836769104,-0.04332819953560829,1.8618896007537842,2.211304187774658,2.043328285217285,0.4092988073825836,0.26445668935775757,0.3262445330619812,vision,text,0,0.8888888955116272,0.761904776096344,0.9200000166893005,0.5871245861053467,0.4128754138946533,5.290049102768535e-06,2.3839891127863666e-06,0.9999923706054688,3.085185653617373e-07,1.6147776022990001e-06,0.9999979734420776,vision,vision,0,0.0001027466933010146,2.8167074560769834e-05,3.784526370509411e-06,0.14268314838409424,0.3494144678115845
129,d6hH302o4v8$_$22,-1.0,-1.0126043558120728,8.99909355212003e-06,5.800673079647822e-06,0.9999852180480957,-0.010712072253227234,0.0913098007440567,-0.24166008830070496,0.9892879128456116,1.0913097858428955,0.7583398818969727,0.31104776263237,0.27380579710006714,0.41514647006988525,vision,vision,1,0.8888888955116272,0.9459459185600281,0.8888888955116272,0.584480345249176,0.415519654750824,8.99909355212003e-06,5.800673079647822e-06,0.9999852180480957,6.283721063482517e-07,4.3505747271410655e-06,0.9999951124191284,vision,vision,1,0.0001892586296889931,6.754962669219822e-05,6.571730409632437e-06,0.13928961753845215,0.33296990394592285
649,yvsjCA6Y5Fc$_$19,-1.600000023841858,-0.38707640767097473,7.009506589383818e-06,3.425236172915902e-06,0.9999895095825195,0.0074666887521743774,0.022775739431381226,-0.12251985818147659,1.607466697692871,1.6227757930755615,1.477480173110962,0.31670886278152466,0.3107058107852936,0.37258532643318176,vision,vision,1,0.9696969985961914,0.8962264060974121,0.9074074029922485,0.5781460404396057,0.4218539595603943,7.009506589383818e-06,3.425236172915902e-06,0.9999895095825195,4.024608983854705e-07,2.3949937713041436e-06,0.9999972581863403,vision,vision,1,0.00013676524395123124,3.964477946283296e-05,5.128631073603174e-06,0.06518493592739105,0.14529559016227722
537,v0zCBqDeKcE$_$6,0.800000011920929,0.494536429643631,5.227076599112479e-06,2.4989897156046936e-06,0.9999922513961792,0.11743360757827759,-0.12054809927940369,-0.09717271476984024,0.6825664043426514,0.9205480813980103,0.897172749042511,0.3988194763660431,0.29619908332824707,0.3049814701080322,vision,text,0,0.949999988079071,0.8684210777282715,0.9130434989929199,0.5822772979736328,0.4177227020263672,5.227076599112479e-06,2.4989897156046936e-06,0.9999922513961792,2.628536321935826e-07,1.6324945590895368e-06,0.9999980926513672,vision,vision,0,0.00010353454854339361,2.7623878850135952e-05,3.890657808369724e-06,0.10710201412439346,0.23798170685768127
457,rnaNMUZpvvg$_$6,-2.5999999046325684,-0.6667191386222839,6.1677155827055685e-06,3.964938059652923e-06,0.9999898672103882,0.0037437081336975098,0.06052270531654358,-0.17782583832740784,2.603743553161621,2.660522699356079,2.4221739768981934,0.31384679675102234,0.2923439145088196,0.39380934834480286,vision,vision,1,0.8999999761581421,0.9583333134651184,0.9285714030265808,0.5814818739891052,0.4185181260108948,6.1677155827055685e-06,3.964938059652923e-06,0.9999898672103882,3.773099876980268e-07,2.8684817152679898e-06,0.9999967813491821,vision,vision,1,0.00013341777957975864,4.5386066631181166e-05,4.600333340931684e-06,0.10165376216173172,0.23834854364395142
103,d3_k5Xpfmik$_$10,0.4000000059604645,0.10759074985980988,6.22724382992601e-06,3.116864490948501e-06,0.999990701675415,0.06943893432617188,-0.03842596709728241,-0.09014413505792618,0.3305610716342926,0.4384259581565857,0.49014413356781006,0.3713301718235016,0.32449185848236084,0.3041779398918152,vision,text,0,1.0,0.9384615421295166,0.9090909361839294,0.578739583492279,0.42126041650772095,6.22724382992601e-06,3.116864490948501e-06,0.999990701675415,3.300815762941056e-07,2.0883815068373224e-06,0.9999974966049194,vision,vision,0,0.0001234393857885152,3.472387106739916e-05,4.573525075102225e-06,0.06648004055023193,0.15958306193351746
41,cM3Yna7AavY$_$3,1.0,0.12639117240905762,4.905688456346979e-06,3.1200238481687848e-06,0.9999920129776001,0.11136007308959961,-0.06935353577136993,-0.0904662162065506,0.8886399269104004,1.0693535804748535,1.0904662609100342,0.38837528228759766,0.3098474144935608,0.3017772436141968,vision,text,0,0.8125,0.8723404407501221,0.8965517282485962,0.5788731575012207,0.4211268424987793,4.905688456346979e-06,3.1200238481687848e-06,0.9999920129776001,2.990313987538684e-07,2.231711278000148e-06,0.9999973773956299,vision,vision,0,0.00010749425564426929,3.613573426264338e-05,3.619795961640193e-06,0.09057655185461044,0.2018262892961502
394,nzpVDcQ0ywM$_$16,1.399999976158142,0.3253616690635681,7.308639851544285e-06,3.3872715903271455e-06,0.99998939037323,0.1137295663356781,-0.06771007925271988,-0.07771297544240952,1.2862703800201416,1.467710018157959,1.4777129888534546,0.3869584798812866,0.3084370195865631,0.3046044111251831,vision,text,0,1.0,0.9024389982223511,0.8775510191917419,0.5797097086906433,0.4202902913093567,7.308639851544285e-06,3.3872715903271455e-06,0.99998939037323,4.0918919808063947e-07,2.3401519229082623e-06,0.9999972581863403,vision,vision,0,0.00013968920393381268,3.908151120413095e-05,5.2714613048010506e-06,0.08798399567604065,0.1914425492286682
436,phBUpBr1hSo$_$18,0.800000011920929,0.6227051615715027,6.46855414743186e-06,3.1613428745913552e-06,0.9999903440475464,0.14248834550380707,-0.0820075049996376,-0.09319308400154114,0.6575116515159607,0.8820075392723083,0.8931931257247925,0.39997705817222595,0.3021088242530823,0.2979141175746918,vision,text,0,1.0,0.9285714030265808,0.8823529481887817,0.5815713405609131,0.4184286594390869,6.46855414743186e-06,3.1613428745913552e-06,0.9999903440475464,3.507576877836982e-07,2.150645968868048e-06,0.9999974966049194,vision,vision,0,0.0001269626955036074,3.5762299376074225e-05,4.760350293508964e-06,0.10856091231107712,0.2356814295053482
562,vyB00TXsimI$_$9,-0.25,-0.00658425921574235,6.305441274889745e-06,3.6019503113493556e-06,0.9999901056289673,0.05282659828662872,-0.013298854231834412,-0.07240063697099686,0.30282658338546753,0.2367011457681656,0.17759937047958374,0.30716121196746826,0.33362895250320435,0.3592098355293274,vision,vision,1,0.8999999761581421,0.9117646813392639,0.8500000238418579,0.5749951601028442,0.42500483989715576,6.305441274889745e-06,3.6019503113493556e-06,0.9999901056289673,3.744785317394417e-07,2.544274138926994e-06,0.9999971389770508,vision,vision,1,0.00013052328722551465,4.115708725294098e-05,4.673995590565028e-06,0.0511506050825119,0.12522724270820618
527,v0zCBqDeKcE$_$12,-0.4000000059604645,-0.5341810584068298,5.795755441795336e-06,3.4938166209030896e-06,0.999990701675415,0.013311706483364105,0.01589694619178772,-0.13342994451522827,0.4133117198944092,0.4158969521522522,0.2665700614452362,0.3126855790615082,0.3116767108440399,0.3756377100944519,vision,vision,1,0.8666666746139526,0.892307698726654,0.8974359035491943,0.5771027207374573,0.4228972792625427,5.795755441795336e-06,3.4938166209030896e-06,0.999990701675415,3.4933179904328426e-07,2.4432886220893124e-06,0.9999972581863403,vision,vision,1,0.0001230638736160472,3.948815356125124e-05,4.351154530013446e-06,0.0697920098900795,0.149326890707016
293,jUzDDGyPkXU$_$10,2.4000000953674316,0.6538517475128174,4.524672931438545e-06,2.8736119475070154e-06,0.9999926090240479,0.12066520005464554,-0.1503112018108368,-0.0685136616230011,2.279334783554077,2.550311326980591,2.4685137271881104,0.3996661305427551,0.28483468294143677,0.31549912691116333,vision,text,0,0.8571428656578064,0.9152542352676392,0.9056603908538818,0.5821275115013123,0.41787248849868774,4.524672931438545e-06,2.8736119475070154e-06,0.9999926090240479,2.2749838990421267e-07,1.847129510679224e-06,0.9999979734420776,vision,vision,0,9.971857070922852e-05,2.9872218874515966e-05,3.5626917451736517e-06,0.11348406225442886,0.27097639441490173
278,jUzDDGyPkXU$_$27,-2.0,-0.8128153681755066,8.650122254039161e-06,5.594513368123444e-06,0.9999856948852539,-0.016377225518226624,0.060295820236206055,-0.20120233297348022,1.9836227893829346,2.060295820236206,1.798797607421875,0.31560608744621277,0.2867622375488281,0.3976316750049591,vision,vision,1,0.8333333134651184,0.8809523582458496,0.8399999737739563,0.5800800919532776,0.4199199080467224,8.650122254039161e-06,5.594513368123444e-06,0.9999856948852539,5.539927769859787e-07,3.829132310784189e-06,0.9999955892562866,vision,vision,1,0.00018278611241839826,6.0131998907309026e-05,6.585293704119977e-06,0.10975749045610428,0.2614981532096863
0,c7UH_rxdZv4$_$24,-1.7999999523162842,-0.8949624300003052,1.237235301232431e-05,6.01932379140635e-06,0.9999816417694092,0.014753587543964386,0.0009565278887748718,-0.1480748951435089,1.814753532409668,1.8009564876556396,1.6519250869750977,0.30834460258483887,0.31370851397514343,0.3779468536376953,vision,vision,1,1.0,0.9090909361839294,0.8205128312110901,0.5770418643951416,0.4229581356048584,1.237235301232431e-05,6.01932379140635e-06,0.9999816417694092,8.602292496107111e-07,4.49512208433589e-06,0.9999946355819702,vision,vision,1,0.0002305017551407218,7.270476635312662e-05,8.676713150634896e-06,0.07372157275676727,0.1628284752368927
567,vyB00TXsimI$_$12,0.20000000298023224,0.04742667078971863,6.279301487666089e-06,2.576845872681588e-06,0.9999910593032837,0.05280017852783203,0.0007530748844146729,-0.07951134443283081,0.1471998244524002,0.19924692809581757,0.27951133251190186,0.3591211140155792,0.336500883102417,0.3043779730796814,vision,text,0,1.0,0.8387096524238586,0.9189189076423645,0.5784430503845215,0.4215569496154785,6.279301487666089e-06,2.576845872681588e-06,0.9999910593032837,3.581656926598953e-07,1.791481054169708e-06,0.9999978542327881,vision,vision,0,0.00011729702964657918,3.114763603662141e-05,4.500477189139929e-06,0.05442386865615845,0.13231152296066284
176,dq3Nf_lMPnE$_$6,0.800000011920929,-0.8234928846359253,1.3607439541374333e-05,8.19621800474124e-06,0.9999781847000122,0.009454682469367981,0.07540377974510193,-0.19148865342140198,0.7905453443527222,0.7245962619781494,0.9914886951446533,0.34918487071990967,0.3791901171207428,0.27162498235702515,vision,audio,0,0.8888888955116272,0.8999999761581421,0.75,0.5785627365112305,0.42143726348876953,1.3607439541374333e-05,8.19621800474124e-06,0.9999781847000122,9.433997547603212e-07,5.924714059801772e-06,0.999993085861206,vision,vision,0,0.0002702577621676028,9.129478712566197e-05,9.945568308467045e-06,0.11350921541452408,0.2668924331665039
15,c7UH_rxdZv4$_$7,-3.0,-0.6826421618461609,1.2694122233369853e-05,6.63199307382456e-06,0.9999806880950928,0.05253475159406662,0.005524367094039917,-0.15806794166564941,3.052534818649292,3.0055243968963623,2.8419320583343506,0.2974702715873718,0.31547433137893677,0.3870553970336914,vision,vision,1,1.0,0.9375,0.949999988079071,0.5819607377052307,0.4180392622947693,1.2694122233369853e-05,6.63199307382456e-06,0.9999806880950928,8.718852768652141e-07,4.7405687837454025e-06,0.9999943971633911,vision,vision,1,0.00024148725788109004,7.586427091155201e-05,9.140911060967483e-06,0.0902625322341919,0.21060270071029663
234,f_pcplsH_V0$_$1,0.25,0.8666125535964966,6.638720606133575e-06,2.9268971957208123e-06,0.9999903440475464,0.3649079501628876,-0.31905534863471985,-0.12288523465394974,0.11490795016288757,0.5690553188323975,0.37288522720336914,0.43645384907722473,0.2473980188369751,0.31614816188812256,vision,text,0,1.0,0.875,0.8684210777282715,0.6004955768585205,0.3995044231414795,6.638720606133575e-06,2.9268971957208123e-06,0.9999903440475464,3.4917641755782824e-07,1.962075884875958e-06,0.9999977350234985,vision,vision,0,0.00012607993267010897,3.322122211102396e-05,4.881780569121474e-06,0.28756269812583923,0.6839632987976074
528,v0zCBqDeKcE$_$15,2.4000000953674316,0.7853273153305054,5.304888418322662e-06,2.972088850583532e-06,0.9999916553497314,0.23830311000347137,-0.22799399495124817,-0.07947579026222229,2.1616969108581543,2.6279940605163574,2.479475975036621,0.4483347237110138,0.25030210614204407,0.30136314034461975,vision,text,0,1.0,1.0,1.0,0.5937328934669495,0.40626710653305054,5.304888418322662e-06,2.972088850583532e-06,0.9999916553497314,2.858133711924893e-07,2.0044162738486193e-06,0.9999977350234985,vision,vision,0,0.00011058602831326425,3.28500427713152e-05,4.022140728920931e-06,0.19450052082538605,0.46629709005355835
491,tStelxIAHjw$_$12,-1.0,0.4635000228881836,5.855912149854703e-06,3.116606876574224e-06,0.9999910593032837,0.3067898452281952,-0.3008674681186676,-0.08474034816026688,1.3067898750305176,0.6991325616836548,0.9152596592903137,0.20969992876052856,0.4482043981552124,0.3420957028865814,vision,audio,0,1.0,0.9655172228813171,0.970588207244873,0.5992528796195984,0.4007471203804016,5.855912149854703e-06,3.116606876574224e-06,0.9999910593032837,3.191115638401243e-07,2.0769650745933177e-06,0.999997615814209,vision,vision,0,0.00011898778029717505,3.4313805372221395e-05,4.3776508391601965e-06,0.25149646401405334,0.6076573133468628
534,v0zCBqDeKcE$_$5,2.0,0.8992264270782471,5.81041376790381e-06,2.8724352887365967e-06,0.9999912977218628,0.19407591223716736,-0.17161723971366882,-0.09078485518693924,1.8059240579605103,2.171617269515991,2.090784788131714,0.428536057472229,0.271308958530426,0.3001549541950226,vision,text,0,1.0,0.9333333373069763,0.9444444179534912,0.5885156393051147,0.41148436069488525,5.81041376790381e-06,2.8724352887365967e-06,0.9999912977218628,2.9813710966664075e-07,1.8464742197465966e-06,0.9999978542327881,vision,vision,0,0.0001153850753325969,3.098326124018058e-05,4.364916094345972e-06,0.1568477749824524,0.3656931519508362
550,vvZ4IcEtiZc$_$9,2.200000047683716,0.3386741578578949,4.77763114759e-06,2.6412706120026996e-06,0.9999926090240479,0.06456466764211655,-0.08425340801477432,-0.08531699329614639,2.1354353427886963,2.2842533588409424,2.2853169441223145,0.37602370977401733,0.3121955394744873,0.31178075075149536,vision,text,0,0.90625,0.8924731016159058,0.9009009003639221,0.5776246190071106,0.4223753809928894,4.77763114759e-06,2.6412706120026996e-06,0.9999926090240479,2.5164371209029923e-07,1.7570101817909745e-06,0.9999979734420776,vision,vision,0,9.982957999454811e-05,2.911428418883588e-05,3.5915554690291174e-06,0.07040554285049438,0.14988166093826294
364,nbWiPyCm4g0$_$1,1.2000000476837158,0.1227998286485672,5.670692189596593e-06,2.999351181642851e-06,0.9999912977218628,0.13895492255687714,-0.026586048305034637,-0.13408726453781128,1.0610451698303223,1.226586103439331,1.3340873718261719,0.3962085545063019,0.3221491277217865,0.281642347574234,vision,text,0,0.8999999761581421,0.875,0.8974359035491943,0.582672119140625,0.417327880859375,5.670692189596593e-06,2.999351181642851e-06,0.9999912977218628,3.385078741757752e-07,2.174967903556535e-06,0.9999974966049194,vision,vision,0,0.00011532845383044332,3.588520485209301e-05,4.118483502679737e-06,0.11230532079935074,0.2730422019958496
579,wMbj6ajWbic$_$21,1.600000023841858,0.5496480464935303,5.137090738571715e-06,2.4116104668792104e-06,0.9999924898147583,0.12166003882884979,-0.16132524609565735,-0.07848338037729263,1.4783400297164917,1.7613252401351929,1.6784833669662476,0.40310800075531006,0.2830073833465576,0.3138846158981323,vision,text,0,0.9411764740943909,0.8461538553237915,0.914893627166748,0.5841731429100037,0.41582685708999634,5.137090738571715e-06,2.4116104668792104e-06,0.9999924898147583,2.5853256602204056e-07,1.5508344404224772e-06,0.9999982118606567,vision,vision,0,0.0001012496359180659,2.6434918254381046e-05,3.820460278802784e-06,0.11879059672355652,0.28298527002334595
83,cXypl4FnoZo$_$1,1.0,-0.038276102393865585,6.111826678534271e-06,3.1385288821184076e-06,0.9999908208847046,0.07194434106349945,0.006150148808956146,-0.1355125904083252,0.9280556440353394,0.9938498735427856,1.1355125904083252,0.37138497829437256,0.3420635163784027,0.28655147552490234,vision,text,0,0.9230769276618958,0.8695651888847351,0.8888888955116272,0.5799593329429626,0.42004066705703735,6.111826678534271e-06,3.1385288821184076e-06,0.9999908208847046,3.4844083529605996e-07,2.191984776800382e-06,0.9999974966049194,vision,vision,0,0.00012230398715473711,3.622790245572105e-05,4.461883690964896e-06,0.08656121045351028,0.20745693147182465
169,dq3Nf_lMPnE$_$14,-1.7999999523162842,0.3054988980293274,5.804786724183941e-06,2.0551578927552328e-06,0.9999921321868896,0.13088630139827728,-0.13800662755966187,-0.07758171111345291,1.9308862686157227,1.6619932651519775,1.722418189048767,0.2704755961894989,0.37853115797042847,0.350993275642395,vision,audio,0,1.0,0.7708333134651184,0.931034505367279,0.585076093673706,0.41492390632629395,5.804786724183941e-06,2.0551578927552328e-06,0.9999921321868896,3.1201219030663196e-07,1.3908922937844181e-06,0.9999982118606567,vision,vision,0,0.00010474774899194017,2.519931149436161e-05,4.078905021742685e-06,0.11518752574920654,0.26889294385910034
609,yDtzw_Y-7RU$_$1,0.800000011920929,0.18248900771141052,5.807295565318782e-06,2.6983520911016967e-06,0.9999914169311523,0.08286857604980469,-0.03304368257522583,-0.10483092814683914,0.7171314358711243,0.8330436944961548,0.9048309326171875,0.3765081465244293,0.32572367787361145,0.297768235206604,vision,text,0,1.0,0.9074074029922485,0.892307698726654,0.579708993434906,0.420291006565094,5.807295565318782e-06,2.6983520911016967e-06,0.9999914169311523,3.1814653311812435e-07,1.9048875401495025e-06,0.9999977350234985,vision,vision,0,0.00011317872849758714,3.2094307243824005e-05,4.2002352529380005e-06,0.0773305743932724,0.18769949674606323
17,c7UH_rxdZv4$_$9,-0.4000000059604645,0.03963256999850273,4.928141152049648e-06,2.915458480856614e-06,0.9999922513961792,0.06632253527641296,-0.07480488717556,-0.08507197350263596,0.46632254123687744,0.3251951336860657,0.3149280250072479,0.29400864243507385,0.3507305681705475,0.35526081919670105,vision,vision,1,0.8518518805503845,0.875,0.8823529481887817,0.5767537951469421,0.42324620485305786,4.928141152049648e-06,2.915458480856614e-06,0.9999922513961792,2.646275163442624e-07,1.930997541421675e-06,0.9999978542327881,vision,vision,1,0.00010511212167330086,3.154079240630381e-05,3.7502704799408093e-06,0.06907536834478378,0.15139451622962952
340,lXPQBPVc5Cw$_$23,-2.4000000953674316,-0.11863783746957779,6.854880666651297e-06,3.578665427994565e-06,0.9999895095825195,0.05346934497356415,0.008296854794025421,-0.1049523800611496,2.4534695148468018,2.408297061920166,2.2950477600097656,0.3051491677761078,0.32287535071372986,0.37197545170783997,vision,vision,1,0.8666666746139526,0.8260869383811951,0.8571428656578064,0.5768130421638489,0.4231869578361511,6.854880666651297e-06,3.578665427994565e-06,0.9999895095825195,4.1851419041449844e-07,2.5474421363469446e-06,0.9999970197677612,vision,vision,1,0.00013685700832866132,4.1919021896319464e-05,4.992592039343435e-06,0.06663614511489868,0.15842172503471375
509,tmZoasNr4rU$_$14,-2.0,-0.9760675430297852,1.140539188781986e-05,5.130068075231975e-06,0.9999834299087524,-0.009954169392585754,0.030578583478927612,-0.17330968379974365,1.9900457859039307,2.03057861328125,1.8266903162002563,0.31474924087524414,0.29919934272766113,0.38605138659477234,vision,vision,1,1.0,0.8777777552604675,0.8837209343910217,0.580453634262085,0.41954636573791504,1.140539188781986e-05,5.130068075231975e-06,0.9999834299087524,7.671312687307363e-07,3.54805524693802e-06,0.9999957084655762,vision,vision,1,0.00020884581317659467,5.9598216466838494e-05,8.166277439158875e-06,0.08812765777111053,0.20388826727867126
581,wMbj6ajWbic$_$23,1.7999999523162842,0.9345499277114868,5.900553333049174e-06,2.7047801722801523e-06,0.9999914169311523,0.20192137360572815,-0.18235695362091064,-0.09885545074939728,1.5980786085128784,1.9823569059371948,1.898855447769165,0.43380364775657654,0.2683371305465698,0.29785922169685364,vision,text,0,1.0,0.8965517282485962,0.9117646813392639,0.588733971118927,0.411266028881073,5.900553333049174e-06,2.7047801722801523e-06,0.9999914169311523,2.958946652142913e-07,1.7466870758653386e-06,0.9999979734420776,vision,vision,0,0.00011428506695665419,2.961222162412014e-05,4.373087904241402e-06,0.16502828896045685,0.3842783272266388
42,cM3Yna7AavY$_$2,2.5,0.587644636631012,6.892425062687835e-06,3.0399685329030035e-06,0.9999899864196777,0.13561353087425232,-0.13213695585727692,-0.08721574395895004,2.364386558532715,2.6321370601654053,2.5872156620025635,0.4044567942619324,0.28941357135772705,0.3061296343803406,vision,text,0,0.9285714030265808,0.807692289352417,0.8333333134651184,0.5817118287086487,0.4182881712913513,6.892425062687835e-06,3.0399685329030035e-06,0.9999899864196777,3.7663838270418637e-07,2.046645477093989e-06,0.999997615814209,vision,vision,0,0.00013052935537416488,3.474520781310275e-05,5.046168098488124e-06,0.11707600951194763,0.26775050163269043
399,ob23OKe5a9Q$_$13,1.25,-0.6458286046981812,7.529005870310357e-06,4.277540028851945e-06,0.9999881982803345,-0.02844947576522827,0.05888080596923828,-0.150396466255188,1.278449535369873,1.1911191940307617,1.400396466255188,0.33625200390815735,0.37503668665885925,0.2887113392353058,vision,audio,0,0.9411764740943909,0.942307710647583,0.774193525314331,0.5769302248954773,0.4230697751045227,7.529005870310357e-06,4.277540028851945e-06,0.9999881982803345,4.3308327235536126e-07,2.9456825814122567e-06,0.999996542930603,vision,vision,0,0.00015347896260209382,4.7296642151195556e-05,5.590810360445175e-06,0.08582580834627151,0.20927727222442627
433,phBUpBr1hSo$_$17,2.0,0.23777908086776733,6.34418483969057e-06,3.3955323033296736e-06,0.9999903440475464,0.04396919906139374,-0.035011179745197296,-0.0800146609544754,1.9560308456420898,2.0350112915039062,2.080014705657959,0.3620009422302246,0.3279697000980377,0.31002938747406006,vision,text,0,1.0,0.970588207244873,0.8765432238578796,0.5762403011322021,0.42375969886779785,6.34418483969057e-06,3.3955323033296736e-06,0.9999903440475464,3.286085075160372e-07,2.240768708361429e-06,0.9999973773956299,vision,vision,0,0.00012832306674681604,3.665783879114315e-05,4.734562935482245e-06,0.05124582722783089,0.12398386001586914
262,iiK8YX8oH1E$_$14,-1.2000000476837158,-0.7555961012840271,9.487828720011748e-06,4.400206762511516e-06,0.9999860525131226,0.015636272728443146,0.015586942434310913,-0.17295408248901367,1.2156363725662231,1.2155870199203491,1.0270459651947021,0.30619391798973083,0.30621278285980225,0.3875932991504669,vision,vision,1,1.0,0.8947368264198303,0.9347826242446899,0.5810699462890625,0.4189300537109375,9.487828720011748e-06,4.400206762511516e-06,0.9999860525131226,6.59636441469047e-07,3.2715231554902857e-06,0.9999960660934448,vision,vision,1,0.0001779304293449968,5.462182889459655e-05,6.656818641204154e-06,0.08889071643352509,0.18859034776687622
608,yDtzw_Y-7RU$_$23,2.200000047683716,0.7765101194381714,4.159127456659917e-06,2.3971645077836e-06,0.9999934434890747,0.27577006816864014,-0.19724060595035553,-0.108638696372509,1.9242299795150757,2.39724063873291,2.30863881111145,0.4603850841522217,0.2548817992210388,0.2847331166267395,vision,text,0,0.8333333134651184,0.84375,0.9210526347160339,0.5916017293930054,0.40839827060699463,4.159127456659917e-06,2.3971645077836e-06,0.9999934434890747,2.1802058824960113e-07,1.598829157956061e-06,0.9999982118606567,vision,vision,0,8.90912051545456e-05,2.645089443831239e-05,3.1692713946540607e-06,0.2053072303533554,0.4730106592178345
575,wMbj6ajWbic$_$25,2.0,0.27974745631217957,3.5103180380247068e-06,2.307320983163663e-06,0.9999942779541016,0.07426862418651581,-0.0370059534907341,-0.10376372933387756,1.9257314205169678,2.03700590133667,2.1037638187408447,0.37444350123405457,0.3258209824562073,0.29973557591438293,vision,text,0,0.8333333134651184,0.9130434989929199,0.9629629850387573,0.5792903900146484,0.42070960998535156,3.5103180380247068e-06,2.307320983163663e-06,0.9999942779541016,1.8294524295470183e-07,1.5461886277989834e-06,0.9999982118606567,vision,vision,0,7.973866013344377e-05,2.5294228180428036e-05,2.6741372494143434e-06,0.07343489676713943,0.17803235352039337
650,yvsjCA6Y5Fc$_$18,-2.200000047683716,-0.7801910042762756,1.4720370927534532e-05,6.640947503910866e-06,0.9999786615371704,0.03118426352739334,0.017109930515289307,-0.18493643403053284,2.231184244155884,2.2171099185943604,2.015063524246216,0.30048882961273193,0.30582207441329956,0.3936890959739685,vision,vision,1,0.9629629850387573,0.837837815284729,0.8947368264198303,0.5812394618988037,0.4187605381011963,1.4720370927534532e-05,6.640947503910866e-06,0.9999786615371704,9.978228945328738e-07,4.868738415098051e-06,0.999994158744812,vision,vision,1,0.0002642762556206435,7.916660979390144e-05,1.0330654731660616e-05,0.09873025119304657,0.21612069010734558
341,lXPQBPVc5Cw$_$28,0.800000011920929,0.49146437644958496,5.8758319028129335e-06,3.152264980599284e-06,0.9999910593032837,0.09587813168764114,-0.12389300763607025,-0.07526661455631256,0.7041218876838684,0.9238930344581604,0.8752666115760803,0.38953036069869995,0.29596108198165894,0.31450849771499634,vision,text,0,0.9411764740943909,0.9230769276618958,0.8571428656578064,0.5795889496803284,0.42041105031967163,5.8758319028129335e-06,3.152264980599284e-06,0.9999910593032837,3.111808268840832e-07,2.10041753234691e-06,0.9999974966049194,vision,vision,0,0.00011962406279053539,3.460550578893162e-05,4.351266397861764e-06,0.0942540317773819,0.219771146774292
320,k5Y_838nuGo$_$8,-1.399999976158142,-0.642316460609436,9.034086360770743e-06,4.291753612051252e-06,0.9999866485595703,0.008689075708389282,0.025776460766792297,-0.15053784847259521,1.408689022064209,1.425776481628418,1.2494621276855469,0.3125888705253601,0.3059829771518707,0.3814281225204468,vision,vision,1,1.0,0.8999999761581421,0.8888888955116272,0.5793180465698242,0.4206819534301758,9.034086360770743e-06,4.291753612051252e-06,0.9999866485595703,6.077794978409656e-07,3.210958766430849e-06,0.9999961853027344,vision,vision,1,0.00017129881598521024,5.310943743097596e-05,6.347948328766506e-06,0.0793948844075203,0.1763143092393875
450,rnaNMUZpvvg$_$22,-2.200000047683716,-0.6928398609161377,7.5746279435406905e-06,3.484905619188794e-06,0.9999889135360718,0.02199126034975052,0.030986085534095764,-0.191531240940094,2.2219913005828857,2.2309861183166504,2.0084688663482666,0.30351465940475464,0.3001212477684021,0.3963640630245209,vision,vision,1,1.0,0.8888888955116272,0.9080459475517273,0.581895112991333,0.418104887008667,7.5746279435406905e-06,3.484905619188794e-06,0.9999889135360718,4.252143526173313e-07,2.4144544568116544e-06,0.9999971389770508,vision,vision,1,0.00014417168858926743,4.030797936138697e-05,5.481769221660215e-06,0.10284114629030228,0.22251732647418976
404,ob23OKe5a9Q$_$2,1.0,0.21111547946929932,1.0448761713632848e-05,5.3012890930403955e-06,0.9999842643737793,0.12491194158792496,-0.13273164629936218,-0.06173299252986908,0.8750880360603333,1.1327316761016846,1.0617330074310303,0.3973662853240967,0.2879549562931061,0.31467875838279724,vision,text,0,1.0,0.9375,0.7894737124443054,0.5800008177757263,0.4199991822242737,1.0448761713632848e-05,5.3012890930403955e-06,0.9999842643737793,6.126851417320722e-07,3.642462843345129e-06,0.9999957084655762,vision,vision,0,0.00019995038746856153,5.865035200258717e-05,7.646331141586415e-06,0.10865713655948639,0.25764358043670654
479,tIrG4oNLFzE$_$1,2.799999952316284,1.0588849782943726,5.222405889071524e-06,2.8143067538621835e-06,0.9999918937683105,0.34598588943481445,-0.3144228458404541,-0.11383163183927536,2.4540140628814697,3.1144227981567383,2.9138314723968506,0.4997889995574951,0.21891315281391144,0.28129786252975464,vision,text,0,1.0,0.9756097793579102,0.9387755393981934,0.6006610989570618,0.39933890104293823,5.222405889071524e-06,2.8143067538621835e-06,0.9999918937683105,2.6456118007445184e-07,1.8608143363962881e-06,0.9999978542327881,vision,vision,0,0.00010757308336906135,3.068531441385858e-05,3.95726738133817e-06,0.27644744515419006,0.6604087352752686
397,ob23OKe5a9Q$_$11,0.800000011920929,0.6501460075378418,4.940080998494523e-06,2.468854745529825e-06,0.9999926090240479,0.20697176456451416,-0.20366352796554565,-0.10524731874465942,0.5930282473564148,1.0036635398864746,0.9052473306655884,0.4394846260547638,0.263040691614151,0.2974746525287628,vision,text,0,0.9696969985961914,0.902255654335022,0.9333333373069763,0.5900682806968689,0.4099317193031311,4.940080998494523e-06,2.468854745529825e-06,0.9999926090240479,2.4336364390364906e-07,1.5998557501006871e-06,0.9999982118606567,vision,vision,0,9.96067828964442e-05,2.6825513486983255e-05,3.722851033671759e-06,0.17505168914794922,0.4106352925300598
557,vyB00TXsimI$_$2,-2.4000000953674316,-0.7980284690856934,6.454808044509264e-06,4.776765308633912e-06,0.9999887943267822,0.029653199017047882,-0.003549911081790924,-0.17611214518547058,2.4296534061431885,2.3964502811431885,2.2238879203796387,0.29978805780410767,0.3124922811985016,0.3877197206020355,vision,vision,1,0.7407407164573669,0.8666666746139526,0.9444444179534912,0.579468846321106,0.42053115367889404,6.454808044509264e-06,4.776765308633912e-06,0.9999887943267822,4.1924715787899913e-07,3.51821972799371e-06,0.9999959468841553,vision,vision,1,0.00014684873167425394,5.437004438135773e-05,4.815555257664528e-06,0.09019702672958374,0.20576533675193787
407,ob23OKe5a9Q$_$7,0.6000000238418579,0.02225578762590885,4.831008027395001e-06,2.469697619744693e-06,0.9999926090240479,0.019900962710380554,-0.04921278730034828,-0.07484369724988937,0.5800990462303162,0.6492128372192383,0.6748437285423279,0.3564366400241852,0.32693594694137573,0.3166274130344391,vision,text,0,0.970588207244873,0.9270833134651184,0.9051724076271057,0.5756803750991821,0.42431962490081787,4.831008027395001e-06,2.469697619744693e-06,0.9999926090240479,2.5325439878542966e-07,1.678347530287283e-06,0.9999980926513672,vision,vision,0,9.83920181170106e-05,2.8052381821908057e-05,3.6175774766888935e-06,0.04001417011022568,0.09474465996026993
345,lXPQBPVc5Cw$_$2,-2.200000047683716,-0.9040350914001465,1.1211545825062785e-05,8.128368790494278e-06,0.9999806880950928,0.020568646490573883,0.013135716319084167,-0.19631782174110413,2.2205686569213867,2.2131357192993164,2.0036821365356445,0.30113667249679565,0.3039475977420807,0.39491572976112366,vision,vision,1,0.8461538553237915,0.949999988079071,0.875,0.5788974165916443,0.4211025834083557,1.1211545825062785e-05,8.128368790494278e-06,0.9999806880950928,7.913661761449475e-07,5.730516022595111e-06,0.9999934434890747,vision,vision,1,0.00024235298042185605,8.68205024744384e-05,8.524475560989231e-06,0.10053510963916779,0.2168864607810974
142,d6hH302o4v8$_$9,-2.4000000953674316,-0.6857296824455261,6.109565674705664e-06,3.0886744752933737e-06,0.9999908208847046,0.008498743176460266,0.06076182425022125,-0.1567741334438324,2.408498764038086,2.4607620239257812,2.2432260513305664,0.3158321678638458,0.2958586513996124,0.38830915093421936,vision,vision,1,0.875,0.8125,0.8947368264198303,0.5804559588432312,0.4195440411567688,6.109565674705664e-06,3.0886744752933737e-06,0.9999908208847046,3.7139616893000493e-07,2.1654805095749907e-06,0.9999974966049194,vision,vision,1,0.00012169682304374874,3.622651638579555e-05,4.445694685273338e-06,0.09271728247404099,0.21753595769405365
536,v0zCBqDeKcE$_$7,1.399999976158142,-0.0543842688202858,5.946163128101034e-06,2.63998072114191e-06,0.9999914169311523,0.021103031933307648,-0.0066533759236335754,-0.07821141183376312,1.378896951675415,1.4066534042358398,1.4782114028930664,0.3509814739227295,0.33901283144950867,0.31000563502311707,vision,text,0,0.8999999761581421,0.7777777910232544,0.8548387289047241,0.5749000310897827,0.4250999689102173,5.946163128101034e-06,2.63998072114191e-06,0.9999914169311523,3.283185492364282e-07,1.7852898963610642e-06,0.9999978542327881,vision,vision,0,0.00011402170639485121,3.0657472962047905e-05,4.30327918365947e-06,0.04183875024318695,0.09931444376707077
628,yvsjCA6Y5Fc$_$20,0.800000011920929,1.0587360858917236,8.251440704043489e-06,3.9945139178598765e-06,0.9999877214431763,0.5244615077972412,-0.49891403317451477,-0.13294535875320435,0.27553850412368774,1.2989140748977661,0.9329453706741333,0.5821019411087036,0.16197243332862854,0.25592565536499023,vision,text,0,1.0,0.9200000166893005,0.8999999761581421,0.6154565215110779,0.3845434784889221,8.251440704043489e-06,3.9945139178598765e-06,0.9999877214431763,4.804097670785268e-07,2.847787754944875e-06,0.9999966621398926,vision,vision,0,0.00015849678311496973,4.667058965424076e-05,5.9528183555812575e-06,0.4234008193016052,1.0233755111694336
594,wMbj6ajWbic$_$10,-1.7999999523162842,-0.0034514558501541615,4.4226903810340445e-06,2.6414352305437205e-06,0.9999929666519165,0.07025817781686783,-0.029118210077285767,-0.10456490516662598,1.870258092880249,1.7708817720413208,1.6954350471496582,0.2961637079715729,0.33533602952957153,0.368500292301178,vision,vision,1,0.8181818127632141,0.8421052694320679,0.9545454382896423,0.5792480707168579,0.4207519292831421,4.4226903810340445e-06,2.6414352305437205e-06,0.9999929666519165,2.435235444409045e-07,1.7572899650986074e-06,0.9999979734420776,vision,vision,1,9.546674118610099e-05,2.9002319934079424e-05,3.356700744916452e-06,0.0715937465429306,0.1748230755329132
190,etzxEpPuc6I$_$3,-1.600000023841858,-0.8185533881187439,7.954042303026654e-06,3.8752596083213575e-06,0.9999880790710449,0.0019472688436508179,0.05606536567211151,-0.21828100085258484,1.60194730758667,1.6560653448104858,1.3817189931869507,0.30755072832107544,0.2874337434768677,0.4050155282020569,vision,vision,1,1.0,0.914893627166748,0.9285714030265808,0.5843331217765808,0.4156668782234192,7.954042303026654e-06,3.8752596083213575e-06,0.9999880790710449,4.667620316922694e-07,2.6575739866530057e-06,0.9999969005584717,vision,vision,1,0.00015358510427176952,4.400195393827744e-05,5.8421514950168785e-06,0.11864755302667618,0.27434635162353516
206,f9O3YtZ2VfI$_$28,1.2000000476837158,0.6358755826950073,4.396337772050174e-06,4.067041572852759e-06,0.9999915361404419,0.2085115909576416,-0.1495245099067688,-0.10059139877557755,0.9914884567260742,1.3495244979858398,1.3005914688110352,0.43127456307411194,0.2756687104701996,0.2930567264556885,vision,text,0,0.75,1.0,0.8500000238418579,0.5829486846923828,0.4170513153076172,4.396337772050174e-06,4.067041572852759e-06,0.9999915361404419,2.2852172776310908e-07,2.6580842131807003e-06,0.9999971389770508,vision,vision,0,0.00011315406300127506,4.045995228807442e-05,3.726536760950694e-06,0.15851005911827087,0.3580361008644104
618,yDtzw_Y-7RU$_$11,-1.399999976158142,0.20075324177742004,3.6586550322681433e-06,3.515267508191755e-06,0.999992847442627,0.07213973999023438,-0.04215094819664955,-0.07907500863075256,1.4721397161483765,1.3578490018844604,1.320924997329712,0.2974742352962494,0.3431580364704132,0.3593677580356598,vision,vision,1,0.6875,0.9411764740943909,0.8809523582458496,0.5744200944900513,0.42557990550994873,3.6586550322681433e-06,3.515267508191755e-06,0.999992847442627,1.9177146270976664e-07,2.2398951387003763e-06,0.9999974966049194,vision,vision,1,9.707923891255632e-05,3.4588767448440194e-05,3.130473032797454e-06,0.06437015533447266,0.15121474862098694
347,lXPQBPVc5Cw$_$4,-1.2000000476837158,-0.8222053647041321,7.213204298750497e-06,3.686530817503808e-06,0.9999890327453613,-0.02479863166809082,0.04858878254890442,-0.17887678742408752,1.175201416015625,1.2485888004302979,1.0211232900619507,0.32002636790275574,0.2919752895832062,0.3879983127117157,vision,vision,1,0.9285714030265808,0.8717948794364929,0.9042553305625916,0.5812289118766785,0.41877108812332153,7.213204298750497e-06,3.686530817503808e-06,0.9999890327453613,4.170305487605219e-07,2.455113872201764e-06,0.9999971389770508,vision,vision,1,0.0001424701913492754,4.0680915844859555e-05,5.377941306505818e-06,0.09479004889726639,0.22746556997299194
248,fvVhgmXxadc$_$1,-0.4000000059604645,-0.10313709080219269,5.365203833207488e-06,3.041661102543003e-06,0.9999915361404419,0.045884206891059875,-0.007659196853637695,-0.08843744546175003,0.44588422775268555,0.3923408091068268,0.31156256794929504,0.3074992299079895,0.3287842869758606,0.3637164831161499,vision,vision,1,0.8999999761581421,0.9038461446762085,0.9318181872367859,0.5774067640304565,0.42259323596954346,5.365203833207488e-06,3.041661102543003e-06,0.9999915361404419,3.111582884685049e-07,2.144896370737115e-06,0.9999974966049194,vision,vision,1,0.00011219223233638331,3.514173295116052e-05,3.970425041188719e-06,0.05521104112267494,0.1343216598033905
322,k5Y_838nuGo$_$10,2.0,0.3341401219367981,7.167892817960819e-06,3.540754960340564e-06,0.9999892711639404,0.13506124913692474,-0.12738201022148132,-0.0712643712759018,1.864938735961914,2.1273820400238037,2.0712642669677734,0.4011245667934418,0.2889396548271179,0.3099358081817627,vision,text,0,1.0,0.931034505367279,0.8823529481887817,0.5825638175010681,0.4174361824989319,7.167892817960819e-06,3.540754960340564e-06,0.9999892711639404,4.0519026356378163e-07,2.4135454168572323e-06,0.9999972581863403,vision,vision,0,0.00014005955017637461,3.9903705328470096e-05,5.292311470839195e-06,0.11284006386995316,0.2624432444572449
520,tmZoasNr4rU$_$7,-1.0,-0.5165674686431885,5.563230388361262e-06,2.781279590635677e-06,0.9999916553497314,0.0048531219363212585,0.03475271165370941,-0.1660023033618927,1.0048531293869019,1.0347527265548706,0.8339977264404297,0.3123629093170166,0.30090394616127014,0.38673317432403564,vision,vision,1,0.9655172228813171,0.9025974273681641,0.9347826242446899,0.5810935497283936,0.41890645027160645,5.563230388361262e-06,2.781279590635677e-06,0.9999916553497314,3.2184729548134783e-07,1.993819751078263e-06,0.999997615814209,vision,vision,1,0.00011121580610051751,3.334551365696825e-05,3.996436134912074e-06,0.08843588083982468,0.2007550150156021
251,fvVhgmXxadc$_$5,0.0,-0.15952064096927643,5.749893261963734e-06,4.0300292312167585e-06,0.9999902248382568,0.07528607547283173,-0.024697139859199524,-0.10242089629173279,0.07528607547283173,0.024697139859199524,0.10242089629173279,0.3298230469226837,0.35135340690612793,0.31882357597351074,vision,audio,0,0.8461538553237915,0.9473684430122375,0.8913043737411499,0.5774247050285339,0.42257529497146606,5.749893261963734e-06,4.0300292312167585e-06,0.9999902248382568,3.391749316961068e-07,2.8014615054416936e-06,0.9999967813491821,vision,vision,0,0.00012919520668219775,4.4069132854929194e-05,4.398599230626132e-06,0.07273802906274796,0.17770697176456451
324,k5Y_838nuGo$_$12,0.20000000298023224,0.006924120243638754,6.523235242639203e-06,3.2922673653956736e-06,0.9999901056289673,0.060989972203969955,-0.02405354380607605,-0.08558834344148636,0.13901002705097198,0.2240535467863083,0.2855883538722992,0.36606794595718384,0.32915031909942627,0.3047817647457123,vision,text,0,0.9473684430122375,0.8888888955116272,0.8703703880310059,0.5770241618156433,0.4229758381843567,6.523235242639203e-06,3.2922673653956736e-06,0.9999901056289673,3.644774153599428e-07,2.2573162823391613e-06,0.9999973773956299,vision,vision,0,0.0001293240493396297,3.7354184314608574e-05,4.82182531413855e-06,0.060096342116594315,0.14657831192016602
530,v0zCBqDeKcE$_$16,0.0,0.6034179329872131,8.351752512680832e-06,3.345194272696972e-06,0.999988317489624,0.29705777764320374,-0.41556447744369507,-0.0675494521856308,0.29705777764320374,0.41556447744369507,0.0675494521856308,0.3130294382572174,0.26993033289909363,0.41704025864601135,vision,vision,1,0.8571428656578064,0.6666666865348816,1.0,0.6052834391593933,0.3947165608406067,8.351752512680832e-06,3.345194272696972e-06,0.999988317489624,5.599627570518351e-07,2.4530656901333714e-06,0.9999969005584717,vision,vision,1,0.00015149600221775472,4.282955342205241e-05,5.755662641604431e-06,0.2909530997276306,0.7126222848892212
339,lXPQBPVc5Cw$_$22,2.5999999046325684,0.8145151734352112,4.373999672679929e-06,3.531615448082448e-06,0.9999920129776001,0.1852944791316986,-0.21790127456188202,-0.088345967233181,2.414705514907837,2.817901134490967,2.6883459091186523,0.4320727586746216,0.26102063059806824,0.3069065809249878,vision,text,0,0.7692307829856873,0.9473684430122375,0.8666666746139526,0.5856916308403015,0.4143083691596985,4.373999672679929e-06,3.531615448082448e-06,0.9999920129776001,2.2315870751299371e-07,2.256696461699903e-06,0.9999974966049194,vision,vision,0,0.00010627647861838341,3.524207932059653e-05,3.636462452050182e-06,0.1680709272623062,0.40319573879241943
376,nzpVDcQ0ywM$_$22,2.0,0.6603007912635803,7.163119335018564e-06,4.105704647372477e-06,0.9999887943267822,0.3061181902885437,-0.6588906049728394,-0.013403419405221939,1.6938817501068115,2.658890724182129,2.0134034156799316,0.5076050758361816,0.1519334614276886,0.34046146273612976,vision,text,0,1.0,1.0,1.0,0.6152427196502686,0.38475728034973145,7.163119335018564e-06,4.105704647372477e-06,0.9999887943267822,4.762472087804781e-07,3.00920009976835e-06,0.999996542930603,vision,vision,0,0.00014696759171783924,4.862854984821752e-05,5.1773272389255e-06,0.4013850688934326,0.9650087952613831
8,c7UH_rxdZv4$_$28,-0.800000011920929,0.18243762850761414,4.640456154447747e-06,3.965008090744959e-06,0.9999914169311523,0.16117583215236664,-0.21843759715557098,-0.08160125464200974,0.9611758589744568,0.5815623998641968,0.7183987498283386,0.2524111568927765,0.4056846499443054,0.3419041931629181,vision,audio,0,0.7272727489471436,0.9230769276618958,0.8870967626571655,0.5849060416221619,0.41509395837783813,4.640456154447747e-06,3.965008090744959e-06,0.9999914169311523,2.6423617782711517e-07,2.708189867917099e-06,0.9999970197677612,vision,vision,0,0.0001148678784375079,4.167957013123669e-05,3.745291678569629e-06,0.15697532892227173,0.3796134293079376
136,d6hH302o4v8$_$3,0.20000000298023224,-0.20924605429172516,5.324272478901548e-06,2.4900637072278187e-06,0.9999921321868896,0.02010500431060791,0.009191185235977173,-0.1029987707734108,0.17989499866962433,0.19080881774425507,0.30299878120422363,0.3516390025615692,0.3468744158744812,0.3014865517616272,vision,text,0,0.9444444179534912,0.8571428656578064,0.9137930870056152,0.577345609664917,0.422654390335083,5.324272478901548e-06,2.4900637072278187e-06,0.9999921321868896,2.917364838594949e-07,1.7362439166390686e-06,0.9999979734420776,vision,vision,0,0.00010463150101713836,2.9425798857118934e-05,3.875870788760949e-06,0.05563795194029808,0.12310377508401871
315,k5Y_838nuGo$_$5,-1.3333333730697632,-0.7372151613235474,1.265869377675699e-05,6.430193479900481e-06,0.9999809265136719,-0.009174808859825134,0.0693204402923584,-0.20079359412193298,1.3241585493087769,1.4026538133621216,1.1325397491455078,0.3147440552711487,0.2853284180164337,0.3999275267124176,vision,vision,1,1.0,0.9375,0.75,0.5795498490333557,0.4204501509666443,1.265869377675699e-05,6.430193479900481e-06,0.9999809265136719,7.760155540381675e-07,4.423794962349348e-06,0.9999947547912598,vision,vision,1,0.00023867729760240763,7.068191916914657e-05,9.239118298864923e-06,0.11345133930444717,0.2701140344142914
337,lXPQBPVc5Cw$_$20,-1.7999999523162842,0.514286994934082,3.8103016777313314e-06,2.794514330162201e-06,0.9999934434890747,0.08633995056152344,-0.12797515094280243,-0.07826782763004303,1.8863399028778076,1.6720248460769653,1.7217321395874023,0.2828320860862732,0.36972057819366455,0.34744736552238464,vision,audio,0,0.7575757503509521,0.8888888955116272,0.9054054021835327,0.5788590908050537,0.4211409091949463,3.8103016777313314e-06,2.794514330162201e-06,0.9999934434890747,1.925045012285409e-07,1.7971831312024733e-06,0.9999979734420776,vision,vision,0,8.981654536910355e-05,2.8759019187418744e-05,3.0483604405162623e-06,0.09158936142921448,0.21431510150432587
544,vvZ4IcEtiZc$_$3,1.399999976158142,-0.36314859986305237,4.6812178879918065e-06,3.5495509109750856e-06,0.999991774559021,0.018939562141895294,0.016491472721099854,-0.1239432767033577,1.3810603618621826,1.3835084438323975,1.523943305015564,0.3529351055622101,0.3518567383289337,0.2952080965042114,vision,text,0,0.7916666865348816,0.930232584476471,0.893203854560852,0.5756783485412598,0.42432165145874023,4.6812178879918065e-06,3.5495509109750856e-06,0.999991774559021,2.608004194826208e-07,2.4139762899721973e-06,0.9999973773956299,vision,vision,0,0.00011019532394129783,3.777935489779338e-05,3.7196095945546404e-06,0.06678607314825058,0.142882838845253
314,k5Y_838nuGo$_$2,1.2000000476837158,0.07050338387489319,6.95468952471856e-06,3.0821040581940906e-06,0.9999899864196777,0.15540958940982819,-0.05436177924275398,-0.11352451145648956,1.0445904731750488,1.254361867904663,1.313524603843689,0.40260088443756104,0.30973947048187256,0.2876596748828888,vision,text,0,1.0,0.875,0.9285714030265808,0.5843430161476135,0.4156569838523865,6.95468952471856e-06,3.0821040581940906e-06,0.9999899864196777,4.2037032699226984e-07,2.2473279841506155e-06,0.9999972581863403,vision,vision,0,0.00013169969315640628,3.812210707110353e-05,4.880287633568514e-06,0.11538814008235931,0.26893410086631775
74,cXypl4FnoZo$_$25,-1.2000000476837158,-0.3984857499599457,6.012620360706933e-06,3.1590689104632474e-06,0.9999908208847046,0.034016355872154236,0.021726176142692566,-0.14463180303573608,1.2340164184570312,1.2217261791229248,1.055368185043335,0.30621400475502014,0.31095463037490845,0.3828313648700714,vision,vision,1,1.0,0.9591836929321289,0.8983050584793091,0.5792838931083679,0.4207161068916321,6.012620360706933e-06,3.1590689104632474e-06,0.9999908208847046,3.4020206385321217e-07,2.2502406409330433e-06,0.9999973773956299,vision,vision,1,0.00012145105574745685,3.693283724715002e-05,4.379252459330019e-06,0.08147337287664413,0.17864815890789032
184,etzxEpPuc6I$_$14,-1.2000000476837158,-0.7758922576904297,6.535041848110268e-06,3.2293930871674092e-06,0.9999902248382568,0.002387784421443939,0.05589151382446289,-0.22059276700019836,1.202387809753418,1.2558915615081787,0.9794073104858398,0.307054340839386,0.28719034790992737,0.40575531125068665,vision,vision,1,0.9200000166893005,0.8399999737739563,0.9222221970558167,0.5839789509773254,0.41602104902267456,6.535041848110268e-06,3.2293930871674092e-06,0.9999902248382568,3.6924538449056854e-07,2.1978835320624057e-06,0.9999974966049194,vision,vision,1,0.00012860255083069205,3.658679997897707e-05,4.823024482902838e-06,0.11973421275615692,0.27648428082466125
185,etzxEpPuc6I$_$17,-0.4000000059604645,-0.8828268051147461,6.778648639738094e-06,5.061141109763412e-06,0.9999881982803345,-0.005203552544116974,0.04747013747692108,-0.20255380868911743,0.3947964608669281,0.44747012853622437,0.19744619727134705,0.3109396696090698,0.29112619161605835,0.3979341685771942,vision,vision,1,0.8125,0.9375,0.8771929740905762,0.5799710154533386,0.4200289845466614,6.778648639738094e-06,5.061141109763412e-06,0.9999881982803345,4.1539991002537136e-07,3.5281725558888866e-06,0.9999960660934448,vision,vision,1,0.00015417448594234884,5.4313182772602886e-05,5.254676580079831e-06,0.10761744529008865,0.2500239610671997
398,ob23OKe5a9Q$_$10,1.25,0.012478434480726719,5.143825092090992e-06,2.5674662538222037e-06,0.9999922513961792,0.04929788410663605,-0.05496573448181152,-0.051959507167339325,1.2007020711898804,1.3049657344818115,1.30195951461792,0.36246106028556824,0.31817057728767395,0.3193683922290802,vision,text,0,1.0,0.9411764740943909,1.0,0.5786411762237549,0.4213588237762451,5.143825092090992e-06,2.5674662538222037e-06,0.9999922513961792,3.0420267194131156e-07,1.8154703411710216e-06,0.9999978542327881,vision,vision,0,0.00010341857705498114,3.068969090236351e-05,3.7314848668756895e-06,0.0484573096036911,0.10426361858844757
313,k5Y_838nuGo$_$3,0.800000011920929,0.5853303670883179,4.0924237509898376e-06,2.710672788452939e-06,0.9999932050704956,0.21392939984798431,-0.22822657227516174,-0.0993669256567955,0.5860705971717834,1.028226613998413,0.8993669152259827,0.44417643547058105,0.25557777285575867,0.3002457916736603,vision,text,0,0.7857142686843872,0.8666666746139526,0.8510638475418091,0.5877030491828918,0.41229695081710815,4.0924237509898376e-06,2.710672788452939e-06,0.9999932050704956,2.0969768854683934e-07,1.8133578123524785e-06,0.9999979734420776,vision,vision,0,9.229332499671727e-05,2.9204649763414636e-05,3.1828039936954156e-06,0.18567034602165222,0.44215595722198486
37,cM3Yna7AavY$_$15,-2.4000000953674316,-1.0112031698226929,1.1384556273696944e-05,5.4498505051014945e-06,0.9999830722808838,-0.015174150466918945,0.0555252730846405,-0.22785648703575134,2.3848259449005127,2.4555253982543945,2.1721436977386475,0.31056275963783264,0.28429481387138367,0.40514248609542847,vision,vision,1,1.0,0.90625,0.8461538553237915,0.582697868347168,0.41730213165283203,1.1384556273696944e-05,5.4498505051014945e-06,0.9999830722808838,7.461620725734974e-07,3.98371730625513e-06,0.9999953508377075,vision,vision,1,0.0002125526370946318,6.468706123996526e-05,8.127694854920264e-06,0.12043320387601852,0.28338176012039185
636,yvsjCA6Y5Fc$_$4,-0.20000000298023224,-0.3739500045776367,5.49854121345561e-06,3.2713048767618602e-06,0.9999912977218628,0.02854745090007782,0.034398406744003296,-0.1464705467224121,0.22854745388031006,0.23439840972423553,0.05352945625782013,0.3089030981063843,0.30665215849876404,0.3844447731971741,vision,vision,1,0.8947368264198303,0.9122806787490845,0.9558823704719543,0.5800524950027466,0.4199475049972534,5.49854121345561e-06,3.2713048767618602e-06,0.9999912977218628,3.217539017441595e-07,2.2300710043055005e-06,0.9999973773956299,vision,vision,1,0.00011659288429655135,3.643380478024483e-05,4.099231773579959e-06,0.08391736447811127,0.1808689534664154
681,zhpQhgha_KU$_$30,-2.0,-1.0282944440841675,9.40879817790119e-06,5.241036888037343e-06,0.9999853372573853,0.0011575818061828613,0.05080878734588623,-0.2493343949317932,2.001157522201538,2.050808906555176,1.7506656646728516,0.3023430407047272,0.28414881229400635,0.4135080873966217,vision,vision,1,1.0,0.9750000238418579,1.0,0.5868574976921082,0.41314250230789185,9.40879817790119e-06,5.241036888037343e-06,0.9999853372573853,6.137038326414768e-07,3.6546516639646143e-06,0.9999957084655762,vision,vision,1,0.00018726455164141953,5.880433309357613e-05,6.917562132002786e-06,0.1313593089580536,0.30014318227767944
602,wMbj6ajWbic$_$18,-1.0,0.5677189230918884,6.441598998208065e-06,2.82214341496001e-06,0.999990701675415,0.1941603273153305,-0.432648628950119,-0.031119994819164276,1.1941603422164917,0.5673513412475586,0.9688799977302551,0.22151364386081696,0.48492562770843506,0.29356077313423157,vision,audio,0,1.0,0.8723404407501221,0.8775510191917419,0.5982346534729004,0.4017653465270996,6.441598998208065e-06,2.82214341496001e-06,0.999990701675415,3.660101981495245e-07,1.9621563751570648e-06,0.9999977350234985,vision,vision,0,0.00012233441520947963,3.3455238735768944e-05,4.656308192352299e-06,0.25924375653266907,0.6268089413642883
135,d6hH302o4v8$_$1,-2.799999952316284,-1.117868185043335,1.3070904060441535e-05,6.8382382778509054e-06,0.999980092048645,-0.014463737607002258,0.08777770400047302,-0.25382333993911743,2.785536289215088,2.88777756690979,2.5461766719818115,0.30971193313598633,0.2725552022457123,0.4177328646183014,vision,vision,1,1.0,0.949999988079071,0.8333333134651184,0.5845280885696411,0.4154719114303589,1.3070904060441535e-05,6.8382382778509054e-06,0.999980092048645,9.089117156690918e-07,5.287741714710137e-06,0.9999938011169434,vision,vision,1,0.0002481986884959042,8.306950621772557e-05,9.140519068751018e-06,0.14315399527549744,0.34160104393959045
326,k5Y_838nuGo$_$14,-1.7999999523162842,-0.2874252200126648,5.420691195467953e-06,3.347933215991361e-06,0.9999912977218628,0.019815832376480103,0.030319243669509888,-0.11473401635885239,1.819815754890442,1.8303191661834717,1.6852658987045288,0.31544604897499084,0.31133148074150085,0.3732225298881531,vision,vision,1,0.8947368264198303,0.9387755393981934,0.925000011920929,0.5775379538536072,0.4224620461463928,5.420691195467953e-06,3.347933215991361e-06,0.9999912977218628,3.054083208553493e-07,2.2747083221474895e-06,0.9999973773956299,vision,vision,1,0.00011661765893222764,3.674118488561362e-05,4.089393769390881e-06,0.06604243814945221,0.14505326747894287
212,f9O3YtZ2VfI$_$4,-2.4000000953674316,-0.9467583894729614,1.3193297490943223e-05,6.638848390139174e-06,0.999980092048645,0.018763944506645203,0.029935970902442932,-0.20502707362174988,2.418764114379883,2.429936170578003,2.1949729919433594,0.30221378803253174,0.298022598028183,0.39976367354393005,vision,vision,1,1.0,0.925000011920929,0.9130434989929199,0.5823187828063965,0.4176812171936035,1.3193297490943223e-05,6.638848390139174e-06,0.999980092048645,8.995033908831829e-07,4.91201899421867e-06,0.999994158744812,vision,vision,1,0.00024727717391215265,7.838734018150717e-05,9.362440323457122e-06,0.10822552442550659,0.2349630445241928
259,iiK8YX8oH1E$_$13,-2.0,-0.7920976877212524,9.896496521832887e-06,6.3755674091225956e-06,0.9999837875366211,0.031139418482780457,-0.011742815375328064,-0.1423031985759735,2.031139373779297,1.9882571697235107,1.857696771621704,0.30329084396362305,0.3199916481971741,0.3767175078392029,vision,vision,1,0.8181818127632141,0.8666666746139526,0.9444444179534912,0.578833281993866,0.42116671800613403,9.896496521832887e-06,6.3755674091225956e-06,0.9999837875366211,7.809500175426365e-07,4.833527782466263e-06,0.9999942779541016,vision,vision,1,0.00020650408987421542,7.584647391922772e-05,7.0493342718691565e-06,0.07376181334257126,0.17344261705875397
255,fvVhgmXxadc$_$9,-0.4000000059604645,0.14617589116096497,6.810999366280157e-06,3.640870545496e-06,0.9999895095825195,0.07860003411769867,-0.030800901353359222,-0.08568163961172104,0.47860002517700195,0.36919909715652466,0.31431835889816284,0.2963401675224304,0.3397667109966278,0.36389315128326416,vision,vision,1,1.0,0.9696969985961914,0.875,0.5779149532318115,0.4220850467681885,6.810999366280157e-06,3.640870545496e-06,0.9999895095825195,3.7814947972947266e-07,2.5163785721815657e-06,0.9999971389770508,vision,vision,1,0.00013709631457459182,4.087612251169048e-05,5.062245691078715e-06,0.06828773021697998,0.1642816662788391
571,vyB00TXsimI$_$16,0.4000000059604645,0.11619407683610916,5.196516212890856e-06,2.9510586045944365e-06,0.999991774559021,0.024454914033412933,0.012562282383441925,-0.10970195382833481,0.37554508447647095,0.38743773102760315,0.5097019672393799,0.3532502055168152,0.3480376601219177,0.2987121641635895,vision,text,0,0.8787878751754761,0.8936170339584351,0.8318583965301514,0.5749397873878479,0.4250602126121521,5.196516212890856e-06,2.9510586045944365e-06,0.999991774559021,2.833896246556833e-07,2.0786137611139566e-06,0.9999977350234985,vision,vision,0,0.00010901100904447958,3.3713862649165094e-05,3.915345587301999e-06,0.06063373014330864,0.13415686786174774
465,rnaNMUZpvvg$_$14,-2.5999999046325684,-0.8444517850875854,9.610128472559154e-06,4.3009367800550535e-06,0.9999860525131226,0.0059552863240242004,0.03216433525085449,-0.2009606659412384,2.605955123901367,2.632164239883423,2.3990392684936523,0.3064718246459961,0.2965940535068512,0.3969341814517975,vision,vision,1,1.0,0.8653846383094788,0.8870967626571655,0.5819291472434998,0.41807085275650024,9.610128472559154e-06,4.3009367800550535e-06,0.9999860525131226,5.603386625807616e-07,2.8797740014852025e-06,0.999996542930603,vision,vision,1,0.0001780955499270931,4.824266579817049e-05,6.987123015278485e-06,0.10426908731460571,0.2331250011920929
663,zhpQhgha_KU$_$2,1.600000023841858,0.65778648853302,5.951987532171188e-06,2.980496901727747e-06,0.9999910593032837,0.11292462050914764,-0.14522984623908997,-0.08403443545103073,1.4870754480361938,1.7452298402786255,1.6840344667434692,0.39904817938804626,0.2889891564846039,0.31196263432502747,vision,text,0,1.0,0.9375,0.8717948794364929,0.5820631384849548,0.41793686151504517,5.951987532171188e-06,2.980496901727747e-06,0.9999910593032837,2.971513026750472e-07,1.913264441100182e-06,0.9999978542327881,vision,vision,0,0.0001184558350360021,3.17832273140084e-05,4.505665856413543e-06,0.1101420670747757,0.2581544518470764
489,tStelxIAHjw$_$10,-0.4000000059604645,-0.8144432306289673,1.2548593076644465e-05,6.557180313393474e-06,0.9999809265136719,-0.006049908697605133,0.04145437479019165,-0.18085047602653503,0.39395010471343994,0.44145438075065613,0.21914952993392944,0.31381818652153015,0.29572606086730957,0.3904557228088379,vision,vision,1,1.0,0.9444444179534912,0.8571428656578064,0.5801535844802856,0.41984641551971436,1.2548593076644465e-05,6.557180313393474e-06,0.9999809265136719,8.661800734444114e-07,4.774597073264886e-06,0.9999943971633911,vision,vision,1,0.00023893514298833907,7.617336814291775e-05,8.978548976301681e-06,0.09558669477701187,0.22230485081672668
610,yDtzw_Y-7RU$_$3,0.75,0.06435912847518921,4.7720104703330435e-06,3.0218348001653794e-06,0.9999922513961792,0.056539490818977356,-0.006667673587799072,-0.11426901817321777,0.6934605240821838,0.7566676735877991,0.8642690181732178,0.36606231331825256,0.3382532000541687,0.2956845164299011,vision,text,0,0.8571428656578064,0.9152542352676392,0.8714285492897034,0.5769834518432617,0.4230165481567383,4.7720104703330435e-06,3.0218348001653794e-06,0.9999922513961792,2.571934203388082e-07,2.035327270277776e-06,0.9999977350234985,vision,vision,0,0.00010460526391398162,3.282036050222814e-05,3.661650680442108e-06,0.07051299512386322,0.17080850899219513
48,cM3Yna7AavY$_$8,-0.6000000238418579,-0.3570699393749237,5.6471762945875525e-06,2.4490748273819918e-06,0.9999918937683105,0.051267318427562714,0.014182254672050476,-0.1498795747756958,0.6512673497200012,0.6141822934150696,0.4501204490661621,0.3000016212463379,0.31423598527908325,0.38576236367225647,vision,vision,1,0.8999999761581421,0.761904776096344,0.9599999785423279,0.5819745659828186,0.4180254340171814,5.6471762945875525e-06,2.4490748273819918e-06,0.9999918937683105,3.3737680382728286e-07,1.7131251297541894e-06,0.9999979734420776,vision,vision,1,0.00010797027061926201,2.977983240270987e-05,4.041807642352069e-06,0.08740179985761642,0.2011469006538391
132,d6hH302o4v8$_$29,-1.7999999523162842,-0.13293813169002533,4.007578809250845e-06,2.4687412860657787e-06,0.9999934434890747,-0.020716995000839233,0.0069104209542274475,-0.08448194712400436,1.7792829275131226,1.8069103956222534,1.7155179977416992,0.3279738128185272,0.3168408274650574,0.3551854193210602,vision,vision,1,0.8518518805503845,0.8999999761581421,0.9268292784690857,0.5749894380569458,0.4250105619430542,4.007578809250845e-06,2.4687412860657787e-06,0.9999934434890747,2.1144904849279555e-07,1.6742230855015805e-06,0.9999980926513672,vision,vision,1,8.821590017760172e-05,2.7404863431002013e-05,3.079936959693441e-06,0.03827068582177162,0.09139236807823181
257,iiK8YX8oH1E$_$11,1.0,-0.49007606506347656,5.1108181651216e-06,2.836796511473949e-06,0.9999920129776001,0.025948278605937958,0.018554970622062683,-0.14661970734596252,0.9740517139434814,0.9814450144767761,1.1466196775436401,0.3575553297996521,0.35426610708236694,0.28817853331565857,vision,text,0,0.8846153616905212,0.8734177350997925,0.9255319237709045,0.5790919661521912,0.42090803384780884,5.1108181651216e-06,2.836796511473949e-06,0.9999920129776001,2.8822483955082134e-07,1.983603169719572e-06,0.9999977350234985,vision,vision,0,0.00010647193994373083,3.263158941990696e-05,3.7992776924511418e-06,0.07966390997171402,0.17256799340248108
113,d3_k5Xpfmik$_$3,2.0,0.8489001393318176,6.482306616817368e-06,3.3646056181169115e-06,0.9999902248382568,0.3460773229598999,-0.3968988358974457,-0.07544222474098206,1.6539226770401,2.3968987464904785,2.075442314147949,0.5036535859107971,0.1989729106426239,0.29737356305122375,vision,text,0,0.9230769276618958,0.8771929740905762,0.8529411554336548,0.601753294467926,0.398246705532074,6.482306616817368e-06,3.3646056181169115e-06,0.9999902248382568,3.508891381898138e-07,2.2541496491612634e-06,0.9999973773956299,vision,vision,0,0.00012959701416548342,3.71280730178114e-05,4.798143891093787e-06,0.3042342960834503,0.742976188659668
240,f_pcplsH_V0$_$6,1.600000023841858,0.03613140061497688,9.401280294696335e-06,4.484245891944738e-06,0.9999860525131226,0.07050284743309021,-0.22611604630947113,-0.018061943352222443,1.5294971466064453,1.8261160850524902,1.6180620193481445,0.3867870271205902,0.2669605016708374,0.3462524712085724,vision,text,0,0.8888888955116272,0.800000011920929,0.6666666865348816,0.578361451625824,0.421638548374176,9.401280294696335e-06,4.484245891944738e-06,0.9999860525131226,6.063171440473525e-07,3.207188228770974e-06,0.9999961853027344,vision,vision,0,0.00017796728934627026,5.3046045650262386e-05,6.7349369601288345e-06,0.124326191842556,0.29661887884140015
172,dq3Nf_lMPnE$_$2,-1.399999976158142,-0.31349173188209534,6.080374078010209e-06,4.156931026955135e-06,0.9999897480010986,0.03976280242204666,0.009085491299629211,-0.12369982898235321,1.439762830734253,1.4090855121612549,1.2763001918792725,0.3062044382095337,0.3181743919849396,0.3756211996078491,vision,vision,1,0.8461538553237915,0.9375,0.8684210777282715,0.5764034986495972,0.42359650135040283,6.080374078010209e-06,4.156931026955135e-06,0.9999897480010986,3.4669312753976556e-07,2.8103377189836465e-06,0.9999967813491821,vision,vision,1,0.0001347673824056983,4.4278120185481384e-05,4.7045409701240715e-06,0.07094056904315948,0.16346263885498047
498,tStelxIAHjw$_$5,-2.200000047683716,-0.6934839487075806,1.2538076589407865e-05,7.5844050115847494e-06,0.9999798536300659,-0.027649998664855957,0.03925295174121857,-0.13889360427856445,2.1723499298095703,2.239253044128418,2.0611064434051514,0.3258433938026428,0.2997018098831177,0.3744548261165619,vision,vision,1,1.0,1.0,0.8999999761581421,0.5789020657539368,0.42109793424606323,1.2538076589407865e-05,7.5844050115847494e-06,0.9999798536300659,8.703702860657359e-07,5.401600446930388e-06,0.9999938011169434,vision,vision,1,0.0002510558988433331,8.383938984479755e-05,9.266000233765226e-06,0.07347512245178223,0.17814655601978302
299,jUzDDGyPkXU$_$16,1.2000000476837158,0.6654425263404846,4.502102001424646e-06,2.755701416390366e-06,0.9999927282333374,0.1536514014005661,-0.1487046182155609,-0.0899515226483345,1.0463486909866333,1.3487046957015991,1.2899515628814697,0.41275280714035034,0.2828463613986969,0.30440083146095276,vision,text,0,0.875,0.9178082346916199,0.8965517282485962,0.5834895968437195,0.4165104031562805,4.502102001424646e-06,2.755701416390366e-06,0.9999927282333374,2.2484709916170686e-07,1.7910405176735367e-06,0.9999979734420776,vision,vision,0,9.795503865461797e-05,2.9149050533305854e-05,3.4957083698827773e-06,0.1309000849723816,0.3023560047149658
426,pLTX3ipuDJI$_$8,-2.0,-0.7388714551925659,6.802942607464502e-06,4.740996246255236e-06,0.9999884366989136,0.022291377186775208,0.030967161059379578,-0.2007889449596405,2.022291421890259,2.0309672355651855,1.799211025238037,0.30203965306282043,0.2987818121910095,0.39917856454849243,vision,vision,1,0.8148148059844971,0.9032257795333862,0.8783783912658691,0.5796071887016296,0.42039281129837036,6.802942607464502e-06,4.740996246255236e-06,0.9999884366989136,3.8797574575255567e-07,3.100736648775637e-06,0.999996542930603,vision,vision,1,0.00015060685109347105,4.849397373618558e-05,5.387152668845374e-06,0.10726446658372879,0.23175610601902008
642,yvsjCA6Y5Fc$_$10,-2.0,-0.7359731197357178,9.16209592105588e-06,4.549281584331766e-06,0.9999862909317017,-0.00248052179813385,0.035779476165771484,-0.16471317410469055,1.9975194931030273,2.0357794761657715,1.8352868556976318,0.3146517276763916,0.2999577224254608,0.3853905498981476,vision,vision,1,1.0,0.9240506291389465,0.8936170339584351,0.5802561640739441,0.4197438359260559,9.16209592105588e-06,4.549281584331766e-06,0.9999862909317017,5.783692813565722e-07,3.2265154459309997e-06,0.9999961853027344,vision,vision,1,0.00017593192751519382,5.2898350986652076e-05,6.600288088520756e-06,0.08691027760505676,0.20049265027046204
573,vyB00TXsimI$_$18,2.4000000953674316,0.5141568183898926,5.770181815023534e-06,3.7446518490469316e-06,0.9999905824661255,0.1686500906944275,-0.1679944097995758,-0.08998038619756699,2.2313499450683594,2.5679945945739746,2.489980459213257,0.420118123292923,0.2758149802684784,0.30406686663627625,vision,text,0,0.875,0.9444444179534912,0.8181818127632141,0.5827882885932922,0.41721171140670776,5.770181815023534e-06,3.7446518490469316e-06,0.9999905824661255,3.040835281353793e-07,2.498087042113184e-06,0.9999971389770508,vision,vision,0,0.0001257922122022137,3.962955088354647e-05,4.423057816893561e-06,0.1438770443201065,0.3366445004940033
94,cXypl4FnoZo$_$13,-1.0,-0.4471825063228607,7.951380212034564e-06,4.809459369425895e-06,0.9999872446060181,-0.022960424423217773,0.055478841066360474,-0.13034579157829285,0.9770395755767822,1.055478811264038,0.8696541786193848,0.327840656042099,0.2972218096256256,0.3749375343322754,vision,vision,1,0.8999999761581421,0.9357143044471741,0.6666666865348816,0.5729790925979614,0.4270209074020386,7.951380212034564e-06,4.809459369425895e-06,0.9999872446060181,4.4335720872368256e-07,3.3231851830350934e-06,0.9999961853027344,vision,vision,1,0.0001649932237342,5.2201248763594776e-05,5.978331500955392e-06,0.07616876810789108,0.18582463264465332
355,lXPQBPVc5Cw$_$12,-2.0,-0.9640800952911377,8.393419193453155e-06,4.877560513705248e-06,0.9999867677688599,0.0022550374269485474,0.06337441504001617,-0.23139870166778564,2.0022549629211426,2.0633745193481445,1.7686012983322144,0.3062187731266022,0.28369516134262085,0.4100860059261322,vision,vision,1,0.9230769276618958,0.9285714030265808,1.0,0.5861485600471497,0.41385143995285034,8.393419193453155e-06,4.877560513705248e-06,0.9999867677688599,5.431425051938277e-07,3.456754711805843e-06,0.9999959468841553,vision,vision,1,0.00017097174713853747,5.533784133149311e-05,6.150065928522963e-06,0.12702617049217224,0.2947731018066406
77,cXypl4FnoZo$_$20,-1.0,0.08030079305171967,5.468589733936824e-06,2.6317970878153574e-06,0.9999918937683105,0.10618073493242264,-0.09011884033679962,-0.09844667464494705,1.1061807870864868,0.9098811745643616,0.9015533328056335,0.2801454961299896,0.35805389285087585,0.3618006110191345,vision,vision,1,1.0,0.9152542352676392,0.9142857193946838,0.5810999870300293,0.4189000129699707,5.468589733936824e-06,2.6317970878153574e-06,0.9999918937683105,2.909440581788658e-07,1.8039296492133872e-06,0.9999979734420776,vision,vision,1,0.0001081592490663752,3.0243449145928025e-05,4.028395778732374e-06,0.09456053376197815,0.2046274095773697
272,iiK8YX8oH1E$_$6,0.20000000298023224,0.7726237773895264,9.927514838636853e-06,5.048803814133862e-06,0.9999850988388062,0.29805853962898254,-0.5609805583953857,-0.018881535157561302,0.0980585366487503,0.7609805464744568,0.2188815325498581,0.43545275926589966,0.1901348978281021,0.37441229820251465,vision,text,0,1.0,0.9333333373069763,0.8333333134651184,0.606497585773468,0.393502414226532,9.927514838636853e-06,5.048803814133862e-06,0.9999850988388062,6.153872504910396e-07,3.492799123705481e-06,0.9999959468841553,vision,vision,0,0.00019082505605183542,5.672020779456943e-05,7.2387260843242984e-06,0.3546940088272095,0.8590390682220459
342,lXPQBPVc5Cw$_$29,-1.2000000476837158,-0.3889766037464142,6.223317086551106e-06,3.4440472518326715e-06,0.9999903440475464,0.04754027724266052,0.019470691680908203,-0.15964701771736145,1.2475403547286987,1.219470739364624,1.0403530597686768,0.3001810312271118,0.3109004497528076,0.38891851902008057,vision,vision,1,0.9032257795333862,0.8857142925262451,0.9176470637321472,0.5804468393325806,0.41955316066741943,6.223317086551106e-06,3.4440472518326715e-06,0.9999903440475464,3.4975315088559e-07,2.38878465097514e-06,0.9999972581863403,vision,vision,1,0.0001275583344977349,3.884357647621073e-05,4.614322278939653e-06,0.09177123010158539,0.20718729496002197
175,dq3Nf_lMPnE$_$7,-2.0,-0.5418151021003723,8.355380487046205e-06,5.871645043953322e-06,0.9999858140945435,0.011254429817199707,0.04182179272174835,-0.12624874711036682,2.01125431060791,2.0418217182159424,1.8737512826919556,0.3174557387828827,0.3055548071861267,0.3769894540309906,vision,vision,1,0.8571428656578064,0.9512194991111755,0.8163265585899353,0.5753698945045471,0.4246301054954529,8.355380487046205e-06,5.871645043953322e-06,0.9999858140945435,5.144222541275667e-07,3.9681308408034965e-06,0.9999955892562866,vision,vision,1,0.00018258814816363156,6.11922878306359e-05,6.506544650619617e-06,0.07309749722480774,0.16807053983211517
451,rnaNMUZpvvg$_$1,-2.5999999046325684,-0.9896590113639832,1.2631739082280546e-05,5.5633454394410364e-06,0.9999817609786987,0.02792426198720932,0.0454179048538208,-0.2569785416126251,2.6279242038726807,2.6454176902770996,2.3430213928222656,0.2935855984687805,0.2872355282306671,0.41917890310287476,vision,vision,1,1.0,0.8604651093482971,0.8823529481887817,0.5848891735076904,0.41511082649230957,1.2631739082280546e-05,5.5633454394410364e-06,0.9999817609786987,8.018045605240331e-07,4.007842107967008e-06,0.9999951124191284,vision,vision,1,0.00022800866281613708,6.592857971554622e-05,8.912293196772225e-06,0.13861186802387238,0.3023964464664459
532,v0zCBqDeKcE$_$3,0.6000000238418579,-0.5116700530052185,7.6064497989136726e-06,3.5755620046984404e-06,0.9999887943267822,0.04242862015962601,0.03257063031196594,-0.21557709574699402,0.5575714111328125,0.5674294233322144,0.8155771493911743,0.368720144033432,0.3642045259475708,0.2670753598213196,vision,text,0,1.0,0.8999999761581421,0.9333333373069763,0.5839899182319641,0.4160100817680359,7.6064497989136726e-06,3.5755620046984404e-06,0.9999887943267822,4.418721459842345e-07,2.5747408471943345e-06,0.9999969005584717,vision,vision,0,0.00014568166807293892,4.268145130481571e-05,5.423876700660912e-06,0.11936937272548676,0.25800570845603943
294,jUzDDGyPkXU$_$13,-0.6000000238418579,-0.44449201226234436,5.670011887559667e-06,2.773158939817222e-06,0.9999915361404419,-0.019007205963134766,0.052269622683525085,-0.11454176157712936,0.5809928178787231,0.6522696614265442,0.48545825481414795,0.32877445220947266,0.3007489740848541,0.3704766035079956,vision,vision,1,0.9333333373069763,0.8627451062202454,0.9016393423080444,0.578662097454071,0.42133790254592896,5.670011887559667e-06,2.773158939817222e-06,0.9999915361404419,3.312181036108086e-07,1.9408321350056212e-06,0.9999977350234985,vision,vision,1,0.00011242342588957399,3.271367313573137e-05,4.123334747418994e-06,0.06834006309509277,0.16681137681007385
595,wMbj6ajWbic$_$13,2.0,0.005553435068577528,4.828862529393518e-06,2.3979264369700104e-06,0.9999927282333374,0.03645417094230652,-0.028517596423625946,-0.10517234355211258,1.963545799255371,2.028517484664917,2.1051723957061768,0.3623519539833069,0.33408698439598083,0.30356109142303467,vision,text,0,0.9583333134651184,0.8947368264198303,0.8970588445663452,0.5775274634361267,0.4224725365638733,4.828862529393518e-06,2.3979264369700104e-06,0.9999927282333374,2.509008822926262e-07,1.63821221121907e-06,0.9999980926513672,vision,vision,0,9.739273809827864e-05,2.752492218860425e-05,3.567364728951361e-06,0.05788431689143181,0.1416265070438385
233,f_pcplsH_V0$_$14,-1.0,-0.522384524345398,5.873428108316148e-06,3.2108100640471093e-06,0.9999909400939941,0.04035481810569763,0.0019055381417274475,-0.17970812320709229,1.04035484790802,1.0019055604934692,0.8202918767929077,0.2971000671386719,0.3117278516292572,0.3911720812320709,vision,vision,1,0.9333333373069763,0.9032257795333862,0.875,0.5801176428794861,0.4198823571205139,5.873428108316148e-06,3.2108100640471093e-06,0.9999909400939941,3.136262307634752e-07,2.1993366772221634e-06,0.9999974966049194,vision,vision,1,0.0001203992505907081,3.583168290788308e-05,4.37592916568974e-06,0.09596849977970123,0.22006294131278992
393,nzpVDcQ0ywM$_$17,1.600000023841858,1.1114599704742432,9.548502021061722e-06,4.223848463880131e-06,0.9999862909317017,0.34470927715301514,-0.3225124180316925,-0.10359891504049301,1.2552907466888428,1.922512412071228,1.703598976135254,0.49868208169937134,0.2165759950876236,0.28474196791648865,vision,text,0,1.0,0.8695651888847351,0.8888888955116272,0.6003122925758362,0.3996877074241638,9.548502021061722e-06,4.223848463880131e-06,0.9999862909317017,5.599320616056502e-07,2.9367288334469777e-06,0.9999964237213135,vision,vision,0,0.0001763304608175531,4.902553337160498e-05,6.802826646890026e-06,0.277706503868103,0.6672216653823853
46,cM3Yna7AavY$_$6,2.799999952316284,0.747048020362854,5.232027888268931e-06,2.6251825602230383e-06,0.9999921321868896,0.24137915670871735,-0.29994097352027893,-0.09167409688234329,2.5586206912994385,3.0999410152435303,2.891674041748047,0.46129971742630005,0.23448637127876282,0.3042139410972595,vision,text,0,0.9333333373069763,0.875,0.8666666746139526,0.5936571359634399,0.40634286403656006,5.232027888268931e-06,2.6251825602230383e-06,0.9999921321868896,2.6195971258857753e-07,1.7132789480456267e-06,0.9999980926513672,vision,vision,0,0.00010520753858145326,2.8604959879885428e-05,3.947478944610339e-06,0.22294171154499054,0.5413201451301575
221,f9O3YtZ2VfI$_$15,-1.2000000476837158,0.21485961973667145,1.06835841506836e-05,6.455803486460354e-06,0.9999828338623047,0.1369718462228775,-0.30125683546066284,-0.0322813019156456,1.3369718790054321,0.898743212223053,1.167718768119812,0.2522047758102417,0.4361679255962372,0.31162726879119873,vision,audio,0,0.8999999761581421,0.9047619104385376,0.8799999952316284,0.5890893936157227,0.41091060638427734,1.06835841506836e-05,6.455803486460354e-06,0.9999828338623047,7.026693538136897e-07,4.618643288267776e-06,0.9999946355819702,vision,vision,0,0.0002165891492040828,7.204209396149963e-05,7.873265531088691e-06,0.18044354021549225,0.43822866678237915
192,etzxEpPuc6I$_$5,0.0,0.370319128036499,4.826781605515862e-06,2.409494072708185e-06,0.999992847442627,0.060673415660858154,-0.06849837303161621,-0.08057208359241486,0.060673415660858154,0.06849837303161621,0.08057208359241486,0.3371885120868683,0.33390647172927856,0.3289049565792084,vision,text,0,0.9130434989929199,0.8571428656578064,0.8815789222717285,0.5770344138145447,0.4229655861854553,4.826781605515862e-06,2.409494072708185e-06,0.999992847442627,2.4286285338348534e-07,1.595642515894724e-06,0.9999982118606567,vision,vision,0,9.738823428051546e-05,2.6766367227537557e-05,3.5873961223842343e-06,0.0639282763004303,0.141245499253273
395,nzpVDcQ0ywM$_$19,-2.0,0.5087202191352844,3.5172643038094975e-06,2.163062845284003e-06,0.9999942779541016,0.1029677614569664,-0.0651288628578186,-0.11047021299600601,2.1029677391052246,1.9348711967468262,1.889529824256897,0.28251758217811584,0.3485777676105499,0.36890462040901184,vision,vision,1,0.800000011920929,0.8518518805503845,0.984375,0.5814804434776306,0.4185195565223694,3.5172643038094975e-06,2.163062845284003e-06,0.9999942779541016,1.8643346777480474e-07,1.4887926909068483e-06,0.9999983310699463,vision,vision,1,7.808621739968657e-05,2.451398722769227e-05,2.686072321012034e-06,0.09181386977434158,0.2134379744529724
22,c7UH_rxdZv4$_$12,-2.799999952316284,-0.7337709665298462,7.396292858175002e-06,4.396642452775268e-06,0.9999881982803345,0.02415652573108673,0.008572198450565338,-0.16451594233512878,2.8241565227508545,2.8085720539093018,2.635483980178833,0.30435433983802795,0.310341477394104,0.3853042423725128,vision,vision,1,0.8571428656578064,0.8636363744735718,0.875,0.5783121585845947,0.4216878414154053,7.396292858175002e-06,4.396642452775268e-06,0.9999881982803345,4.347874380528083e-07,2.921154191426467e-06,0.999996542930603,vision,vision,1,0.00015339654055424035,4.70319610030856e-05,5.593881269305712e-06,0.08550482988357544,0.18867246806621552
338,lXPQBPVc5Cw$_$21,1.7999999523162842,0.08696624636650085,4.254824489180464e-06,3.9465621739509515e-06,0.999991774559021,0.096156045794487,-0.14512065052986145,-0.037242352962493896,1.7038439512252808,1.9451205730438232,1.8372423648834229,0.3866901695728302,0.2860103249549866,0.3272995352745056,vision,text,0,0.6666666865348816,0.9047619104385376,0.8799999952316284,0.5782263278961182,0.42177367210388184,4.254824489180464e-06,3.9465621739509515e-06,0.999991774559021,2.583265086286701e-07,2.6812294890987687e-06,0.9999971389770508,vision,vision,0,0.00010993254545610398,4.1157916712109e-05,3.542083049978828e-06,0.09868429601192474,0.24127669632434845
531,v0zCBqDeKcE$_$1,2.5999999046325684,0.5103789567947388,4.821328275284031e-06,3.6387466479936847e-06,0.9999915361404419,0.26687103509902954,-0.27554193139076233,-0.09577666968107224,2.3331289291381836,2.875541925430298,2.6957764625549316,0.4666040539741516,0.23685897886753082,0.29653695225715637,vision,text,0,0.800000011920929,0.939393937587738,0.8974359035491943,0.5928358435630798,0.40716415643692017,4.821328275284031e-06,3.6387466479936847e-06,0.9999915361404419,2.5598447450647654e-07,2.340196942896e-06,0.9999973773956299,vision,vision,0,0.00011303996143396944,3.682948226924054e-05,3.90171589970123e-06,0.22559568285942078,0.5424129962921143
565,vyB00TXsimI$_$10,1.3333333730697632,0.432132363319397,3.996245595772052e-06,3.060759809159208e-06,0.999992847442627,0.1316259503364563,-0.11984691768884659,-0.08915723115205765,1.201707363128662,1.4531803131103516,1.4224905967712402,0.40175187587738037,0.2933872640132904,0.304860919713974,vision,text,0,0.8181818127632141,0.9677419066429138,0.9459459185600281,0.5816653370857239,0.4183346629142761,3.996245595772052e-06,3.060759809159208e-06,0.999992847442627,2.0963906877113914e-07,2.021440195676405e-06,0.9999977350234985,vision,vision,0,9.566851076669991e-05,3.197355181328021e-05,3.237835699110292e-06,0.11201471835374832,0.2514728605747223
351,lXPQBPVc5Cw$_$8,2.5999999046325684,1.0754761695861816,5.572572263190523e-06,3.323659484522068e-06,0.9999910593032837,0.3412148356437683,-0.4895295798778534,-0.07877543568611145,2.2587850093841553,3.089529514312744,2.6787753105163574,0.5139875411987305,0.18195666372776031,0.3040558099746704,vision,text,0,0.9090909361839294,0.9333333373069763,0.9428571462631226,0.6074394583702087,0.39256054162979126,5.572572263190523e-06,3.323659484522068e-06,0.9999910593032837,2.949946065200493e-07,2.1565404040302383e-06,0.999997615814209,vision,vision,0,0.00011826185073005036,3.493639815133065e-05,4.333735887485091e-06,0.33915698528289795,0.8307443857192993
420,pLTX3ipuDJI$_$2,-1.7999999523162842,-0.1620081216096878,4.595515292749042e-06,2.5908784664352424e-06,0.9999927282333374,0.02715902030467987,-0.018271945416927338,-0.1358867734670639,1.8271589279174805,1.7817280292510986,1.664113163948059,0.30446088314056396,0.32225117087364197,0.3732878863811493,vision,vision,1,0.9333333373069763,0.9242424368858337,0.892405092716217,0.5779163241386414,0.42208367586135864,4.595515292749042e-06,2.5908784664352424e-06,0.9999927282333374,2.2648337960617937e-07,1.7061471453416743e-06,0.9999980926513672,vision,vision,1,9.706042328616604e-05,2.8012726033921354e-05,3.539393901519361e-06,0.06870318204164505,0.16304579377174377
121,d6hH302o4v8$_$42,-1.399999976158142,-0.965883731842041,1.2441342732927296e-05,7.016232302703429e-06,0.9999805688858032,-0.0060041844844818115,0.09327185153961182,-0.24576830863952637,1.393995761871338,1.493271827697754,1.1542316675186157,0.30933353304862976,0.273233026266098,0.417433500289917,vision,vision,1,1.0,1.0,0.9117646813392639,0.586057722568512,0.41394227743148804,1.2441342732927296e-05,7.016232302703429e-06,0.9999805688858032,9.002847036754247e-07,5.469824372994481e-06,0.9999935626983643,vision,vision,1,0.00024319312069565058,8.522364078089595e-05,8.693759809830226e-06,0.14231842756271362,0.3390401601791382
582,wMbj6ajWbic$_$28,2.4000000953674316,1.0137126445770264,6.137507170933532e-06,2.5213298613380175e-06,0.9999914169311523,0.21653571724891663,-0.1898099184036255,-0.10877112299203873,2.183464288711548,2.5898098945617676,2.5087711811065674,0.4409896731376648,0.2653605043888092,0.29364973306655884,vision,text,0,1.0,0.8399999737739563,0.8833333253860474,0.5893504619598389,0.41064953804016113,6.137507170933532e-06,2.5213298613380175e-06,0.9999914169311523,3.0186564003997773e-07,1.6117896848300006e-06,0.9999979734420776,vision,vision,0,0.00011472161713754758,2.8037062293151394e-05,4.4338976294966415e-06,0.1755969524383545,0.4063456356525421
111,d3_k5Xpfmik$_$18,0.800000011920929,0.27786099910736084,6.086757821321953e-06,2.888849166993168e-06,0.9999910593032837,0.10498452931642532,-0.21095508337020874,-0.04112417995929718,0.6950154900550842,1.0109550952911377,0.8411241769790649,0.3989145755767822,0.2687610685825348,0.332324355840683,vision,text,0,0.9285714030265808,0.837837815284729,0.8863636255264282,0.5847355127334595,0.4152644872665405,6.086757821321953e-06,2.888849166993168e-06,0.9999910593032837,3.4734870268948725e-07,1.9765686829487095e-06,0.999997615814209,vision,vision,0,0.00011886522406712174,3.3490989153506234e-05,4.402733793540392e-06,0.1291029453277588,0.31593960523605347
277,jUzDDGyPkXU$_$26,-2.0,-0.7118023633956909,8.716072443348821e-06,5.41671943210531e-06,0.999985933303833,-0.0058660805225372314,0.043110162019729614,-0.18960130214691162,1.9941339492797852,2.0431101322174072,1.8103986978530884,0.3126172721385956,0.2940528690814972,0.3933299481868744,vision,vision,1,0.9200000166893005,0.9555555582046509,0.8545454740524292,0.5796599984169006,0.42034000158309937,8.716072443348821e-06,5.41671943210531e-06,0.999985933303833,5.367996891436633e-07,3.7684335438825656e-06,0.9999955892562866,vision,vision,1,0.00018127508519683033,5.9204368881182745e-05,6.494504305010196e-06,0.10017314553260803,0.23271146416664124
215,f9O3YtZ2VfI$_$9,-2.200000047683716,-0.7563737034797668,3.8976013456704095e-05,2.1166833903407678e-05,0.9999397993087769,0.09763315320014954,-0.11039718985557556,-0.18302956223487854,2.297633171081543,2.0896029472351074,2.01697039604187,0.2690180540084839,0.3489108383655548,0.3820711672306061,vision,vision,1,0.8461538553237915,0.75,0.9024389982223511,0.5834882855415344,0.4165117144584656,3.8976013456704095e-05,2.1166833903407678e-05,0.9999397993087769,4.350720246293349e-06,1.8565577192930505e-05,0.9999771118164062,vision,vision,1,0.0006837055552750826,0.00027883544680662453,2.4846352971508168e-05,0.11894146353006363,0.2806627154350281
34,cM3Yna7AavY$_$10,1.600000023841858,1.1247873306274414,7.29545354261063e-06,3.0214700927899685e-06,0.9999897480010986,0.29869014024734497,-0.2623681128025055,-0.10052624344825745,1.3013098239898682,1.862368106842041,1.700526237487793,0.4754990339279175,0.2358136773109436,0.2886873185634613,vision,text,0,1.0,0.8421052694320679,0.9130434989929199,0.5966352224349976,0.40336477756500244,7.29545354261063e-06,3.0214700927899685e-06,0.9999897480010986,4.007161749086663e-07,2.022481112362584e-06,0.999997615814209,vision,vision,0,0.000134926667669788,3.478401049505919e-05,5.253846666164463e-06,0.23578542470932007,0.5610582828521729
27,c7UH_rxdZv4$_$19,-1.7999999523162842,-0.757610559463501,9.925172889779788e-06,6.342667347780662e-06,0.9999837875366211,0.01779991388320923,0.0015194863080978394,-0.15676644444465637,1.8177998065948486,1.8015193939208984,1.6432335376739502,0.30633458495140076,0.3126325011253357,0.38103294372558594,vision,vision,1,0.8888888955116272,0.9333333373069763,0.8148148059844971,0.5761104822158813,0.42388951778411865,9.925172889779788e-06,6.342667347780662e-06,0.9999837875366211,6.401595555871609e-07,4.475894911593059e-06,0.9999948740005493,vision,vision,1,0.0002064450382022187,6.936446152394637e-05,7.412750164803583e-06,0.07873506844043732,0.1745663583278656
125,d6hH302o4v8$_$26,-2.5999999046325684,-0.9401284456253052,1.2320850146352313e-05,6.024623871780932e-06,0.9999816417694092,-0.011055022478103638,0.07301059365272522,-0.19274860620498657,2.588944911956787,2.6730105876922607,2.4072513580322266,0.31693440675735474,0.28532034158706665,0.39774519205093384,vision,vision,1,1.0,0.9166666865348816,0.800000011920929,0.5807121992111206,0.4192878007888794,1.2320850146352313e-05,6.024623871780932e-06,0.9999816417694092,8.030249887269747e-07,4.296019142202567e-06,0.9999948740005493,vision,vision,1,0.00023002956004347652,6.946585926925763e-05,8.826220437185839e-06,0.11090914160013199,0.2657591998577118
568,vyB00TXsimI$_$15,2.5999999046325684,0.03520241379737854,3.900480351148872e-06,2.1085343178128824e-06,0.9999939203262329,0.026101380586624146,-0.03189031779766083,-0.054617494344711304,2.5738985538482666,2.631890296936035,2.6546173095703125,0.3528457283973694,0.32817304134368896,0.31898123025894165,vision,text,0,0.8500000238418579,0.8260869383811951,0.9634146094322205,0.5758746862411499,0.4241253137588501,3.900480351148872e-06,2.1085343178128824e-06,0.9999939203262329,2.2047090908472455e-07,1.4599662563341553e-06,0.9999983310699463,vision,vision,0,8.219540177378803e-05,2.464616045472212e-05,2.9131069823051803e-06,0.033985454589128494,0.08071887493133545
466,rnaNMUZpvvg$_$17,-1.600000023841858,-0.5916252136230469,6.622252840315923e-06,4.229350452078506e-06,0.9999891519546509,0.0552012100815773,0.021304771304130554,-0.18928232789039612,1.6552011966705322,1.6213047504425049,1.4107177257537842,0.2940548360347748,0.3067817986011505,0.3991633355617523,vision,vision,1,0.8571428656578064,0.9047619104385376,0.9599999785423279,0.5825173854827881,0.4174826145172119,6.622252840315923e-06,4.229350452078506e-06,0.9999891519546509,3.893131008680939e-07,2.8435626973077888e-06,0.9999967813491821,vision,vision,1,0.00014213057875167578,4.5258198952069506e-05,5.082707502879202e-06,0.10815014690160751,0.24448353052139282
325,k5Y_838nuGo$_$15,-0.800000011920929,0.5581134557723999,4.159244326729095e-06,2.8282497623877134e-06,0.9999929666519165,0.09683185815811157,-0.14083759486675262,-0.07695572078227997,0.8968318700790405,0.6591624021530151,0.7230442762374878,0.27866271138191223,0.37506112456321716,0.346276193857193,vision,audio,0,0.8333333134651184,0.9259259104728699,0.9076923131942749,0.5804499983787537,0.41955000162124634,4.159244326729095e-06,2.8282497623877134e-06,0.9999929666519165,2.0368430853068276e-07,1.7751443692759494e-06,0.9999979734420776,vision,vision,0,9.468042117077857e-05,2.8650727472268045e-05,3.338485385029344e-06,0.10042674839496613,0.2376694530248642
619,yDtzw_Y-7RU$_$10,-0.6000000238418579,-0.3781251013278961,1.0646097507560626e-05,4.355832061264664e-06,0.9999849796295166,0.030167236924171448,0.009653709828853607,-0.11149995028972626,0.6301672458648682,0.6096537113189697,0.48850005865097046,0.31058746576309204,0.31865450739860535,0.3707580268383026,vision,vision,1,1.0,0.8260869383811951,0.7777777910232544,0.5756102204322815,0.4243897795677185,1.0646097507560626e-05,4.355832061264664e-06,0.9999849796295166,6.679679813714756e-07,3.106824124188279e-06,0.9999961853027344,vision,vision,1,0.00019066983077209443,5.269309622235596e-05,7.4776030487555545e-06,0.06251098215579987,0.1416671872138977
284,jUzDDGyPkXU$_$3,0.0,-0.03532450646162033,3.740072088476154e-06,2.1341973024391336e-06,0.999994158744812,0.07083233445882797,-0.039556942880153656,-0.09413696080446243,0.07083233445882797,0.039556942880153656,0.09413696080446243,0.3320981562137604,0.3453384041786194,0.32256340980529785,vision,audio,0,0.7777777910232544,0.7777777910232544,1.0,0.5799669027328491,0.4200330972671509,3.740072088476154e-06,2.1341973024391336e-06,0.999994158744812,2.0342095297110063e-07,1.4242567658584449e-06,0.9999983310699463,vision,vision,0,8.042584522627294e-05,2.395665433141403e-05,2.8063057015970116e-06,0.06862105429172516,0.1649692952632904
179,etzxEpPuc6I$_$11,-1.600000023841858,-0.3267456889152527,6.962992301851045e-06,3.082313014601823e-06,0.9999899864196777,-0.006735637784004211,0.01497870683670044,-0.10992858558893204,1.5932643413543701,1.6149787902832031,1.490071415901184,0.32145020365715027,0.31284236907958984,0.3657074570655823,vision,vision,1,1.0,0.8823529481887817,0.9032257795333862,0.5775317549705505,0.42246824502944946,6.962992301851045e-06,3.082313014601823e-06,0.9999899864196777,3.711950853357848e-07,2.0831798792642076e-06,0.999997615814209,vision,vision,1,0.00013179243251215667,3.511181057547219e-05,5.07344157085754e-06,0.054489683359861374,0.12490729242563248
247,fvVhgmXxadc$_$14,0.0,-0.33950603008270264,7.309020929824328e-06,3.662798917503096e-06,0.9999890327453613,0.010973647236824036,0.03328436613082886,-0.12247350811958313,0.010973647236824036,0.03328436613082886,0.12247350811958313,0.35181552171707153,0.34213951230049133,0.3060449957847595,vision,text,0,0.9473684430122375,0.8867924809455872,0.8095238208770752,0.5760509967803955,0.4239490032196045,7.309020929824328e-06,3.662798917503096e-06,0.9999890327453613,4.1755939150789345e-07,2.529404582674033e-06,0.9999970197677612,vision,vision,0,0.00014323492359835654,4.169159728917293e-05,5.3372928050521296e-06,0.06877210736274719,0.155757874250412
429,phBUpBr1hSo$_$13,0.800000011920929,0.7533868551254272,5.4363044910132885e-06,2.4633402517793e-06,0.9999920129776001,0.18772172927856445,-0.18206915259361267,-0.09511124342679977,0.6122782826423645,0.9820691347122192,0.8951112627983093,0.42880377173423767,0.2700915038585663,0.30110472440719604,vision,text,0,1.0,0.8947368264198303,0.9545454382896423,0.5891887545585632,0.41081124544143677,5.4363044910132885e-06,2.4633402517793e-06,0.9999920129776001,2.7493859988680924e-07,1.6171542256415705e-06,0.9999980926513672,vision,vision,0,0.00010567969002295285,2.7605472496361472e-05,4.029075171274599e-06,0.15786825120449066,0.3697908818721771
414,pLTX3ipuDJI$_$12,-2.0,-0.14753279089927673,5.818287263537059e-06,3.0233711640903493e-06,0.9999911785125732,-0.005887389183044434,0.010396599769592285,-0.10556341707706451,1.9941126108169556,2.0103964805603027,1.8944365978240967,0.32128098607063293,0.3148074746131897,0.36391156911849976,vision,vision,1,0.9722222089767456,0.9318181872367859,0.8620689511299133,0.5755820870399475,0.4244179129600525,5.818287263537059e-06,3.0233711640903493e-06,0.9999911785125732,3.042951561837981e-07,2.055890490737511e-06,0.999997615814209,vision,vision,1,0.00011736249143723398,3.385187665116973e-05,4.306258233555127e-06,0.05125882476568222,0.1159600168466568
515,tmZoasNr4rU$_$1,0.0,0.23347806930541992,6.39205200059223e-06,3.3217079362657387e-06,0.9999902248382568,0.10406695306301117,-0.1493028849363327,-0.0620657354593277,0.10406695306301117,0.1493028849363327,0.0620657354593277,0.3334524631500244,0.3151205778121948,0.35142695903778076,vision,vision,1,0.9090909361839294,0.8723404407501221,0.8245614171028137,0.5801584124565125,0.41984158754348755,6.39205200059223e-06,3.3217079362657387e-06,0.9999902248382568,3.5247748542133195e-07,2.2799772523285355e-06,0.9999973773956299,vision,vision,1,0.00012811043416149914,3.745994035853073e-05,4.744621037389152e-06,0.10509607195854187,0.25336983799934387
199,f9O3YtZ2VfI$_$25,-1.399999976158142,-0.9134228229522705,1.114155111281434e-05,7.208400347735733e-06,0.9999817609786987,0.024512924253940582,0.044445961713790894,-0.19479042291641235,1.4245128631591797,1.4444459676742554,1.205209493637085,0.30387967824935913,0.29640161991119385,0.399718701839447,vision,vision,1,0.8999999761581421,0.9523809552192688,0.8399999737739563,0.5794996023178101,0.42050039768218994,1.114155111281434e-05,7.208400347735733e-06,0.9999817609786987,7.248289080052928e-07,5.130656518304022e-06,0.999994158744812,vision,vision,1,0.00023063570552039891,7.856127922423184e-05,8.297411113744602e-06,0.10838477313518524,0.23923638463020325
70,cW1FSBF59ik$_$16,3.0,-0.023283665999770164,4.899836767435772e-06,2.6405375592730707e-06,0.9999924898147583,0.053152069449424744,-0.027547910809516907,-0.11396653205156326,2.946847915649414,3.027547836303711,3.113966464996338,0.36825305223464966,0.3329177796840668,0.29882925748825073,vision,text,0,0.9375,0.9117646813392639,0.9146341681480408,0.5787113308906555,0.4212886691093445,4.899836767435772e-06,2.6405375592730707e-06,0.9999924898147583,2.6225137617075234e-07,1.771631673364027e-06,0.9999979734420776,vision,vision,0,0.00010131356248166412,2.944371590274386e-05,3.663372808659915e-06,0.06823919713497162,0.1671186089515686
244,fvVhgmXxadc$_$10,0.0,0.10742677003145218,5.011146186006954e-06,2.506986902517383e-06,0.9999924898147583,0.07971417158842087,-0.03127209097146988,-0.09065470099449158,0.07971417158842087,0.03127209097146988,0.09065470099449158,0.3279935121536255,0.34846800565719604,0.32353851199150085,vision,audio,0,0.9375,0.875,0.9322034120559692,0.5795341730117798,0.4204658269882202,5.011146186006954e-06,2.506986902517383e-06,0.9999924898147583,2.75830188911641e-07,1.7281413420278113e-06,0.9999980926513672,vision,vision,0,0.00010097662743646652,2.8983329684706405e-05,3.7056661312817596e-06,0.07060831040143967,0.17036888003349304
633,yvsjCA6Y5Fc$_$3,-2.0,-0.7808159589767456,7.988270226633176e-06,4.305856691644294e-06,0.9999877214431763,-9.491294622421265e-05,0.0722188800573349,-0.20639491081237793,1.9999051094055176,2.072218894958496,1.793605089187622,0.3117450475692749,0.284801721572876,0.4034532606601715,vision,vision,1,0.9230769276618958,0.8979591727256775,0.9152542352676392,0.5834978818893433,0.41650211811065674,7.988270226633176e-06,4.305856691644294e-06,0.9999877214431763,5.040477049078618e-07,3.0587834771722555e-06,0.9999964237213135,vision,vision,1,0.0001592222834005952,4.970425652572885e-05,5.811191840621177e-06,0.11804642528295517,0.278613805770874
452,rnaNMUZpvvg$_$3,-0.800000011920929,-0.7103351354598999,9.063348443305586e-06,4.3900149648834486e-06,0.9999865293502808,0.003747805953025818,0.03797979652881622,-0.16778919100761414,0.803747832775116,0.837979793548584,0.6322108507156372,0.31276804208755493,0.2996670603752136,0.38756483793258667,vision,vision,1,1.0,0.9090909361839294,0.9629629850387573,0.5822871327400208,0.41771286725997925,9.063348443305586e-06,4.3900149648834486e-06,0.9999865293502808,6.266552077249798e-07,3.265055966039654e-06,0.9999961853027344,vision,vision,1,0.00017284358909819275,5.399016663432121e-05,6.405868589354213e-06,0.0900232344865799,0.20576898753643036
196,etzxEpPuc6I$_$9,-2.799999952316284,-0.7931445837020874,8.78010359883774e-06,4.3220006773481146e-06,0.9999868869781494,0.007655791938304901,0.047819554805755615,-0.22049611806869507,2.8076558113098145,2.8478195667266846,2.5795037746429443,0.3047805428504944,0.28985685110092163,0.4053625464439392,vision,vision,1,1.0,0.920634925365448,0.9200000166893005,0.5838640928268433,0.41613590717315674,8.78010359883774e-06,4.3220006773481146e-06,0.9999868869781494,5.198559733798902e-07,3.0928417800168972e-06,0.9999964237213135,vision,vision,1,0.00016870434046722949,5.0315640692133456e-05,6.342049800878158e-06,0.11816171556711197,0.2683156728744507
540,vvZ4IcEtiZc$_$11,1.600000023841858,0.602430522441864,5.884472557227127e-06,3.3260653253819328e-06,0.9999908208847046,0.2328813374042511,-0.31738531589508057,-0.06337155401706696,1.3671187162399292,1.9173853397369385,1.6633715629577637,0.45595887303352356,0.22919414937496185,0.3148469924926758,vision,text,0,0.9166666865348816,0.9166666865348816,0.8999999761581421,0.5944433212280273,0.40555667877197266,5.884472557227127e-06,3.3260653253819328e-06,0.9999908208847046,3.2742349276304594e-07,2.2467538656201214e-06,0.9999973773956299,vision,vision,0,0.00012198099284432828,3.6713197914650664e-05,4.397624252305832e-06,0.22486592829227448,0.5502666234970093
645,yvsjCA6Y5Fc$_$15,-2.0,-0.7979482412338257,9.429377314518206e-06,4.3740660657931585e-06,0.9999861717224121,0.01298687607049942,0.060294002294540405,-0.2109813392162323,2.012986898422241,2.0602939128875732,1.7890186309814453,0.3062170147895813,0.28863421082496643,0.40514880418777466,vision,vision,1,1.0,0.8947368264198303,0.8382353186607361,0.582118570804596,0.41788142919540405,9.429377314518206e-06,4.3740660657931585e-06,0.9999861717224121,5.665717139891058e-07,3.1385220609081443e-06,0.9999963045120239,vision,vision,1,0.00017689712694846094,5.159555439604446e-05,6.743713129253592e-06,0.11831691116094589,0.2712753415107727
462,rnaNMUZpvvg$_$13,-2.0,-0.9336754083633423,1.0634124919306487e-05,6.242352810659213e-06,0.9999831914901733,0.01664513349533081,0.023517608642578125,-0.19913417100906372,2.0166451930999756,2.023517608642578,1.800865888595581,0.3029339611530304,0.30034276843070984,0.39672327041625977,vision,vision,1,1.0,1.0,0.8571428656578064,0.5799497365951538,0.4200502634048462,1.0634124919306487e-05,6.242352810659213e-06,0.9999831914901733,6.836685884081817e-07,4.378261110105086e-06,0.9999948740005493,vision,vision,1,0.00021337375801522285,6.883403693791479e-05,7.832352821424138e-06,0.10337728261947632,0.22265177965164185
220,f9O3YtZ2VfI$_$12,-1.7999999523162842,-0.7411036491394043,1.5418825569213368e-05,8.162747690221295e-06,0.9999765157699585,0.04781564325094223,0.007500961422920227,-0.16940143704414368,1.8478156328201294,1.807500958442688,1.630598545074463,0.2972966730594635,0.31266236305236816,0.3900409936904907,vision,vision,1,0.9166666865348816,0.8571428656578064,0.8399999737739563,0.5792659521102905,0.4207340478897095,1.5418825569213368e-05,8.162747690221295e-06,0.9999765157699585,1.1222685998291126e-06,5.836994205310475e-06,0.999993085861206,vision,vision,1,0.00028993753949180245,9.261276136385277e-05,1.1064134014304727e-05,0.09434157609939575,0.2172170877456665
617,yDtzw_Y-7RU$_$8,-1.5,-0.7677082419395447,6.5616868596407585e-06,4.557830834528431e-06,0.9999889135360718,0.05009555071592331,0.017006441950798035,-0.1881553828716278,1.550095558166504,1.5170063972473145,1.3118445873260498,0.2950601279735565,0.3075201213359833,0.3974197208881378,vision,vision,1,0.8571428656578064,0.9375,0.9473684430122375,0.581714391708374,0.418285608291626,6.5616868596407585e-06,4.557830834528431e-06,0.9999889135360718,3.8148024827933114e-07,3.0056412470003124e-06,0.9999966621398926,vision,vision,1,0.00014543056022375822,4.7172765334835276e-05,5.1603337851702236e-06,0.10538278520107269,0.2382509410381317
406,ob23OKe5a9Q$_$4,-1.5,0.7165477871894836,7.200893378467299e-06,3.048480266443221e-06,0.9999897480010986,0.3175773620605469,-0.2900654375553131,-0.10330365598201752,1.8175773620605469,1.2099345922470093,1.3966963291168213,0.20705461502075195,0.44254231452941895,0.3504030406475067,vision,audio,0,1.0,0.8518518805503845,0.8787878751754761,0.5976399183273315,0.40236008167266846,7.200893378467299e-06,3.048480266443221e-06,0.9999897480010986,3.861865423004929e-07,2.0147460872976808e-06,0.999997615814209,vision,vision,0,0.00013421829498838633,3.449056021054275e-05,5.238751327851787e-06,0.25413262844085693,0.6076427698135376
615,yDtzw_Y-7RU$_$6,-1.2000000476837158,-0.4986240565776825,8.749157132115215e-06,4.715730938187335e-06,0.9999865293502808,0.061849210411310196,0.0009697601199150085,-0.20060673356056213,1.261849284172058,1.2009698152542114,0.9993933439254761,0.2884042263031006,0.3112082779407501,0.40038755536079407,vision,vision,1,0.9387755393981934,0.9075630307197571,0.8881118893623352,0.582243800163269,0.41775619983673096,8.749157132115215e-06,4.715730938187335e-06,0.9999865293502808,4.562589879242296e-07,3.1789056720299413e-06,0.9999963045120239,vision,vision,1,0.00017318467143923044,5.057876478531398e-05,6.534962267323863e-06,0.11216184496879578,0.26245594024658203
441,phBUpBr1hSo$_$5,-1.399999976158142,0.17814087867736816,5.224500455369707e-06,3.3648150292719947e-06,0.9999914169311523,0.10190612077713013,-0.24061007797718048,-0.04122699797153473,1.501906156539917,1.159389853477478,1.3587729930877686,0.26807281374931335,0.4113333523273468,0.32059383392333984,vision,audio,0,0.8823529481887817,0.9433962106704712,0.8947368264198303,0.5849331617355347,0.41506683826446533,5.224500455369707e-06,3.3648150292719947e-06,0.9999914169311523,2.98087798000779e-07,2.299281732121017e-06,0.9999973773956299,vision,vision,0,0.00011450808233348653,3.6933193769073114e-05,3.984137038059998e-06,0.14045877754688263,0.3425161838531494
7,c7UH_rxdZv4$_$23,-0.6000000238418579,0.025007059797644615,3.562952997526736e-06,3.938533609471051e-06,0.9999924898147583,0.0623987577855587,-0.02729349583387375,-0.08170026540756226,0.6623987555503845,0.5727065205574036,0.5182997584342957,0.3015674948692322,0.33734601736068726,0.36108648777008057,vision,vision,1,0.6666666865348816,1.0,0.8888888955116272,0.5736448764801025,0.42635512351989746,3.562952997526736e-06,3.938533609471051e-06,0.9999924898147583,1.9584339838729647e-07,2.6501918455323903e-06,0.9999971389770508,vision,vision,1,0.00010120102524524555,3.9897062379168347e-05,3.101537913607899e-06,0.05941317230463028,0.14409902691841125
379,nzpVDcQ0ywM$_$3,0.800000011920929,0.9082023501396179,5.968117420707131e-06,3.07193636217562e-06,0.9999909400939941,0.2654803991317749,-0.2556913197040558,-0.09042949229478836,0.534519612789154,1.0556913614273071,0.8904294967651367,0.4624965786933899,0.24109101295471191,0.2964124381542206,vision,text,0,0.9411764740943909,0.8985507488250732,0.891566276550293,0.5934156775474548,0.40658432245254517,5.968117420707131e-06,3.07193636217562e-06,0.9999909400939941,3.1589019044986344e-07,2.044987013505306e-06,0.999997615814209,vision,vision,0,0.00011982355499640107,3.388214099686593e-05,4.4516327761812136e-06,0.21746091544628143,0.5211716890335083
673,zhpQhgha_KU$_$12,-1.399999976158142,-0.8715474009513855,6.0164948081364855e-06,4.693552909884602e-06,0.99998939037323,-0.009660720825195312,0.0759001076221466,-0.20752456784248352,1.3903392553329468,1.4759000539779663,1.192475438117981,0.31454741954803467,0.28264278173446655,0.40280988812446594,vision,vision,1,0.7894737124443054,0.9399999976158142,0.9615384340286255,0.5832005143165588,0.41679948568344116,6.0164948081364855e-06,4.693552909884602e-06,0.99998939037323,3.9513986394013045e-07,3.3176756915054284e-06,0.9999963045120239,vision,vision,1,0.0001405006187269464,5.135818355483934e-05,4.637123765860451e-06,0.11869676411151886,0.2834246754646301
26,c7UH_rxdZv4$_$16,-2.0,-0.5811884999275208,1.7811446014093235e-05,7.35545245333924e-06,0.9999748468399048,0.042364418506622314,0.001775890588760376,-0.15644428133964539,2.0423643589019775,2.0017759799957275,1.8435556888580322,0.29992568492889404,0.31553518772125244,0.38453909754753113,vision,vision,1,1.0,0.8181818127632141,0.8846153616905212,0.5806403160095215,0.4193596839904785,1.7811446014093235e-05,7.35545245333924e-06,0.9999748468399048,1.3665717233379837e-06,5.477730610436993e-06,0.9999932050704956,vision,vision,1,0.0003068548976443708,9.15897689992562e-05,1.2226941180415452e-05,0.08576838672161102,0.1988086998462677
178,dq3Nf_lMPnE$_$8,0.6000000238418579,-0.14287284016609192,6.356236553983763e-06,3.321204758321983e-06,0.9999903440475464,0.03751424700021744,0.018369540572166443,-0.14356917142868042,0.5624857544898987,0.5816304683685303,0.7435691952705383,0.3605177700519562,0.3519926369190216,0.2874896228313446,vision,text,0,0.949999988079071,0.9090909361839294,0.8653846383094788,0.5783877372741699,0.4216122627258301,6.356236553983763e-06,3.321204758321983e-06,0.9999903440475464,3.477294114873075e-07,2.3166237497207476e-06,0.9999973773956299,vision,vision,0,0.00012759273522533476,3.783325882977806e-05,4.682145572587615e-06,0.08122798055410385,0.18108341097831726
548,vvZ4IcEtiZc$_$7,1.399999976158142,0.03171493485569954,5.660891019942937e-06,3.153303168801358e-06,0.9999912977218628,0.06357340514659882,-0.003481358289718628,-0.11547627300024033,1.3364266157150269,1.403481364250183,1.5154762268066406,0.3677736222743988,0.3382039964199066,0.2940223217010498,vision,text,0,0.9333333373069763,0.9259259104728699,0.90625,0.5788946151733398,0.42110538482666016,5.660891019942937e-06,3.153303168801358e-06,0.9999912977218628,3.205963992058969e-07,2.233237864857074e-06,0.9999973773956299,vision,vision,0,0.00011701983021339402,3.645570177468471e-05,4.113344402867369e-06,0.07386021316051483,0.17904967069625854
667,zhpQhgha_KU$_$6,1.0,0.6489846110343933,5.59156706003705e-06,2.3115226213121787e-06,0.9999921321868896,0.17197126150131226,-0.26132217049598694,-0.05161682516336441,0.8280287384986877,1.2613221406936646,1.0516167879104614,0.4277196526527405,0.2488502413034439,0.3234300911426544,vision,text,0,1.0,0.8500000238418579,0.9583333134651184,0.5921704173088074,0.4078295826911926,5.59156706003705e-06,2.3115226213121787e-06,0.9999921321868896,3.2149827688954247e-07,1.6494506098752026e-06,0.9999979734420776,vision,vision,0,0.00010547165584284812,2.87757720798254e-05,3.924465545424027e-06,0.1769215613603592,0.4332934319972992
477,tIrG4oNLFzE$_$16,-1.600000023841858,-0.3789350390434265,4.9645818762655836e-06,2.6048010113299824e-06,0.9999923706054688,0.04440966993570328,-0.008816324174404144,-0.14230547845363617,1.6444096565246582,1.5911836624145508,1.4576945304870605,0.30014941096305847,0.3207983076572418,0.3790522515773773,vision,vision,1,0.9166666865348816,0.8720930218696594,0.9320388436317444,0.580059289932251,0.419940710067749,4.9645818762655836e-06,2.6048010113299824e-06,0.9999923706054688,2.6228090632685053e-07,1.769510959093168e-06,0.9999979734420776,vision,vision,1,0.00010173566988669336,2.9418166377581656e-05,3.7134757349122083e-06,0.0785386711359024,0.18671515583992004
446,phBUpBr1hSo$_$8,-2.200000047683716,-0.5658506751060486,6.955363915039925e-06,4.4177600102557335e-06,0.9999886751174927,0.08652479201555252,-0.022307373583316803,-0.24540495872497559,2.286524772644043,2.1776926517486572,1.9545950889587402,0.2732265889644623,0.3130433261394501,0.41373002529144287,vision,vision,1,0.8799999952316284,0.9115853905677795,0.8745980858802795,0.5842015147209167,0.41579848527908325,6.955363915039925e-06,4.4177600102557335e-06,0.9999886751174927,3.8904946109141747e-07,3.22108053296688e-06,0.9999964237213135,vision,vision,1,0.000148377162986435,5.0031736464006826e-05,5.170532858755905e-06,0.13816025853157043,0.3319297432899475
150,d6hH302o4v8$_$15,-1.75,-0.8259530663490295,1.0594191735435743e-05,5.272679572954075e-06,0.9999841451644897,0.0010768622159957886,0.06342212855815887,-0.16642659902572632,1.7510768175125122,1.8134220838546753,1.583573341369629,0.31666213274002075,0.2929212152957916,0.39041668176651,vision,vision,1,1.0,0.9285714030265808,0.875,0.5809788703918457,0.4190211296081543,1.0594191735435743e-05,5.272679572954075e-06,0.9999841451644897,6.847052986813651e-07,3.6036851724929875e-06,0.9999957084655762,vision,vision,1,0.00020127207972109318,5.9157486248295754e-05,7.713927516306285e-06,0.09705369174480438,0.2298487275838852
416,pLTX3ipuDJI$_$14,-2.0,-0.851632297039032,9.221099389833398e-06,4.314886609790847e-06,0.9999865293502808,0.015430361032485962,0.047820210456848145,-0.20904627442359924,2.015430450439453,2.0478200912475586,1.7909537553787231,0.30448442697525024,0.2924029529094696,0.40311262011528015,vision,vision,1,0.9166666865348816,0.8125,0.8205128312110901,0.5808162689208984,0.41918373107910156,9.221099389833398e-06,4.314886609790847e-06,0.9999865293502808,5.590633804786194e-07,2.999967364303302e-06,0.9999964237213135,vision,vision,1,0.0001736638369038701,4.9755526561057195e-05,6.62377487969934e-06,0.11422164738178253,0.2568664848804474
302,k5Y_838nuGo$_$24,0.6000000238418579,0.06504131853580475,4.0132190406438895e-06,2.9164118586777477e-06,0.999993085861206,0.08190901577472687,-0.011875823140144348,-0.10461733490228653,0.5180910229682922,0.6118758320808411,0.7046173810958862,0.3729383647441864,0.33168384432792664,0.29537782073020935,vision,text,0,0.7777777910232544,0.9047619104385376,0.9599999785423279,0.5790411829948425,0.42095881700515747,4.0132190406438895e-06,2.9164118586777477e-06,0.999993085861206,2.2531779109158379e-07,2.0062216208316386e-06,0.9999977350234985,vision,vision,0,9.393219806952402e-05,3.201400977559388e-05,3.1157514968072064e-06,0.07614946365356445,0.186526358127594
205,f9O3YtZ2VfI$_$23,1.600000023841858,0.6973788738250732,5.025160135119222e-06,2.2891606477060122e-06,0.9999927282333374,0.1887146681547165,-0.19530506432056427,-0.09645278751850128,1.411285400390625,1.7953051328659058,1.6964528560638428,0.4312353730201721,0.26683473587036133,0.3019298315048218,vision,text,0,0.9166666865348816,0.8148148059844971,0.9375,0.5890859961509705,0.41091400384902954,5.025160135119222e-06,2.2891606477060122e-06,0.9999927282333374,2.663876728092873e-07,1.5481169839404174e-06,0.9999982118606567,vision,vision,0,9.82940910034813e-05,2.6512450858717784e-05,3.661147957245703e-06,0.1628098338842392,0.38401973247528076
309,k5Y_838nuGo$_$23,-0.20000000298023224,0.46722692251205444,6.493306500487961e-06,5.25467066836427e-06,0.999988317489624,0.20645557343959808,-0.42867499589920044,-0.023036211729049683,0.4064555764198303,0.2286749929189682,0.17696379125118256,0.2792440354824066,0.3487348258495331,0.3720211684703827,vision,vision,1,0.8333333134651184,1.0,0.8571428656578064,0.5956339836120605,0.40436601638793945,6.493306500487961e-06,5.25467066836427e-06,0.999988317489624,3.8905486121620925e-07,3.530501771820127e-06,0.9999960660934448,vision,vision,1,0.00015310116577893496,5.3978481446392834e-05,5.192341632209718e-06,0.26259392499923706,0.6351305842399597
545,vvZ4IcEtiZc$_$2,2.4000000953674316,0.9743825793266296,6.568567187059671e-06,2.607274836918805e-06,0.9999908208847046,0.20930953323841095,-0.19056959450244904,-0.08914948254823685,2.190690517425537,2.5905697345733643,2.489149570465088,0.4356849193572998,0.26429614424705505,0.30001887679100037,vision,text,0,1.0,0.8235294222831726,0.925000011920929,0.5901850461959839,0.4098149538040161,6.568567187059671e-06,2.607274836918805e-06,0.9999908208847046,3.3954330547203426e-07,1.704026544757653e-06,0.9999979734420776,vision,vision,0,0.00012106548820156604,2.969821434817277e-05,4.761609943670919e-06,0.1697276085615158,0.39987912774086
472,tIrG4oNLFzE$_$13,-2.0,-0.2554877996444702,5.226585017226171e-06,2.952972863567993e-06,0.999991774559021,0.0343339741230011,-0.016319535672664642,-0.124336838722229,2.0343339443206787,1.9836804866790771,1.875663161277771,0.30443814396858215,0.32433754205703735,0.3712242841720581,vision,vision,1,0.9200000166893005,0.9115384817123413,0.8659420013427734,0.577023446559906,0.422976553440094,5.226585017226171e-06,2.952972863567993e-06,0.999991774559021,2.639009153426741e-07,1.992322268051794e-06,0.9999977350234985,vision,vision,1,0.00010936917533399537,3.239431316615082e-05,3.961266884289216e-06,0.06617312878370285,0.1586708128452301
200,f9O3YtZ2VfI$_$26,1.399999976158142,0.829836905002594,4.929856459057191e-06,2.9029456527496222e-06,0.9999922513961792,0.2816847562789917,-0.3518484830856323,-0.06730189919471741,1.1183152198791504,1.7518484592437744,1.467301845550537,0.4763168692588806,0.2157600373029709,0.3079230785369873,vision,text,0,0.8571428656578064,0.875,0.9473684430122375,0.5990052819252014,0.4009947180747986,4.929856459057191e-06,2.9029456527496222e-06,0.9999922513961792,2.724378020957374e-07,1.9666715616040165e-06,0.9999978542327881,vision,vision,0,0.00010498436313355342,3.208452835679054e-05,3.732176537596388e-06,0.25908446311950684,0.633533239364624
10,c7UH_rxdZv4$_$1,-2.799999952316284,-0.7940993309020996,6.950249826331856e-06,3.637850568338763e-06,0.99998939037323,0.022007428109645844,0.012625232338905334,-0.154830664396286,2.822007417678833,2.8126251697540283,2.645169258117676,0.3068256974220276,0.31044527888298035,0.38272908329963684,vision,vision,1,0.875,0.8181818127632141,1.0,0.5813634991645813,0.4186365008354187,6.950249826331856e-06,3.637850568338763e-06,0.99998939037323,4.4378523966770445e-07,2.536854708523606e-06,0.9999970197677612,vision,vision,1,0.00013869671965949237,4.213833744870499e-05,5.078952199255582e-06,0.08124122023582458,0.17683809995651245
468,rnaNMUZpvvg$_$19,-1.399999976158142,-0.7252469062805176,7.867358363000676e-06,5.097848770674318e-06,0.999987006187439,0.00825994461774826,0.027714908123016357,-0.18828392028808594,1.4082598686218262,1.4277148246765137,1.2117160558700562,0.30727019906044006,0.29988789558410645,0.3928419053554535,vision,vision,1,0.8695651888847351,0.9245283007621765,0.875,0.579218864440918,0.42078113555908203,7.867358363000676e-06,5.097848770674318e-06,0.999987006187439,4.733602736450848e-07,3.4060208236041944e-06,0.9999960660934448,vision,vision,1,0.0001675630483077839,5.36894440301694e-05,6.0485776884888764e-06,0.09756108373403549,0.2159988284111023
495,tStelxIAHjw$_$1,0.0,-0.0785958468914032,4.507821813604096e-06,2.413215497654164e-06,0.999993085861206,0.008368536829948425,-0.0003566741943359375,-0.11304615437984467,0.008368536829948425,0.0003566741943359375,0.11304615437984467,0.34633028507232666,0.34981614351272583,0.3038535416126251,vision,audio,0,0.9166666865348816,0.8840579986572266,0.9156626462936401,0.5768675804138184,0.42313241958618164,4.507821813604096e-06,2.413215497654164e-06,0.999993085861206,2.2795494203364797e-07,1.5633451084795524e-06,0.9999982118606567,vision,vision,0,9.359791874885559e-05,2.615461744426284e-05,3.418579126446275e-06,0.0552937351167202,0.12141469120979309
659,zhpQhgha_KU$_$28,1.399999976158142,1.035440444946289,5.633725322695682e-06,3.1171248338068835e-06,0.9999912977218628,0.24131141602993011,-0.2039644718170166,-0.09869781881570816,1.1586885452270508,1.6039644479751587,1.4986977577209473,0.44905078411102295,0.2573767900466919,0.29357242584228516,vision,text,0,0.9090909361839294,0.8928571343421936,0.8823529481887817,0.5897403955459595,0.4102596044540405,5.633725322695682e-06,3.1171248338068835e-06,0.9999912977218628,2.8935266982443864e-07,2.0346401470305864e-06,0.9999977350234985,vision,vision,0,0.00011629641812760383,3.326589649077505e-05,4.288052878109738e-06,0.1900169551372528,0.4452759027481079
316,k5Y_838nuGo$_$4,1.0,0.5589843392372131,3.572680270735873e-06,2.3175487058324507e-06,0.999994158744812,0.09205351024866104,-0.07188428938388824,-0.08069849014282227,0.9079464673995972,1.071884274482727,1.0806984901428223,0.38160738348960876,0.31089961528778076,0.3074930012226105,vision,text,0,0.8461538553237915,0.9200000166893005,1.0,0.5802116394042969,0.4197883605957031,3.572680270735873e-06,2.3175487058324507e-06,0.999994158744812,1.8543073565524537e-07,1.5549144336546306e-06,0.9999982118606567,vision,vision,0,8.070071635302156e-05,2.5438279408263043e-05,2.7343330657458864e-06,0.07944008708000183,0.1727519929409027
188,etzxEpPuc6I$_$18,1.399999976158142,-0.058807339519262314,6.4389037106593605e-06,3.6969236134609673e-06,0.9999898672103882,0.03492042422294617,-0.001088269054889679,-0.09261106699705124,1.3650795221328735,1.4010882377624512,1.492611050605774,0.3560454547405243,0.3403748571872711,0.3035796880722046,vision,text,0,0.949999988079071,0.9591836929321289,0.8620689511299133,0.5756245851516724,0.42437541484832764,6.4389037106593605e-06,3.6969236134609673e-06,0.9999898672103882,3.56213547547668e-07,2.54075803240994e-06,0.9999971389770508,vision,vision,0,0.0001333191030425951,4.0862847527023405e-05,4.836874268221436e-06,0.0536835752427578,0.127531498670578
606,yDtzw_Y-7RU$_$21,0.20000000298023224,0.36175277829170227,4.261865342414239e-06,2.2067167719797e-06,0.9999934434890747,0.09905167669057846,-0.05826486274600029,-0.10790754109621048,0.10094832628965378,0.2582648694515228,0.3079075515270233,0.3855738937854767,0.31674182415008545,0.29768437147140503,vision,text,0,0.9333333373069763,0.8965517282485962,1.0,0.5826268792152405,0.4173731207847595,4.261865342414239e-06,2.2067167719797e-06,0.9999934434890747,2.241207965880676e-07,1.4895041431373102e-06,0.9999983310699463,vision,vision,0,8.797820191830397e-05,2.506548844394274e-05,3.2141795145435026e-06,0.08822005242109299,0.20695921778678894
590,wMbj6ajWbic$_$6,1.7999999523162842,0.17002835869789124,5.276774572848808e-06,2.8419574391591595e-06,0.9999918937683105,0.06720704585313797,-0.06527169793844223,-0.09942276030778885,1.732792854309082,1.8652716875076294,1.8994227647781372,0.3760303258895874,0.3186430037021637,0.30532675981521606,vision,text,0,0.9642857313156128,0.9411764740943909,0.8999999761581421,0.5784881711006165,0.42151182889938354,5.276774572848808e-06,2.8419574391591595e-06,0.9999918937683105,2.6499296268411854e-07,1.8542438056101673e-06,0.9999978542327881,vision,vision,0,0.00010850530816242099,3.061128518311307e-05,3.986653609899804e-06,0.07186593115329742,0.16662980616092682
107,d3_k5Xpfmik$_$14,2.0,-0.2303927093744278,5.523024356079986e-06,2.559485892561497e-06,0.9999920129776001,-0.020299553871154785,0.022344693541526794,-0.09039343148469925,2.0202994346618652,1.977655291557312,2.090393543243408,0.3366025686264038,0.3550320565700531,0.3083653748035431,vision,audio,0,0.95652174949646,0.8571428656578064,0.8734177350997925,0.5759686827659607,0.4240313172340393,5.523024356079986e-06,2.559485892561497e-06,0.9999920129776001,2.9516050403799454e-07,1.7200732145283837e-06,0.9999980926513672,vision,vision,0,0.00010778717114590108,2.9156279197195545e-05,4.048983555549057e-06,0.04647767171263695,0.11273812502622604
128,d6hH302o4v8$_$21,-2.4000000953674316,-0.9483062028884888,6.485121502919355e-06,3.914728949894197e-06,0.9999896287918091,-0.012021869421005249,0.082835853099823,-0.20567730069160461,2.3879783153533936,2.4828360080718994,2.1943228244781494,0.31624850630760193,0.28088805079460144,0.4028635025024414,vision,vision,1,0.9090909361839294,0.931034505367279,0.970588207244873,0.584905743598938,0.415094256401062,6.485121502919355e-06,3.914728949894197e-06,0.9999896287918091,4.1674772432998e-07,2.805044005071977e-06,0.9999967813491821,vision,vision,1,0.0001365638163406402,4.5181070163380355e-05,4.7768726290087216e-06,0.12006491422653198,0.2885131537914276
605,yDtzw_Y-7RU$_$20,-0.6000000238418579,0.39501866698265076,6.241096343728714e-06,2.996282091771718e-06,0.9999908208847046,0.10824630409479141,-0.23243120312690735,-0.04294680804014206,0.7082463502883911,0.36756882071495056,0.5570532083511353,0.26745712757110596,0.40944644808769226,0.323096364736557,vision,audio,0,1.0,0.9230769276618958,0.9354838728904724,0.5871571898460388,0.4128428101539612,6.241096343728714e-06,2.996282091771718e-06,0.9999908208847046,3.6421550930754165e-07,2.064933141809888e-06,0.999997615814209,vision,vision,0,0.00012206174142193049,3.4794851671904325e-05,4.5343867896008305e-06,0.1393735557794571,0.34067749977111816
492,tStelxIAHjw$_$15,0.4000000059604645,0.458016961812973,4.641575287678279e-06,3.1750746529723983e-06,0.9999921321868896,0.13843287527561188,-0.10694704204797745,-0.09378226846456528,0.2615671157836914,0.5069470405578613,0.49378228187561035,0.40259018540382385,0.2962472140789032,0.30116257071495056,vision,text,0,0.800000011920929,0.8888888955116272,0.859375,0.5796548128128052,0.4203451871871948,4.641575287678279e-06,3.1750746529723983e-06,0.9999921321868896,2.4255371045001084e-07,2.064886302832747e-06,0.9999977350234985,vision,vision,0,0.00010504548845347017,3.2970048778224736e-05,3.7040158531453926e-06,0.11269845813512802,0.24537992477416992
9,c7UH_rxdZv4$_$29,0.6000000238418579,0.4448264539241791,6.287953965511406e-06,3.695027544381446e-06,0.9999899864196777,0.2932136356830597,-0.29427963495254517,-0.1056348979473114,0.3067863881587982,0.8942796587944031,0.7056349515914917,0.47910764813423157,0.22988031804561615,0.2910120487213135,vision,text,0,0.9166666865348816,0.936170220375061,0.8771929740905762,0.595391571521759,0.40460842847824097,6.287953965511406e-06,3.695027544381446e-06,0.9999899864196777,3.625048634603445e-07,2.59896705756546e-06,0.9999970197677612,vision,vision,0,0.00013152291649021208,4.176015863777138e-05,4.684952727984637e-06,0.24490709602832794,0.5874933004379272
470,tIrG4oNLFzE$_$11,-1.600000023841858,-0.35064083337783813,4.3643212848110124e-06,2.5337355964438757e-06,0.999993085861206,-0.006329163908958435,0.030702263116836548,-0.1296338438987732,1.5936708450317383,1.630702257156372,1.4703662395477295,0.3203681409358978,0.3058764934539795,0.3737553656101227,vision,vision,1,0.875,0.8859649300575256,0.8676470518112183,0.5768672227859497,0.4231327772140503,4.3643212848110124e-06,2.5337355964438757e-06,0.999993085861206,2.2343994032780756e-07,1.6719191080483142e-06,0.9999980926513672,vision,vision,1,9.340805991087109e-05,2.7548476282390766e-05,3.3364958653692156e-06,0.06854280084371567,0.16033610701560974
558,vyB00TXsimI$_$5,1.7999999523162842,1.0725891590118408,7.086999175953679e-06,2.699406877582078e-06,0.9999902248382568,0.366091787815094,-0.4787026643753052,-0.05474128574132919,1.433908224105835,2.278702735900879,1.8547412157058716,0.5157865285873413,0.17941467463970184,0.30479878187179565,vision,text,0,1.0,0.800000011920929,0.9090909361839294,0.6088080406188965,0.3911919593811035,7.086999175953679e-06,2.699406877582078e-06,0.9999902248382568,3.9730147705085983e-07,1.8212796248917584e-06,0.9999978542327881,vision,vision,0,0.00012840054114349186,3.205155371688306e-05,5.065739969722927e-06,0.3448866903781891,0.8447944521903992
66,cW1FSBF59ik$_$12,2.200000047683716,-0.6958383321762085,6.656110144831473e-06,3.847535936074564e-06,0.9999895095825195,0.04941408336162567,0.017789848148822784,-0.24145781993865967,2.150585889816284,2.1822102069854736,2.441457748413086,0.3764468729496002,0.3618561029434204,0.2616969347000122,vision,text,0,0.8799999952316284,0.8888888955116272,0.9186046719551086,0.5838709473609924,0.41612905263900757,6.656110144831473e-06,3.847535936074564e-06,0.9999895095825195,3.6300511396802904e-07,2.615202674860484e-06,0.9999970197677612,vision,vision,0,0.00013778242282569408,4.1959588997997344e-05,5.011874691263074e-06,0.13030558824539185,0.29087191820144653
653,zhpQhgha_KU$_$26,0.0,-0.23301191627979279,4.9076465984398965e-06,2.659981191754923e-06,0.9999924898147583,0.018450751900672913,0.03407496213912964,-0.12136989086866379,0.018450751900672913,0.03407496213912964,0.12136989086866379,0.34965747594833374,0.3428947925567627,0.30744773149490356,vision,text,0,0.9230769276618958,0.9047619104385376,0.9599999785423279,0.5793342590332031,0.4206657409667969,4.9076465984398965e-06,2.659981191754923e-06,0.9999924898147583,2.785956780826382e-07,1.8706912214838667e-06,0.9999978542327881,vision,vision,0,0.00010163145634578541,3.100387766608037e-05,3.5942534850619268e-06,0.06988643854856491,0.15544486045837402
100,cXypl4FnoZo$_$19,0.800000011920929,-0.2778637409210205,6.21160279479227e-06,3.13091732095927e-06,0.999990701675415,-0.018532857298851013,0.044572874903678894,-0.11003445833921432,0.8185328841209412,0.7554271221160889,0.9100344777107239,0.33624762296676636,0.3638457655906677,0.29990655183792114,vision,audio,0,0.925000011920929,0.8701298832893372,0.8500000238418579,0.5767652988433838,0.4232347011566162,6.21160279479227e-06,3.13091732095927e-06,0.999990701675415,3.409195414860733e-07,2.1460195966938045e-06,0.9999974966049194,vision,vision,0,0.00012343160051386803,3.557002855814062e-05,4.550170160655398e-06,0.06347204744815826,0.15460732579231262
598,wMbj6ajWbic$_$14,-0.800000011920929,0.2083674520254135,4.796849680133164e-06,3.0710259579791455e-06,0.9999921321868896,0.11576886475086212,-0.0601753294467926,-0.10910004377365112,0.9157688617706299,0.739824652671814,0.6908999681472778,0.2800683379173279,0.3489622473716736,0.37096941471099854,vision,vision,1,0.875,0.939393937587738,0.8999999761581421,0.580080509185791,0.419919490814209,4.796849680133164e-06,3.0710259579791455e-06,0.9999921321868896,2.6377557560408604e-07,2.1200514765951084e-06,0.999997615814209,vision,vision,1,0.00010557953646639362,3.405661118449643e-05,3.6558922147378325e-06,0.09656086564064026,0.22486890852451324
502,tStelxIAHjw$_$9,-1.399999976158142,-0.5446860790252686,7.0605651671939995e-06,5.052603682997869e-06,0.9999879598617554,-0.007938578724861145,0.04882363975048065,-0.15241849422454834,1.3920613527297974,1.4488235712051392,1.2475814819335938,0.31954583525657654,0.2976588010787964,0.3827953040599823,vision,vision,1,0.8888888955116272,1.0,0.8333333134651184,0.577158510684967,0.42284148931503296,7.0605651671939995e-06,5.052603682997869e-06,0.9999879598617554,4.237807047502429e-07,3.6368469409353565e-06,0.9999958276748657,vision,vision,1,0.0001573849149281159,5.5920329032232985e-05,5.306785169523209e-06,0.08471835404634476,0.201242133975029
182,etzxEpPuc6I$_$12,0.6666666865348816,0.036020584404468536,6.884562480991008e-06,3.027580078196479e-06,0.9999901056289673,0.08705107122659683,-0.05743163824081421,-0.11124984174966812,0.579615592956543,0.7240983247756958,0.7779165506362915,0.3823765814304352,0.31919509172439575,0.29842832684516907,vision,text,0,1.0,0.875,0.8999999761581421,0.5805910229682922,0.41940897703170776,6.884562480991008e-06,3.027580078196479e-06,0.9999901056289673,3.787104958519194e-07,2.0792638224520488e-06,0.999997615814209,vision,vision,0,0.0001301795564359054,3.516818105708808e-05,4.988118234905414e-06,0.08372899889945984,0.19830091297626495
459,rnaNMUZpvvg$_$8,-1.600000023841858,-0.7904389500617981,7.816141078365035e-06,3.9880492295196746e-06,0.9999881982803345,0.016437701880931854,0.017247028648853302,-0.185580313205719,1.6164376735687256,1.6172471046447754,1.4144196510314941,0.304297536611557,0.30398985743522644,0.39171260595321655,vision,vision,1,1.0,0.931034505367279,0.9142857193946838,0.5809519290924072,0.4190480709075928,7.816141078365035e-06,3.9880492295196746e-06,0.9999881982803345,4.386396028621675e-07,2.6460218123247614e-06,0.9999969005584717,vision,vision,1,0.00015327443543355912,4.3482483306434005e-05,5.80726873522508e-06,0.09542354196310043,0.2028273344039917
104,d3_k5Xpfmik$_$13,2.200000047683716,1.2129385471343994,9.093034350371454e-06,4.354697011876851e-06,0.9999865293502808,0.440044105052948,-0.6371464729309082,-0.04531175643205643,1.759955883026123,2.837146520614624,2.245311737060547,0.553924024105072,0.14410454034805298,0.3019714951515198,vision,text,0,1.0,0.9047619104385376,0.8399999737739563,0.616060733795166,0.383939266204834,9.093034350371454e-06,4.354697011876851e-06,0.9999865293502808,5.28799603216612e-07,2.926619572463096e-06,0.999996542930603,vision,vision,0,0.00017275803838856518,4.836973312194459e-05,6.668631158390781e-06,0.44047680497169495,1.077190637588501
213,f9O3YtZ2VfI$_$7,-1.2000000476837158,-0.8250333070755005,6.689752353850054e-06,4.240303042024607e-06,0.9999890327453613,0.010459989309310913,0.025962427258491516,-0.18650826811790466,1.2104600667953491,1.225962519645691,1.0134917497634888,0.3067505955696106,0.3008635938167572,0.3923857808113098,vision,vision,1,0.9090909361839294,0.949999988079071,0.9583333134651184,0.5813605189323425,0.41863948106765747,6.689752353850054e-06,4.240303042024607e-06,0.9999890327453613,4.07651214118232e-07,2.9315137908270117e-06,0.9999966621398926,vision,vision,1,0.00014311143604572862,4.666316817747429e-05,5.073428383184364e-06,0.09671299159526825,0.21247069537639618
92,cXypl4FnoZo$_$11,1.399999976158142,-0.3309451639652252,5.488344868354034e-06,3.409370492590824e-06,0.9999910593032837,0.046654969453811646,0.020801037549972534,-0.14795801043510437,1.3533450365066528,1.3791989088058472,1.5479580163955688,0.36333751678466797,0.3517830967903137,0.2848794460296631,vision,text,0,0.8709677457809448,0.9137930870056152,0.918367326259613,0.5794080495834351,0.42059195041656494,5.488344868354034e-06,3.409370492590824e-06,0.9999910593032837,3.243562787247356e-07,2.4152238893293543e-06,0.9999972581863403,vision,vision,0,0.00011832087329821661,3.8806152588222176e-05,4.119006462133257e-06,0.08629552274942398,0.19461297988891602
296,jUzDDGyPkXU$_$15,1.3333333730697632,0.02506067045032978,5.067965503258165e-06,2.896316573242075e-06,0.9999920129776001,0.012341611087322235,0.025464877486228943,-0.08595333248376846,1.3209917545318604,1.307868480682373,1.4192867279052734,0.3447183072566986,0.3504197299480438,0.3048619329929352,vision,audio,0,0.8823529481887817,0.8863636255264282,0.8867924809455872,0.5753515362739563,0.4246484637260437,5.067965503258165e-06,2.896316573242075e-06,0.9999920129776001,2.804927703436988e-07,1.974513452296378e-06,0.9999977350234985,vision,vision,0,0.00010669258335838094,3.241249214624986e-05,3.8104406030470273e-06,0.04971935972571373,0.1114182099699974
624,yDtzw_Y-7RU$_$17,0.20000000298023224,0.2789517045021057,4.77279854749213e-06,2.7024034352507442e-06,0.9999924898147583,0.1062268316745758,-0.1196737140417099,-0.10276871174573898,0.09377317130565643,0.31967371702194214,0.3027687072753906,0.39618349075317383,0.29871854186058044,0.3050979971885681,vision,text,0,0.9130434989929199,0.9156626462936401,0.8500000238418579,0.5795472264289856,0.4204527735710144,4.77279854749213e-06,2.7024034352507442e-06,0.9999924898147583,2.3809725746559707e-07,1.8034307913694647e-06,0.9999979734420776,vision,vision,0,0.00010061777720693499,2.948976180050522e-05,3.63910066880635e-06,0.10273805260658264,0.2259005457162857
75,cXypl4FnoZo$_$26,0.6000000238418579,0.14010915160179138,6.689497240586206e-06,3.3174367217725376e-06,0.9999899864196777,0.07716928422451019,-0.016456380486488342,-0.0833345353603363,0.5228307247161865,0.6164563894271851,0.6833345890045166,0.36930733919143677,0.3285197913646698,0.30217286944389343,vision,text,0,1.0,0.9333333373069763,0.8888888955116272,0.5783054828643799,0.4216945171356201,6.689497240586206e-06,3.3174367217725376e-06,0.9999899864196777,3.8027960158615315e-07,2.3291263460123446e-06,0.9999972581863403,vision,vision,0,0.00013155255874153227,3.855219983961433e-05,4.85643158754101e-06,0.06582799553871155,0.1605038195848465
219,f9O3YtZ2VfI$_$13,-1.600000023841858,-0.5076795816421509,7.964036740304437e-06,3.277182713645743e-06,0.9999887943267822,0.05532383918762207,0.0070222169160842896,-0.1770744025707245,1.65532386302948,1.6070222854614258,1.422925591468811,0.2941756546497345,0.3124842047691345,0.39334017038345337,vision,vision,1,1.0,0.8333333134651184,0.8941176533699036,0.582205593585968,0.417794406414032,7.964036740304437e-06,3.277182713645743e-06,0.9999887943267822,4.6188290525606135e-07,2.295760623383103e-06,0.9999972581863403,vision,vision,1,0.0001460739877074957,3.926904537365772e-05,5.649145805364242e-06,0.10012967139482498,0.23239824175834656
225,f9O3YtZ2VfI$_$19,-0.6000000238418579,-0.8320910930633545,8.336367500305641e-06,4.594012352754362e-06,0.999987006187439,0.034644030034542084,0.024213597178459167,-0.17572900652885437,0.6346440315246582,0.6242136359214783,0.42427101731300354,0.30175867676734924,0.3057187795639038,0.39252251386642456,vision,vision,1,0.875,0.8484848737716675,0.925000011920929,0.580793559551239,0.419206440448761,8.336367500305641e-06,4.594012352754362e-06,0.999987006187439,5.430866849565064e-07,3.332556843815837e-06,0.9999960660934448,vision,vision,1,0.0001669304765528068,5.377801426220685e-05,6.038214451109525e-06,0.09680602699518204,0.21037304401397705
214,f9O3YtZ2VfI$_$6,-2.5999999046325684,-0.9756263494491577,1.2870176760770846e-05,4.872596491622971e-06,0.9999822378158569,-0.0004646480083465576,0.036888331174850464,-0.2044428288936615,2.5995352268218994,2.636888265609741,2.395557165145874,0.3081846833229065,0.29412585496902466,0.39768949151039124,vision,vision,1,1.0,0.7894737124443054,0.8636363744735718,0.5821607112884521,0.41783928871154785,1.2870176760770846e-05,4.872596491622971e-06,0.9999822378158569,8.790119636614691e-07,3.6769729376828764e-06,0.9999954700469971,vision,vision,1,0.00022226895089261234,6.277888314798474e-05,8.806339792499784e-06,0.1060623899102211,0.24133116006851196
592,wMbj6ajWbic$_$8,-0.20000000298023224,0.4653555750846863,6.04039223617292e-06,2.8862414183095098e-06,0.9999910593032837,0.11190684139728546,-0.12474258989095688,-0.07523009181022644,0.3119068443775177,0.07525741308927536,0.1247699111700058,0.27718013525009155,0.3725903034210205,0.35022956132888794,vision,audio,0,1.0,0.9166666865348816,0.8928571343421936,0.5818167924880981,0.41818320751190186,6.04039223617292e-06,2.8862414183095098e-06,0.9999910593032837,3.035737563550356e-07,1.8639187828739523e-06,0.9999977350234985,vision,vision,0,0.00011832395102828741,3.1391449738293886e-05,4.478287337406073e-06,0.10191209614276886,0.23664942383766174
187,etzxEpPuc6I$_$19,-0.5,-0.6990661025047302,6.741975539625855e-06,4.3451077544887085e-06,0.9999889135360718,0.024915575981140137,0.010442383587360382,-0.20096197724342346,0.5249155759811401,0.5104423761367798,0.29903802275657654,0.29899880290031433,0.3044573664665222,0.39654380083084106,vision,vision,1,0.8399999737739563,0.8888888955116272,0.9460784196853638,0.5813544988632202,0.4186455011367798,6.741975539625855e-06,4.3451077544887085e-06,0.9999889135360718,3.759063815778063e-07,3.0092292035988066e-06,0.9999966621398926,vision,vision,1,0.00014499088865704834,4.7137953515630215e-05,5.150183824298438e-06,0.1032375693321228,0.2258775532245636
312,k5Y_838nuGo$_$1,-1.600000023841858,-0.5361395478248596,3.503817424643785e-05,2.899800892919302e-05,0.9999359846115112,0.12087880820035934,-0.10433731973171234,-0.18523630499839783,1.7208788394927979,1.4956626892089844,1.4147636890411377,0.26376184821128845,0.34952211380004883,0.3867160379886627,vision,vision,1,0.7777777910232544,0.8888888955116272,0.9090909361839294,0.5831282734870911,0.41687172651290894,3.503817424643785e-05,2.899800892919302e-05,0.9999359846115112,3.91275534639135e-06,2.528034929127898e-05,0.9999707937240601,vision,vision,1,0.0007264319574460387,0.0003455093246884644,2.3217397028929554e-05,0.12951765954494476,0.30611512064933777
131,d6hH302o4v8$_$28,-1.0,0.040826208889484406,6.366384241118794e-06,3.6111682675254997e-06,0.9999901056289673,0.021507740020751953,0.024698525667190552,-0.09507981687784195,1.021507740020752,1.0246984958648682,0.9049201607704163,0.3171674609184265,0.31590500473976135,0.36692753434181213,vision,vision,1,0.9047619104385376,0.9166666865348816,0.8275862336158752,0.5743741393089294,0.42562586069107056,6.366384241118794e-06,3.6111682675254997e-06,0.9999901056289673,3.588430672607501e-07,2.5378424197697314e-06,0.9999971389770508,vision,vision,1,0.00013129808939993382,4.086460103280842e-05,4.704738785221707e-06,0.05572720244526863,0.1197783425450325
78,cXypl4FnoZo$_$21,-0.6000000238418579,-0.2431352585554123,4.596298822434619e-06,2.772770585579565e-06,0.9999926090240479,0.012849435210227966,0.02330566942691803,-0.11564993113279343,0.6128494739532471,0.6233056783676147,0.4843500852584839,0.3163297176361084,0.31222209334373474,0.37144818902015686,vision,vision,1,0.9047619104385376,0.9354838728904724,0.9459459185600281,0.5779021382331848,0.4220978617668152,4.596298822434619e-06,2.772770585579565e-06,0.9999926090240479,2.4896942818486423e-07,1.8699190604820615e-06,0.9999978542327881,vision,vision,1,9.934011904988438e-05,3.0575312848668545e-05,3.4984632293344475e-06,0.06318409740924835,0.13895559310913086
90,cXypl4FnoZo$_$9,1.2000000476837158,0.4305039644241333,6.23174264546833e-06,2.740420541158528e-06,0.9999910593032837,0.1030736193060875,-0.16035665571689606,-0.07774621248245239,1.0969264507293701,1.3603566884994507,1.2777462005615234,0.39727717638015747,0.28581544756889343,0.3169073462486267,vision,text,0,1.0,0.8775510191917419,0.8620689511299133,0.5823906660079956,0.4176093339920044,6.23174264546833e-06,2.740420541158528e-06,0.9999910593032837,3.2203772093453154e-07,1.8081889265886275e-06,0.9999978542327881,vision,vision,0,0.00011871110473293811,3.0849972972646356e-05,4.545622687146533e-06,0.11000798642635345,0.26343026757240295
385,nzpVDcQ0ywM$_$9,-2.200000047683716,-0.6131413578987122,7.694864507357124e-06,3.4377414976916043e-06,0.9999887943267822,0.025888212025165558,0.0421828031539917,-0.18551093339920044,2.225888252258301,2.242182731628418,2.01448917388916,0.30466532707214355,0.29852262139320374,0.3968120515346527,vision,vision,1,1.0,0.8775510191917419,0.9145299196243286,0.5823240876197815,0.4176759123802185,7.694864507357124e-06,3.4377414976916043e-06,0.9999887943267822,4.568675535665534e-07,2.4801547624520026e-06,0.9999970197677612,vision,vision,1,0.00014504151477012783,4.1641935240477324e-05,5.473675173561787e-06,0.10370875149965286,0.22769373655319214
217,f9O3YtZ2VfI$_$11,-0.800000011920929,-0.8335233926773071,7.801403626217507e-06,4.99138377563213e-06,0.9999872446060181,0.011958420276641846,0.06199654936790466,-0.20899370312690735,0.8119584321975708,0.8619965314865112,0.5910062789916992,0.3069869875907898,0.2883738875389099,0.4046391248703003,vision,vision,1,0.8888888955116272,0.9411764740943909,0.9523809552192688,0.58352130651474,0.41647869348526,7.801403626217507e-06,4.99138377563213e-06,0.9999872446060181,4.863009621658421e-07,3.478180360616534e-06,0.9999960660934448,vision,vision,1,0.0001654230582062155,5.470035466714762e-05,5.883264293515822e-06,0.11773764342069626,0.270990252494812
668,zhpQhgha_KU$_$9,-1.0,-0.9011333584785461,9.767227311385795e-06,5.391511876950972e-06,0.999984860420227,-0.015000700950622559,0.04821224510669708,-0.2283610999584198,0.9849992990493774,1.0482122898101807,0.7716388702392578,0.3096287250518799,0.286104679107666,0.4042665660381317,vision,vision,1,1.0,0.9714285731315613,0.8837209343910217,0.5829288363456726,0.4170711636543274,9.767227311385795e-06,5.391511876950972e-06,0.999984860420227,6.029458745615557e-07,3.7784197957080323e-06,0.9999955892562866,vision,vision,1,0.00019320161663927138,6.0204001783858985e-05,7.1687368290440645e-06,0.11832692474126816,0.2765733599662781
295,jUzDDGyPkXU$_$12,0.5,0.3347567021846771,4.138507392781321e-06,2.851870249287458e-06,0.9999929666519165,0.11562853306531906,-0.09730307757854462,-0.08896611630916595,0.38437145948410034,0.5973030924797058,0.5889661312103271,0.3935995101928711,0.3016204535961151,0.30478009581565857,vision,text,0,0.8999999761581421,1.0,0.9666666388511658,0.5811899304389954,0.41881006956100464,4.138507392781321e-06,2.851870249287458e-06,0.9999929666519165,2.1300725450146274e-07,1.8892346815846395e-06,0.9999978542327881,vision,vision,0,9.472222882322967e-05,3.0297087505459785e-05,3.2585721783107147e-06,0.09847071766853333,0.21293160319328308
40,cM3Yna7AavY$_$1,2.200000047683716,-0.27318745851516724,6.383851996361045e-06,3.431882532822783e-06,0.9999901056289673,0.02446134388446808,0.02380402386188507,-0.13370180130004883,2.1755387783050537,2.1761960983276367,2.3337018489837646,0.35463613271713257,0.35434490442276,0.2910189628601074,vision,text,0,0.9333333373069763,0.9100000262260437,0.8526315689086914,0.5769845247268677,0.4230154752731323,6.383851996361045e-06,3.431882532822783e-06,0.9999901056289673,3.692139216582291e-07,2.490370661689667e-06,0.9999971389770508,vision,vision,0,0.00012941763270646334,4.044337765662931e-05,4.6631657824036665e-06,0.07440437376499176,0.1581631451845169
512,tmZoasNr4rU$_$19,0.20000000298023224,-0.050329696387052536,5.462542048917385e-06,2.7124920052301604e-06,0.999991774559021,0.02172502875328064,0.013802863657474518,-0.08379092812538147,0.1782749742269516,0.18619713187217712,0.2837909460067749,0.3488478362560272,0.34541037678718567,0.3057417869567871,vision,text,0,1.0,0.9452054500579834,0.9080459475517273,0.5764527916908264,0.4235472083091736,5.462542048917385e-06,2.7124920052301604e-06,0.999991774559021,3.2171288921745145e-07,1.944281848409446e-06,0.9999977350234985,vision,vision,0,0.00010916606697719544,3.2623138395138085e-05,3.956501586799277e-06,0.04798255115747452,0.10551595687866211
547,vvZ4IcEtiZc$_$4,2.200000047683716,0.26698893308639526,4.270303179509938e-06,3.2096486393129453e-06,0.9999924898147583,0.08613467216491699,-0.08052265644073486,-0.0834134891629219,2.113865375518799,2.2805228233337402,2.2834136486053467,0.3815392255783081,0.30978912115097046,0.30867162346839905,vision,text,0,0.807692289352417,0.9519230723381042,0.8867924809455872,0.5767157673835754,0.42328423261642456,4.270303179509938e-06,3.2096486393129453e-06,0.9999924898147583,2.270054864084159e-07,2.1433120309666265e-06,0.999997615814209,vision,vision,0,0.00010088743147207424,3.3814209018601105e-05,3.411877969483612e-06,0.0792531818151474,0.1695481538772583
124,d6hH302o4v8$_$25,-1.600000023841858,-0.8975064754486084,1.552466710563749e-05,7.732980520813726e-06,0.9999767541885376,0.001995295286178589,0.11162494122982025,-0.21924203634262085,1.6019953489303589,1.7116249799728394,1.3807580471038818,0.3134298622608185,0.2732914090156555,0.413278728723526,vision,vision,1,1.0,0.9230769276618958,0.875,0.5852705240249634,0.4147294759750366,1.552466710563749e-05,7.732980520813726e-06,0.9999767541885376,1.1683664524753112e-06,5.992882051941706e-06,0.999992847442627,vision,vision,1,0.0002861487155314535,9.5156385214068e-05,1.0729885616456158e-05,0.13761362433433533,0.3308669924736023
222,f9O3YtZ2VfI$_$14,1.2000000476837158,0.5758317112922668,4.8550846258876845e-06,2.6514585442782845e-06,0.9999924898147583,0.267489492893219,-0.3787878453731537,-0.08550582826137543,0.9325105547904968,1.578787922859192,1.2855058908462524,0.4786858856678009,0.21340632438659668,0.3079078197479248,vision,text,0,0.8888888955116272,0.8666666746139526,0.9722222089767456,0.6005709171295166,0.3994290828704834,4.8550846258876845e-06,2.6514585442782845e-06,0.9999924898147583,2.6096950023202226e-07,1.783513539521664e-06,0.9999979734420776,vision,vision,0,0.00010094028402818367,2.9571005143225193e-05,3.6485625969362445e-06,0.26421675086021423,0.6462773084640503
413,pLTX3ipuDJI$_$13,-1.399999976158142,0.10542144626379013,5.2819914344581775e-06,2.803912366289296e-06,0.9999918937683105,0.040127068758010864,-0.009259745478630066,-0.09917835146188736,1.4401270151138306,1.3907402753829956,1.3008216619491577,0.3073243498802185,0.3268944025039673,0.3657812476158142,vision,vision,1,1.0,0.96875,0.9473684430122375,0.5785980820655823,0.4214019179344177,5.2819914344581775e-06,2.803912366289296e-06,0.9999918937683105,2.761280768481811e-07,1.864004275375919e-06,0.9999978542327881,vision,vision,1,0.00010811540414579213,3.088757148361765e-05,3.968745659221895e-06,0.05766802653670311,0.13930541276931763
86,cXypl4FnoZo$_$5,1.7999999523162842,0.694913923740387,5.951615094090812e-06,2.6407235509395832e-06,0.9999914169311523,0.13769423961639404,-0.20338672399520874,-0.05431722104549408,1.6623057126998901,2.0033867359161377,1.8543171882629395,0.40991950035095215,0.26763108372688293,0.3224494755268097,vision,text,0,1.0,0.8709677457809448,0.9459459185600281,0.5877804160118103,0.4122195839881897,5.951615094090812e-06,2.6407235509395832e-06,0.9999914169311523,3.238226895518892e-07,1.7416085711374762e-06,0.9999978542327881,vision,vision,0,0.00011409065336920321,3.005980033776723e-05,4.32140313932905e-06,0.1396130919456482,0.3410809636116028
68,cW1FSBF59ik$_$14,-1.2000000476837158,-0.13709990680217743,3.97943904317799e-06,2.520000862205052e-06,0.9999935626983643,0.036118634045124054,-0.017113596200942993,-0.13837425410747528,1.2361186742782593,1.1828864812850952,1.0616258382797241,0.3018835783004761,0.3226543664932251,0.3754620850086212,vision,vision,1,0.8260869383811951,0.875,0.8928571343421936,0.5776188969612122,0.42238110303878784,3.97943904317799e-06,2.520000862205052e-06,0.9999935626983643,1.9914405413601344e-07,1.6616949096714961e-06,0.9999980926513672,vision,vision,1,8.838509529596195e-05,2.707355270104017e-05,3.0561845960619394e-06,0.07301871478557587,0.17449289560317993
599,wMbj6ajWbic$_$17,2.0,0.5950679183006287,5.499624876392772e-06,2.5165893475787016e-06,0.9999920129776001,0.1880616545677185,-0.4271385073661804,-0.038661591708660126,1.8119382858276367,2.427138566970825,2.038661479949951,0.4511227607727051,0.209084615111351,0.3397926390171051,vision,text,0,0.9545454382896423,0.849056601524353,0.921875,0.5986544489860535,0.40134555101394653,5.499624876392772e-06,2.5165893475787016e-06,0.9999920129776001,2.937734961960814e-07,1.6752500187067199e-06,0.9999980926513672,vision,vision,0,0.00010701744758989662,2.858609877876006e-05,4.042288310301956e-06,0.2540317177772522,0.6152001619338989
72,cW1FSBF59ik$_$18,2.5999999046325684,0.44170844554901123,4.076587629242567e-06,2.215768063251744e-06,0.9999936819076538,0.0741874948143959,-0.06748957931995392,-0.12195413559675217,2.5258123874664307,2.667489528656006,2.721954107284546,0.38164082169532776,0.3197001516819,0.2986590564250946,vision,text,0,0.9090909361839294,0.8873239159584045,0.9418604373931885,0.5805310010910034,0.4194689989089966,4.076587629242567e-06,2.215768063251744e-06,0.9999936819076538,1.9058107625369303e-07,1.3920907804276794e-06,0.9999983310699463,vision,vision,0,8.573868399253115e-05,2.3370046619675122e-05,3.119615712421364e-06,0.0826709121465683,0.19614163041114807
611,yDtzw_Y-7RU$_$2,0.800000011920929,-0.3308209180831909,6.459227279265178e-06,3.223248768335907e-06,0.9999903440475464,0.03349249064922333,0.02210475504398346,-0.15231257677078247,0.7665075063705444,0.7778952717781067,0.9523125886917114,0.3598922789096832,0.3548056185245514,0.285302072763443,vision,text,0,0.9545454382896423,0.8888888955116272,0.8888888955116272,0.5793693661689758,0.42063063383102417,6.459227279265178e-06,3.223248768335907e-06,0.9999903440475464,3.6507299228105694e-07,2.2477825041278265e-06,0.9999973773956299,vision,vision,0,0.00012758206867147237,3.7247980799293146e-05,4.700989848060999e-06,0.08503241837024689,0.1858050674200058
488,tStelxIAHjw$_$11,-2.799999952316284,-0.9685227274894714,1.3404785022430588e-05,6.336593742162222e-06,0.9999803304672241,0.014529168605804443,0.014460273087024689,-0.19687214493751526,2.8145291805267334,2.814460277557373,2.6031277179718018,0.30279698967933655,0.30282312631607056,0.3943798542022705,vision,vision,1,1.0,0.8823529481887817,0.8999999761581421,0.5812966227531433,0.4187033772468567,1.3404785022430588e-05,6.336593742162222e-06,0.9999803304672241,8.850170729601814e-07,4.561331024888204e-06,0.9999946355819702,vision,vision,1,0.00024589343229308724,7.377431029453874e-05,9.533381671644747e-06,0.09963929653167725,0.2114013135433197
474,tIrG4oNLFzE$_$15,-2.0,0.11875554919242859,4.754525434691459e-06,2.203971234848723e-06,0.999993085861206,0.04258988797664642,-0.05345483124256134,-0.08786354213953018,2.0425899028778076,1.946545124053955,1.912136435508728,0.3026016056537628,0.341201514005661,0.35619696974754333,vision,vision,1,0.9583333134651184,0.8591549396514893,0.9285714030265808,0.5780767202377319,0.42192327976226807,4.754525434691459e-06,2.203971234848723e-06,0.999993085861206,2.3940495452734467e-07,1.4523754998663208e-06,0.9999983310699463,vision,vision,1,9.387485624756664e-05,2.482220224919729e-05,3.5039752219745424e-06,0.055203311145305634,0.1304534375667572
556,vyB00TXsimI$_$3,2.200000047683716,-0.4015384614467621,6.579911769222235e-06,3.2185855616262415e-06,0.9999902248382568,0.021051816642284393,0.01559901237487793,-0.1469336450099945,2.178948163986206,2.184401035308838,2.346933603286743,0.35665804147720337,0.35423532128334045,0.2891066372394562,vision,text,0,1.0,0.9285714030265808,0.8095238208770752,0.5769062042236328,0.4230937957763672,6.579911769222235e-06,3.2185855616262415e-06,0.9999902248382568,3.6599539043891127e-07,2.3107190827431623e-06,0.9999973773956299,vision,vision,0,0.00012896735279355198,3.8015445170458406e-05,4.758113846037304e-06,0.07793567329645157,0.1679854691028595
525,v0zCBqDeKcE$_$10,2.200000047683716,0.3205287456512451,6.14900227446924e-06,4.228998022881569e-06,0.9999896287918091,0.16759146749973297,-0.1377386897802353,-0.12681855261325836,2.0324084758758545,2.3377387523651123,2.3268187046051025,0.42108213901519775,0.2874833643436432,0.29143452644348145,vision,text,0,0.8571428656578064,0.9545454382896423,0.7777777910232544,0.5804041624069214,0.4195958375930786,6.14900227446924e-06,4.228998022881569e-06,0.9999896287918091,3.298651449767931e-07,2.864241878342e-06,0.9999967813491821,vision,vision,0,0.00013646211300510913,4.4678821723209694e-05,4.778817128681112e-06,0.14143039286136627,0.30533015727996826
163,d6hH302o4v8$_$32,-0.6000000238418579,-0.13562026619911194,5.387698820413789e-06,1.968092874449212e-06,0.9999926090240479,0.03052685409784317,0.02144843339920044,-0.10477706044912338,0.6305269002914429,0.6214484572410583,0.49522295594215393,0.31292179226875305,0.31649306416511536,0.3705851435661316,vision,vision,1,1.0,0.7916666865348816,1.0,0.5809473395347595,0.4190526604652405,5.387698820413789e-06,1.968092874449212e-06,0.9999926090240479,3.0520766358677065e-07,1.4035041431270656e-06,0.9999982118606567,vision,vision,1,9.858894918579608e-05,2.5261520931962878e-05,3.749972165678628e-06,0.061754390597343445,0.13530391454696655
59,cW1FSBF59ik$_$7,0.5,0.816575825214386,4.1751295611902606e-06,2.7822729862236883e-06,0.999993085861206,0.3681704103946686,-0.5091392993927002,-0.04793969541788101,0.13182958960533142,1.0091392993927002,0.5479397177696228,0.5185562372207642,0.1731938272714615,0.30824989080429077,vision,text,0,0.800000011920929,0.8823529481887817,1.0,0.6104322075843811,0.3895677924156189,4.1751295611902606e-06,2.7822729862236883e-06,0.999993085861206,2.3621707612164755e-07,1.877860654531105e-06,0.9999978542327881,vision,vision,0,9.420033893547952e-05,3.0490618883050047e-05,3.203898813808337e-06,0.3583178222179413,0.8773096799850464
18,c7UH_rxdZv4$_$8,-2.799999952316284,0.2883192300796509,5.404420335253235e-06,2.664308567545959e-06,0.9999920129776001,0.10144001245498657,-0.10668075829744339,-0.08791016787290573,2.901439905166626,2.693319082260132,2.712089776992798,0.2805701494216919,0.36393478512763977,0.3554950952529907,vision,audio,0,0.949999988079071,0.8764045238494873,0.8769230842590332,0.5800543427467346,0.4199456572532654,5.404420335253235e-06,2.664308567545959e-06,0.9999920129776001,2.745201470588654e-07,1.7552365534356795e-06,0.9999979734420776,vision,vision,0,0.00010771132656373084,2.9416263714665547e-05,3.999812179245055e-06,0.09399767965078354,0.20812076330184937
382,nzpVDcQ0ywM$_$4,-1.600000023841858,-0.17920249700546265,5.3037406360090245e-06,3.0077626433921978e-06,0.999991774559021,0.014010265469551086,0.03596358001232147,-0.1034107580780983,1.6140103340148926,1.6359635591506958,1.4965893030166626,0.3193840980529785,0.31073886156082153,0.36987701058387756,vision,vision,1,0.8666666746139526,0.875,0.895348846912384,0.5766559839248657,0.4233440160751343,5.3037406360090245e-06,3.0077626433921978e-06,0.999991774559021,3.015487095581193e-07,2.09486438507156e-06,0.9999974966049194,vision,vision,1,0.00011087213351856917,3.440362343098968e-05,3.879045380017487e-06,0.06118719279766083,0.13937434554100037
308,k5Y_838nuGo$_$22,0.4000000059604645,0.6548393368721008,6.214174391061533e-06,3.08931635117915e-06,0.999990701675415,0.08189750462770462,-0.08724178373813629,-0.07425570487976074,0.31810250878334045,0.48724180459976196,0.4742557108402252,0.37992364168167114,0.30752187967300415,0.3125544786453247,vision,text,0,1.0,0.9375,0.8947368264198303,0.5789219737052917,0.42107802629470825,6.214174391061533e-06,3.08931635117915e-06,0.999990701675415,3.178811027737538e-07,2.0233724171703216e-06,0.999997615814209,vision,vision,0,0.00012297392822802067,3.3648288081167266e-05,4.625459041562863e-06,0.07685524970293045,0.1691392958164215
363,nbWiPyCm4g0$_$10,1.2000000476837158,0.3508056402206421,6.137437594588846e-06,3.3842468383227242e-06,0.9999905824661255,0.09896381199359894,-0.0300111323595047,-0.108409084379673,1.1010361909866333,1.230011224746704,1.3084090948104858,0.3812774121761322,0.3245074450969696,0.2942151129245758,vision,text,0,0.9090909361839294,0.9024389982223511,0.8541666865348816,0.5787322521209717,0.4212677478790283,6.137437594588846e-06,3.3842468383227242e-06,0.9999905824661255,3.456665638168488e-07,2.3241298094944796e-06,0.9999973773956299,vision,vision,0,0.00012568279635161161,3.789451511693187e-05,4.548939614323899e-06,0.08549483120441437,0.20737290382385254
578,wMbj6ajWbic$_$20,-0.4000000059604645,0.6670103073120117,5.148249329067767e-06,3.1663437312090537e-06,0.9999916553497314,0.16160328686237335,-0.17242863774299622,-0.09806891530752182,0.561603307723999,0.22757136821746826,0.30193108320236206,0.2562994658946991,0.3891194760799408,0.3545810282230377,vision,audio,0,0.9333333373069763,0.976190447807312,0.8823529481887817,0.5846652984619141,0.41533470153808594,5.148249329067767e-06,3.1663437312090537e-06,0.9999916553497314,2.5002083248182316e-07,2.031572876148857e-06,0.9999977350234985,vision,vision,0,0.00011110931518487632,3.2673160603735596e-05,4.037558028358035e-06,0.143192321062088,0.33403193950653076
67,cW1FSBF59ik$_$15,-2.5999999046325684,-0.8282830119132996,9.00776285561733e-06,4.207135134493001e-06,0.9999867677688599,0.0575152188539505,0.009638279676437378,-0.25536879897117615,2.657515048980713,2.609638214111328,2.3446311950683594,0.28246307373046875,0.2998833954334259,0.4176536202430725,vision,vision,1,0.9583333134651184,0.8510638475418091,0.8938053250312805,0.5851797461509705,0.41482025384902954,9.00776285561733e-06,4.207135134493001e-06,0.9999867677688599,5.138893470757466e-07,2.855366801668424e-06,0.9999966621398926,vision,vision,1,0.0001699381391517818,4.7212233766913414e-05,6.580004082934465e-06,0.1376054733991623,0.31288403272628784
542,vvZ4IcEtiZc$_$12,0.20000000298023224,0.24101021885871887,5.3916169235890266e-06,2.6049638108815998e-06,0.9999920129776001,0.06362804025411606,-0.07111265510320663,-0.08284499496221542,0.13637197017669678,0.2711126506328583,0.28284499049186707,0.373456746339798,0.3155686855316162,0.3109745383262634,vision,text,0,1.0,0.925000011920929,0.9268292784690857,0.5787965059280396,0.42120349407196045,5.3916169235890266e-06,2.6049638108815998e-06,0.9999920129776001,2.7829406690216274e-07,1.73475439169124e-06,0.9999979734420776,vision,vision,0,0.00010686578752938658,2.9218395866337232e-05,3.981332156399731e-06,0.06645554304122925,0.14647303521633148
307,k5Y_838nuGo$_$21,-0.20000000298023224,-0.6887724995613098,5.032610715716146e-06,3.6881883715977892e-06,0.9999912977218628,-0.009151339530944824,0.05428168177604675,-0.1967518925666809,0.19084866344928741,0.2542816996574402,0.0032481104135513306,0.3136715590953827,0.2897605895996094,0.39656785130500793,vision,vision,1,0.8333333134651184,0.9545454382896423,1.0,0.5831376910209656,0.4168623089790344,5.032610715716146e-06,3.6881883715977892e-06,0.9999912977218628,2.980090130222379e-07,2.583921514087706e-06,0.9999971389770508,vision,vision,1,0.0001162185799330473,4.0564384107710794e-05,3.893374923791271e-06,0.10658099502325058,0.25103357434272766
560,vyB00TXsimI$_$7,2.4000000953674316,0.5431191921234131,4.732022716780193e-06,2.6928382794721983e-06,0.9999924898147583,0.11600480228662491,-0.12477445602416992,-0.08454510569572449,2.2839953899383545,2.5247745513916016,2.4845452308654785,0.3970833718776703,0.29388025403022766,0.3090364336967468,vision,text,0,0.9375,0.9459459185600281,0.9111111164093018,0.5816625952720642,0.4183374047279358,4.732022716780193e-06,2.6928382794721983e-06,0.9999924898147583,2.4471225401612173e-07,1.7937858274308383e-06,0.9999979734420776,vision,vision,0,0.00010004568321164697,2.9465987609000877e-05,3.6233302580512827e-06,0.10531081259250641,0.24077925086021423
32,c7UH_rxdZv4$_$32,-2.200000047683716,-0.14792299270629883,7.0987762228469364e-06,3.633900632848963e-06,0.9999892711639404,0.05040128529071808,-0.021932587027549744,-0.06677208840847015,2.250401258468628,2.178067445755005,2.133228063583374,0.30746835470199585,0.33656439185142517,0.3559672236442566,vision,vision,1,1.0,0.949999988079071,0.9130434989929199,0.576952338218689,0.42304766178131104,7.0987762228469364e-06,3.633900632848963e-06,0.9999892711639404,4.337712482538336e-07,2.56962403000216e-06,0.9999969005584717,vision,vision,1,0.00014038430526852608,4.251020436640829e-05,5.119558409205638e-06,0.04827280342578888,0.11717337369918823
464,rnaNMUZpvvg$_$15,-1.600000023841858,-0.8868822455406189,7.6167916631675325e-06,4.728534804598894e-06,0.9999876022338867,0.006921559572219849,0.03937837481498718,-0.22043028473854065,1.6069215536117554,1.6393784284591675,1.3795697689056396,0.30405062437057495,0.2919618785381317,0.4039875268936157,vision,vision,1,0.8684210777282715,0.9012345671653748,0.9090909361839294,0.5820701122283936,0.41792988777160645,7.6167916631675325e-06,4.728534804598894e-06,0.9999876022338867,4.635028005850472e-07,3.2292309697368182e-06,0.9999963045120239,vision,vision,1,0.00016012358537409455,5.12635670020245e-05,5.784957011201186e-06,0.11558683961629868,0.25980865955352783
30,c7UH_rxdZv4$_$30,1.2000000476837158,1.060678243637085,7.5663369898393285e-06,3.955034117097966e-06,0.9999885559082031,0.3553693890571594,-0.263624370098114,-0.12006825953722,0.8446306586265564,1.4636244773864746,1.320068359375,0.4967133104801178,0.22912567853927612,0.27416107058525085,vision,text,0,1.0,0.9666666388511658,0.8571428656578064,0.5968873500823975,0.40311264991760254,7.5663369898393285e-06,3.955034117097966e-06,0.9999885559082031,4.1907648551386956e-07,2.7155547286383808e-06,0.9999967813491821,vision,vision,0,0.00014984747394919395,4.415695366333239e-05,5.537393917620648e-06,0.264533668756485,0.6189937591552734
238,f_pcplsH_V0$_$4,0.5,-0.1797085404396057,4.8343490561819635e-06,2.618190364955808e-06,0.9999924898147583,0.033791884779930115,0.003856286406517029,-0.12647640705108643,0.4662081003189087,0.4961436986923218,0.6264764070510864,0.3594887852668762,0.3462854325771332,0.294225811958313,vision,text,0,0.9166666865348816,0.8933333158493042,0.9111111164093018,0.5783194303512573,0.4216805696487427,4.8343490561819635e-06,2.618190364955808e-06,0.9999924898147583,2.5749389465090644e-07,1.7619786376599222e-06,0.9999979734420776,vision,vision,0,0.00010031315468950197,2.9258124413900077e-05,3.6388983062352054e-06,0.06957703828811646,0.16026829183101654
16,c7UH_rxdZv4$_$6,-2.5999999046325684,-0.562981903553009,7.101040864654351e-06,4.102784714632435e-06,0.9999887943267822,-0.00021748244762420654,0.04931887984275818,-0.15526467561721802,2.5997824668884277,2.6493186950683594,2.444735288619995,0.31707561016082764,0.29803764820098877,0.3848866820335388,vision,vision,1,0.8799999952316284,0.8809523582458496,0.8500000238418579,0.5784066319465637,0.4215933680534363,7.101040864654351e-06,4.102784714632435e-06,0.9999887943267822,4.175015533292026e-07,2.7802227577922167e-06,0.9999967813491821,vision,vision,1,0.00014626068877987564,4.489878847380169e-05,5.331041393219493e-06,0.08714478462934494,0.2045835554599762
583,wMbj6ajWbic$_$29,1.7999999523162842,0.9446725249290466,6.296140327322064e-06,3.4282256820006296e-06,0.9999902248382568,0.3192331790924072,-0.37331387400627136,-0.07212863862514496,1.480766773223877,2.173313856124878,1.8721286058425903,0.4916713237762451,0.2068774253129959,0.3014512360095978,vision,text,0,0.9444444179534912,0.9210526347160339,0.8666666746139526,0.5998672842979431,0.4001327157020569,6.296140327322064e-06,3.4282256820006296e-06,0.9999902248382568,3.259675906974735e-07,2.220328497060109e-06,0.9999973773956299,vision,vision,0,0.00012829399202018976,3.637549525592476e-05,4.776875812240178e-06,0.2835289537906647,0.692547082901001
346,lXPQBPVc5Cw$_$5,-1.0,-0.2667243480682373,4.932661340717459e-06,2.50889115704922e-06,0.9999926090240479,-0.017843127250671387,0.028188347816467285,-0.09644664078950882,0.9821568727493286,1.0281883478164673,0.9035533666610718,0.32815635204315186,0.3098073899745941,0.3620363175868988,vision,vision,1,0.9285714030265808,0.8815789222717285,0.945652186870575,0.5777687430381775,0.4222312569618225,4.932661340717459e-06,2.50889115704922e-06,0.9999926090240479,2.6326628699280263e-07,1.7271198657908826e-06,0.9999980926513672,vision,vision,1,0.00010000011388910934,2.8793319870601408e-05,3.644931439339416e-06,0.051457952708005905,0.1246349886059761
130,d6hH302o4v8$_$23,-2.5999999046325684,-0.9932790994644165,1.175223496829858e-05,5.369759037421318e-06,0.9999828338623047,0.020360492169857025,0.06612169742584229,-0.23738911747932434,2.6203603744506836,2.666121482849121,2.3626108169555664,0.3007929027080536,0.2840699851512909,0.4151371419429779,vision,vision,1,1.0,0.8823529481887817,0.875,0.5845090746879578,0.41549092531204224,1.175223496829858e-05,5.369759037421318e-06,0.9999828338623047,8.05912122814334e-07,4.077903668076033e-06,0.9999951124191284,vision,vision,1,0.00021571166871581227,6.678211502730846e-05,8.172244633897208e-06,0.13360296189785004,0.3035108149051666
647,yvsjCA6Y5Fc$_$17,-0.6000000238418579,-0.298492431640625,4.553374765237095e-06,2.5505091798549984e-06,0.9999929666519165,0.008311562240123749,0.026142418384552002,-0.09296891838312149,0.6083115935325623,0.6261424422264099,0.5070310831069946,0.3212416172027588,0.3141608238220215,0.3645975887775421,vision,vision,1,0.8666666746139526,0.8571428656578064,0.9322034120559692,0.5767906904220581,0.4232093095779419,4.553374765237095e-06,2.5505091798549984e-06,0.9999929666519165,2.585315712622105e-07,1.7085438912545214e-06,0.9999980926513672,vision,vision,1,9.586679516360164e-05,2.849827433237806e-05,3.4209360819659196e-06,0.05245440825819969,0.11911133676767349
152,d6hH302o4v8$_$17,-2.0,-0.9245463609695435,1.5188795259746257e-05,6.765624675608706e-06,0.9999780654907227,-0.009029969573020935,0.11582411825656891,-0.22514468431472778,1.9909700155258179,2.1158242225646973,1.774855375289917,0.31589052081108093,0.2702447772026062,0.4138646721839905,vision,vision,1,1.0,0.8666666746139526,0.8888888955116272,0.5863966345787048,0.41360336542129517,1.5188795259746257e-05,6.765624675608706e-06,0.9999780654907227,1.172819111161516e-06,5.34715763933491e-06,0.9999934434890747,vision,vision,1,0.0002709688851609826,8.746152889216319e-05,1.0270813618262764e-05,0.14085210859775543,0.3409687876701355
56,cW1FSBF59ik$_$2,3.0,0.4110459089279175,4.342885404184926e-06,2.497338527973625e-06,0.9999932050704956,0.07305818796157837,-0.09808695316314697,-0.08319076895713806,2.9269418716430664,3.0980868339538574,3.083190679550171,0.3802306354045868,0.30699974298477173,0.3127696216106415,vision,text,0,0.9166666865348816,0.9252336621284485,0.9457364082336426,0.5794793963432312,0.4205206036567688,4.342885404184926e-06,2.497338527973625e-06,0.9999932050704956,2.1156625962248654e-07,1.5831406017241534e-06,0.9999982118606567,vision,vision,0,9.261279774364084e-05,2.616448728076648e-05,3.3507692478451645e-06,0.07740678638219833,0.17114514112472534
282,jUzDDGyPkXU$_$23,1.2000000476837158,0.624434769153595,7.184930836956482e-06,4.014239038951928e-06,0.9999887943267822,0.18370050191879272,-0.19960108399391174,-0.0699215978384018,1.0162994861602783,1.3996011018753052,1.2699216604232788,0.4259607195854187,0.26380762457847595,0.31023168563842773,vision,text,0,1.0,1.0,0.8695651888847351,0.5868479013442993,0.4131520986557007,7.184930836956482e-06,4.014239038951928e-06,0.9999887943267822,4.002220634902187e-07,2.758610662567662e-06,0.9999969005584717,vision,vision,0,0.00014616010594181716,4.4287728087510914e-05,5.382189556257799e-06,0.15918579697608948,0.38330158591270447
250,fvVhgmXxadc$_$2,-2.799999952316284,-0.6209111213684082,6.868466698506381e-06,5.203046384849586e-06,0.9999878406524658,0.022077783942222595,0.047841429710388184,-0.17696982622146606,2.822077751159668,2.847841262817383,2.623030185699463,0.3076159656047821,0.29786720871925354,0.39451679587364197,vision,vision,1,0.7647058963775635,0.9069767594337463,0.8269230723381042,0.5774149298667908,0.42258507013320923,6.868466698506381e-06,5.203046384849586e-06,0.9999878406524658,4.221881226840196e-07,3.655115733636194e-06,0.9999958276748657,vision,vision,1,0.0001570971799083054,5.610904190689325e-05,5.327077360561816e-06,0.10045663267374039,0.22481125593185425
589,wMbj6ajWbic$_$7,-1.2000000476837158,-0.541043221950531,5.295260507409694e-06,5.701175723515917e-06,0.9999890327453613,0.020248234272003174,0.04154917597770691,-0.16959819197654724,1.2202482223510742,1.2415492534637451,1.0304018259048462,0.30849379301071167,0.3003880977630615,0.3911181092262268,vision,vision,1,0.692307710647583,1.0,0.8235294222831726,0.5753475427627563,0.42465245723724365,5.295260507409694e-06,5.701175723515917e-06,0.9999890327453613,3.074523533541651e-07,3.7545914892689325e-06,0.9999959468841553,vision,vision,1,0.00014411850133910775,5.5547861848026514e-05,4.616177193383919e-06,0.09491435438394547,0.21114736795425415
170,dq3Nf_lMPnE$_$1,0.0,0.437170147895813,6.240050424821675e-06,2.771885874608415e-06,0.9999910593032837,0.1616288423538208,-0.14566724002361298,-0.09759341925382614,0.1616288423538208,0.14566724002361298,0.09759341925382614,0.3222181499004364,0.3287116289138794,0.3490702509880066,vision,vision,1,1.0,0.8793103694915771,0.930232584476471,0.5860612988471985,0.4139387011528015,6.240050424821675e-06,2.771885874608415e-06,0.9999910593032837,3.307005158603715e-07,1.813544258766342e-06,0.9999978542327881,vision,vision,1,0.00011917369556613266,3.103613926214166e-05,4.554207407636568e-06,0.134964257478714,0.30729609727859497
269,iiK8YX8oH1E$_$5,-0.4000000059604645,-0.3867967426776886,5.985702955513261e-06,2.9503389669116586e-06,0.9999910593032837,0.01562821865081787,0.030779123306274414,-0.1304764449596405,0.41562822461128235,0.4307791292667389,0.269523561000824,0.31430622935295105,0.3084096908569336,0.37728410959243774,vision,vision,1,0.9428571462631226,0.8760330677032471,0.8999999761581421,0.5785214304924011,0.4214785695075989,5.985702955513261e-06,2.9503389669116586e-06,0.9999910593032837,3.493385634101287e-07,2.0938337002007756e-06,0.9999974966049194,vision,vision,1,0.00011847396672237664,3.505729546304792e-05,4.3100571929244325e-06,0.07270907610654831,0.16125556826591492
216,f9O3YtZ2VfI$_$8,-1.7999999523162842,-0.32366690039634705,8.559223715565167e-06,3.889756953867618e-06,0.9999874830245972,0.08831079304218292,-0.06432759761810303,-0.14267855882644653,1.8883107900619507,1.7356723546981812,1.6573214530944824,0.2820909917354584,0.3413907587528229,0.37651824951171875,vision,vision,1,1.0,0.8787878751754761,0.949999988079071,0.5831586718559265,0.4168413281440735,8.559223715565167e-06,3.889756953867618e-06,0.9999874830245972,5.506312277248071e-07,2.8946922157047084e-06,0.999996542930603,vision,vision,1,0.00016082556976471096,4.828792225453071e-05,6.021187800797634e-06,0.09591282159090042,0.23098935186862946
304,k5Y_838nuGo$_$26,2.0,0.7488619089126587,5.8651376093621366e-06,2.4403898351010866e-06,0.999991774559021,0.27719739079475403,-0.27089205384254456,-0.09424646943807602,1.7228026390075684,2.2708921432495117,2.0942463874816895,0.46890988945961,0.23634643852710724,0.2947436571121216,vision,text,0,1.0,0.8500000238418579,1.0,0.5982711315155029,0.40172886848449707,5.8651376093621366e-06,2.4403898351010866e-06,0.999991774559021,3.228883542760741e-07,1.6243242271229974e-06,0.9999979734420776,vision,vision,0,0.00011039774108212441,2.8485535949585028e-05,4.18573290517088e-06,0.22841878235340118,0.5480894446372986
236,f_pcplsH_V0$_$2,1.399999976158142,0.5367761254310608,4.878593244939111e-06,2.5669573915365618e-06,0.9999924898147583,0.20523835718631744,-0.16686828434467316,-0.1228560134768486,1.1947616338729858,1.5668683052062988,1.5228559970855713,0.4363718330860138,0.27406397461891174,0.2895641624927521,vision,text,0,0.8571428656578064,0.8275862336158752,0.8571428656578064,0.5860162377357483,0.4139837622642517,4.878593244939111e-06,2.5669573915365618e-06,0.9999924898147583,2.611978118238767e-07,1.7536872292112093e-06,0.9999979734420776,vision,vision,0,0.00010020248009823263,2.9209008062025532e-05,3.6380977235239698e-06,0.166014164686203,0.3721066415309906
181,etzxEpPuc6I$_$13,-2.200000047683716,-0.4386291205883026,6.438569471356459e-06,3.0526659884344554e-06,0.9999904632568359,0.04232258349657059,0.0042807310819625854,-0.17177659273147583,2.2423226833343506,2.2042808532714844,2.0282235145568848,0.2980131208896637,0.3125267028808594,0.38946017622947693,vision,vision,1,0.9722222089767456,0.8787878751754761,0.8857142925262451,0.5806693434715271,0.4193306565284729,6.438569471356459e-06,3.0526659884344554e-06,0.9999904632568359,3.4880622479249723e-07,2.0900631625409005e-06,0.9999974966049194,vision,vision,1,0.00012524558405857533,3.5004377423319966e-05,4.695238203566987e-06,0.09326295554637909,0.21409916877746582
237,f_pcplsH_V0$_$5,1.2000000476837158,0.01289799902588129,3.921627012459794e-06,2.5209985778928967e-06,0.9999935626983643,0.044287003576755524,-0.02094445377588272,-0.09835878759622574,1.1557130813598633,1.2209445238113403,1.2983587980270386,0.3625313937664032,0.3341439366340637,0.30332469940185547,vision,text,0,0.8421052694320679,0.9032257795333862,0.9285714030265808,0.577079176902771,0.422920823097229,3.921627012459794e-06,2.5209985778928967e-06,0.9999935626983643,2.1213314482793066e-07,1.7304336097367923e-06,0.9999979734420776,vision,vision,0,8.773549052421004e-05,2.8224365451023914e-05,2.9702675874432316e-06,0.05830565467476845,0.14264579117298126
65,cW1FSBF59ik$_$13,2.0,0.47995203733444214,4.793231710209511e-06,2.2450199139711913e-06,0.9999929666519165,0.075874462723732,-0.0820319876074791,-0.10830029845237732,1.9241255521774292,2.0820319652557373,2.10830020904541,0.38237464427948,0.31388217210769653,0.3037431538105011,vision,text,0,1.0,0.9113923907279968,0.957446813583374,0.5812179446220398,0.4187820553779602,4.793231710209511e-06,2.2450199139711913e-06,0.9999929666519165,2.2977856417583098e-07,1.4254090956455912e-06,0.9999983310699463,vision,vision,0,9.492284152656794e-05,2.4349108571186662e-05,3.5824941733153537e-06,0.08133935928344727,0.18417476117610931
162,d6hH302o4v8$_$33,-3.0,-0.8995004892349243,1.2634414815693162e-05,7.383940101135522e-06,0.9999799728393555,0.0005003213882446289,0.05817154049873352,-0.18859431147575378,3.000500202178955,3.058171510696411,2.811405658721924,0.3127845823764801,0.29102978110313416,0.39618566632270813,vision,vision,1,1.0,1.0,1.0,0.5843316316604614,0.4156683683395386,1.2634414815693162e-05,7.383940101135522e-06,0.9999799728393555,1.0086159818456508e-06,5.753636287408881e-06,0.9999933242797852,vision,vision,1,0.00024976173881441355,9.000317368190736e-05,8.869181328918785e-06,0.10539667308330536,0.2467658519744873
60,cW1FSBF59ik$_$6,1.2000000476837158,0.32805073261260986,3.6898002235830063e-06,2.9678055852855323e-06,0.9999933242797852,0.09610991925001144,-0.09964153915643692,-0.08499417454004288,1.1038901805877686,1.2996416091918945,1.2849942445755005,0.3875424265861511,0.30342549085617065,0.309032142162323,vision,text,0,0.75,0.9230769276618958,0.9333333373069763,0.578537106513977,0.42146289348602295,3.6898002235830063e-06,2.9678055852855323e-06,0.9999933242797852,1.835647225334469e-07,1.859349140431732e-06,0.9999978542327881,vision,vision,0,9.058820432983339e-05,2.95079116767738e-05,3.048215148737654e-06,0.08902675658464432,0.19575145840644836
97,cXypl4FnoZo$_$14,-0.6000000238418579,0.1303676813840866,4.781829375133384e-06,2.6757943487609737e-06,0.9999926090240479,0.03532993048429489,-0.0306355282664299,-0.08007534593343735,0.6353299617767334,0.5693644881248474,0.5199247002601624,0.3085341453552246,0.3350532054901123,0.3564126193523407,vision,vision,1,0.8965517282485962,0.8918918967247009,0.9101123809814453,0.5761162042617798,0.4238837957382202,4.781829375133384e-06,2.6757943487609737e-06,0.9999926090240479,2.4442584845019155e-07,1.749377702253696e-06,0.9999979734420776,vision,vision,1,0.00010028549877461046,2.891819713113364e-05,3.609412942751078e-06,0.047274746000766754,0.11540527641773224
365,nbWiPyCm4g0$_$3,-1.7999999523162842,-0.8154808282852173,1.3933424270362593e-05,5.9878930187551305e-06,0.999980092048645,0.011183373630046844,0.05732615292072296,-0.20492514967918396,1.8111833333969116,1.8573261499404907,1.5950747728347778,0.3073050379753113,0.29008162021636963,0.4026133120059967,vision,vision,1,1.0,0.8666666746139526,0.800000011920929,0.5809748768806458,0.41902512311935425,1.3933424270362593e-05,5.9878930187551305e-06,0.999980092048645,9.460635510549764e-07,4.575028015096905e-06,0.9999945163726807,vision,vision,1,0.0002476894878782332,7.483598164981231e-05,9.608183972886764e-06,0.11431331187486649,0.2622513175010681
593,wMbj6ajWbic$_$11,0.4000000059604645,-0.7944733500480652,7.994431143742986e-06,3.881517841364257e-06,0.9999880790710449,-0.019699707627296448,0.0292949378490448,-0.17290300130844116,0.4196997284889221,0.3707050681114197,0.572903037071228,0.34615564346313477,0.3680180311203003,0.28582635521888733,vision,audio,0,1.0,0.9230769276618958,0.978723406791687,0.582383930683136,0.417616069316864,7.994431143742986e-06,3.881517841364257e-06,0.9999880790710449,5.231994464338641e-07,2.908855776695418e-06,0.9999966621398926,vision,vision,0,0.00015409057959914207,4.7966525016818196e-05,5.6756543926894665e-06,0.0861237645149231,0.20219793915748596
494,tStelxIAHjw$_$16,0.800000011920929,1.3107445240020752,1.0099567589350045e-05,4.8120914470928255e-06,0.9999850988388062,0.5041040182113647,-0.5501120090484619,-0.08804655075073242,0.2958959937095642,1.350111961364746,0.8880465626716614,0.5731461048126221,0.15344937145709991,0.2734045386314392,vision,text,0,1.0,0.8888888955116272,0.9090909361839294,0.6171623468399048,0.3828376531600952,1.0099567589350045e-05,4.8120914470928255e-06,0.9999850988388062,5.555115194511018e-07,3.0795852126175305e-06,0.9999963045120239,vision,vision,0,0.00018997765437234193,5.075896478956565e-05,7.49407809053082e-06,0.43147268891334534,1.0542160272598267
356,lXPQBPVc5Cw$_$15,-2.799999952316284,-0.7889953851699829,7.235312295961194e-06,4.739525593322469e-06,0.9999879598617554,0.02116001397371292,0.06021997332572937,-0.22515061497688293,2.821160078048706,2.860219955444336,2.5748493671417236,0.3018505871295929,0.28746679425239563,0.4106825888156891,vision,vision,1,0.8333333134651184,0.8999999761581421,0.9166666865348816,0.5830091834068298,0.41699081659317017,7.235312295961194e-06,4.739525593322469e-06,0.9999879598617554,4.6212511506382725e-07,3.4665501971176127e-06,0.9999960660934448,vision,vision,1,0.00015576567966490984,5.423792390502058e-05,5.384131782193435e-06,0.12632891535758972,0.2853705883026123
270,iiK8YX8oH1E$_$4,-2.0,-0.8138977289199829,6.4772666519274935e-06,3.8139778553158976e-06,0.9999897480010986,0.0019745975732803345,0.056484609842300415,-0.22248575091362,2.001974582672119,2.0564846992492676,1.7775142192840576,0.3069345951080322,0.28671738505363464,0.40634801983833313,vision,vision,1,0.8823529481887817,0.8863636255264282,0.9811320900917053,0.5848762392997742,0.41512376070022583,6.4772666519274935e-06,3.8139778553158976e-06,0.9999897480010986,4.201973524686764e-07,2.7019948447559727e-06,0.9999967813491821,vision,vision,1,0.00013520361972041428,4.4012027501594275e-05,4.734133653983008e-06,0.12072846293449402,0.2789703607559204
349,lXPQBPVc5Cw$_$6,-1.399999976158142,-0.8327968716621399,6.886027676955564e-06,3.9493379517807625e-06,0.9999891519546509,-0.0052298083901405334,0.058015093207359314,-0.19175755977630615,1.3947701454162598,1.4580150842666626,1.208242416381836,0.31381696462631226,0.28996309638023376,0.396219938993454,vision,vision,1,0.9166666865348816,0.9200000166893005,0.8999999761581421,0.5816782116889954,0.41832178831100464,6.886027676955564e-06,3.9493379517807625e-06,0.9999891519546509,4.3267999672025326e-07,2.8963713702978566e-06,0.9999966621398926,vision,vision,1,0.00014181295409798622,4.659283877117559e-05,5.005500042898348e-06,0.10602877289056778,0.24977265298366547
110,d3_k5Xpfmik$_$19,0.20000000298023224,0.17777304351329803,5.5671143854851834e-06,3.028629635082325e-06,0.9999914169311523,0.014782674610614777,-0.05386941879987717,-0.06897430121898651,0.18521732091903687,0.2538694143295288,0.26897430419921875,0.3548160493373871,0.3256373107433319,0.3195466101169586,vision,text,0,0.970588207244873,0.9537037014961243,0.8837209343910217,0.5745551586151123,0.4254448413848877,5.5671143854851834e-06,3.028629635082325e-06,0.9999914169311523,2.747298424310429e-07,1.9882413653249387e-06,0.9999977350234985,vision,vision,0,0.00011440354865044355,3.249780274927616e-05,4.216954948788043e-06,0.03644859045743942,0.08375697582960129
290,jUzDDGyPkXU$_$9,2.799999952316284,1.2404861450195312,6.081918400013819e-06,2.8802469387301244e-06,0.9999910593032837,0.25284868478775024,-0.16596753895282745,-0.11620456725358963,2.5471513271331787,2.9659674167633057,2.9162044525146484,0.4498659074306488,0.26651474833488464,0.28361937403678894,vision,text,0,1.0,0.9130434989929199,0.8928571343421936,0.5897543430328369,0.4102456569671631,6.081918400013819e-06,2.8802469387301244e-06,0.9999910593032837,2.982881142088445e-07,1.849999193836993e-06,0.9999977350234985,vision,vision,0,0.00011871082097059116,3.114759601885453e-05,4.4965327106183395e-06,0.18681056797504425,0.4188162088394165
541,vvZ4IcEtiZc$_$10,-2.0,-0.04713968560099602,5.217134003032697e-06,3.824574378086254e-06,0.9999909400939941,0.044069454073905945,0.0027344971895217896,-0.11401775479316711,2.044069528579712,2.002734422683716,1.8859822750091553,0.30566897988319397,0.32187768816947937,0.37245336174964905,vision,vision,1,0.8500000238418579,0.9791666865348816,0.859649121761322,0.5756985545158386,0.4243014454841614,5.217134003032697e-06,3.824574378086254e-06,0.9999909400939941,2.8168469157208165e-07,2.597292223072145e-06,0.9999971389770508,vision,vision,1,0.00012020680878777057,4.04935963160824e-05,4.120538505958393e-06,0.06694212555885315,0.15808720886707306
165,dq3Nf_lMPnE$_$10,1.0,0.8029235601425171,4.873824764217716e-06,3.874517460644711e-06,0.9999911785125732,0.26419222354888916,-0.2364206463098526,-0.0889621376991272,0.7358077764511108,1.2364206314086914,1.0889620780944824,0.4591453969478607,0.24557462334632874,0.29528000950813293,vision,text,0,0.800000011920929,0.96875,0.8421052694320679,0.5894277095794678,0.4105722904205322,4.873824764217716e-06,3.874517460644711e-06,0.9999911785125732,2.4483716742906836e-07,2.4854593903000932e-06,0.9999972581863403,vision,vision,0,0.00011669700325001031,3.852409281535074e-05,4.032573542644968e-06,0.21004636585712433,0.5006128549575806
149,d6hH302o4v8$_$12,1.399999976158142,0.023303905501961708,4.8105775931617245e-06,2.5616709535825066e-06,0.9999927282333374,0.06752260774374008,-0.013860359787940979,-0.09656627476215363,1.332477331161499,1.4138603210449219,1.4965662956237793,0.3679404556751251,0.3323512375354767,0.2997083365917206,vision,text,0,0.8888888955116272,0.8571428656578064,0.9599999785423279,0.5795467495918274,0.4204532504081726,4.8105775931617245e-06,2.5616709535825066e-06,0.9999927282333374,2.724812304677471e-07,1.7774957541405456e-06,0.9999979734420776,vision,vision,0,9.913694520946592e-05,2.966009378724266e-05,3.5224936709710164e-06,0.0669897273182869,0.1640888750553131
38,cM3Yna7AavY$_$14,-2.5999999046325684,-0.8183906674385071,5.888077339477604e-06,3.224736019546981e-06,0.9999909400939941,-0.014039397239685059,0.09896120429039001,-0.21282342076301575,2.5859603881835938,2.698961019515991,2.387176513671875,0.31742537021636963,0.27561143040657043,0.40696313977241516,vision,vision,1,0.8888888955116272,0.8695651888847351,1.0,0.5868434309959412,0.41315656900405884,5.888077339477604e-06,3.224736019546981e-06,0.9999909400939941,3.834793744772469e-07,2.4014891550905304e-06,0.9999972581863403,vision,vision,1,0.00012072322715539485,3.94613562093582e-05,4.215312856103992e-06,0.12888145446777344,0.31178462505340576
89,cXypl4FnoZo$_$6,-0.6000000238418579,-0.1457901895046234,6.05005197940045e-06,3.366558303241618e-06,0.9999905824661255,0.052988216280937195,0.00899370014667511,-0.1427595019340515,0.6529882550239563,0.6089937090873718,0.4572405219078064,0.2999623715877533,0.3169202506542206,0.3831174373626709,vision,vision,1,0.9473684430122375,0.9411764740943909,0.8833333253860474,0.5791471600532532,0.4208528399467468,6.05005197940045e-06,3.366558303241618e-06,0.9999905824661255,3.4253071135026403e-07,2.3856700863689184e-06,0.9999972581863403,vision,vision,1,0.00012451565999072045,3.8706155464751646e-05,4.454710051504662e-06,0.0838528648018837,0.1957477182149887
334,lXPQBPVc5Cw$_$25,-2.4000000953674316,-0.5438441634178162,7.518219717894681e-06,3.6076253309147432e-06,0.9999889135360718,0.03005249798297882,0.03469488024711609,-0.16700124740600586,2.4300525188446045,2.43469500541687,2.232998847961426,0.3054816722869873,0.3037140667438507,0.3908042907714844,vision,vision,1,0.95652174949646,0.8644067645072937,0.9268292784690857,0.5811957120895386,0.4188042879104614,7.518219717894681e-06,3.6076253309147432e-06,0.9999889135360718,4.2028210600619786e-07,2.397326625214191e-06,0.9999971389770508,vision,vision,1,0.00014498016389552504,4.00360586354509e-05,5.511225936061237e-06,0.09400535374879837,0.20169612765312195
151,d6hH302o4v8$_$14,-1.7999999523162842,-0.9737654328346252,1.0536983609199524e-05,4.996351435693214e-06,0.9999845027923584,-0.0008235499262809753,0.041254982352256775,-0.24585816264152527,1.7991764545440674,1.8412549495697021,1.5541417598724365,0.3023759126663208,0.2868824601173401,0.4107416272163391,vision,vision,1,1.0,0.8965517282485962,0.8857142925262451,0.5839831233024597,0.4160168766975403,1.0536983609199524e-05,4.996351435693214e-06,0.9999845027923584,6.653418722635251e-07,3.593074325181078e-06,0.9999957084655762,vision,vision,1,0.00019722693832591176,5.87793329032138e-05,7.493530574720353e-06,0.12659932672977448,0.28711313009262085
154,d6hH302o4v8$_$19,-2.799999952316284,-0.7523173093795776,4.557652118819533e-06,3.7935403724986827e-06,0.9999916553497314,0.03598754107952118,0.03950190544128418,-0.19931063055992126,2.8359875679016113,2.8395018577575684,2.60068941116333,0.2996196150779724,0.29830631613731384,0.40207409858703613,vision,vision,1,0.75,0.9333333373069763,0.9729729890823364,0.581405520439148,0.41859447956085205,4.557652118819533e-06,3.7935403724986827e-06,0.9999916553497314,2.7615897124633193e-07,2.6668083137337817e-06,0.9999971389770508,vision,vision,1,0.00011172961967531592,4.1239341953769326e-05,3.6306178117229138e-06,0.11175817251205444,0.23881253600120544
223,f9O3YtZ2VfI$_$17,-2.0,0.27894049882888794,5.292307832860388e-06,2.8581812330230605e-06,0.9999918937683105,0.10967869311571121,-0.2257879078388214,-0.06358513236045837,2.1096787452697754,1.774212121963501,1.9364148378372192,0.26576170325279236,0.4042094647884369,0.33002880215644836,vision,audio,0,0.9411764740943909,0.9178082346916199,0.9122806787490845,0.5858134031295776,0.41418659687042236,5.292307832860388e-06,2.8581812330230605e-06,0.9999918937683105,2.8312280164755066e-07,1.926096274473821e-06,0.9999978542327881,vision,vision,0,0.00010886944073718041,3.174217272317037e-05,3.96724499296397e-06,0.13697847723960876,0.335466593503952
331,k5Y_838nuGo$_$31,-1.0,-0.5951724052429199,5.283546670398209e-06,3.106335952907102e-06,0.9999916553497314,-0.002644747495651245,0.06874832510948181,-0.16835105419158936,0.9973552227020264,1.0687483549118042,0.8316489458084106,0.31798821687698364,0.29083988070487976,0.3911719024181366,vision,vision,1,0.8461538553237915,0.8695651888847351,0.9629629850387573,0.5822852253913879,0.41771477460861206,5.283546670398209e-06,3.106335952907102e-06,0.9999916553497314,3.3325244430670864e-07,2.2765007088310085e-06,0.9999973773956299,vision,vision,1,0.00011191931844223291,3.7151297874515876e-05,3.834058588836342e-06,0.09931524842977524,0.23709937930107117
101,cXypl4FnoZo$_$18,-0.25,-0.7970247864723206,7.48738875699928e-06,4.371359864308033e-06,0.9999880790710449,-0.0028480514883995056,0.04289393126964569,-0.1797742247581482,0.2471519410610199,0.2928939461708069,0.0702257752418518,0.31328845024108887,0.2958779036998749,0.39083370566368103,vision,vision,1,0.9523809552192688,0.9589040875434875,0.9080459475517273,0.5808485746383667,0.4191514253616333,7.48738875699928e-06,4.371359864308033e-06,0.9999880790710449,4.459164415493433e-07,2.9383652417891426e-06,0.999996542930603,vision,vision,1,0.0001542137033538893,4.738577626994811e-05,5.646108547807671e-06,0.09601869434118271,0.22266815602779388
99,cXypl4FnoZo$_$16,-0.6000000238418579,-0.7602750658988953,8.983985026134178e-06,5.739516382163856e-06,0.9999853372573853,0.02412106841802597,0.05116993188858032,-0.2194916307926178,0.6241210699081421,0.6511699557304382,0.3805083930492401,0.3009580373764038,0.2909524440765381,0.4080895483493805,vision,vision,1,0.8620689511299133,0.9166666865348816,0.9137930870056152,0.5825164318084717,0.4174835681915283,8.983985026134178e-06,5.739516382163856e-06,0.9999853372573853,5.998152801112155e-07,4.276064828445669e-06,0.9999951124191284,vision,vision,1,0.0001883024233393371,6.632375880144536e-05,6.540927643072791e-06,0.12171755731105804,0.2706615626811981
387,nzpVDcQ0ywM$_$11,0.0,-0.18469668924808502,5.527905159397051e-06,3.2353859751310665e-06,0.9999912977218628,0.03366275876760483,0.008143976330757141,-0.08934397995471954,0.03366275876760483,0.008143976330757141,0.08934397995471954,0.3372478783130646,0.3481789827346802,0.31457316875457764,vision,audio,0,0.9230769276618958,0.9411764740943909,0.9756097793579102,0.5780200362205505,0.42197996377944946,5.527905159397051e-06,3.2353859751310665e-06,0.9999912977218628,3.280329679000715e-07,2.252207195851952e-06,0.9999973773956299,vision,vision,0,0.00011650111991912127,3.678715438582003e-05,4.087574779987335e-06,0.053004998713731766,0.12300673872232437
336,lXPQBPVc5Cw$_$27,-2.799999952316284,-0.8641549348831177,9.677863999968395e-06,5.534500814974308e-06,0.999984860420227,-0.012571603059768677,0.06315834820270538,-0.21199694275856018,2.787428379058838,2.8631582260131836,2.588002920150757,0.31320634484291077,0.28491753339767456,0.4018761217594147,vision,vision,1,0.9375,0.9354838728904724,0.8947368264198303,0.5827282071113586,0.41727179288864136,9.677863999968395e-06,5.534500814974308e-06,0.999984860420227,6.387475082192395e-07,3.958707566198427e-06,0.9999954700469971,vision,vision,1,0.00019384930783417076,6.286568532232195e-05,7.074845598253887e-06,0.11605359613895416,0.27515530586242676
616,yDtzw_Y-7RU$_$9,-1.0,-0.5717238187789917,4.401668320497265e-06,3.5226946693001082e-06,0.9999920129776001,0.0296991765499115,0.030704781413078308,-0.17233812808990479,1.0296992063522339,1.0307047367095947,0.8276618719100952,0.3043173551559448,0.30393511056900024,0.3917475640773773,vision,vision,1,0.75,0.9117646813392639,0.9491525292396545,0.5793840289115906,0.4206159710884094,4.401668320497265e-06,3.5226946693001082e-06,0.9999920129776001,2.518906399018306e-07,2.395069486738066e-06,0.9999973773956299,vision,vision,1,0.00010648707393556833,3.742733315448277e-05,3.5472737636155216e-06,0.09547920525074005,0.2030429095029831
467,rnaNMUZpvvg$_$16,-1.7999999523162842,-0.507452130317688,7.174150596256368e-06,2.658719722603564e-06,0.9999902248382568,-0.008243650197982788,0.07288694381713867,-0.15768888592720032,1.791756272315979,1.8728868961334229,1.6423110961914062,0.3216516375541687,0.2906314432621002,0.3877169191837311,vision,vision,1,1.0,0.7857142686843872,0.9411764740943909,0.5835216641426086,0.41647833585739136,7.174150596256368e-06,2.658719722603564e-06,0.9999902248382568,4.499233057231322e-07,1.9301814973005094e-06,0.999997615814209,vision,vision,1,0.00012886489275842905,3.433671372476965e-05,4.947914021613542e-06,0.0954994335770607,0.230575829744339
435,phBUpBr1hSo$_$19,2.0,0.6449795961380005,7.387872301478637e-06,2.8366032438498223e-06,0.9999897480010986,0.21395345032215118,-0.3586122989654541,-0.03805883601307869,1.7860465049743652,2.358612298965454,2.0380587577819824,0.4507298469543457,0.22033758461475372,0.32893258333206177,vision,text,0,1.0,0.800000011920929,0.9166666865348816,0.5973873138427734,0.40261268615722656,7.387872301478637e-06,2.8366032438498223e-06,0.9999897480010986,4.3980440977975377e-07,1.9441999938862864e-06,0.999997615814209,vision,vision,0,0.00013375630078371614,3.4369222703389823e-05,5.236095148575259e-06,0.23430661857128143,0.5725657343864441
95,cXypl4FnoZo$_$12,2.0,0.9408872127532959,7.0421770033135545e-06,3.5625275813799817e-06,0.99998939037323,0.22530826926231384,-0.23842355608940125,-0.10279875993728638,1.7746917009353638,2.2384235858917236,2.1027987003326416,0.44971156120300293,0.25187715888023376,0.2984112799167633,vision,text,0,1.0,0.9523809552192688,0.8163265585899353,0.5892483592033386,0.4107516407966614,7.0421770033135545e-06,3.5625275813799817e-06,0.99998939037323,3.607250960158126e-07,2.3247457647812553e-06,0.9999972581863403,vision,vision,0,0.00013882716302759945,3.822974758804776e-05,5.262349077383988e-06,0.1946779489517212,0.4637318253517151
524,v0zCBqDeKcE$_$11,1.600000023841858,0.4710974395275116,5.254792085906956e-06,2.4040391508606263e-06,0.9999923706054688,0.17618538439273834,-0.1749662458896637,-0.09649444371461868,1.4238146543502808,1.7749662399291992,1.696494460105896,0.42446884512901306,0.2736634612083435,0.30186769366264343,vision,text,0,0.96875,0.8648648858070374,0.9069767594337463,0.5870956182479858,0.41290438175201416,5.254792085906956e-06,2.4040391508606263e-06,0.9999923706054688,2.659274684901902e-07,1.5676090470151394e-06,0.9999982118606567,vision,vision,0,0.00010259291593683884,2.6747104129754007e-05,3.88885018764995e-06,0.15048794448375702,0.35115164518356323
419,pLTX3ipuDJI$_$3,-1.2000000476837158,-0.5530944466590881,8.70974145072978e-06,6.301760095084319e-06,0.9999849796295166,0.0076999664306640625,0.04371413588523865,-0.16866010427474976,1.2077000141143799,1.2437142133712769,1.0313398838043213,0.3122445046901703,0.2984996736049652,0.3892558813095093,vision,vision,1,0.8695651888847351,0.9811320900917053,0.75,0.5755882263183594,0.4244117736816406,8.70974145072978e-06,6.301760095084319e-06,0.9999849796295166,5.361956709748483e-07,4.526729753706604e-06,0.9999949932098389,vision,vision,1,0.00019193964544683695,6.843260780442506e-05,6.654051958321361e-06,0.09279769659042358,0.2123742401599884
600,wMbj6ajWbic$_$16,-0.4000000059604645,-0.3643939793109894,5.9445433180371765e-06,3.253789145674091e-06,0.9999908208847046,0.011068128049373627,0.019313104450702667,-0.13748961687088013,0.4110681414604187,0.41931310296058655,0.26251038908958435,0.3131062090396881,0.3098958730697632,0.3769978880882263,vision,vision,1,0.9200000166893005,0.9014084339141846,0.8235294222831726,0.5761104822158813,0.42388951778411865,5.9445433180371765e-06,3.253789145674091e-06,0.9999908208847046,3.2225631230176077e-07,2.2124440874904394e-06,0.9999973773956299,vision,vision,1,0.00012180388148408383,3.622898293542676e-05,4.406714651850052e-06,0.07205282151699066,0.1568027138710022
54,cW1FSBF59ik$_$1,-2.5999999046325684,-0.6419855952262878,5.801623956358526e-06,3.35924664796039e-06,0.9999908208847046,0.017371833324432373,0.0486471951007843,-0.17312955856323242,2.6173717975616455,2.6486470699310303,2.426870346069336,0.30954673886299133,0.29767873883247375,0.3927745223045349,vision,vision,1,0.8636363744735718,0.8695651888847351,0.9156626462936401,0.5807294845581055,0.41927051544189453,5.801623956358526e-06,3.35924664796039e-06,0.9999908208847046,3.170553952713817e-07,2.2358399291988462e-06,0.9999973773956299,vision,vision,1,0.00012145069194957614,3.643753007054329e-05,4.388162324175937e-06,0.0980101227760315,0.22177675366401672
127,d6hH302o4v8$_$20,1.0,0.21701909601688385,4.605078629538184e-06,2.793222620312008e-06,0.9999926090240479,0.07581394910812378,-0.04274529591202736,-0.08798018842935562,0.9241860508918762,1.0427453517913818,1.0879801511764526,0.37353622913360596,0.3220851421356201,0.3043786287307739,vision,text,0,0.8571428656578064,0.8999999761581421,0.9166666865348816,0.577911376953125,0.422088623046875,4.605078629538184e-06,2.793222620312008e-06,0.9999926090240479,2.52324980465346e-07,1.902741701087507e-06,0.9999978542327881,vision,vision,0,9.968040831154212e-05,3.102276605204679e-05,3.4961476558237337e-06,0.06906599551439285,0.1637941300868988
519,tmZoasNr4rU$_$4,-0.800000011920929,-0.8874214887619019,5.954528205620591e-06,3.507487463139114e-06,0.9999905824661255,-0.012674078345298767,0.0398147851228714,-0.18573155999183655,0.787325918674469,0.8398147821426392,0.61426842212677,0.3146635890007019,0.2946808934211731,0.3906554877758026,vision,vision,1,0.875,0.8936170339584351,0.9285714030265808,0.581106424331665,0.41889357566833496,5.954528205620591e-06,3.507487463139114e-06,0.9999905824661255,3.4974010532096145e-07,2.4532273528166115e-06,0.9999971389770508,vision,vision,1,0.0001250947534572333,3.9731494325678796e-05,4.405186700751074e-06,0.09636455029249191,0.22554634511470795
274,iiK8YX8oH1E$_$8,-1.0,0.6207588315010071,7.072386779327644e-06,2.924167347373441e-06,0.9999899864196777,0.24677816033363342,-0.34506863355636597,-0.056194011121988297,1.246778130531311,0.654931366443634,0.943805992603302,0.21949361264705658,0.4599563479423523,0.32055002450942993,vision,audio,0,1.0,0.84375,0.8947368264198303,0.5973302721977234,0.4026697278022766,7.072386779327644e-06,2.924167347373441e-06,0.9999899864196777,4.047157347031316e-07,2.0177842543489533e-06,0.999997615814209,vision,vision,0,0.00013112841406837106,3.4782016882672906e-05,5.067816346127074e-06,0.2416432946920395,0.5918468236923218
117,d3_k5Xpfmik$_$7,0.4000000059604645,-0.16498996317386627,4.232088031130843e-06,3.1730780847283313e-06,0.9999924898147583,0.04317036271095276,-0.012511253356933594,-0.10515821725130081,0.3568296432495117,0.41251125931739807,0.5051582455635071,0.3618563115596771,0.3375268876552582,0.3006168007850647,vision,text,0,0.75,0.891566276550293,0.8928571343421936,0.5755611658096313,0.42443883419036865,4.232088031130843e-06,3.1730780847283313e-06,0.9999924898147583,2.3523102754552383e-07,2.1580733573500765e-06,0.999997615814209,vision,vision,0,0.0001000267657218501,3.4109536500182e-05,3.379287136340281e-06,0.06117848679423332,0.14832857251167297
39,cM3Yna7AavY$_$16,-2.799999952316284,-0.7541812658309937,8.374799108423758e-06,3.654361762528424e-06,0.9999879598617554,0.031085968017578125,0.04073944687843323,-0.2103000283241272,2.8310859203338623,2.8407394886016846,2.5896999835968018,0.2993828058242798,0.2957919239997864,0.40482527017593384,vision,vision,1,1.0,0.8571428656578064,0.8823529481887817,0.5827077031135559,0.4172922968864441,8.374799108423758e-06,3.654361762528424e-06,0.9999879598617554,5.033783736507758e-07,2.6493271434446797e-06,0.9999969005584717,vision,vision,1,0.0001556749630253762,4.440006159711629e-05,5.939051334280521e-06,0.11613268405199051,0.2510394752025604
189,etzxEpPuc6I$_$1,0.4000000059604645,-0.6950785517692566,9.445308933209162e-06,5.2870263971271925e-06,0.9999853372573853,0.04854835569858551,0.027811408042907715,-0.24151527881622314,0.3514516353607178,0.37218859791755676,0.6415152549743652,0.3744910657405853,0.36490851640701294,0.26060041785240173,vision,text,0,0.9629629850387573,0.9452054500579834,0.8620689511299133,0.5829225182533264,0.4170774817466736,9.445308933209162e-06,5.2870263971271925e-06,0.9999853372573853,5.451876177176018e-07,3.8108153148641577e-06,0.9999955892562866,vision,vision,0,0.00018816351075656712,5.980369314784184e-05,6.876111001474783e-06,0.13212105631828308,0.29006361961364746
134,d6hH302o4v8$_$41,-2.4000000953674316,-0.9289759397506714,9.489723197475541e-06,4.8878364395932294e-06,0.9999855756759644,-0.01312302052974701,0.06421172618865967,-0.2072714865207672,2.3868770599365234,2.464211940765381,2.1927285194396973,0.31421589851379395,0.2852631211280823,0.40052101016044617,vision,vision,1,1.0,0.9473684430122375,0.95652174949646,0.5846320986747742,0.41536790132522583,9.489723197475541e-06,4.8878364395932294e-06,0.9999855756759644,6.181192588883277e-07,3.529292143866769e-06,0.9999958276748657,vision,vision,1,0.00018392791389487684,5.729759868700057e-05,6.827383003837895e-06,0.11420129239559174,0.2714832127094269
377,nzpVDcQ0ywM$_$23,2.0,0.561626136302948,5.284418421069859e-06,3.071194441872649e-06,0.9999916553497314,0.22671455144882202,-0.34428706765174866,-0.048090945929288864,1.7732853889465332,2.344287157058716,2.048090934753418,0.45473530888557434,0.22273066639900208,0.3225339651107788,vision,text,0,0.875,0.8947368264198303,0.9090909361839294,0.5953226089477539,0.4046773910522461,5.284418421069859e-06,3.071194441872649e-06,0.9999916553497314,3.123892042822263e-07,2.1602309061563574e-06,0.9999974966049194,vision,vision,0,0.0001115183113142848,3.534370625857264e-05,3.908082817360992e-06,0.2331649512052536,0.5710016489028931
11,c7UH_rxdZv4$_$3,-0.800000011920929,-0.6342073678970337,3.840898352791555e-05,2.0770819901372306e-05,0.9999408721923828,0.0751466453075409,-0.11689545959234238,-0.1499667465686798,0.8751466274261475,0.6831045746803284,0.6500332355499268,0.27806442975997925,0.35350775718688965,0.36842775344848633,vision,vision,1,1.0,0.9090909361839294,0.9230769276618958,0.5821696519851685,0.41783034801483154,3.840898352791555e-05,2.0770819901372306e-05,0.9999408721923828,4.18442459704238e-06,1.806922591640614e-05,0.999977707862854,vision,vision,1,0.0006735688075423241,0.00027143186889588833,2.4587276129750535e-05,0.09924712032079697,0.2251133918762207
408,ob23OKe5a9Q$_$6,0.0,-0.7064117789268494,7.851353075238876e-06,4.695782990893349e-06,0.9999874830245972,0.007513582706451416,0.047435373067855835,-0.19763880968093872,0.007513582706451416,0.047435373067855835,0.19763880968093872,0.3649906516075134,0.34722381830215454,0.28778547048568726,vision,text,0,0.9200000166893005,0.942307710647583,0.920634925365448,0.581935703754425,0.41806429624557495,7.851353075238876e-06,4.695782990893349e-06,0.9999874830245972,4.912484996566491e-07,3.350338602103875e-06,0.9999961853027344,vision,vision,0,0.00016240002878475934,5.3166710131336004e-05,5.802608939120546e-06,0.10736366361379623,0.24507418274879456
362,lXPQBPVc5Cw$_$30,-2.0,-0.6286023259162903,5.68010909773875e-06,3.0547093956556637e-06,0.9999911785125732,-0.01048751175403595,0.052249982953071594,-0.15808656811714172,1.9895124435424805,2.0522499084472656,1.8419134616851807,0.31977590918540955,0.29565662145614624,0.3845674693584442,vision,vision,1,0.9523809552192688,0.9230769276618958,0.9629629850387573,0.5818507075309753,0.41814929246902466,5.68010909773875e-06,3.0547093956556637e-06,0.9999911785125732,3.399455863473122e-07,2.1252922124403995e-06,0.9999974966049194,vision,vision,1,0.00011620012810453773,3.530659159878269e-05,4.195891051494982e-06,0.08816836029291153,0.21033655107021332
155,d6hH302o4v8$_$18,-2.0,-1.0389482975006104,1.1243239896430168e-05,5.130940280650975e-06,0.9999836683273315,-0.006337106227874756,0.07403002679347992,-0.2526897192001343,1.9936628341674805,2.0740299224853516,1.7473102807998657,0.3062747120857239,0.27700167894363403,0.4167235791683197,vision,vision,1,0.9090909361839294,0.7931034564971924,0.8571428656578064,0.5846682190895081,0.41533178091049194,1.1243239896430168e-05,5.130940280650975e-06,0.9999836683273315,8.116320486806217e-07,4.012565113953315e-06,0.9999951124191284,vision,vision,1,0.00020693261467386037,6.611060234718025e-05,7.664692020625807e-06,0.13900211453437805,0.3267197608947754
546,vvZ4IcEtiZc$_$5,1.2000000476837158,0.5754467844963074,5.5844370763225015e-06,3.2541720429435372e-06,0.9999911785125732,0.1556175947189331,-0.12664726376533508,-0.09110463410615921,1.0443824529647827,1.3266472816467285,1.2911046743392944,0.4102875292301178,0.2883073687553406,0.3014051616191864,vision,text,0,0.9230769276618958,0.9444444179534912,0.8604651093482971,0.5820974111557007,0.4179025888442993,5.5844370763225015e-06,3.2541720429435372e-06,0.9999911785125732,2.8756423375853046e-07,2.148985458916286e-06,0.999997615814209,vision,vision,0,0.00011746650852728635,3.474098411970772e-05,4.279787390260026e-06,0.12552493810653687,0.2822648584842682
116,d3_k5Xpfmik$_$4,-1.0,-0.6781703233718872,9.321365723735653e-06,4.0766713027551305e-06,0.9999866485595703,-0.0257585346698761,0.07040426135063171,-0.16867661476135254,0.9742414951324463,1.070404291152954,0.8313233852386475,0.324428915977478,0.2876840829849243,0.38788703083992004,vision,vision,1,1.0,0.8723404407501221,0.8214285969734192,0.5803686380386353,0.41963136196136475,9.321365723735653e-06,4.0766713027551305e-06,0.9999866485595703,5.856207963006455e-07,2.940927288364037e-06,0.9999964237213135,vision,vision,1,0.00017189505160786211,4.941833685734309e-05,6.54888344797655e-06,0.09822452813386917,0.23908087611198425
637,yvsjCA6Y5Fc$_$7,-1.7999999523162842,-0.8154449462890625,1.1442886716395151e-05,6.566712272615405e-06,0.9999819993972778,-0.01700878143310547,0.07343688607215881,-0.21994879841804504,1.7829911708831787,1.8734368085861206,1.5800511837005615,0.31428229808807373,0.2806854546070099,0.4050322473049164,vision,vision,1,1.0,1.0,0.9285714030265808,0.5845197439193726,0.41548025608062744,1.1442886716395151e-05,6.566712272615405e-06,0.9999819993972778,8.08076947578229e-07,5.134253569849534e-06,0.9999940395355225,vision,vision,1,0.00022654308122582734,7.980974623933434e-05,8.035802238737233e-06,0.12267401814460754,0.29338568449020386
335,lXPQBPVc5Cw$_$26,-2.799999952316284,-0.8888588547706604,1.126047754951287e-05,4.814740350411739e-06,0.9999840259552002,-0.0016213208436965942,0.06176936626434326,-0.22478607296943665,2.7983787059783936,2.861769199371338,2.57521390914917,0.30811232328414917,0.2846403419971466,0.40724730491638184,vision,vision,1,1.0,0.8571428656578064,0.9090909361839294,0.584731936454773,0.41526806354522705,1.126047754951287e-05,4.814740350411739e-06,0.9999840259552002,7.316780283872504e-07,3.476972324278904e-06,0.9999958276748657,vision,vision,1,0.00020320905605331063,5.819277066620998e-05,7.889429980423301e-06,0.12289784103631973,0.2865554392337799
3,c7UH_rxdZv4$_$27,-1.7999999523162842,-0.7016561031341553,6.994530394877074e-06,4.2003916860267054e-06,0.9999887943267822,0.02237166464328766,0.04299643635749817,-0.17376235127449036,1.8223716020584106,1.84299635887146,1.6262376308441162,0.3074668049812317,0.29964128136634827,0.39289185404777527,vision,vision,1,0.8695651888847351,0.8933333158493042,0.8861788511276245,0.5797266960144043,0.4202733039855957,6.994530394877074e-06,4.2003916860267054e-06,0.9999887943267822,4.179213135557802e-07,2.9597538286907366e-06,0.999996542930603,vision,vision,1,0.00014621562149841338,4.725447797682136e-05,5.188617251405958e-06,0.09768333286046982,0.21675878763198853
164,dq3Nf_lMPnE$_$11,-0.6000000238418579,0.3454821705818176,5.851535206602421e-06,3.0991911899036495e-06,0.9999910593032837,0.0904051810503006,-0.07912242412567139,-0.07655617594718933,0.6904051899909973,0.5208775997161865,0.5234438180923462,0.2883411943912506,0.3564000725746155,0.35525867342948914,vision,audio,0,0.9545454382896423,0.920634925365448,0.8947368264198303,0.5786339044570923,0.4213660955429077,5.851535206602421e-06,3.0991911899036495e-06,0.9999910593032837,3.1043330750435416e-07,2.0618183498299913e-06,0.999997615814209,vision,vision,0,0.00011873598850797862,3.4009462979156524e-05,4.378328867460368e-06,0.07931812852621078,0.16952760517597198
47,cM3Yna7AavY$_$9,-0.20000000298023224,0.2406557947397232,5.137472726346459e-06,2.4626319827802945e-06,0.9999923706054688,0.070270836353302,-0.0575837604701519,-0.09552352130413055,0.27027082443237305,0.14241623878479004,0.10447648167610168,0.29380837082862854,0.3447246253490448,0.3614669740200043,vision,vision,1,0.9444444179534912,0.8630136847496033,0.9195402264595032,0.579220175743103,0.420779824256897,5.137472726346459e-06,2.4626319827802945e-06,0.9999923706054688,2.732932387061737e-07,1.6880285329534672e-06,0.9999980926513672,vision,vision,1,0.00010198153904639184,2.8454949642764404e-05,3.7869431253056973e-06,0.07092562317848206,0.16579435765743256
285,jUzDDGyPkXU$_$2,2.5999999046325684,0.7873976230621338,8.305303708766587e-06,3.1596337066730484e-06,0.9999884366989136,0.17680861055850983,-0.1244550496339798,-0.09069821238517761,2.4231913089752197,2.724454879760742,2.6906981468200684,0.4163225591182709,0.28568243980407715,0.29799503087997437,vision,text,0,1.0,0.800000011920929,0.774193525314331,0.5824792981147766,0.4175207018852234,8.305303708766587e-06,3.1596337066730484e-06,0.9999884366989136,4.303125535898289e-07,2.084733978335862e-06,0.9999974966049194,vision,vision,0,0.00014872074825689197,3.606150858104229e-05,6.0032652982044965e-06,0.13476696610450745,0.3012636601924896
417,pLTX3ipuDJI$_$16,-1.600000023841858,-0.44869861006736755,3.91033927371609e-06,2.165084652006044e-06,0.9999939203262329,-0.014882519841194153,0.03578783571720123,-0.15136045217514038,1.5851174592971802,1.635787844657898,1.4486396312713623,0.320036917924881,0.30039507150650024,0.3795680105686188,vision,vision,1,0.8857142925262451,0.8712871074676514,0.9200000166893005,0.5794795751571655,0.4205204248428345,3.91033927371609e-06,2.165084652006044e-06,0.9999939203262329,2.0520360521913972e-07,1.4619307648899849e-06,0.9999983310699463,vision,vision,1,8.299009641632438e-05,2.4451323042740114e-05,2.9396778700174764e-06,0.07903458923101425,0.1871482878923416
461,rnaNMUZpvvg$_$10,-2.5999999046325684,-0.6881100535392761,9.048805623024236e-06,5.21969514011289e-06,0.9999856948852539,0.05174443870782852,-0.007859811186790466,-0.19373366236686707,2.6517443656921387,2.5921401977539062,2.406266212463379,0.2909950315952301,0.31350377202033997,0.3955012261867523,vision,vision,1,0.9230769276618958,0.9130434989929199,0.8518518805503845,0.5804251432418823,0.4195748567581177,9.048805623024236e-06,5.21969514011289e-06,0.9999856948852539,5.316891815709823e-07,3.628179683801136e-06,0.9999959468841553,vision,vision,1,0.000182855234015733,5.716404484701343e-05,6.786876838305034e-06,0.10454198718070984,0.245478093624115
643,yvsjCA6Y5Fc$_$13,-2.0,-0.826693594455719,9.808759386942256e-06,5.113420229463372e-06,0.9999850988388062,0.009834304451942444,0.06338879466056824,-0.209323912858963,2.0098342895507812,2.0633888244628906,1.7906761169433594,0.3076549768447876,0.2877338230609894,0.4046112298965454,vision,vision,1,1.0,0.957446813583374,0.875,0.5826637744903564,0.41733622550964355,9.808759386942256e-06,5.113420229463372e-06,0.9999850988388062,6.281644573391532e-07,3.792017878367915e-06,0.9999955892562866,vision,vision,1,0.00019029807299375534,6.0695594584103674e-05,6.997472155489959e-06,0.11797863990068436,0.27271270751953125
267,iiK8YX8oH1E$_$3,-1.25,-0.2591909170150757,6.869106528029079e-06,3.6788721899938537e-06,0.99998939037323,0.06424730271100998,-0.026175685226917267,-0.10862613469362259,1.3142472505569458,1.2238242626190186,1.141373872756958,0.297541081905365,0.3331460952758789,0.3693128526210785,vision,vision,1,0.9285714030265808,0.8888888955116272,0.9375,0.5795711278915405,0.4204288721084595,6.869106528029079e-06,3.6788721899938537e-06,0.99998939037323,4.444756314114784e-07,2.6345601327193435e-06,0.9999969005584717,vision,vision,1,0.0001382861810270697,4.342628380982205e-05,4.993042693968164e-06,0.07060030102729797,0.17287343740463257
35,cM3Yna7AavY$_$13,-1.600000023841858,-0.858182966709137,1.4681953871331643e-05,8.700685611984227e-06,0.999976634979248,0.004986777901649475,0.03780724108219147,-0.18382859230041504,1.6049867868423462,1.6378072500228882,1.4161714315414429,0.309981107711792,0.2975212633609772,0.39249762892723083,vision,vision,1,1.0,1.0,0.9375,0.5817724466323853,0.41822755336761475,1.4681953871331643e-05,8.700685611984227e-06,0.999976634979248,1.1221192153243464e-06,6.4578489400446415e-06,0.9999924898147583,vision,vision,1,0.000288119976175949,0.00010003625357057899,1.0552502317295875e-05,0.09766772389411926,0.2216358333826065
551,vvZ4IcEtiZc$_$8,-1.5,-0.4608743190765381,4.47121692559449e-06,2.8653691970248474e-06,0.9999926090240479,0.021966956555843353,0.039367809891700745,-0.17909392714500427,1.5219669342041016,1.5393677949905396,1.3209060430526733,0.30635255575180054,0.2997610569000244,0.39388641715049744,vision,vision,1,0.875,0.9344262480735779,0.9189189076423645,0.5804023146629333,0.41959768533706665,4.47121692559449e-06,2.8653691970248474e-06,0.9999926090240479,2.478412852724432e-07,2.013230869124527e-06,0.9999977350234985,vision,vision,1,9.901693556457758e-05,3.2420051866211e-05,3.4005042834905908e-06,0.09913728386163712,0.21846173703670502
158,d6hH302o4v8$_$37,-2.200000047683716,-0.7482777237892151,7.015639857854694e-05,2.1766960344393738e-05,0.9999079704284668,0.10912527143955231,-0.08124537020921707,-0.20264241099357605,2.3091254234313965,2.1187546253204346,1.9973576068878174,0.26700735092163086,0.33874234557151794,0.3942503333091736,vision,vision,1,1.0,0.625,0.8888888955116272,0.5867311954498291,0.4132688045501709,7.015639857854694e-05,2.1766960344393738e-05,0.9999079704284668,9.212351869791746e-06,2.0849302018177696e-05,0.9999699592590332,vision,vision,1,0.0009967070072889328,0.00036155496491119266,4.1283514292445034e-05,0.12831269204616547,0.31176769733428955
354,lXPQBPVc5Cw$_$13,2.799999952316284,0.02496904693543911,3.078337840634049e-06,3.2351654226658866e-06,0.9999936819076538,0.10406249016523361,-0.007409937679767609,-0.1279163658618927,2.695937395095825,2.8074100017547607,2.9279162883758545,0.3819396495819092,0.3322612941265106,0.2857990562915802,vision,text,0,0.625,0.9375,0.9444444179534912,0.5787479877471924,0.4212520122528076,3.078337840634049e-06,3.2351654226658866e-06,0.9999936819076538,1.7969344412449573e-07,2.2502899810206145e-06,0.9999974966049194,vision,vision,0,8.62627784954384e-05,3.4538468753453344e-05,2.5660724531917367e-06,0.09472890943288803,0.2319788634777069
631,yvsjCA6Y5Fc$_$23,-1.2000000476837158,-0.13511885702610016,6.152927198854741e-06,3.1503736863669474e-06,0.999990701675415,0.05044372379779816,-0.043231625109910965,-0.09892957657575607,1.2504438161849976,1.1567684412002563,1.101070523262024,0.30034443736076355,0.33765482902526855,0.36200079321861267,vision,vision,1,0.9800000190734863,0.9122806787490845,0.9130434989929199,0.5783580541610718,0.4216419458389282,6.152927198854741e-06,3.1503736863669474e-06,0.999990701675415,3.1392102073368733e-07,2.0837780994042987e-06,0.999997615814209,vision,vision,1,0.00012301361130084842,3.432364246691577e-05,4.606580205290811e-06,0.06163486838340759,0.14937329292297363
508,tmZoasNr4rU$_$15,0.25,-0.41379982233047485,6.479057901742635e-06,3.84315808332758e-06,0.9999897480010986,0.0003748685121536255,0.05145382881164551,-0.13143131136894226,0.24962513148784637,0.1985461711883545,0.38143131136894226,0.34316736459732056,0.36579275131225586,0.29103994369506836,vision,audio,0,0.8333333134651184,0.8461538553237915,0.875,0.5778174996376038,0.42218250036239624,6.479057901742635e-06,3.84315808332758e-06,0.9999897480010986,4.057275759805634e-07,2.6987684123014333e-06,0.9999969005584717,vision,vision,0,0.00013555803161580116,4.365644417703152e-05,4.790093043993693e-06,0.07704897969961166,0.18288514018058777
258,iiK8YX8oH1E$_$10,0.0,-0.26657813787460327,8.349516974703874e-06,3.9560909499414265e-06,0.9999877214431763,0.026325121521949768,0.024477794766426086,-0.1007920429110527,0.026325121521949768,0.024477794766426086,0.1007920429110527,0.3432381749153137,0.3440316319465637,0.31273019313812256,vision,audio,0,1.0,0.8999999761581421,0.8695651888847351,0.576782763004303,0.423217236995697,8.349516974703874e-06,3.9560909499414265e-06,0.9999877214431763,5.23812047958927e-07,2.7851160666614305e-06,0.9999967813491821,vision,vision,0,0.00015910674119368196,4.6399232815019786e-05,6.0188622228452004e-06,0.05949296057224274,0.12711715698242188
12,c7UH_rxdZv4$_$2,-2.5999999046325684,-0.5741670727729797,1.4815027498116251e-05,1.2201686331536621e-05,0.9999730587005615,0.06845532357692719,-0.01978209614753723,-0.13755393028259277,2.668455123901367,2.5802178382873535,2.4624459743499756,0.29322800040245056,0.3274211287498474,0.3793509602546692,vision,vision,1,0.800000011920929,0.9523809552192688,0.800000011920929,0.5758835673332214,0.42411643266677856,1.4815027498116251e-05,1.2201686331536621e-05,0.9999730587005615,1.1179666898897267e-06,8.869958037394099e-06,0.9999901056289673,vision,vision,1,0.0003297111834399402,0.00012837779649998993,1.1358572919561993e-05,0.08439052850008011,0.20600925385951996
481,tIrG4oNLFzE$_$2,2.4000000953674316,0.5729550719261169,3.882308192260098e-06,2.7632215733319754e-06,0.9999933242797852,0.16363102197647095,-0.17183223366737366,-0.08698920160531998,2.2363691329956055,2.5718324184417725,2.4869892597198486,0.41866642236709595,0.2752680480480194,0.30606555938720703,vision,text,0,0.8181818127632141,0.9333333373069763,0.9166666865348816,0.5846944451332092,0.41530555486679077,3.882308192260098e-06,2.7632215733319754e-06,0.9999933242797852,1.931739035399005e-07,1.775588089003577e-06,0.9999979734420776,vision,vision,0,9.039251017384231e-05,2.8504475267254747e-05,3.1086433409655e-06,0.14241740107536316,0.3354632556438446
79,cXypl4FnoZo$_$22,0.20000000298023224,-0.2985539138317108,5.276704087009421e-06,2.9744903713435633e-06,0.999991774559021,0.006734050810337067,0.0468059778213501,-0.15217790007591248,0.19326594471931458,0.15319402515888214,0.3521779179573059,0.34828510880470276,0.3661750257015228,0.28553980588912964,vision,audio,0,0.9333333373069763,0.9339622855186462,0.8775510191917419,0.5790616869926453,0.42093831300735474,5.276704087009421e-06,2.9744903713435633e-06,0.999991774559021,2.952926649868459e-07,2.1029873096267693e-06,0.999997615814209,vision,vision,0,0.00011018072837032378,3.4294753277208656e-05,3.898057002515998e-06,0.08592848479747772,0.19898387789726257
76,cXypl4FnoZo$_$27,0.800000011920929,0.27824902534484863,6.379250407917425e-06,3.4990398489753716e-06,0.9999901056289673,0.10811140388250351,-0.10250099003314972,-0.07839459180831909,0.6918886303901672,0.9025009870529175,0.878394603729248,0.39053553342819214,0.3001413345336914,0.30932313203811646,vision,text,0,0.9285714030265808,0.8999999761581421,0.9166666865348816,0.5807486176490784,0.41925138235092163,6.379250407917425e-06,3.4990398489753716e-06,0.9999901056289673,3.601383298246219e-07,2.3653376501897583e-06,0.9999972581863403,vision,vision,0,0.00013014438445679843,3.870723958243616e-05,4.7684575292805675e-06,0.0941176488995552,0.21061238646507263
634,yvsjCA6Y5Fc$_$2,-1.2000000476837158,-0.794712245464325,3.1519331969320774e-05,1.4584590644517448e-05,0.9999539852142334,0.03133418411016464,0.033783525228500366,-0.19402998685836792,1.2313342094421387,1.2337836027145386,1.0059700012207031,0.30099350214004517,0.3000733554363251,0.39893320202827454,vision,vision,1,1.0,0.8571428656578064,0.9117646813392639,0.5824596285820007,0.41754037141799927,3.1519331969320774e-05,1.4584590644517448e-05,0.9999539852142334,2.9648215331690153e-06,1.204428554046899e-05,0.9999849796295166,vision,vision,1,0.0005350961582735181,0.00018916325643658638,2.0696410501841456e-05,0.10681968927383423,0.2278135120868683
80,cXypl4FnoZo$_$23,0.4000000059604645,0.37110722064971924,7.218978225864703e-06,2.761152472885442e-06,0.9999899864196777,0.2599032521247864,-0.3854024112224579,-0.04166695848107338,0.1400967538356781,0.7854024171829224,0.44166696071624756,0.46897706389427185,0.20933203399181366,0.3216908574104309,vision,text,0,1.0,0.800000011920929,0.9166666865348816,0.6004891991615295,0.39951080083847046,7.218978225864703e-06,2.761152472885442e-06,0.9999899864196777,4.6710920287296176e-07,2.0569002572301542e-06,0.9999974966049194,vision,vision,0,0.00013079994823783636,3.622612348408438e-05,4.988768978364533e-06,0.26363232731819153,0.6453056335449219
620,yDtzw_Y-7RU$_$13,-1.7999999523162842,-0.6983116865158081,6.720002147631021e-06,3.5883717828255612e-06,0.9999897480010986,-0.00034642964601516724,0.05884502828121185,-0.20581316947937012,1.7996535301208496,1.8588449954986572,1.594186782836914,0.3104133605957031,0.2882751524448395,0.4013115465641022,vision,vision,1,0.95652174949646,0.9230769276618958,0.9021739363670349,0.5827654600143433,0.41723453998565674,6.720002147631021e-06,3.5883717828255612e-06,0.9999897480010986,3.910457735400996e-07,2.4797295736789238e-06,0.9999971389770508,vision,vision,1,0.0001352603721898049,4.061758954776451e-05,4.942858140566386e-06,0.11341378837823868,0.26465821266174316
473,tIrG4oNLFzE$_$12,-2.5999999046325684,-0.5444021821022034,1.2467315173125826e-05,6.279322860791581e-06,0.999981164932251,-0.0008465796709060669,0.04907640814781189,-0.14093062281608582,2.5991532802581787,2.649076223373413,2.45906925201416,0.31939953565597534,0.30007699131965637,0.3805234432220459,vision,vision,1,1.0,0.9259259104728699,0.8125,0.5777979493141174,0.42220205068588257,1.2467315173125826e-05,6.279322860791581e-06,0.999981164932251,8.276271046270267e-07,4.530416845227592e-06,0.9999946355819702,vision,vision,1,0.000234816106967628,7.268055196618661e-05,8.953081305662636e-06,0.08042837679386139,0.1900070309638977
256,fvVhgmXxadc$_$8,-0.5,-0.7993898987770081,1.761891326168552e-05,8.757961040828377e-06,0.9999736547470093,0.0249597430229187,-0.028772160410881042,-0.14644074440002441,0.5249597430229187,0.47122782468795776,0.3535592555999756,0.30226045846939087,0.32325905561447144,0.3744804859161377,vision,vision,1,1.0,0.8999999761581421,0.9166666865348816,0.5796790719032288,0.42032092809677124,1.761891326168552e-05,8.757961040828377e-06,0.9999736547470093,1.4545506701324484e-06,6.669005870207911e-06,0.9999918937683105,vision,vision,1,0.00032118227682076395,0.00010711805953178555,1.2164113286416978e-05,0.07157835364341736,0.17140048742294312
367,nbWiPyCm4g0$_$5,-1.399999976158142,0.14101500809192657,4.981933670933358e-06,3.1099589250516146e-06,0.9999918937683105,0.03719446808099747,0.034944161772727966,-0.11983618885278702,1.4371944665908813,1.4349441528320312,1.2801637649536133,0.3105884790420532,0.3114633560180664,0.37794816493988037,vision,vision,1,0.8888888955116272,0.9506173133850098,0.8854166865348816,0.5769992470741272,0.4230007529258728,4.981933670933358e-06,3.1099589250516146e-06,0.9999918937683105,2.7510685640663723e-07,2.189058250223752e-06,0.999997615814209,vision,vision,1,0.00010835118155227974,3.504806954879314e-05,3.7832578527741134e-06,0.07350030541419983,0.15703065693378448
87,cXypl4FnoZo$_$4,-0.800000011920929,-0.7608451843261719,5.123208211443853e-06,3.0381715987459756e-06,0.9999918937683105,-0.009235352277755737,0.0526624470949173,-0.17687717080116272,0.7907646894454956,0.8526624441146851,0.6231228113174438,0.316588819026947,0.29301729798316956,0.3903939127922058,vision,vision,1,0.9166666865348816,0.9295774698257446,0.9411764740943909,0.581753134727478,0.418246865272522,5.123208211443853e-06,3.0381715987459756e-06,0.9999918937683105,2.849174620678241e-07,2.0078123270650394e-06,0.9999977350234985,vision,vision,1,0.00010909346747212112,3.2878597266972065e-05,3.903302058461122e-06,0.09696709364652634,0.22953961789608002
639,yvsjCA6Y5Fc$_$9,-1.399999976158142,-0.7474520802497864,9.507120012131054e-06,6.313418907666346e-06,0.9999841451644897,0.013747557997703552,0.03739812970161438,-0.16046154499053955,1.4137475490570068,1.437398076057434,1.2395384311676025,0.3111233115196228,0.3020601272583008,0.3868165612220764,vision,vision,1,0.8421052694320679,0.9122806787490845,0.8970588445663452,0.578749418258667,0.421250581741333,9.507120012131054e-06,6.313418907666346e-06,0.9999841451644897,6.840127753093839e-07,4.594551228365162e-06,0.9999946355819702,vision,vision,1,0.00020135952217970043,7.152422040235251e-05,7.010797617112985e-06,0.08822736889123917,0.19785967469215393
180,etzxEpPuc6I$_$10,-1.399999976158142,-0.6419941186904907,5.388913905335357e-06,4.408436325320508e-06,0.9999902248382568,0.018913544714450836,0.03447675704956055,-0.1838308572769165,1.41891348361969,1.4344767332077026,1.2161691188812256,0.3058878779411316,0.29999464750289917,0.394117534160614,vision,vision,1,0.75,0.925000011920929,0.914893627166748,0.5790620446205139,0.4209379553794861,5.388913905335357e-06,4.408436325320508e-06,0.9999902248382568,3.2052250276137784e-07,3.0194371447578305e-06,0.9999966621398926,vision,vision,1,0.0001294937392231077,4.648927642847411e-05,4.298231033317279e-06,0.09944608062505722,0.21830761432647705
300,jUzDDGyPkXU$_$19,2.200000047683716,-0.8182004690170288,1.0564003787294496e-05,5.448976935440442e-06,0.9999839067459106,0.014413900673389435,0.019281864166259766,-0.15414771437644958,2.1855862140655518,2.180718183517456,2.3541476726531982,0.3550986349582672,0.3572659492492676,0.28763535618782043,vision,audio,0,1.0,0.9428571462631226,0.8780487775802612,0.5787043571472168,0.4212956428527832,1.0564003787294496e-05,5.448976935440442e-06,0.9999839067459106,6.855009360151598e-07,3.879365976899862e-06,0.9999953508377075,vision,vision,0,0.0002031581534538418,6.269490404520184e-05,7.630735126440413e-06,0.08063258975744247,0.17342957854270935
186,etzxEpPuc6I$_$16,-2.4000000953674316,-0.7834177017211914,7.674643711652607e-06,3.5555301565182162e-06,0.9999887943267822,-0.00518953800201416,0.050568222999572754,-0.1924983263015747,2.394810676574707,2.450568199157715,2.2075018882751465,0.31284284591674805,0.2917811870574951,0.39537596702575684,vision,vision,1,0.9166666865348816,0.8055555820465088,0.930232584476471,0.5829036831855774,0.4170963168144226,7.674643711652607e-06,3.5555301565182162e-06,0.9999887943267822,4.729911893264216e-07,2.5033166366483783e-06,0.9999970197677612,vision,vision,1,0.00014618568820878863,4.21365984948352e-05,5.493101980391657e-06,0.10396306216716766,0.24306654930114746
518,tmZoasNr4rU$_$5,-0.800000011920929,-0.8650011420249939,9.02292686077999e-06,5.239304300630465e-06,0.9999856948852539,0.024904847145080566,0.036958903074264526,-0.21247857809066772,0.8249048590660095,0.8369588851928711,0.5875214338302612,0.30025556683540344,0.29576534032821655,0.4039791226387024,vision,vision,1,0.9166666865348816,0.9111111164093018,0.8888888955116272,0.581615686416626,0.418384313583374,9.02292686077999e-06,5.239304300630465e-06,0.9999856948852539,5.715015163332282e-07,3.7568897823803127e-06,0.9999955892562866,vision,vision,1,0.000182799412868917,5.953693107585423e-05,6.609403499169275e-06,0.11485026776790619,0.24943748116493225
383,nzpVDcQ0ywM$_$7,-1.0,-0.8592442274093628,1.377251282974612e-05,6.1563364397443365e-06,0.9999799728393555,0.0033580735325813293,0.05237509310245514,-0.18504390120506287,1.0033581256866455,1.052375078201294,0.8149560689926147,0.3119041919708252,0.2933671176433563,0.3947286307811737,vision,vision,1,1.0,0.8636363744735718,0.8518518805503845,0.5811904072761536,0.41880959272384644,1.377251282974612e-05,6.1563364397443365e-06,0.9999799728393555,1.0858196901608608e-06,4.789275408256799e-06,0.999994158744812,vision,vision,1,0.00024802435655146837,7.939751230878755e-05,9.413221050635912e-06,0.10234241932630539,0.237418994307518
139,d6hH302o4v8$_$4,-1.600000023841858,-0.7688758969306946,4.653680662158877e-06,3.875450147461379e-06,0.9999914169311523,-0.021625086665153503,0.09578800201416016,-0.19098243117332458,1.578374981880188,1.695788025856018,1.409017562866211,0.3226567506790161,0.27861273288726807,0.3987305462360382,vision,vision,1,0.75,0.9411764740943909,0.949999988079071,0.5825904607772827,0.4174095392227173,4.653680662158877e-06,3.875450147461379e-06,0.9999914169311523,2.9669573109458725e-07,2.7480109565658495e-06,0.9999970197677612,vision,vision,1,0.00011399165668990463,4.260718560544774e-05,3.6957535485271364e-06,0.11771199107170105,0.28677043318748474
84,cXypl4FnoZo$_$3,1.7999999523162842,1.179343581199646,4.592674031300703e-06,2.932491270257742e-06,0.9999923706054688,0.4065748155117035,-0.5807658433914185,-0.041809290647506714,1.3934251070022583,2.380765914916992,1.8418092727661133,0.5370543003082275,0.15632279217243195,0.3066229522228241,vision,text,0,0.8571428656578064,0.9090909361839294,1.0,0.6155280470848083,0.38447195291519165,4.592674031300703e-06,2.932491270257742e-06,0.9999923706054688,2.673613153092447e-07,1.9824174160021357e-06,0.9999977350234985,vision,vision,0,0.00010141710663447157,3.2323110644938424e-05,3.5466016470309114e-06,0.4036450684070587,0.9873406887054443
246,fvVhgmXxadc$_$12,0.0,0.1553102433681488,3.985175681009423e-06,2.889320967369713e-06,0.9999932050704956,0.10297974944114685,-0.03803759068250656,-0.13293740153312683,0.10297974944114685,0.03803759068250656,0.13293740153312683,0.32810452580451965,0.3558502495288849,0.31604519486427307,vision,audio,0,0.8095238208770752,0.9318181872367859,0.9245283007621765,0.5804526209831238,0.4195473790168762,3.985175681009423e-06,2.889320967369713e-06,0.9999932050704956,2.1040018793883064e-07,1.9409399101277813e-06,0.9999978542327881,vision,vision,0,9.317415242549032e-05,3.088866651523858e-05,3.1241065698850434e-06,0.09692423790693283,0.23591715097427368
654,zhpQhgha_KU$_$27,0.800000011920929,0.6517060995101929,6.291539193625795e-06,3.0182818591129035e-06,0.999990701675415,0.20388704538345337,-0.17510315775871277,-0.07772263884544373,0.5961129665374756,0.9751031398773193,0.8777226209640503,0.4299332797527313,0.26770681142807007,0.3023598790168762,vision,text,0,1.0,0.9166666865348816,0.9285714030265808,0.5887621641159058,0.41123783588409424,6.291539193625795e-06,3.0182818591129035e-06,0.999990701675415,3.401479489184567e-07,2.020549572989694e-06,0.999997615814209,vision,vision,0,0.00012299255467951298,3.392420694581233e-05,4.621087555278791e-06,0.16070005297660828,0.37899020314216614
396,nzpVDcQ0ywM$_$18,1.2000000476837158,-0.02645028568804264,4.6884674702596385e-06,2.973097025460447e-06,0.9999923706054688,0.03680426627397537,-0.08194631338119507,-0.039910681545734406,1.1631957292556763,1.2819464206695557,1.2399107217788696,0.360930860042572,0.31114163994789124,0.3279275596141815,vision,text,0,0.875,0.9333333373069763,0.9722222089767456,0.5772712826728821,0.4227287173271179,4.6884674702596385e-06,2.973097025460447e-06,0.9999923706054688,2.847202438260865e-07,2.104259465340874e-06,0.999997615814209,vision,vision,0,0.00010297413973603398,3.416153776925057e-05,3.505931545078056e-06,0.04916398599743843,0.11875057965517044
96,cXypl4FnoZo$_$15,0.0,0.046515338122844696,5.460113698063651e-06,2.962091230074293e-06,0.9999915361404419,0.061199866235256195,-0.04353052377700806,-0.10523911565542221,0.061199866235256195,0.04353052377700806,0.10523911565542221,0.3368397355079651,0.34436216950416565,0.31879815459251404,vision,audio,0,0.9583333134651184,0.9411764740943909,0.9117646813392639,0.5786476731300354,0.4213523268699646,5.460113698063651e-06,2.962091230074293e-06,0.9999915361404419,2.6683352416512207e-07,1.933830162670347e-06,0.9999978542327881,vision,vision,0,0.0001123160109273158,3.160642154398374e-05,4.179878033028217e-06,0.06870091706514359,0.1664389818906784
576,wMbj6ajWbic$_$26,1.7999999523162842,0.8735713958740234,5.627717655443121e-06,2.864103862521006e-06,0.9999915361404419,0.19129028916358948,-0.14459246397018433,-0.09992045909166336,1.608709692955017,1.9445924758911133,1.8999204635620117,0.4251655638217926,0.27939462661743164,0.29543983936309814,vision,text,0,1.0,0.949999988079071,0.9166666865348816,0.5865159630775452,0.41348403692245483,5.627717655443121e-06,2.864103862521006e-06,0.9999915361404419,2.8832056386818294e-07,1.8944451767310966e-06,0.9999978542327881,vision,vision,0,0.00011302590428385884,3.1430154194822535e-05,4.209049620840233e-06,0.1489282101392746,0.3358827531337738
275,jUzDDGyPkXU$_$24,-1.0,-0.5818349123001099,8.390918992517982e-06,4.2984333958884235e-06,0.9999873638153076,-0.016014590859413147,0.043909162282943726,-0.14839303493499756,0.983985424041748,1.0439091920852661,0.8516069650650024,0.3217727541923523,0.2985510528087616,0.3796761631965637,vision,vision,1,0.9629629850387573,0.9166666865348816,0.8571428656578064,0.5786423087120056,0.4213576912879944,8.390918992517982e-06,4.2984333958884235e-06,0.9999873638153076,4.835772529077076e-07,2.984788579851738e-06,0.999996542930603,vision,vision,1,0.00016380907618440688,4.8441816034028307e-05,6.133367605798412e-06,0.08034304529428482,0.19230219721794128
305,k5Y_838nuGo$_$27,-0.800000011920929,-0.2364087849855423,5.295348728395766e-06,2.488354539309512e-06,0.9999922513961792,0.012317076325416565,0.015291541814804077,-0.1192358061671257,0.8123170733451843,0.8152915239334106,0.6807641983032227,0.3149583637714386,0.3137895166873932,0.371252179145813,vision,vision,1,1.0,0.9139785170555115,0.9017857313156128,0.5777807235717773,0.42221927642822266,5.295348728395766e-06,2.488354539309512e-06,0.9999922513961792,2.847703228781029e-07,1.7485903072156361e-06,0.9999979734420776,vision,vision,1,0.00010416956502012908,2.9479233489837497e-05,3.824129635177087e-06,0.06272745877504349,0.13452735543251038
157,d6hH302o4v8$_$30,-2.799999952316284,-0.9413900375366211,1.3742532246396877e-05,6.390346698026406e-06,0.9999798536300659,0.0151638463139534,0.046280235052108765,-0.2112986147403717,2.8151638507843018,2.846280097961426,2.5887012481689453,0.3040381968021393,0.2924395501613617,0.403522253036499,vision,vision,1,1.0,0.8823529481887817,0.8999999761581421,0.5831840634346008,0.41681593656539917,1.3742532246396877e-05,6.390346698026406e-06,0.9999798536300659,9.792141781872488e-07,4.806609467777889e-06,0.9999942779541016,vision,vision,1,0.000250407203566283,7.811043178662658e-05,9.590459740138613e-06,0.11479466408491135,0.25757884979248047
167,dq3Nf_lMPnE$_$12,-1.600000023841858,-0.10855826735496521,5.731455985369394e-06,2.884544528569677e-06,0.9999914169311523,0.02685394138097763,1.3023614883422852e-05,-0.09741879254579544,1.6268539428710938,1.600013017654419,1.502581238746643,0.3122876286506653,0.3229430019855499,0.36476945877075195,vision,vision,1,1.0,0.942307710647583,0.9516128897666931,0.5782660841941833,0.42173391580581665,5.731455985369394e-06,2.884544528569677e-06,0.9999914169311523,3.2823331252984644e-07,2.021004092966905e-06,0.999997615814209,vision,vision,1,0.00011453476327005774,3.376396489329636e-05,4.1552157199475914e-06,0.05339278653264046,0.12427273392677307
428,phBUpBr1hSo$_$10,-1.399999976158142,-0.7285441756248474,4.552319296635687e-06,3.409428927625413e-06,0.9999920129776001,0.007010199129581451,0.043023452162742615,-0.17523187398910522,1.4070101976394653,1.443023443222046,1.2247681617736816,0.3113500475883484,0.2976449429988861,0.3910049796104431,vision,vision,1,0.7777777910232544,0.8999999761581421,1.0,0.5815560817718506,0.4184439182281494,4.552319296635687e-06,3.409428927625413e-06,0.9999920129776001,2.734693396178045e-07,2.2814172098151175e-06,0.9999974966049194,vision,vision,1,0.00010688115435186774,3.625352110248059e-05,3.6301632917457027e-06,0.09553621709346771,0.21825532615184784
561,vyB00TXsimI$_$6,2.0,-0.13234582543373108,5.3129529078432824e-06,3.125692956018611e-06,0.9999915361404419,0.06614160537719727,0.005126357078552246,-0.12287279218435287,1.9338583946228027,1.9948736429214478,2.122872829437256,0.3681700825691223,0.3411341905593872,0.2906957268714905,vision,text,0,0.8695651888847351,0.8815789222717285,0.9347826242446899,0.5796695351600647,0.4203304648399353,5.3129529078432824e-06,3.125692956018611e-06,0.9999915361404419,3.126842500478233e-07,2.2547903881786624e-06,0.9999973773956299,vision,vision,0,0.00011259241728112102,3.660399670479819e-05,3.90414243156556e-06,0.07876342535018921,0.18901440501213074
405,ob23OKe5a9Q$_$5,-1.7999999523162842,-0.3887222707271576,6.1164796534285415e-06,3.043997821805533e-06,0.9999908208847046,-0.03738361597061157,0.04698924720287323,-0.10183236747980118,1.7626163959503174,1.8469891548156738,1.6981675624847412,0.335143119096756,0.301596999168396,0.3632599115371704,vision,vision,1,1.0,0.939130425453186,0.9202898740768433,0.5785288214683533,0.42147117853164673,6.1164796534285415e-06,3.043997821805533e-06,0.9999908208847046,3.379395820957143e-07,2.082510718537378e-06,0.999997615814209,vision,vision,1,0.00012125041394028813,3.464306064415723e-05,4.511652150540613e-06,0.060937393456697464,0.148821622133255
574,wMbj6ajWbic$_$24,1.399999976158142,0.6427998542785645,5.5624441301915795e-06,2.8031522560922895e-06,0.9999915361404419,0.15555062890052795,-0.10233420133590698,-0.0910131186246872,1.2444493770599365,1.5023341178894043,1.4910130500793457,0.40663546323776245,0.29458311200141907,0.29878148436546326,vision,text,0,1.0,0.9411764740943909,0.9523809552192688,0.5841792821884155,0.4158207178115845,5.5624441301915795e-06,2.8031522560922895e-06,0.9999915361404419,2.911144463269011e-07,1.87954844932392e-06,0.9999978542327881,vision,vision,0,0.00011158414417877793,3.128796743112616e-05,4.1710086406965274e-06,0.11898946762084961,0.25788483023643494
483,tIrG4oNLFzE$_$4,1.399999976158142,-0.6787078380584717,8.677102414367255e-06,3.242965703975642e-06,0.9999880790710449,0.011490307748317719,0.05387701094150543,-0.20606359839439392,1.3885096311569214,1.3461229801177979,1.6060636043548584,0.35507455468177795,0.37439486384391785,0.2705306112766266,vision,audio,0,1.0,0.7857142686843872,0.8787878751754761,0.5833482146263123,0.41665178537368774,8.677102414367255e-06,3.242965703975642e-06,0.9999880790710449,5.159447482583346e-07,2.309496039742953e-06,0.9999972581863403,vision,vision,0,0.00015401889686472714,4.016514867544174e-05,6.091247541917255e-06,0.1138690635561943,0.25994062423706055
410,ob23OKe5a9Q$_$8,0.6000000238418579,0.6949139833450317,5.28392138221534e-06,2.797166416712571e-06,0.9999920129776001,0.18038828670978546,-0.18121013045310974,-0.09882599860429764,0.41961175203323364,0.78121018409729,0.698826014995575,0.4270336329936981,0.2717451751232147,0.30122122168540955,vision,text,0,0.9444444179534912,0.9158878326416016,0.8983050584793091,0.5867503881454468,0.4132496118545532,5.28392138221534e-06,2.797166416712571e-06,0.9999920129776001,2.6642572947821463e-07,1.8108294170815498e-06,0.9999979734420776,vision,vision,0,0.00010793822002597153,2.998225318151526e-05,3.988099251728272e-06,0.1547403484582901,0.3615984320640564
640,yvsjCA6Y5Fc$_$8,0.4000000059604645,-0.9498640298843384,9.184973350784276e-06,4.558036380331032e-06,0.9999862909317017,-0.010017558932304382,0.043937355279922485,-0.2004804015159607,0.41001754999160767,0.356062650680542,0.6004804372787476,0.34990593791007996,0.3743188977241516,0.27577513456344604,vision,audio,0,0.95652174949646,0.8714285492897034,0.891566276550293,0.5819761753082275,0.41802382469177246,9.184973350784276e-06,4.558036380331032e-06,0.9999862909317017,5.692748459296126e-07,3.1749120807944564e-06,0.9999961853027344,vision,vision,0,0.0001762733154464513,5.21754591318313e-05,6.631064934481401e-06,0.10484234988689423,0.24441775679588318
511,tmZoasNr4rU$_$16,-1.399999976158142,-1.0113872289657593,7.803087100910489e-06,4.7558410187775735e-06,0.9999874830245972,-0.016859784722328186,0.08272212743759155,-0.21637657284736633,1.383140206336975,1.4827220439910889,1.1836234331130981,0.315835177898407,0.27886930108070374,0.4052955210208893,vision,vision,1,0.9333333373069763,0.96875,0.9473684430122375,0.5847693681716919,0.4152306318283081,7.803087100910489e-06,4.7558410187775735e-06,0.9999874830245972,5.379124559112824e-07,3.536272970450227e-06,0.9999958276748657,vision,vision,1,0.0001625571894692257,5.630633677355945e-05,5.609797881334089e-06,0.12435770779848099,0.2990987002849579
601,wMbj6ajWbic$_$19,-0.6000000238418579,-0.5118847489356995,7.2018165155895986e-06,4.702495061792433e-06,0.9999881982803345,0.009420134127140045,0.026797428727149963,-0.14152440428733826,0.6094201803207397,0.6267974376678467,0.45847561955451965,0.3138566315174103,0.3071126937866211,0.37903064489364624,vision,vision,1,0.8823529481887817,0.9399999976158142,0.9166666865348816,0.5781924724578857,0.42180752754211426,7.2018165155895986e-06,4.702495061792433e-06,0.9999881982803345,4.506858317654405e-07,3.2725038181524724e-06,0.9999963045120239,vision,vision,1,0.0001547471183585003,5.1592825911939144e-05,5.429117663879879e-06,0.07558546215295792,0.16832183301448822
292,jUzDDGyPkXU$_$11,2.4000000953674316,0.5464425086975098,4.857134626945481e-06,2.9645514132425888e-06,0.9999921321868896,0.11688652634620667,-0.17069825530052185,-0.06742139160633087,2.283113479614258,2.5706982612609863,2.467421531677246,0.401241272687912,0.2800818681716919,0.3186769187450409,vision,text,0,0.9130434989929199,0.953125,0.9102563858032227,0.5832400321960449,0.4167599678039551,4.857134626945481e-06,2.9645514132425888e-06,0.9999921321868896,2.5007381054820144e-07,1.948220642589149e-06,0.9999978542327881,vision,vision,0,0.00010501028737053275,3.1543848308501765e-05,3.781812438319321e-06,0.11894934624433517,0.2875847816467285
538,v0zCBqDeKcE$_$9,1.7999999523162842,0.9292768239974976,5.57491512154229e-06,3.610530256992206e-06,0.9999908208847046,0.24189187586307526,-0.2669237554073334,-0.07363961637020111,1.5581080913543701,2.0669236183166504,1.8736395835876465,0.4538295865058899,0.24025537073612213,0.3059150278568268,vision,text,0,0.8888888955116272,0.9523809552192688,0.8799999952316284,0.5916783809661865,0.4083216190338135,5.57491512154229e-06,3.610530256992206e-06,0.9999908208847046,2.856571654774598e-07,2.304271674802294e-06,0.9999974966049194,vision,vision,0,0.00012184606748633087,3.669916623039171e-05,4.423745394888101e-06,0.20971204340457916,0.5088156461715698
378,nzpVDcQ0ywM$_$1,0.0,0.40901654958724976,4.791026185557712e-06,2.8316324005572824e-06,0.9999923706054688,0.10787849873304367,-0.09697478264570236,-0.09166022390127182,0.10787849873304367,0.09697478264570236,0.09166022390127182,0.32957586646080017,0.3340986371040344,0.3363254964351654,vision,vision,1,0.8666666746139526,0.8958333134651184,0.8771929740905762,0.5790001749992371,0.42099982500076294,4.791026185557712e-06,2.8316324005572824e-06,0.9999923706054688,2.511380614578229e-07,1.9147666989738354e-06,0.9999978542327881,vision,vision,1,0.00010246668534819037,3.1152252631727606e-05,3.646793629741296e-06,0.095340795814991,0.20485328137874603
504,tmZoasNr4rU$_$11,-0.6000000238418579,0.1581823229789734,5.9382200561231e-06,3.204318545613205e-06,0.9999908208847046,0.07223968207836151,-0.07809045910835266,-0.05763234198093414,0.6722397208213806,0.5219095945358276,0.542367696762085,0.2955966293811798,0.35670480132102966,0.3476985991001129,vision,audio,0,1.0,0.9736841917037964,0.9111111164093018,0.5782422423362732,0.4217577576637268,5.9382200561231e-06,3.204318545613205e-06,0.9999908208847046,3.1411892109645123e-07,2.144556901839678e-06,0.9999974966049194,vision,vision,0,0.00012115810386603698,3.517902587191202e-05,4.453194378584158e-06,0.06657028943300247,0.15033014118671417
122,d6hH302o4v8$_$43,-2.5,-0.06908993422985077,5.338903520168969e-06,2.936611053883098e-06,0.9999916553497314,0.07407708466053009,-0.02254682034254074,-0.11653376370668411,2.5740771293640137,2.4774532318115234,2.3834662437438965,0.29434099793434143,0.3321274220943451,0.3735315501689911,vision,vision,1,0.9230769276618958,0.90625,0.9473684430122375,0.5803991556167603,0.41960084438323975,5.338903520168969e-06,2.936611053883098e-06,0.9999916553497314,2.899971605074825e-07,1.980291699510417e-06,0.9999977350234985,vision,vision,1,0.00011054884816985577,3.261632809881121e-05,4.028299827041337e-06,0.07781903445720673,0.1906108558177948
153,d6hH302o4v8$_$16,-2.0,-0.8989471793174744,1.0986425877490547e-05,6.293595561146503e-06,0.9999827146530151,0.01036449521780014,0.08169996738433838,-0.19865486025810242,2.010364532470703,2.081699848175049,1.8013451099395752,0.3112089931964874,0.2846600413322449,0.4041309654712677,vision,vision,1,0.8333333134651184,0.8333333134651184,0.7857142686843872,0.5798724889755249,0.4201275110244751,1.0986425877490547e-05,6.293595561146503e-06,0.9999827146530151,7.435502880070999e-07,4.592141522152815e-06,0.9999946355819702,vision,vision,1,0.00021808952442370355,7.22801050869748e-05,7.955086402944289e-06,0.1189662292599678,0.2803548276424408
675,zhpQhgha_KU$_$14,-1.5,-0.944472074508667,1.3009110261918977e-05,5.044326371717034e-06,0.9999819993972778,0.01751573383808136,0.034162551164627075,-0.2215084433555603,1.517515778541565,1.5341625213623047,1.278491497039795,0.3005151152610779,0.29432645440101624,0.40515846014022827,vision,vision,1,1.0,0.7857142686843872,1.0,0.5862646698951721,0.4137353301048279,1.3009110261918977e-05,5.044326371717034e-06,0.9999819993972778,9.57827978709247e-07,3.83284668714623e-06,0.999995231628418,vision,vision,1,0.0002258580207126215,6.582547212019563e-05,8.831664672470652e-06,0.11679865419864655,0.2556709945201874
569,vyB00TXsimI$_$14,2.0,0.667125940322876,7.916850336187053e-06,3.4999925446754787e-06,0.9999886751174927,0.19430801272392273,-0.19561445713043213,-0.07470592856407166,1.8056919574737549,2.1956143379211426,2.0747058391571045,0.42943307757377625,0.26376616954803467,0.3068007230758667,vision,text,0,1.0,0.8799999952316284,0.8333333134651184,0.5870165824890137,0.41298341751098633,7.916850336187053e-06,3.4999925446754787e-06,0.9999886751174927,4.4879476490677916e-07,2.429293999739457e-06,0.9999971389770508,vision,vision,0,0.00014826978440396488,4.0806742617860436e-05,5.667538061970845e-06,0.16296793520450592,0.38992246985435486
115,d3_k5Xpfmik$_$5,2.200000047683716,0.14257127046585083,4.010154043498915e-06,2.9549514692917e-06,0.9999929666519165,0.037357598543167114,-0.01807285100221634,-0.10068731009960175,2.162642478942871,2.2180728912353516,2.300687313079834,0.36041632294654846,0.33628928661346436,0.3032943606376648,vision,text,0,0.7692307829856873,0.9090909361839294,0.875,0.5747758150100708,0.4252241849899292,4.010154043498915e-06,2.9549514692917e-06,0.9999929666519165,2.0894030683393794e-07,1.929883865159354e-06,0.9999978542327881,vision,vision,0,9.44687781156972e-05,3.0733288440387696e-05,3.2379543881688733e-06,0.05671966075897217,0.13804490864276886
288,jUzDDGyPkXU$_$7,-0.6000000238418579,-0.7944021821022034,6.4163618844759185e-06,4.989823992218589e-06,0.9999885559082031,-0.0008063763380050659,0.07645952701568604,-0.2241019308567047,0.5991936326026917,0.676459550857544,0.3758980929851532,0.30960705876350403,0.28110313415527344,0.40928977727890015,vision,vision,1,0.7894737124443054,0.9433962106704712,0.90625,0.5825607776641846,0.41743922233581543,6.4163618844759185e-06,4.989823992218589e-06,0.9999885559082031,4.0006148083193693e-07,3.527432454575319e-06,0.9999960660934448,vision,vision,1,0.0001490586146246642,5.409430741565302e-05,4.9962923185375985e-06,0.12743979692459106,0.30056145787239075
445,phBUpBr1hSo$_$9,-2.0,-0.0601997934281826,5.971093742118683e-06,3.3757855817384552e-06,0.999990701675415,0.1718950867652893,-0.07460406422615051,-0.1559118628501892,2.1718950271606445,1.9253959655761719,1.844088077545166,0.25857672095298767,0.35188916325569153,0.389534056186676,vision,vision,1,0.8799999952316284,0.8591549396514893,0.8777777552604675,0.5845068693161011,0.4154931306838989,5.971093742118683e-06,3.3757855817384552e-06,0.999990701675415,3.3545063615747495e-07,2.360612370466697e-06,0.9999972581863403,vision,vision,1,0.00012363321729935706,3.830828791251406e-05,4.402442755235825e-06,0.13937567174434662,0.3278069496154785
218,f9O3YtZ2VfI$_$10,-2.0,-0.5426527857780457,4.145622733631171e-05,3.544157516444102e-05,0.9999231100082397,0.13307702541351318,-0.13553211092948914,-0.1555497646331787,2.1330771446228027,1.8644678592681885,1.8444502353668213,0.26086103916168213,0.36494600772857666,0.3741929233074188,vision,vision,1,0.875,1.0,0.9333333373069763,0.5834119319915771,0.41658806800842285,4.145622733631171e-05,3.544157516444102e-05,0.9999231100082397,4.593792709783884e-06,3.0284068998298608e-05,0.9999650716781616,vision,vision,1,0.0008583885501138866,0.0004064714885316789,2.7993868570774794e-05,0.13159576058387756,0.2886267900466919
301,jUzDDGyPkXU$_$18,-2.4000000953674316,-0.9260810613632202,9.892856724036392e-06,4.158278898103163e-06,0.999985933303833,-0.005356952548027039,0.04488646984100342,-0.1765807569026947,2.3946430683135986,2.4448866844177246,2.223419427871704,0.3146844804286957,0.29552870988845825,0.38978683948516846,vision,vision,1,1.0,0.8333333134651184,1.0,0.5843320488929749,0.41566795110702515,9.892856724036392e-06,4.158278898103163e-06,0.999985933303833,6.742427558492636e-07,2.9530060601246078e-06,0.9999963045120239,vision,vision,1,0.0001795716816559434,5.085604061605409e-05,6.9316984081524424e-06,0.09480372816324234,0.22146722674369812
19,c7UH_rxdZv4$_$11,1.0,0.048600807785987854,6.120329089753795e-06,3.3157305097120116e-06,0.9999905824661255,0.06329786777496338,-0.07975377142429352,-0.07557379454374313,0.9367021322250366,1.0797537565231323,1.0755738019943237,0.37356603145599365,0.3123987019062042,0.31403523683547974,vision,text,0,0.9166666865348816,0.8999999761581421,0.8510638475418091,0.5761702656745911,0.42382973432540894,6.120329089753795e-06,3.3157305097120116e-06,0.9999905824661255,3.4743339938358986e-07,2.3206282548926538e-06,0.9999973773956299,vision,vision,0,0.00012469931971281767,3.787710738833994e-05,4.520975835475838e-06,0.06647186726331711,0.1430516391992569
242,f_pcplsH_V0$_$8,0.800000011920929,0.30537837743759155,5.574577699007932e-06,2.1185808236623416e-06,0.9999922513961792,0.13683895766735077,-0.07359126210212708,-0.1077825054526329,0.663161039352417,0.8735913038253784,0.9077824950218201,0.3991595506668091,0.3068390488624573,0.29400137066841125,vision,text,0,1.0,0.807692289352417,0.9677419066429138,0.5847653150558472,0.41523468494415283,5.574577699007932e-06,2.1185808236623416e-06,0.9999922513961792,3.0666296879644506e-07,1.4715513998453389e-06,0.9999982118606567,vision,vision,0,0.0001028446713462472,2.6129262550966814e-05,3.958469733333914e-06,0.10816118121147156,0.24462145566940308
664,zhpQhgha_KU$_$5,-2.200000047683716,-0.8788778185844421,9.31177146412665e-06,4.8355477701989e-06,0.9999858140945435,-0.032919079065322876,0.07460927963256836,-0.21362918615341187,2.167080879211426,2.274609327316284,1.9863708019256592,0.3197272717952728,0.27951550483703613,0.4007572531700134,vision,vision,1,0.9130434989929199,0.8611111044883728,0.8837209343910217,0.5832081437110901,0.4167918562889099,9.31177146412665e-06,4.8355477701989e-06,0.9999858140945435,6.334833528853778e-07,3.561005087249214e-06,0.9999958276748657,vision,vision,1,0.00018122029723599553,5.786797555629164e-05,6.655470770056127e-06,0.1189303770661354,0.2882384657859802
29,c7UH_rxdZv4$_$31,-1.399999976158142,-0.5575263500213623,6.608523108297959e-06,3.6177580113871954e-06,0.9999898672103882,0.06533315777778625,0.0034906715154647827,-0.19144579768180847,1.465333104133606,1.403490662574768,1.2085541486740112,0.289114385843277,0.312350332736969,0.39853528141975403,vision,vision,1,0.9411764740943909,0.9101123809814453,0.9439252614974976,0.5833823680877686,0.41661763191223145,6.608523108297959e-06,3.6177580113871954e-06,0.9999898672103882,3.6772996736544883e-07,2.50379207500373e-06,0.9999971389770508,vision,vision,1,0.00013426286750473082,4.05825994675979e-05,4.875508238910697e-06,0.10942280292510986,0.2567789554595947
455,rnaNMUZpvvg$_$4,-2.4000000953674316,-0.728664219379425,7.4933436735591386e-06,4.790793809661409e-06,0.9999877214431763,0.037633515894412994,0.008971378207206726,-0.2247963845729828,2.437633514404297,2.4089715480804443,2.175203800201416,0.2919948995113373,0.3026459813117981,0.4053591787815094,vision,vision,1,0.8775510191917419,0.9219858050346375,0.8647058606147766,0.5810532569885254,0.4189467430114746,7.4933436735591386e-06,4.790793809661409e-06,0.9999877214431763,4.1256652139054495e-07,3.261866822867887e-06,0.9999964237213135,vision,vision,1,0.00015937270654831082,5.082934512756765e-05,5.7706602092366666e-06,0.11753880232572556,0.2624298930168152
51,cW1FSBF59ik$_$21,1.600000023841858,0.11231418699026108,3.7517525015573483e-06,2.5330994048999855e-06,0.9999938011169434,0.07078499346971512,-0.05886645242571831,-0.09908042103052139,1.5292149782180786,1.65886652469635,1.699080467224121,0.3760695457458496,0.31980443000793457,0.3041260242462158,vision,text,0,0.8461538553237915,0.931034505367279,0.9411764740943909,0.578467071056366,0.42153292894363403,3.7517525015573483e-06,2.5330994048999855e-06,0.9999938011169434,1.8711671145865694e-07,1.6365568171750056e-06,0.9999980926513672,vision,vision,0,8.569231431465596e-05,2.659006895555649e-05,2.917570782301482e-06,0.07248058915138245,0.1698654145002365
243,fvVhgmXxadc$_$11,-0.20000000298023224,0.07639904320240021,4.600487045536283e-06,2.6536602035776014e-06,0.9999927282333374,0.05372506380081177,-0.1094590499997139,-0.05761326849460602,0.2537250518798828,0.09054095298051834,0.14238673448562622,0.29624393582344055,0.3632761538028717,0.34047991037368774,vision,audio,0,0.9200000166893005,0.9384615421295166,0.9285714030265808,0.5785576701164246,0.42144232988357544,4.600487045536283e-06,2.6536602035776014e-06,0.9999927282333374,2.4893290628824616e-07,1.8243532622364e-06,0.9999979734420776,vision,vision,0,9.786061855265871e-05,2.9899598303018138e-05,3.4753566069412045e-06,0.06807941943407059,0.16318410634994507
484,tIrG4oNLFzE$_$7,-1.399999976158142,-0.6324028968811035,6.277308330027154e-06,3.4558845527499216e-06,0.9999902248382568,-0.017823055386543274,0.06310619413852692,-0.17253369092941284,1.3821768760681152,1.4631061553955078,1.227466344833374,0.3208068013191223,0.28994104266166687,0.3892521560192108,vision,vision,1,0.9285714030265808,0.9056603908538818,0.920634925365448,0.5817520618438721,0.41824793815612793,6.277308330027154e-06,3.4558845527499216e-06,0.9999902248382568,3.9040264709910844e-07,2.438065166643355e-06,0.9999972581863403,vision,vision,1,0.00012840755516663194,3.9993072277866304e-05,4.646024535759352e-06,0.09775882214307785,0.23563988506793976
20,c7UH_rxdZv4$_$10,0.800000011920929,-0.3412441611289978,7.698310582782142e-06,3.9553542592329904e-06,0.999988317489624,0.01713252067565918,0.04728242754936218,-0.13558024168014526,0.7828674912452698,0.7527176141738892,0.9355802536010742,0.3490853011608124,0.36249247193336487,0.288422167301178,vision,audio,0,0.9642857313156128,0.9189189076423645,0.8863636255264282,0.5790175199508667,0.4209824800491333,7.698310582782142e-06,3.9553542592329904e-06,0.999988317489624,4.561464663765946e-07,2.7502439934323775e-06,0.9999967813491821,vision,vision,0,0.00015151264960877597,4.507234916673042e-05,5.637044523609802e-06,0.08004787564277649,0.18286266922950745
415,pLTX3ipuDJI$_$15,-1.399999976158142,-0.03347897157073021,4.555900886771269e-06,2.8907688829349354e-06,0.9999926090240479,0.03692977875471115,-0.014052093029022217,-0.09322831779718399,1.436929702758789,1.3859479427337646,1.3067716360092163,0.30840569734573364,0.3286992907524109,0.36289504170417786,vision,vision,1,0.800000011920929,0.8636363744735718,0.8333333134651184,0.5740631818771362,0.42593681812286377,4.555900886771269e-06,2.8907688829349354e-06,0.9999926090240479,2.42336597011672e-07,1.9713825167855248e-06,0.9999977350234985,vision,vision,1,0.00010027323151007295,3.1834308174438775e-05,3.4529834920249414e-06,0.05355076119303703,0.13015809655189514
279,jUzDDGyPkXU$_$20,-2.200000047683716,-0.8462103605270386,1.0666682101145852e-05,5.78920162297436e-06,0.999983549118042,0.005719147622585297,0.0556618869304657,-0.2169867753982544,2.205719232559204,2.255661964416504,1.9830132722854614,0.3067041039466858,0.28814244270324707,0.4051534831523895,vision,vision,1,0.8999999761581421,0.8648648858070374,0.8666666746139526,0.5820792317390442,0.4179207682609558,1.0666682101145852e-05,5.78920162297436e-06,0.999983549118042,7.09615392224805e-07,4.216782144794706e-06,0.9999951124191284,vision,vision,1,0.00020836203475482762,6.710351590299979e-05,7.69759662944125e-06,0.11852309107780457,0.2726486623287201
553,vyB00TXsimI$_$21,1.2000000476837158,0.17582528293132782,4.480539701035013e-06,2.912708168878453e-06,0.9999926090240479,0.07233518362045288,-0.06777920573949814,-0.07289372384548187,1.1276648044586182,1.2677792310714722,1.2728937864303589,0.374066025018692,0.31396740674972534,0.31196656823158264,vision,text,0,0.8181818127632141,0.8857142925262451,0.8571428656578064,0.5754705667495728,0.42452943325042725,4.480539701035013e-06,2.912708168878453e-06,0.9999926090240479,2.3871132270869566e-07,1.931150336531573e-06,0.9999978542327881,vision,vision,0,9.967888036044315e-05,3.117477535852231e-05,3.489531763989362e-06,0.06728846579790115,0.14522890746593475
350,lXPQBPVc5Cw$_$9,-2.5999999046325684,-0.9036399722099304,6.395811396942008e-06,2.8191493584017735e-06,0.999990701675415,-0.019821807742118835,0.060270100831985474,-0.2027302086353302,2.5801780223846436,2.6602699756622314,2.3972697257995605,0.3162938058376312,0.2861616313457489,0.3975445628166199,vision,vision,1,0.9375,0.8048780560493469,0.9489796161651611,0.584393322467804,0.41560667753219604,6.395811396942008e-06,2.8191493584017735e-06,0.999990701675415,3.7610541880894743e-07,1.957554559339769e-06,0.9999977350234985,vision,vision,1,0.00012179749319329858,3.353874126332812e-05,4.6382165237446316e-06,0.1100703552365303,0.2630003094673157
629,yvsjCA6Y5Fc$_$21,-1.7999999523162842,-0.21921995282173157,5.277342552290065e-06,3.135635324724717e-06,0.9999916553497314,0.026659443974494934,0.007959291338920593,-0.11483575403690338,1.8266594409942627,1.8079591989517212,1.685164213180542,0.3108364939689636,0.31818798184394836,0.3709754943847656,vision,vision,1,0.8799999952316284,0.9090909361839294,0.9333333373069763,0.5775951147079468,0.4224048852920532,5.277342552290065e-06,3.135635324724717e-06,0.9999916553497314,3.019486882749334e-07,2.1914058834227035e-06,0.9999974966049194,vision,vision,1,0.00011219226871617138,3.5572873457567766e-05,3.920293238479644e-06,0.0627598688006401,0.14149519801139832
501,tStelxIAHjw$_$6,1.600000023841858,0.8795799016952515,5.292647074384149e-06,3.4394354315736564e-06,0.9999912977218628,0.24892958998680115,-0.21815887093544006,-0.09410405158996582,1.3510704040527344,1.8181588649749756,1.6941040754318237,0.45268604159355164,0.2524815797805786,0.29483237862586975,vision,text,0,0.8571428656578064,0.9285714030265808,0.875,0.5897107720375061,0.4102892279624939,5.292647074384149e-06,3.4394354315736564e-06,0.9999912977218628,2.785554897855036e-07,2.2785341116104973e-06,0.9999974966049194,vision,vision,0,0.00011625244951574132,3.629067214205861e-05,4.12462532040081e-06,0.19754979014396667,0.4670884609222412
21,c7UH_rxdZv4$_$13,-2.5999999046325684,-0.24618877470493317,9.561822480463888e-06,4.373832325654803e-06,0.9999860525131226,0.04638250917196274,-0.07286525517702103,-0.08236351609230042,2.6463823318481445,2.527134656906128,2.517636299133301,0.2998187839984894,0.3480122983455658,0.35216885805130005,vision,vision,1,1.0,0.875,0.9729729890823364,0.5794671177864075,0.42053288221359253,9.561822480463888e-06,4.373832325654803e-06,0.9999860525131226,6.276619046730048e-07,3.1121503525355365e-06,0.9999963045120239,vision,vision,1,0.00017841291264630854,5.210205927141942e-05,6.815947017457802e-06,0.05858117714524269,0.12874603271484375
543,vvZ4IcEtiZc$_$1,2.0,1.0294530391693115,6.300093900790671e-06,4.128028194827493e-06,0.9999895095825195,0.33279529213905334,-0.36317500472068787,-0.06774259358644485,1.667204737663269,2.3631749153137207,2.0677425861358643,0.4938051402568817,0.2068881392478943,0.2993066608905792,vision,text,0,0.875,0.9473684430122375,0.8260869383811951,0.598111629486084,0.401888370513916,6.300093900790671e-06,4.128028194827493e-06,0.9999895095825195,3.423271550673235e-07,2.724423893596395e-06,0.9999969005584717,vision,vision,0,0.00013709177437704057,4.308472853153944e-05,4.917449132335605e-06,0.28520667552948,0.6959702968597412
239,f_pcplsH_V0$_$7,0.0,-0.7995518445968628,8.081604391918518e-06,5.579523076448822e-06,0.9999862909317017,-0.0030301064252853394,0.06288307905197144,-0.18466517329216003,0.0030301064252853394,0.06288307905197144,0.18466517329216003,0.36699944734573364,0.3405439257621765,0.29245662689208984,vision,text,0,0.9090909361839294,1.0,0.8965517282485962,0.5808900594711304,0.41910994052886963,8.081604391918518e-06,5.579523076448822e-06,0.9999862909317017,5.008961920793809e-07,3.868951807817211e-06,0.9999957084655762,vision,vision,0,0.00017594543169252574,5.97549878875725e-05,6.2362705648411065e-06,0.10467726737260818,0.24754825234413147
88,cXypl4FnoZo$_$7,-1.0,-0.7137422561645508,8.902407898858655e-06,4.609548795997398e-06,0.9999864101409912,0.004200413823127747,0.07412475347518921,-0.2025270164012909,1.0042004585266113,1.074124813079834,0.7974729537963867,0.3114125430583954,0.285349041223526,0.4032384157180786,vision,vision,1,1.0,0.9545454382896423,0.9259259104728699,0.584068238735199,0.415931761264801,8.902407898858655e-06,4.609548795997398e-06,0.9999864101409912,5.66781920952053e-07,3.2743264455348253e-06,0.9999961853027344,vision,vision,1,0.00017373684386257082,5.329975829226896e-05,6.482003300334327e-06,0.11745534837245941,0.2766517698764801
614,yDtzw_Y-7RU$_$7,-0.20000000298023224,0.37411636114120483,5.1323045227036346e-06,1.8803658576871385e-06,0.9999929666519165,0.12852244079113007,-0.14003106951713562,-0.08387313783168793,0.3285224437713623,0.05996893346309662,0.11612686514854431,0.2700525224208832,0.3777786195278168,0.3521689176559448,vision,audio,0,1.0,0.7906976938247681,0.9615384340286255,0.5857025980949402,0.4142974019050598,5.1323045227036346e-06,1.8803658576871385e-06,0.9999929666519165,2.705726558360766e-07,1.2647010407818016e-06,0.9999984502792358,vision,vision,0,9.431543003302068e-05,2.2797226847615093e-05,3.6536746392812347e-06,0.11565589904785156,0.2685534954071045
661,zhpQhgha_KU$_$1,-1.600000023841858,-0.5317866802215576,4.583481313602533e-06,4.103938408661634e-06,0.9999914169311523,0.003758572041988373,0.04353827238082886,-0.14844143390655518,1.6037585735321045,1.643538236618042,1.4515585899353027,0.3163512051105499,0.3010055124759674,0.38264328241348267,vision,vision,1,0.7777777910232544,1.0,0.90625,0.5774040222167969,0.4225959777832031,4.583481313602533e-06,4.103938408661634e-06,0.9999914169311523,2.703460779684974e-07,2.7953747121500783e-06,0.9999970197677612,vision,vision,1,0.00011581149010453373,4.2794999899342656e-05,3.7415118185890606e-06,0.08273349702358246,0.19197970628738403
207,f9O3YtZ2VfI$_$29,-2.0,0.6189030408859253,6.524882337544113e-06,2.583446985227056e-06,0.9999908208847046,0.29979678988456726,-0.41337862610816956,-0.0735405683517456,2.2997968196868896,1.5866214036941528,1.9264594316482544,0.1986733227968216,0.48450666666030884,0.3168199956417084,vision,audio,0,1.0,0.8181818127632141,0.9240506291389465,0.6034660339355469,0.3965339660644531,6.524882337544113e-06,2.583446985227056e-06,0.9999908208847046,3.471553498002322e-07,1.732912210172799e-06,0.9999978542327881,vision,vision,0,0.00012030509242322296,3.02776534226723e-05,4.687203272624174e-06,0.2912597060203552,0.7131754159927368
226,f9O3YtZ2VfI$_$18,-1.0,-0.42343005537986755,7.361650659731822e-06,3.22771848004777e-06,0.99998939037323,0.035284921526908875,0.023234516382217407,-0.14564627408981323,1.0352848768234253,1.023234486579895,0.8543537259101868,0.30590784549713135,0.31055063009262085,0.3835415244102478,vision,vision,1,1.0,0.875,0.8958333134651184,0.5798658132553101,0.42013418674468994,7.361650659731822e-06,3.22771848004777e-06,0.99998939037323,4.413828378346807e-07,2.3640702693228377e-06,0.9999971389770508,vision,vision,1,0.00013840902829542756,3.992689016740769e-05,5.1775068641291e-06,0.08259811252355576,0.1809311956167221
539,v0zCBqDeKcE$_$8,1.7999999523162842,0.14436659216880798,5.0285948418604676e-06,2.7291960122965975e-06,0.9999922513961792,0.06724058091640472,-0.035700201988220215,-0.1048889234662056,1.7327593564987183,1.8357001543045044,1.9048888683319092,0.37234658002853394,0.32738909125328064,0.30026429891586304,vision,text,0,0.9333333373069763,0.9166666865348816,0.9130434989929199,0.5788196921348572,0.4211803078651428,5.0285948418604676e-06,2.7291960122965975e-06,0.9999922513961792,2.620491272864456e-07,1.8042995861833333e-06,0.9999979734420776,vision,vision,0,0.00010404441854916513,2.984052844112739e-05,3.804495918302564e-06,0.07072046399116516,0.17212951183319092
4,c7UH_rxdZv4$_$20,-1.7999999523162842,-0.5703413486480713,7.218231075967196e-06,4.186178557574749e-06,0.9999885559082031,0.052175432443618774,0.006452038884162903,-0.1728801727294922,1.8521753549575806,1.8064520359039307,1.627119779586792,0.2955348491668701,0.31291791796684265,0.3915472626686096,vision,vision,1,0.9166666865348816,0.9178082346916199,0.9090909361839294,0.5808874368667603,0.41911256313323975,7.218231075967196e-06,4.186178557574749e-06,0.9999885559082031,4.131754280933819e-07,2.9164975785533898e-06,0.9999967813491821,vision,vision,1,0.00014872042811475694,4.644334330805577e-05,5.433393198472913e-06,0.09712574630975723,0.22505560517311096
6,c7UH_rxdZv4$_$22,-2.4000000953674316,-0.8326798677444458,5.301108103594743e-06,4.360930688562803e-06,0.9999903440475464,0.006315462291240692,0.0395084023475647,-0.16759133338928223,2.406315565109253,2.4395084381103516,2.2324087619781494,0.3122873604297638,0.2995953857898712,0.3881172835826874,vision,vision,1,0.7142857313156128,0.8852459192276001,0.9041095972061157,0.5781214237213135,0.4218785762786865,5.301108103594743e-06,4.360930688562803e-06,0.9999903440475464,3.2494870083610294e-07,2.9322015961952275e-06,0.9999966621398926,vision,vision,1,0.00012785784201696515,4.552816244540736e-05,4.240993803250603e-06,0.09082072973251343,0.20709973573684692
371,nbWiPyCm4g0$_$9,-1.399999976158142,-0.5447210669517517,5.16060390509665e-06,3.868119165417738e-06,0.9999910593032837,0.018192805349826813,0.07155558466911316,-0.17789027094841003,1.418192744255066,1.4715555906295776,1.2221096754074097,0.3112136721611023,0.2911318242549896,0.3976545035839081,vision,vision,1,0.75,0.8936170339584351,0.8928571343421936,0.5799679756164551,0.4200320243835449,5.16060390509665e-06,3.868119165417738e-06,0.9999910593032837,3.176366192292335e-07,2.797083880068385e-06,0.9999969005584717,vision,vision,1,0.00011995559907518327,4.359832746558823e-05,3.918419679393992e-06,0.10724809765815735,0.2494458556175232
572,vyB00TXsimI$_$19,1.2000000476837158,0.8393878936767578,1.2618507753359154e-05,6.397926881618332e-06,0.9999809265136719,0.36895695328712463,-0.6984157562255859,-0.011147155426442623,0.8310431241989136,1.8984158039093018,1.2111471891403198,0.5304564237594604,0.13970349729061127,0.3298400640487671,vision,text,0,0.8571428656578064,0.7777777910232544,0.7272727489471436,0.6122261881828308,0.3877738118171692,1.2618507753359154e-05,6.397926881618332e-06,0.9999809265136719,8.452690849480859e-07,4.560535217024153e-06,0.9999946355819702,vision,vision,0,0.0002379106736043468,7.32501721358858e-05,9.106566722039133e-06,0.4417266249656677,1.0673726797103882
44,cM3Yna7AavY$_$4,0.6000000238418579,-0.1229923814535141,3.965498763136566e-06,3.053052068935358e-06,0.9999929666519165,-0.0027987882494926453,0.010033398866653442,-0.1026005893945694,0.6027988195419312,0.5899666547775269,0.7026005983352661,0.34496021270751953,0.350538045167923,0.3045017421245575,vision,audio,0,0.7857142686843872,0.9438202381134033,0.875,0.5737206935882568,0.42627930641174316,3.965498763136566e-06,3.053052068935358e-06,0.9999929666519165,2.140175610065853e-07,2.1318837752914988e-06,0.999997615814209,vision,vision,0,9.510757809039205e-05,3.349035978317261e-05,3.107270458713174e-06,0.05034489929676056,0.11263398826122284
319,k5Y_838nuGo$_$9,1.7999999523162842,1.1053459644317627,7.353679393418133e-06,3.2080106393550523e-06,0.99998939037323,0.3414210081100464,-0.3521360456943512,-0.11310893297195435,1.4585789442062378,2.1521360874176025,1.9131088256835938,0.5033223628997803,0.21151256561279297,0.28516513109207153,vision,text,0,1.0,0.8695651888847351,0.8518518805503845,0.6004255414009094,0.3995744585990906,7.353679393418133e-06,3.2080106393550523e-06,0.99998939037323,3.866589395329356e-07,2.119735881933593e-06,0.9999974966049194,vision,vision,0,0.000138093251734972,3.5885535908164456e-05,5.3871754062129185e-06,0.2876635491847992,0.6935570240020752
370,nbWiPyCm4g0$_$6,0.0,-0.11825081706047058,4.613755663740449e-06,2.8993329124205047e-06,0.9999924898147583,0.03998669981956482,0.0549483597278595,-0.11796844750642776,0.03998669981956482,0.0549483597278595,0.11796844750642776,0.34618911147117615,0.33977481722831726,0.31403613090515137,vision,text,0,0.8333333134651184,0.8888888955116272,0.9534883499145508,0.5791292786598206,0.42087072134017944,4.613755663740449e-06,2.8993329124205047e-06,0.9999924898147583,2.7572411909204675e-07,2.0512688934104517e-06,0.9999977350234985,vision,vision,0,0.00010114643373526633,3.327524973428808e-05,3.477101472526556e-06,0.07822609692811966,0.17291679978370667
453,rnaNMUZpvvg$_$2,2.25,1.1454534530639648,7.926324542495422e-06,3.5093407859676518e-06,0.9999886751174927,0.3462960422039032,-0.27443796396255493,-0.11950583755970001,1.9037039279937744,2.52443790435791,2.3695058822631836,0.495314359664917,0.22798392176628113,0.27670174837112427,vision,text,0,1.0,0.8823529481887817,0.8095238208770752,0.5962421894073486,0.40375781059265137,7.926324542495422e-06,3.5093407859676518e-06,0.9999886751174927,4.224758356485836e-07,2.365813543292461e-06,0.9999971389770508,vision,vision,0,0.00014847968122921884,3.968955934396945e-05,5.703745046048425e-06,0.2637941241264343,0.6207339763641357
533,v0zCBqDeKcE$_$2,-0.4000000059604645,0.016657287254929543,4.390938102005748e-06,2.967902446471271e-06,0.9999926090240479,0.08064758777618408,-0.013073913753032684,-0.1224096342921257,0.48064759373664856,0.3869260847568512,0.2775903642177582,0.2929774224758148,0.3293916583061218,0.3776308596134186,vision,vision,1,0.8181818127632141,0.9090909361839294,0.925000011920929,0.5792878270149231,0.4207121729850769,4.390938102005748e-06,2.967902446471271e-06,0.9999926090240479,2.4343756876987754e-07,2.0089250938326586e-06,0.9999977350234985,vision,vision,1,9.931188833434135e-05,3.230526635888964e-05,3.4108259114873363e-06,0.08297941833734512,0.20305722951889038
109,d3_k5Xpfmik$_$16,2.0,0.7648193836212158,7.741802619420923e-06,4.440328666532878e-06,0.9999878406524658,0.29910361766815186,-0.5176187753677368,-0.02961324155330658,1.7008963823318481,2.5176186561584473,2.0296132564544678,0.49423590302467346,0.17805813252925873,0.32770591974258423,vision,text,0,1.0,1.0,0.8571428656578064,0.6048657298088074,0.3951342701911926,7.741802619420923e-06,4.440328666532878e-06,0.9999878406524658,4.637194876977446e-07,3.0658420655527152e-06,0.9999964237213135,vision,vision,0,0.00015797768719494343,4.924071254208684e-05,5.74521254748106e-06,0.33553269505500793,0.8167223930358887
318,k5Y_838nuGo$_$6,2.0,0.7102817296981812,4.1534890442562755e-06,2.9115151392034022e-06,0.9999929666519165,0.2056775689125061,-0.2619316577911377,-0.05221801996231079,1.7943224906921387,2.2619316577911377,2.052217960357666,0.4382488429546356,0.24427028000354767,0.31748083233833313,vision,text,0,0.7777777910232544,0.875,0.9473684430122375,0.5910671949386597,0.40893280506134033,4.1534890442562755e-06,2.9115151392034022e-06,0.9999929666519165,2.2917072328709764e-07,1.921465582199744e-06,0.9999978542327881,vision,vision,0,9.559417958371341e-05,3.09208917315118e-05,3.2673165151209105e-06,0.1912381649017334,0.4676092267036438
587,wMbj6ajWbic$_$5,0.20000000298023224,0.04797488823533058,6.219767328730086e-06,3.656517264971626e-06,0.9999901056289673,0.07949565351009369,-0.2693229913711548,-0.028447002172470093,0.12050434947013855,0.46932297945022583,0.22844700515270233,0.39676541090011597,0.25654956698417664,0.3466850817203522,vision,text,0,0.9375,0.9487179517745972,0.8541666865348816,0.5847445130348206,0.41525548696517944,6.219767328730086e-06,3.656517264971626e-06,0.9999901056289673,3.6170303019389394e-07,2.513059598641121e-06,0.9999971389770508,vision,vision,0,0.0001302114687860012,4.06095314247068e-05,4.6782902245467994e-06,0.14581088721752167,0.34881865978240967
283,jUzDDGyPkXU$_$1,2.799999952316284,1.2257978916168213,6.319067324511707e-06,3.1385579859488644e-06,0.9999905824661255,0.36675888299942017,-0.4612036943435669,-0.0615018755197525,2.433241128921509,3.2612037658691406,2.861501932144165,0.515272319316864,0.1830468773841858,0.3016808032989502,vision,text,0,1.0,0.9333333373069763,0.9411764740943909,0.6080607771873474,0.3919392228126526,6.319067324511707e-06,3.1385579859488644e-06,0.9999905824661255,3.4155675621150294e-07,2.1005419057473773e-06,0.9999974966049194,vision,vision,0,0.00012482001329772174,3.50303016602993e-05,4.643221927835839e-06,0.33808135986328125,0.8279625773429871
627,yDtzw_Y-7RU$_$18,-2.0,-0.6095927953720093,7.11552183929598e-06,3.894706878782017e-06,0.9999889135360718,0.006485506892204285,0.04165075719356537,-0.16432303190231323,2.0064854621887207,2.0416507720947266,1.835676908493042,0.31298789381980896,0.29952797293663025,0.3874841630458832,vision,vision,1,0.8999999761581421,0.8775510191917419,0.9137930870056152,0.58029705286026,0.41970294713974,7.11552183929598e-06,3.894706878782017e-06,0.9999889135360718,4.257263128693012e-07,2.7323046651872573e-06,0.9999967813491821,vision,vision,1,0.000143920406117104,4.444578007678501e-05,5.2400037020561285e-06,0.08996132016181946,0.2059737890958786
658,zhpQhgha_KU$_$23,-0.5,0.30168402194976807,5.567095740843797e-06,2.4986291009554407e-06,0.9999918937683105,0.13407815992832184,-0.06395241618156433,-0.12814101576805115,0.6340781450271606,0.43604758381843567,0.37185898423194885,0.27257290482521057,0.34912994503974915,0.3782971203327179,vision,vision,1,1.0,0.8857142925262451,0.930232584476471,0.5840088129043579,0.4159911870956421,5.567095740843797e-06,2.4986291009554407e-06,0.9999918937683105,3.040556464384281e-07,1.7375556353727006e-06,0.9999978542327881,vision,vision,1,0.00010767224011942744,2.9733884730376303e-05,3.99485952584655e-06,0.1116020679473877,0.2622191905975342
677,zhpQhgha_KU$_$16,1.7999999523162842,0.965349018573761,5.219794729782734e-06,3.213523086742498e-06,0.9999915361404419,0.2194974571466446,-0.20618444681167603,-0.10312894731760025,1.5805025100708008,2.0061843395233154,1.9031288623809814,0.4433622658252716,0.2604171633720398,0.2962205410003662,vision,text,0,0.875,0.9130434989929199,0.8545454740524292,0.5877126455307007,0.4122873544692993,5.219794729782734e-06,3.213523086742498e-06,0.9999915361404419,2.5580621354492905e-07,2.0442053028091323e-06,0.9999977350234985,vision,vision,0,0.00011257758887950331,3.2908144930843264e-05,4.110730060347123e-06,0.18132638931274414,0.4256818890571594
161,d6hH302o4v8$_$34,-3.0,-0.9236190915107727,9.856191354629118e-06,5.702932412532391e-06,0.9999843835830688,-0.016457021236419678,0.06806844472885132,-0.19247651100158691,2.9835429191589355,3.068068504333496,2.807523488998413,0.31788012385368347,0.286007285118103,0.3961125612258911,vision,vision,1,1.0,1.0,1.0,0.5848747491836548,0.4151252508163452,9.856191354629118e-06,5.702932412532391e-06,0.9999843835830688,7.045786674098053e-07,4.335663561505498e-06,0.9999949932098389,vision,vision,1,0.00019807289936579764,6.85072154738009e-05,7.042835932224989e-06,0.10853114724159241,0.26054495573043823
374,nzpVDcQ0ywM$_$20,0.20000000298023224,0.3553057312965393,6.094128366385121e-06,2.8551521609188057e-06,0.9999910593032837,0.1215251088142395,-0.05730875954031944,-0.07764401286840439,0.07847489416599274,0.2573087513446808,0.27764400839805603,0.38770341873168945,0.31003904342651367,0.3022575080394745,vision,text,0,1.0,0.9090909361839294,1.0,0.5829508304595947,0.4170491695404053,6.094128366385121e-06,2.8551521609188057e-06,0.9999910593032837,3.480722625681665e-07,1.958251004907652e-06,0.9999977350234985,vision,vision,0,0.000118550073239021,3.3159463782794774e-05,4.439559234015178e-06,0.08948210626840591,0.1991691291332245
58,cW1FSBF59ik$_$4,1.600000023841858,0.32157421112060547,5.600920758297434e-06,2.7648304694594117e-06,0.9999916553497314,0.043690748512744904,-0.08000383526086807,-0.0697849690914154,1.5563092231750488,1.6800038814544678,1.6697850227355957,0.36704009771347046,0.3144586682319641,0.31850120425224304,vision,text,0,0.9583333134651184,0.8860759735107422,0.892307698726654,0.5768126845359802,0.4231873154640198,5.600920758297434e-06,2.7648304694594117e-06,0.9999916553497314,2.737463091762038e-07,1.749044031384983e-06,0.9999979734420776,vision,vision,0,0.00011143998563056812,2.9329459721338935e-05,4.220351002004463e-06,0.05605702847242355,0.12369458377361298
632,yvsjCA6Y5Fc$_$1,-2.0,-0.4340275526046753,6.455518814618699e-06,3.3838264243968297e-06,0.9999902248382568,0.05996614694595337,-0.0024095624685287476,-0.17791509628295898,2.0599660873413086,1.99759042263031,1.822084903717041,0.29176822304725647,0.31542760133743286,0.39280417561531067,vision,vision,1,0.9259259104728699,0.875,0.8888888955116272,0.5812766551971436,0.41872334480285645,6.455518814618699e-06,3.3838264243968297e-06,0.9999902248382568,3.430269543969189e-07,2.269074911964708e-06,0.9999973773956299,vision,vision,1,0.00012952668475918472,3.719808955793269e-05,4.79326718050288e-06,0.10070882737636566,0.23788124322891235
297,jUzDDGyPkXU$_$14,0.800000011920929,0.3638001084327698,3.954812655138085e-06,2.489668304406223e-06,0.9999935626983643,0.10366199165582657,-0.06684769690036774,-0.09744022786617279,0.6963379979133606,0.8668476939201355,0.8974402546882629,0.38673144578933716,0.31249651312828064,0.3007720708847046,vision,text,0,0.7692307829856873,0.8214285969734192,0.9142857193946838,0.5791285037994385,0.4208714962005615,3.954812655138085e-06,2.489668304406223e-06,0.9999935626983643,2.0369910203044128e-07,1.62389846991573e-06,0.9999980926513672,vision,vision,0,8.774255547905341e-05,2.6673602405935526e-05,3.0489454729831778e-06,0.08847571164369583,0.20110222697257996
500,tStelxIAHjw$_$7,1.399999976158142,1.2330530881881714,5.796222012577346e-06,3.263031203459832e-06,0.9999909400939941,0.3446826934814453,-0.25865793228149414,-0.11248476803302765,1.0553172826766968,1.6586579084396362,1.5124847888946533,0.4913766086101532,0.23114266991615295,0.27748075127601624,vision,text,0,1.0,1.0,1.0,0.5997428297996521,0.4002571702003479,5.796222012577346e-06,3.263031203459832e-06,0.9999909400939941,3.0838018005852064e-07,2.120382760040229e-06,0.9999974966049194,vision,vision,0,0.00012015389802400023,3.4807286283466965e-05,4.395667019707616e-06,0.25698867440223694,0.6033406257629395
63,cW1FSBF59ik$_$11,-1.0,-0.593590497970581,5.899764346395386e-06,2.9482469017239055e-06,0.9999911785125732,0.013621404767036438,0.014907151460647583,-0.14026126265525818,1.01362144947052,1.0149071216583252,0.8597387075424194,0.3114786148071289,0.3109784722328186,0.3775429129600525,vision,vision,1,0.9411764740943909,0.8705882430076599,0.8737863898277283,0.5776963233947754,0.4223036766052246,5.899764346395386e-06,2.9482469017239055e-06,0.9999911785125732,3.2565944252382906e-07,1.9865638023475185e-06,0.999997615814209,vision,vision,1,0.00011738202738342807,3.3310672733932734e-05,4.324363544583321e-06,0.0728459283709526,0.15516841411590576
660,zhpQhgha_KU$_$29,-1.2000000476837158,-0.818661630153656,7.391266990453005e-06,4.2060946725541726e-06,0.9999884366989136,0.03095245361328125,0.015579767525196075,-0.2055184543132782,1.230952501296997,1.215579867362976,0.9944815635681152,0.29732537269592285,0.30309394001960754,0.3995806872844696,vision,vision,1,0.9285714030265808,0.9166666865348816,1.0,0.5838623046875,0.4161376953125,7.391266990453005e-06,4.2060946725541726e-06,0.9999884366989136,4.842177645514312e-07,3.0806195354671218e-06,0.9999964237213135,vision,vision,1,0.00015093976981006563,4.9691505410009995e-05,5.339848939911462e-06,0.10803251713514328,0.23647090792655945
55,cW1FSBF59ik$_$3,-1.0,-0.5394728779792786,5.678961315425113e-06,3.1380213840748183e-06,0.9999911785125732,-0.014656037092208862,0.08672143518924713,-0.1620146930217743,0.9853439331054688,1.086721420288086,0.8379852771759033,0.32433485984802246,0.28573212027549744,0.3899329602718353,vision,vision,1,0.9090909361839294,0.9047619104385376,0.9545454382896423,0.5829421281814575,0.4170578718185425,5.678961315425113e-06,3.1380213840748183e-06,0.9999911785125732,3.6212594523021835e-07,2.3003563001111615e-06,0.9999973773956299,vision,vision,1,0.00011716093285940588,3.783780266530812e-05,4.117794560443144e-06,0.10212281346321106,0.24873612821102142
254,fvVhgmXxadc$_$6,-0.20000000298023224,-0.7378091216087341,8.30382759886561e-06,3.668332510642358e-06,0.9999879598617554,0.020338773727416992,0.04335281252861023,-0.21631336212158203,0.22033877670764923,0.24335281550884247,0.016313359141349792,0.30654680728912354,0.2978537976741791,0.3955994248390198,vision,vision,1,0.9599999785423279,0.8333333134651184,0.9305555820465088,0.5839897990226746,0.41601020097732544,8.30382759886561e-06,3.668332510642358e-06,0.9999879598617554,5.132630462867382e-07,2.6179345695709344e-06,0.9999969005584717,vision,vision,1,0.00015507687930949032,4.4161512050777674e-05,5.927219717705157e-06,0.11736003309488297,0.25966617465019226
329,k5Y_838nuGo$_$19,-0.6000000238418579,-0.10030335932970047,5.157127361599123e-06,2.5361705411341973e-06,0.9999923706054688,0.0241917222738266,-0.000978522002696991,-0.08830663561820984,0.6241917610168457,0.5990214943885803,0.5116933584213257,0.3141735792160034,0.32421553134918213,0.36161088943481445,vision,vision,1,0.9473684430122375,0.8857142925262451,0.9285714030265808,0.5770381093025208,0.42296189069747925,5.157127361599123e-06,2.5361705411341973e-06,0.9999923706054688,2.927180275946739e-07,1.790832129699993e-06,0.9999979734420776,vision,vision,1,0.00010307627962902188,3.0108192731859162e-05,3.7375280044216197e-06,0.048207446932792664,0.11249835789203644
102,d3_k5Xpfmik$_$11,2.4000000953674316,0.24342241883277893,6.097163350204937e-06,2.8141780603618827e-06,0.9999910593032837,0.10972478240728378,-0.0910860076546669,-0.09480111300945282,2.2902753353118896,2.491086006164551,2.4948012828826904,0.3917851746082306,0.30481359362602234,0.30340126156806946,vision,text,0,1.0,0.8983050584793091,0.8857142925262451,0.5805277228355408,0.41947227716445923,6.097163350204937e-06,2.8141780603618827e-06,0.9999910593032837,3.2702322982913756e-07,1.9463207081571454e-06,0.9999977350234985,vision,vision,0,0.00011810107389464974,3.2721945899538696e-05,4.437905772647355e-06,0.09555081278085709,0.204525887966156
597,wMbj6ajWbic$_$15,2.0,-0.7795100212097168,8.119544872897677e-06,4.540933332464192e-06,0.9999873638153076,-0.014699399471282959,0.034782201051712036,-0.15735268592834473,2.0146994590759277,1.9652178287506104,2.1573526859283447,0.344770222902298,0.3667682707309723,0.28846147656440735,vision,audio,0,0.8823529481887817,0.8695651888847351,0.8909090757369995,0.5789663195610046,0.42103368043899536,8.119544872897677e-06,4.540933332464192e-06,0.9999873638153076,5.599756036644976e-07,3.354660975674051e-06,0.9999960660934448,vision,vision,0,0.00016365150804631412,5.4261097830021754e-05,5.816039902128978e-06,0.08145496994256973,0.19213488698005676
138,d6hH302o4v8$_$5,-1.3333333730697632,-0.9378626346588135,1.5588009773637168e-05,6.007805495755747e-06,0.9999784231185913,-0.007346019148826599,0.0465397834777832,-0.13953904807567596,1.3259873390197754,1.3798731565475464,1.1937943696975708,0.32107484340667725,0.30016037821769714,0.3787647783756256,vision,vision,1,1.0,0.800000011920929,0.8333333134651184,0.5789265632629395,0.42107343673706055,1.5588009773637168e-05,6.007805495755747e-06,0.9999784231185913,1.3086918215776677e-06,4.755195277539315e-06,0.9999939203262329,vision,vision,1,0.00026632900699041784,8.206885104300454e-05,1.034304568747757e-05,0.07817644625902176,0.18607883155345917
460,rnaNMUZpvvg$_$11,-2.5999999046325684,-0.6507702469825745,7.200166237453232e-06,4.872573299508076e-06,0.9999879598617554,0.035441651940345764,0.022916004061698914,-0.19385239481925964,2.635441541671753,2.6229159832000732,2.4061474800109863,0.29871293902397156,0.30342671275138855,0.3978602886199951,vision,vision,1,0.9166666865348816,1.0,0.8222222328186035,0.5785214304924011,0.4214785695075989,7.200166237453232e-06,4.872573299508076e-06,0.9999879598617554,4.0556597014074214e-07,3.4000138384726597e-06,0.9999961853027344,vision,vision,1,0.0001568809529999271,5.25760005984921e-05,5.4975334933260456e-06,0.10526220500469208,0.2292940467596054
390,nzpVDcQ0ywM$_$12,-1.399999976158142,-0.7531799077987671,7.433061909978278e-06,4.550678113446338e-06,0.9999880790710449,-0.022459611296653748,0.08937165141105652,-0.211208313703537,1.3775403499603271,1.489371657371521,1.1887916326522827,0.3189146816730499,0.2773095965385437,0.40377572178840637,vision,vision,1,0.9333333373069763,0.9743589758872986,0.8723404407501221,0.5829095244407654,0.4170904755592346,7.433061909978278e-06,4.550678113446338e-06,0.9999880790710449,4.6744060000492027e-07,3.3593162243050756e-06,0.9999961853027344,vision,vision,1,0.00015565656940452754,5.29482786078006e-05,5.421071819000645e-06,0.12404327839612961,0.3005799651145935
317,k5Y_838nuGo$_$7,-2.4000000953674316,-0.6027439832687378,1.8052642190014012e-05,9.736981155583635e-06,0.9999722242355347,0.029192209243774414,0.006940871477127075,-0.1450575888156891,2.429192304611206,2.4069409370422363,2.2549424171447754,0.30566468834877014,0.31428590416908264,0.3800494074821472,vision,vision,1,0.8999999761581421,0.8333333134651184,0.9090909361839294,0.5791317820549011,0.4208682179450989,1.8052642190014012e-05,9.736981155583635e-06,0.9999722242355347,1.482652351114666e-06,7.489725248888135e-06,0.9999910593032837,vision,vision,1,0.0003372909559402615,0.00011721395276254043,1.2550771316455211e-05,0.07743215560913086,0.1742497980594635
480,tIrG4oNLFzE$_$3,2.5999999046325684,1.1246576309204102,4.984810857422417e-06,2.6549678295850754e-06,0.9999923706054688,0.35406166315078735,-0.3051127791404724,-0.12057033181190491,2.245938301086426,2.9051127433776855,2.7205703258514404,0.5022112131118774,0.22031378746032715,0.277474969625473,vision,text,0,0.9285714030265808,0.8974359035491943,0.957446813583374,0.6010336875915527,0.39896631240844727,4.984810857422417e-06,2.6549678295850754e-06,0.9999923706054688,2.499470213024324e-07,1.696046751931135e-06,0.9999980926513672,vision,vision,0,0.00010255686356686056,2.8223001208971255e-05,3.805277174251387e-06,0.27765733003616333,0.6591744422912598
145,d6hH302o4v8$_$38,-3.0,-0.6331732869148254,1.0258090696879663e-05,4.900373824057169e-06,0.999984860420227,0.020525239408016205,0.06344735622406006,-0.16960275173187256,3.0205252170562744,3.0634474754333496,2.830397129058838,0.3109414577484131,0.29469823837280273,0.3943603038787842,vision,vision,1,1.0,0.9166666865348816,0.8965517282485962,0.5817720890045166,0.4182279109954834,1.0258090696879663e-05,4.900373824057169e-06,0.999984860420227,6.557293090736493e-07,3.5038515306951012e-06,0.9999958276748657,vision,vision,1,0.0001928716665133834,5.750251148128882e-05,7.322046258195769e-06,0.10127153992652893,0.23305010795593262
193,etzxEpPuc6I$_$4,0.800000011920929,0.4257887005805969,4.009621079603676e-06,2.3427000996889547e-06,0.9999935626983643,0.041032783687114716,-0.08478133380413055,-0.07320430874824524,0.7589672207832336,0.8847813606262207,0.8732043504714966,0.3674571216106415,0.3139830529689789,0.31855982542037964,vision,text,0,0.8636363744735718,0.8867924809455872,0.9032257795333862,0.5761817097663879,0.42381829023361206,4.009621079603676e-06,2.3427000996889547e-06,0.9999935626983643,1.9758114433443552e-07,1.517270447948249e-06,0.9999982118606567,vision,vision,0,8.661537140142173e-05,2.5147795895463787e-05,3.09554411614954e-06,0.05677766725420952,0.12581411004066467
227,f9O3YtZ2VfI$_$30,-1.0,-0.6459168195724487,6.28178486294928e-06,4.900706244370667e-06,0.9999887943267822,0.05163992941379547,0.028352320194244385,-0.17775610089302063,1.0516399145126343,1.0283522605895996,0.8222439289093018,0.2974754571914673,0.3062621057033539,0.39626240730285645,vision,vision,1,0.7857142686843872,0.9399999976158142,0.8666666746139526,0.5786073207855225,0.42139267921447754,6.28178486294928e-06,4.900706244370667e-06,0.9999887943267822,3.75438304445197e-07,3.429501703067217e-06,0.9999961853027344,vision,vision,1,0.00014634462422691286,5.25032592122443e-05,4.922841981169768e-06,0.10308870673179626,0.2293960303068161
526,v0zCBqDeKcE$_$13,1.7999999523162842,-0.0608857236802578,5.155601684236899e-06,2.6973145850206492e-06,0.9999921321868896,0.05272746831178665,-0.011536732316017151,-0.13483405113220215,1.7472724914550781,1.8115366697311401,1.9348340034484863,0.36848485469818115,0.3400420844554901,0.2914731204509735,vision,text,0,0.9599999785423279,0.9210526347160339,0.9239130616188049,0.5799950957298279,0.4200049042701721,5.155601684236899e-06,2.6973145850206492e-06,0.9999921321868896,2.684641060568538e-07,1.799065898921981e-06,0.9999979734420776,vision,vision,0,0.0001052078150678426,2.9867256671423092e-05,3.875547008647118e-06,0.07782561331987381,0.1875615119934082
332,k5Y_838nuGo$_$30,1.600000023841858,0.47226399183273315,5.542270628211554e-06,2.910261855504359e-06,0.9999916553497314,0.09509299695491791,-0.08211945742368698,-0.08299146592617035,1.5049070119857788,1.6821194887161255,1.6829915046691895,0.3843590021133423,0.3079882562160492,0.30765271186828613,vision,text,0,0.9166666865348816,0.8857142925262451,0.8780487775802612,0.5784510970115662,0.42154890298843384,5.542270628211554e-06,2.910261855504359e-06,0.9999916553497314,2.923670194832084e-07,1.9474293821986066e-06,0.9999978542327881,vision,vision,0,0.00011250122042838484,3.21314437314868e-05,4.137206815357786e-06,0.08374503999948502,0.17808446288108826
281,jUzDDGyPkXU$_$22,-2.4000000953674316,-0.7787742614746094,8.56069254950853e-06,3.1131851301324787e-06,0.999988317489624,-0.01762433350086212,0.06710948050022125,-0.19372010231018066,2.382375717163086,2.4671096801757812,2.206279993057251,0.31789177656173706,0.28594329953193665,0.3961649239063263,vision,vision,1,0.9444444179534912,0.7200000286102295,0.8983050584793091,0.5836519598960876,0.41634804010391235,8.56069254950853e-06,3.1131851301324787e-06,0.999988317489624,5.651319838761992e-07,2.3165523543866584e-06,0.9999971389770508,vision,vision,1,0.00015102620818652213,4.102949606021866e-05,5.871227585885208e-06,0.10863886028528214,0.2608295679092407
202,f9O3YtZ2VfI$_$20,-0.4000000059604645,-0.5900157690048218,7.929462299216539e-06,6.096544439060381e-06,0.999985933303833,0.051782652735710144,-0.0157996267080307,-0.1459037959575653,0.4517826437950134,0.38420039415359497,0.25409621000289917,0.29687103629112244,0.32303982973098755,0.38008913397789,vision,vision,1,0.75,0.8787878751754761,0.8974359035491943,0.5778859257698059,0.4221140742301941,7.929462299216539e-06,6.096544439060381e-06,0.999985933303833,5.208161155678681e-07,4.264222752681235e-06,0.999995231628418,vision,vision,1,0.00018038356211036444,6.50117508484982e-05,6.179764568514656e-06,0.08203954994678497,0.19768644869327545
438,phBUpBr1hSo$_$1,1.399999976158142,0.8180814981460571,4.9969289648288395e-06,2.653036744959536e-06,0.9999923706054688,0.26289233565330505,-0.2715325355529785,-0.09799262881278992,1.1371076107025146,1.6715325117111206,1.4979926347732544,0.46519410610198975,0.23851296305656433,0.29629290103912354,vision,text,0,0.8999999761581421,0.8636363744735718,0.8888888955116272,0.5937538743019104,0.4062461256980896,4.9969289648288395e-06,2.653036744959536e-06,0.9999923706054688,2.497577895610448e-07,1.7358185004923143e-06,0.9999979734420776,vision,vision,0,0.00010266981553286314,2.8827744245063514e-05,3.7557420000666752e-06,0.2226017862558365,0.534424901008606
425,pLTX3ipuDJI$_$9,0.0,-0.3964310884475708,6.106082309997873e-06,3.1183662940748036e-06,0.9999908208847046,0.007021375000476837,0.01605534553527832,-0.13008913397789001,0.007021375000476837,0.01605534553527832,0.13008913397789001,0.35134756565093994,0.34740227460861206,0.3012501895427704,vision,text,0,0.96875,0.9090909361839294,0.8974359035491943,0.577873706817627,0.42212629318237305,6.106082309997873e-06,3.1183662940748036e-06,0.9999908208847046,3.3399831522729073e-07,2.0830827907047933e-06,0.999997615814209,vision,vision,0,0.0001220053673023358,3.459516301518306e-05,4.53409938927507e-06,0.06686562299728394,0.14614447951316833
298,jUzDDGyPkXU$_$17,-2.799999952316284,-0.8917579650878906,1.1617016753007192e-05,6.236217814148404e-06,0.9999822378158569,-0.004618450999259949,0.03742370009422302,-0.19660013914108276,2.795381546020508,2.83742356300354,2.6033997535705566,0.310556560754776,0.29465752840042114,0.39478591084480286,vision,vision,1,1.0,0.9523809552192688,0.8846153616905212,0.5812944769859314,0.4187055230140686,1.1617016753007192e-05,6.236217814148404e-06,0.9999822378158569,7.219423991955409e-07,4.306282335164724e-06,0.9999949932098389,vision,vision,1,0.0002244885836262256,6.840207061031833e-05,8.526801138941664e-06,0.10186684131622314,0.2340238392353058
261,iiK8YX8oH1E$_$15,0.6000000238418579,-0.11169347912073135,7.54686971049523e-06,3.3513249491079478e-06,0.9999891519546509,0.016288205981254578,0.04202157258987427,-0.09559109807014465,0.5837118029594421,0.5579784512519836,0.6955910921096802,0.3445686995983124,0.3558325171470642,0.2995988428592682,vision,audio,0,0.875,0.75,0.7777777910232544,0.5746234655380249,0.4253765344619751,7.54686971049523e-06,3.3513249491079478e-06,0.9999891519546509,4.466253926693753e-07,2.320218527529505e-06,0.9999972581863403,vision,vision,0,0.0001420859625795856,3.9354461478069425e-05,5.412527571024839e-06,0.059736862778663635,0.13761267066001892
671,zhpQhgha_KU$_$10,0.6000000238418579,-0.04585185647010803,4.204692231724039e-06,2.255713070553611e-06,0.9999935626983643,0.05495569854974747,-0.023230448365211487,-0.1327463686466217,0.5450443029403687,0.6232304573059082,0.7327463626861572,0.3706783652305603,0.3361649811267853,0.2931566536426544,vision,text,0,0.8823529481887817,0.8514851331710815,0.9444444179534912,0.580154538154602,0.41984546184539795,4.204692231724039e-06,2.255713070553611e-06,0.9999935626983643,2.226767179536182e-07,1.5305157603506814e-06,0.9999982118606567,vision,vision,0,8.779737981967628e-05,2.5672710762592033e-05,3.118791710221558e-06,0.07698403298854828,0.18770205974578857
144,d6hH302o4v8$_$39,-3.0,-0.9149072170257568,1.129350857809186e-05,5.21160018251976e-06,0.9999834299087524,0.0028987377882003784,0.07336685061454773,-0.21408578753471375,3.002898693084717,3.07336688041687,2.785914182662964,0.30986037850379944,0.2837337851524353,0.40640589594841003,vision,vision,1,1.0,0.8928571343421936,0.9117646813392639,0.5845869183540344,0.4154130816459656,1.129350857809186e-05,5.21160018251976e-06,0.9999834299087524,7.712844762863824e-07,3.903418019035598e-06,0.9999953508377075,vision,vision,1,0.0002085946616716683,6.409705383703113e-05,7.917112270661164e-06,0.12232791632413864,0.2874526381492615
321,k5Y_838nuGo$_$11,0.5,1.1039202213287354,6.93403126206249e-06,3.5047487472184002e-06,0.9999896287918091,0.36339715123176575,-0.4322282671928406,-0.08255328983068466,0.13660284876823425,0.9322282671928406,0.5825532674789429,0.5147817134857178,0.19041602313518524,0.29480230808258057,vision,text,0,1.0,0.9411764740943909,0.8780487775802612,0.6049159169197083,0.39508408308029175,6.93403126206249e-06,3.5047487472184002e-06,0.9999896287918091,3.651938129678456e-07,2.306379656147328e-06,0.9999973773956299,vision,vision,0,0.00013674554065801203,3.795238444581628e-05,5.171937118575443e-06,0.3256044387817383,0.7956254482269287
456,rnaNMUZpvvg$_$7,-0.4000000059604645,-0.04863078519701958,5.468649760587141e-06,2.953752527901088e-06,0.9999915361404419,0.06410279124975204,-0.031166493892669678,-0.09346213191747665,0.4641028046607971,0.3688335120677948,0.3065378665924072,0.2990289032459259,0.33684635162353516,0.36412477493286133,vision,vision,1,0.8888888955116272,0.8620689511299133,0.8529411554336548,0.5766434669494629,0.4233565330505371,5.468649760587141e-06,2.953752527901088e-06,0.9999915361404419,3.041300828954263e-07,2.0044697066623485e-06,0.999997615814209,vision,vision,1,0.00011231309326831251,3.322699194541201e-05,4.06449271395104e-06,0.0647934228181839,0.1575649231672287
228,f_pcplsH_V0$_$11,-0.4000000059604645,-0.7916393280029297,7.1018239395925775e-06,4.453686415217817e-06,0.9999884366989136,0.00370604544878006,0.06882765889167786,-0.2195112407207489,0.40370604395866394,0.46882766485214233,0.18048876523971558,0.3082938492298126,0.28419235348701477,0.407513827085495,vision,vision,1,0.8571428656578064,0.8999999761581421,0.8085106611251831,0.5806054472923279,0.4193945527076721,7.1018239395925775e-06,4.453686415217817e-06,0.9999884366989136,4.4052205794287147e-07,3.2559116789343534e-06,0.9999963045120239,vision,vision,1,0.00015061383601278067,5.126135147293098e-05,5.242296538199298e-06,0.12347113341093063,0.28833889961242676
360,lXPQBPVc5Cw$_$19,-1.7999999523162842,-0.3566257953643799,6.11995164945256e-06,3.99458758693072e-06,0.9999898672103882,0.008329525589942932,0.025170937180519104,-0.09893852472305298,1.808329463005066,1.825170874595642,1.701061487197876,0.3202400207519531,0.31356877088546753,0.36619120836257935,vision,vision,1,0.8888888955116272,0.949999988079071,0.8399999737739563,0.5744261145591736,0.4255738854408264,6.11995164945256e-06,3.99458758693072e-06,0.9999898672103882,3.769194165670342e-07,2.825717956511653e-06,0.9999967813491821,vision,vision,1,0.00013323139864951372,4.487738260650076e-05,4.608680228557205e-06,0.05496789515018463,0.12410946190357208
442,phBUpBr1hSo$_$4,-0.800000011920929,-0.12016284465789795,7.721386282355525e-06,3.464680958131794e-06,0.9999887943267822,0.05493587255477905,0.0015797987580299377,-0.15625715255737305,0.854935884475708,0.8015798330307007,0.6437428593635559,0.2966403067111969,0.3170994222164154,0.38626033067703247,vision,vision,1,0.96875,0.8461538553237915,0.8660714030265808,0.5801976323127747,0.41980236768722534,7.721386282355525e-06,3.464680958131794e-06,0.9999887943267822,4.3355214529583463e-07,2.386318328717607e-06,0.9999971389770508,vision,vision,1,0.00014563911827281117,4.008593532489613e-05,5.5702821555314586e-06,0.08966720104217529,0.2111930251121521
160,d6hH302o4v8$_$35,-1.600000023841858,-0.7945016622543335,7.3452310971333645e-06,4.49155686510494e-06,0.9999880790710449,-0.017411693930625916,0.07571825385093689,-0.18766766786575317,1.5825883150100708,1.6757183074951172,1.41233229637146,0.3197677433490753,0.2846277952194214,0.3956044912338257,vision,vision,1,0.8888888955116272,0.9230769276618958,0.8936170339584351,0.5817520618438721,0.41824793815612793,7.3452310971333645e-06,4.49155686510494e-06,0.9999880790710449,4.619987805654091e-07,3.2238954190688673e-06,0.9999963045120239,vision,vision,1,0.0001540381636004895,5.118100671097636e-05,5.4587781050940976e-06,0.10905271023511887,0.26338592171669006
403,ob23OKe5a9Q$_$3,-1.2000000476837158,-0.04802210256457329,3.7085922031110385e-06,2.2940787403058494e-06,0.9999940395355225,0.02233462780714035,-0.009283937513828278,-0.07892842590808868,1.222334623336792,1.1907161474227905,1.1210715770721436,0.31493550539016724,0.32763195037841797,0.3574325442314148,vision,vision,1,0.800000011920929,0.8421052694320679,0.9555555582046509,0.5759329199790955,0.42406708002090454,3.7085922031110385e-06,2.2940787403058494e-06,0.9999940395355225,1.9616624058471643e-07,1.4975099702496664e-06,0.9999982118606567,vision,vision,1,8.210492524085566e-05,2.488223253749311e-05,2.8271067549212603e-06,0.04230089858174324,0.10126305371522903
566,vyB00TXsimI$_$13,2.4000000953674316,0.8781470656394958,6.199683411978185e-06,3.0837352369417204e-06,0.999990701675415,0.26651889085769653,-0.2348662167787552,-0.10215037316083908,2.13348126411438,2.634866237640381,2.502150535583496,0.4618742763996124,0.2467958778142929,0.29132986068725586,vision,text,0,0.8888888955116272,0.8333333134651184,0.8571428656578064,0.5916697978973389,0.40833020210266113,6.199683411978185e-06,3.0837352369417204e-06,0.999990701675415,3.397290697648714e-07,2.1018563529651146e-06,0.9999974966049194,vision,vision,0,0.00012274945038370788,3.502078106976114e-05,4.545587671600515e-06,0.21211043000221252,0.5013850927352905
437,phBUpBr1hSo$_$20,-1.25,0.26515308022499084,4.9386994760425296e-06,2.5693404950288823e-06,0.9999924898147583,0.03166431188583374,-0.10173040628433228,-0.03973974660038948,1.2816643714904785,1.1482696533203125,1.210260272026062,0.30536115169525146,0.3607693016529083,0.3338695466518402,vision,audio,0,0.9583333134651184,0.9166666865348816,0.9482758641242981,0.5782707333564758,0.42172926664352417,4.9386994760425296e-06,2.5693404950288823e-06,0.9999924898147583,2.637807483552024e-07,1.719210558803752e-06,0.9999980926513672,vision,vision,0,0.00010090543219121173,2.87035418296e-05,3.7092954698891845e-06,0.054503343999385834,0.13339471817016602
458,rnaNMUZpvvg$_$9,-1.399999976158142,-0.834587574005127,8.07697324489709e-06,3.78160689251672e-06,0.9999880790710449,0.0005819350481033325,0.05067741870880127,-0.20242318511009216,1.400581955909729,1.4506773948669434,1.1975767612457275,0.30977410078048706,0.2909711003303528,0.39925479888916016,vision,vision,1,1.0,0.8965517282485962,0.95652174949646,0.5842300057411194,0.4157699942588806,8.07697324489709e-06,3.78160689251672e-06,0.9999880790710449,4.924153245156049e-07,2.6875136427406687e-06,0.9999967813491821,vision,vision,1,0.00015383017307613045,4.4823027565144e-05,5.7936431403504685e-06,0.10943315923213959,0.25310060381889343
471,tIrG4oNLFzE$_$10,-1.7999999523162842,-0.44132763147354126,7.695759450143669e-06,3.4901502203865675e-06,0.9999887943267822,0.008199922740459442,0.021320879459381104,-0.10544026643037796,1.8081998825073242,1.8213207721710205,1.6945596933364868,0.3188402056694031,0.31365352869033813,0.367506206035614,vision,vision,1,0.9333333373069763,0.8148148059844971,0.9375,0.578230619430542,0.421769380569458,7.695759450143669e-06,3.4901502203865675e-06,0.9999887943267822,4.5537689175034757e-07,2.3369379960058723e-06,0.9999971389770508,vision,vision,1,0.00014565768651664257,3.979292887379415e-05,5.579414846579311e-06,0.0569157674908638,0.12676113843917847
381,nzpVDcQ0ywM$_$5,-0.4000000059604645,0.06210597977042198,5.534718184208032e-06,2.7429694000602467e-06,0.999991774559021,0.06677759438753128,0.013507485389709473,-0.10779131203889847,0.46677759289741516,0.41350749135017395,0.2922087013721466,0.30186817049980164,0.322653204202652,0.3754786252975464,vision,vision,1,0.9230769276618958,0.8636363744735718,0.8846153616905212,0.5784966349601746,0.42150336503982544,5.534718184208032e-06,2.7429694000602467e-06,0.999991774559021,3.1709271297586383e-07,1.9450458239589352e-06,0.9999977350234985,vision,vision,1,0.00011032801558030769,3.256794298067689e-05,3.992004621977685e-06,0.07304900139570236,0.17456890642642975
231,f_pcplsH_V0$_$12,-0.800000011920929,-0.24056890606880188,4.5730739657301456e-06,2.6843235900742e-06,0.9999927282333374,0.054412148892879486,-0.02858159691095352,-0.13242904841899872,0.8544121384620667,0.7714183926582336,0.667570948600769,0.29652541875839233,0.32893988490104675,0.3745346665382385,vision,vision,1,0.8799999952316284,0.8814589381217957,0.8962025046348572,0.5787134766578674,0.42128652334213257,4.5730739657301456e-06,2.6843235900742e-06,0.9999927282333374,2.368258691376468e-07,1.8520187268222799e-06,0.9999978542327881,vision,vision,1,9.79139149421826e-05,3.018422648892738e-05,3.4315175980736967e-06,0.07643580436706543,0.1868411898612976
646,yvsjCA6Y5Fc$_$14,-1.0,-0.9485472440719604,1.031955071084667e-05,5.108450295665534e-06,0.9999845027923584,0.00032260268926620483,0.06375065445899963,-0.23099538683891296,1.0003225803375244,1.0637506246566772,0.7690045833587646,0.30683645606040955,0.28344830870628357,0.4097152054309845,vision,vision,1,1.0,0.9189189076423645,0.8636363744735718,0.5835567116737366,0.4164432883262634,1.031955071084667e-05,5.108450295665534e-06,0.9999845027923584,6.385284905263688e-07,3.6091782931180205e-06,0.9999958276748657,vision,vision,1,0.00019620521925389767,5.84907757001929e-05,7.501726031478029e-06,0.12666945159435272,0.2947460412979126
33,cM3Yna7AavY$_$11,2.0,0.5940516591072083,8.865516974765342e-06,3.125208195342566e-06,0.9999880790710449,0.2859680652618408,-0.3563080132007599,-0.07882006466388702,1.7140319347381592,2.3563079833984375,2.078819990158081,0.48033607006073,0.2152157425880432,0.3044481873512268,vision,text,0,1.0,0.7599999904632568,0.8333333134651184,0.5984185934066772,0.40158140659332275,8.865516974765342e-06,3.125208195342566e-06,0.9999880790710449,5.215517830947647e-07,2.232466840723646e-06,0.9999972581863403,vision,vision,0,0.00015465162869077176,3.93166919820942e-05,6.138608114270028e-06,0.2630142569541931,0.6422760486602783
1,c7UH_rxdZv4$_$25,0.0,0.539140522480011,4.861146408075001e-06,4.182963948551333e-06,0.9999909400939941,0.1975010633468628,-0.3447234332561493,-0.05055954307317734,0.1975010633468628,0.3447234332561493,0.05055954307317734,0.32964786887168884,0.2742381989955902,0.39611396193504333,vision,vision,1,0.6666666865348816,0.8571428656578064,0.8999999761581421,0.5920537114143372,0.40794628858566284,4.861146408075001e-06,4.182963948551333e-06,0.9999909400939941,2.832948382547329e-07,2.781681814667536e-06,0.9999970197677612,vision,vision,1,0.00012031618098262697,4.2816129280254245e-05,4.019602783955634e-06,0.22162877023220062,0.5422245264053345
2,c7UH_rxdZv4$_$26,-2.5999999046325684,-0.2004818320274353,6.525321168737719e-06,4.0226113924290985e-06,0.99998939037323,0.04056166112422943,-2.5898218154907227e-05,-0.10111317783594131,2.640561580657959,2.5999739170074463,2.498886823654175,0.30809178948402405,0.3241259753704071,0.36778223514556885,vision,vision,1,0.9090909361839294,0.9512194991111755,0.8600000143051147,0.5758014917373657,0.4241985082626343,6.525321168737719e-06,4.0226113924290985e-06,0.99998939037323,3.748822052784817e-07,2.7386811325413873e-06,0.9999969005584717,vision,vision,1,0.00013847598165739328,4.370370879769325e-05,4.981518031854648e-06,0.05957045406103134,0.14167484641075134
513,tmZoasNr4rU$_$18,0.0,-0.38092121481895447,8.475272807118017e-06,4.481454652704997e-06,0.999987006187439,0.021733105182647705,-0.0044696033000946045,-0.10020507127046585,0.021733105182647705,0.0044696033000946045,0.10020507127046585,0.3414856195449829,0.34893471002578735,0.30957967042922974,vision,audio,0,0.8888888955116272,0.8461538553237915,0.800000011920929,0.5740126967430115,0.4259873032569885,8.475272807118017e-06,4.481454652704997e-06,0.999987006187439,5.416534918367688e-07,3.251151383665274e-06,0.9999961853027344,vision,vision,0,0.00016714264347683638,5.269329994916916e-05,6.114346433605533e-06,0.05240947753190994,0.12193817645311356
23,c7UH_rxdZv4$_$15,-2.4000000953674316,-0.5344570875167847,1.2752471775456797e-05,5.7978963923233096e-06,0.9999814033508301,0.06726304441690445,-0.05020516365766525,-0.09551829844713211,2.4672632217407227,2.349794864654541,2.3044817447662354,0.2955239713191986,0.3422650992870331,0.3622109591960907,vision,vision,1,1.0,0.875,0.8999999761581421,0.5790789127349854,0.42092108726501465,1.2752471775456797e-05,5.7978963923233096e-06,0.9999814033508301,8.682448537911114e-07,4.0663735489943065e-06,0.9999951124191284,vision,vision,1,0.00023220523144118488,6.746046710759401e-05,9.10827293409966e-06,0.06859691441059113,0.16278134286403656
119,d3_k5Xpfmik$_$9,1.399999976158142,0.8757691979408264,5.414776296674972e-06,2.2363021798810223e-06,0.9999923706054688,0.2360491156578064,-0.22337159514427185,-0.08833342790603638,1.1639509201049805,1.6233716011047363,1.4883334636688232,0.4484765827655792,0.2525428235530853,0.2989805042743683,vision,text,0,1.0,0.84375,0.9736841917037964,0.5938247442245483,0.40617525577545166,5.414776296674972e-06,2.2363021798810223e-06,0.9999923706054688,2.829328877851367e-07,1.467926949771936e-06,0.9999983310699463,vision,vision,0,0.00010236685193376616,2.5631909011281095e-05,3.953561645175796e-06,0.1927942931652069,0.45942071080207825
232,f_pcplsH_V0$_$15,-1.0,-0.8419651389122009,8.481679287797306e-06,4.153216195845744e-06,0.9999873638153076,0.015570305287837982,0.01702520251274109,-0.1971953809261322,1.0155702829360962,1.0170252323150635,0.8028045892715454,0.30276772379875183,0.30221760272979736,0.3950147330760956,vision,vision,1,1.0,0.9180327653884888,0.9714285731315613,0.5829293131828308,0.4170706868171692,8.481679287797306e-06,4.153216195845744e-06,0.9999873638153076,5.166544383428118e-07,2.9310688205441693e-06,0.999996542930603,vision,vision,1,0.0001631269115023315,4.8258447350235656e-05,6.122095783211989e-06,0.10064338892698288,0.2142205834388733
434,phBUpBr1hSo$_$16,-1.600000023841858,0.180439755320549,5.577122010436142e-06,2.7955836685578106e-06,0.9999916553497314,0.024702489376068115,-0.07511106133460999,-0.041165903210639954,1.6247024536132812,1.5248889923095703,1.5588340759277344,0.3106840252876282,0.35196903347969055,0.33734697103500366,vision,audio,0,0.9599999785423279,0.8958333134651184,0.9137930870056152,0.5761803388595581,0.4238196611404419,5.577122010436142e-06,2.7955836685578106e-06,0.9999916553497314,3.0331796097016195e-07,1.8277837625646498e-06,0.9999978542327881,vision,vision,0,0.0001115386257879436,3.082771581830457e-05,4.146829269302543e-06,0.04143758863210678,0.0998135507106781
596,wMbj6ajWbic$_$12,1.600000023841858,0.5516583919525146,3.5220607514929725e-06,2.2181880012794863e-06,0.999994158744812,0.16218119859695435,-0.11471934616565704,-0.11678680032491684,1.4378187656402588,1.7147194147109985,1.7167868614196777,0.4144182801246643,0.29316920042037964,0.29241254925727844,vision,text,0,0.7857142686843872,0.8399999737739563,0.9666666388511658,0.5840427279472351,0.4159572720527649,3.5220607514929725e-06,2.2181880012794863e-06,0.999994158744812,1.7531503715417784e-07,1.41593352509517e-06,0.9999984502792358,vision,vision,0,7.89240948506631e-05,2.3326747395913117e-05,2.8135116281191586e-06,0.13102218508720398,0.2789680063724518
201,f9O3YtZ2VfI$_$27,1.600000023841858,0.3897435665130615,4.615191755874548e-06,3.415387254790403e-06,0.9999918937683105,0.1091800257563591,-0.1205480694770813,-0.07949300110340118,1.490820050239563,1.720548152923584,1.6794930696487427,0.39365464448928833,0.2953951358795166,0.31095021963119507,vision,text,0,0.8181818127632141,0.9583333134651184,0.8571428656578064,0.5785464644432068,0.4214535355567932,4.615191755874548e-06,3.415387254790403e-06,0.9999918937683105,2.4731139092182275e-07,2.312099468326778e-06,0.9999974966049194,vision,vision,0,0.00010777942952699959,3.625079625635408e-05,3.691334995892248e-06,0.10003223270177841,0.229728102684021
327,k5Y_838nuGo$_$17,0.800000011920929,0.7741839289665222,6.133047008916037e-06,2.796358558043721e-06,0.9999911785125732,0.22444818913936615,-0.23390503227710724,-0.07932441681623459,0.5755518078804016,1.033905029296875,0.8793244361877441,0.44485563039779663,0.2508382797241211,0.3043060600757599,vision,text,0,1.0,0.8947368264198303,0.9583333134651184,0.5930070877075195,0.40699291229248047,6.133047008916037e-06,2.796358558043721e-06,0.9999911785125732,3.2647699299559463e-07,1.8523684275351116e-06,0.9999977350234985,vision,vision,0,0.00011816677579190582,3.157055107294582e-05,4.435690243553836e-06,0.1903974413871765,0.4583532214164734
358,lXPQBPVc5Cw$_$17,-1.7999999523162842,0.196780264377594,3.707898940774612e-06,2.248015107397805e-06,0.9999940395355225,0.08406278491020203,-0.05753108114004135,-0.10404089093208313,1.8840627670288086,1.7424688339233398,1.6959590911865234,0.2891263961791992,0.34510767459869385,0.36576592922210693,vision,vision,1,0.800000011920929,0.8405796885490417,0.9397590160369873,0.5793326497077942,0.4206673502922058,3.707898940774612e-06,2.248015107397805e-06,0.9999940395355225,1.9689569796810247e-07,1.5194425486697583e-06,0.9999982118606567,vision,vision,1,8.154440729413182e-05,2.5164827093249187e-05,2.803967163345078e-06,0.0799965113401413,0.18810367584228516
529,v0zCBqDeKcE$_$14,1.5,1.2115843296051025,7.628653293068055e-06,3.2673442547093146e-06,0.9999891519546509,0.3012385368347168,-0.30128931999206543,-0.08636144548654556,1.1987614631652832,1.8012893199920654,1.5863614082336426,0.4791838824748993,0.2256363183259964,0.2951797544956207,vision,text,0,1.0,0.8620689511299133,0.8529411554336548,0.5966220498085022,0.4033779501914978,7.628653293068055e-06,3.2673442547093146e-06,0.9999891519546509,3.9036552834659233e-07,2.1297050807334017e-06,0.9999974966049194,vision,vision,0,0.00014199256838764995,3.6056786484550685e-05,5.573526323132683e-06,0.2493252158164978,0.6025278568267822
265,iiK8YX8oH1E$_$18,-1.0,-0.1687074601650238,7.439078217430506e-06,4.138733856962062e-06,0.9999884366989136,0.09768059849739075,-0.1443585902452469,-0.07335972040891647,1.0976805686950684,0.8556414246559143,0.9266402721405029,0.2784212827682495,0.3767886459827423,0.3447900712490082,vision,audio,0,0.9090909361839294,0.8888888955116272,0.90625,0.5816072821617126,0.41839271783828735,7.439078217430506e-06,4.138733856962062e-06,0.9999884366989136,4.4491824269243807e-07,2.8444926556403516e-06,0.9999966621398926,vision,vision,0,0.00015068968059495091,4.614960926119238e-05,5.504614364326699e-06,0.10158663988113403,0.24203918874263763
463,rnaNMUZpvvg$_$12,-1.0,-0.45579713582992554,4.2856809159275144e-06,3.015594984390191e-06,0.9999927282333374,0.04479372501373291,0.016993671655654907,-0.1514076292514801,1.044793725013733,1.0169936418533325,0.8485924005508423,0.3018135130405426,0.3124859631061554,0.38570043444633484,vision,vision,1,0.7727272510528564,0.875,0.9473684430122375,0.5794179439544678,0.4205820560455322,4.2856809159275144e-06,3.015594984390191e-06,0.9999927282333374,2.491273107807501e-07,2.111333060383913e-06,0.999997615814209,vision,vision,1,9.85571532510221e-05,3.3743759559001774e-05,3.2761322472651955e-06,0.08668384701013565,0.196201354265213
412,pLTX3ipuDJI$_$10,-1.600000023841858,-0.7984532117843628,6.757376922905678e-06,3.647532821560162e-06,0.9999895095825195,0.014535948634147644,0.04823927581310272,-0.21561172604560852,1.614535927772522,1.648239254951477,1.3843883275985718,0.3037590980529785,0.2912278473377228,0.4050130844116211,vision,vision,1,0.95652174949646,0.9180327653884888,0.9178082346916199,0.5832282900810242,0.41677170991897583,6.757376922905678e-06,3.647532821560162e-06,0.9999895095825195,3.939218515824905e-07,2.5779131647141185e-06,0.9999970197677612,vision,vision,1,0.0001365885545965284,4.194353459752165e-05,4.981086931366008e-06,0.11724675446748734,0.26385098695755005
391,nzpVDcQ0ywM$_$15,-0.6000000238418579,0.47900694608688354,6.032703367964132e-06,4.448032996151596e-06,0.9999895095825195,0.1953827440738678,-0.3286057710647583,-0.02929850108921528,0.7953827381134033,0.2713942527770996,0.570701539516449,0.23532889783382416,0.4530351161956787,0.31163594126701355,vision,audio,0,0.875,1.0,0.9545454382896423,0.5937910079956055,0.40620899200439453,6.032703367964132e-06,4.448032996151596e-06,0.9999895095825195,3.738581142442854e-07,3.1031474918563617e-06,0.999996542930603,vision,vision,0,0.0001377866428811103,4.832759441342205e-05,4.679026460507885e-06,0.214639350771904,0.5239884853363037
64,cW1FSBF59ik$_$10,-1.0,0.6595284938812256,6.022424258844694e-06,2.7317214517097455e-06,0.9999911785125732,0.17113465070724487,-0.12948451936244965,-0.09436587989330292,1.1711347103118896,0.8705154657363892,0.9056341052055359,0.25976064801216125,0.3782421946525574,0.36199715733528137,vision,audio,0,1.0,0.8888888955116272,0.8720930218696594,0.5843026638031006,0.4156973361968994,6.022424258844694e-06,2.7317214517097455e-06,0.9999911785125732,2.991270946495206e-07,1.7629164403842879e-06,0.9999978542327881,vision,vision,0,0.00011618607823038474,2.9975633879075758e-05,4.455941052583512e-06,0.1342037171125412,0.3006191849708557
147,d6hH302o4v8$_$10,-1.2000000476837158,-0.9516085982322693,1.0958167877106462e-05,6.740194748999784e-06,0.9999822378158569,-0.012411728501319885,0.09227599203586578,-0.2563750147819519,1.1875883340835571,1.2922760248184204,0.9436250329017639,0.30922380089759827,0.2712946832180023,0.4194815158843994,vision,vision,1,0.9090909361839294,0.9473684430122375,0.8181818127632141,0.5835703611373901,0.41642963886260986,1.0958167877106462e-05,6.740194748999784e-06,0.9999822378158569,7.53283188714704e-07,5.155504368303809e-06,0.999994158744812,vision,vision,1,0.00022315827663987875,7.921228097984567e-05,7.903501682449132e-06,0.14607270061969757,0.3486509919166565
31,c7UH_rxdZv4$_$33,-1.7999999523162842,-0.9371238350868225,2.154389767383691e-05,6.42084614810301e-06,0.9999719858169556,0.03996966779232025,-0.07733966410160065,-0.1499452292919159,1.8399696350097656,1.7226603031158447,1.650054693222046,0.29189637303352356,0.3379964828491211,0.37010711431503296,vision,vision,1,1.0,0.6666666865348816,0.8333333134651184,0.5799087285995483,0.42009127140045166,2.154389767383691e-05,6.42084614810301e-06,0.9999719858169556,1.806279101401742e-06,5.098857400298584e-06,0.999993085861206,vision,vision,1,0.00033625937066972256,9.291801688959822e-05,1.4053219274501316e-05,0.0782451406121254,0.18991489708423615
286,jUzDDGyPkXU$_$5,-1.2000000476837158,-0.6660555005073547,6.792320618842496e-06,3.36187827087997e-06,0.9999898672103882,0.008803248405456543,0.03149914741516113,-0.19738644361495972,1.2088032960891724,1.231499195098877,1.0026135444641113,0.3061823844909668,0.2976180613040924,0.3961995840072632,vision,vision,1,1.0,0.930232584476471,0.9230769276618958,0.5822196006774902,0.41778039932250977,6.792320618842496e-06,3.36187827087997e-06,0.9999898672103882,3.997811859335343e-07,2.46285026150872e-06,0.9999971389770508,vision,vision,1,0.00013330925139598548,4.053659358760342e-05,4.854445251112338e-06,0.10296596586704254,0.22888559103012085
224,f9O3YtZ2VfI$_$16,-1.0,0.2452174425125122,6.762646080460399e-06,3.3381409139110474e-06,0.9999898672103882,0.08189219981431961,-0.07651904225349426,-0.07162893563508987,1.0818922519683838,0.9234809875488281,0.9283710718154907,0.29150012135505676,0.355332612991333,0.35316726565361023,vision,audio,0,0.9583333134651184,0.8888888955116272,0.8823529481887817,0.5780847072601318,0.42191529273986816,6.762646080460399e-06,3.3381409139110474e-06,0.9999898672103882,3.586030175029009e-07,2.168547325709369e-06,0.9999974966049194,vision,vision,0,0.000132710236357525,3.608660335885361e-05,5.067677193437703e-06,0.0735502615571022,0.15841123461723328
641,yvsjCA6Y5Fc$_$11,2.0,0.33566710352897644,6.101072358433157e-06,3.667815917651751e-06,0.9999902248382568,0.1328851729631424,-0.29081201553344727,-0.04034041613340378,1.867114782333374,2.2908120155334473,2.0403404235839844,0.41768747568130493,0.2459460198879242,0.33636656403541565,vision,text,0,0.8823529481887817,0.9024389982223511,0.918367326259613,0.58928382396698,0.41071617603302,6.101072358433157e-06,3.667815917651751e-06,0.9999902248382568,3.4012350624834653e-07,2.393103159192833e-06,0.9999972581863403,vision,vision,0,0.00012891706137452275,3.876150003634393e-05,4.689670277002733e-06,0.17392924427986145,0.42369717359542847
61,cW1FSBF59ik$_$9,-2.4000000953674316,-0.7728686332702637,8.088834874797612e-06,4.014710157207446e-06,0.9999878406524658,0.025407373905181885,0.017757460474967957,-0.18721115589141846,2.4254074096679688,2.417757511138916,2.2127890586853027,0.30174583196640015,0.3046451210975647,0.39360907673835754,vision,vision,1,0.9333333373069763,0.8510638475418091,0.9107142686843872,0.5811222195625305,0.4188777804374695,8.088834874797612e-06,4.014710157207446e-06,0.9999878406524658,4.6545872578462877e-07,2.6714737941802014e-06,0.9999969005584717,vision,vision,1,0.00015686605183873326,4.4148764573037624e-05,6.008839591231663e-06,0.09847576916217804,0.21261852979660034
651,zhpQhgha_KU$_$24,0.0,-0.7552176117897034,8.300455192511436e-06,3.6753463064087555e-06,0.9999879598617554,0.0039820000529289246,0.05104956030845642,-0.17878499627113342,0.0039820000529289246,0.05104956030845642,0.17878499627113342,0.3640887141227722,0.3432857394218445,0.2926255464553833,vision,text,0,1.0,0.8636363744735718,0.9629629850387573,0.5835957527160645,0.41640424728393555,8.300455192511436e-06,3.6753463064087555e-06,0.9999879598617554,5.247251237960882e-07,2.587652033980703e-06,0.9999969005584717,vision,vision,0,0.0001551215536892414,4.395680298330262e-05,5.934707132837502e-06,0.0991312637925148,0.22983455657958984
328,k5Y_838nuGo$_$16,0.25,-0.30372312664985657,4.308250936446711e-06,3.3088942927861353e-06,0.9999923706054688,0.025805972516536713,0.019974634051322937,-0.10643155872821808,0.2241940200328827,0.23002536594867706,0.3564315438270569,0.3520656228065491,0.34950870275497437,0.29842567443847656,vision,text,0,0.75,0.8947368264198303,0.9090909361839294,0.5753684043884277,0.42463159561157227,4.308250936446711e-06,3.3088942927861353e-06,0.9999923706054688,2.4821261490615143e-07,2.2278327378444374e-06,0.9999974966049194,vision,vision,0,0.0001025923338602297,3.5252756788395345e-05,3.4223667171318084e-06,0.06100936979055405,0.1322375237941742
684,zhpQhgha_KU$_$33,-0.4000000059604645,0.23423734307289124,4.21430650021648e-06,2.428094603601494e-06,0.9999934434890747,0.07332010567188263,-0.06528457254171371,-0.10741741210222244,0.4733201265335083,0.33471542596817017,0.29258260130882263,0.2904740571975708,0.3454231321811676,0.3641027808189392,vision,vision,1,0.875,0.8823529481887817,0.9344262480735779,0.5793914794921875,0.4206085205078125,4.21430650021648e-06,2.428094603601494e-06,0.9999934434890747,2.1351394252633327e-07,1.5718769645900466e-06,0.9999982118606567,vision,vision,1,9.008849156089127e-05,2.6053246983792633e-05,3.2084606118587544e-06,0.07721002399921417,0.18073752522468567
678,zhpQhgha_KU$_$19,-0.800000011920929,-0.4626308083534241,3.84339409720269e-06,2.206686076533515e-06,0.9999939203262329,0.02950805425643921,0.008979693055152893,-0.15114015340805054,0.8295080661773682,0.8089796900749207,0.6488598585128784,0.30494025349617004,0.3128664493560791,0.3821932077407837,vision,vision,1,0.875,0.8730158805847168,1.0,0.5811241865158081,0.4188758134841919,3.84339409720269e-06,2.206686076533515e-06,0.9999939203262329,2.0501387609783706e-07,1.472160647608689e-06,0.9999983310699463,vision,vision,1,8.272349077742547e-05,2.4575771021773107e-05,2.927883087977534e-06,0.08075583726167679,0.18064820766448975
485,tIrG4oNLFzE$_$6,1.25,0.6097185611724854,5.372861778596416e-06,2.649106818353175e-06,0.9999920129776001,0.118378646671772,-0.1437523066997528,-0.09068302065134048,1.1316213607788086,1.3937523365020752,1.3406829833984375,0.40150412917137146,0.289326012134552,0.30916982889175415,vision,text,0,1.0,0.9354838728904724,0.9189189076423645,0.5834310054779053,0.4165689945220947,5.372861778596416e-06,2.649106818353175e-06,0.9999920129776001,2.615969663111173e-07,1.693632043497928e-06,0.9999980926513672,vision,vision,0,0.00010718007979448885,2.8358505005599e-05,4.048804839840159e-06,0.11315464973449707,0.2621309459209442
208,f9O3YtZ2VfI$_$1,-1.2000000476837158,-0.7168596982955933,1.5299236110877246e-05,8.737309144635219e-06,0.9999760389328003,0.056153666228055954,0.0009532421827316284,-0.18162783980369568,1.2561537027359009,1.2009532451629639,1.0183721780776978,0.2926066219806671,0.3135095238685608,0.3938838839530945,vision,vision,1,0.8888888955116272,0.8571428656578064,0.9411764740943909,0.5823317766189575,0.4176682233810425,1.5299236110877246e-05,8.737309144635219e-06,0.9999760389328003,1.2295688520680415e-06,6.772877895855345e-06,0.9999920129776001,vision,vision,1,0.0002953456132672727,0.00010531480074860156,1.0669382390915416e-05,0.10161090642213821,0.23778150975704193
264,iiK8YX8oH1E$_$16,0.0,-0.7309991121292114,9.045774277183227e-06,4.5754572965961415e-06,0.9999864101409912,-0.003334552049636841,0.04339119791984558,-0.17430123686790466,0.003334552049636841,0.04339119791984558,0.17430123686790466,0.36248353123664856,0.3447805941104889,0.29273584485054016,vision,text,0,1.0,0.9285714030265808,0.9375,0.5820204019546509,0.4179795980453491,9.045774277183227e-06,4.5754572965961415e-06,0.9999864101409912,5.692195372830611e-07,3.1265126381185837e-06,0.9999963045120239,vision,vision,0,0.0001748746435623616,5.149079152033664e-05,6.606623628613306e-06,0.09357285499572754,0.21769243478775024
268,iiK8YX8oH1E$_$2,1.2000000476837158,0.08349734544754028,5.371000952436589e-06,3.8059663438616553e-06,0.9999908208847046,0.0739959329366684,-0.00677703320980072,-0.11077888309955597,1.1260040998458862,1.2067770957946777,1.3107789754867554,0.3706822991371155,0.3350833058357239,0.29423442482948303,vision,text,0,0.8571428656578064,0.9666666388511658,0.8684210777282715,0.5771568417549133,0.42284315824508667,5.371000952436589e-06,3.8059663438616553e-06,0.9999908208847046,2.9563295811385615e-07,2.5501772142888512e-06,0.9999972581863403,vision,vision,0,0.00012182791397208348,4.001120396424085e-05,4.2561532609397545e-06,0.07563243806362152,0.18477481603622437
81,cXypl4FnoZo$_$28,-2.200000047683716,-0.5617066621780396,6.985471372900065e-06,3.2477341846970376e-06,0.9999897480010986,0.00997893512248993,0.03619229793548584,-0.14043521881103516,2.2099790573120117,2.236192226409912,2.0595648288726807,0.3149983584880829,0.30484429001808167,0.38015738129615784,vision,vision,1,0.9090909361839294,0.800000011920929,0.8999999761581421,0.5793046355247498,0.42069536447525024,6.985471372900065e-06,3.2477341846970376e-06,0.9999897480010986,4.1675872353152954e-07,2.2093872757977806e-06,0.9999973773956299,vision,vision,1,0.00013420465984381735,3.749764073290862e-05,5.0788180487870704e-06,0.07782375812530518,0.176627516746521
447,phBUpBr1hSo$_$21,0.800000011920929,0.16727527976036072,4.669725512940204e-06,2.9293269108165987e-06,0.9999923706054688,0.013148382306098938,-0.009387560188770294,-0.08666396886110306,0.7868516445159912,0.8093875646591187,0.8866639733314514,0.35027167201042175,0.340542197227478,0.3091862201690674,vision,text,0,0.8695651888847351,0.9215686321258545,0.8870967626571655,0.5744628310203552,0.4255371689796448,4.669725512940204e-06,2.9293269108165987e-06,0.9999923706054688,2.371429559389071e-07,1.913591177071794e-06,0.9999978542327881,vision,vision,0,0.00010224930883850902,3.093887062277645e-05,3.643981926870765e-06,0.04274214431643486,0.099812351167202
389,nzpVDcQ0ywM$_$13,-1.0,-0.2765817940235138,7.890233973739669e-06,3.6906899367750157e-06,0.9999884366989136,0.032001227140426636,0.036422908306121826,-0.13608193397521973,1.032001256942749,1.0364229679107666,0.8639180660247803,0.30976107716560364,0.30805373191833496,0.3821852207183838,vision,vision,1,1.0,0.9107142686843872,0.8382353186607361,0.5779100060462952,0.42208999395370483,7.890233973739669e-06,3.6906899367750157e-06,0.9999884366989136,4.798662871507986e-07,2.7473629415908363e-06,0.9999967813491821,vision,vision,1,0.00015042201266624033,4.53603315690998e-05,5.566114850807935e-06,0.08029765635728836,0.17250484228134155
266,iiK8YX8oH1E$_$1,-2.5999999046325684,-0.3288602828979492,6.296376341197174e-06,4.06427716370672e-06,0.9999896287918091,0.031226836144924164,0.028298944234848022,-0.1542547345161438,2.6312267780303955,2.628298759460449,2.4457452297210693,0.3063162863254547,0.3074394464492798,0.3862442970275879,vision,vision,1,0.8333333134651184,0.8974359035491943,0.804347813129425,0.5760328769683838,0.4239671230316162,6.296376341197174e-06,4.06427716370672e-06,0.9999896287918091,3.6727698216054705e-07,2.8986155484744813e-06,0.9999967813491821,vision,vision,1,0.00013620464596897364,4.5601846068166196e-05,4.749106210510945e-06,0.08675497770309448,0.18548157811164856
249,fvVhgmXxadc$_$3,-2.200000047683716,-0.6674758195877075,7.3178671300411224e-06,4.336553047323832e-06,0.9999884366989136,-0.004840739071369171,0.06175372004508972,-0.15653035044670105,2.1951591968536377,2.261753797531128,2.0434696674346924,0.319600373506546,0.2940729856491089,0.3863266706466675,vision,vision,1,0.8999999761581421,0.9090909361839294,0.9615384340286255,0.5817220211029053,0.4182779788970947,7.3178671300411224e-06,4.336553047323832e-06,0.9999884366989136,4.965229436493246e-07,3.1255979138222756e-06,0.9999964237213135,vision,vision,1,0.00015162806084845215,5.0383452617097646e-05,5.339773906598566e-06,0.09134337306022644,0.21828407049179077
137,d6hH302o4v8$_$2,-1.7999999523162842,-0.8306369781494141,7.457263109245105e-06,4.867225470661651e-06,0.9999876022338867,0.006333760917186737,0.05754202604293823,-0.19407358765602112,1.8063336610794067,1.8575420379638672,1.6059263944625854,0.310301274061203,0.29106107354164124,0.3986376225948334,vision,vision,1,0.9090909361839294,0.9696969985961914,0.9487179517745972,0.5825914740562439,0.4174085259437561,7.457263109245105e-06,4.867225470661651e-06,0.9999876022338867,4.5114978775018244e-07,3.3190458452736493e-06,0.9999961853027344,vision,vision,1,0.00015996125875972211,5.2259303629398346e-05,5.712454367312603e-06,0.1085745096206665,0.25161561369895935
635,yvsjCA6Y5Fc$_$5,0.4000000059604645,-0.6180068254470825,1.3366051462071482e-05,6.728811513312394e-06,0.9999799728393555,-0.005331888794898987,0.06802737712860107,-0.17124783992767334,0.40533190965652466,0.3319726288318634,0.5712478160858154,0.34379222989082336,0.3768082857131958,0.2793995141983032,vision,audio,0,1.0,0.9375,0.8333333134651184,0.580285906791687,0.419714093208313,1.3366051462071482e-05,6.728811513312394e-06,0.9999799728393555,9.619957381801214e-07,5.013840564060956e-06,0.9999940395355225,vision,vision,0,0.00025014556013047695,8.04536830401048e-05,9.395241249876563e-06,0.1000901311635971,0.23927521705627441
171,dq3Nf_lMPnE$_$3,-1.2000000476837158,0.02412046678364277,5.361422608984867e-06,3.4930851597891888e-06,0.9999911785125732,0.1331426054239273,-0.30289512872695923,-0.03201526403427124,1.333142638206482,0.8971049189567566,1.1679847240447998,0.2529088854789734,0.4361893832683563,0.3109017014503479,vision,audio,0,0.8571428656578064,0.9130434989929199,0.9629629850387573,0.5906587839126587,0.4093412160873413,5.361422608984867e-06,3.4930851597891888e-06,0.9999911785125732,3.4533402981651307e-07,2.4863506951078307e-06,0.9999971389770508,vision,vision,0,0.00011775886378018185,4.006491508334875e-05,3.994429334852612e-06,0.1797473281621933,0.43603771924972534
685,zhpQhgha_KU$_$32,0.800000011920929,0.7726243138313293,5.302886165736709e-06,2.976272298838012e-06,0.999991774559021,0.17000053822994232,-0.16268932819366455,-0.0903206616640091,0.6299994587898254,0.9626893401145935,0.8903206586837769,0.4198138415813446,0.27698102593421936,0.3032051920890808,vision,text,0,0.8999999761581421,0.8888888955116272,0.8684210777282715,0.5845092535018921,0.4154907464981079,5.302886165736709e-06,2.976272298838012e-06,0.999991774559021,2.649237273999461e-07,1.9263202375441324e-06,0.9999978542327881,vision,vision,0,0.00011049355089198798,3.148811083519831e-05,4.055862518725917e-06,0.14286236464977264,0.33268988132476807
50,cW1FSBF59ik$_$20,2.5,0.8869069218635559,4.248372988513438e-06,3.0475819130515447e-06,0.9999926090240479,0.30660054087638855,-0.27010321617126465,-0.11983722448348999,2.193399429321289,2.7701032161712646,2.6198372840881348,0.48236048221588135,0.23458358645439148,0.2830559313297272,vision,text,0,0.8181818127632141,0.9298245906829834,0.8550724387168884,0.59352046251297,0.40647953748703003,4.248372988513438e-06,3.0475819130515447e-06,0.9999926090240479,2.0222915964041022e-07,1.9103817976429127e-06,0.9999978542327881,vision,vision,0,9.862682782113552e-05,3.039946750504896e-05,3.476184247119818e-06,0.24427130818367004,0.5767037868499756
62,cW1FSBF59ik$_$8,1.7999999523162842,1.0710848569869995,5.235363460087683e-06,2.3479376523027895e-06,0.9999923706054688,0.3346935510635376,-0.27909642457962036,-0.11767007410526276,1.4653064012527466,2.0790963172912598,1.9176700115203857,0.49203014373779297,0.2284466177225113,0.27952319383621216,vision,text,0,1.0,0.8799999952316284,0.9677419066429138,0.6001266241073608,0.39987337589263916,5.235363460087683e-06,2.3479376523027895e-06,0.9999923706054688,2.543904145113629e-07,1.499582253927656e-06,0.9999982118606567,vision,vision,0,0.00010170571476919577,2.5741011995705776e-05,3.890194875566522e-06,0.2597925364971161,0.613789975643158
229,f_pcplsH_V0$_$10,1.2000000476837158,0.1615888625383377,6.570528057636693e-06,2.7612256872089347e-06,0.999990701675415,0.0827721655368805,-0.052683863788843155,-0.08262050151824951,1.1172279119491577,1.2526838779449463,1.2826205492019653,0.37629783153533936,0.3176852762699127,0.30601686239242554,vision,text,0,1.0,0.8545454740524292,0.8787878751754761,0.5788474678993225,0.4211525321006775,6.570528057636693e-06,2.7612256872089347e-06,0.999990701675415,3.683029490275658e-07,1.9132332909066463e-06,0.9999977350234985,vision,vision,0,0.00012302710092626512,3.2892305171117187e-05,4.694521976489341e-06,0.07195621728897095,0.16539266705513
252,fvVhgmXxadc$_$4,-2.799999952316284,-0.6134669780731201,7.74172440287657e-06,4.966199412592687e-06,0.9999872446060181,-0.02819758653640747,0.07784822583198547,-0.142696350812912,2.7718024253845215,2.8778481483459473,2.65730357170105,0.33006295561790466,0.28908658027648926,0.3808504641056061,vision,vision,1,0.9090909361839294,0.96875,0.8421052694320679,0.5785499811172485,0.42145001888275146,7.74172440287657e-06,4.966199412592687e-06,0.9999872446060181,5.001717795494187e-07,3.4995543956028996e-06,0.9999960660934448,vision,vision,1,0.0001644982839934528,5.5135125876404345e-05,5.8432287914911285e-06,0.09005898982286453,0.22054457664489746
85,cXypl4FnoZo$_$2,1.0,0.4788379669189453,5.0396615733916406e-06,2.6721088488557143e-06,0.9999923706054688,0.10640566051006317,-0.09099210053682327,-0.08930676430463791,0.8935943245887756,1.0909920930862427,1.0893067121505737,0.38996630907058716,0.30469557642936707,0.30533814430236816,vision,text,0,0.9285714030265808,0.9032257795333862,0.8918918967247009,0.5796326994895935,0.4203673005104065,5.0396615733916406e-06,2.6721088488557143e-06,0.9999923706054688,2.608428530948004e-07,1.7872696389531484e-06,0.9999979734420776,vision,vision,0,0.00010337426647311077,2.9615173843922094e-05,3.7554982554866e-06,0.09265951067209244,0.19739776849746704
676,zhpQhgha_KU$_$17,1.75,0.6896858215332031,4.938842266710708e-06,2.3618490558874328e-06,0.9999927282333374,0.21310612559318542,-0.2250809669494629,-0.10650565475225449,1.5368938446044922,1.975080966949463,1.8565056324005127,0.444661021232605,0.25712913274765015,0.29820987582206726,vision,text,0,0.9230769276618958,0.8333333134651184,0.9142857193946838,0.5907518267631531,0.4092481732368469,4.938842266710708e-06,2.3618490558874328e-06,0.9999927282333374,2.48722443529914e-07,1.5383916434075218e-06,0.9999982118606567,vision,vision,0,9.819668775890023e-05,2.6141693524550647e-05,3.66573522114777e-06,0.18505845963954926,0.4381870925426483
133,d6hH302o4v8$_$40,-1.0,-0.4731464982032776,0.00014465914864558727,9.4612107204739e-05,0.9997606873512268,0.1821955442428589,-0.24333781003952026,-0.15908664464950562,1.1821955442428589,0.7566621899604797,0.8409133553504944,0.23617011308670044,0.4020068347454071,0.36182305216789246,vision,audio,0,1.0,1.0,0.5,0.5795347690582275,0.42046523094177246,0.00014465914864558727,9.4612107204739e-05,0.9997606873512268,1.6271798813249916e-05,8.277872257167473e-05,0.9999009370803833,vision,vision,0,0.002394864335656166,0.0010565174743533134,9.349016181658953e-05,0.18398381769657135,0.42553335428237915
69,cW1FSBF59ik$_$17,2.4000000953674316,1.062593936920166,4.337322025094181e-06,2.602314907562686e-06,0.999993085861206,0.3562473952770233,-0.4742916524410248,-0.052047062665224075,2.043752670288086,2.8742916584014893,2.452047109603882,0.5116724371910095,0.1811836212873459,0.3071439564228058,vision,text,0,0.8333333134651184,0.8461538553237915,1.0,0.6089496612548828,0.3910503387451172,4.337322025094181e-06,2.602314907562686e-06,0.999993085861206,2.3963377770996885e-07,1.698108690106892e-06,0.9999980926513672,vision,vision,0,9.391595085617155e-05,2.8101658244850114e-05,3.336228246553219e-06,0.33908209204673767,0.8305390477180481
448,rnaNMUZpvvg$_$20,0.800000011920929,-0.3701707124710083,6.0096340348536614e-06,3.2626417123537976e-06,0.9999908208847046,0.0708075612783432,-0.02297303080558777,-0.1541963815689087,0.7291924357414246,0.8229730129241943,0.9541963934898376,0.3781832754611969,0.33635035157203674,0.28546637296676636,vision,text,0,0.8999999761581421,0.8617886304855347,1.0,0.5832390189170837,0.41676098108291626,6.0096340348536614e-06,3.2626417123537976e-06,0.9999908208847046,3.1880153983365744e-07,2.219316456830711e-06,0.9999973773956299,vision,vision,0,0.00012262466771062464,3.626338730100542e-05,4.430222816154128e-06,0.09228045493364334,0.2250039428472519
14,c7UH_rxdZv4$_$4,1.600000023841858,0.6515430808067322,6.074996235838626e-06,2.9905813789810054e-06,0.9999909400939941,0.17445968091487885,-0.20549362897872925,-0.0690508782863617,1.4255403280258179,1.8054935932159424,1.669050931930542,0.423819363117218,0.263582319021225,0.3125982880592346,vision,text,0,0.9333333373069763,0.8627451062202454,0.8852459192276001,0.5873500108718872,0.4126499891281128,6.074996235838626e-06,2.9905813789810054e-06,0.9999909400939941,3.2524445714443573e-07,2.006313252422842e-06,0.999997615814209,vision,vision,0,0.00012004899326711893,3.354433283675462e-05,4.469913619686849e-06,0.15715475380420685,0.3799533247947693
105,d3_k5Xpfmik$_$12,2.0,0.03693908825516701,6.3159004639601335e-06,2.7200126169191208e-06,0.9999909400939941,0.031138144433498383,-0.03264816105365753,-0.08014566451311111,1.9688618183135986,2.0326480865478516,2.0801455974578857,0.3579739034175873,0.3305398225784302,0.31148624420166016,vision,text,0,1.0,0.8666666746139526,0.9014084339141846,0.5769504904747009,0.4230495095252991,6.3159004639601335e-06,2.7200126169191208e-06,0.9999909400939941,3.466822136033443e-07,1.8698152643992216e-06,0.9999977350234985,vision,vision,0,0.00011951324995607138,3.2064235711004585e-05,4.538115263130749e-06,0.04559336230158806,0.1112838089466095
148,d6hH302o4v8$_$13,-2.0,-0.9755463004112244,1.193712159874849e-05,5.30935540155042e-06,0.9999827146530151,-0.0018092542886734009,0.04138803482055664,-0.20994651317596436,1.9981907606124878,2.0413880348205566,1.7900534868240356,0.30820557475090027,0.2920048236846924,0.39978963136672974,vision,vision,1,1.0,0.8684210777282715,0.8787878751754761,0.5824393630027771,0.4175606369972229,1.193712159874849e-05,5.30935540155042e-06,0.9999827146530151,8.035638643377752e-07,3.838608336081961e-06,0.9999953508377075,vision,vision,1,0.00021707036648876965,6.377559475367889e-05,8.413497198489495e-06,0.1097249984741211,0.251334547996521
679,zhpQhgha_KU$_$18,0.6000000238418579,0.3992483615875244,5.717749445466325e-06,2.4456669507344486e-06,0.999991774559021,0.1847093552350998,-0.16653743386268616,-0.10827960819005966,0.4152906537055969,0.7665374279022217,0.7082796096801758,0.4277192950248718,0.2757262885570526,0.29655444622039795,vision,text,0,1.0,0.8529411554336548,0.9024389982223511,0.5874205827713013,0.41257941722869873,5.717749445466325e-06,2.4456669507344486e-06,0.999991774559021,2.9151794933568453e-07,1.608384422979725e-06,0.9999982118606567,vision,vision,0,0.00010883066715905443,2.7611446057562716e-05,4.2336050682934e-06,0.15369912981987,0.35124677419662476
478,tIrG4oNLFzE$_$18,-2.200000047683716,-0.8469698429107666,8.570354111725464e-06,4.28732528234832e-06,0.9999871253967285,0.023172378540039062,0.038830190896987915,-0.22913837432861328,2.223172426223755,2.238830327987671,1.9708616733551025,0.2983819246292114,0.2925986051559448,0.40901944041252136,vision,vision,1,1.0,0.9242424368858337,0.8987341523170471,0.5833881497383118,0.41661185026168823,8.570354111725464e-06,4.28732528234832e-06,0.9999871253967285,5.068957875664637e-07,2.9942796118120896e-06,0.999996542930603,vision,vision,1,0.00016583727847319096,4.886827809968963e-05,6.258012490434339e-06,0.12279750406742096,0.2679685652256012
118,d3_k5Xpfmik$_$6,1.600000023841858,0.25866755843162537,4.679251560446573e-06,2.1105283849465195e-06,0.9999932050704956,0.06001529470086098,-0.08086054027080536,-0.08874697983264923,1.5399847030639648,1.6808605194091797,1.6887470483779907,0.3746930658817291,0.31419453024864197,0.3111124038696289,vision,text,0,0.9545454382896423,0.8481012582778931,0.9479166865348816,0.5794637203216553,0.4205362796783447,4.679251560446573e-06,2.1105283849465195e-06,0.9999932050704956,2.3737771925880224e-07,1.415123279002728e-06,0.9999983310699463,vision,vision,0,9.178205073112622e-05,2.432933251839131e-05,3.4210929698019754e-06,0.06834423542022705,0.1487622708082199
555,vyB00TXsimI$_$1,0.0,0.41956228017807007,6.341901098494418e-06,2.8813647077186033e-06,0.9999908208847046,0.13859602808952332,-0.2068617045879364,-0.04601242020726204,0.13859602808952332,0.2068617045879364,0.04601242020726204,0.3288500905036926,0.3019525110721588,0.36919739842414856,vision,vision,1,1.0,0.8888888955116272,0.90625,0.5868462324142456,0.4131537675857544,6.341901098494418e-06,2.8813647077186033e-06,0.9999908208847046,3.675008031223115e-07,2.0022782791784266e-06,0.999997615814209,vision,vision,1,0.00012181935016997159,3.4081775083905086e-05,4.549472123471787e-06,0.14114366471767426,0.3454577326774597
289,jUzDDGyPkXU$_$6,-1.600000023841858,-0.7072288393974304,8.388075002585538e-06,4.74605121780769e-06,0.9999868869781494,0.010741956532001495,0.03346338868141174,-0.1690874695777893,1.6107419729232788,1.6334633827209473,1.4309124946594238,0.3101685047149658,0.301483154296875,0.3883483111858368,vision,vision,1,0.9354838728904724,0.938144326210022,0.9047619104385376,0.5799319744110107,0.42006802558898926,8.388075002585538e-06,4.74605121780769e-06,0.9999868869781494,5.120292030369455e-07,3.318184781164746e-06,0.9999961853027344,vision,vision,1,0.00016931667050812393,5.30740107933525e-05,6.200745701789856e-06,0.09060397744178772,0.20255085825920105
353,lXPQBPVc5Cw$_$10,-2.200000047683716,-0.7846776247024536,9.576917364029214e-06,5.220722869125893e-06,0.9999852180480957,0.0020675286650657654,0.022022634744644165,-0.17771989107131958,2.2020676136016846,2.222022771835327,2.022280216217041,0.3098512887954712,0.302217960357666,0.3879307508468628,vision,vision,1,0.9387755393981934,0.9144737124443054,0.8579235076904297,0.5788650512695312,0.42113494873046875,9.576917364029214e-06,5.220722869125893e-06,0.9999852180480957,5.357745180845086e-07,3.4569397939776536e-06,0.9999960660934448,vision,vision,1,0.0001889331906568259,5.5121803598012775e-05,7.217657184810378e-06,0.08982625603675842,0.19974252581596375
644,yvsjCA6Y5Fc$_$12,-0.6000000238418579,-0.6465620398521423,7.5736625149147585e-06,4.087800789420726e-06,0.999988317489624,0.035630963742733,0.01880595088005066,-0.19643479585647583,0.6356309652328491,0.618806004524231,0.4035652279853821,0.29781481623649597,0.30414456129074097,0.39804062247276306,vision,vision,1,0.9523809552192688,0.924369752407074,0.8873239159584045,0.5810708999633789,0.4189291000366211,7.5736625149147585e-06,4.087800789420726e-06,0.999988317489624,4.2914382447634125e-07,2.860338099708315e-06,0.9999966621398926,vision,vision,1,0.00015168165555223823,4.612085467670113e-05,5.572211193793919e-06,0.10565467178821564,0.23206576704978943
357,lXPQBPVc5Cw$_$14,-2.200000047683716,-0.9158939123153687,7.813551746949088e-06,5.143013822817011e-06,0.999987006187439,0.00970374047756195,0.04874470829963684,-0.2097615897655487,2.2097036838531494,2.2487447261810303,1.9902384281158447,0.3059955835342407,0.2914210855960846,0.40258336067199707,vision,vision,1,0.8181818127632141,0.8730158805847168,0.8799999952316284,0.5809407830238342,0.41905921697616577,7.813551746949088e-06,5.143013822817011e-06,0.999987006187439,4.875942067883443e-07,3.5327745990798576e-06,0.9999959468841553,vision,vision,1,0.00016748934285715222,5.54682374058757e-05,5.958964720775839e-06,0.11378084868192673,0.25850629806518555
521,tmZoasNr4rU$_$6,-1.7999999523162842,-0.600861132144928,7.3651135608088225e-06,3.0791236440563807e-06,0.9999895095825195,0.020248889923095703,0.051997601985931396,-0.16560149192810059,1.8202488422393799,1.8519976139068604,1.6343984603881836,0.31030789017677307,0.29823416471481323,0.39145785570144653,vision,vision,1,1.0,0.8493150472640991,0.9080459475517273,0.58185213804245,0.41814786195755005,7.3651135608088225e-06,3.0791236440563807e-06,0.9999895095825195,4.3965707163806655e-07,2.263511532873963e-06,0.9999972581863403,vision,vision,1,0.00013659360411111265,3.8579790270887315e-05,5.163224614079809e-06,0.09597320854663849,0.21759909391403198
140,d6hH302o4v8$_$7,-2.799999952316284,-0.3386840522289276,5.021161996410228e-06,2.8402403131622123e-06,0.9999921321868896,0.030162423849105835,0.03421393036842346,-0.1367502510547638,2.830162286758423,2.834213972091675,2.6632497310638428,0.30989012122154236,0.30832457542419434,0.3817852735519409,vision,vision,1,0.8888888955116272,0.8918918967247009,0.9090909361839294,0.5785577297210693,0.42144227027893066,5.021161996410228e-06,2.8402403131622123e-06,0.9999921321868896,2.9284416314112605e-07,2.016941834881436e-06,0.9999977350234985,vision,vision,1,0.00010538975038798526,3.3100634027505293e-05,3.7181507650529966e-06,0.07965551316738129,0.17096418142318726
655,zhpQhgha_KU$_$20,-1.399999976158142,-0.23095963895320892,4.0822542359819636e-06,2.722302269830834e-06,0.9999932050704956,0.05202154815196991,0.0018231198191642761,-0.08864540606737137,1.4520214796066284,1.4018230438232422,1.3113545179367065,0.30703115463256836,0.32691407203674316,0.3660547733306885,vision,vision,1,0.7777777910232544,0.8571428656578064,1.0,0.5783746838569641,0.4216253161430359,4.0822542359819636e-06,2.722302269830834e-06,0.9999932050704956,2.4606859483355947e-07,1.8732853277469985e-06,0.9999978542327881,vision,vision,1,9.23147308640182e-05,3.057512003579177e-05,3.1114548164623557e-06,0.05820617824792862,0.14066696166992188
174,dq3Nf_lMPnE$_$4,-0.4000000059604645,-0.18720069527626038,6.004147053317865e-06,2.933745918198838e-06,0.9999910593032837,0.056469276547431946,0.020180828869342804,-0.17465421557426453,0.4564692974090576,0.4201808273792267,0.22534579038619995,0.29573819041252136,0.30946195125579834,0.3947998583316803,vision,vision,1,0.9629629850387573,0.8928571343421936,0.9117646813392639,0.5818707346916199,0.4181292653083801,6.004147053317865e-06,2.933745918198838e-06,0.9999910593032837,3.130620882529911e-07,1.951604872374446e-06,0.9999977350234985,vision,vision,1,0.00011848256690427661,3.2591316994512454e-05,4.449649168236647e-06,0.10148651897907257,0.23112349212169647
638,yvsjCA6Y5Fc$_$6,0.0,-0.9334080219268799,9.41053713177098e-06,5.496561698237201e-06,0.9999850988388062,0.019055679440498352,0.019754216074943542,-0.20583584904670715,0.019055679440498352,0.019754216074943542,0.20583584904670715,0.35830679535865784,0.35799404978752136,0.2836991548538208,vision,text,0,0.9090909361839294,0.9047619104385376,0.9583333134651184,0.5822990536689758,0.41770094633102417,9.41053713177098e-06,5.496561698237201e-06,0.9999850988388062,6.334897761917091e-07,3.881697921315208e-06,0.9999954700469971,vision,vision,0,0.00019036659796256572,6.191420834511518e-05,6.9210400397423655e-06,0.10617991536855698,0.2255900651216507
554,vyB00TXsimI$_$22,0.6000000238418579,0.40666764974594116,8.274591891677119e-06,4.090887614438543e-06,0.9999877214431763,0.201459601521492,-0.2908002436161041,-0.04585103690624237,0.3985404372215271,0.8908002376556396,0.6458510756492615,0.43964841961860657,0.23761475086212158,0.32273682951927185,vision,text,0,1.0,0.9230769276618958,0.8709677457809448,0.5919516086578369,0.4080483913421631,8.274591891677119e-06,4.090887614438543e-06,0.9999877214431763,5.091181378702458e-07,2.911592446253053e-06,0.9999966621398926,vision,vision,0,0.00015984504716470838,4.780890594702214e-05,5.961821443634108e-06,0.2009650319814682,0.4922598600387573
431,phBUpBr1hSo$_$15,-2.200000047683716,0.2924732565879822,4.379396159492899e-06,2.693897386052413e-06,0.999992847442627,0.11675726622343063,-0.13469211757183075,-0.08584585785865784,2.3167572021484375,2.065307855606079,2.114154100418091,0.27340877056121826,0.3743831515312195,0.3522080183029175,vision,audio,0,0.8399999737739563,0.8695651888847351,0.9175257682800293,0.581778883934021,0.418221116065979,4.379396159492899e-06,2.693897386052413e-06,0.999992847442627,2.3069542010034638e-07,1.8127681187252165e-06,0.9999979734420776,vision,vision,0,9.571612463332713e-05,2.9498303774744272e-05,3.385276386325131e-06,0.10886320471763611,0.2514493763446808
146,d6hH302o4v8$_$11,-1.0,-0.38679376244544983,6.057827704353258e-06,3.567355406630668e-06,0.9999903440475464,0.04702496528625488,0.01815406233072281,-0.1405671238899231,1.0470249652862549,1.0181540250778198,0.8594328761100769,0.30293744802474976,0.3140697181224823,0.38299286365509033,vision,vision,1,0.8999999761581421,0.9142857193946838,0.8292682766914368,0.5772157907485962,0.4227842092514038,6.057827704353258e-06,3.567355406630668e-06,0.9999903440475464,3.496734279906377e-07,2.513385425118031e-06,0.9999971389770508,vision,vision,1,0.00012716342462226748,4.044680463266559e-05,4.519018148130272e-06,0.08247338235378265,0.18759208917617798
621,yDtzw_Y-7RU$_$12,-0.6666666865348816,-0.9215264320373535,8.982861800177488e-06,4.877716037299251e-06,0.9999861717224121,0.00818384438753128,0.033757492899894714,-0.22113847732543945,0.6748505234718323,0.7004241943359375,0.44552820920944214,0.30298441648483276,0.29345202445983887,0.40356361865997314,vision,vision,1,0.9333333373069763,0.8979591727256775,0.8983050584793091,0.5822867155075073,0.4177132844924927,8.982861800177488e-06,4.877716037299251e-06,0.9999861717224121,5.472919610838289e-07,3.2455011478305096e-06,0.9999961853027344,vision,vision,1,0.0001778493169695139,5.270323163131252e-05,6.693789146083873e-06,0.11460787057876587,0.25489598512649536
183,etzxEpPuc6I$_$15,0.20000000298023224,-0.6254062652587891,6.789416147512384e-06,3.793166115428903e-06,0.99998939037323,0.012127205729484558,-0.01290881633758545,-0.09668033570051193,0.18787279725074768,0.2129088193178177,0.2966803312301636,0.3518618941307068,0.3410208821296692,0.307117223739624,vision,text,0,0.875,0.8571428656578064,0.9375,0.5765334367752075,0.4234665632247925,6.789416147512384e-06,3.793166115428903e-06,0.99998939037323,4.707060554665077e-07,2.745993015196291e-06,0.9999967813491821,vision,vision,0,0.00013873210991732776,4.521995288087055e-05,4.918952981824987e-06,0.04652783274650574,0.10880754142999649
648,yvsjCA6Y5Fc$_$16,-1.7999999523162842,-0.9306427240371704,1.1269181413808838e-05,6.345465408230666e-06,0.9999823570251465,0.03176650404930115,0.01110483705997467,-0.22187435626983643,1.8317664861679077,1.8111047744750977,1.5781255960464478,0.29418373107910156,0.3018805980682373,0.40393567085266113,vision,vision,1,0.9399999976158142,0.920634925365448,0.8947368264198303,0.5820810794830322,0.4179189205169678,1.1269181413808838e-05,6.345465408230666e-06,0.9999823570251465,7.151595013965562e-07,4.645873559638858e-06,0.9999946355819702,vision,vision,1,0.00022195863130036741,7.251368515426293e-05,8.177390554919839e-06,0.1150071918964386,0.2536408603191376
499,tStelxIAHjw$_$4,-2.799999952316284,-0.7786515355110168,7.549935617134906e-06,5.363492618926102e-06,0.9999871253967285,0.01845761388540268,0.006051063537597656,-0.18481510877609253,2.81845760345459,2.806051015853882,2.615184783935547,0.3025793135166168,0.3073083758354187,0.3901122510433197,vision,vision,1,0.7777777910232544,0.8765432238578796,0.8865979313850403,0.5783340930938721,0.42166590690612793,7.549935617134906e-06,5.363492618926102e-06,0.9999871253967285,4.322558027070045e-07,3.383152488822816e-06,0.9999961853027344,vision,vision,1,0.00016698904801160097,5.274577051750384e-05,6.0526426750584505e-06,0.09303740411996841,0.2032727301120758
291,jUzDDGyPkXU$_$8,1.7999999523162842,0.6136149764060974,5.1032384362770244e-06,3.1548147489957046e-06,0.999991774559021,0.16154266893863678,-0.13038596510887146,-0.08774884045124054,1.6384572982788086,1.930385947227478,1.8877488374710083,0.41211244463920593,0.28611254692077637,0.3017750084400177,vision,text,0,0.9090909361839294,0.9583333134651184,0.8965517282485962,0.5831588506698608,0.41684114933013916,5.1032384362770244e-06,3.1548147489957046e-06,0.999991774559021,2.7018643322662683e-07,2.0933985069859773e-06,0.999997615814209,vision,vision,0,0.00011035235365852714,3.382551949471235e-05,3.911907697329298e-06,0.12874889373779297,0.29192864894866943
588,wMbj6ajWbic$_$4,1.0,-0.9324312210083008,6.63296759739751e-06,3.8853891055623535e-06,0.99998939037323,-0.006886154413223267,0.05742163956165314,-0.18878096342086792,1.0068861246109009,0.9425783753395081,1.1887810230255127,0.3471823036670685,0.37624281644821167,0.2765748202800751,vision,audio,0,0.8999999761581421,0.8999999761581421,1.0,0.5839623212814331,0.4160376787185669,6.63296759739751e-06,3.8853891055623535e-06,0.99998939037323,4.2771509356498427e-07,2.6402369712741347e-06,0.9999969005584717,vision,vision,0,0.00013808280345983803,4.326483031036332e-05,4.9868635869643185e-06,0.10426298528909683,0.24620260298252106
475,tIrG4oNLFzE$_$14,-2.4000000953674316,-0.7623328566551208,5.630239684251137e-06,3.0572598461731104e-06,0.9999912977218628,-0.0008825585246086121,0.033657342195510864,-0.20586887001991272,2.3991174697875977,2.43365740776062,2.1941311359405518,0.30771151185035706,0.294708788394928,0.39757978916168213,vision,vision,1,0.9111111164093018,0.8783783912658691,0.8587570786476135,0.5805141925811768,0.41948580741882324,5.630239684251137e-06,3.0572598461731104e-06,0.9999912977218628,3.1540008649244555e-07,2.155426045646891e-06,0.9999974966049194,vision,vision,1,0.0001155580539489165,3.532789560267702e-05,4.138519216212444e-06,0.10571722686290741,0.23952621221542358
369,nbWiPyCm4g0$_$7,-1.2000000476837158,-0.7233258485794067,1.2131040421081707e-05,5.784016138932202e-06,0.9999819993972778,-0.0034947097301483154,0.11045262217521667,-0.21046048402786255,1.1965053081512451,1.3104526996612549,0.9895395636558533,0.31620562076568604,0.2742276191711426,0.4095667898654938,vision,vision,1,1.0,0.90625,0.8684210777282715,0.584780216217041,0.415219783782959,1.2131040421081707e-05,5.784016138932202e-06,0.9999819993972778,8.635886956653849e-07,4.399300451041199e-06,0.9999947547912598,vision,vision,1,0.00022505834931507707,7.154409831855446e-05,8.469187378068455e-06,0.13283409178256989,0.3209131062030792
52,cW1FSBF59ik$_$22,-1.0,-0.22343400120735168,6.526857760036364e-06,3.2029906833486166e-06,0.9999902248382568,0.03813657909631729,-0.014511361718177795,-0.11598371714353561,1.038136601448059,0.9854886531829834,0.8840162754058838,0.30483317375183105,0.32556912302970886,0.36959773302078247,vision,vision,1,0.9599999785423279,0.8823529481887817,0.824999988079071,0.5764342546463013,0.42356574535369873,6.526857760036364e-06,3.2029906833486166e-06,0.9999902248382568,3.4847306551455404e-07,2.1241230570012704e-06,0.9999974966049194,vision,vision,1,0.0001282055163756013,3.541086334735155e-05,4.84300653624814e-06,0.06396310776472092,0.1541202962398529
432,phBUpBr1hSo$_$14,-1.2000000476837158,-0.5981762409210205,8.815175533527508e-06,4.1903899727913085e-06,0.999987006187439,0.01578705757856369,0.06684386730194092,-0.1986578404903412,1.2157870531082153,1.2668439149856567,1.0013421773910522,0.3081100583076477,0.2890605330467224,0.4028293788433075,vision,vision,1,1.0,0.8999999761581421,0.875,0.5827305316925049,0.4172694683074951,8.815175533527508e-06,4.1903899727913085e-06,0.999987006187439,5.435133516584756e-07,2.9452498893078882e-06,0.9999964237213135,vision,vision,1,0.00016746230539865792,4.890536729362793e-05,6.311445304163499e-06,0.11502877622842789,0.2655017077922821
36,cM3Yna7AavY$_$12,-1.0,-0.5935903787612915,6.367672540363856e-06,4.417468062456464e-06,0.9999892711639404,0.010045818984508514,0.023750394582748413,-0.14283058047294617,1.0100457668304443,1.0237504243850708,0.8571693897247314,0.3131272494792938,0.3078088164329529,0.37906402349472046,vision,vision,1,0.8571428656578064,0.95652174949646,0.8108108043670654,0.5751948952674866,0.4248051047325134,6.367672540363856e-06,4.417468062456464e-06,0.9999892711639404,4.1503449210722465e-07,3.3812048059189692e-06,0.9999963045120239,vision,vision,1,0.0001413605350535363,5.236848664935678e-05,4.674083356803749e-06,0.07550439983606339,0.16658097505569458
91,cXypl4FnoZo$_$8,1.399999976158142,-0.31687650084495544,4.609833467839053e-06,2.634134489198914e-06,0.9999927282333374,0.003709062933921814,0.012829229235649109,-0.10917531698942184,1.396290898323059,1.3871707916259766,1.5091753005981445,0.3472387492656708,0.3512199819087982,0.3015412986278534,vision,audio,0,0.9130434989929199,0.9154929518699646,0.9404761791229248,0.577248215675354,0.422751784324646,4.609833467839053e-06,2.634134489198914e-06,0.9999927282333374,2.4457483505102573e-07,1.7859031231637346e-06,0.9999979734420776,vision,vision,0,9.7734882729128e-05,2.9367602110141888e-05,3.486232799332356e-06,0.05548890680074692,0.12200454622507095
486,tIrG4oNLFzE$_$9,-1.0,-0.1946156620979309,5.9729813983722124e-06,2.915204959208495e-06,0.9999911785125732,0.04331275820732117,-0.005427934229373932,-0.12921592593193054,1.0433127880096436,0.9945720434188843,0.8707840442657471,0.30270904302597046,0.3217253088951111,0.3755655884742737,vision,vision,1,0.9583333134651184,0.8850574493408203,0.8942307829856873,0.5788694024085999,0.42113059759140015,5.9729813983722124e-06,2.915204959208495e-06,0.9999911785125732,3.15262695949059e-07,1.9748126760532614e-06,0.999997615814209,vision,vision,1,0.00011780202476074919,3.3023039577528834e-05,4.345137767813867e-06,0.07262175530195236,0.1725286841392517
514,tmZoasNr4rU$_$20,-1.0,-0.20877203345298767,6.496147307188949e-06,3.7502315990423085e-06,0.9999898672103882,0.08869358897209167,-0.11461464315652847,-0.06796686351299286,1.088693618774414,0.8853853344917297,0.932033121585846,0.2852528989315033,0.36778977513313293,0.34695732593536377,vision,audio,0,0.8999999761581421,0.8974359035491943,0.9166666865348816,0.5800875425338745,0.4199124574661255,6.496147307188949e-06,3.7502315990423085e-06,0.9999898672103882,3.9308085320044484e-07,2.641430910443887e-06,0.9999970197677612,vision,vision,0,0.00013455894077196717,4.2685060179792345e-05,4.788141268363688e-06,0.08695640414953232,0.20330822467803955
263,iiK8YX8oH1E$_$17,1.600000023841858,0.4546626806259155,4.574555077851983e-06,2.2753756638849154e-06,0.9999932050704956,0.10434538125991821,-0.10417255759239197,-0.07858793437480927,1.495654582977295,1.7041726112365723,1.6785879135131836,0.3896894156932831,0.30027616024017334,0.3100344240665436,vision,text,0,0.8666666746139526,0.800000011920929,1.0,0.582741379737854,0.417258620262146,4.574555077851983e-06,2.2753756638849154e-06,0.9999932050704956,2.4518189434274973e-07,1.4861740282867686e-06,0.9999983310699463,vision,vision,0,9.258388308808208e-05,2.532456346671097e-05,3.414857928873971e-06,0.09285526722669601,0.20851793885231018
204,f9O3YtZ2VfI$_$22,1.399999976158142,0.369616836309433,6.6015636548399925e-06,3.4274501103936927e-06,0.9999899864196777,0.20645685493946075,-0.2227209210395813,-0.09787444025278091,1.1935430765151978,1.6227209568023682,1.49787437915802,0.44084206223487854,0.25780782103538513,0.30135008692741394,vision,text,0,0.9090909361839294,0.8620689511299133,0.8235294222831726,0.5876933336257935,0.41230666637420654,6.6015636548399925e-06,3.4274501103936927e-06,0.9999899864196777,3.6002094816467434e-07,2.3081399831426097e-06,0.9999973773956299,vision,vision,0,0.00013186833530198783,3.790193295571953e-05,4.917276783089619e-06,0.18024605512619019,0.42917776107788086
440,phBUpBr1hSo$_$2,2.200000047683716,0.9708173871040344,7.753059435344767e-06,3.246895630582003e-06,0.9999890327453613,0.3085428476333618,-0.27464720606803894,-0.10097189247608185,1.891457200050354,2.474647283554077,2.3009719848632812,0.48036354780197144,0.23172594606876373,0.28791049122810364,vision,text,0,1.0,0.8500000238418579,0.8333333134651184,0.5954241752624512,0.40457582473754883,7.753059435344767e-06,3.246895630582003e-06,0.9999890327453613,4.0099482134792197e-07,2.113278696924681e-06,0.9999974966049194,vision,vision,0,0.00014321440539788455,3.600470517994836e-05,5.649846571031958e-06,0.24448952078819275,0.5831900835037231
49,cW1FSBF59ik$_$24,0.0,-0.2365051954984665,7.075445410009706e-06,3.5400698834564537e-06,0.99998939037323,0.038370922207832336,-0.0023763924837112427,-0.10084744542837143,0.038370922207832336,0.0023763924837112427,0.10084744542837143,0.3365986943244934,0.35208919644355774,0.3113120496273041,vision,audio,0,1.0,0.931034505367279,0.9142857193946838,0.5780563950538635,0.4219436049461365,7.075445410009706e-06,3.5400698834564537e-06,0.99998939037323,3.8881611885699385e-07,2.313195182068739e-06,0.9999973773956299,vision,vision,0,0.00013892914284951985,3.8359794416464865e-05,5.300174962030724e-06,0.058441463857889175,0.13921836018562317
28,c7UH_rxdZv4$_$18,-2.25,-0.7620928883552551,1.1258490303589497e-05,5.751371645601466e-06,0.9999830722808838,0.04985600709915161,0.004137367010116577,-0.18986734747886658,2.299855947494507,2.2541372776031494,2.0601327419281006,0.2934096157550812,0.31066590547561646,0.39592447876930237,vision,vision,1,1.0,0.931034505367279,0.8985507488250732,0.5820096731185913,0.4179903268814087,1.1258490303589497e-05,5.751371645601466e-06,0.9999830722808838,7.126842547222623e-07,4.049934432259761e-06,0.999995231628418,vision,vision,1,0.00021458766423165798,6.512320396723226e-05,8.135530151776038e-06,0.10392054170370102,0.2397233545780182
241,f_pcplsH_V0$_$9,-2.4000000953674316,-0.8678637146949768,9.33791307033971e-06,5.2808486543654e-06,0.9999854564666748,-0.02769339084625244,0.08307608962059021,-0.17093458771705627,2.3723068237304688,2.4830760955810547,2.229065418243408,0.3260749578475952,0.2839123606681824,0.3900126814842224,vision,vision,1,1.0,1.0,0.9047619104385376,0.5822141766548157,0.4177858233451843,9.33791307033971e-06,5.2808486543654e-06,0.9999854564666748,6.443794404731307e-07,3.993767677457072e-06,0.9999953508377075,vision,vision,1,0.00018683963571675122,6.346048758132383e-05,6.6249949668417685e-06,0.10398148745298386,0.2540106773376465
625,yDtzw_Y-7RU$_$16,0.6000000238418579,-0.18045243620872498,4.619149422069313e-06,2.640231059558573e-06,0.9999927282333374,0.07441531121730804,-0.02047768235206604,-0.13656771183013916,0.5255846977233887,0.6204776763916016,0.7365677356719971,0.37645918130874634,0.33435171842575073,0.2891891300678253,vision,text,0,0.8823529481887817,0.8837209343910217,0.9223300814628601,0.5803917646408081,0.4196082353591919,4.619149422069313e-06,2.640231059558573e-06,0.9999927282333374,2.605961810786539e-07,1.864813270913146e-06,0.9999978542327881,vision,vision,0,9.791223419597372e-05,3.0677962058689445e-05,3.4199902074760757e-06,0.08627823740243912,0.2109830230474472
549,vvZ4IcEtiZc$_$6,1.0,-0.3862884044647217,5.817747933178907e-06,3.1747290449857246e-06,0.9999909400939941,0.005402319133281708,0.03763744235038757,-0.13440658152103424,0.9945976734161377,0.96236252784729,1.134406566619873,0.3471289277076721,0.3614017367362976,0.29146939516067505,vision,audio,0,0.9166666865348816,0.9014084339141846,0.8833333253860474,0.5780985355377197,0.4219014644622803,5.817747933178907e-06,3.1747290449857246e-06,0.9999909400939941,3.2441727171317325e-07,2.2008746327628614e-06,0.9999974966049194,vision,vision,0,0.00011936348164454103,3.600079799070954e-05,4.341231942817103e-06,0.07467319071292877,0.17204402387142181
253,fvVhgmXxadc$_$7,-1.0,-0.655073344707489,7.783178261888679e-06,4.353116764832521e-06,0.9999878406524658,0.02722971886396408,0.04670313000679016,-0.18737512826919556,1.0272296667099,1.0467031002044678,0.8126248717308044,0.3045406639575958,0.29721710085868835,0.3982422947883606,vision,vision,1,0.8846153616905212,0.8714285492897034,0.9210526347160339,0.5816469192504883,0.4183530807495117,7.783178261888679e-06,4.353116764832521e-06,0.9999878406524658,4.852805659538717e-07,3.0300550406536786e-06,0.999996542930603,vision,vision,1,0.00015743463882245123,4.899514897260815e-05,5.774412784376182e-06,0.10605400800704956,0.23407825827598572
333,lXPQBPVc5Cw$_$24,-1.399999976158142,-0.7718015909194946,5.5267846619244665e-06,4.72199735668255e-06,0.9999897480010986,0.03634145110845566,0.029235541820526123,-0.17654818296432495,1.436341404914856,1.4292354583740234,1.223451852798462,0.30176812410354614,0.30446043610572815,0.3937714993953705,vision,vision,1,0.7142857313156128,0.9047619104385376,0.9599999785423279,0.579730212688446,0.42026978731155396,5.5267846619244665e-06,4.72199735668255e-06,0.9999897480010986,3.3635055274316983e-07,3.1121303436520975e-06,0.999996542930603,vision,vision,1,0.00013504586240742356,4.7913013986544684e-05,4.531743797997478e-06,0.09872489422559738,0.2128896415233612
422,pLTX3ipuDJI$_$4,-2.200000047683716,0.267443984746933,4.2143101381952874e-06,2.4330317955900682e-06,0.9999934434890747,0.058000631630420685,-0.07736057788133621,-0.08211299031972885,2.258000612258911,2.1226394176483154,2.117887020111084,0.2962283492088318,0.35084059834480286,0.35293105244636536,vision,vision,1,0.8888888955116272,0.9009901285171509,0.9322034120559692,0.5777049660682678,0.4222950339317322,4.2143101381952874e-06,2.4330317955900682e-06,0.9999934434890747,2.1212508727330714e-07,1.5923953924357193e-06,0.9999982118606567,vision,vision,1,9.014741954160854e-05,2.6286841602995992e-05,3.2037310120358597e-06,0.06495901942253113,0.14011362195014954
662,zhpQhgha_KU$_$3,-1.600000023841858,-0.8243005275726318,1.0583758012217004e-05,4.492784682952333e-06,0.999984860420227,-0.0010693669319152832,0.040048807859420776,-0.19157853722572327,1.5989305973052979,1.640048861503601,1.408421516418457,0.3106764554977417,0.2951117753982544,0.3942117393016815,vision,vision,1,1.0,0.8448275923728943,0.8214285969734192,0.5803382396697998,0.4196617603302002,1.0583758012217004e-05,4.492784682952333e-06,0.999984860420227,6.349873160615971e-07,3.088279072471778e-06,0.9999963045120239,vision,vision,1,0.00019168885773979127,5.192039316170849e-05,7.599122454848839e-06,0.10090462118387222,0.23162734508514404
421,pLTX3ipuDJI$_$5,-2.0,-0.7286427617073059,7.2742450356599875e-06,3.7534448438236723e-06,0.9999890327453613,0.00824911892414093,0.05525101721286774,-0.2104455828666687,2.008249044418335,2.055251121520996,1.7895543575286865,0.30700042843818665,0.2894830107688904,0.403516560792923,vision,vision,1,0.9333333373069763,0.8787878751754761,0.9113923907279968,0.5831348896026611,0.41686511039733887,7.2742450356599875e-06,3.7534448438236723e-06,0.9999890327453613,4.372617752324004e-07,2.589560381238698e-06,0.9999969005584717,vision,vision,1,0.000143901226692833,4.2794439650606364e-05,5.289560249366332e-06,0.11577335745096207,0.26569658517837524
487,tIrG4oNLFzE$_$8,-1.2000000476837158,-0.7718162536621094,8.18037187855225e-06,5.189115199755179e-06,0.9999865293502808,0.03345506638288498,0.019104570150375366,-0.20453327894210815,1.2334550619125366,1.2191046476364136,0.9954667687416077,0.29721492528915405,0.30259448289871216,0.4001905918121338,vision,vision,1,0.8999999761581421,0.9333333373069763,0.8055555820465088,0.5787453055381775,0.4212546944618225,8.18037187855225e-06,5.189115199755179e-06,0.9999865293502808,4.773799560098269e-07,3.7598074413836002e-06,0.9999957084655762,vision,vision,1,0.00017241966270375997,5.818417412228882e-05,6.103804480517283e-06,0.10896395891904831,0.23798835277557373
424,pLTX3ipuDJI$_$6,-1.399999976158142,-0.039344917982816696,5.144804163137451e-06,3.1742679311719257e-06,0.9999916553497314,0.02309177815914154,-0.0018286854028701782,-0.09625892341136932,1.4230917692184448,1.398171305656433,1.3037410974502563,0.3132309317588806,0.323141872882843,0.36362719535827637,vision,vision,1,0.8999999761581421,0.9433962106704712,0.875,0.5751915574073792,0.42480844259262085,5.144804163137451e-06,3.1742679311719257e-06,0.9999916553497314,2.6757405180433125e-07,2.0852892248512944e-06,0.9999977350234985,vision,vision,1,0.00011116322275483981,3.357145033078268e-05,4.015294507553335e-06,0.05140545591711998,0.11935070157051086
373,nzpVDcQ0ywM$_$24,1.600000023841858,0.7375975847244263,9.30880105443066e-06,5.407245225796942e-06,0.9999853372573853,0.2717956006526947,-0.2819671332836151,-0.06971012055873871,1.3282043933868408,1.8819671869277954,1.6697101593017578,0.464465469121933,0.23245202004909515,0.30308249592781067,vision,text,0,0.8888888955116272,0.8928571343421936,0.7272727489471436,0.5900055170059204,0.4099944829940796,9.30880105443066e-06,5.407245225796942e-06,0.9999853372573853,5.217515877120604e-07,3.6015628666064003e-06,0.9999959468841553,vision,vision,0,0.00018805876607075334,5.672341649187729e-05,7.067453225317877e-06,0.22811605036258698,0.5537627339363098
626,yDtzw_Y-7RU$_$19,-1.600000023841858,-0.7876030206680298,7.398356956400676e-06,3.7797417462570593e-06,0.9999887943267822,-0.009967982769012451,0.09373262524604797,-0.18228775262832642,1.5900321006774902,1.6937326192855835,1.4177122116088867,0.320637971162796,0.2816561758518219,0.3977058231830597,vision,vision,1,0.8888888955116272,0.8333333134651184,0.9642857313156128,0.5846381783485413,0.41536182165145874,7.398356956400676e-06,3.7797417462570593e-06,0.9999887943267822,4.87201475607435e-07,2.663600298546953e-06,0.9999969005584717,vision,vision,1,0.00014578498667106032,4.4350355892675e-05,5.3778430810780264e-06,0.11383964121341705,0.2760203778743744
443,phBUpBr1hSo$_$7,-1.0,0.1901611089706421,3.4646895983314607e-06,2.350186832700274e-06,0.999994158744812,0.019249416887760162,-0.02660621702671051,-0.12284903973340988,1.019249439239502,0.9733937978744507,0.8771509528160095,0.30737367272377014,0.32550692558288574,0.3671194911003113,vision,vision,1,0.7857142686843872,0.875,0.8819444179534912,0.5755336880683899,0.4244663119316101,3.4646895983314607e-06,2.350186832700274e-06,0.999994158744812,1.681881656168116e-07,1.512257995273103e-06,0.9999983310699463,vision,vision,1,7.984323747223243e-05,2.4539818696212023e-05,2.7689184207702056e-06,0.05921466648578644,0.14209845662117004
409,ob23OKe5a9Q$_$9,-1.399999976158142,-0.6965732574462891,7.483652552764397e-06,3.851082510664128e-06,0.9999886751174927,0.004231736063957214,0.02012798935174942,-0.17851510643959045,1.4042316675186157,1.4201279878616333,1.221484899520874,0.30893224477767944,0.3028542399406433,0.38821348547935486,vision,vision,1,0.9599999785423279,0.8973509669303894,0.9240506291389465,0.580768883228302,0.419231116771698,7.483652552764397e-06,3.851082510664128e-06,0.9999886751174927,4.0939167433862167e-07,2.6773122954182327e-06,0.9999970197677612,vision,vision,1,0.0001476448669563979,4.3333726353012025e-05,5.530893758987077e-06,0.09012841433286667,0.19864308834075928
123,d6hH302o4v8$_$24,-2.799999952316284,-0.9472297430038452,6.235509317775723e-06,4.986305611964781e-06,0.9999887943267822,0.007799521088600159,0.08502808213233948,-0.23372125625610352,2.8077995777130127,2.885028123855591,2.5662786960601807,0.3067103624343872,0.27848610281944275,0.41480353474617004,vision,vision,1,0.75,0.9130434989929199,0.9259259104728699,0.5836495161056519,0.41635048389434814,6.235509317775723e-06,4.986305611964781e-06,0.9999887943267822,4.170813667769835e-07,3.663519692054251e-06,0.9999959468841553,vision,vision,1,0.00014679665036965162,5.6016750022536144e-05,4.76459081255598e-06,0.13576847314834595,0.318749338388443
510,tmZoasNr4rU$_$17,-1.399999976158142,-0.1234549880027771,5.278392109175911e-06,2.51799406214559e-06,0.9999922513961792,0.01598505675792694,-0.020288072526454926,-0.08754648268222809,1.4159849882125854,1.3797118663787842,1.3124535083770752,0.3140164315700531,0.32858210802078247,0.3574014902114868,vision,vision,1,0.9615384340286255,0.8876404762268066,0.893750011920929,0.5759257078170776,0.42407429218292236,5.278392109175911e-06,2.51799406214559e-06,0.9999922513961792,2.869397519589256e-07,1.7877742948257946e-06,0.9999979734420776,vision,vision,1,0.00010433314309921116,2.9989580070832744e-05,3.814572664850857e-06,0.042892906814813614,0.10353153944015503
604,yDtzw_Y-7RU$_$24,-0.800000011920929,-0.7494800090789795,5.559640612773364e-06,3.505599124764558e-06,0.9999909400939941,-0.002916976809501648,0.07438689470291138,-0.20810359716415405,0.7970830202102661,0.8743869066238403,0.5918964147567749,0.31247371435165405,0.2836923897266388,0.40383386611938477,vision,vision,1,0.8888888955116272,0.9375,1.0,0.5851675271987915,0.4148324728012085,5.559640612773364e-06,3.505599124764558e-06,0.9999909400939941,3.4085184097421006e-07,2.4432420104858465e-06,0.9999972581863403,vision,vision,1,0.00012034576502628624,3.936990106012672e-05,4.1997463995357975e-06,0.11920026689767838,0.28249049186706543
603,wMbj6ajWbic$_$30,0.800000011920929,-0.5446575284004211,6.680400019831723e-06,3.3162471027026186e-06,0.9999899864196777,0.02418285608291626,0.0293891578912735,-0.16784855723381042,0.7758171558380127,0.7706108689308167,0.967848539352417,0.3580217957496643,0.3603593409061432,0.2816188931465149,vision,audio,0,0.9230769276618958,0.8500000238418579,0.9166666865348816,0.5805093050003052,0.4194906949996948,6.680400019831723e-06,3.3162471027026186e-06,0.9999899864196777,3.8386653500310786e-07,2.2733941023034276e-06,0.9999973773956299,vision,vision,0,0.00013143944670446217,3.781462146434933e-05,4.91012087877607e-06,0.09177622944116592,0.19723771512508392
401,ob23OKe5a9Q$_$14,0.800000011920929,0.36598896980285645,4.224958047416294e-06,2.4847197437338764e-06,0.9999933242797852,0.17243215441703796,-0.23741990327835083,-0.0855376124382019,0.6275678873062134,1.0374199151992798,0.8855376243591309,0.43039068579673767,0.25785011053085327,0.31175923347473145,vision,text,0,0.8571428656578064,0.8775510191917419,0.9145299196243286,0.588528037071228,0.411471962928772,4.224958047416294e-06,2.4847197437338764e-06,0.9999933242797852,2.188367318467499e-07,1.646816372158355e-06,0.9999980926513672,vision,vision,0,9.100366150960326e-05,2.7173551643500105e-05,3.204132326573017e-06,0.1691794991493225,0.4098520576953888
680,zhpQhgha_KU$_$31,-1.0,-0.5094842910766602,5.395961579779396e-06,2.9729503694397863e-06,0.9999916553497314,0.040371932089328766,0.011567816138267517,-0.184785395860672,1.0403718948364258,1.0115678310394287,0.8152146339416504,0.29746800661087036,0.30837351083755493,0.3941585123538971,vision,vision,1,0.9166666865348816,0.8958333134651184,0.9137930870056152,0.5812042951583862,0.41879570484161377,5.395961579779396e-06,2.9729503694397863e-06,0.9999916553497314,3.103492076661496e-07,2.1461853521032026e-06,0.9999974966049194,vision,vision,1,0.00011161052680108696,3.514595300657675e-05,3.917877620551735e-06,0.10004447400569916,0.22515732049942017
156,d6hH302o4v8$_$31,-1.399999976158142,-0.36746475100517273,5.820063506689621e-06,3.824302439170424e-06,0.9999903440475464,0.022515326738357544,0.03264257311820984,-0.1536351442337036,1.4225152730941772,1.4326425790786743,1.2463648319244385,0.3092402219772339,0.3053502142429352,0.38540956377983093,vision,vision,1,0.8823529481887817,0.9545454382896423,0.849056601524353,0.5772639513015747,0.4227360486984253,5.820063506689621e-06,3.824302439170424e-06,0.9999903440475464,3.356485933636577e-07,2.688123686311883e-06,0.9999969005584717,vision,vision,1,0.00012749699817504734,4.256284955772571e-05,4.392368282424286e-06,0.08552513271570206,0.18627771735191345
630,yvsjCA6Y5Fc$_$22,-1.600000023841858,-0.07970970869064331,2.3598147890879773e-05,2.000934910029173e-05,0.9999563694000244,0.2007218599319458,-0.37227270007133484,-0.10236252099275589,1.8007218837738037,1.2277272939682007,1.4976375102996826,0.22186025977134705,0.4540879726409912,0.32405176758766174,vision,audio,0,0.8571428656578064,1.0,0.8823529481887817,0.5938276052474976,0.40617239475250244,2.3598147890879773e-05,2.000934910029173e-05,0.9999563694000244,2.2698641259921715e-06,1.6940428395173512e-05,0.9999808073043823,vision,vision,0,0.0005115197272971272,0.00023477550712414086,1.6278369002975523e-05,0.23405469954013824,0.572994589805603
622,yDtzw_Y-7RU$_$15,0.6000000238418579,0.06836110353469849,6.311784090939909e-06,3.3822325349319726e-06,0.9999903440475464,0.07073288410902023,-0.02756734937429428,-0.08277852833271027,0.5292671322822571,0.6275673508644104,0.682778537273407,0.36903470754623413,0.3263646960258484,0.3046005964279175,vision,text,0,0.9230769276618958,0.8928571343421936,0.8787878751754761,0.5772572159767151,0.4227427840232849,6.311784090939909e-06,3.3822325349319726e-06,0.9999903440475464,3.498192597817251e-07,2.2664582957077073e-06,0.9999973773956299,vision,vision,0,0.00012781340046785772,3.726094291778281e-05,4.703696049546124e-06,0.06348837167024612,0.1535114049911499
570,vyB00TXsimI$_$17,1.399999976158142,-0.4714459776878357,4.626041572919348e-06,3.192022177245235e-06,0.9999921321868896,0.024309910833835602,0.03939945995807648,-0.14586248993873596,1.3756901025772095,1.360600471496582,1.5458624362945557,0.3536784052848816,0.3604128062725067,0.2859087586402893,vision,audio,0,0.7368420958518982,0.8297872543334961,0.9122806787490845,0.5780382752418518,0.4219617247581482,4.626041572919348e-06,3.192022177245235e-06,0.9999921321868896,2.7711331540558604e-07,2.2133142465463607e-06,0.9999974966049194,vision,vision,0,0.00010506779653951526,3.5487290006130934e-05,3.5640182431961875e-06,0.08400285989046097,0.18526194989681244
613,yDtzw_Y-7RU$_$4,-1.0,-0.5786404609680176,6.581541583727812e-06,4.514131433097646e-06,0.9999889135360718,0.01583099365234375,0.01807146519422531,-0.1451338827610016,1.0158309936523438,1.0180714130401611,0.8548661470413208,0.310551255941391,0.30968278646469116,0.37976595759391785,vision,vision,1,0.8333333134651184,0.921875,0.8421052694320679,0.5758264064788818,0.42417359352111816,6.581541583727812e-06,4.514131433097646e-06,0.9999889135360718,4.065799146246718e-07,3.2346806619898416e-06,0.9999964237213135,vision,vision,1,0.00014515366638079286,5.043090641265735e-05,4.988199179933872e-06,0.07641313225030899,0.1632053554058075
469,rnaNMUZpvvg$_$18,-2.200000047683716,-0.6158016920089722,7.739432476228103e-06,3.7033905755379237e-06,0.9999885559082031,0.02665087580680847,0.00769941508769989,-0.19017523527145386,2.2266509532928467,2.2076995372772217,2.009824752807617,0.2998239994049072,0.3070113956928253,0.39316463470458984,vision,vision,1,0.9534883499145508,0.8613138794898987,0.9202454090118408,0.5816285014152527,0.4183714985847473,7.739432476228103e-06,3.7033905755379237e-06,0.9999885559082031,4.2208597506032675e-07,2.5437084332224913e-06,0.9999970197677612,vision,vision,1,0.00014882640971336514,4.192353299004026e-05,5.646963018079987e-06,0.09805162996053696,0.21682611107826233
411,pLTX3ipuDJI$_$11,0.6000000238418579,-0.9422768354415894,9.570466318109538e-06,5.896536094951443e-06,0.999984622001648,-0.013916149735450745,0.07425323128700256,-0.2232968509197235,0.6139161586761475,0.5257468223571777,0.8232969045639038,0.3464719355106354,0.38684096932411194,0.2666870653629303,vision,audio,0,0.8823529481887817,0.914893627166748,0.8421052694320679,0.5819447040557861,0.41805529594421387,9.570466318109538e-06,5.896536094951443e-06,0.999984622001648,6.302180963757564e-07,4.236242148181191e-06,0.9999951124191284,vision,vision,0,0.00019696317031048238,6.627549009863287e-05,7.030320375633892e-06,0.1247887909412384,0.2975500822067261
343,lXPQBPVc5Cw$_$1,0.20000000298023224,0.5290029644966125,4.536737378657563e-06,2.6902514491666807e-06,0.9999927282333374,0.11700119823217392,-0.12287162244319916,-0.09938590973615646,0.08299880474805832,0.3228716254234314,0.2993859052658081,0.39936959743499756,0.29590731859207153,0.3047230839729309,vision,text,0,0.8888888955116272,0.918367326259613,0.8813559412956238,0.5806378722190857,0.4193621277809143,4.536737378657563e-06,2.6902514491666807e-06,0.9999927282333374,2.2394465304387268e-07,1.7412467059330083e-06,0.9999979734420776,vision,vision,0,9.757345105754212e-05,2.852632496797014e-05,3.5023356304009212e-06,0.10796806216239929,0.23987281322479248
505,tmZoasNr4rU$_$10,-1.7999999523162842,-0.41247645020484924,6.011669029248878e-06,3.137613475701073e-06,0.9999909400939941,0.01711498200893402,0.03682270646095276,-0.11658210307359695,1.8171149492263794,1.8368226289749146,1.683417797088623,0.3166998326778412,0.3089933693408966,0.3743068277835846,vision,vision,1,0.9166666865348816,0.8799999952316284,0.8928571343421936,0.577698290348053,0.422301709651947,6.011669029248878e-06,3.137613475701073e-06,0.9999909400939941,3.71270772347998e-07,2.2537992663274053e-06,0.9999973773956299,vision,vision,1,0.0001210710106533952,3.740582542377524e-05,4.320505013311049e-06,0.06814718246459961,0.15340480208396912
280,jUzDDGyPkXU$_$21,-1.0,-0.3381182551383972,8.16342253529001e-06,3.3283422453678213e-06,0.9999885559082031,0.021969079971313477,-0.03622400760650635,-0.09456384927034378,1.0219690799713135,0.9637759923934937,0.9054361581802368,0.3093808591365814,0.33272436261177063,0.3578948676586151,vision,vision,1,1.0,0.8285714387893677,0.8333333134651184,0.5757840871810913,0.4242159128189087,8.16342253529001e-06,3.3283422453678213e-06,0.9999885559082031,5.08730522597034e-07,2.441685410303762e-06,0.9999971389770508,vision,vision,1,0.0001490459544584155,4.176679067313671e-05,5.708139724447392e-06,0.04757438227534294,0.11653292924165726
106,d3_k5Xpfmik$_$15,2.5999999046325684,-0.1322401463985443,5.271652298688423e-06,3.3263941077166237e-06,0.9999914169311523,-9.310990571975708e-05,0.05104677379131317,-0.11944244801998138,2.600093126296997,2.548953056335449,2.719442367553711,0.34159761667251587,0.3641473352909088,0.2942550778388977,vision,audio,0,0.9428571462631226,1.0,0.8947368264198303,0.5778902769088745,0.4221097230911255,5.271652298688423e-06,3.3263941077166237e-06,0.9999914169311523,2.9874632900828146e-07,2.3408060769725125e-06,0.9999972581863403,vision,vision,0,0.00011458820517873392,3.755884972633794e-05,3.933249900001101e-06,0.07143460959196091,0.17048922181129456
522,tmZoasNr4rU$_$9,-0.6000000238418579,-0.345310777425766,6.093434421927668e-06,3.280352984802448e-06,0.9999905824661255,0.026359200477600098,0.007393918931484222,-0.12718543410301208,0.626359224319458,0.6073939204216003,0.4728145897388458,0.3090639114379883,0.31647834181785583,0.3744577169418335,vision,vision,1,0.9599999785423279,0.9333333373069763,0.8680555820465088,0.5772058963775635,0.4227941036224365,6.093434421927668e-06,3.280352984802448e-06,0.9999905824661255,3.5738548831432126e-07,2.3649970444239443e-06,0.9999972581863403,vision,vision,1,0.00012399214028846473,3.866506813210435e-05,4.442375029611867e-06,0.06835141032934189,0.15354463458061218
612,yDtzw_Y-7RU$_$5,0.5,-0.25683239102363586,5.117031378176762e-06,2.844631353582372e-06,0.9999920129776001,0.026522010564804077,0.005440481007099152,-0.12779268622398376,0.4734779894351959,0.49455952644348145,0.6277927160263062,0.35732635855674744,0.3480331003665924,0.29464057087898254,vision,text,0,0.9473684430122375,0.9384615421295166,0.8974359035491943,0.5777785181999207,0.42222148180007935,5.117031378176762e-06,2.844631353582372e-06,0.9999920129776001,2.752034617969912e-07,1.945868007169338e-06,0.9999978542327881,vision,vision,0,0.00010663364810170606,3.187090260325931e-05,3.860615834128112e-06,0.06831994652748108,0.15431469678878784
203,f9O3YtZ2VfI$_$21,2.0,0.060506466776132584,5.84160852667992e-06,3.282174930063775e-06,0.9999908208847046,0.057906653732061386,-0.024887070059776306,-0.09863438457250595,1.9420933723449707,2.0248870849609375,2.0986344814300537,0.3671124577522278,0.3310190439224243,0.3018685281276703,vision,text,0,0.949999988079071,0.9473684430122375,0.9111111164093018,0.5780748724937439,0.4219251275062561,5.84160852667992e-06,3.282174930063775e-06,0.9999908208847046,3.1667252642364474e-07,2.2310389340418624e-06,0.9999973773956299,vision,vision,0,0.00012099746527383104,3.6374513001646847e-05,4.377528057375457e-06,0.06394317001104355,0.15654103457927704
344,lXPQBPVc5Cw$_$3,-2.4000000953674316,-0.8664281368255615,6.7426472014631145e-06,3.991656740254257e-06,0.9999892711639404,-0.014265358448028564,0.0721779316663742,-0.18436411023139954,2.385734796524048,2.4721779823303223,2.2156360149383545,0.31903040409088135,0.28635504841804504,0.3946146070957184,vision,vision,1,0.875,0.8846153616905212,0.9354838728904724,0.5826178193092346,0.4173821806907654,6.7426472014631145e-06,3.991656740254257e-06,0.9999892711639404,4.245278262260399e-07,2.7151766062161187e-06,0.9999967813491821,vision,vision,1,0.00014061538968235254,4.422705387696624e-05,5.034928562963614e-06,0.10657279938459396,0.25654202699661255
372,nbWiPyCm4g0$_$8,-2.200000047683716,-0.7100276350975037,7.5897037277172785e-06,3.603618779379758e-06,0.9999887943267822,0.030073106288909912,0.06700798869132996,-0.22348475456237793,2.2300732135772705,2.267008066177368,1.976515293121338,0.30049780011177063,0.2869396507740021,0.4125625789165497,vision,vision,1,0.9523809552192688,0.8684210777282715,0.9021739363670349,0.5842767357826233,0.4157232642173767,7.5897037277172785e-06,3.603618779379758e-06,0.9999887943267822,4.826761710319261e-07,2.7555497581488453e-06,0.9999967813491821,vision,vision,1,0.00014582471339963377,4.549502409645356e-05,5.314040208759252e-06,0.1291174441576004,0.2904927432537079
209,f9O3YtZ2VfI$_$3,0.6000000238418579,0.7645233869552612,6.43578960080049e-06,2.921292661994812e-06,0.9999905824661255,0.17372894287109375,-0.1790708601474762,-0.08544587343931198,0.42627108097076416,0.7790708541870117,0.6854459047317505,0.42253535985946655,0.2718562185764313,0.30560845136642456,vision,text,0,1.0,0.8918918967247009,0.9318181872367859,0.5878767967224121,0.4121232032775879,6.43578960080049e-06,2.921292661994812e-06,0.9999905824661255,3.4358239986431727e-07,1.9234598767070565e-06,0.9999977350234985,vision,vision,0,0.00012355604849290103,3.267436477472074e-05,4.747532329929527e-06,0.14922203123569489,0.35279980301856995
506,tmZoasNr4rU$_$13,-0.800000011920929,-0.9443707466125488,1.0792387911351398e-05,5.449635409604525e-06,0.9999836683273315,-0.01555149257183075,0.042841315269470215,-0.19921740889549255,0.784448504447937,0.8428413271903992,0.6007826328277588,0.3137074112892151,0.2916252911090851,0.39466723799705505,vision,vision,1,1.0,0.9300000071525574,0.8620689511299133,0.5811882019042969,0.4188117980957031,1.0792387911351398e-05,5.449635409604525e-06,0.9999836683273315,7.132195491976745e-07,3.902308890246786e-06,0.9999953508377075,vision,vision,1,0.00020578991097863764,6.332289922283962e-05,7.769669537083246e-06,0.10313708335161209,0.24205872416496277
173,dq3Nf_lMPnE$_$5,1.2000000476837158,-0.6572825908660889,7.23366383681423e-06,4.59621742265881e-06,0.9999880790710449,0.03127533942461014,0.014409251511096954,-0.14117667078971863,1.1687246561050415,1.1855907440185547,1.3411767482757568,0.3590375781059265,0.35154733061790466,0.2894150912761688,vision,text,0,0.8666666746139526,0.9166666865348816,0.9230769276618958,0.5785222053527832,0.4214777946472168,7.23366383681423e-06,4.59621742265881e-06,0.9999880790710449,4.995968083676416e-07,3.416815388845862e-06,0.9999960660934448,vision,vision,0,0.00015401284326799214,5.416967178462073e-05,5.300164048094302e-06,0.07762526720762253,0.17245200276374817
191,etzxEpPuc6I$_$2,1.2000000476837158,-0.6016374230384827,6.910483534738887e-06,4.4498706301965285e-06,0.9999886751174927,-0.0067208558320999146,0.04593183100223541,-0.1813320517539978,1.2067209482192993,1.1540682315826416,1.3813321590423584,0.3481962978839874,0.3718841075897217,0.2799195647239685,vision,audio,0,0.8947368264198303,0.95652174949646,0.8363636136054993,0.5787047743797302,0.4212952256202698,6.910483534738887e-06,4.4498706301965285e-06,0.9999886751174927,3.9916528749017743e-07,3.109673798462609e-06,0.999996542930603,vision,vision,0,0.00014825258404016495,4.875220838584937e-05,5.239776328380685e-06,0.09713121503591537,0.22726388275623322
306,k5Y_838nuGo$_$20,0.4000000059604645,-0.18143334984779358,5.58598549105227e-06,2.5577407996024704e-06,0.9999918937683105,0.009180456399917603,0.029178082942962646,-0.09419449418783188,0.3908195495605469,0.37082192301750183,0.49419450759887695,0.3443414866924286,0.35305750370025635,0.30260100960731506,vision,audio,0,0.8999999761581421,0.7894737124443054,0.9047619104385376,0.5770913362503052,0.4229086637496948,5.58598549105227e-06,2.5577407996024704e-06,0.9999918937683105,3.2037956998465233e-07,1.7797855207390967e-06,0.9999978542327881,vision,vision,0,0.0001085845724446699,3.047943755518645e-05,4.001341949333437e-06,0.054064858704805374,0.12337257713079453
392,nzpVDcQ0ywM$_$14,0.20000000298023224,-0.1119532510638237,5.60218040845939e-06,2.8198721793160075e-06,0.9999915361404419,0.03093932569026947,0.022634178400039673,-0.10373108834028244,0.16906067728996277,0.17736582458019257,0.3037310838699341,0.3527659773826599,0.34912270307540894,0.29811128973960876,vision,text,0,0.949999988079071,0.8961039185523987,0.9021739363670349,0.5773854851722717,0.42261451482772827,5.60218040845939e-06,2.8198721793160075e-06,0.9999915361404419,3.249889743983658e-07,2.0183770175208338e-06,0.999997615814209,vision,vision,0,0.00011222204193472862,3.368693796801381e-05,4.052787062391872e-06,0.06162004545331001,0.1346704065799713
361,lXPQBPVc5Cw$_$18,-1.399999976158142,0.28653523325920105,2.728282197494991e-06,3.2671514418325387e-06,0.9999940395355225,0.12257920950651169,-0.10718847066164017,-0.09028622508049011,1.5225791931152344,1.2928115129470825,1.3097137212753296,0.27491065859794617,0.3663744032382965,0.35871487855911255,vision,audio,0,0.5454545617103577,0.9200000166893005,0.8999999761581421,0.5769814252853394,0.42301857471466064,2.728282197494991e-06,3.2671514418325387e-06,0.9999940395355225,1.4369406642344984e-07,2.1294131329341326e-06,0.9999977350234985,vision,vision,0,8.216411515604705e-05,3.231873415643349e-05,2.4726050469325855e-06,0.104557566344738,0.22976768016815186
586,wMbj6ajWbic$_$2,-0.800000011920929,0.3725893199443817,5.006330866308417e-06,2.6298616830899846e-06,0.9999923706054688,0.08624178916215897,-0.10108371078968048,-0.08948497474193573,0.8862417936325073,0.6989163160324097,0.710515022277832,0.28494134545326233,0.36012107133865356,0.3549375534057617,vision,audio,0,0.9523809552192688,0.9156626462936401,0.8999999761581421,0.5795093178749084,0.42049068212509155,5.006330866308417e-06,2.6298616830899846e-06,0.9999923706054688,2.525453055568505e-07,1.7231418496521655e-06,0.9999980926513672,vision,vision,0,0.00010250067862216383,2.859259257093072e-05,3.7941836126265116e-06,0.08570314943790436,0.18732550740242004
564,vyB00TXsimI$_$11,-0.20000000298023224,-0.4087354242801666,6.873405709484359e-06,3.702987442011363e-06,0.99998939037323,0.05098198354244232,0.0018990784883499146,-0.14281398057937622,0.25098198652267456,0.20189908146858215,0.05718602240085602,0.2996361255645752,0.3185955882072449,0.38176825642585754,vision,vision,1,1.0,0.9729729890823364,0.9111111164093018,0.5800474286079407,0.4199525713920593,6.873405709484359e-06,3.702987442011363e-06,0.99998939037323,4.1418232399337285e-07,2.6761431399791036e-06,0.9999970197677612,vision,vision,1,0.00013861054321750998,4.338553480920382e-05,5.038487415731652e-06,0.08226507157087326,0.19379596412181854
402,ob23OKe5a9Q$_$1,1.2000000476837158,0.8918692469596863,6.973442850721767e-06,3.416672825551359e-06,0.9999896287918091,0.26838555932044983,-0.25487780570983887,-0.08365285396575928,0.9316145181655884,1.4548778533935547,1.283652901649475,0.46212297677993774,0.24026726186275482,0.29760974645614624,vision,text,0,1.0,0.931034505367279,0.8529411554336548,0.5928224921226501,0.40717750787734985,6.973442850721767e-06,3.416672825551359e-06,0.9999896287918091,3.814764681919769e-07,2.3287666408577934e-06,0.9999972581863403,vision,vision,0,0.00013615479110740125,3.856438706861809e-05,5.103089279145934e-06,0.21783111989498138,0.5232633352279663
126,d6hH302o4v8$_$27,-2.5999999046325684,-0.9234799742698669,1.1893741429958027e-05,6.886366463731974e-06,0.999981164932251,-0.016350150108337402,0.06789921224117279,-0.19230487942695618,2.5836496353149414,2.6678991317749023,2.4076950550079346,0.3178589344024658,0.28608694672584534,0.39605411887168884,vision,vision,1,1.0,1.0,0.9090909361839294,0.5826183557510376,0.4173816442489624,1.1893741429958027e-05,6.886366463731974e-06,0.999981164932251,8.526271244591044e-07,5.244776730251033e-06,0.9999939203262329,vision,vision,1,0.00023553508799523115,8.174258982762694e-05,8.479366442770697e-06,0.10840468853712082,0.2602040767669678
311,k5Y_838nuGo$_$29,-0.75,-0.8604717254638672,1.0140211088582873e-05,4.551134225039277e-06,0.9999853372573853,0.00016956031322479248,0.04917272925376892,-0.21090233325958252,0.750169575214386,0.7991727590560913,0.5390976667404175,0.3084036111831665,0.29007962346076965,0.40151676535606384,vision,vision,1,1.0,0.875,0.9210526347160339,0.5838012099266052,0.4161987900733948,1.0140211088582873e-05,4.551134225039277e-06,0.9999853372573853,6.656391065007483e-07,3.3384667403879575e-06,0.9999959468841553,vision,vision,1,0.0001872245193226263,5.5598320614080876e-05,7.098955393303186e-06,0.11283797770738602,0.26007506251335144
496,tStelxIAHjw$_$3,0.5,-0.2842259407043457,3.702030880958773e-06,4.877573701378424e-06,0.9999914169311523,0.07991771399974823,-0.02292686700820923,-0.11678782850503922,0.4200822710990906,0.5229268670082092,0.616787850856781,0.3757450580596924,0.33041688799858093,0.2938380837440491,vision,text,0,0.6000000238418579,1.0,0.8823529481887817,0.5749807953834534,0.42501920461654663,3.702030880958773e-06,4.877573701378424e-06,0.9999914169311523,2.0505716236129956e-07,3.039276180061279e-06,0.9999967813491821,vision,vision,0,0.0001145199203165248,4.496740803006105e-05,3.566563009371748e-06,0.08033261448144913,0.19670554995536804
559,vyB00TXsimI$_$4,1.7999999523162842,0.8644322156906128,6.1694900068687275e-06,2.3796574168954976e-06,0.9999914169311523,0.23029369115829468,-0.21197202801704407,-0.08166329562664032,1.5697062015533447,2.011971950531006,1.881663203239441,0.44396865367889404,0.2554231882095337,0.30060815811157227,vision,text,0,1.0,0.8064516186714172,0.9473684430122375,0.5926544666290283,0.4073455333709717,6.1694900068687275e-06,2.3796574168954976e-06,0.9999914169311523,3.2523374215998047e-07,1.5543715790045098e-06,0.9999980926513672,vision,vision,0,0.00011338473996147513,2.753495573415421e-05,4.4484208956419025e-06,0.1855611652135849,0.44226571917533875
194,etzxEpPuc6I$_$7,-1.2000000476837158,-0.8037387132644653,7.511001967941411e-06,4.614939825842157e-06,0.9999878406524658,0.0022284388542175293,0.033143579959869385,-0.21104943752288818,1.2022285461425781,1.2331435680389404,0.9889506101608276,0.30603423714637756,0.2944335341453552,0.3995321989059448,vision,vision,1,0.9166666865348816,0.9444444179534912,0.9193548560142517,0.5818477869033813,0.41815221309661865,7.511001967941411e-06,4.614939825842157e-06,0.9999878406524658,4.562202207125665e-07,3.244845174776856e-06,0.9999963045120239,vision,vision,1,0.00015746279677841812,5.1346345571801066e-05,5.629578481602948e-06,0.10856305062770844,0.24419301748275757
303,k5Y_838nuGo$_$25,-0.20000000298023224,-0.5169124007225037,6.780690910090925e-06,3.259059667470865e-06,0.9999899864196777,-0.010421067476272583,0.05989399552345276,-0.1423751562833786,0.18957893550395966,0.2598940134048462,0.05762484669685364,0.32308265566825867,0.29589784145355225,0.38101956248283386,vision,vision,1,0.9285714030265808,0.8510638475418091,0.9122806787490845,0.5804763436317444,0.4195236563682556,6.780690910090925e-06,3.259059667470865e-06,0.9999899864196777,4.136124971410027e-07,2.3211771349451737e-06,0.9999973773956299,vision,vision,1,0.00013186866999603808,3.879579890053719e-05,4.898645784123801e-06,0.08384436368942261,0.20226915180683136
454,rnaNMUZpvvg$_$5,-2.799999952316284,-0.7177752256393433,1.0909399861702695e-05,5.8664636526373215e-06,0.9999831914901733,0.0015089958906173706,0.04655095934867859,-0.20548325777053833,2.801508903503418,2.846550941467285,2.5945167541503906,0.3085895776748657,0.291695237159729,0.39971521496772766,vision,vision,1,0.9090909361839294,0.8571428656578064,0.8399999737739563,0.5806809067726135,0.4193190932273865,1.0909399861702695e-05,5.8664636526373215e-06,0.9999831914901733,7.252908744703745e-07,4.187339982308913e-06,0.9999951124191284,vision,vision,1,0.00021210688282735646,6.6974556830246e-05,7.928054401418194e-06,0.10974506288766861,0.2520342171192169
669,zhpQhgha_KU$_$8,-1.0,-0.7929124236106873,6.102628503867891e-06,4.340683517511934e-06,0.9999896287918091,0.004578523337841034,0.04662349820137024,-0.2108471691608429,1.0045784711837769,1.0466234683990479,0.7891528606414795,0.30695319175720215,0.2912375330924988,0.4018092453479767,vision,vision,1,0.800000011920929,0.9024389982223511,0.918367326259613,0.5814551711082458,0.41854482889175415,6.102628503867891e-06,4.340683517511934e-06,0.9999896287918091,3.686708396344329e-07,3.0081903332757065e-06,0.9999966621398926,vision,vision,1,0.0001372206606902182,4.7025911044329405e-05,4.699933015217539e-06,0.11277665942907333,0.25747066736221313
657,zhpQhgha_KU$_$22,0.6000000238418579,-0.6424070596694946,8.02928025223082e-06,2.945351297967136e-06,0.9999890327453613,0.014474086463451385,0.04458412528038025,-0.19387602806091309,0.5855259299278259,0.5554158687591553,0.793876051902771,0.35598981380462646,0.3696437478065491,0.2743664085865021,vision,audio,0,1.0,0.7777777910232544,0.9047619104385376,0.5831480622291565,0.4168519377708435,8.02928025223082e-06,2.945351297967136e-06,0.9999890327453613,4.865791538577469e-07,2.0755292098328937e-06,0.9999974966049194,vision,vision,0,0.00014265996287576854,3.671527883852832e-05,5.625461199088022e-06,0.10602915287017822,0.23846015334129333
652,zhpQhgha_KU$_$25,1.0,-0.27711597084999084,5.2520636018016376e-06,2.860878339561168e-06,0.9999918937683105,0.020084574818611145,0.029270023107528687,-0.13796809315681458,0.97991544008255,0.9707299470901489,1.1379680633544922,0.3530731499195099,0.35715049505233765,0.28977638483047485,vision,audio,0,0.875,0.8529411554336548,0.8918918967247009,0.5780664682388306,0.42193353176116943,5.2520636018016376e-06,2.860878339561168e-06,0.9999918937683105,3.0211438684091263e-07,1.9994179183413507e-06,0.999997615814209,vision,vision,0,0.0001084523246390745,3.3137519494630396e-05,3.844485036097467e-06,0.07676342129707336,0.16723811626434326
24,c7UH_rxdZv4$_$14,1.2000000476837158,0.7147566080093384,5.1595211516541895e-06,2.835081659213756e-06,0.9999920129776001,0.27889284491539,-0.3803170919418335,-0.0879138931632042,0.9211071729660034,1.5803171396255493,1.2879139184951782,0.48288318514823914,0.2118254154920578,0.3052913248538971,vision,text,0,0.875,0.8541666865348816,0.9137930870056152,0.5995222926139832,0.40047770738601685,5.1595211516541895e-06,2.835081659213756e-06,0.9999920129776001,2.6877506797973183e-07,1.8656119209481403e-06,0.9999978542327881,vision,vision,0,0.00010699621634557843,3.080338137806393e-05,3.900490355590591e-06,0.2696921229362488,0.6592099666595459
195,etzxEpPuc6I$_$6,0.4000000059604645,0.11173614859580994,5.882269306312082e-06,2.986677372973645e-06,0.9999911785125732,0.09470544755458832,-0.05040120333433151,-0.09489388018846512,0.30529457330703735,0.4504012167453766,0.494893878698349,0.3812272250652313,0.3179875612258911,0.30078524351119995,vision,text,0,0.9166666865348816,0.8611111044883728,0.8837209343910217,0.5790968537330627,0.42090314626693726,5.882269306312082e-06,2.986677372973645e-06,0.9999911785125732,3.2244727776742366e-07,2.028933522524312e-06,0.999997615814209,vision,vision,0,0.00011763954535126686,3.3779346267692745e-05,4.31828948421753e-06,0.08095502853393555,0.18959933519363403
444,phBUpBr1hSo$_$6,1.600000023841858,0.5356126427650452,5.361541752790799e-06,3.1122719974518986e-06,0.9999915361404419,0.1802615225315094,-0.22059491276741028,-0.07585610449314117,1.419738531112671,1.8205949068069458,1.675856113433838,0.4288303852081299,0.25982052087783813,0.3113490641117096,vision,text,0,0.949999988079071,0.957446813583374,0.9298245906829834,0.5889080166816711,0.41109198331832886,5.361541752790799e-06,3.1122719974518986e-06,0.9999915361404419,2.744876042015676e-07,2.0260604287614115e-06,0.9999977350234985,vision,vision,0,0.00011297700984869152,3.295270653325133e-05,4.124049610254588e-06,0.16574124991893768,0.4008564352989197
380,nzpVDcQ0ywM$_$2,-1.600000023841858,0.03709884732961655,6.4228665905829985e-06,2.6772397632157663e-06,0.9999909400939941,0.09073413908481598,-0.03208300471305847,-0.10690779238939285,1.6907341480255127,1.567916989326477,1.4930921792984009,0.2901764512062073,0.33832621574401855,0.3714973032474518,vision,vision,1,1.0,0.8529411554336548,0.9024389982223511,0.5807272791862488,0.4192727208137512,6.4228665905829985e-06,2.6772397632157663e-06,0.9999909400939941,3.6283992699281953e-07,1.9017418253497453e-06,0.9999977350234985,vision,vision,1,0.00012018033885397017,3.2676951377652586e-05,4.543484919850016e-06,0.08147606253623962,0.19764193892478943
493,tStelxIAHjw$_$14,-1.7999999523162842,-0.5990628600120544,8.237825568357948e-06,3.55441625288222e-06,0.9999881982803345,-0.011810630559921265,0.07645128667354584,-0.17576462030410767,1.7881892919540405,1.8764512538909912,1.6242353916168213,0.3202053904533386,0.2867570221424103,0.3930375576019287,vision,vision,1,1.0,0.8571428656578064,0.9411764740943909,0.5839842557907104,0.41601574420928955,8.237825568357948e-06,3.55441625288222e-06,0.9999881982803345,5.2195719035808e-07,2.528266350054764e-06,0.9999970197677612,vision,vision,1,0.0001528184220660478,4.309504583943635e-05,5.854502433066955e-06,0.1045008972287178,0.2522159218788147
210,f9O3YtZ2VfI$_$2,1.25,0.7837163209915161,2.0947303710272536e-05,1.6396879800595343e-05,0.999962568283081,0.45879048109054565,-0.7324999570846558,-0.06775909662246704,0.7912095189094543,1.9824999570846558,1.3177590370178223,0.5736043453216553,0.1293894648551941,0.29700618982315063,vision,text,0,0.8571428656578064,0.9615384340286255,0.9677419066429138,0.6230581998825073,0.3769418001174927,2.0947303710272536e-05,1.6396879800595343e-05,0.999962568283081,1.7778086203179555e-06,1.3139571819920093e-05,0.9999850988388062,vision,vision,0,0.00044375454308465123,0.00018610674305818975,1.498578603786882e-05,0.4874317944049835,1.1912903785705566
516,tmZoasNr4rU$_$3,-2.0,-0.8787361979484558,7.863450264267158e-06,4.311531938583357e-06,0.9999878406524658,-0.009864196181297302,0.06525023281574249,-0.18346986174583435,1.9901357889175415,2.0652501583099365,1.8165301084518433,0.31718510389328003,0.2887590229511261,0.39405587315559387,vision,vision,1,0.875,0.8461538553237915,1.0,0.5841584205627441,0.41584157943725586,7.863450264267158e-06,4.311531938583357e-06,0.9999878406524658,5.666684614880069e-07,3.0908688586350763e-06,0.9999963045120239,vision,vision,1,0.00015782625996507704,5.1040289690718055e-05,5.660434908349998e-06,0.10415948927402496,0.24872009456157684
607,yDtzw_Y-7RU$_$22,2.0,0.89654141664505,7.26495591152343e-06,3.6231899684935343e-06,0.9999891519546509,0.21216252446174622,-0.13186608254909515,-0.0978432297706604,1.7878375053405762,2.131865978240967,2.0978431701660156,0.4293259382247925,0.2792704999446869,0.29140356183052063,vision,text,0,1.0,0.9375,0.8421052694320679,0.5851229429244995,0.4148770570755005,7.26495591152343e-06,3.6231899684935343e-06,0.9999891519546509,3.7465966329364164e-07,2.3994311959540937e-06,0.9999972581863403,vision,vision,0,0.00014218210708349943,3.931520041078329e-05,5.4067622841103e-06,0.15478186309337616,0.3440285921096802
682,zhpQhgha_KU$_$35,0.6000000238418579,0.6453719139099121,5.462168246594956e-06,2.457022219459759e-06,0.9999920129776001,0.16717016696929932,-0.15372474491596222,-0.11463861912488937,0.4328298568725586,0.7537247538566589,0.7146386504173279,0.4214666187763214,0.2822016477584839,0.2963317334651947,vision,text,0,1.0,0.8857142925262451,0.9166666865348816,0.5863035321235657,0.4136964678764343,5.462168246594956e-06,2.457022219459759e-06,0.9999920129776001,2.671906429441151e-07,1.58837008257251e-06,0.9999982118606567,vision,vision,0,0.00010589202429400757,2.702155506995041e-05,4.087504294147948e-06,0.14295199513435364,0.32089489698410034
271,iiK8YX8oH1E$_$7,-1.600000023841858,-0.806370198726654,8.242311196227092e-06,4.679433459386928e-06,0.9999871253967285,0.006128787994384766,0.04117850959300995,-0.15344300866127014,1.6061288118362427,1.6411784887313843,1.4465570449829102,0.3146749436855316,0.3011859655380249,0.3841390907764435,vision,vision,1,0.9090909361839294,0.8999999761581421,0.936170220375061,0.5802952647209167,0.41970473527908325,8.242311196227092e-06,4.679433459386928e-06,0.9999871253967285,5.794606749986997e-07,3.383610192031483e-06,0.9999960660934448,vision,vision,1,0.00016676849918439984,5.485760630108416e-05,5.9664562286343426e-06,0.0847015529870987,0.1946215182542801
276,jUzDDGyPkXU$_$25,-2.0,-0.6569017171859741,6.208154900377849e-06,4.126331987208687e-06,0.9999896287918091,0.011253245174884796,0.057390064001083374,-0.2088417410850525,2.0112533569335938,2.057389974594116,1.7911581993103027,0.30668747425079346,0.2895009219646454,0.40381157398223877,vision,vision,1,0.8823529481887817,0.9523809552192688,0.9230769276618958,0.582455039024353,0.417544960975647,6.208154900377849e-06,4.126331987208687e-06,0.9999896287918091,3.7424274523800705e-07,2.905773044403759e-06,0.9999967813491821,vision,vision,1,0.00013594352640211582,4.5782126107951626e-05,4.735676156997215e-06,0.11616548895835876,0.26623180508613586
230,f_pcplsH_V0$_$13,1.600000023841858,0.746675968170166,6.326717084448319e-06,2.544753670008504e-06,0.9999911785125732,0.22062647342681885,-0.23687240481376648,-0.11223548650741577,1.379373550415039,1.8368724584579468,1.712235450744629,0.4496208131313324,0.2537960708141327,0.29658305644989014,vision,text,0,1.0,0.8333333134651184,0.8636363744735718,0.5909973978996277,0.4090026021003723,6.326717084448319e-06,2.544753670008504e-06,0.9999911785125732,3.208073167115799e-07,1.6933493043325143e-06,0.9999979734420776,vision,vision,0,0.00011731707490980625,2.9306169381015934e-05,4.550748144538375e-06,0.19311386346817017,0.4574988782405853
386,nzpVDcQ0ywM$_$8,2.0,0.7435851097106934,5.9089438764203805e-06,3.522091219565482e-06,0.9999904632568359,0.24044853448867798,-0.3489164113998413,-0.06385956704616547,1.7595515251159668,2.348916530609131,2.063859462738037,0.46247345209121704,0.22138048708438873,0.31614604592323303,vision,text,0,0.9285714030265808,0.9599999785423279,0.8833333253860474,0.595490038394928,0.404509961605072,5.9089438764203805e-06,3.522091219565482e-06,0.9999904632568359,3.2425825224891014e-07,2.3796121695340844e-06,0.9999972581863403,vision,vision,0,0.00012487973435781896,3.837954136542976e-05,4.507364792516455e-06,0.24065001308918,0.5893649458885193
71,cW1FSBF59ik$_$19,0.20000000298023224,-0.7565881013870239,6.609440333704697e-06,4.016906586912228e-06,0.99998939037323,-0.00451437383890152,0.02856503427028656,-0.1831984519958496,0.20451438426971436,0.17143496870994568,0.38319844007492065,0.35185909271240234,0.3667132258415222,0.2814277410507202,vision,audio,0,0.8999999761581421,0.9166666865348816,0.931034505367279,0.5807234048843384,0.4192765951156616,6.609440333704697e-06,4.016906586912228e-06,0.99998939037323,3.9366344140034926e-07,2.656221340657794e-06,0.9999970197677612,vision,vision,0,0.00013933051377534866,4.286821058485657e-05,5.068618975201389e-06,0.09301494807004929,0.21176348626613617
108,d3_k5Xpfmik$_$17,1.600000023841858,0.33037900924682617,7.496719263144769e-06,3.625733143053367e-06,0.9999889135360718,0.11533467471599579,-0.07600817829370499,-0.08303576707839966,1.4846653938293457,1.6760082244873047,1.6830358505249023,0.3894592225551605,0.30661123991012573,0.3039295971393585,vision,text,0,1.0,0.9189189076423645,0.8409090638160706,0.5790264010429382,0.42097359895706177,7.496719263144769e-06,3.625733143053367e-06,0.9999889135360718,4.078517292782635e-07,2.427277422611951e-06,0.9999972581863403,vision,vision,0,0.0001449567498639226,4.0104052459355444e-05,5.5439913921873085e-06,0.09190110117197037,0.19837044179439545
384,nzpVDcQ0ywM$_$6,-1.399999976158142,-0.9640880823135376,1.0351925084250979e-05,4.601342425303301e-06,0.9999849796295166,-0.01506112515926361,0.07995522022247314,-0.2223476767539978,1.3849388360977173,1.4799551963806152,1.177652359008789,0.3140915036201477,0.2789169251918793,0.406991571187973,vision,vision,1,1.0,0.8723404407501221,0.9285714030265808,0.585729718208313,0.414270281791687,1.0351925084250979e-05,4.601342425303301e-06,0.9999849796295166,6.83179223415209e-07,3.349098278704332e-06,0.9999959468841553,vision,vision,1,0.00019036979938391596,5.595343463937752e-05,7.2960820034495555e-06,0.1262197643518448,0.30230289697647095
418,pLTX3ipuDJI$_$1,-2.4000000953674316,-0.6165902614593506,5.710814548365306e-06,3.9041578929754905e-06,0.9999903440475464,0.021004140377044678,0.04581576585769653,-0.18721431493759155,2.421004295349121,2.4458158016204834,2.2127857208251953,0.3061150014400482,0.2967667579650879,0.3971182703971863,vision,vision,1,0.8235294222831726,0.9107142686843872,0.8656716346740723,0.5793263912200928,0.4206736087799072,5.710814548365306e-06,3.9041578929754905e-06,0.9999903440475464,3.345467405324598e-07,2.673133167263586e-06,0.9999970197677612,vision,vision,1,0.0001272037479793653,4.2250983824487776e-05,4.427671228768304e-06,0.10449537634849548,0.23303008079528809
497,tStelxIAHjw$_$2,-2.0,-0.8310615420341492,7.38394919608254e-06,3.871826720569516e-06,0.9999887943267822,-0.0015934929251670837,0.04067109525203705,-0.19878637790679932,1.9984065294265747,2.0406711101531982,1.8012136220932007,0.30978283286094666,0.29384151101112366,0.3963756859302521,vision,vision,1,0.8999999761581421,0.8518518805503845,0.89682537317276,0.5814876556396484,0.41851234436035156,7.38394919608254e-06,3.871826720569516e-06,0.9999887943267822,4.206108030757605e-07,2.657444838405354e-06,0.9999969005584717,vision,vision,1,0.000146685735671781,4.337145946919918e-05,5.42798443348147e-06,0.10435580462217331,0.23945747315883636
439,phBUpBr1hSo$_$3,2.799999952316284,0.2544158697128296,4.771254225488519e-06,3.999757609562948e-06,0.9999911785125732,0.10818858444690704,-0.0794195905327797,-0.08641233295202255,2.6918113231658936,2.8794195652008057,2.8864123821258545,0.3883446156978607,0.30716437101364136,0.3044910728931427,vision,text,0,0.7857142686843872,0.9756097793579102,0.8571428656578064,0.5766800045967102,0.4233199954032898,4.771254225488519e-06,3.999757609562948e-06,0.9999911785125732,2.588066081443685e-07,2.6229256491205888e-06,0.9999971389770508,vision,vision,0,0.00011697727313730866,4.0474391425959766e-05,3.9499145714216866e-06,0.09013276547193527,0.194600909948349
211,f9O3YtZ2VfI$_$5,-1.7999999523162842,-0.6027635335922241,5.880733169760788e-06,3.7737829643447185e-06,0.9999903440475464,0.04275151342153549,0.013266101479530334,-0.15307354927062988,1.8427515029907227,1.8132660388946533,1.6469264030456543,0.3016694486141205,0.3129954934120178,0.38533511757850647,vision,vision,1,0.8571428656578064,0.9080459475517273,0.9142857193946838,0.5792443752288818,0.42075562477111816,5.880733169760788e-06,3.7737829643447185e-06,0.9999903440475464,3.4267861792613985e-07,2.5647764232417103e-06,0.9999970197677612,vision,vision,1,0.0001275873219128698,4.107967106392607e-05,4.474261004361324e-06,0.08620758354663849,0.19582507014274597
198,f9O3YtZ2VfI$_$24,-2.5999999046325684,-0.6784570217132568,6.658033271378372e-06,3.979144821641967e-06,0.99998939037323,0.0034763142466545105,0.016145244240760803,-0.13753673434257507,2.6034762859344482,2.616145133972168,2.462463140487671,0.31475791335105896,0.3098127245903015,0.37542933225631714,vision,vision,1,0.8799999952316284,0.8870967626571655,0.9059139490127563,0.5776301026344299,0.42236989736557007,6.658033271378372e-06,3.979144821641967e-06,0.99998939037323,3.7428810628625797e-07,2.715863047342282e-06,0.9999969005584717,vision,vision,1,0.0001394296996295452,4.342597821960226e-05,5.019071068090852e-06,0.06965257972478867,0.15368197858333588
330,k5Y_838nuGo$_$18,0.4000000059604645,0.6195314526557922,7.059044037305284e-06,3.1506565392191987e-06,0.9999898672103882,0.32655036449432373,-0.44553297758102417,-0.053205959498882294,0.07344964146614075,0.845533013343811,0.45320597290992737,0.49924662709236145,0.19018475711345673,0.31056860089302063,vision,text,0,1.0,0.8823529481887817,0.8999999761581421,0.604895830154419,0.39510416984558105,7.059044037305284e-06,3.1506565392191987e-06,0.9999898672103882,4.1081116819441377e-07,2.2036720110918395e-06,0.9999974966049194,vision,vision,0,0.00013375369599089026,3.722824476426467e-05,5.074870841781376e-06,0.3152156174182892,0.7720833420753479
523,tmZoasNr4rU$_$8,-2.0,-0.9622031450271606,8.522873031324707e-06,3.807980647252407e-06,0.9999877214431763,-0.009100526571273804,0.025134265422821045,-0.17732036113739014,1.9908994436264038,2.025134325027466,1.8226796388626099,0.31327080726623535,0.3001476228237152,0.38658156991004944,vision,vision,1,1.0,0.862500011920929,0.90625,0.5810572504997253,0.41894274950027466,8.522873031324707e-06,3.807980647252407e-06,0.9999877214431763,5.236314564172062e-07,2.561359224273474e-06,0.9999970197677612,vision,vision,1,0.0001592614862602204,4.3510779505595565e-05,6.181396202009637e-06,0.08847963064908981,0.20245462656021118
323,k5Y_838nuGo$_$13,0.6000000238418579,-0.1127832680940628,3.991957783000544e-06,3.7717823033744935e-06,0.9999922513961792,0.061443258076906204,-0.027843549847602844,-0.06981220096349716,0.5385567545890808,0.6278435587882996,0.6698122024536133,0.3645540475845337,0.32605504989624023,0.3093908727169037,vision,text,0,0.7142857313156128,0.9666666388511658,0.8888888955116272,0.5738576650619507,0.4261423349380493,3.991957783000544e-06,3.7717823033744935e-06,0.9999922513961792,2.387842528150941e-07,2.6676732431951677e-06,0.9999971389770508,vision,vision,0,0.00010445542284287512,4.0719882235862315e-05,3.2482880669704173e-06,0.054733190685510635,0.13125546276569366
159,d6hH302o4v8$_$36,-2.200000047683716,-0.9979133009910583,1.349374906567391e-05,6.069003120501293e-06,0.9999804496765137,-0.0286053866147995,0.0912896990776062,-0.21751785278320312,2.1713945865631104,2.291289806365967,1.9824821949005127,0.31977763772010803,0.2752712368965149,0.4049511253833771,vision,vision,1,1.0,0.8823529481887817,0.8048780560493469,0.5828304290771484,0.41716957092285156,1.349374906567391e-05,6.069003120501293e-06,0.9999804496765137,9.320589242634014e-07,4.627751422958681e-06,0.9999943971633911,vision,vision,1,0.00024374216445721686,7.537003693869337e-05,9.31680915527977e-06,0.1271153688430786,0.3088075518608093
141,d6hH302o4v8$_$6,-2.0,-0.8201862573623657,1.24036396300653e-05,5.752198376285378e-06,0.9999818801879883,-0.02398434281349182,0.1062130481004715,-0.1783502995967865,1.9760156869888306,2.106213092803955,1.8216496706008911,0.32651594281196594,0.2774753272533417,0.39600875973701477,vision,vision,1,1.0,0.8999999761581421,0.7916666865348816,0.5813584923744202,0.41864150762557983,1.24036396300653e-05,5.752198376285378e-06,0.9999818801879883,8.669242106407182e-07,4.282691861590138e-06,0.9999948740005493,vision,vision,1,0.00022763565357308835,7.014490256551653e-05,8.666678695590235e-06,0.11631208658218384,0.2845633625984192
114,d3_k5Xpfmik$_$2,0.0,0.20950913429260254,6.026860319252592e-06,3.557000809450983e-06,0.9999903440475464,0.08603009581565857,-0.1926322877407074,-0.03327972814440727,0.08603009581565857,0.1926322877407074,0.03327972814440727,0.33974263072013855,0.2973576784133911,0.36289966106414795,vision,vision,1,0.9166666865348816,0.9285714030265808,0.9411764740943909,0.5838059782981873,0.41619402170181274,6.026860319252592e-06,3.557000809450983e-06,0.9999903440475464,3.4963511552632554e-07,2.378659246460302e-06,0.9999972581863403,vision,vision,1,0.0001267027109861374,3.872097295243293e-05,4.589901891449699e-06,0.11415427923202515,0.27866238355636597
98,cXypl4FnoZo$_$17,-0.6000000238418579,-0.5025450587272644,7.192590601334814e-06,2.8952115371794207e-06,0.9999899864196777,0.03400751203298569,0.013325497508049011,-0.1508811116218567,0.6340075135231018,0.6133255362510681,0.4491189122200012,0.304303914308548,0.31227347254753113,0.3834225833415985,vision,vision,1,1.0,0.8275862336158752,0.8857142925262451,0.5800637602806091,0.41993623971939087,7.192590601334814e-06,2.8952115371794207e-06,0.9999899864196777,4.1296775066257396e-07,2.050865759883891e-06,0.999997615814209,vision,vision,1,0.00013209256576374173,3.529560854076408e-05,5.084454642201308e-06,0.08271461725234985,0.18488863110542297
45,cM3Yna7AavY$_$7,3.0,0.6143536567687988,4.845012881560251e-06,3.0764897474000463e-06,0.9999920129776001,0.19234825670719147,-0.24276219308376312,-0.09614046663045883,2.8076517581939697,3.2427620887756348,3.0961403846740723,0.4390321671962738,0.25485244393348694,0.3061153292655945,vision,text,0,0.8333333134651184,0.8918918967247009,0.8500000238418579,0.587643563747406,0.412356436252594,4.845012881560251e-06,3.0764897474000463e-06,0.9999920129776001,2.498077549262234e-07,2.031572876148857e-06,0.9999977350234985,vision,vision,0,0.00010630411270540208,3.2670133805368096e-05,3.7873894598305924e-06,0.1807529777288437,0.4351104497909546
168,dq3Nf_lMPnE$_$15,1.0,-0.08494583517313004,7.970375918375794e-06,3.894514065905241e-06,0.9999880790710449,0.07317931950092316,-0.021367400884628296,-0.11734185367822647,0.926820695400238,1.0213674306869507,1.1173418760299683,0.37360602617263794,0.3319612741470337,0.2944326400756836,vision,text,0,0.9411764740943909,0.8644067645072937,0.75,0.5760510563850403,0.4239489436149597,7.970375918375794e-06,3.894514065905241e-06,0.9999880790710449,4.446837351679278e-07,2.6861555397772463e-06,0.9999967813491821,vision,vision,0,0.0001539811783004552,4.415906732901931e-05,5.812109520775266e-06,0.07778067141771317,0.19052118062973022
476,tIrG4oNLFzE$_$17,-0.4000000059604645,0.06107558682560921,4.700002136814874e-06,2.3862446596467635e-06,0.9999929666519165,-0.03332929313182831,0.011854276061058044,-0.08009059727191925,0.36667072772979736,0.41185426712036133,0.31990939378738403,0.3327477276325226,0.3144752085208893,0.35277706384658813,vision,vision,1,0.8863636255264282,0.8350515365600586,0.8547008633613586,0.5740516185760498,0.4259483814239502,4.700002136814874e-06,2.3862446596467635e-06,0.9999929666519165,2.39968386495093e-07,1.5667554862375255e-06,0.9999982118606567,vision,vision,1,9.556455916026607e-05,2.636819590406958e-05,3.5082439353573136e-06,0.03753817826509476,0.0919448733329773
366,nbWiPyCm4g0$_$2,-2.4000000953674316,0.6743547916412354,6.0789338931499515e-06,2.6051782242575428e-06,0.9999912977218628,0.11795671284198761,-0.06462293118238449,-0.10840154439210892,2.5179567337036133,2.3353772163391113,2.2915985584259033,0.2790643274784088,0.350607305765152,0.3703283369541168,vision,vision,1,1.0,0.8636363744735718,0.9629629850387573,0.5834524035453796,0.41654759645462036,6.0789338931499515e-06,2.6051782242575428e-06,0.9999912977218628,3.274899142979848e-07,1.7260888398595853e-06,0.9999979734420776,vision,vision,1,0.00011519181134644896,2.980135104735382e-05,4.435418304638006e-06,0.09803058207035065,0.22635826468467712
143,d6hH302o4v8$_$8,-2.200000047683716,-0.9031965732574463,1.1591881047934294e-05,5.33029060534318e-06,0.9999830722808838,-0.0026676952838897705,0.03632816672325134,-0.14822620153427124,2.1973323822021484,2.236328125,2.0517737865448,0.317261278629303,0.3021673262119293,0.3805713951587677,vision,vision,1,1.0,0.8888888955116272,0.9090909361839294,0.5801671743392944,0.41983282566070557,1.1591881047934294e-05,5.33029060534318e-06,0.9999830722808838,9.138199175140471e-07,4.141681984037859e-06,0.9999948740005493,vision,vision,1,0.0002133726520696655,6.914699770277366e-05,7.889462722232565e-06,0.0794203132390976,0.18455436825752258
623,yDtzw_Y-7RU$_$14,2.200000047683716,0.5910674333572388,4.435208666109247e-06,2.7009923542209435e-06,0.999992847442627,0.1921660602092743,-0.20536118745803833,-0.08327384293079376,2.007833957672119,2.4053611755371094,2.283273935317993,0.4315694272518158,0.2625703513622284,0.3058602511882782,vision,text,0,0.8695651888847351,0.9101123809814453,0.9158878326416016,0.587978184223175,0.41202181577682495,4.435208666109247e-06,2.7009923542209435e-06,0.999992847442627,2.2425282963922655e-07,1.7601028048375156e-06,0.9999979734420776,vision,vision,0,9.643249359214678e-05,2.876182770705782e-05,3.42594830726739e-06,0.1662663072347641,0.3975272476673126
359,lXPQBPVc5Cw$_$16,0.20000000298023224,-0.7684063911437988,7.964498763612937e-06,4.271455964044435e-06,0.9999877214431763,-0.011546820402145386,0.06141577661037445,-0.19156226515769958,0.21154682338237762,0.1385842263698578,0.391562283039093,0.34554341435432434,0.37853991985321045,0.2759166955947876,vision,audio,0,1.0,0.9666666388511658,0.9027777910232544,0.5823871493339539,0.41761285066604614,7.964498763612937e-06,4.271455964044435e-06,0.9999877214431763,4.537237145996187e-07,2.933588575615431e-06,0.999996542930603,vision,vision,0,0.00015857620746828616,4.7435994929401204e-05,5.8900432122754864e-06,0.10631556063890457,0.25297802686691284
112,d3_k5Xpfmik$_$1,2.0,0.678019642829895,6.191612101247301e-06,3.1284309898182983e-06,0.999990701675415,0.1456018090248108,-0.16433586180210114,-0.0863187238574028,1.854398250579834,2.1643359661102295,2.0863187313079834,0.4120071828365326,0.279672235250473,0.308320552110672,vision,text,0,1.0,0.9428571462631226,0.8809523582458496,0.584448516368866,0.41555148363113403,6.191612101247301e-06,3.1284309898182983e-06,0.999990701675415,3.050125201298215e-07,2.0238376237102784e-06,0.999997615814209,vision,vision,0,0.00012318286462686956,3.347399615449831e-05,4.635110599338077e-06,0.13162875175476074,0.30993765592575073
310,k5Y_838nuGo$_$28,2.0,1.110867977142334,7.600767276016995e-06,5.070673068985343e-06,0.9999872446060181,0.37490659952163696,-0.46897807717323303,-0.07669927179813385,1.6250934600830078,2.4689781665802,2.0766992568969727,0.5216802358627319,0.18167129158973694,0.29664838314056396,vision,text,0,0.875,0.9375,0.9473684430122375,0.6078056693077087,0.39219433069229126,7.600767276016995e-06,5.070673068985343e-06,0.9999872446060181,4.579860615194775e-07,3.481668272797833e-06,0.9999960660934448,vision,vision,0,0.00016414938727393746,5.435658385977149e-05,5.851091827935306e-06,0.34479814767837524,0.8438847064971924
375,nzpVDcQ0ywM$_$21,-1.399999976158142,-0.7931286096572876,9.886512998491526e-06,5.7169932006218005e-06,0.9999843835830688,0.01808832585811615,0.07569396495819092,-0.210431307554245,1.4180883169174194,1.475693941116333,1.1895686388015747,0.30664023756980896,0.2853362262248993,0.40802350640296936,vision,vision,1,0.9333333373069763,0.942307710647583,0.8571428656578064,0.5822312831878662,0.4177687168121338,9.886512998491526e-06,5.7169932006218005e-06,0.9999843835830688,6.647509280810482e-07,4.3061918404418975e-06,0.9999949932098389,vision,vision,1,0.00019854777201544493,6.764715362805873e-05,7.080730483721709e-06,0.12356164306402206,0.2861252725124359
197,etzxEpPuc6I$_$8,-1.0,-0.7444421052932739,6.206520538398763e-06,4.287645879230695e-06,0.9999895095825195,-0.00852540135383606,0.03986924886703491,-0.1573009490966797,0.9914746284484863,1.0398693084716797,0.8426990509033203,0.3178957402706146,0.2992352545261383,0.38286903500556946,vision,vision,1,0.8333333134651184,0.930232584476471,0.9615384340286255,0.5800150632858276,0.41998493671417236,6.206520538398763e-06,4.287645879230695e-06,0.9999895095825195,3.9791567019165086e-07,3.028997980436543e-06,0.9999966621398926,vision,vision,1,0.00013788032811135054,4.767240898218006e-05,4.73993668492767e-06,0.0838996097445488,0.1971701979637146
57,cW1FSBF59ik$_$5,2.0,0.6566681861877441,1.7242919057025574e-05,1.5023512787593063e-05,0.9999676942825317,0.4049771726131439,-0.5348931550979614,-0.08764477074146271,1.5950227975845337,2.534893035888672,2.0876448154449463,0.5408065915107727,0.1670384556055069,0.2921549379825592,vision,text,0,0.8333333134651184,1.0,0.9230769276618958,0.6104550957679749,0.38954490423202515,1.7242919057025574e-05,1.5023512787593063e-05,0.9999676942825317,1.3744520401814952e-06,1.177002559415996e-05,0.9999867677688599,vision,vision,0,0.00038825697265565395,0.00016535304894205183,1.2731814422295429e-05,0.38384947180747986,0.9398703575134277
503,tStelxIAHjw$_$8,-2.0,0.7712104320526123,4.427285148267401e-06,2.763378461168031e-06,0.999992847442627,0.16412565112113953,-0.16791364550590515,-0.07156290113925934,2.164125680923462,1.8320863246917725,1.9284371137619019,0.25926557183265686,0.3926434814929962,0.34809091687202454,vision,audio,0,0.7777777910232544,0.8181818127632141,0.9230769276618958,0.5850441455841064,0.41495585441589355,4.427285148267401e-06,2.763378461168031e-06,0.999992847442627,2.3383877589822077e-07,1.7982529243454337e-06,0.9999979734420776,vision,vision,0,9.707955177873373e-05,2.9365728551056236e-05,3.4281906664546113e-06,0.13947626948356628,0.3320392966270447
672,zhpQhgha_KU$_$13,-1.0,-0.12502384185791016,3.4969002626894508e-06,2.8832885163865285e-06,0.9999936819076538,0.053364843130111694,-0.005899541079998016,-0.11341065913438797,1.053364872932434,0.9941004514694214,0.8865893483161926,0.3022349178791046,0.3254747986793518,0.3722902834415436,vision,vision,1,0.75,0.9375,0.9473684430122375,0.5773835182189941,0.42261648178100586,3.4969002626894508e-06,2.8832885163865285e-06,0.9999936819076538,1.9082814617377153e-07,1.95534403246711e-06,0.9999978542327881,vision,vision,1,8.701277693035081e-05,3.078140434809029e-05,2.8021140678902157e-06,0.06902895867824554,0.16677549481391907
400,ob23OKe5a9Q$_$12,2.799999952316284,1.0822734832763672,5.502235580934212e-06,2.8060946988262003e-06,0.9999916553497314,0.26123204827308655,-0.22468337416648865,-0.10156270116567612,2.5387678146362305,3.0246832370758057,2.9015626907348633,0.4586792290210724,0.24987401068210602,0.2914468050003052,vision,text,0,0.9090909361839294,0.8571428656578064,0.9117646813392639,0.5924699902534485,0.4075300097465515,5.502235580934212e-06,2.8060946988262003e-06,0.9999916553497314,2.813554829117493e-07,1.812653977140144e-06,0.9999979734420776,vision,vision,0,0.00011083099525421858,3.021521115442738e-05,4.177471055299975e-06,0.2062610387802124,0.4859154224395752
563,vyB00TXsimI$_$8,2.5999999046325684,0.1403995305299759,4.59214925285778e-06,2.853982778106001e-06,0.9999924898147583,0.0561649352312088,-0.07646976411342621,-0.055289752781391144,2.543834924697876,2.676469564437866,2.655289649963379,0.36802971363067627,0.31180256605148315,0.32016777992248535,vision,text,0,0.8500000238418579,0.8999999761581421,0.8983050584793091,0.5760985016822815,0.4239014983177185,4.59214925285778e-06,2.853982778106001e-06,0.9999924898147583,2.5949680093617644e-07,1.9601350231823744e-06,0.9999978542327881,vision,vision,0,0.00010036925232270733,3.182219370501116e-05,3.530306230459246e-06,0.05817855894565582,0.132634699344635
25,c7UH_rxdZv4$_$17,-1.399999976158142,-0.04938801750540733,5.050652816862566e-06,2.2248498225962976e-06,0.9999927282333374,0.01177184283733368,0.024336814880371094,-0.0861518532037735,1.4117717742919922,1.4243367910385132,1.3138481378555298,0.3210656940937042,0.3160623013973236,0.36287203431129456,vision,vision,1,0.875,0.75,0.930232584476471,0.5771678686141968,0.4228321313858032,5.050652816862566e-06,2.2248498225962976e-06,0.9999927282333374,2.8297603194005205e-07,1.5124135188671062e-06,0.9999982118606567,vision,vision,1,9.780774416867644e-05,2.6304100174456835e-05,3.654580268630525e-06,0.04939036816358566,0.11048866808414459
482,tIrG4oNLFzE$_$5,0.4000000059604645,0.40614742040634155,4.9163581934408285e-06,2.8802558063034667e-06,0.9999922513961792,0.09179224818944931,-0.07178255915641785,-0.07900398969650269,0.30820775032043457,0.4717825651168823,0.47900399565696716,0.38126659393310547,0.3107629716396332,0.30797040462493896,vision,text,0,0.9166666865348816,0.9333333373069763,0.9166666865348816,0.5787346959114075,0.42126530408859253,4.9163581934408285e-06,2.8802558063034667e-06,0.9999922513961792,2.518717678867688e-07,1.8877416323448415e-06,0.9999978542327881,vision,vision,0,0.00010456620657350868,3.083368937950581e-05,3.753279088414274e-06,0.07886712998151779,0.1707962453365326
666,zhpQhgha_KU$_$7,1.0,0.530985414981842,2.2677608285448514e-05,1.050693572324235e-05,0.9999668598175049,0.3204548954963684,-0.5644822120666504,-0.05361983925104141,0.6795451045036316,1.5644822120666504,1.0536198616027832,0.5108997225761414,0.16901743412017822,0.3200828433036804,vision,text,0,1.0,0.8461538553237915,1.0,0.6127645373344421,0.38723546266555786,2.2677608285448514e-05,1.050693572324235e-05,0.9999668598175049,1.9267783955001505e-06,8.465657629130874e-06,0.9999896287918091,vision,vision,0,0.0003960829635616392,0.0001345815253444016,1.5187026292551309e-05,0.3627098798751831,0.8849371075630188
235,f_pcplsH_V0$_$3,0.800000011920929,-0.02466711588203907,5.731412784371059e-06,2.732407665462233e-06,0.9999915361404419,0.11457933485507965,-0.06841811537742615,-0.12158606946468353,0.6854206919670105,0.8684180974960327,0.9215860962867737,0.3937150835990906,0.313212126493454,0.29307273030281067,vision,text,0,1.0,0.9047619104385376,0.8815789222717285,0.5815861821174622,0.41841381788253784,5.731412784371059e-06,2.732407665462233e-06,0.9999915361404419,3.1413640044775093e-07,1.9006594129677978e-06,0.9999977350234985,vision,vision,0,0.00011262245243415236,3.19868340739049e-05,4.149302640144015e-06,0.1011538952589035,0.23616540431976318
93,cXypl4FnoZo$_$10,2.0,0.22147202491760254,3.869323336402886e-06,3.8008579394954722e-06,0.9999923706054688,0.0820925384759903,-0.059846196323633194,-0.09585113078355789,1.917907476425171,2.0598461627960205,2.095851182937622,0.3790754973888397,0.3174474537372589,0.303477019071579,vision,text,0,0.6666666865348816,0.939393937587738,0.8205128312110901,0.5738959312438965,0.4261040687561035,3.869323336402886e-06,3.8008579394954722e-06,0.9999923706054688,1.9565229081308644e-07,2.4339256015082356e-06,0.9999973773956299,vision,vision,0,0.00010326635674573481,3.7086028896737844e-05,3.3491312478872715e-06,0.07681645452976227,0.17794367671012878
670,zhpQhgha_KU$_$11,-2.4000000953674316,-0.9061590433120728,8.26231189421378e-06,4.4130215428594965e-06,0.9999873638153076,-0.01348404586315155,0.05664113163948059,-0.23666155338287354,2.3865160942077637,2.45664119720459,2.1633386611938477,0.3088473677635193,0.2829274833202362,0.4082251489162445,vision,vision,1,0.9166666865348816,0.875,0.9107142686843872,0.5841178894042969,0.4158821105957031,8.26231189421378e-06,4.4130215428594965e-06,0.9999873638153076,5.436297101368837e-07,3.2795919651107397e-06,0.9999960660934448,vision,vision,1,0.0001637333771213889,5.316986789694056e-05,5.851463356520981e-06,0.12505653500556946,0.2933026850223541
665,zhpQhgha_KU$_$4,-1.600000023841858,-0.911104679107666,1.0847832527360879e-05,6.330671567411628e-06,0.9999828338623047,-0.011312514543533325,0.07855817675590515,-0.23268947005271912,1.588687539100647,1.6785582304000854,1.3673105239868164,0.31128013134002686,0.278204083442688,0.41051581501960754,vision,vision,1,1.0,1.0,0.9259259104728699,0.5852274298667908,0.41477257013320923,1.0847832527360879e-05,6.330671567411628e-06,0.9999828338623047,7.578626650683873e-07,4.815221927856328e-06,0.9999945163726807,vision,vision,1,0.0002169322979170829,7.510033901780844e-05,7.76264369051205e-06,0.1307922750711441,0.31124764680862427
273,iiK8YX8oH1E$_$9,0.4000000059604645,0.471248060464859,5.431325007521082e-06,3.3417381928302348e-06,0.9999911785125732,0.13647425174713135,-0.37165963649749756,-0.01954558491706848,0.26352575421333313,0.7716596126556396,0.41954559087753296,0.4250505864620209,0.22521167993545532,0.34973767399787903,vision,text,0,0.8571428656578064,0.8965517282485962,0.8823529481887817,0.5918391346931458,0.40816086530685425,5.431325007521082e-06,3.3417381928302348e-06,0.9999911785125732,3.068502678615914e-07,2.2476240246760426e-06,0.9999973773956299,vision,vision,0,0.00011678324517561123,3.643636955530383e-05,4.139157681493089e-06,0.2125314623117447,0.5081338882446289
73,cXypl4FnoZo$_$24,0.20000000298023224,-0.7328406572341919,7.962659765325952e-06,5.408097877079854e-06,0.9999866485595703,0.05604895204305649,0.02245570719242096,-0.21404951810836792,0.14395105838775635,0.17754429578781128,0.41404950618743896,0.3742035925388336,0.3588155508041382,0.2669808566570282,vision,text,0,0.8399999737739563,0.9065420627593994,0.9259259104728699,0.5826126933097839,0.41738730669021606,7.962659765325952e-06,5.408097877079854e-06,0.9999866485595703,4.83924623040366e-07,3.8551406760234386e-06,0.9999957084655762,vision,vision,0,0.00017240626038983464,5.936713205301203e-05,6.030532858858351e-06,0.12019263207912445,0.270098477602005
43,cM3Yna7AavY$_$5,2.799999952316284,-0.5922714471817017,5.635912202706095e-06,3.185875584676978e-06,0.9999911785125732,0.030982598662376404,0.02191627025604248,-0.17692986130714417,2.769017457962036,2.7780838012695312,2.9769299030303955,0.36233633756637573,0.3582531213760376,0.27941057085990906,vision,text,0,0.9166666865348816,0.9069767594337463,0.9038461446762085,0.580208420753479,0.419791579246521,5.635912202706095e-06,3.185875584676978e-06,0.9999911785125732,3.257416665292112e-07,2.251451178381103e-06,0.9999973773956299,vision,vision,0,0.00011724202340701595,3.674615436466411e-05,4.147826075495686e-06,0.0959453359246254,0.20791245996952057
577,wMbj6ajWbic$_$27,0.0,-0.013615372590720654,4.675795935327187e-06,2.846211828000378e-06,0.9999924898147583,0.07095499336719513,-0.048412784934043884,-0.07476595789194107,0.07095499336719513,0.048412784934043884,0.07476595789194107,0.3307068645954132,0.3401579260826111,0.3291352093219757,vision,audio,0,0.8888888955116272,0.9200000166893005,0.9655172228813171,0.5785558819770813,0.4214441180229187,4.675795935327187e-06,2.846211828000378e-06,0.9999924898147583,2.662730196334451e-07,1.9313936263642972e-06,0.9999978542327881,vision,vision,0,0.00010122151434188709,3.1568877602694556e-05,3.5629198009701213e-06,0.06340150535106659,0.1457209587097168
656,zhpQhgha_KU$_$21,0.6000000238418579,-0.01941874250769615,4.75024262414081e-06,2.9325185550987953e-06,0.9999922513961792,0.07714749872684479,-0.011049583554267883,-0.143276184797287,0.5228525400161743,0.6110495924949646,0.7432762384414673,0.37667858600616455,0.33735838532447815,0.2859630286693573,vision,text,0,0.8947368264198303,0.9354838728904724,0.9189189076423645,0.5805059671401978,0.41949403285980225,4.75024262414081e-06,2.9325185550987953e-06,0.9999922513961792,2.68161613803386e-07,2.058127165582846e-06,0.9999977350234985,vision,vision,0,0.0001033130829455331,3.325144280097447e-05,3.6133667435933603e-06,0.09058403223752975,0.22042368352413177
535,v0zCBqDeKcE$_$4,0.0,-0.5433623790740967,7.684482625336386e-06,3.1966521873982856e-06,0.9999891519546509,-0.015286684036254883,0.041920214891433716,-0.1315176784992218,0.015286684036254883,0.041920214891433716,0.1315176784992218,0.35310372710227966,0.3415417969226837,0.30535444617271423,vision,text,0,1.0,0.8444444537162781,0.8571428656578064,0.5786703824996948,0.4213296175003052,7.684482625336386e-06,3.1966521873982856e-06,0.9999891519546509,4.6289181909742183e-07,2.2450701635534642e-06,0.9999972581863403,vision,vision,0,0.00014177137927617878,3.867469058604911e-05,5.426468760560965e-06,0.0721595287322998,0.17343789339065552
166,dq3Nf_lMPnE$_$13,-1.2000000476837158,0.011913632042706013,4.098350473213941e-06,2.2531567083206028e-06,0.9999936819076538,0.0022614970803260803,0.005075320601463318,-0.1324535608291626,1.2022615671157837,1.2050753831863403,1.0675464868545532,0.3144761323928833,0.3133719861507416,0.3721519112586975,vision,vision,1,0.8999999761581421,0.896774172782898,0.893048107624054,0.5767958760261536,0.42320412397384644,4.098350473213941e-06,2.2531567083206028e-06,0.9999936819076538,2.09124976890962e-07,1.5325035747082438e-06,0.9999982118606567,vision,vision,1,8.643603359814733e-05,2.5502902644802816e-05,3.0466103453363758e-06,0.06417878717184067,0.13752888143062592
53,cW1FSBF59ik$_$23,1.399999976158142,0.3326670527458191,4.7146500037342776e-06,2.35611491916643e-06,0.999992847442627,0.06866701692342758,-0.11004887521266937,-0.09013388305902481,1.3313329219818115,1.5100488662719727,1.4901338815689087,0.38171467185020447,0.3052949905395508,0.31299033761024475,vision,text,0,0.9523809552192688,0.8924731016159058,0.9017857313156128,0.5792966485023499,0.42070335149765015,4.7146500037342776e-06,2.35611491916643e-06,0.999992847442627,2.3062946752361313e-07,1.5130814290387207e-06,0.9999982118606567,vision,vision,0,9.548867819830775e-05,2.5570318030077033e-05,3.5638238387036836e-06,0.07996784150600433,0.17871588468551636
585,wMbj6ajWbic$_$3,0.0,0.44559961557388306,6.133022452559089e-06,3.007731493198662e-06,0.9999909400939941,0.12705303728580475,-0.09406047314405441,-0.07544435560703278,0.12705303728580475,0.09406047314405441,0.07544435560703278,0.321673721075058,0.33521711826324463,0.343109130859375,vision,vision,1,0.8888888955116272,0.8148148059844971,0.84375,0.579591691493988,0.42040830850601196,6.133022452559089e-06,3.007731493198662e-06,0.9999909400939941,3.2625320045553963e-07,1.9975063878518995e-06,0.999997615814209,vision,vision,1,0.00012088860967196524,3.345164077472873e-05,4.497571353567764e-06,0.10013487190008163,0.22111350297927856
517,tmZoasNr4rU$_$2,-2.0,-0.9779062271118164,6.077238595025847e-06,4.930315753881587e-06,0.9999890327453613,0.01538831740617752,0.046505361795425415,-0.23898211121559143,2.015388250350952,2.0465054512023926,1.761017918586731,0.2997443974018097,0.288309246301651,0.4119463264942169,vision,vision,1,0.7857142686843872,0.9444444179534912,0.930232584476471,0.5825932025909424,0.4174067974090576,6.077238595025847e-06,4.930315753881587e-06,0.9999890327453613,3.7529329688368307e-07,3.398483841010602e-06,0.9999961853027344,vision,vision,1,0.0001441896747564897,5.2141833293717355e-05,4.795444965566276e-06,0.12787827849388123,0.28548747301101685
423,pLTX3ipuDJI$_$7,0.800000011920929,-0.4692199230194092,5.5108553169702645e-06,2.4848707198543707e-06,0.9999920129776001,0.019385814666748047,0.02287229895591736,-0.13527676463127136,0.7806141972541809,0.777127742767334,0.9352767467498779,0.35353437066078186,0.35507848858833313,0.29138708114624023,vision,audio,0,0.9285714030265808,0.8095238208770752,0.9399999976158142,0.5796920657157898,0.4203079342842102,5.5108553169702645e-06,2.4848707198543707e-06,0.9999920129776001,3.101860102106002e-07,1.6711760508769657e-06,0.9999979734420776,vision,vision,0,0.00010676479723770171,2.8885175197501667e-05,3.991609446529765e-06,0.07374414801597595,0.15814906358718872
674,zhpQhgha_KU$_$15,-2.0,-0.8707671761512756,7.072457719914382e-06,3.418683263589628e-06,0.9999895095825195,-0.010615870356559753,0.046244800090789795,-0.22159168124198914,1.9893841743469238,2.0462448596954346,1.7784082889556885,0.3092954158782959,0.2880750596523285,0.40262946486473083,vision,vision,1,0.9729729890823364,0.8842105269432068,0.8709677457809448,0.582552969455719,0.417447030544281,7.072457719914382e-06,3.418683263589628e-06,0.9999895095825195,3.995072006546252e-07,2.3571772089781007e-06,0.9999972581863403,vision,vision,1,0.00013737320841755718,3.915232082363218e-05,5.161019998922711e-06,0.11521974205970764,0.26783648133277893
449,rnaNMUZpvvg$_$21,-2.5999999046325684,-0.8370455503463745,6.556268544954946e-06,3.654741249192739e-06,0.9999897480010986,0.005603700876235962,0.03719218075275421,-0.2295612096786499,2.6056036949157715,2.6371920108795166,2.370438575744629,0.3027541935443878,0.2910327613353729,0.4062129557132721,vision,vision,1,0.9090909361839294,0.8833333253860474,0.9305555820465088,0.5834378004074097,0.41656219959259033,6.556268544954946e-06,3.654741249192739e-06,0.9999897480010986,3.8032345628380426e-07,2.513773779355688e-06,0.9999971389770508,vision,vision,1,0.0001342371106147766,4.0875107515603304e-05,4.902629825664917e-06,0.11900407820940018,0.2667533755302429
177,dq3Nf_lMPnE$_$9,-0.800000011920929,-0.5213173031806946,7.93767594586825e-06,3.6666094729298493e-06,0.999988317489624,0.04548483341932297,0.022856026887893677,-0.18952730298042297,0.8454848527908325,0.822856068611145,0.6104726791381836,0.2967219352722168,0.30523478984832764,0.39804327487945557,vision,vision,1,1.0,0.8913043737411499,0.8571428656578064,0.5811218023300171,0.4188781976699829,7.93767594586825e-06,3.6666094729298493e-06,0.999988317489624,4.533579556209588e-07,2.5766471480892505e-06,0.9999969005584717,vision,vision,1,0.00015077383432071656,4.286050534574315e-05,5.719116416003089e-06,0.10585600882768631,0.23501214385032654
245,fvVhgmXxadc$_$13,0.20000000298023224,-0.5782667994499207,6.9550092121062335e-06,3.9141596062108874e-06,0.9999891519546509,0.02448815107345581,0.037057965993881226,-0.1728295385837555,0.17551185190677643,0.162942036986351,0.3728295564651489,0.35749363899230957,0.3631550073623657,0.2793513834476471,vision,audio,0,0.949999988079071,0.9444444179534912,0.9076923131942749,0.5804659128189087,0.4195340871810913,6.9550092121062335e-06,3.9141596062108874e-06,0.9999891519546509,4.2028591451526154e-07,2.869805939553771e-06,0.9999966621398926,vision,vision,0,0.00014216089039109647,4.611112308339216e-05,5.029753992857877e-06,0.09611626714468002,0.20988750457763672
5,c7UH_rxdZv4$_$21,-0.800000011920929,0.14897531270980835,6.061461590434192e-06,3.7086274460307322e-06,0.9999902248382568,0.08919057995080948,-0.04319846257567406,-0.09683198481798172,0.8891906142234802,0.7568015456199646,0.7031680345535278,0.290549635887146,0.3428388833999634,0.3666114807128906,vision,vision,1,0.8947368264198303,0.9239130616188049,0.8735632300376892,0.5780415534973145,0.42195844650268555,6.061461590434192e-06,3.7086274460307322e-06,0.9999902248382568,3.3645693520156783e-07,2.5018541691679275e-06,0.9999971389770508,vision,vision,1,0.0001289506908506155,4.012612043879926e-05,4.61530544271227e-06,0.07817914336919785,0.1860225647687912
552,vyB00TXsimI$_$20,2.200000047683716,0.8884449005126953,4.462807282834547e-06,2.9982741125422763e-06,0.9999926090240479,0.3000647723674774,-0.34562230110168457,-0.08180665969848633,1.899935245513916,2.5456223487854004,2.281806707382202,0.48389172554016113,0.2158864140510559,0.30022183060646057,vision,text,0,0.8181818127632141,0.9032257795333862,0.9189189076423645,0.5982245802879333,0.40177541971206665,4.462807282834547e-06,2.9982741125422763e-06,0.9999926090240479,2.4118955366247974e-07,2.011837523241411e-06,0.9999977350234985,vision,vision,0,0.00010048203694168478,3.2308562367688864e-05,3.444684580244939e-06,0.2650652527809143,0.6456871032714844
82,cXypl4FnoZo$_$29,-1.399999976158142,0.11656723916530609,4.3646214180625975e-06,3.3243991310882848e-06,0.9999922513961792,0.09921510517597198,-0.01060284674167633,-0.10107002407312393,1.4992151260375977,1.389397144317627,1.2989299297332764,0.29140719771385193,0.33428505063056946,0.37430769205093384,vision,vision,1,0.8571428656578064,1.0,1.0,0.5808149576187134,0.4191850423812866,4.3646214180625975e-06,3.3243991310882848e-06,0.9999922513961792,2.535693965910468e-07,2.300850610481575e-06,0.9999974966049194,vision,vision,1,0.00010353136894991621,3.620489951572381e-05,3.459936806393671e-06,0.08189316838979721,0.2002851366996765
348,lXPQBPVc5Cw$_$7,-2.799999952316284,-0.7947146892547607,7.154540980991442e-06,4.571375484374585e-06,0.999988317489624,0.0005972236394882202,0.04553639888763428,-0.19700106978416443,2.8005971908569336,2.845536231994629,2.602998971939087,0.31002452969551086,0.2930894196033478,0.39688605070114136,vision,vision,1,0.8333333134651184,0.8888888955116272,0.8961039185523987,0.5806732773780823,0.4193267226219177,7.154540980991442e-06,4.571375484374585e-06,0.999988317489624,4.40027491777073e-07,3.1383251553052105e-06,0.9999964237213135,vision,vision,1,0.0001526360138086602,4.976512718712911e-05,5.4179322432901245e-06,0.10535076260566711,0.2425374686717987
683,zhpQhgha_KU$_$34,1.2000000476837158,1.0562516450881958,5.416235126176616e-06,2.7379671792004956e-06,0.9999918937683105,0.3046931028366089,-0.2680082321166992,-0.10003351420164108,0.8953069448471069,1.468008279800415,1.3000335693359375,0.47807517647743225,0.23366568982601166,0.2882591187953949,vision,text,0,1.0,0.9444444179534912,1.0,0.5987275838851929,0.40127241611480713,5.416235126176616e-06,2.7379671792004956e-06,0.9999918937683105,2.847176290288189e-07,1.8017856291407952e-06,0.9999979734420776,vision,vision,0,0.00010883276991080493,3.012969136761967e-05,4.049124527227832e-06,0.2403714656829834,0.5727013349533081
388,nzpVDcQ0ywM$_$10,-1.0,-0.7180724143981934,7.0783148657938e-06,4.366162102087401e-06,0.9999885559082031,0.016616426408290863,0.057152941823005676,-0.20461231470108032,1.0166164636611938,1.0571529865264893,0.7953876852989197,0.305890291929245,0.290776789188385,0.40333291888237,vision,vision,1,0.9333333373069763,0.9666666388511658,0.9074074029922485,0.5823083519935608,0.4176916480064392,7.0783148657938e-06,4.366162102087401e-06,0.9999885559082031,4.324633380292653e-07,3.1563040465698577e-06,0.9999964237213135,vision,vision,1,0.000149247600347735,4.987171269021928e-05,5.24117422173731e-06,0.11503932625055313,0.2617652416229248
260,iiK8YX8oH1E$_$12,1.7999999523162842,0.9954574704170227,6.782496711821295e-06,2.9921711757197045e-06,0.9999902248382568,0.34349849820137024,-0.5460493564605713,-0.04031618684530258,1.4565014839172363,2.3460493087768555,1.8403161764144897,0.5133869051933289,0.1688642054796219,0.31774887442588806,vision,text,0,1.0,0.8666666746139526,0.9473684430122375,0.6113476753234863,0.38865232467651367,6.782496711821295e-06,2.9921711757197045e-06,0.9999902248382568,3.9036703469719214e-07,2.0083175513718743e-06,0.999997615814209,vision,vision,0,0.00012853372027166188,3.447019844315946e-05,4.92231993121095e-06,0.36429157853126526,0.8895478248596191
13,c7UH_rxdZv4$_$5,-2.200000047683716,-0.30095139145851135,5.516004421224352e-06,4.171894033788703e-06,0.9999903440475464,0.05699162930250168,0.020196549594402313,-0.147162526845932,2.2569916248321533,2.220196485519409,2.052837610244751,0.2996005117893219,0.3137021064758301,0.3866974115371704,vision,vision,1,0.7894737124443054,0.9259259104728699,0.921875,0.578947901725769,0.42105209827423096,5.516004421224352e-06,4.171894033788703e-06,0.9999903440475464,3.403092136977648e-07,2.9858506422897335e-06,0.9999966621398926,vision,vision,1,0.00012810075713787228,4.637125675799325e-05,4.226610599289415e-06,0.08884560316801071,0.20415416359901428
591,wMbj6ajWbic$_$9,-2.0,-0.6682336330413818,6.658608072029892e-06,3.4055610740324482e-06,0.9999898672103882,0.020047500729560852,0.0302303284406662,-0.15633651614189148,2.020047426223755,2.0302302837371826,1.8436634540557861,0.30921199917793274,0.30530107021331787,0.3854868710041046,vision,vision,1,0.8999999761581421,0.8399999737739563,0.9666666388511658,0.5810795426368713,0.41892045736312866,6.658608072029892e-06,3.4055610740324482e-06,0.9999898672103882,3.8843660377096967e-07,2.2263650407694513e-06,0.9999973773956299,vision,vision,1,0.00013235706137493253,3.731296965270303e-05,4.986517524230294e-06,0.0856492891907692,0.18656684458255768
584,wMbj6ajWbic$_$1,0.5,0.3253869414329529,5.500836778082885e-06,3.4249019336130004e-06,0.9999910593032837,0.11317005753517151,-0.06048067286610603,-0.09671708941459656,0.3868299424648285,0.5604806542396545,0.596717119216919,0.3884832262992859,0.3126819431781769,0.29883483052253723,vision,text,0,0.8999999761581421,0.949999988079071,0.8333333134651184,0.5780228972434998,0.42197710275650024,5.500836778082885e-06,3.4249019336130004e-06,0.9999910593032837,2.92448874006368e-07,2.3275990770343924e-06,0.9999973773956299,vision,vision,0,0.0001186396402772516,3.7193203752394766e-05,4.207927759125596e-06,0.09160317480564117,0.20988714694976807
120,d3_k5Xpfmik$_$8,2.200000047683716,1.096465826034546,7.125922820705455e-06,3.3088847430917667e-06,0.9999895095825195,0.44400689005851746,-0.647247314453125,-0.03974099084734917,1.755993127822876,2.847247362136841,2.239741086959839,0.5549803972244263,0.14186346530914307,0.3031561076641083,vision,text,0,1.0,0.8888888955116272,0.9523809552192688,0.6199730038642883,0.38002699613571167,7.125922820705455e-06,3.3088847430917667e-06,0.9999895095825195,4.235437529587216e-07,2.2622771211899817e-06,0.9999972581863403,vision,vision,0,0.00013667967868968844,3.834494054899551e-05,5.165863967704354e-06,0.446456640958786,1.0912542343139648
287,jUzDDGyPkXU$_$4,-1.600000023841858,0.21401415765285492,4.30703948950395e-06,2.231383405160159e-06,0.9999934434890747,0.022305361926555634,-0.02657744288444519,-0.09399058669805527,1.6223053932189941,1.5734225511550903,1.5060094594955444,0.3106095492839813,0.33018070459365845,0.35920971632003784,vision,vision,1,0.9473684430122375,0.9101123809814453,0.96875,0.5779687762260437,0.4220312237739563,4.30703948950395e-06,2.231383405160159e-06,0.9999934434890747,2.140101571512787e-07,1.4474694580712821e-06,0.9999983310699463,vision,vision,1,8.878785592969507e-05,2.439802665321622e-05,3.254841431044042e-06,0.04767809435725212,0.1162959486246109
580,wMbj6ajWbic$_$22,1.399999976158142,0.5946751832962036,4.955288659402868e-06,2.3076295292412397e-06,0.9999927282333374,0.1528937965631485,-0.25561055541038513,-0.05488662049174309,1.2471061944961548,1.6556105613708496,1.454886555671692,0.4216952919960022,0.2530665993690491,0.32523810863494873,vision,text,0,0.8636363744735718,0.7586206793785095,0.9137930870056152,0.5892768502235413,0.41072314977645874,4.955288659402868e-06,2.3076295292412397e-06,0.9999927282333374,2.6924183771370735e-07,1.5263163959389203e-06,0.9999982118606567,vision,vision,0,9.773229248821735e-05,2.6282774342689663e-05,3.6503292903944384e-06,0.16677948832511902,0.4085043668746948
490,tStelxIAHjw$_$13,-1.600000023841858,0.301364004611969,5.323700406734133e-06,3.1165461678028805e-06,0.9999915361404419,0.12673814594745636,-0.08522951602935791,-0.08284406363964081,1.7267382144927979,1.5147705078125,1.5171560049057007,0.27755606174468994,0.36176055669784546,0.3606833815574646,vision,audio,0,0.8571428656578064,0.8571428656578064,0.9599999785423279,0.5815213918685913,0.4184786081314087,5.323700406734133e-06,3.1165461678028805e-06,0.9999915361404419,2.956212483695708e-07,2.0392751594044967e-06,0.9999977350234985,vision,vision,0,0.00011260538303758949,3.3410040487069637e-05,4.101411377632758e-06,0.09936503320932388,0.21196766197681427
352,lXPQBPVc5Cw$_$11,-1.7999999523162842,-0.9422558546066284,1.0662934073479846e-05,4.561304194794502e-06,0.999984860420227,0.0017300248146057129,0.05207061767578125,-0.18144109845161438,1.8017299175262451,1.8520705699920654,1.6185588836669922,0.31286078691482544,0.2937803864479065,0.39335882663726807,vision,vision,1,1.0,0.8571428656578064,1.0,0.5847051739692688,0.4152948260307312,1.0662934073479846e-05,4.561304194794502e-06,0.999984860420227,8.449724759884703e-07,3.5852115161105758e-06,0.9999955892562866,vision,vision,1,0.00019329108181409538,6.11607392784208e-05,7.174297479650704e-06,0.10034029185771942,0.23351171612739563
430,phBUpBr1hSo$_$12,1.7999999523162842,-0.35007423162460327,6.520432634715689e-06,3.8185485209396575e-06,0.9999896287918091,0.017907485365867615,0.027645602822303772,-0.12693482637405396,1.7820924520492554,1.7723543643951416,1.9269347190856934,0.35129156708717346,0.35559386014938354,0.29311463236808777,vision,audio,0,0.9200000166893005,0.9200000166893005,0.894444465637207,0.5776001811027527,0.4223998188972473,6.520432634715689e-06,3.8185485209396575e-06,0.9999896287918091,3.82143099386667e-07,2.677128350114799e-06,0.9999970197677612,vision,vision,0,0.00013584770204033703,4.2957093683071434e-05,4.890228410658892e-06,0.07068650424480438,0.15458042919635773
507,tmZoasNr4rU$_$12,-2.200000047683716,0.5933451652526855,4.752928361995146e-06,2.318239921805798e-06,0.9999929666519165,0.242700457572937,-0.4009263217449188,-0.06419342756271362,2.4427003860473633,1.7990736961364746,2.1358065605163574,0.21261949837207794,0.4753434956073761,0.3120369613170624,vision,audio,0,0.8999999761581421,0.8275862336158752,0.9714285731315613,0.6007992625236511,0.3992007374763489,4.752928361995146e-06,2.318239921805798e-06,0.9999929666519165,2.6463166591383924e-07,1.593431534274714e-06,0.9999982118606567,vision,vision,0,9.534729178994894e-05,2.704788676055614e-05,3.486104560579406e-06,0.2628536522388458,0.6436268091201782
