index,id,y_true,y_pred,w_text,w_audio,w_vision,selected_anchor,availability_text,availability_audio,availability_vision
72,cW1FSBF59ik$_$18,2.5999999046325684,0.2068946361541748,0.9999641180038452,4.997384166927077e-06,3.0878982215654105e-05,text,0.13636364042758942,0.028169013559818268,0.1627907007932663
229,f_pcplsH_V0$_$10,1.2000000476837158,0.1505562961101532,0.9999830722808838,3.38841005032009e-06,1.357706878479803e-05,text,0.3636363744735718,0.1818181872367859,0.07575757801532745
472,tIrG4oNLFzE$_$13,-2.0,-0.039715755730867386,0.9999696016311646,5.283656719257124e-06,2.51033779932186e-05,text,0.18000000715255737,0.1269230842590332,0.10144927352666855
365,nbWiPyCm4g0$_$3,-1.7999999523162842,0.38693487644195557,0.999962568283081,5.5335221986752e-06,3.1895226129563525e-05,text,0.1666666716337204,0.10000000149011612,0.20000000298023224
278,jUzDDGyPkXU$_$27,-2.0,0.23258520662784576,0.9999750852584839,4.553445251076482e-06,2.0330338884377852e-05,text,0.25,0.1666666716337204,0.14000000059604645
341,lXPQBPVc5Cw$_$28,0.800000011920929,0.22816726565361023,0.9999675750732422,6.619723535550293e-06,2.5804827600950375e-05,text,0.1764705926179886,0.1538461595773697,0.0476190485060215
683,zhpQhgha_KU$_$34,1.2000000476837158,0.7978312969207764,0.9999768733978271,2.731903805397451e-06,2.0387456970638596e-05,text,0.375,0.0555555559694767,0.27272728085517883
233,f_pcplsH_V0$_$14,-1.0,0.07574969530105591,0.9999637603759766,5.794803655589931e-06,3.039884722966235e-05,text,0.13333334028720856,0.09677419066429138,0.1339285671710968
181,etzxEpPuc6I$_$13,-2.200000047683716,0.059784773737192154,0.9999737739562988,5.258348664938239e-06,2.095744821417611e-05,text,0.1944444477558136,0.1818181872367859,0.07619047909975052
182,etzxEpPuc6I$_$12,0.6666666865348816,0.38435450196266174,0.9999761581420898,5.105446689412929e-06,1.866773709480185e-05,text,0.2222222238779068,0.125,0.0
624,yDtzw_Y-7RU$_$17,0.20000000298023224,0.11698657274246216,0.9999804496765137,3.1780793960933806e-06,1.6336967746610753e-05,text,0.30434781312942505,0.0602409653365612,0.09000000357627869
582,wMbj6ajWbic$_$28,2.4000000953674316,0.11213885247707367,0.9999712705612183,4.35350102634402e-06,2.4355536879738793e-05,text,0.21052631735801697,0.07999999821186066,0.1666666716337204
572,vyB00TXsimI$_$19,1.2000000476837158,0.5097635388374329,0.9999819993972778,2.335532371944282e-06,1.564606100146193e-05,text,0.4285714328289032,0.1111111119389534,0.27272728085517883
526,v0zCBqDeKcE$_$13,1.7999999523162842,0.0516408272087574,0.999976396560669,4.2172459870926104e-06,1.947176679095719e-05,text,0.20000000298023224,0.07894736528396606,0.06521739065647125
318,k5Y_838nuGo$_$6,2.0,0.39743825793266296,0.9999768733978271,4.59688408227521e-06,1.8477434423402883e-05,text,0.2222222238779068,0.125,0.05263157933950424
219,f9O3YtZ2VfI$_$13,-1.600000023841858,0.31855520606040955,0.999984860420227,2.579224201326724e-06,1.2531300853879657e-05,text,0.38461539149284363,0.1111111119389534,0.0941176488995552
279,jUzDDGyPkXU$_$20,-2.200000047683716,0.1414835900068283,0.9999778270721436,3.9240121623151936e-06,1.8184862710768357e-05,text,0.30000001192092896,0.0810810774564743,0.06666667014360428
435,phBUpBr1hSo$_$19,2.0,0.5493819713592529,0.9999810457229614,2.81206052932248e-06,1.611672450962942e-05,text,0.3333333432674408,0.0,0.0833333358168602
227,f9O3YtZ2VfI$_$30,-1.0,0.33649611473083496,0.9999672174453735,7.1095264502218924e-06,2.5578132408554666e-05,text,0.1428571492433548,0.2199999988079071,0.0833333358168602
12,c7UH_rxdZv4$_$2,-2.5999999046325684,0.6917176246643066,0.999981164932251,2.4632033728266833e-06,1.634405634831637e-05,text,0.4000000059604645,0.0476190485060215,0.20000000298023224
190,etzxEpPuc6I$_$3,-1.600000023841858,0.21344929933547974,0.9999780654907227,3.914033641194692e-06,1.7993843357544392e-05,text,0.27272728085517883,0.10638298094272614,0.0714285746216774
214,f9O3YtZ2VfI$_$6,-2.5999999046325684,-0.009120708331465721,0.9999876022338867,1.9949409306718735e-06,1.035594232234871e-05,text,0.4000000059604645,0.05263157933950424,0.09090909361839294
532,v0zCBqDeKcE$_$3,0.6000000238418579,0.054511718451976776,0.9999796152114868,3.6225058011041256e-06,1.680396235315129e-05,text,0.2857142984867096,0.11999999731779099,0.10000000149011612
297,jUzDDGyPkXU$_$14,0.800000011920929,0.24233876168727875,0.9999769926071167,3.8092691738711437e-06,1.9240980691392906e-05,text,0.23076923191547394,0.0714285746216774,0.11428571492433548
595,wMbj6ajWbic$_$13,2.0,0.0906018540263176,0.9999653100967407,5.944193617324345e-06,2.872449840651825e-05,text,0.125,0.08771929889917374,0.0882352963089943
22,c7UH_rxdZv4$_$12,-2.799999952316284,0.3346957862377167,0.9999674558639526,5.4301544878399e-06,2.703455902519636e-05,text,0.1428571492433548,0.06060606241226196,0.0833333358168602
68,cW1FSBF59ik$_$14,-1.2000000476837158,0.09105612337589264,0.9999679327011108,4.729154625238152e-06,2.734396002779249e-05,text,0.1304347813129425,0.028846153989434242,0.125
578,wMbj6ajWbic$_$20,-0.4000000059604645,0.3484395742416382,0.9999732971191406,5.480548225023085e-06,2.124425009242259e-05,text,0.20000000298023224,0.1190476194024086,0.019607843831181526
57,cW1FSBF59ik$_$5,2.0,0.48390254378318787,0.999976396560669,5.5246978263312485e-06,1.8092205209541135e-05,text,0.3333333432674408,0.27272728085517883,0.07692307978868484
576,wMbj6ajWbic$_$26,1.7999999523162842,0.17492857575416565,0.9999793767929077,3.093597342740395e-06,1.7536520317662507e-05,text,0.3333333432674408,0.0,0.0833333358168602
480,tIrG4oNLFzE$_$3,2.5999999046325684,0.20695601403713226,0.9999591112136841,6.029426003806293e-06,3.4854845580412075e-05,text,0.1428571492433548,0.025641025975346565,0.12765957415103912
154,d6hH302o4v8$_$19,-2.799999952316284,0.4911821484565735,0.9999735355377197,3.7258082556945737e-06,2.2759657440474257e-05,text,0.3333333432674408,0.10000000149011612,0.21621622145175934
225,f9O3YtZ2VfI$_$19,-0.6000000238418579,0.5894730687141418,0.9999738931655884,4.678710865846369e-06,2.1470163119374774e-05,text,0.25,0.12121212482452393,0.10000000149011612
462,rnaNMUZpvvg$_$13,-2.0,0.355258047580719,0.9999701976776123,4.886176611762494e-06,2.48699161602417e-05,text,0.25,0.05882352963089943,0.095238097012043
295,jUzDDGyPkXU$_$12,0.5,0.36815470457077026,0.9999815225601196,3.233469669794431e-06,1.5309127775253728e-05,text,0.4000000059604645,0.1599999964237213,0.13333334028720856
645,yvsjCA6Y5Fc$_$15,-2.0,0.2398153394460678,0.9999617338180542,5.792598585685482e-06,3.243160244892351e-05,text,0.1428571492433548,0.035087719559669495,0.13235294818878174
516,tmZoasNr4rU$_$3,-2.0,0.41483208537101746,0.999967098236084,4.763260676554637e-06,2.815583320625592e-05,text,0.25,0.07692307978868484,0.1875
33,cM3Yna7AavY$_$11,2.0,0.32850217819213867,0.9999821186065674,2.9575073767773574e-06,1.4845357327430975e-05,text,0.3333333432674408,0.03999999910593033,0.06666667014360428
138,d6hH302o4v8$_$5,-1.3333333730697632,0.261883407831192,0.9999830722808838,2.1785112949146423e-06,1.4777739124838263e-05,text,0.4285714328289032,0.0,0.1666666716337204
474,tIrG4oNLFzE$_$15,-2.0,0.19573773443698883,0.999975323677063,4.541130238067126e-06,2.0200257495162077e-05,text,0.25,0.11267605423927307,0.0714285746216774
500,tStelxIAHjw$_$7,1.399999976158142,0.2741657793521881,0.9999897480010986,1.6347743212463683e-06,8.560803507862147e-06,text,0.5,0.05882352963089943,0.10000000149011612
230,f_pcplsH_V0$_$13,1.600000023841858,0.2363877147436142,0.9999607801437378,6.56395513942698e-06,3.265041596023366e-05,text,0.1818181872367859,0.1111111119389534,0.13636364042758942
535,v0zCBqDeKcE$_$4,0.0,0.13934406638145447,0.999974250793457,4.341709882282885e-06,2.143514393537771e-05,text,0.23529411852359772,0.13333334028720856,0.1428571492433548
89,cXypl4FnoZo$_$6,-0.6000000238418579,0.10204147547483444,0.9999749660491943,4.7287771849369165e-06,2.0271208995836787e-05,text,0.21052631735801697,0.13725490868091583,0.0833333358168602
427,phBUpBr1hSo$_$11,2.0,0.4909052848815918,0.9999690055847168,4.898721726931399e-06,2.611616400827188e-05,text,0.2222222238779068,0.095238097012043,0.1599999964237213
27,c7UH_rxdZv4$_$19,-1.7999999523162842,0.2594867944717407,0.9999767541885376,4.176025413471507e-06,1.9123002857668325e-05,text,0.2222222238779068,0.08888889104127884,0.07407407462596893
315,k5Y_838nuGo$_$5,-1.3333333730697632,0.23533794283866882,0.9999845027923584,3.0147766665322706e-06,1.2532491382444277e-05,text,0.3636363744735718,0.125,0.05000000074505806
558,vyB00TXsimI$_$5,1.7999999523162842,0.6976205110549927,0.9999874830245972,2.506993496353971e-06,9.960389434127137e-06,text,0.4285714328289032,0.10000000149011612,0.0
377,nzpVDcQ0ywM$_$23,2.0,0.3784574568271637,0.9999758005142212,4.428467946127057e-06,1.978663567570038e-05,text,0.25,0.10526315867900848,0.09090909361839294
176,dq3Nf_lMPnE$_$6,0.800000011920929,0.25514212250709534,0.9999876022338867,2.5311037461506203e-06,9.866464097285643e-06,text,0.4444444477558136,0.15000000596046448,0.0416666679084301
428,phBUpBr1hSo$_$10,-1.399999976158142,0.31977471709251404,0.9999707937240601,4.903755325358361e-06,2.4311550077982247e-05,text,0.2222222238779068,0.03333333507180214,0.05714285746216774
463,rnaNMUZpvvg$_$12,-1.0,0.08261523395776749,0.9999680519104004,5.018819138058461e-06,2.6993224309990183e-05,text,0.1818181872367859,0.125,0.19298245012760162
99,cXypl4FnoZo$_$16,-0.6000000238418579,0.01676602102816105,0.9999687671661377,5.730374596168986e-06,2.54771421168698e-05,text,0.13793103396892548,0.125,0.1034482792019844
457,rnaNMUZpvvg$_$6,-2.5999999046325684,0.20762813091278076,0.9999779462814331,3.885812020598678e-06,1.8085471310769208e-05,text,0.30000001192092896,0.0833333358168602,0.0714285746216774
351,lXPQBPVc5Cw$_$8,2.5999999046325684,0.44650039076805115,0.9999755620956421,4.13119187214761e-06,2.0233324903529137e-05,text,0.27272728085517883,0.13333334028720856,0.1428571492433548
152,d6hH302o4v8$_$17,-2.0,0.45956748723983765,0.9999881982803345,1.457297230444965e-06,1.0394338460173458e-05,text,0.5,0.0,0.1666666716337204
534,v0zCBqDeKcE$_$5,2.0,0.3607760965824127,0.9999771118164062,3.3616620385146234e-06,1.9594970581238158e-05,text,0.3333333432674408,0.03333333507180214,0.1388888955116272
517,tmZoasNr4rU$_$2,-2.0,0.3262270987033844,0.9999710321426392,4.867122243013e-06,2.4137205400620587e-05,text,0.2142857164144516,0.0972222238779068,0.10465116053819656
199,f9O3YtZ2VfI$_$25,-1.399999976158142,0.1341342180967331,0.9999829530715942,3.4448398764652666e-06,1.3636863513966091e-05,text,0.4000000059604645,0.1428571492433548,0.03999999910593033
191,etzxEpPuc6I$_$2,1.2000000476837158,0.062391702085733414,0.9999741315841675,5.000194505555555e-06,2.0879235307802446e-05,text,0.15789473056793213,0.10869564861059189,0.05454545468091965
437,phBUpBr1hSo$_$20,-1.25,0.04051726683974266,0.9999676942825317,5.491347565111937e-06,2.6871446607401595e-05,text,0.1666666716337204,0.125,0.13793103396892548
362,lXPQBPVc5Cw$_$30,-2.0,0.10431881248950958,0.9999730587005615,4.616715614247369e-06,2.2266858650255017e-05,text,0.190476194024086,0.07692307978868484,0.09259258955717087
396,nzpVDcQ0ywM$_$18,1.2000000476837158,0.02699814736843109,0.9999638795852661,5.44222530152183e-06,3.067422585445456e-05,text,0.125,0.06666667014360428,0.1666666716337204
491,tStelxIAHjw$_$12,-1.0,1.3236581087112427,0.9999958276748657,6.515472819046408e-07,3.5298710372444475e-06,text,0.75,0.03448275849223137,0.05882352963089943
589,wMbj6ajWbic$_$7,-1.2000000476837158,0.4178703725337982,0.999971866607666,5.407007392932428e-06,2.274863982165698e-05,text,0.23076923191547394,0.14814814925193787,0.0882352963089943
634,yvsjCA6Y5Fc$_$2,-1.2000000476837158,0.24737730622291565,0.9999710321426392,6.084755113988649e-06,2.2889505999046378e-05,text,0.1666666716337204,0.1071428582072258,0.0
67,cW1FSBF59ik$_$15,-2.5999999046325684,0.1113603338599205,0.9999701976776123,5.19680543220602e-06,2.4579914679634385e-05,text,0.1666666716337204,0.08510638028383255,0.07079645991325378
270,iiK8YX8oH1E$_$4,-2.0,0.1715734601020813,0.9999738931655884,5.021424840379041e-06,2.1040699721197598e-05,text,0.23529411852359772,0.13636364042758942,0.07547169923782349
473,tIrG4oNLFzE$_$12,-2.5999999046325684,0.14745797216892242,0.9999798536300659,3.816050138993887e-06,1.632538806006778e-05,text,0.3333333432674408,0.07407407462596893,0.03125
48,cM3Yna7AavY$_$8,-0.6000000238418579,0.08195418119430542,0.9999853372573853,2.446999360472546e-06,1.2215014976391103e-05,text,0.4000000059604645,0.190476194024086,0.20000000298023224
342,lXPQBPVc5Cw$_$29,-1.2000000476837158,0.055345047265291214,0.9999642372131348,6.230980943655595e-06,2.9582908609881997e-05,text,0.12903225421905518,0.11428571492433548,0.10588235408067703
421,pLTX3ipuDJI$_$5,-2.0,0.023836806416511536,0.9999747276306152,4.510340659180656e-06,2.0753603166667745e-05,text,0.1666666716337204,0.06060606241226196,0.050632912665605545
194,etzxEpPuc6I$_$7,-1.2000000476837158,0.12145904451608658,0.9999597072601318,7.5699294939113315e-06,3.266414569225162e-05,text,0.0833333358168602,0.1527777761220932,0.09677419066429138
201,f9O3YtZ2VfI$_$27,1.600000023841858,0.12435746192932129,0.9999808073043823,3.865866801788798e-06,1.534017428639345e-05,text,0.3636363744735718,0.125,0.0357142873108387
285,jUzDDGyPkXU$_$2,2.5999999046325684,0.5349634289741516,0.9999874830245972,2.6027892090496607e-06,9.89264572126558e-06,text,0.4444444477558136,0.1599999964237213,0.032258063554763794
475,tIrG4oNLFzE$_$14,-2.4000000953674316,0.020913098007440567,0.9999674558639526,5.700465408153832e-06,2.6803614673553966e-05,text,0.13333334028720856,0.10135135054588318,0.08474576473236084
607,yDtzw_Y-7RU$_$22,2.0,0.7514323592185974,0.999971866607666,5.069308372185333e-06,2.298833896929864e-05,text,0.2857142984867096,0.1875,0.15789473056793213
44,cM3Yna7AavY$_$4,0.6000000238418579,-0.027821965515613556,0.9999674558639526,4.8269034778058995e-06,2.7715310352505185e-05,text,0.1428571492433548,0.08988764137029648,0.1875
609,yDtzw_Y-7RU$_$1,0.800000011920929,0.1835908144712448,0.9999665021896362,6.082686013542116e-06,2.747558755800128e-05,text,0.11764705926179886,0.1111111119389534,0.07692307978868484
117,d3_k5Xpfmik$_$7,0.4000000059604645,0.12289884686470032,0.9999758005142212,3.975441813963698e-06,2.020579449890647e-05,text,0.1875,0.03614457696676254,0.0833333358168602
585,wMbj6ajWbic$_$3,0.0,0.5348541736602783,0.9999847412109375,2.9119021291990066e-06,1.2444041203707457e-05,text,0.4444444477558136,0.1111111119389534,0.0625
337,lXPQBPVc5Cw$_$20,-1.7999999523162842,-0.007451058831065893,0.9999709129333496,4.775769411935471e-06,2.4282240701722912e-05,text,0.12121212482452393,0.05050504952669144,0.09459459781646729
104,d3_k5Xpfmik$_$13,2.200000047683716,0.6069058179855347,0.99998939037323,2.2784504380979342e-06,8.301202797156293e-06,text,0.4444444477558136,0.190476194024086,0.03999999910593033
25,c7UH_rxdZv4$_$17,-1.399999976158142,0.0349588543176651,0.9999827146530151,3.301587184978416e-06,1.3888422472518869e-05,text,0.3125,0.1111111119389534,0.04651162773370743
497,tStelxIAHjw$_$2,-2.0,0.09449128061532974,0.9999713897705078,4.427722160471603e-06,2.4239703634520993e-05,text,0.20000000298023224,0.07407407462596893,0.15079365670681
2,c7UH_rxdZv4$_$26,-2.5999999046325684,0.1851036697626114,0.9999898672103882,1.815414179873187e-06,8.398929821851198e-06,text,0.4545454680919647,0.12195122241973877,0.07999999821186066
183,etzxEpPuc6I$_$15,0.20000000298023224,0.4343799650669098,0.9999805688858032,2.6857555894821417e-06,1.6633692212053575e-05,text,0.375,0.0,0.125
571,vyB00TXsimI$_$16,0.4000000059604645,0.09367890655994415,0.999972939491272,4.482280473894207e-06,2.2548398192157038e-05,text,0.21212121844291687,0.06382978707551956,0.08849557489156723
38,cM3Yna7AavY$_$14,-2.5999999046325684,0.4812011122703552,0.9999754428863525,4.707491825683974e-06,1.9912949937861413e-05,text,0.2222222238779068,0.08695652335882187,0.03703703731298447
234,f_pcplsH_V0$_$1,0.25,0.3971010446548462,0.9999790191650391,2.5532845029374585e-06,1.8418379113427363e-05,text,0.375,0.03125,0.2368421107530594
525,v0zCBqDeKcE$_$10,2.200000047683716,0.030019834637641907,0.999974250793457,4.286558578314725e-06,2.1440724594867788e-05,text,0.2857142984867096,0.09090909361839294,0.1111111119389534
240,f_pcplsH_V0$_$6,1.600000023841858,0.5277138352394104,0.9999802112579346,3.544588025761186e-06,1.6248322936007753e-05,text,0.3333333432674408,0.13333334028720856,0.1111111119389534
171,dq3Nf_lMPnE$_$3,-1.2000000476837158,0.9416688084602356,0.9999916553497314,1.3380612244873191e-06,7.002653092058608e-06,text,0.5714285969734192,0.1304347813129425,0.14814814925193787
375,nzpVDcQ0ywM$_$21,-1.399999976158142,0.24014070630073547,0.9999707937240601,5.150779088580748e-06,2.405130726401694e-05,text,0.13333334028720856,0.07692307978868484,0.0793650820851326
412,pLTX3ipuDJI$_$10,-1.600000023841858,0.023704499006271362,0.9999791383743286,4.074918706464814e-06,1.6864800272742286e-05,text,0.21739129722118378,0.1147540956735611,0.027397260069847107
588,wMbj6ajWbic$_$4,1.0,0.3749823570251465,0.9999794960021973,5.257882548903581e-06,1.524820618215017e-05,text,0.30000001192092896,0.2666666805744171,0.0
132,d6hH302o4v8$_$29,-1.7999999523162842,-0.02297861874103546,0.9999828338623047,2.947502252936829e-06,1.421724937245017e-05,text,0.25925925374031067,0.05714285746216774,0.04878048598766327
403,ob23OKe5a9Q$_$3,-1.2000000476837158,0.40666964650154114,0.9999756813049316,4.925108896713937e-06,1.9393231923459098e-05,text,0.30000001192092896,0.21052631735801697,0.1111111119389534
548,vvZ4IcEtiZc$_$7,1.399999976158142,0.22551913559436798,0.9999734163284302,5.322487140801968e-06,2.120288263540715e-05,text,0.2666666805744171,0.18518517911434174,0.09375
215,f9O3YtZ2VfI$_$9,-2.200000047683716,0.16978012025356293,0.9999788999557495,3.4849504118028563e-06,1.7634705727687106e-05,text,0.23076923191547394,0.0,0.024390242993831635
288,jUzDDGyPkXU$_$7,-0.6000000238418579,0.054488275200128555,0.999976396560669,3.844925231533125e-06,1.9804392650257796e-05,text,0.21052631735801697,0.056603774428367615,0.09375
266,iiK8YX8oH1E$_$1,-2.5999999046325684,0.255746990442276,0.9999765157699585,4.576311766868457e-06,1.8899414499173872e-05,text,0.1666666716337204,0.07692307978868484,0.021739130839705467
87,cXypl4FnoZo$_$4,-0.800000011920929,0.1069871112704277,0.9999665021896362,5.468220933835255e-06,2.7965896151727065e-05,text,0.1666666716337204,0.09859155118465424,0.12941177189350128
127,d6hH302o4v8$_$20,1.0,0.3795575499534607,0.9999713897705078,4.768699000123888e-06,2.383633363933768e-05,text,0.2142857164144516,0.03999999910593033,0.06666667014360428
614,yDtzw_Y-7RU$_$7,-0.20000000298023224,0.14754238724708557,0.9999681711196899,5.2919849622412585e-06,2.6532827178016305e-05,text,0.20000000298023224,0.13953489065170288,0.1538461595773697
419,pLTX3ipuDJI$_$3,-1.2000000476837158,0.06550180166959763,0.9999657869338989,4.769236056745285e-06,2.941450111393351e-05,text,0.21739129722118378,0.1320754736661911,0.25
262,iiK8YX8oH1E$_$14,-1.2000000476837158,0.3884035348892212,0.9999645948410034,5.455709015222965e-06,2.99098901450634e-05,text,0.1428571492433548,0.05263157933950424,0.1304347813129425
489,tStelxIAHjw$_$10,-0.4000000059604645,0.26770657300949097,0.999977707862854,2.748335418800707e-06,1.9522703951224685e-05,text,0.3333333432674408,0.0,0.190476194024086
86,cXypl4FnoZo$_$5,1.7999999523162842,0.08421633392572403,0.9999750852584839,4.800300757779041e-06,2.0107476302655414e-05,text,0.25,0.16129031777381897,0.10810811072587967
11,c7UH_rxdZv4$_$3,-0.800000011920929,0.4736759662628174,0.9999780654907227,4.413199349073693e-06,1.7577118342160247e-05,text,0.2857142984867096,0.09090909361839294,0.0
507,tmZoasNr4rU$_$12,-2.200000047683716,0.30358585715293884,0.9999799728393555,3.6141912005405175e-06,1.6450292605441064e-05,text,0.30000001192092896,0.1034482792019844,0.08571428805589676
647,yvsjCA6Y5Fc$_$17,-0.6000000238418579,0.1723872721195221,0.9999685287475586,6.663573003606871e-06,2.484541073499713e-05,text,0.20000000298023224,0.16326530277729034,0.050847455859184265
348,lXPQBPVc5Cw$_$7,-2.799999952316284,0.11866183578968048,0.9999548196792603,7.63163643568987e-06,3.758028105949052e-05,text,0.06666667014360428,0.1111111119389534,0.12987013161182404
451,rnaNMUZpvvg$_$1,-2.5999999046325684,0.17587310075759888,0.9999669790267944,4.542010628938442e-06,2.8543199732666835e-05,text,0.1666666716337204,0.04651162773370743,0.19607843458652496
391,nzpVDcQ0ywM$_$15,-0.6000000238418579,0.41873881220817566,0.9999747276306152,4.561497007671278e-06,2.069344191113487e-05,text,0.25,0.0555555559694767,0.04545454680919647
221,f9O3YtZ2VfI$_$15,-1.2000000476837158,0.07329029589891434,0.999977707862854,4.220888968120562e-06,1.8169605027651414e-05,text,0.30000001192092896,0.095238097012043,0.03999999910593033
261,iiK8YX8oH1E$_$15,0.6000000238418579,0.060945942997932434,0.9999659061431885,5.20806588610867e-06,2.8894941351609305e-05,text,0.1875,0.0357142873108387,0.1111111119389534
43,cM3Yna7AavY$_$5,2.799999952316284,0.25580307841300964,0.9999626874923706,5.3103731261217035e-06,3.194055170752108e-05,text,0.1666666716337204,0.04651162773370743,0.17307692766189575
131,d6hH302o4v8$_$28,-1.0,0.2741447985172272,0.9999619722366333,6.418186330847675e-06,3.157286482746713e-05,text,0.1428571492433548,0.1041666641831398,0.12068965286016464
505,tmZoasNr4rU$_$10,-1.7999999523162842,0.021492062136530876,0.9999849796295166,2.0591257907653926e-06,1.3030157788307406e-05,text,0.4166666567325592,0.03999999910593033,0.1785714328289032
335,lXPQBPVc5Cw$_$26,-2.799999952316284,0.24548350274562836,0.9999667406082153,6.397170636773808e-06,2.679209501366131e-05,text,0.1818181872367859,0.1428571492433548,0.09090909361839294
249,fvVhgmXxadc$_$3,-2.200000047683716,0.36486464738845825,0.9999710321426392,4.6006466618564446e-06,2.427101571811363e-05,text,0.20000000298023224,0.09090909361839294,0.1538461595773697
252,fvVhgmXxadc$_$4,-2.799999952316284,0.2606096863746643,0.9999746084213257,4.879679181613028e-06,2.0483294065343216e-05,text,0.1818181872367859,0.125,0.07894736528396606
45,cM3Yna7AavY$_$7,3.0,0.19598476588726044,0.9999674558639526,6.125279924162896e-06,2.6517782316659577e-05,text,0.1111111119389534,0.12162162363529205,0.07500000298023224
107,d3_k5Xpfmik$_$14,2.0,-0.018942294642329216,0.9999622106552124,6.4768782976898365e-06,3.1311581551562995e-05,text,0.10869564861059189,0.1031746044754982,0.10126582533121109
564,vyB00TXsimI$_$11,-0.20000000298023224,0.20815663039684296,0.9999616146087646,5.1516503845050465e-06,3.328435559524223e-05,text,0.13333334028720856,0.0,0.15555556118488312
56,cW1FSBF59ik$_$2,3.0,0.07173306494951248,0.9999673366546631,5.47086528968066e-06,2.7147098080604337e-05,text,0.1666666716337204,0.13084112107753754,0.13953489065170288
592,wMbj6ajWbic$_$8,-0.20000000298023224,0.5260442495346069,0.9999887943267822,2.0109544038859894e-06,9.204270099871792e-06,text,0.5,0.125,0.0714285746216774
443,phBUpBr1hSo$_$7,-1.0,0.048841409385204315,0.9999688863754272,5.514344593393616e-06,2.5605901100789197e-05,text,0.1666666716337204,0.10833333432674408,0.0972222238779068
501,tStelxIAHjw$_$6,1.600000023841858,0.5031939744949341,0.999962568283081,3.3672988593025366e-06,3.410458521102555e-05,text,0.2857142984867096,0.0,0.375
581,wMbj6ajWbic$_$23,1.7999999523162842,0.2122577279806137,0.9999746084213257,3.6804742649110267e-06,2.165696605516132e-05,text,0.2666666805744171,0.06896551698446274,0.1764705926179886
202,f9O3YtZ2VfI$_$20,-0.4000000059604645,0.2644177973270416,0.999964714050293,5.716181931347819e-06,2.9515207643271424e-05,text,0.1666666716337204,0.06060606241226196,0.10256410390138626
411,pLTX3ipuDJI$_$11,0.6000000238418579,0.19548843801021576,0.9999743700027466,4.4379826249496546e-06,2.118206612067297e-05,text,0.1764705926179886,0.06382978707551956,0.07017543911933899
397,ob23OKe5a9Q$_$11,0.800000011920929,0.030725564807653427,0.9999651908874512,5.9780118135677185e-06,2.8895721698063426e-05,text,0.06060606241226196,0.06766917556524277,0.06666667014360428
400,ob23OKe5a9Q$_$12,2.799999952316284,0.26043900847435,0.9999725818634033,4.563567017612513e-06,2.293965189892333e-05,text,0.1818181872367859,0.1071428582072258,0.14705882966518402
354,lXPQBPVc5Cw$_$13,2.799999952316284,0.5594210028648376,0.9999721050262451,6.043510438757949e-06,2.1844572984264232e-05,text,0.25,0.25,0.1111111119389534
439,phBUpBr1hSo$_$3,2.799999952316284,0.2628050148487091,0.9999707937240601,5.669635356753133e-06,2.350406430196017e-05,text,0.2142857164144516,0.19512194395065308,0.12244898080825806
567,vyB00TXsimI$_$12,0.20000000298023224,0.21488945186138153,0.999975323677063,3.869090960506583e-06,2.0840745492023416e-05,text,0.30000001192092896,0.09677419066429138,0.1621621549129486
35,cM3Yna7AavY$_$13,-1.600000023841858,0.3165524899959564,0.9999712705612183,5.86999749430106e-06,2.2873300622450188e-05,text,0.20000000298023224,0.1428571492433548,0.0625
664,zhpQhgha_KU$_$5,-2.200000047683716,0.006393326912075281,0.9999715089797974,5.213899385125842e-06,2.326073263247963e-05,text,0.17391304671764374,0.1388888955116272,0.11627907305955887
508,tmZoasNr4rU$_$15,0.25,0.15133625268936157,0.9999783039093018,4.169930434727576e-06,1.7526270312373526e-05,text,0.25,0.11538461595773697,0.0625
128,d6hH302o4v8$_$21,-2.4000000953674316,0.2253359854221344,0.999981164932251,3.0844705634081038e-06,1.5735922715975903e-05,text,0.3636363744735718,0.03448275849223137,0.05882352963089943
134,d6hH302o4v8$_$41,-2.4000000953674316,0.5586743950843811,0.9999738931655884,5.794293429062236e-06,2.0232211682014167e-05,text,0.25,0.21052631735801697,0.043478261679410934
676,zhpQhgha_KU$_$17,1.75,0.26839178800582886,0.9999673366546631,4.805493972526165e-06,2.7871557904290967e-05,text,0.23076923191547394,0.0555555559694767,0.17142857611179352
8,c7UH_rxdZv4$_$28,-0.800000011920929,0.06469159573316574,0.9999876022338867,1.9929977952415356e-06,1.035739387589274e-05,text,0.4545454680919647,0.09615384787321091,0.12903225421905518
302,k5Y_838nuGo$_$24,0.6000000238418579,0.3401234447956085,0.9999713897705078,5.65915843253606e-06,2.3012196834315546e-05,text,0.2222222238779068,0.2380952388048172,0.1599999964237213
666,zhpQhgha_KU$_$7,1.0,0.4462646543979645,0.9999706745147705,5.329517080099322e-06,2.3947690351633355e-05,text,0.2857142984867096,0.1538461595773697,0.125
162,d6hH302o4v8$_$33,-3.0,0.7406147718429565,0.9999916553497314,1.7688433899820666e-06,6.509474133054027e-06,text,0.6000000238418579,0.2857142984867096,0.125
112,d3_k5Xpfmik$_$1,2.0,0.12538565695285797,0.9999713897705078,5.395502739702351e-06,2.3249131118063815e-05,text,0.1599999964237213,0.11428571492433548,0.0595238097012043
602,wMbj6ajWbic$_$18,-1.0,0.25774574279785156,0.9999743700027466,5.128128577780444e-06,2.0552224668790586e-05,text,0.23529411852359772,0.1489361673593521,0.06122449040412903
268,iiK8YX8oH1E$_$2,1.2000000476837158,0.21932415664196014,0.9999725818634033,4.214150521875126e-06,2.322783984709531e-05,text,0.2142857164144516,0.06666667014360428,0.15789473056793213
155,d6hH302o4v8$_$18,-2.0,0.27165791392326355,0.9999830722808838,3.5753403153648833e-06,1.3313562703842763e-05,text,0.3636363744735718,0.24137930572032928,0.08571428805589676
482,tIrG4oNLFzE$_$5,0.4000000059604645,0.47461262345314026,0.9999607801437378,5.817738383484539e-06,3.331802145112306e-05,text,0.1666666716337204,0.10000000149011612,0.1944444477558136
557,vyB00TXsimI$_$2,-2.4000000953674316,0.11000219732522964,0.9999617338180542,6.555178515554871e-06,3.175212987116538e-05,text,0.07407407462596893,0.10000000149011612,0.1111111119389534
192,etzxEpPuc6I$_$5,0.0,0.09501459449529648,0.999968409538269,5.210453309700824e-06,2.6311594410799444e-05,text,0.17391304671764374,0.0634920671582222,0.09210526198148727
388,nzpVDcQ0ywM$_$10,-1.0,0.0012569819809868932,0.9999762773513794,4.00412909584702e-06,1.964053080882877e-05,text,0.23333333432674408,0.1111111119389534,0.1111111119389534
380,nzpVDcQ0ywM$_$2,-1.600000023841858,0.49791181087493896,0.9999697208404541,5.702087491954444e-06,2.452476110192947e-05,text,0.20000000298023224,0.14705882966518402,0.09756097197532654
163,d6hH302o4v8$_$32,-0.6000000238418579,0.480747789144516,0.9999890327453613,1.9346985027368646e-06,9.035004040924832e-06,text,0.4444444477558136,0.0416666679084301,0.0
440,phBUpBr1hSo$_$2,2.200000047683716,0.6385486721992493,0.9999854564666748,2.336734723940026e-06,1.2211510693305172e-05,text,0.4285714328289032,0.05000000074505806,0.0833333358168602
174,dq3Nf_lMPnE$_$4,-0.4000000059604645,0.06983364373445511,0.9999628067016602,6.120205853221705e-06,3.1083993235370144e-05,text,0.07407407462596893,0.095238097012043,0.13725490868091583
157,d6hH302o4v8$_$30,-2.799999952316284,0.2473623901605606,0.9999924898147583,1.382107257086318e-06,6.097666300775018e-06,text,0.5,0.11764705926179886,0.05000000074505806
619,yDtzw_Y-7RU$_$10,-0.6000000238418579,0.3478131890296936,0.9999750852584839,4.556802650768077e-06,2.0441562810447067e-05,text,0.2222222238779068,0.08695652335882187,0.07407407462596893
399,ob23OKe5a9Q$_$13,1.25,0.2562478482723236,0.9999642372131348,5.5128098210843746e-06,3.0327108106575906e-05,text,0.1764705926179886,0.09615384787321091,0.16129031777381897
486,tIrG4oNLFzE$_$9,-1.0,0.005483791697770357,0.9999765157699585,3.73755642613105e-06,1.9796369087998755e-05,text,0.2083333283662796,0.05747126415371895,0.11538461595773697
238,f_pcplsH_V0$_$4,0.5,0.08416414260864258,0.9999661445617676,5.791033345303731e-06,2.799582580337301e-05,text,0.125,0.11999999731779099,0.12222222238779068
374,nzpVDcQ0ywM$_$20,0.20000000298023224,0.6859967708587646,0.9999855756759644,2.938461875601206e-06,1.1412673302402254e-05,text,0.4000000059604645,0.1818181872367859,0.07692307978868484
381,nzpVDcQ0ywM$_$5,-0.4000000059604645,0.2697239816188812,0.9999754428863525,4.253075076121604e-06,2.0212455638102256e-05,text,0.23076923191547394,0.09090909361839294,0.09615384787321091
682,zhpQhgha_KU$_$35,0.6000000238418579,0.019785376265645027,0.9999703168869019,5.26343274032115e-06,2.447620136081241e-05,text,0.1304347813129425,0.08571428805589676,0.0833333358168602
524,v0zCBqDeKcE$_$11,1.600000023841858,-0.02506415545940399,0.9999761581420898,4.217977220832836e-06,1.9658160454127938e-05,text,0.1875,0.06306306272745132,0.058139536529779434
408,ob23OKe5a9Q$_$6,0.0,-0.009205189533531666,0.9999654293060303,5.701068403141107e-06,2.881004365917761e-05,text,0.1599999964237213,0.09615384787321091,0.1269841343164444
115,d3_k5Xpfmik$_$5,2.200000047683716,0.20001564919948578,0.9999759197235107,4.930382601742167e-06,1.924853859236464e-05,text,0.23076923191547394,0.1818181872367859,0.07500000298023224
528,v0zCBqDeKcE$_$15,2.4000000953674316,0.3838506042957306,0.9999771118164062,5.026347025705036e-06,1.790530950529501e-05,text,0.25,0.1818181872367859,0.05000000074505806
372,nbWiPyCm4g0$_$8,-2.200000047683716,0.025429999455809593,0.9999711513519287,5.235861863184255e-06,2.3600905478815548e-05,text,0.1428571492433548,0.10526315867900848,0.08695652335882187
91,cXypl4FnoZo$_$8,1.399999976158142,0.12377620488405228,0.9999644756317139,5.747288923885208e-06,2.9809878469677642e-05,text,0.1304347813129425,0.056338027119636536,0.1071428582072258
611,yDtzw_Y-7RU$_$2,0.800000011920929,0.1456523984670639,0.9999769926071167,3.931582796212751e-06,1.9061464627156965e-05,text,0.27272728085517883,0.06666667014360428,0.06481481343507767
309,k5Y_838nuGo$_$23,-0.20000000298023224,0.5442847609519958,0.9999791383743286,3.342175887155463e-06,1.7517260857857764e-05,text,0.3333333432674408,0.09090909361839294,0.1428571492433548
160,d6hH302o4v8$_$35,-1.600000023841858,0.2102135717868805,0.9999704360961914,4.810162863577716e-06,2.4844603103701957e-05,text,0.2222222238779068,0.10256410390138626,0.1489361673593521
387,nzpVDcQ0ywM$_$11,0.0,0.13676628470420837,0.9999755620956421,3.930883849534439e-06,2.0515062715276144e-05,text,0.23076923191547394,0.029411764815449715,0.09756097197532654
426,pLTX3ipuDJI$_$8,-2.0,0.0917242020368576,0.9999688863754272,5.54356120119337e-06,2.553330523369368e-05,text,0.14814814925193787,0.06451612710952759,0.054054055362939835
36,cM3Yna7AavY$_$12,-1.0,0.23687617480754852,0.9999667406082153,7.172278401412768e-06,2.6060373784275725e-05,text,0.1428571492433548,0.15217390656471252,0.027027027681469917
14,c7UH_rxdZv4$_$4,1.600000023841858,0.25703302025794983,0.9999698400497437,6.021181889082072e-06,2.4123000912368298e-05,text,0.20000000298023224,0.1764705926179886,0.09836065769195557
628,yvsjCA6Y5Fc$_$20,0.800000011920929,0.4826353192329407,0.9999780654907227,4.4361922846292146e-06,1.7566158931003883e-05,text,0.3333333432674408,0.1599999964237213,0.06666667014360428
485,tIrG4oNLFzE$_$6,1.25,0.1898312270641327,0.9999780654907227,3.373284698682255e-06,1.8550039385445416e-05,text,0.23076923191547394,0.032258063554763794,0.10810811072587967
294,jUzDDGyPkXU$_$13,-0.6000000238418579,0.36977872252464294,0.9999680519104004,5.7918564380088355e-06,2.6155872546951286e-05,text,0.20000000298023224,0.11764705926179886,0.09836065769195557
373,nzpVDcQ0ywM$_$24,1.600000023841858,0.06035778671503067,0.9999836683273315,3.0742407943762373e-06,1.32384284370346e-05,text,0.3333333432674408,0.1071428582072258,0.06060606241226196
135,d6hH302o4v8$_$1,-2.799999952316284,0.3481791019439697,0.9999898672103882,1.507898900854343e-06,8.540328053641133e-06,text,0.5,0.125,0.1666666716337204
319,k5Y_838nuGo$_$9,1.7999999523162842,0.2665981650352478,0.9999858140945435,2.8502836357802153e-06,1.1329144399496727e-05,text,0.375,0.1304347813129425,0.03703703731298447
325,k5Y_838nuGo$_$15,-0.800000011920929,0.07385436445474625,0.9999654293060303,5.351210802473361e-06,2.9259799703140743e-05,text,0.125,0.03703703731298447,0.10769230872392654
236,f_pcplsH_V0$_$2,1.399999976158142,0.18916106224060059,0.999977707862854,3.537679504006519e-06,1.8692582671064883e-05,text,0.2857142984867096,0.06896551698446274,0.11428571492433548
83,cXypl4FnoZo$_$1,1.0,0.1914501041173935,0.9999762773513794,4.59810507891234e-06,1.9086790416622534e-05,text,0.23076923191547394,0.1304347813129425,0.07407407462596893
299,jUzDDGyPkXU$_$16,1.2000000476837158,0.07616840302944183,0.9999732971191406,4.726595761894714e-06,2.187906466133427e-05,text,0.1875,0.09589041024446487,0.09195402264595032
292,jUzDDGyPkXU$_$11,2.4000000953674316,0.061953600496053696,0.9999701976776123,5.1085867198708e-06,2.46790841629263e-05,text,0.1304347813129425,0.0625,0.07692307978868484
684,zhpQhgha_KU$_$33,-0.4000000059604645,0.3042222261428833,0.9999607801437378,6.4962559918058105e-06,3.272907270002179e-05,text,0.125,0.11764705926179886,0.14754098653793335
344,lXPQBPVc5Cw$_$3,-2.4000000953674316,0.35265079140663147,0.9999769926071167,3.2215586998063372e-06,1.9756207620957866e-05,text,0.375,0.03846153989434242,0.16129031777381897
618,yDtzw_Y-7RU$_$11,-1.399999976158142,0.31438836455345154,0.9999644756317139,8.136815267789643e-06,2.741546450124588e-05,text,0.125,0.23529411852359772,0.0714285746216774
416,pLTX3ipuDJI$_$14,-2.0,0.6528280973434448,0.9999853372573853,2.75446473096963e-06,1.193911157315597e-05,text,0.4166666567325592,0.15625,0.07692307978868484
544,vvZ4IcEtiZc$_$3,1.399999976158142,0.0775466188788414,0.9999730587005615,4.324819201428909e-06,2.2604486730415374e-05,text,0.2083333283662796,0.04651162773370743,0.09708737581968307
356,lXPQBPVc5Cw$_$15,-2.799999952316284,0.10367906838655472,0.9999769926071167,4.130484740016982e-06,1.878245166153647e-05,text,0.25,0.10000000149011612,0.0833333358168602
148,d6hH302o4v8$_$13,-2.0,0.23637016117572784,0.9999663829803467,5.5473237807746045e-06,2.8054309950675815e-05,text,0.1666666716337204,0.02631578966975212,0.06060606241226196
413,pLTX3ipuDJI$_$13,-1.399999976158142,0.21318496763706207,0.9999724626541138,4.713408088719007e-06,2.2795149561716244e-05,text,0.125,0.03125,0.05263157933950424
195,etzxEpPuc6I$_$6,0.4000000059604645,0.13122938573360443,0.9999825954437256,2.699213609957951e-06,1.4698768609378021e-05,text,0.3333333432674408,0.02777777798473835,0.09302325546741486
536,v0zCBqDeKcE$_$7,1.399999976158142,0.022835630923509598,0.9999754428863525,4.208804512018105e-06,2.0368594050523825e-05,text,0.25,0.1111111119389534,0.11290322244167328
366,nbWiPyCm4g0$_$2,-2.4000000953674316,0.24312910437583923,0.999967098236084,4.193960648990469e-06,2.8754780942108482e-05,text,0.23076923191547394,0.0,0.18518517911434174
637,yvsjCA6Y5Fc$_$7,-1.7999999523162842,0.20333516597747803,0.9999825954437256,3.463460188868339e-06,1.3917403521190863e-05,text,0.4000000059604645,0.1666666716337204,0.0714285746216774
144,d6hH302o4v8$_$39,-3.0,0.08654380589723587,0.9999821186065674,3.717449772011605e-06,1.413644349668175e-05,text,0.3333333432674408,0.1428571492433548,0.029411764815449715
69,cW1FSBF59ik$_$17,2.4000000953674316,0.5366533994674683,0.9999815225601196,3.238886392864515e-06,1.5255959624482784e-05,text,0.3333333432674408,0.07692307978868484,0.06666667014360428
405,ob23OKe5a9Q$_$5,-1.7999999523162842,-0.02029958739876747,0.9999737739562988,4.7326379899459425e-06,2.1506310076802038e-05,text,0.2083333283662796,0.08695652335882187,0.07246376574039459
301,jUzDDGyPkXU$_$18,-2.4000000953674316,0.3310081362724304,0.9999879598617554,1.9491790226311423e-06,1.0097130143549293e-05,text,0.4285714328289032,0.0833333358168602,0.1034482792019844
85,cXypl4FnoZo$_$2,1.0,0.1329929381608963,0.9999822378158569,3.0223754947655834e-06,1.4816971997788642e-05,text,0.2857142984867096,0.032258063554763794,0.054054055362939835
213,f9O3YtZ2VfI$_$7,-1.2000000476837158,0.2904994487762451,0.9999653100967407,4.5634774323843885e-06,3.0172599508659914e-05,text,0.1818181872367859,0.0,0.1666666716337204
54,cW1FSBF59ik$_$1,-2.5999999046325684,0.022665537893772125,0.9999700784683228,4.830586021853378e-06,2.50201192102395e-05,text,0.13636364042758942,0.05797101557254791,0.10843373835086823
244,fvVhgmXxadc$_$10,0.0,0.36382487416267395,0.9999620914459229,6.6674392655841075e-06,3.1201703677652404e-05,text,0.125,0.125,0.11864406615495682
555,vyB00TXsimI$_$1,0.0,0.25342538952827454,0.999976634979248,3.6943054055882385e-06,1.9717333998414688e-05,text,0.30000001192092896,0.03703703731298447,0.09375
193,etzxEpPuc6I$_$4,0.800000011920929,0.18053624033927917,0.9999527931213379,6.6664179030340165e-06,4.0571085264673457e-05,text,0.09090909361839294,0.07547169923782349,0.19354838132858276
95,cXypl4FnoZo$_$12,2.0,0.40460145473480225,0.9999675750732422,5.77175478611025e-06,2.670179310371168e-05,text,0.20000000298023224,0.095238097012043,0.08163265138864517
384,nzpVDcQ0ywM$_$6,-1.399999976158142,0.21458527445793152,0.9999836683273315,2.4299818051076727e-06,1.3977820344734937e-05,text,0.3636363744735718,0.021276595070958138,0.1071428582072258
70,cW1FSBF59ik$_$16,3.0,0.32784005999565125,0.999970555305481,5.182128461456159e-06,2.428684092592448e-05,text,0.1875,0.07352941483259201,0.0731707289814949
173,dq3Nf_lMPnE$_$5,1.2000000476837158,0.2310742288827896,0.9999746084213257,4.4631319724430796e-06,2.101161953760311e-05,text,0.3333333432674408,0.2083333283662796,0.19230769574642181
352,lXPQBPVc5Cw$_$11,-1.7999999523162842,0.7281649112701416,0.9999861717224121,2.066296474367846e-06,1.1767402611440048e-05,text,0.5,0.2857142984867096,0.3333333432674408
242,f_pcplsH_V0$_$8,0.800000011920929,0.19717122614383698,0.9999761581420898,3.561519179129391e-06,2.0245537598384544e-05,text,0.375,0.07692307978868484,0.16129031777381897
21,c7UH_rxdZv4$_$13,-2.5999999046325684,0.13801053166389465,0.9999768733978271,3.706258439706289e-06,1.9408296793699265e-05,text,0.3333333432674408,0.0625,0.10810811072587967
496,tStelxIAHjw$_$3,0.5,0.7349085211753845,0.9999872446060181,2.45974160861806e-06,1.028556471283082e-05,text,0.4000000059604645,0.13333334028720856,0.05882352963089943
139,d6hH302o4v8$_$4,-1.600000023841858,0.3095859885215759,0.999971866607666,5.106953722133767e-06,2.295226113346871e-05,text,0.25,0.11764705926179886,0.10000000149011612
254,fvVhgmXxadc$_$6,-0.20000000298023224,0.08725269138813019,0.9999663829803467,5.9405783758847974e-06,2.7685506211128086e-05,text,0.1599999964237213,0.1666666716337204,0.1527777761220932
298,jUzDDGyPkXU$_$17,-2.799999952316284,0.6353846192359924,0.9999778270721436,5.317868271959014e-06,1.6862879419932142e-05,text,0.2857142984867096,0.2380952388048172,0.03846153989434242
447,phBUpBr1hSo$_$21,0.800000011920929,0.10097286105155945,0.9999680519104004,6.6210336626681965e-06,2.5233695851056837e-05,text,0.17391304671764374,0.21568627655506134,0.09677419066429138
623,yDtzw_Y-7RU$_$14,2.200000047683716,0.20394568145275116,0.9999691247940063,5.895253252674593e-06,2.498811954865232e-05,text,0.17391304671764374,0.1910112351179123,0.13084112107753754
64,cW1FSBF59ik$_$10,-1.0,0.19215768575668335,0.999966025352478,5.269391749607166e-06,2.8747099349857308e-05,text,0.1666666716337204,0.0833333358168602,0.151162788271904
65,cW1FSBF59ik$_$13,2.0,0.20916816592216492,0.9999672174453735,4.9837876758829225e-06,2.7770416636485606e-05,text,0.21052631735801697,0.08860759437084198,0.13829787075519562
650,yvsjCA6Y5Fc$_$18,-2.200000047683716,-0.04587198421359062,0.9999743700027466,3.993622613052139e-06,2.1602852939395234e-05,text,0.2222222238779068,0.14864864945411682,0.21052631735801697
591,wMbj6ajWbic$_$9,-2.0,0.5088668465614319,0.999987006187439,2.5460394681431353e-06,1.0469427252246533e-05,text,0.5,0.11999999731779099,0.03333333507180214
631,yvsjCA6Y5Fc$_$23,-1.2000000476837158,-0.040087442845106125,0.9999557733535767,7.6225514931138605e-06,3.6563687899615616e-05,text,0.07999999821186066,0.11695906519889832,0.11594203114509583
220,f9O3YtZ2VfI$_$12,-1.7999999523162842,0.2273111790418625,0.9999861717224121,2.706203076741076e-06,1.107095340557862e-05,text,0.4166666567325592,0.1428571492433548,0.03999999910593033
20,c7UH_rxdZv4$_$10,0.800000011920929,-0.009273292496800423,0.9999808073043823,3.037819396922714e-06,1.618855276319664e-05,text,0.2857142984867096,0.1621621549129486,0.20454545319080353
542,vvZ4IcEtiZc$_$12,0.20000000298023224,-0.014910542406141758,0.99997878074646,3.2971940981951775e-06,1.7900491002365015e-05,text,0.2666666805744171,0.0625,0.12195122241973877
250,fvVhgmXxadc$_$2,-2.799999952316284,-0.0020410798024386168,0.999975323677063,3.4882361887866864e-06,2.1233194274827838e-05,text,0.23529411852359772,0.04651162773370743,0.17307692766189575
284,jUzDDGyPkXU$_$3,0.0,0.4952010214328766,0.9999649524688721,4.896768587059341e-06,3.0130146114970557e-05,text,0.2222222238779068,0.1111111119389534,0.25
506,tmZoasNr4rU$_$13,-0.800000011920929,0.24417425692081451,0.9999691247940063,5.017016064812196e-06,2.5832763640210032e-05,text,0.125,0.03999999910593033,0.06896551698446274
490,tStelxIAHjw$_$13,-1.600000023841858,0.5065630674362183,0.9999853372573853,2.5150632154691266e-06,1.2148841051384807e-05,text,0.4285714328289032,0.095238097012043,0.07999999821186066
216,f9O3YtZ2VfI$_$8,-1.7999999523162842,0.291972815990448,0.9999727010726929,4.4365451685735025e-06,2.292541648785118e-05,text,0.27272728085517883,0.1818181872367859,0.22499999403953552
175,dq3Nf_lMPnE$_$7,-2.0,0.4362795054912567,0.9999864101409912,2.495357875886839e-06,1.1117667781945784e-05,text,0.4285714328289032,0.17073170840740204,0.12244898080825806
303,k5Y_838nuGo$_$25,-0.20000000298023224,0.20784178376197815,0.9999722242355347,5.406715445133159e-06,2.2456039005191997e-05,text,0.1428571492433548,0.10638298094272614,0.05263157933950424
590,wMbj6ajWbic$_$6,1.7999999523162842,0.07064740359783173,0.9999743700027466,4.49597882834496e-06,2.110085370077286e-05,text,0.1785714328289032,0.07352941483259201,0.06666667014360428
255,fvVhgmXxadc$_$9,-0.4000000059604645,0.3720139265060425,0.9999682903289795,5.000226792617468e-06,2.671332549653016e-05,text,0.1538461595773697,0.03030303120613098,0.10000000149011612
568,vyB00TXsimI$_$15,2.5999999046325684,0.15173102915287018,0.9999661445617676,5.88100601817132e-06,2.7968764698016457e-05,text,0.10000000149011612,0.10144927352666855,0.10975609719753265
626,yDtzw_Y-7RU$_$19,-1.600000023841858,0.41480907797813416,0.9999852180480957,2.3737450192129472e-06,1.2375193364277948e-05,text,0.4444444477558136,0.0833333358168602,0.1071428582072258
108,d3_k5Xpfmik$_$17,1.600000023841858,0.40910929441452026,0.999974250793457,4.426071427587885e-06,2.1355996068450622e-05,text,0.23076923191547394,0.054054055362939835,0.06818182021379471
231,f_pcplsH_V0$_$12,-0.800000011920929,-0.028803879395127296,0.9999637603759766,6.075740657252027e-06,3.0208628231775947e-05,text,0.14000000059604645,0.10334346443414688,0.10126582533121109
369,nbWiPyCm4g0$_$7,-1.2000000476837158,0.14117564260959625,0.9999732971191406,5.326619884726824e-06,2.131206747435499e-05,text,0.27272728085517883,0.15625,0.07894736528396606
661,zhpQhgha_KU$_$1,-1.600000023841858,0.06255174428224564,0.9999771118164062,4.3868349166586995e-06,1.8491064111003652e-05,text,0.2222222238779068,0.11538461595773697,0.0625
663,zhpQhgha_KU$_$2,1.600000023841858,0.3599447011947632,0.9999700784683228,4.66753317596158e-06,2.5287492462666705e-05,text,0.25,0.09375,0.1538461595773697
577,wMbj6ajWbic$_$27,0.0,0.5000460147857666,0.999971866607666,5.360991508496227e-06,2.2772734155296348e-05,text,0.2222222238779068,0.11999999731779099,0.06896551698446274
395,nzpVDcQ0ywM$_$19,-2.0,0.0829535722732544,0.9999768733978271,4.090464699402219e-06,1.9113487724098377e-05,text,0.25,0.09259258955717087,0.078125
379,nzpVDcQ0ywM$_$3,0.800000011920929,0.11184272915124893,0.9999748468399048,4.000428816652857e-06,2.1078840291011147e-05,text,0.1764705926179886,0.043478261679410934,0.10843373835086823
364,nbWiPyCm4g0$_$1,1.2000000476837158,0.19391518831253052,0.9999794960021973,3.758104639928206e-06,1.668422919465229e-05,text,0.30000001192092896,0.15625,0.12820513546466827
503,tStelxIAHjw$_$8,-2.0,0.3679618537425995,0.9999650716781616,4.812196948478231e-06,3.0189718017936684e-05,text,0.2222222238779068,0.09090909361839294,0.23076923191547394
41,cM3Yna7AavY$_$3,1.0,0.2090769112110138,0.9999755620956421,4.363037987786811e-06,2.0016355847474188e-05,text,0.25,0.12765957415103912,0.1034482792019844
271,iiK8YX8oH1E$_$7,-1.600000023841858,0.40233713388442993,0.9999654293060303,6.114889856689842e-06,2.8511569325928576e-05,text,0.1818181872367859,0.17499999701976776,0.1702127605676651
608,yDtzw_Y-7RU$_$23,2.200000047683716,0.42856132984161377,0.9999634027481079,5.867634627065854e-06,3.0789567972533405e-05,text,0.1666666716337204,0.09375,0.1315789520740509
394,nzpVDcQ0ywM$_$16,1.399999976158142,0.19080697000026703,0.9999738931655884,4.601809450832661e-06,2.1489686332643032e-05,text,0.25,0.09756097197532654,0.10204081982374191
222,f9O3YtZ2VfI$_$14,1.2000000476837158,0.3283134400844574,0.9999690055847168,5.548438366531627e-06,2.5441406251047738e-05,text,0.2222222238779068,0.10000000149011612,0.0833333358168602
674,zhpQhgha_KU$_$15,-2.0,-0.049994055181741714,0.9999752044677734,4.379081019578734e-06,2.043540371232666e-05,text,0.1621621549129486,0.0736842080950737,0.06451612710952759
3,c7UH_rxdZv4$_$27,-1.7999999523162842,0.05410165339708328,0.999974250793457,4.510898179432843e-06,2.1167483282624744e-05,text,0.21739129722118378,0.1066666692495346,0.08943089097738266
360,lXPQBPVc5Cw$_$19,-1.7999999523162842,0.3285634517669678,0.9999761581420898,5.157560735824518e-06,1.8708620700635947e-05,text,0.2222222238779068,0.20000000298023224,0.07999999821186066
423,pLTX3ipuDJI$_$7,0.800000011920929,0.09784255921840668,0.9999779462814331,3.737583028851077e-06,1.840797995100729e-05,text,0.2857142984867096,0.0714285746216774,0.10000000149011612
367,nbWiPyCm4g0$_$5,-1.399999976158142,0.06310541182756424,0.9999711513519287,4.716823696071515e-06,2.4134489649441093e-05,text,0.1944444477558136,0.07407407462596893,0.1041666641831398
586,wMbj6ajWbic$_$2,-0.800000011920929,0.08121956884860992,0.9999741315841675,4.337756763561629e-06,2.1559193555731326e-05,text,0.2380952388048172,0.08433734625577927,0.09000000357627869
594,wMbj6ajWbic$_$10,-1.7999999523162842,0.24328602850437164,0.9999759197235107,3.4056531603710027e-06,2.061623308691196e-05,text,0.27272728085517883,0.05263157933950424,0.1818181872367859
16,c7UH_rxdZv4$_$6,-2.5999999046325684,-0.015155337750911713,0.9999734163284302,4.555952273221919e-06,2.2100433852756396e-05,text,0.23999999463558197,0.0833333358168602,0.09000000357627869
232,f_pcplsH_V0$_$15,-1.0,0.6665343046188354,0.9999905824661255,1.460570388189808e-06,7.95015694166068e-06,text,0.5,0.10655737668275833,0.11428571492433548
479,tIrG4oNLFzE$_$1,2.799999952316284,0.315792977809906,0.9999740123748779,4.149241249251645e-06,2.1777823349111713e-05,text,0.25,0.060975611209869385,0.11224489659070969
126,d6hH302o4v8$_$27,-2.5999999046325684,0.9320403337478638,0.9999864101409912,2.7643834528134903e-06,1.090702153305756e-05,text,0.4000000059604645,0.1111111119389534,0.0
281,jUzDDGyPkXU$_$22,-2.4000000953674316,0.013315374962985516,0.99997878074646,3.4768863770295866e-06,1.777177931217011e-05,text,0.2222222238779068,0.019999999552965164,0.06779661029577255
7,c7UH_rxdZv4$_$23,-0.6000000238418579,0.26695454120635986,0.9999749660491943,5.235302523942664e-06,1.9745109966606833e-05,text,0.25,0.20000000298023224,0.0833333358168602
657,zhpQhgha_KU$_$22,0.6000000238418579,0.2636563777923584,0.9999822378158569,2.8402148473105626e-06,1.4869418009766378e-05,text,0.3636363744735718,0.1111111119389534,0.1428571492433548
151,d6hH302o4v8$_$14,-1.7999999523162842,0.1844361126422882,0.9999635219573975,7.851651389501058e-06,2.8563930754899047e-05,text,0.1428571492433548,0.17241379618644714,0.05714285746216774
158,d6hH302o4v8$_$37,-2.200000047683716,0.6751915216445923,0.9999940395355225,9.674679404270137e-07,4.953244570060633e-06,text,0.75,0.125,0.1111111119389534
464,rnaNMUZpvvg$_$15,-1.600000023841858,0.0658273920416832,0.9999667406082153,6.154258699098136e-06,2.703141944948584e-05,text,0.1315789520740509,0.1358024626970291,0.09090909361839294
358,lXPQBPVc5Cw$_$17,-1.7999999523162842,0.08240970969200134,0.99996018409729,7.062073109409539e-06,3.280480086687021e-05,text,0.10000000149011612,0.1304347813129425,0.1204819306731224
52,cW1FSBF59ik$_$22,-1.0,0.08718013018369675,0.999969482421875,5.2228169806767255e-06,2.526708340155892e-05,text,0.1599999964237213,0.0784313753247261,0.08749999850988388
347,lXPQBPVc5Cw$_$4,-1.2000000476837158,0.05805938318371773,0.9999749660491943,4.376871402200777e-06,2.060516635538079e-05,text,0.1785714328289032,0.10256410390138626,0.07446808367967606
370,nbWiPyCm4g0$_$6,0.0,0.27267903089523315,0.9999725818634033,4.624054326995974e-06,2.2750369680579752e-05,text,0.25,0.0555555559694767,0.06976744532585144
179,etzxEpPuc6I$_$11,-1.600000023841858,0.06842690706253052,0.9999731779098511,5.3410858527058735e-06,2.1426290913950652e-05,text,0.21052631735801697,0.1764705926179886,0.08064515888690948
145,d6hH302o4v8$_$38,-3.0,0.48613670468330383,0.9999885559082031,1.9884716948581627e-06,9.459500688535627e-06,text,0.5714285969734192,0.125,0.1034482792019844
539,v0zCBqDeKcE$_$8,1.7999999523162842,0.0014351812424138188,0.9999779462814331,4.291990535421064e-06,1.7742957425070927e-05,text,0.2666666805744171,0.1041666641831398,0.043478261679410934
286,jUzDDGyPkXU$_$5,-1.2000000476837158,0.09832078218460083,0.9999727010726929,4.46713875135174e-06,2.2930009436095133e-05,text,0.1875,0.06976744532585144,0.11538461595773697
476,tIrG4oNLFzE$_$17,-0.4000000059604645,0.005537974648177624,0.9999653100967407,5.970657639409183e-06,2.8713708161376417e-05,text,0.09090909361839294,0.0824742242693901,0.09401709586381912
141,d6hH302o4v8$_$6,-2.0,0.49686846137046814,0.9999783039093018,3.816965090663871e-06,1.7913238480105065e-05,text,0.2857142984867096,0.05000000074505806,0.0416666679084301
29,c7UH_rxdZv4$_$31,-1.399999976158142,0.06391752511262894,0.9999775886535645,3.953497525799321e-06,1.8425254893372767e-05,text,0.23529411852359772,0.10112359374761581,0.08411215245723724
599,wMbj6ajWbic$_$17,2.0,0.258632630109787,0.9999794960021973,3.4664099075598642e-06,1.70794428413501e-05,text,0.3181818127632141,0.1320754736661911,0.140625
446,phBUpBr1hSo$_$8,-2.200000047683716,-0.01918458566069603,0.9999654293060303,6.31632974545937e-06,2.8201900931890123e-05,text,0.14000000059604645,0.11890243738889694,0.08360128849744797
75,cXypl4FnoZo$_$26,0.6000000238418579,0.4252866208553314,0.9999839067459106,2.5214262677764054e-06,1.3557245438278187e-05,text,0.4285714328289032,0.06666667014360428,0.1111111119389534
93,cXypl4FnoZo$_$10,2.0,0.25091665983200073,0.999974250793457,4.319049367040861e-06,2.1424373699119315e-05,text,0.25,0.12121212482452393,0.12820513546466827
434,phBUpBr1hSo$_$16,-1.600000023841858,0.00904055219143629,0.9999774694442749,3.8012362892914098e-06,1.874736881291028e-05,text,0.2800000011920929,0.0416666679084301,0.06896551698446274
180,etzxEpPuc6I$_$10,-1.399999976158142,0.41937950253486633,0.9999698400497437,5.175664682610659e-06,2.5003080736496486e-05,text,0.25,0.10000000149011612,0.10638298094272614
448,rnaNMUZpvvg$_$20,0.800000011920929,-0.002775224158540368,0.9999692440032959,4.93919742439175e-06,2.5832125174929388e-05,text,0.1599999964237213,0.08130080997943878,0.1111111119389534
79,cXypl4FnoZo$_$22,0.20000000298023224,0.04962915554642677,0.9999632835388184,6.162077170301927e-06,3.053306500078179e-05,text,0.13333334028720856,0.06603773683309555,0.08163265138864517
665,zhpQhgha_KU$_$4,-1.600000023841858,0.4162556231021881,0.9999761581420898,3.886686499754433e-06,1.985014750971459e-05,text,0.25,0.0,0.03703703731298447
668,zhpQhgha_KU$_$9,-1.0,0.06801015883684158,0.9999645948410034,5.324927769834176e-06,3.00010487990221e-05,text,0.1764705926179886,0.02857142873108387,0.11627907305955887
321,k5Y_838nuGo$_$11,0.5,0.08251148462295532,0.999981164932251,2.6021796202257974e-06,1.620415787328966e-05,text,0.375,0.05882352963089943,0.19512194395065308
246,fvVhgmXxadc$_$12,0.0,0.29351112246513367,0.9999704360961914,5.327895451046061e-06,2.4197184757213108e-05,text,0.190476194024086,0.11363636702299118,0.07547169923782349
406,ob23OKe5a9Q$_$4,-1.5,0.9038827419281006,0.999983549118042,2.919172402471304e-06,1.3643766578752548e-05,text,0.4000000059604645,0.14814814925193787,0.12121212482452393
76,cXypl4FnoZo$_$27,0.800000011920929,0.24489103257656097,0.9999632835388184,7.179452950367704e-06,2.957295328087639e-05,text,0.1428571492433548,0.15000000596046448,0.0833333358168602
50,cW1FSBF59ik$_$20,2.5,0.2582363784313202,0.999976634979248,4.185425950709032e-06,1.9165283447364345e-05,text,0.27272728085517883,0.12280701845884323,0.08695652335882187
386,nzpVDcQ0ywM$_$8,2.0,0.09270400553941727,0.9999760389328003,5.075953140476486e-06,1.8824790458893403e-05,text,0.2142857164144516,0.18000000715255737,0.05000000074505806
206,f9O3YtZ2VfI$_$28,1.2000000476837158,0.5890794396400452,0.9999728202819824,5.136068921274273e-06,2.2058138711145148e-05,text,0.25,0.16129031777381897,0.10000000149011612
324,k5Y_838nuGo$_$12,0.20000000298023224,-0.031765472143888474,0.9999790191650391,3.988312982983189e-06,1.703153429843951e-05,text,0.21052631735801697,0.1111111119389534,0.0555555559694767
97,cXypl4FnoZo$_$14,-0.6000000238418579,0.08208301663398743,0.9999698400497437,4.960626938554924e-06,2.5121007638517767e-05,text,0.2068965584039688,0.0810810774564743,0.10112359374761581
28,c7UH_rxdZv4$_$18,-2.25,0.20970043540000916,0.9999691247940063,5.512142706720624e-06,2.5365676265209913e-05,text,0.13333334028720856,0.12068965286016464,0.11594203114509583
111,d3_k5Xpfmik$_$18,0.800000011920929,0.2874022126197815,0.9999716281890869,4.930944214720512e-06,2.3542514099972323e-05,text,0.1428571492433548,0.054054055362939835,0.06818182021379471
101,cXypl4FnoZo$_$18,-0.25,0.0975002646446228,0.9999666213989258,6.195314199430868e-06,2.716634662647266e-05,text,0.1428571492433548,0.10958904027938843,0.05747126415371895
383,nzpVDcQ0ywM$_$7,-1.0,0.6678463816642761,0.9999897480010986,1.6781511931185378e-06,8.618923857284244e-06,text,0.5,0.09090909361839294,0.1111111119389534
330,k5Y_838nuGo$_$18,0.4000000059604645,0.6011841297149658,0.999969482421875,6.083608695917064e-06,2.4429607947240584e-05,text,0.25,0.23529411852359772,0.15000000596046448
260,iiK8YX8oH1E$_$12,1.7999999523162842,0.3049856722354889,0.999980092048645,3.3027440622390714e-06,1.655154483160004e-05,text,0.30000001192092896,0.06666667014360428,0.10526315867900848
652,zhpQhgha_KU$_$25,1.0,0.13508440554141998,0.9999701976776123,4.546406216832111e-06,2.527105425542686e-05,text,0.25,0.11764705926179886,0.18918919563293457
340,lXPQBPVc5Cw$_$23,-2.4000000953674316,0.04339483380317688,0.9999756813049316,3.7240577057673363e-06,2.0590410713339224e-05,text,0.2666666805744171,0.043478261679410934,0.1071428582072258
136,d6hH302o4v8$_$3,0.20000000298023224,0.12287453562021255,0.9999678134918213,4.877347237197682e-06,2.7284253519610502e-05,text,0.2222222238779068,0.06122449040412903,0.13793103396892548
368,nbWiPyCm4g0$_$4,-2.200000047683716,0.029608475044369698,0.9999650716781616,5.840149242430925e-06,2.9049506338196807e-05,text,0.1627907007932663,0.11811023950576782,0.125
629,yvsjCA6Y5Fc$_$21,-1.7999999523162842,0.06208342686295509,0.9999738931655884,4.6260765884653665e-06,2.1430863853311166e-05,text,0.20000000298023224,0.09090909361839294,0.07619047909975052
677,zhpQhgha_KU$_$16,1.7999999523162842,0.232548326253891,0.9999663829803467,6.597819719900144e-06,2.7081958251073956e-05,text,0.125,0.15217390656471252,0.09090909361839294
583,wMbj6ajWbic$_$29,1.7999999523162842,0.14272120594978333,0.9999749660491943,4.92023218612303e-06,2.0173565644654445e-05,text,0.1666666716337204,0.07894736528396606,0.02222222276031971
385,nzpVDcQ0ywM$_$9,-2.200000047683716,0.0920659601688385,0.9999639987945557,5.93565482631675e-06,3.0054468879825436e-05,text,0.11999999731779099,0.11224489659070969,0.12820513546466827
217,f9O3YtZ2VfI$_$11,-0.800000011920929,0.3586304485797882,0.9999722242355347,4.927746431349078e-06,2.288346877321601e-05,text,0.2222222238779068,0.05882352963089943,0.0476190485060215
449,rnaNMUZpvvg$_$21,-2.5999999046325684,0.10240349173545837,0.9999732971191406,4.5211095311969984e-06,2.2124175302451476e-05,text,0.22727273404598236,0.06666667014360428,0.0833333358168602
460,rnaNMUZpvvg$_$11,-2.5999999046325684,0.10513322800397873,0.9999779462814331,4.017044830106897e-06,1.795099160517566e-05,text,0.3333333432674408,0.07894736528396606,0.04444444552063942
533,v0zCBqDeKcE$_$2,-0.4000000059604645,0.22387291491031647,0.9999740123748779,4.520267793850508e-06,2.151546323148068e-05,text,0.27272728085517883,0.06060606241226196,0.07500000298023224
263,iiK8YX8oH1E$_$17,1.600000023841858,0.12745535373687744,0.9999830722808838,3.2555767575104255e-06,1.3750112884736154e-05,text,0.3333333432674408,0.07999999821186066,0.03448275849223137
553,vyB00TXsimI$_$21,1.2000000476837158,0.45230334997177124,0.9999712705612183,5.611450887954561e-06,2.3090386093826964e-05,text,0.1818181872367859,0.1428571492433548,0.0714285746216774
546,vvZ4IcEtiZc$_$5,1.2000000476837158,0.3550604581832886,0.9999701976776123,5.551435151573969e-06,2.4219940314651467e-05,text,0.23076923191547394,0.1388888955116272,0.09302325546741486
606,yDtzw_Y-7RU$_$21,0.20000000298023224,0.16728229820728302,0.9999568462371826,6.287559699558187e-06,3.678961729747243e-05,text,0.13333334028720856,0.03448275849223137,0.1428571492433548
96,cXypl4FnoZo$_$15,0.0,0.0815172791481018,0.9999681711196899,5.388959380070446e-06,2.6464722395758145e-05,text,0.125,0.0941176488995552,0.09803921729326248
241,f_pcplsH_V0$_$9,-2.4000000953674316,0.5584744215011597,0.9999908208847046,1.4984332210588036e-06,7.625596026628045e-06,text,0.5,0.0,0.0
465,rnaNMUZpvvg$_$14,-2.5999999046325684,-0.011542325839400291,0.9999871253967285,1.913751248139306e-06,1.1023743354598992e-05,text,0.4375,0.07692307978868484,0.14516128599643707
320,k5Y_838nuGo$_$8,-1.399999976158142,0.16501779854297638,0.9999759197235107,3.981110694439849e-06,2.0128674805164337e-05,text,0.2142857164144516,0.06666667014360428,0.1111111119389534
625,yDtzw_Y-7RU$_$16,0.6000000238418579,0.11504378914833069,0.9999747276306152,4.2092351577593945e-06,2.1129333617864177e-05,text,0.23529411852359772,0.08139535039663315,0.10679611563682556
60,cW1FSBF59ik$_$6,1.2000000476837158,0.3370264768600464,0.9999890327453613,1.9136452920065494e-06,9.043211321113631e-06,text,0.5,0.1538461595773697,0.13333334028720856
604,yDtzw_Y-7RU$_$24,-0.800000011920929,0.6551618576049805,0.9999722242355347,5.3496091823035385e-06,2.241461697849445e-05,text,0.2222222238779068,0.0625,0.0
678,zhpQhgha_KU$_$19,-0.800000011920929,0.23966871201992035,0.9999727010726929,5.413358394434908e-06,2.1880678104935214e-05,text,0.1875,0.095238097012043,0.0
681,zhpQhgha_KU$_$30,-2.0,0.38964033126831055,0.9999505281448364,7.704777090111747e-06,4.173938577878289e-05,text,0.1428571492433548,0.20000000298023224,0.25
208,f9O3YtZ2VfI$_$1,-1.2000000476837158,0.20258919894695282,0.9999840259552002,2.5028330128407106e-06,1.3501945431926288e-05,text,0.4444444477558136,0.1428571492433548,0.1764705926179886
610,yDtzw_Y-7RU$_$3,0.75,0.2145736813545227,0.9999679327011108,6.321703040157445e-06,2.572198718553409e-05,text,0.1428571492433548,0.1525423675775528,0.08571428805589676
654,zhpQhgha_KU$_$27,0.800000011920929,0.3264572024345398,0.9999716281890869,4.4042740228178445e-06,2.400531229795888e-05,text,0.20000000298023224,0.0,0.0714285746216774
334,lXPQBPVc5Cw$_$25,-2.4000000953674316,0.006939004175364971,0.999971866607666,3.7419863474497106e-06,2.4416995074716397e-05,text,0.260869562625885,0.08474576473236084,0.2195121943950653
207,f9O3YtZ2VfI$_$29,-2.0,0.4833950698375702,0.9999761581420898,4.1726866584212985e-06,1.970286939467769e-05,text,0.25,0.09090909361839294,0.07594936341047287
82,cXypl4FnoZo$_$29,-1.399999976158142,0.5048788189888,0.9999804496765137,3.3972476103372173e-06,1.624144715606235e-05,text,0.2857142984867096,0.0,0.0
47,cM3Yna7AavY$_$9,-0.20000000298023224,0.12348214536905289,0.9999740123748779,4.183754754194524e-06,2.1755507987109013e-05,text,0.2777777910232544,0.10958904027938843,0.14942528307437897
277,jUzDDGyPkXU$_$26,-2.0,-0.020824136212468147,0.9999852180480957,2.335789304197533e-06,1.2429577509465162e-05,text,0.36000001430511475,0.04444444552063942,0.09090909361839294
31,c7UH_rxdZv4$_$33,-1.7999999523162842,0.4956057667732239,0.9999825954437256,2.820519284796319e-06,1.456433892599307e-05,text,0.3333333432674408,0.06666667014360428,0.1111111119389534
147,d6hH302o4v8$_$10,-1.2000000476837158,0.2896101474761963,0.9999693632125854,4.584914677252527e-06,2.605077861517202e-05,text,0.1818181872367859,0.0,0.09090909361839294
264,iiK8YX8oH1E$_$16,0.0,0.2711934745311737,0.9999833106994629,2.905576138800825e-06,1.3819185369357001e-05,text,0.375,0.0714285746216774,0.0625
78,cXypl4FnoZo$_$21,-0.6000000238418579,0.023645857349038124,0.9999688863754272,4.968126177118393e-06,2.6092015104950406e-05,text,0.190476194024086,0.09677419066429138,0.1621621549129486
105,d3_k5Xpfmik$_$12,2.0,0.10118494182825089,0.9999657869338989,6.053446213627467e-06,2.8152142476756126e-05,text,0.0833333358168602,0.10000000149011612,0.09859155118465424
280,jUzDDGyPkXU$_$21,-1.0,0.13376574218273163,0.9999699592590332,4.880917913396843e-06,2.513735853426624e-05,text,0.1875,0.08571428805589676,0.1428571492433548
670,zhpQhgha_KU$_$11,-2.4000000953674316,0.41438010334968567,0.9999847412109375,2.164461875509005e-06,1.3087854313198477e-05,text,0.3333333432674408,0.02083333395421505,0.125
671,zhpQhgha_KU$_$10,0.6000000238418579,0.02627003751695156,0.9999674558639526,5.457972747535678e-06,2.7002350179827772e-05,text,0.14705882966518402,0.10891088843345642,0.1111111119389534
407,ob23OKe5a9Q$_$7,0.6000000238418579,0.059908460825681686,0.9999737739562988,4.568554686557036e-06,2.168075297959149e-05,text,0.23529411852359772,0.1041666641831398,0.08620689809322357
272,iiK8YX8oH1E$_$6,0.20000000298023224,0.46122482419013977,0.9999804496765137,4.367359451862285e-06,1.5160321709117852e-05,text,0.2857142984867096,0.20000000298023224,0.0555555559694767
166,dq3Nf_lMPnE$_$13,-1.2000000476837158,0.05000016838312149,0.9999697208404541,5.616994712909218e-06,2.468140155542642e-05,text,0.15000000596046448,0.12903225421905518,0.06951871514320374
130,d6hH302o4v8$_$23,-2.5999999046325684,0.3641262650489807,0.9999744892120361,4.569638349494198e-06,2.092315480695106e-05,text,0.2222222238779068,0.11764705926179886,0.10000000149011612
58,cW1FSBF59ik$_$4,1.600000023841858,0.11747747659683228,0.9999641180038452,6.9931238613207825e-06,2.8856944481958635e-05,text,0.0833333358168602,0.1265822798013687,0.04615384712815285
643,yvsjCA6Y5Fc$_$13,-2.0,0.19119161367416382,0.9999805688858032,3.256624495406868e-06,1.616201552678831e-05,text,0.3333333432674408,0.1489361673593521,0.1428571492433548
129,d6hH302o4v8$_$22,-1.0,0.5910024642944336,0.9999673366546631,5.0773319344443735e-06,2.7571628379519098e-05,text,0.2222222238779068,0.0810810774564743,0.14814814925193787
311,k5Y_838nuGo$_$29,-0.75,0.00814939383417368,0.9999788999557495,3.765802148336661e-06,1.7243473848793656e-05,text,0.2666666805744171,0.125,0.10526315867900848
471,tIrG4oNLFzE$_$10,-1.7999999523162842,0.20961639285087585,0.9999606609344482,5.951159437245224e-06,3.3415548386983573e-05,text,0.13333334028720856,0.03703703731298447,0.125
32,c7UH_rxdZv4$_$32,-2.200000047683716,0.8200761079788208,0.9999792575836182,3.2963218927761773e-06,1.734600300551392e-05,text,0.3333333432674408,0.05000000074505806,0.08695652335882187
418,pLTX3ipuDJI$_$1,-2.4000000953674316,0.09965132921934128,0.9999781847000122,4.149630512984004e-06,1.7682454199530184e-05,text,0.23529411852359772,0.1071428582072258,0.04477611929178238
436,phBUpBr1hSo$_$18,0.800000011920929,0.42044442892074585,0.9999703168869019,3.835424195131054e-06,2.588367169664707e-05,text,0.25,0.0,0.1764705926179886
42,cM3Yna7AavY$_$2,2.5,0.21072225272655487,0.9999734163284302,5.1208176046202425e-06,2.1411366105894558e-05,text,0.1428571492433548,0.11538461595773697,0.06666667014360428
442,phBUpBr1hSo$_$4,-0.800000011920929,-0.019693799316883087,0.9999784231185913,3.368466650499613e-06,1.8188913600170054e-05,text,0.25,0.0,0.0535714291036129
540,vvZ4IcEtiZc$_$11,1.600000023841858,0.35305050015449524,0.9999822378158569,3.3892829378601164e-06,1.4453611584031023e-05,text,0.3333333432674408,0.1666666716337204,0.10000000149011612
345,lXPQBPVc5Cw$_$2,-2.200000047683716,0.3579988181591034,0.9999706745147705,6.168956133478787e-06,2.310574745933991e-05,text,0.1538461595773697,0.15000000596046448,0.0357142873108387
433,phBUpBr1hSo$_$17,2.0,0.1059754267334938,0.9999678134918213,6.302330803009681e-06,2.5921497581293806e-05,text,0.10000000149011612,0.14705882966518402,0.08641975373029709
559,vyB00TXsimI$_$4,1.7999999523162842,0.3935199975967407,0.9999814033508301,3.1705444598628674e-06,1.5370746041298844e-05,text,0.3333333432674408,0.06451612710952759,0.07894736528396606
630,yvsjCA6Y5Fc$_$22,-1.600000023841858,0.4718705415725708,0.9999747276306152,5.606212198472349e-06,1.9655939468066208e-05,text,0.2857142984867096,0.2142857164144516,0.05882352963089943
178,dq3Nf_lMPnE$_$8,0.6000000238418579,0.14566156268119812,0.9999740123748779,4.407124833960552e-06,2.152457454940304e-05,text,0.20000000298023224,0.09090909361839294,0.11538461595773697
296,jUzDDGyPkXU$_$15,1.3333333730697632,-0.017378872260451317,0.9999809265136719,3.079514272030792e-06,1.5919405996100977e-05,text,0.29411765933036804,0.11363636702299118,0.15094339847564697
659,zhpQhgha_KU$_$28,1.399999976158142,0.2815732955932617,0.999976396560669,4.0308464122063015e-06,1.9595909179770388e-05,text,0.27272728085517883,0.0714285746216774,0.0882352963089943
346,lXPQBPVc5Cw$_$5,-1.0,0.10920588672161102,0.9999843835830688,2.669932655408047e-06,1.2978594895685092e-05,text,0.3214285671710968,0.06578947603702545,0.054347824305295944
336,lXPQBPVc5Cw$_$27,-2.799999952316284,0.35513895750045776,0.9999599456787109,8.026321665965952e-06,3.204034874215722e-05,text,0.125,0.19354838132858276,0.10526315867900848
307,k5Y_838nuGo$_$21,-0.20000000298023224,0.12443181872367859,0.999976396560669,3.166636361129349e-06,2.0348868929431774e-05,text,0.3333333432674408,0.04545454680919647,0.18518517911434174
655,zhpQhgha_KU$_$20,-1.399999976158142,0.3502478003501892,0.9999815225601196,3.312378794362303e-06,1.5191845704976004e-05,text,0.3333333432674408,0.0714285746216774,0.0625
186,etzxEpPuc6I$_$16,-2.4000000953674316,0.15057601034641266,0.9999784231185913,3.704825985550997e-06,1.7865571862785146e-05,text,0.25,0.0555555559694767,0.06976744532585144
450,rnaNMUZpvvg$_$22,-2.200000047683716,0.036762237548828125,0.9999724626541138,5.108228378958302e-06,2.244077950308565e-05,text,0.17241379618644714,0.125,0.06896551698446274
164,dq3Nf_lMPnE$_$11,-0.6000000238418579,0.002370969858020544,0.9999773502349854,4.2911278796964325e-06,1.837700983742252e-05,text,0.22727273404598236,0.1111111119389534,0.06578947603702545
376,nzpVDcQ0ywM$_$22,2.0,0.294954389333725,0.999984622001648,2.6340630938648246e-06,1.2759215678670444e-05,text,0.3333333432674408,0.0,0.0
579,wMbj6ajWbic$_$21,1.600000023841858,0.15647539496421814,0.9999691247940063,4.67569998363615e-06,2.6276207790942863e-05,text,0.11764705926179886,0.05128205195069313,0.1489361673593521
113,d3_k5Xpfmik$_$3,2.0,0.27944326400756836,0.9999721050262451,5.205104116612347e-06,2.2693628125125542e-05,text,0.1538461595773697,0.10526315867900848,0.07352941483259201
669,zhpQhgha_KU$_$8,-1.0,0.22979380190372467,0.999968409538269,5.720828539779177e-06,2.5912369892466813e-05,text,0.13333334028720856,0.12195122241973877,0.10204081982374191
274,iiK8YX8oH1E$_$8,-1.0,0.26261135935783386,0.9999703168869019,5.020123353460804e-06,2.4734197722864337e-05,text,0.1666666716337204,0.125,0.15789473056793213
143,d6hH302o4v8$_$8,-2.200000047683716,0.665291965007782,0.9999819993972778,3.2246887258224888e-06,1.4835065485385712e-05,text,0.3333333432674408,0.1111111119389534,0.09090909361839294
600,wMbj6ajWbic$_$16,-0.4000000059604645,0.06982274353504181,0.9999662637710571,6.464439138653688e-06,2.735722046054434e-05,text,0.11999999731779099,0.11267605423927307,0.05882352963089943
560,vyB00TXsimI$_$7,2.4000000953674316,0.25984105467796326,0.9999687671661377,6.681959348497912e-06,2.4553148250561208e-05,text,0.25,0.29729729890823364,0.15555556118488312
357,lXPQBPVc5Cw$_$14,-2.200000047683716,0.2876645028591156,0.9999771118164062,4.101489139429759e-06,1.8815926523529924e-05,text,0.27272728085517883,0.1111111119389534,0.07999999821186066
566,vyB00TXsimI$_$13,2.4000000953674316,0.3592662513256073,0.9999719858169556,4.166561211604858e-06,2.3892904209787957e-05,text,0.2222222238779068,0.0,0.095238097012043
521,tmZoasNr4rU$_$6,-1.7999999523162842,0.3458062410354614,0.9999796152114868,3.4254835554747842e-06,1.6943929949775338e-05,text,0.3333333432674408,0.10958904027938843,0.12643678486347198
149,d6hH302o4v8$_$12,1.399999976158142,0.3151146173477173,0.9999761581420898,2.9109442039043643e-06,2.0979776309104636e-05,text,0.3333333432674408,0.0,0.20000000298023224
445,phBUpBr1hSo$_$9,-2.0,-0.038089849054813385,0.9999661445617676,5.618153409159277e-06,2.822963688231539e-05,text,0.11999999731779099,0.07746478915214539,0.1111111119389534
333,lXPQBPVc5Cw$_$24,-1.399999976158142,0.42481371760368347,0.9999673366546631,5.151581262907712e-06,2.7576388674788177e-05,text,0.2857142984867096,0.1428571492433548,0.20000000298023224
26,c7UH_rxdZv4$_$16,-2.0,0.47593075037002563,0.9999904632568359,1.8737466689344728e-06,7.639321665919852e-06,text,0.6000000238418579,0.1818181872367859,0.07692307978868484
92,cXypl4FnoZo$_$11,1.399999976158142,-0.03330428525805473,0.9999607801437378,6.282045887928689e-06,3.290583845227957e-05,text,0.12903225421905518,0.0517241396009922,0.10204081982374191
343,lXPQBPVc5Cw$_$1,0.20000000298023224,0.18358980119228363,0.999976396560669,4.483903467189521e-06,1.9093109585810453e-05,text,0.2222222238779068,0.12244898080825806,0.050847455859184265
605,yDtzw_Y-7RU$_$20,-0.6000000238418579,0.03386274352669716,0.9999836683273315,2.7798148494184716e-06,1.3631074580189306e-05,text,0.3333333432674408,0.07692307978868484,0.09677419066429138
98,cXypl4FnoZo$_$17,-0.6000000238418579,0.0678858831524849,0.9999823570251465,3.3333567444060463e-06,1.4311078302853275e-05,text,0.3076923191547394,0.13793103396892548,0.08571428805589676
550,vvZ4IcEtiZc$_$9,2.200000047683716,0.013121474534273148,0.9999650716781616,5.779639650427271e-06,2.9233600798761472e-05,text,0.09375,0.08602150529623032,0.10810811072587967
328,k5Y_838nuGo$_$16,0.25,0.42429420351982117,0.9999818801879883,3.698653699757415e-06,1.4398206076293718e-05,text,0.375,0.21052631735801697,0.09090909361839294
24,c7UH_rxdZv4$_$14,1.2000000476837158,0.5015869736671448,0.999985933303833,2.6702498416852904e-06,1.1449110388639383e-05,text,0.375,0.1458333283662796,0.06896551698446274
317,k5Y_838nuGo$_$7,-2.4000000953674316,0.32019317150115967,0.9999663829803467,5.114163741382072e-06,2.8548218324431218e-05,text,0.20000000298023224,0.0555555559694767,0.13636364042758942
495,tStelxIAHjw$_$1,0.0,0.13092079758644104,0.9999693632125854,4.608398285199655e-06,2.602726272016298e-05,text,0.1666666716337204,0.08695652335882187,0.16867469251155853
414,pLTX3ipuDJI$_$12,-2.0,0.03226270526647568,0.9999688863754272,5.314083864504937e-06,2.5727653337526135e-05,text,0.1944444477558136,0.13636364042758942,0.13793103396892548
172,dq3Nf_lMPnE$_$2,-1.399999976158142,0.31185826659202576,0.9999693632125854,4.838540462515084e-06,2.572138691903092e-05,text,0.23076923191547394,0.125,0.18421052396297455
561,vyB00TXsimI$_$6,2.0,-0.007917065173387527,0.9999690055847168,5.114673967909766e-06,2.58738382399315e-05,text,0.1304347813129425,0.07894736528396606,0.1195652186870575
146,d6hH302o4v8$_$11,-1.0,0.4065244495868683,0.9999722242355347,5.564077582675964e-06,2.2124026145320386e-05,text,0.20000000298023224,0.1428571492433548,0.04878048598766327
653,zhpQhgha_KU$_$26,0.0,0.25762152671813965,0.9999622106552124,5.8587256717146374e-06,3.198223203071393e-05,text,0.1538461595773697,0.0476190485060215,0.11999999731779099
617,yDtzw_Y-7RU$_$8,-1.5,0.2607562243938446,0.999984622001648,2.9502127745217877e-06,1.2431526556611061e-05,text,0.4285714328289032,0.125,0.05263157933950424
685,zhpQhgha_KU$_$32,0.800000011920929,0.19401028752326965,0.999963641166687,6.382148967531975e-06,2.992247391375713e-05,text,0.10000000149011612,0.0793650820851326,0.07894736528396606
513,tmZoasNr4rU$_$18,0.0,0.3233592212200165,0.9999784231185913,2.95424342766637e-06,1.8568825908005238e-05,text,0.3333333432674408,0.0,0.13333334028720856
63,cW1FSBF59ik$_$11,-1.0,0.003155600046738982,0.9999836683273315,2.455069306961377e-06,1.3770894838671666e-05,text,0.3529411852359772,0.07058823853731155,0.1456310749053955
122,d6hH302o4v8$_$43,-2.5,0.25073564052581787,0.9999738931655884,4.246179287292762e-06,2.178259819629602e-05,text,0.23076923191547394,0.0625,0.10526315867900848
40,cM3Yna7AavY$_$1,2.200000047683716,0.008878995664417744,0.9999752044677734,4.090402853762498e-06,2.0703837435576133e-05,text,0.20000000298023224,0.05000000074505806,0.08421052992343903
293,jUzDDGyPkXU$_$10,2.4000000953674316,0.030128542333841324,0.9999674558639526,6.063971795811085e-06,2.651490103744436e-05,text,0.1428571492433548,0.11864406615495682,0.09433962404727936
300,jUzDDGyPkXU$_$19,2.200000047683716,0.30295926332473755,0.9999775886535645,3.87452746508643e-06,1.8468954294803552e-05,text,0.30000001192092896,0.05714285746216774,0.0731707289814949
167,dq3Nf_lMPnE$_$12,-1.600000023841858,0.21916434168815613,0.9999762773513794,4.317229922889965e-06,1.9378287106519565e-05,text,0.2142857164144516,0.07692307978868484,0.06451612710952759
19,c7UH_rxdZv4$_$11,1.0,0.08852308988571167,0.9999830722808838,2.7249448066868354e-06,1.4154830751067493e-05,text,0.3333333432674408,0.05000000074505806,0.08510638028383255
168,dq3Nf_lMPnE$_$15,1.0,0.23258598148822784,0.9999568462371826,6.119597401266219e-06,3.711870522238314e-05,text,0.11764705926179886,0.11864406615495682,0.25
371,nbWiPyCm4g0$_$9,-1.399999976158142,0.004409354645758867,0.9999643564224243,5.669620350090554e-06,2.98666454909835e-05,text,0.125,0.042553190141916275,0.1071428582072258
332,k5Y_838nuGo$_$30,1.600000023841858,0.24161715805530548,0.9999722242355347,5.320232503436273e-06,2.2464564608526416e-05,text,0.1666666716337204,0.1428571492433548,0.09756097197532654
196,etzxEpPuc6I$_$9,-2.799999952316284,0.14702816307544708,0.9999734163284302,4.3493355406099e-06,2.2241973056225106e-05,text,0.2857142984867096,0.1111111119389534,0.13333334028720856
613,yDtzw_Y-7RU$_$4,-1.0,0.19611594080924988,0.9999691247940063,5.068913196737412e-06,2.577063423814252e-05,text,0.1666666716337204,0.078125,0.1184210553765297
569,vyB00TXsimI$_$14,2.0,0.2891762852668762,0.9999691247940063,4.558788077702047e-06,2.639276317495387e-05,text,0.1818181872367859,0.0,0.10000000149011612
549,vvZ4IcEtiZc$_$6,1.0,0.036680642515420914,0.9999754428863525,4.692199127021013e-06,1.9943852748838253e-05,text,0.1666666716337204,0.056338027119636536,0.01666666753590107
88,cXypl4FnoZo$_$7,-1.0,0.12486287951469421,0.9999715089797974,5.939487436990021e-06,2.253656020911876e-05,text,0.25,0.1818181872367859,0.07407407462596893
638,yvsjCA6Y5Fc$_$6,0.0,0.15660221874713898,0.9999723434448242,4.580339464155259e-06,2.317190228495747e-05,text,0.27272728085517883,0.095238097012043,0.125
424,pLTX3ipuDJI$_$6,-1.399999976158142,0.08857080340385437,0.9999712705612183,5.317909653967945e-06,2.3370503186015412e-05,text,0.20000000298023224,0.1320754736661911,0.09375
350,lXPQBPVc5Cw$_$9,-2.5999999046325684,0.006555655039846897,0.9999707937240601,4.122985501453513e-06,2.5071825803024694e-05,text,0.1875,0.0731707289814949,0.1734693944454193
453,rnaNMUZpvvg$_$2,2.25,0.33363986015319824,0.9999653100967407,5.7829047364066355e-06,2.8846659915870987e-05,text,0.2222222238779068,0.11764705926179886,0.1428571492433548
73,cXypl4FnoZo$_$24,0.20000000298023224,-0.04799846187233925,0.9999593496322632,7.744847607682459e-06,3.2880885555641726e-05,text,0.11999999731779099,0.18691588938236237,0.1111111119389534
565,vyB00TXsimI$_$10,1.3333333730697632,0.2990456819534302,0.9999741315841675,4.8374931793659925e-06,2.0954017600161023e-05,text,0.1818181872367859,0.06451612710952759,0.027027027681469917
511,tmZoasNr4rU$_$16,-1.399999976158142,0.09083081781864166,0.9999798536300659,4.37168637290597e-06,1.577459079271648e-05,text,0.2666666805744171,0.1875,0.02631578966975212
514,tmZoasNr4rU$_$20,-1.0,0.07998614758253098,0.9999806880950928,3.6253575217415346e-06,1.5683763194829226e-05,text,0.30000001192092896,0.12820513546466827,0.0625
257,iiK8YX8oH1E$_$11,1.0,0.08246365934610367,0.9999775886535645,3.5287164337205468e-06,1.880482886917889e-05,text,0.19230769574642181,0.06329113990068436,0.11702127754688263
499,tStelxIAHjw$_$4,-2.799999952316284,0.07368249446153641,0.999972939491272,4.2382375795568805e-06,2.2801095838076435e-05,text,0.18518517911434174,0.03703703731298447,0.10309278219938278
259,iiK8YX8oH1E$_$13,-2.0,0.22301830351352692,0.99997878074646,3.86739657187718e-06,1.7455635315855034e-05,text,0.27272728085517883,0.06666667014360428,0.0555555559694767
137,d6hH302o4v8$_$2,-1.7999999523162842,0.14508618414402008,0.9999765157699585,3.4075494568241993e-06,2.001169923460111e-05,text,0.27272728085517883,0.06060606241226196,0.1538461595773697
675,zhpQhgha_KU$_$14,-1.5,0.3282286822795868,0.9999879598617554,2.022149146796437e-06,9.989788850361947e-06,text,0.5,0.1071428582072258,0.09090909361839294
34,cM3Yna7AavY$_$10,1.600000023841858,0.40039312839508057,0.9999747276306152,4.981482106813928e-06,2.031953408732079e-05,text,0.2857142984867096,0.15789473056793213,0.08695652335882187
159,d6hH302o4v8$_$36,-2.200000047683716,0.053820785135030746,0.999977707862854,3.870454747811891e-06,1.8425029338686727e-05,text,0.25,0.11764705926179886,0.09756097197532654
327,k5Y_838nuGo$_$17,0.800000011920929,0.3713946044445038,0.9999780654907227,4.409694611240411e-06,1.7500762623967603e-05,text,0.25,0.15789473056793213,0.0833333358168602
444,phBUpBr1hSo$_$6,1.600000023841858,-0.02446068450808525,0.999981164932251,3.7235206491459394e-06,1.512436028860975e-05,text,0.25,0.10638298094272614,0.017543859779834747
282,jUzDDGyPkXU$_$23,1.2000000476837158,0.5776209831237793,0.9999696016311646,4.427916792337783e-06,2.598966602818109e-05,text,0.2857142984867096,0.15789473056793213,0.260869562625885
55,cW1FSBF59ik$_$3,-1.0,0.07693999260663986,0.9999692440032959,4.875410013482906e-06,2.5918767278199084e-05,text,0.13636364042758942,0.0793650820851326,0.13636364042758942
110,d3_k5Xpfmik$_$19,0.20000000298023224,-0.011595534160733223,0.9999738931655884,4.47831143901567e-06,2.1549569282797165e-05,text,0.1764705926179886,0.09259258955717087,0.10852713137865067
488,tStelxIAHjw$_$11,-2.799999952316284,0.4570089876651764,0.9999743700027466,4.171397904428886e-06,2.148094426956959e-05,text,0.3333333432674408,0.11764705926179886,0.15000000596046448
177,dq3Nf_lMPnE$_$9,-0.800000011920929,0.26341956853866577,0.999980092048645,3.1507579478784464e-06,1.6830448657856323e-05,text,0.3125,0.08695652335882187,0.1428571492433548
253,fvVhgmXxadc$_$7,-1.0,0.1670825183391571,0.999970555305481,5.616029739030637e-06,2.3810845959815197e-05,text,0.1538461595773697,0.12857143580913544,0.05263157933950424
621,yDtzw_Y-7RU$_$12,-0.6666666865348816,0.23728960752487183,0.9999752044677734,4.190188519714866e-06,2.061330815195106e-05,text,0.2666666805744171,0.10204081982374191,0.11864406615495682
322,k5Y_838nuGo$_$10,2.0,0.1768742948770523,0.999980092048645,3.2920647754508536e-06,1.6610178136033937e-05,text,0.3636363744735718,0.03448275849223137,0.05882352963089943
184,etzxEpPuc6I$_$14,-1.2000000476837158,0.010512512177228928,0.9999780654907227,3.4705797133938177e-06,1.8481756342225708e-05,text,0.23999999463558197,0.0533333346247673,0.1111111119389534
308,k5Y_838nuGo$_$22,0.4000000059604645,0.22576642036437988,0.9999756813049316,5.030224201618694e-06,1.9254006474511698e-05,text,0.2666666805744171,0.15625,0.05263157933950424
552,vyB00TXsimI$_$20,2.200000047683716,0.2810562252998352,0.999964714050293,4.692542461270932e-06,3.068007208639756e-05,text,0.1818181872367859,0.06451612710952759,0.2432432472705841
273,iiK8YX8oH1E$_$9,0.4000000059604645,0.19338315725326538,0.9999786615371704,3.6404317143023945e-06,1.7700767784845084e-05,text,0.2857142984867096,0.1034482792019844,0.11764705926179886
483,tIrG4oNLFzE$_$4,1.399999976158142,0.08272755891084671,0.9999828338623047,2.4590692646597745e-06,1.4602993360313121e-05,text,0.3333333432674408,0.0,0.09090909361839294
520,tmZoasNr4rU$_$7,-1.0,0.009060630574822426,0.9999804496765137,3.376807399035897e-06,1.6235160728683695e-05,text,0.27586206793785095,0.1428571492433548,0.1195652186870575
153,d6hH302o4v8$_$16,-2.0,0.5482685565948486,0.9999760389328003,2.8322208436293295e-06,2.106562169501558e-05,text,0.3333333432674408,0.0,0.2142857164144516
639,yvsjCA6Y5Fc$_$9,-1.399999976158142,-0.01403060182929039,0.9999768733978271,4.01878014599788e-06,1.9057699319091626e-05,text,0.2631579041481018,0.10526315867900848,0.10294117778539658
204,f9O3YtZ2VfI$_$22,1.399999976158142,0.1629250943660736,0.9999758005142212,4.480502866499592e-06,1.96341334230965e-05,text,0.27272728085517883,0.1034482792019844,0.05882352963089943
672,zhpQhgha_KU$_$13,-1.0,0.6133538484573364,0.9999655485153198,5.200405666982988e-06,2.9219510906841606e-05,text,0.25,0.125,0.21052631735801697
15,c7UH_rxdZv4$_$7,-3.0,0.4789596199989319,0.9999743700027466,4.18002309743315e-06,2.1513809770112857e-05,text,0.2857142984867096,0.0625,0.10000000149011612
504,tmZoasNr4rU$_$11,-0.6000000238418579,0.07184120267629623,0.9999773502349854,3.3722142234182684e-06,1.926463664858602e-05,text,0.30000001192092896,0.1315789520740509,0.2222222238779068
361,lXPQBPVc5Cw$_$18,-1.399999976158142,0.2689473330974579,0.9999755620956421,4.716183411801467e-06,1.9694627553690225e-05,text,0.1818181872367859,0.07999999821186066,0.03333333507180214
71,cW1FSBF59ik$_$19,0.20000000298023224,0.30789536237716675,0.9999744892120361,5.011453140468802e-06,2.047573434538208e-05,text,0.20000000298023224,0.125,0.06896551698446274
118,d3_k5Xpfmik$_$6,1.600000023841858,0.039732202887535095,0.9999698400497437,5.032867647969397e-06,2.512108039809391e-05,text,0.1818181872367859,0.10126582533121109,0.125
527,v0zCBqDeKcE$_$12,-0.4000000059604645,0.11805906146764755,0.9999788999557495,3.3844203244370874e-06,1.775512646418065e-05,text,0.2666666805744171,0.0615384615957737,0.11538461595773697
287,jUzDDGyPkXU$_$4,-1.600000023841858,0.08563797175884247,0.9999607801437378,6.734601811331231e-06,3.2508243748452514e-05,text,0.05263157933950424,0.056179776787757874,0.0625
123,d6hH302o4v8$_$24,-2.799999952316284,0.37474244832992554,0.9999781847000122,4.41701422460028e-06,1.7425303667550907e-05,text,0.25,0.1304347813129425,0.03703703731298447
224,f9O3YtZ2VfI$_$16,-1.0,0.009836675599217415,0.9999614953994751,6.224965090950718e-06,3.227986962883733e-05,text,0.125,0.0555555559694767,0.09803921729326248
543,vvZ4IcEtiZc$_$1,2.0,0.5998522043228149,0.999975323677063,4.777808499056846e-06,1.9913555661332794e-05,text,0.25,0.10526315867900848,0.043478261679410934
283,jUzDDGyPkXU$_$1,2.799999952316284,0.7825986742973328,0.9999760389328003,4.177682967565488e-06,1.983860056498088e-05,text,0.2857142984867096,0.06666667014360428,0.05882352963089943
601,wMbj6ajWbic$_$19,-0.6000000238418579,0.1847022920846939,0.9999686479568481,5.4443644330604e-06,2.5897428713506088e-05,text,0.1764705926179886,0.10000000149011612,0.11666666716337204
679,zhpQhgha_KU$_$18,0.6000000238418579,0.36134520173072815,0.9999755620956421,4.309743871999672e-06,2.016642247326672e-05,text,0.27272728085517883,0.1764705926179886,0.17073170840740204
622,yDtzw_Y-7RU$_$15,0.6000000238418579,0.4142187237739563,0.9999605417251587,6.8868343987560365e-06,3.249871951993555e-05,text,0.1538461595773697,0.1785714328289032,0.1818181872367859
124,d6hH302o4v8$_$25,-1.600000023841858,0.6595903038978577,0.9999769926071167,2.9054272090434097e-06,2.0130499251536094e-05,text,0.4000000059604645,0.07692307978868484,0.25
633,yvsjCA6Y5Fc$_$3,-2.0,0.39729824662208557,0.999966025352478,5.762011824117508e-06,2.820893860189244e-05,text,0.1538461595773697,0.08163265138864517,0.08474576473236084
120,d3_k5Xpfmik$_$8,2.200000047683716,0.340180903673172,0.999985933303833,3.0049811812205007e-06,1.1041258403565735e-05,text,0.4285714328289032,0.2222222238779068,0.095238097012043
170,dq3Nf_lMPnE$_$1,0.0,0.059496086090803146,0.9999738931655884,4.52467065770179e-06,2.161518750654068e-05,text,0.17391304671764374,0.06896551698446274,0.06976744532585144
478,tIrG4oNLFzE$_$18,-2.200000047683716,0.10461406409740448,0.9999587535858154,6.356071935442742e-06,3.491488314466551e-05,text,0.11999999731779099,0.09090909361839294,0.15189872682094574
509,tmZoasNr4rU$_$14,-2.0,0.013780240900814533,0.9999734163284302,3.970264970121207e-06,2.263862370455172e-05,text,0.2222222238779068,0.10000000149011612,0.1860465109348297
466,rnaNMUZpvvg$_$17,-1.600000023841858,0.477250337600708,0.9999722242355347,5.075536591903074e-06,2.266828050778713e-05,text,0.2857142984867096,0.1428571492433548,0.11999999731779099
84,cXypl4FnoZo$_$3,1.7999999523162842,0.5065973401069641,0.9999676942825317,4.006398285127943e-06,2.8296173695707694e-05,text,0.2857142984867096,0.09090909361839294,0.2857142984867096
596,wMbj6ajWbic$_$12,1.600000023841858,0.17825065553188324,0.9999735355377197,3.7794823128933785e-06,2.2661824914393947e-05,text,0.2142857164144516,0.03999999910593033,0.1666666716337204
30,c7UH_rxdZv4$_$30,1.2000000476837158,0.6041746735572815,0.9999713897705078,4.66098754259292e-06,2.3996793970582075e-05,text,0.25,0.10000000149011612,0.1428571492433548
17,c7UH_rxdZv4$_$9,-0.4000000059604645,0.01702571101486683,0.9999725818634033,5.664499894919572e-06,2.1652833311236463e-05,text,0.18518517911434174,0.234375,0.11764705926179886
556,vyB00TXsimI$_$3,2.200000047683716,0.12438062578439713,0.9999687671661377,6.4835148805286735e-06,2.4819080863380805e-05,text,0.125,0.15714286267757416,0.0357142873108387
212,f9O3YtZ2VfI$_$4,-2.4000000953674316,0.24683596193790436,0.999962329864502,6.249000307434471e-06,3.1458184821531177e-05,text,0.1818181872367859,0.10000000149011612,0.1304347813129425
632,yvsjCA6Y5Fc$_$1,-2.0,0.004186538513749838,0.999956488609314,7.4963759288948495e-06,3.594213558244519e-05,text,0.07407407462596893,0.0833333358168602,0.09259258955717087
275,jUzDDGyPkXU$_$24,-1.0,0.012188510037958622,0.9999604225158691,5.918681381444912e-06,3.3594351407373324e-05,text,0.1111111119389534,0.0416666679084301,0.1428571492433548
519,tmZoasNr4rU$_$4,-0.800000011920929,0.05013464763760567,0.9999731779098511,4.204197921353625e-06,2.2638379959971644e-05,text,0.2083333283662796,0.09929078072309494,0.1488095223903656
66,cW1FSBF59ik$_$12,2.200000047683716,0.06099298223853111,0.999975323677063,3.823077804554487e-06,2.08781857509166e-05,text,0.20000000298023224,0.0416666679084301,0.11627907305955887
642,yvsjCA6Y5Fc$_$10,-2.0,-0.014040965586900711,0.9999746084213257,4.694092694990104e-06,2.0748631868627854e-05,text,0.2380952388048172,0.1139240488409996,0.08510638028383255
660,zhpQhgha_KU$_$29,-1.2000000476837158,0.15949180722236633,0.999980092048645,3.4634879284567432e-06,1.649939440540038e-05,text,0.2857142984867096,0.0833333358168602,0.06666667014360428
239,f_pcplsH_V0$_$7,0.0,0.14676961302757263,0.9999854564666748,2.604390374472132e-06,1.189869362860918e-05,text,0.4545454680919647,0.2083333283662796,0.17241379618644714
620,yDtzw_Y-7RU$_$13,-1.7999999523162842,0.0955379456281662,0.9999655485153198,5.4237475524132606e-06,2.9121612897142768e-05,text,0.17391304671764374,0.12820513546466827,0.17391304671764374
156,d6hH302o4v8$_$31,-1.399999976158142,0.18260544538497925,0.9999724626541138,4.969963811163325e-06,2.257198684674222e-05,text,0.1764705926179886,0.13636364042758942,0.09433962404727936
359,lXPQBPVc5Cw$_$16,0.20000000298023224,0.10453014820814133,0.9999672174453735,5.394033905758988e-06,2.7409318136051297e-05,text,0.15000000596046448,0.0833333358168602,0.1111111119389534
314,k5Y_838nuGo$_$2,1.2000000476837158,1.1055622100830078,0.9999954700469971,8.92353796189127e-07,3.7274501210049493e-06,text,0.7142857313156128,0.125,0.0
636,yvsjCA6Y5Fc$_$4,-0.20000000298023224,0.04606892168521881,0.9999650716781616,6.831311111454852e-06,2.8101721909479238e-05,text,0.15789473056793213,0.12280701845884323,0.05882352963089943
415,pLTX3ipuDJI$_$15,-1.399999976158142,0.055750902742147446,0.9999737739562988,3.8055279674154008e-06,2.2469033865490928e-05,text,0.23999999463558197,0.06060606241226196,0.1666666716337204
389,nzpVDcQ0ywM$_$13,-1.0,0.0385492704808712,0.9999815225601196,2.9606098905787803e-06,1.5489484212594107e-05,text,0.29411765933036804,0.0357142873108387,0.0882352963089943
417,pLTX3ipuDJI$_$16,-1.600000023841858,0.08236416429281235,0.9999682903289795,5.200960458751069e-06,2.6408930352772586e-05,text,0.20000000298023224,0.07920791953802109,0.1066666692495346
223,f9O3YtZ2VfI$_$17,-2.0,0.06655927002429962,0.9999703168869019,5.63597131986171e-06,2.40457466134103e-05,text,0.1764705926179886,0.06849315017461777,0.017543859779834747
188,etzxEpPuc6I$_$18,1.399999976158142,0.0465189553797245,0.9999772310256958,4.152504970988957e-06,1.855393566074781e-05,text,0.20000000298023224,0.06122449040412903,0.03448275849223137
51,cW1FSBF59ik$_$21,1.600000023841858,0.12606927752494812,0.999963641166687,5.0137837206420954e-06,3.1343981390818954e-05,text,0.23076923191547394,0.06896551698446274,0.20588235557079315
116,d3_k5Xpfmik$_$4,-1.0,0.07735837996006012,0.9999830722808838,3.0331625566759612e-06,1.3898828001401853e-05,text,0.3333333432674408,0.1702127605676651,0.125
494,tStelxIAHjw$_$16,0.800000011920929,0.49382269382476807,0.999987006187439,2.2298374915408203e-06,1.0718204066506587e-05,text,0.5,0.1111111119389534,0.09090909361839294
247,fvVhgmXxadc$_$14,0.0,-0.03969971835613251,0.9999827146530151,3.0620599318353925e-06,1.4199456018104684e-05,text,0.31578946113586426,0.11320754885673523,0.095238097012043
484,tIrG4oNLFzE$_$7,-1.399999976158142,0.015690289437770844,0.999984622001648,2.709881755436072e-06,1.2643043191928882e-05,text,0.3571428656578064,0.09433962404727936,0.0793650820851326
390,nzpVDcQ0ywM$_$12,-1.399999976158142,0.31768056750297546,0.9999661445617676,6.724420927639585e-06,2.721796408877708e-05,text,0.13333334028720856,0.1538461595773697,0.06382978707551956
125,d6hH302o4v8$_$26,-2.5999999046325684,0.7218911647796631,0.9999890327453613,2.339815637242282e-06,8.529072147211991e-06,text,0.5,0.25,0.06666667014360428
425,pLTX3ipuDJI$_$9,0.0,0.011962572112679482,0.9999762773513794,4.178301423962694e-06,1.955347579496447e-05,text,0.1875,0.07575757801532745,0.06410256773233414
228,f_pcplsH_V0$_$11,-0.4000000059604645,0.2710447311401367,0.9999713897705078,5.162116849533049e-06,2.3448576030205004e-05,text,0.2142857164144516,0.15000000596046448,0.12765957415103912
265,iiK8YX8oH1E$_$18,-1.0,0.28794196248054504,0.9999678134918213,5.631680323858745e-06,2.660498103068676e-05,text,0.1818181872367859,0.14814814925193787,0.15625
140,d6hH302o4v8$_$7,-2.799999952316284,0.12233694642782211,0.9999724626541138,4.72978945253999e-06,2.2813395844423212e-05,text,0.2222222238779068,0.0810810774564743,0.06818182021379471
651,zhpQhgha_KU$_$24,0.0,0.27863529324531555,0.9999805688858032,3.415094397496432e-06,1.594743662280962e-05,text,0.375,0.13636364042758942,0.1111111119389534
438,phBUpBr1hSo$_$1,1.399999976158142,0.5330616235733032,0.9999635219573975,5.882325240236241e-06,3.0658073228551075e-05,text,0.20000000298023224,0.13636364042758942,0.18518517911434174
203,f9O3YtZ2VfI$_$21,2.0,0.06832960247993469,0.9999544620513916,8.243661795859225e-06,3.7308913306333125e-05,text,0.10000000149011612,0.15789473056793213,0.13333334028720856
429,phBUpBr1hSo$_$13,0.800000011920929,0.1692170649766922,0.999985933303833,3.0985427201812854e-06,1.0919828127953224e-05,text,0.3636363744735718,0.21052631735801697,0.04545454680919647
667,zhpQhgha_KU$_$6,1.0,0.3764995038509369,0.9999740123748779,4.6332343117683195e-06,2.132424015144352e-05,text,0.30000001192092896,0.20000000298023224,0.1666666716337204
598,wMbj6ajWbic$_$14,-0.800000011920929,0.14809611439704895,0.9999788999557495,4.113737759325886e-06,1.6959487766143866e-05,text,0.25,0.09090909361839294,0.02500000037252903
382,nzpVDcQ0ywM$_$4,-1.600000023841858,0.05888156592845917,0.9999613761901855,7.01709450368071e-06,3.1642870453651994e-05,text,0.10000000149011612,0.1388888955116272,0.11627907305955887
185,etzxEpPuc6I$_$17,-0.4000000059604645,0.13448232412338257,0.9999755620956421,4.488092599785887e-06,1.991897079278715e-05,text,0.25,0.1041666641831398,0.05263157933950424
316,k5Y_838nuGo$_$4,1.0,0.06841573864221573,0.9999829530715942,2.836662588379113e-06,1.4133758668322116e-05,text,0.3076923191547394,0.03999999910593033,0.06666667014360428
0,c7UH_rxdZv4$_$24,-1.7999999523162842,0.6524399518966675,0.9999779462814331,3.6624369386117905e-06,1.8361008187639527e-05,text,0.2857142984867096,0.06060606241226196,0.07692307978868484
306,k5Y_838nuGo$_$20,0.4000000059604645,0.0023290154058486223,0.9999827146530151,2.957492370114778e-06,1.4256323083827738e-05,text,0.4000000059604645,0.10526315867900848,0.095238097012043
469,rnaNMUZpvvg$_$18,-2.200000047683716,-0.020749662071466446,0.9999806880950928,3.3874746350193163e-06,1.5981646356522106e-05,text,0.20930232107639313,0.08759123831987381,0.07361963391304016
313,k5Y_838nuGo$_$3,0.800000011920929,0.2500733733177185,0.9999735355377197,4.068927410116885e-06,2.2462301785708405e-05,text,0.2142857164144516,0.04444444552063942,0.12765957415103912
409,ob23OKe5a9Q$_$9,-1.399999976158142,-0.006218981463462114,0.9999593496322632,6.030197710060747e-06,3.455792830209248e-05,text,0.1599999964237213,0.09271523356437683,0.16455696523189545
310,k5Y_838nuGo$_$28,2.0,0.42022648453712463,0.9999759197235107,3.856873718177667e-06,2.031655458267778e-05,text,0.25,0.0,0.05263157933950424
452,rnaNMUZpvvg$_$3,-0.800000011920929,0.19599086046218872,0.9999778270721436,4.1541902646713424e-06,1.8030221326625906e-05,text,0.27272728085517883,0.04545454680919647,0.0
529,v0zCBqDeKcE$_$14,1.5,0.5697353482246399,0.999974250793457,5.265582785796141e-06,2.0505138309090398e-05,text,0.25,0.17241379618644714,0.05882352963089943
603,wMbj6ajWbic$_$30,0.800000011920929,0.34015873074531555,0.9999710321426392,5.278280241327593e-06,2.3737646188237704e-05,text,0.23076923191547394,0.15000000596046448,0.125
393,nzpVDcQ0ywM$_$17,1.600000023841858,0.3915691375732422,0.9999699592590332,5.393807441578247e-06,2.4637805836391635e-05,text,0.25,0.1304347813129425,0.1111111119389534
616,yDtzw_Y-7RU$_$9,-1.0,-0.01287506427615881,0.9999759197235107,4.153944701101864e-06,1.9853341655107215e-05,text,0.21875,0.10784313827753067,0.08474576473236084
468,rnaNMUZpvvg$_$19,-1.399999976158142,0.10338585823774338,0.999969482421875,4.751620508613996e-06,2.5707016902742907e-05,text,0.17391304671764374,0.03773584961891174,0.109375
237,f_pcplsH_V0$_$5,1.2000000476837158,0.15533196926116943,0.9999700784683228,5.398439498094376e-06,2.450468673487194e-05,text,0.15789473056793213,0.09677419066429138,0.0803571417927742
502,tStelxIAHjw$_$9,-1.399999976158142,0.17555826902389526,0.9999840259552002,3.1592612685926724e-06,1.2726152817776892e-05,text,0.3333333432674408,0.13333334028720856,0.0555555559694767
640,yvsjCA6Y5Fc$_$8,0.4000000059604645,-0.011453390121459961,0.9999645948410034,5.390255864767823e-06,3.0015333322808146e-05,text,0.17391304671764374,0.04285714402794838,0.1325301229953766
269,iiK8YX8oH1E$_$5,-0.4000000059604645,0.038849446922540665,0.9999661445617676,6.223172022146173e-06,2.7666894311551005e-05,text,0.08571428805589676,0.09917355328798294,0.07500000298023224
432,phBUpBr1hSo$_$14,-1.2000000476837158,0.24011757969856262,0.9999710321426392,4.663715571950888e-06,2.4285509425681084e-05,text,0.25,0.125,0.1666666716337204
612,yDtzw_Y-7RU$_$5,0.5,0.16169393062591553,0.9999723434448242,5.305443210090743e-06,2.233656050520949e-05,text,0.21052631735801697,0.1538461595773697,0.07692307978868484
658,zhpQhgha_KU$_$23,-0.5,0.2856137454509735,0.9999737739562988,5.141650945006404e-06,2.1117792130098678e-05,text,0.1666666716337204,0.08571428805589676,0.023255813866853714
119,d3_k5Xpfmik$_$9,1.399999976158142,0.14222262799739838,0.9999791383743286,4.5044630496704485e-06,1.630334554647561e-05,text,0.27272728085517883,0.25,0.10526315867900848
355,lXPQBPVc5Cw$_$12,-2.0,0.3591432273387909,0.9999481439590454,6.083165771997301e-06,4.577126674121246e-05,text,0.1538461595773697,0.1071428582072258,0.3333333432674408
49,cW1FSBF59ik$_$24,0.0,0.34937790036201477,0.9999754428863525,4.214218279230408e-06,2.041886909864843e-05,text,0.30000001192092896,0.1034482792019844,0.11428571492433548
522,tmZoasNr4rU$_$9,-0.6000000238418579,0.03978006914258003,0.9999755620956421,4.542287570075132e-06,1.9949238776462153e-05,text,0.20000000298023224,0.13333334028720856,0.0763888880610466
198,f9O3YtZ2VfI$_$24,-2.5999999046325684,-0.0231317188590765,0.9999595880508423,6.286263669608161e-06,3.410786666790955e-05,text,0.11999999731779099,0.08064515888690948,0.1317204236984253
422,pLTX3ipuDJI$_$4,-2.200000047683716,0.031119490042328835,0.999969482421875,4.6128352551022545e-06,2.5889450625982136e-05,text,0.1388888955116272,0.049504950642585754,0.11864406615495682
267,iiK8YX8oH1E$_$3,-1.25,0.21408964693546295,0.9999724626541138,4.72978945253999e-06,2.2734166122972965e-05,text,0.1428571492433548,0.03703703731298447,0.0625
378,nzpVDcQ0ywM$_$1,0.0,0.2336788773536682,0.9999693632125854,5.718581178371096e-06,2.4944029064499773e-05,text,0.13333334028720856,0.1041666641831398,0.07017543911933899
133,d6hH302o4v8$_$40,-1.0,1.0691825151443481,0.9999947547912598,8.622358222964976e-07,4.459873252926627e-06,text,0.6666666865348816,0.0,0.0
94,cXypl4FnoZo$_$13,-1.0,-0.031049668788909912,0.9999710321426392,5.160279215488117e-06,2.3851263904361986e-05,text,0.125,0.09285714477300644,0.06666667014360428
627,yDtzw_Y-7RU$_$18,-2.0,0.1093730702996254,0.9999817609786987,3.4697357023105724e-06,1.4794429262110498e-05,text,0.25,0.08163265138864517,0.03448275849223137
169,dq3Nf_lMPnE$_$14,-1.7999999523162842,0.09010306000709534,0.9999761581420898,4.2496808418945875e-06,1.949457873706706e-05,text,0.20000000298023224,0.0625,0.0517241396009922
90,cXypl4FnoZo$_$9,1.2000000476837158,0.2516748607158661,0.9999842643737793,2.5749343421921367e-06,1.310444622504292e-05,text,0.3684210479259491,0.040816325694322586,0.0517241396009922
584,wMbj6ajWbic$_$1,0.5,0.2938508093357086,0.9999643564224243,5.506042725755833e-06,3.0184284696588293e-05,text,0.20000000298023224,0.05000000074505806,0.125
349,lXPQBPVc5Cw$_$6,-1.399999976158142,0.1251002997159958,0.9999643564224243,5.63834646527539e-06,3.0006565793883055e-05,text,0.125,0.07999999821186066,0.11999999731779099
9,c7UH_rxdZv4$_$29,0.6000000238418579,0.3464681804180145,0.9999651908874512,5.332528417056892e-06,2.9452152375597507e-05,text,0.1666666716337204,0.10638298094272614,0.17543859779834747
189,etzxEpPuc6I$_$1,0.4000000059604645,0.029077498242259026,0.9999750852584839,4.211316081637051e-06,2.0742272681673057e-05,text,0.2222222238779068,0.09589041024446487,0.09195402264595032
114,d3_k5Xpfmik$_$2,0.0,0.08630266785621643,0.9999767541885376,4.277801053831354e-06,1.895584682642948e-05,text,0.25,0.1428571492433548,0.11764705926179886
106,d3_k5Xpfmik$_$15,2.5999999046325684,-0.013655450195074081,0.9999750852584839,5.204354692978086e-06,1.9675882867886685e-05,text,0.1428571492433548,0.15625,0.05263157933950424
205,f9O3YtZ2VfI$_$23,1.600000023841858,0.10427326709032059,0.9999793767929077,3.4296861031180015e-06,1.7207785276696086e-05,text,0.3333333432674408,0.07407407462596893,0.09375
477,tIrG4oNLFzE$_$16,-1.600000023841858,0.049535345286130905,0.9999697208404541,5.200065515964525e-06,2.509150726837106e-05,text,0.125,0.08139535039663315,0.08737864345312119
18,c7UH_rxdZv4$_$8,-2.799999952316284,0.07769669592380524,0.9999691247940063,5.060281637270236e-06,2.5875147912302054e-05,text,0.15000000596046448,0.08988764137029648,0.1230769231915474
13,c7UH_rxdZv4$_$5,-2.200000047683716,0.024547673761844635,0.9999682903289795,6.300663244473981e-06,2.540962304919958e-05,text,0.15789473056793213,0.1111111119389534,0.046875
635,yvsjCA6Y5Fc$_$5,0.4000000059604645,0.20165248215198517,0.999981164932251,4.035007350466913e-06,1.4730856491951272e-05,text,0.375,0.1875,0.0555555559694767
493,tStelxIAHjw$_$14,-1.7999999523162842,0.37913116812705994,0.9999821186065674,2.8969648155907635e-06,1.499862082710024e-05,text,0.375,0.0714285746216774,0.11764705926179886
211,f9O3YtZ2VfI$_$5,-1.7999999523162842,0.16251273453235626,0.9999642372131348,6.788338851038134e-06,2.891934673243668e-05,text,0.095238097012043,0.12643678486347198,0.07619047909975052
218,f9O3YtZ2VfI$_$10,-2.0,0.4003031849861145,0.999971866607666,5.666765446221689e-06,2.2446718503488228e-05,text,0.25,0.1538461595773697,0.06666667014360428
243,fvVhgmXxadc$_$11,-0.20000000298023224,0.09803516417741776,0.9999709129333496,4.7645962695241906e-06,2.43268132180674e-05,text,0.23999999463558197,0.10769230872392654,0.1428571492433548
538,v0zCBqDeKcE$_$9,1.7999999523162842,0.2023547738790512,0.9999818801879883,3.5264974940218963e-06,1.458239603380207e-05,text,0.3333333432674408,0.1428571492433548,0.07999999821186066
570,vyB00TXsimI$_$17,1.399999976158142,0.04630805179476738,0.9999749660491943,4.478106802707771e-06,2.048330134130083e-05,text,0.15789473056793213,0.08510638028383255,0.07017543911933899
1,c7UH_rxdZv4$_$25,0.0,0.21377333998680115,0.999976396560669,4.245169748173794e-06,1.9318891645525582e-05,text,0.3333333432674408,0.1428571492433548,0.11999999731779099
498,tStelxIAHjw$_$5,-2.200000047683716,0.4616774618625641,0.9999773502349854,4.161945071246009e-06,1.8501159502193332e-05,text,0.2857142984867096,0.11999999731779099,0.10000000149011612
326,k5Y_838nuGo$_$14,-1.7999999523162842,0.05703745037317276,0.9999701976776123,4.404066203278489e-06,2.534375016693957e-05,text,0.21052631735801697,0.040816325694322586,0.15000000596046448
209,f9O3YtZ2VfI$_$3,0.6000000238418579,-0.020668601617217064,0.9999877214431763,1.7890590697788866e-06,1.0446067790326197e-05,text,0.4166666567325592,0.0,0.06818182021379471
523,tmZoasNr4rU$_$8,-2.0,0.24976381659507751,0.999980092048645,3.15071883960627e-06,1.6776442862465046e-05,text,0.30000001192092896,0.0625,0.1041666641831398
305,k5Y_838nuGo$_$27,-0.800000011920929,0.04038054123520851,0.9999672174453735,5.1497240747266915e-06,2.7648247851175256e-05,text,0.1515151560306549,0.09677419066429138,0.1339285671710968
161,d6hH302o4v8$_$34,-3.0,0.8231834173202515,0.9999921321868896,1.1059141797886696e-06,6.85033683112124e-06,text,0.6000000238418579,0.0,0.09090909361839294
487,tIrG4oNLFzE$_$8,-1.2000000476837158,-0.008619090542197227,0.9999544620513916,8.616425475338474e-06,3.69244662579149e-05,text,0.05999999865889549,0.1230769231915474,0.0555555559694767
121,d6hH302o4v8$_$42,-1.399999976158142,0.28330197930336,0.999962568283081,5.116021839057794e-06,3.231369555578567e-05,text,0.1818181872367859,0.03448275849223137,0.1764705926179886
103,d3_k5Xpfmik$_$10,0.4000000059604645,0.20299763977527618,0.9999728202819824,5.010417226003483e-06,2.2141832232591696e-05,text,0.2142857164144516,0.1538461595773697,0.10389610379934311
81,cXypl4FnoZo$_$28,-2.200000047683716,0.28888973593711853,0.9999794960021973,4.118065589864273e-06,1.630678707442712e-05,text,0.27272728085517883,0.1599999964237213,0.06666667014360428
329,k5Y_838nuGo$_$19,-0.6000000238418579,0.21493643522262573,0.9999600648880005,7.597111107315868e-06,3.2292387913912535e-05,text,0.15789473056793213,0.20000000298023224,0.1428571492433548
200,f9O3YtZ2VfI$_$26,1.399999976158142,0.3854578137397766,0.9999861717224121,2.3904490262793843e-06,1.1419952897995245e-05,text,0.4285714328289032,0.15625,0.1315789520740509
593,wMbj6ajWbic$_$11,0.4000000059604645,0.23791217803955078,0.999967098236084,6.376220881065819e-06,2.6604049708112143e-05,text,0.1764705926179886,0.1538461595773697,0.08510638028383255
551,vvZ4IcEtiZc$_$8,-1.5,0.19045335054397583,0.9999741315841675,4.044915385748027e-06,2.1816575099364854e-05,text,0.25,0.08196721225976944,0.13513512909412384
363,nbWiPyCm4g0$_$10,1.2000000476837158,0.7164728045463562,0.9999819993972778,3.2895793538045837e-06,1.4704537534271367e-05,text,0.3636363744735718,0.12195122241973877,0.0625
77,cXypl4FnoZo$_$20,-1.0,0.13905127346515656,0.9999666213989258,5.302413683239138e-06,2.8133998057455756e-05,text,0.1875,0.1355932205915451,0.17142857611179352
392,nzpVDcQ0ywM$_$14,0.20000000298023224,0.22282354533672333,0.9999667406082153,6.0779084378737025e-06,2.7228494218434207e-05,text,0.15000000596046448,0.10389610379934311,0.07608695328235626
541,vvZ4IcEtiZc$_$10,-2.0,0.0489603653550148,0.9999728202819824,5.484111170517281e-06,2.1670459318556823e-05,text,0.15000000596046448,0.1041666641831398,0.017543859779834747
680,zhpQhgha_KU$_$31,-1.0,0.0036947005428373814,0.9999680519104004,5.2574309847841505e-06,2.6661986339604482e-05,text,0.2083333283662796,0.0833333358168602,0.12068965286016464
454,rnaNMUZpvvg$_$5,-2.799999952316284,0.07112116366624832,0.9999790191650391,3.909125098289223e-06,1.700447865005117e-05,text,0.27272728085517883,0.0476190485060215,0.0
109,d3_k5Xpfmik$_$16,2.0,0.3639357388019562,0.9999769926071167,5.040093583374983e-06,1.7985899830819108e-05,text,0.20000000298023224,0.1304347813129425,0.0
641,yvsjCA6Y5Fc$_$11,2.0,0.06528331339359283,0.9999719858169556,4.54587234344217e-06,2.3481419702875428e-05,text,0.1764705926179886,0.12195122241973877,0.16326530277729034
74,cXypl4FnoZo$_$25,-1.2000000476837158,0.0611388236284256,0.9999798536300659,3.828494754998246e-06,1.6367728676414117e-05,text,0.2857142984867096,0.10204081982374191,0.033898305147886276
656,zhpQhgha_KU$_$21,0.6000000238418579,0.06429241597652435,0.9999653100967407,8.871759746398311e-06,2.5846391508821398e-05,text,0.15789473056793213,0.25806450843811035,0.027027027681469917
312,k5Y_838nuGo$_$1,-1.600000023841858,0.4325334131717682,0.9999850988388062,2.163166527680005e-06,1.272878853342263e-05,text,0.4444444477558136,0.0,0.09090909361839294
430,phBUpBr1hSo$_$12,1.7999999523162842,-0.046175792813301086,0.9999690055847168,5.1175970838812646e-06,2.5821309463935904e-05,text,0.1599999964237213,0.08666666597127914,0.11666666716337204
289,jUzDDGyPkXU$_$6,-1.600000023841858,0.01584041863679886,0.9999768733978271,4.176567017566413e-06,1.889785380626563e-05,text,0.22580644488334656,0.0824742242693901,0.0476190485060215
248,fvVhgmXxadc$_$1,-0.4000000059604645,0.16185303032398224,0.9999635219573975,5.852903541381238e-06,3.0615941795986146e-05,text,0.10000000149011612,0.07692307978868484,0.13636364042758942
398,ob23OKe5a9Q$_$10,1.25,0.3255460560321808,0.9999674558639526,4.400879788590828e-06,2.809211400744971e-05,text,0.20000000298023224,0.0,0.15000000596046448
102,d3_k5Xpfmik$_$11,2.4000000953674316,0.0934486985206604,0.9999836683273315,2.411260311419028e-06,1.39534340632963e-05,text,0.375,0.050847455859184265,0.1428571492433548
597,wMbj6ajWbic$_$15,2.0,0.2658316493034363,0.9999592304229736,5.570312623603968e-06,3.517988443491049e-05,text,0.1764705926179886,0.10869564861059189,0.2545454502105713
470,tIrG4oNLFzE$_$11,-1.600000023841858,0.017533589154481888,0.9999791383743286,3.445283255132381e-06,1.7453028704039752e-05,text,0.21875,0.07017543911933899,0.07352941483259201
530,v0zCBqDeKcE$_$16,0.0,0.4293365478515625,0.9999862909317017,2.341161916774581e-06,1.130961118178675e-05,text,0.4285714328289032,0.0,0.0
61,cW1FSBF59ik$_$9,-2.4000000953674316,0.1379670947790146,0.9999719858169556,5.4528622968064155e-06,2.251455225632526e-05,text,0.2666666805744171,0.1489361673593521,0.0892857164144516
197,etzxEpPuc6I$_$8,-1.0,0.009295227937400341,0.9999663829803467,5.002687885280466e-06,2.861647226382047e-05,text,0.10000000149011612,0.04651162773370743,0.1538461595773697
574,wMbj6ajWbic$_$24,1.399999976158142,0.6768243908882141,0.999981164932251,3.2952436868072255e-06,1.552411231386941e-05,text,0.4000000059604645,0.1764705926179886,0.1428571492433548
646,yvsjCA6Y5Fc$_$14,-1.0,0.20600458979606628,0.9999794960021973,3.5186822060495615e-06,1.693583544692956e-05,text,0.3076923191547394,0.10810811072587967,0.11363636702299118
331,k5Y_838nuGo$_$31,-1.0,0.44574791193008423,0.9999682903289795,6.460114036599407e-06,2.523415969335474e-05,text,0.1538461595773697,0.1304347813129425,0.03703703731298447
4,c7UH_rxdZv4$_$20,-1.7999999523162842,0.017192887142300606,0.9999586343765259,7.589554570586188e-06,3.3746295230230317e-05,text,0.125,0.13698630034923553,0.11363636702299118
458,rnaNMUZpvvg$_$9,-1.399999976158142,0.013343773782253265,0.9999752044677734,4.682015514845261e-06,2.0154457160970196e-05,text,0.20000000298023224,0.1551724076271057,0.10144927352666855
545,vvZ4IcEtiZc$_$2,2.4000000953674316,0.2726386785507202,0.9999760389328003,3.7939439607725944e-06,2.0196090190438554e-05,text,0.25,0.05882352963089943,0.125
46,cM3Yna7AavY$_$6,2.799999952316284,0.1738496571779251,0.9999629259109497,6.275993655435741e-06,3.0737828637938946e-05,text,0.13333334028720856,0.0803571417927742,0.10370370000600815
481,tIrG4oNLFzE$_$2,2.4000000953674316,0.27049338817596436,0.9999693632125854,5.39723578185658e-06,2.529483026592061e-05,text,0.1818181872367859,0.03333333507180214,0.02777777798473835
649,yvsjCA6Y5Fc$_$19,-1.600000023841858,0.0339052714407444,0.9999648332595825,6.28617090114858e-06,2.886348738684319e-05,text,0.09090909361839294,0.12264151126146317,0.09259258955717087
554,vyB00TXsimI$_$22,0.6000000238418579,0.2526423931121826,0.9999731779098511,5.546239663090091e-06,2.1171033949940465e-05,text,0.1666666716337204,0.19230769574642181,0.09677419066429138
402,ob23OKe5a9Q$_$1,1.2000000476837158,0.8648968935012817,0.999991774559021,1.6151956288013025e-06,6.54779069009237e-06,text,0.5,0.17241379618644714,0.05882352963089943
59,cW1FSBF59ik$_$7,0.5,0.7223796248435974,0.999977707862854,2.3359054921456845e-06,1.9953693481511436e-05,text,0.4000000059604645,0.05882352963089943,0.3499999940395355
187,etzxEpPuc6I$_$19,-0.5,-0.041436243802309036,0.9999792575836182,3.3314745451207273e-06,1.7361178834107704e-05,text,0.25999999046325684,0.08187134563922882,0.09313725680112839
456,rnaNMUZpvvg$_$7,-0.4000000059604645,0.3034118413925171,0.9999696016311646,5.089264504931634e-06,2.524694900785107e-05,text,0.2222222238779068,0.03448275849223137,0.05882352963089943
648,yvsjCA6Y5Fc$_$16,-1.7999999523162842,-0.08177875727415085,0.9999532699584961,7.749277756374795e-06,3.9022397686494514e-05,text,0.07999999821186066,0.08994708955287933,0.1315789520740509
401,ob23OKe5a9Q$_$14,0.800000011920929,0.325421541929245,0.9999616146087646,5.587612122326391e-06,3.283752812421881e-05,text,0.1428571492433548,0.08163265138864517,0.1794871836900711
100,cXypl4FnoZo$_$19,0.800000011920929,-0.001060587354004383,0.9999644756317139,5.659313956130063e-06,2.9881404771003872e-05,text,0.10000000149011612,0.09090909361839294,0.15000000596046448
662,zhpQhgha_KU$_$3,-1.600000023841858,0.04866144806146622,0.9999680519104004,5.769601102656452e-06,2.6174635422648862e-05,text,0.20000000298023224,0.08620689809322357,0.0714285746216774
256,fvVhgmXxadc$_$8,-0.5,0.5001538395881653,0.9999700784683228,4.855832230532542e-06,2.502696770534385e-05,text,0.2857142984867096,0.20000000298023224,0.25
304,k5Y_838nuGo$_$26,2.0,0.4660675525665283,0.9999810457229614,2.861562052203226e-06,1.6042995412135497e-05,text,0.3333333432674408,0.10000000149011612,0.1666666716337204
410,ob23OKe5a9Q$_$8,0.6000000238418579,0.17438001930713654,0.9999617338180542,5.63472985959379e-06,3.2712378015276045e-05,text,0.1666666716337204,0.10280373692512512,0.18644067645072937
644,yvsjCA6Y5Fc$_$12,-0.6000000238418579,-0.005668375175446272,0.999969482421875,5.812138169858372e-06,2.461609255988151e-05,text,0.1190476194024086,0.13445378839969635,0.0845070406794548
39,cM3Yna7AavY$_$16,-2.799999952316284,0.5473070740699768,0.9999796152114868,3.3913174775079824e-06,1.709699608909432e-05,text,0.30000001192092896,0.0714285746216774,0.0882352963089943
510,tmZoasNr4rU$_$17,-1.399999976158142,0.01869877800345421,0.9999765157699585,3.777727670239983e-06,1.961328052857425e-05,text,0.23076923191547394,0.10486891120672226,0.11874999850988388
562,vyB00TXsimI$_$9,-0.25,0.3395922780036926,0.9999752044677734,4.31694525104831e-06,2.053813477687072e-05,text,0.20000000298023224,0.05882352963089943,0.07500000298023224
6,c7UH_rxdZv4$_$22,-2.4000000953674316,0.09022150188684464,0.9999818801879883,3.2950040349533083e-06,1.4809775166213512e-05,text,0.2857142984867096,0.1147540956735611,0.08219178020954132
518,tmZoasNr4rU$_$5,-0.800000011920929,0.15300169587135315,0.9999768733978271,4.640455244953046e-06,1.8454222299624234e-05,text,0.25,0.20000000298023224,0.09259258955717087
492,tStelxIAHjw$_$15,0.4000000059604645,0.2707732915878296,0.9999656677246094,6.104170097387396e-06,2.8218937586643733e-05,text,0.13333334028720856,0.1111111119389534,0.109375
459,rnaNMUZpvvg$_$8,-1.600000023841858,0.42511090636253357,0.9999687671661377,7.098170044628205e-06,2.4029570340644568e-05,text,0.1818181872367859,0.24137930572032928,0.05714285746216774
512,tmZoasNr4rU$_$19,0.20000000298023224,0.28208205103874207,0.9999697208404541,5.475899342854973e-06,2.4827202651067637e-05,text,0.20000000298023224,0.12328767031431198,0.1034482792019844
537,v0zCBqDeKcE$_$6,0.800000011920929,0.16450084745883942,0.9999653100967407,6.7294895416125655e-06,2.7993532057735138e-05,text,0.10000000149011612,0.1315789520740509,0.06521739065647125
210,f9O3YtZ2VfI$_$2,1.25,0.47426965832710266,0.9999761581420898,5.048368166171713e-06,1.8881231881096028e-05,text,0.2857142984867096,0.1538461595773697,0.032258063554763794
531,v0zCBqDeKcE$_$1,2.5999999046325684,0.33147796988487244,0.9999691247940063,4.784047632711008e-06,2.612513526401017e-05,text,0.20000000298023224,0.03030303120613098,0.10256410390138626
276,jUzDDGyPkXU$_$25,-2.0,0.14987939596176147,0.9999657869338989,5.933667580393376e-06,2.826354102580808e-05,text,0.11764705926179886,0.1190476194024086,0.13461539149284363
339,lXPQBPVc5Cw$_$22,2.5999999046325684,0.20766618847846985,0.9999679327011108,5.800263352284674e-06,2.6266077838954516e-05,text,0.1538461595773697,0.07894736528396606,0.06666667014360428
673,zhpQhgha_KU$_$12,-1.399999976158142,0.19846190512180328,0.9999668598175049,6.8475060288619716e-06,2.6361940399510786e-05,text,0.15789473056793213,0.1599999964237213,0.03846153989434242
515,tmZoasNr4rU$_$1,0.0,0.27969124913215637,0.9999755620956421,3.5881394069292583e-06,2.0826941181439906e-05,text,0.27272728085517883,0.06382978707551956,0.15789473056793213
461,rnaNMUZpvvg$_$10,-2.5999999046325684,0.21844854950904846,0.9999735355377197,4.655577413359424e-06,2.179680268454831e-05,text,0.23076923191547394,0.043478261679410934,0.03703703731298447
467,rnaNMUZpvvg$_$16,-1.7999999523162842,0.3084510266780853,0.9999784231185913,4.690324658440659e-06,1.68797359947348e-05,text,0.30000001192092896,0.1428571492433548,0.0
353,lXPQBPVc5Cw$_$10,-2.200000047683716,0.0030737826600670815,0.9999654293060303,5.7233378356613684e-06,2.880869578802958e-05,text,0.12244898080825806,0.09868421405553818,0.1147540956735611
142,d6hH302o4v8$_$9,-2.4000000953674316,0.34939301013946533,0.9999717473983765,5.0246135288034566e-06,2.329565722902771e-05,text,0.25,0.0625,0.05263157933950424
80,cXypl4FnoZo$_$23,0.4000000059604645,0.3691366910934448,0.99998939037323,2.1282178295223275e-06,8.468005944450852e-06,text,0.4285714328289032,0.10000000149011612,0.0
547,vvZ4IcEtiZc$_$4,2.200000047683716,0.08607789129018784,0.9999667406082153,5.835799584019696e-06,2.744550511124544e-05,text,0.1538461595773697,0.09615384787321091,0.09433962404727936
53,cW1FSBF59ik$_$23,1.399999976158142,0.13814741373062134,0.999976396560669,3.9367132558254525e-06,1.9645309293991886e-05,text,0.2380952388048172,0.07526881992816925,0.0892857164144516
441,phBUpBr1hSo$_$5,-1.399999976158142,0.14190208911895752,0.9999692440032959,4.2697274693637155e-06,2.6421652364660986e-05,text,0.1764705926179886,0.07547169923782349,0.21052631735801697
258,iiK8YX8oH1E$_$10,0.0,0.5406116843223572,0.9999853372573853,2.5755950900929747e-06,1.2078209692845121e-05,text,0.4285714328289032,0.10000000149011612,0.08695652335882187
563,vyB00TXsimI$_$8,2.5999999046325684,0.2215760201215744,0.9999649524688721,5.885959126317175e-06,2.9262631869642064e-05,text,0.15000000596046448,0.07999999821186066,0.10169491171836853
226,f9O3YtZ2VfI$_$18,-1.0,0.06418347358703613,0.9999843835830688,2.7969954317086376e-06,1.2915944353153463e-05,text,0.4375,0.15000000596046448,0.125
431,phBUpBr1hSo$_$15,-2.200000047683716,-0.035735927522182465,0.9999693632125854,4.986669864592841e-06,2.563141970313154e-05,text,0.1599999964237213,0.08074533939361572,0.10309278219938278
235,f_pcplsH_V0$_$3,0.800000011920929,0.20887207984924316,0.9999821186065674,3.3502501537441276e-06,1.4590370483347215e-05,text,0.3636363744735718,0.1269841343164444,0.06578947603702545
62,cW1FSBF59ik$_$8,1.7999999523162842,0.6100200414657593,0.9999845027923584,2.693846681722789e-06,1.2721039638563525e-05,text,0.4285714328289032,0.11999999731779099,0.09677419066429138
37,cM3Yna7AavY$_$15,-2.4000000953674316,0.11029314249753952,0.9999874830245972,2.218744384663296e-06,1.0246688361803535e-05,text,0.4545454680919647,0.15625,0.10256410390138626
615,yDtzw_Y-7RU$_$6,-1.2000000476837158,0.004859160631895065,0.9999730587005615,4.361263108876301e-06,2.2553860617335886e-05,text,0.16326530277729034,0.06722689419984818,0.09090909361839294
323,k5Y_838nuGo$_$13,0.6000000238418579,0.6531704664230347,0.9999775886535645,4.013351826870348e-06,1.8416209059068933e-05,text,0.2857142984867096,0.10000000149011612,0.0833333358168602
10,c7UH_rxdZv4$_$1,-2.799999952316284,0.3667219281196594,0.9999696016311646,6.325277354335412e-06,2.4099608708638698e-05,text,0.25,0.1818181872367859,0.07692307978868484
404,ob23OKe5a9Q$_$2,1.0,0.49335724115371704,0.9999672174453735,4.012591034552315e-06,2.8695640139630996e-05,text,0.2857142984867096,0.0625,0.2631579041481018
245,fvVhgmXxadc$_$13,0.20000000298023224,0.24839605391025543,0.9999676942825317,5.795119250251446e-06,2.6423225790495053e-05,text,0.20000000298023224,0.12962962687015533,0.10769230872392654
455,rnaNMUZpvvg$_$4,-2.4000000953674316,-0.000700028904248029,0.999966025352478,5.815162694489118e-06,2.8103757358621806e-05,text,0.12244898080825806,0.08510638028383255,0.08235294371843338
165,dq3Nf_lMPnE$_$10,1.0,0.5287858843803406,0.9999672174453735,4.859357886743965e-06,2.7950023650191724e-05,text,0.20000000298023224,0.03125,0.1315789520740509
5,c7UH_rxdZv4$_$21,-0.800000011920929,0.08336304128170013,0.9999740123748779,5.083262294647284e-06,2.0863428289885633e-05,text,0.21052631735801697,0.16304348409175873,0.09195402264595032
290,jUzDDGyPkXU$_$9,2.799999952316284,0.5286141037940979,0.9999865293502808,1.8524182223700336e-06,1.1580695172597189e-05,text,0.4285714328289032,0.0,0.1071428582072258
587,wMbj6ajWbic$_$5,0.20000000298023224,0.32689592242240906,0.9999681711196899,5.91420166529133e-06,2.5827910576481372e-05,text,0.125,0.07692307978868484,0.0416666679084301
338,lXPQBPVc5Cw$_$21,1.7999999523162842,0.23461896181106567,0.9999788999557495,3.5509201552486047e-06,1.7471842511440627e-05,text,0.25,0.095238097012043,0.11999999731779099
580,wMbj6ajWbic$_$22,1.399999976158142,0.155795156955719,0.9999638795852661,5.701004738511983e-06,3.0424780561588705e-05,text,0.09090909361839294,0.03448275849223137,0.1034482792019844
420,pLTX3ipuDJI$_$2,-1.7999999523162842,0.010071727447211742,0.9999643564224243,6.126335392764304e-06,2.9506696591852233e-05,text,0.1111111119389534,0.0833333358168602,0.08227848261594772
251,fvVhgmXxadc$_$5,0.0,0.222898930311203,0.9999709129333496,5.238917310634861e-06,2.3782713469699956e-05,text,0.23076923191547394,0.07894736528396606,0.06521739065647125
573,vyB00TXsimI$_$18,2.4000000953674316,0.29361841082572937,0.9999792575836182,3.2126288260769797e-06,1.751712989062071e-05,text,0.375,0.1666666716337204,0.22727273404598236
291,jUzDDGyPkXU$_$8,1.7999999523162842,0.3997972905635834,0.999971866607666,4.768096459883964e-06,2.341799518035259e-05,text,0.1818181872367859,0.0416666679084301,0.06896551698446274
23,c7UH_rxdZv4$_$15,-2.4000000953674316,1.0370312929153442,0.9999945163726807,1.1063567626479198e-06,4.355616056272993e-06,text,0.6666666865348816,0.125,0.0
575,wMbj6ajWbic$_$25,2.0,0.3512049913406372,0.9999653100967407,5.4077145250630565e-06,2.933842370111961e-05,text,0.1666666716337204,0.08695652335882187,0.14814814925193787
150,d6hH302o4v8$_$15,-1.75,0.42035186290740967,0.9999754428863525,3.856275725411251e-06,2.0716815924970433e-05,text,0.25,0.0,0.0625
