index,id,y_true,y_pred,w_text,w_audio,w_vision,selected_anchor,availability_text,availability_audio,availability_vision
377,nzpVDcQ0ywM$_$23,2.0,-0.13780346512794495,0.00040242611430585384,0.9969109892845154,0.0026865778490900993,audio,0.5,0.5789473652839661,0.3636363744735718
352,lXPQBPVc5Cw$_$11,-1.7999999523162842,-0.767341673374176,0.0005833899485878646,0.9961242079734802,0.0032923987600952387,audio,0.6666666865348816,0.5714285969734192,0.4444444477558136
477,tIrG4oNLFzE$_$16,-1.600000023841858,-0.18084552884101868,0.0005349064012989402,0.9956082701683044,0.003856782102957368,audio,0.5833333134651184,0.43023255467414856,0.49514561891555786
518,tmZoasNr4rU$_$5,-0.800000011920929,-0.7967314720153809,0.0003632956650108099,0.9974134564399719,0.0022232942283153534,audio,0.75,0.6666666865348816,0.5185185074806213
512,tmZoasNr4rU$_$19,0.20000000298023224,-0.1321801245212555,0.0005546636530198157,0.9954701662063599,0.0039751362055540085,audio,0.6666666865348816,0.4931506812572479,0.5517241358757019
257,iiK8YX8oH1E$_$11,1.0,-0.6077563762664795,0.0006354123470373452,0.9957273006439209,0.003637353889644146,audio,0.7307692170143127,0.4430379867553711,0.4893617033958435
491,tStelxIAHjw$_$12,-1.0,-0.15632671117782593,0.00041555019561201334,0.9974061846733093,0.002178302500396967,audio,0.75,0.6551724076271057,0.47058823704719543
211,f9O3YtZ2VfI$_$5,-1.7999999523162842,-0.762692928314209,0.00036230150726623833,0.9969732761383057,0.0026644079480320215,audio,0.5714285969734192,0.517241358757019,0.43809524178504944
529,v0zCBqDeKcE$_$14,1.5,0.07205911725759506,0.0005483884597197175,0.9958859086036682,0.003565741004422307,audio,0.75,0.5517241358757019,0.5882353186607361
392,nzpVDcQ0ywM$_$14,0.20000000298023224,-0.4894292950630188,0.0004949286230839789,0.9953320622444153,0.004172949120402336,audio,0.550000011920929,0.4545454680919647,0.52173912525177
311,k5Y_838nuGo$_$29,-0.75,-0.8758330345153809,0.00044029290438629687,0.9960376024246216,0.0035221062134951353,audio,0.6000000238418579,0.5,0.5263158082962036
443,phBUpBr1hSo$_$7,-1.0,-0.7920817732810974,0.00031326632597483695,0.996841549873352,0.0028451394755393267,audio,0.4761904776096344,0.4583333432674408,0.4583333432674408
572,vyB00TXsimI$_$19,1.2000000476837158,1.9911415576934814,0.0012442199513316154,0.992137610912323,0.006618177983909845,audio,0.7142857313156128,0.3333333432674408,0.5454545617103577
173,dq3Nf_lMPnE$_$5,1.2000000476837158,-0.8487911820411682,0.0004470347485039383,0.9957140684127808,0.003838874166831374,audio,0.6000000238418579,0.5416666865348816,0.5769230723381042
544,vvZ4IcEtiZc$_$3,1.399999976158142,-0.7391430139541626,0.00048579901340417564,0.9957118034362793,0.003802434541285038,audio,0.5416666865348816,0.41860464215278625,0.4757281541824341
513,tmZoasNr4rU$_$18,0.0,-0.3689040541648865,0.0004085729888174683,0.9964750409126282,0.0031163152307271957,audio,0.7777777910232544,0.6153846383094788,0.6666666865348816
627,yDtzw_Y-7RU$_$18,-2.0,-0.27437296509742737,0.0004668736073654145,0.9956547021865845,0.003878360614180565,audio,0.5,0.3877550959587097,0.4482758641242981
82,cXypl4FnoZo$_$29,-1.399999976158142,-0.4774482846260071,0.0007785530760884285,0.9943284392356873,0.004892995581030846,audio,0.7142857313156128,0.4000000059604645,0.5454545617103577
496,tStelxIAHjw$_$3,0.5,0.12395681440830231,0.0002553813101258129,0.9967246651649475,0.003019994357600808,audio,0.4000000059604645,0.5333333611488342,0.529411792755127
125,d6hH302o4v8$_$26,-2.5999999046325684,-0.7508074641227722,0.0008248088997788727,0.9953741431236267,0.0038011164870113134,audio,0.875,0.5,0.5333333611488342
618,yDtzw_Y-7RU$_$11,-1.399999976158142,-0.2663504481315613,0.0002750172570813447,0.9966766834259033,0.0030483079608529806,audio,0.375,0.6176470518112183,0.5
143,d6hH302o4v8$_$8,-2.200000047683716,-0.8656525611877441,0.0004480478528421372,0.9951232075691223,0.004428737331181765,audio,0.6666666865348816,0.6666666865348816,0.7272727489471436
287,jUzDDGyPkXU$_$4,-1.600000023841858,-0.6698023080825806,0.0004697623662650585,0.9960644841194153,0.003465773304924369,audio,0.6315789222717285,0.3932584226131439,0.5
269,iiK8YX8oH1E$_$5,-0.4000000059604645,-0.538392186164856,0.0004133055335842073,0.9962421655654907,0.003344491124153137,audio,0.5428571701049805,0.4876033067703247,0.4749999940395355
478,tIrG4oNLFzE$_$18,-2.200000047683716,-0.7332245707511902,0.00038396765012294054,0.9969099164009094,0.002706179628148675,audio,0.6800000071525574,0.6212121248245239,0.5443037748336792
682,zhpQhgha_KU$_$35,0.6000000238418579,-0.5056899189949036,0.0003311829350423068,0.9967586398124695,0.002910145092755556,audio,0.52173912525177,0.5714285969734192,0.511904776096344
207,f9O3YtZ2VfI$_$29,-2.0,0.04079560562968254,0.0006483648321591318,0.9952988028526306,0.004052871838212013,audio,0.625,0.3787878751754761,0.4430379867553711
71,cW1FSBF59ik$_$19,0.20000000298023224,-0.6530872583389282,0.000450648192781955,0.9938097596168518,0.005739613901823759,audio,0.5,0.2916666567325592,0.6551724076271057
282,jUzDDGyPkXU$_$23,1.2000000476837158,-0.38897329568862915,0.0003521311155054718,0.9969035983085632,0.0027442891150712967,audio,0.5714285969734192,0.5789473652839661,0.47826087474823
31,c7UH_rxdZv4$_$33,-1.7999999523162842,-0.6332994103431702,0.0011692441767081618,0.9934563040733337,0.005374452099204063,audio,0.8333333134651184,0.3333333432674408,0.5
73,cXypl4FnoZo$_$24,0.20000000298023224,-0.9785257577896118,0.0002603903703857213,0.9968166947364807,0.002922938670963049,audio,0.46000000834465027,0.6168224215507507,0.5555555820465088
301,jUzDDGyPkXU$_$18,-2.4000000953674316,-0.7666382193565369,0.0008726953528821468,0.9922839999198914,0.006843311712145805,audio,0.8571428656578064,0.4166666567325592,0.7931034564971924
474,tIrG4oNLFzE$_$15,-2.0,0.5570370554924011,0.0005609208019450307,0.9961152076721191,0.0033238197211176157,audio,0.625,0.5211267471313477,0.4642857015132904
215,f9O3YtZ2VfI$_$9,-2.200000047683716,-0.8963930010795593,0.0004233751096762717,0.9958354234695435,0.0037411535158753395,audio,0.5384615659713745,0.5,0.5365853905677795
162,d6hH302o4v8$_$33,-3.0,0.13088655471801758,0.0008060517138801515,0.9960911870002747,0.003102793823927641,audio,0.800000011920929,0.4285714328289032,0.375
437,phBUpBr1hSo$_$20,-1.25,-0.9988435506820679,0.00026021277881227434,0.9963106513023376,0.0034291318152099848,audio,0.4583333432674408,0.5,0.6206896305084229
28,c7UH_rxdZv4$_$18,-2.25,-0.7880429625511169,0.0006007630727253854,0.9966413974761963,0.0027578312437981367,audio,0.8666666746139526,0.517241358757019,0.49275362491607666
245,fvVhgmXxadc$_$13,0.20000000298023224,-0.45476552844047546,0.0004184634890407324,0.9967045187950134,0.002876990009099245,audio,0.550000011920929,0.5185185074806213,0.4153846204280853
202,f9O3YtZ2VfI$_$20,-0.4000000059604645,-0.7128757238388062,0.00027638644678518176,0.9962988495826721,0.00342472642660141,audio,0.3333333432674408,0.42424243688583374,0.4615384638309479
174,dq3Nf_lMPnE$_$4,-0.4000000059604645,-0.9007840156555176,0.00035247535561211407,0.9961841702461243,0.003463328117504716,audio,0.5185185074806213,0.4523809552192688,0.5392156839370728
676,zhpQhgha_KU$_$17,1.75,1.1119662523269653,0.00044992566108703613,0.9961373209953308,0.0034127170220017433,audio,0.5384615659713745,0.5277777910232544,0.5142857432365417
331,k5Y_838nuGo$_$31,-1.0,-0.4024242162704468,0.00028140502399764955,0.9968245029449463,0.0028940618503838778,audio,0.4615384638309479,0.6086956262588501,0.5185185074806213
528,v0zCBqDeKcE$_$15,2.4000000953674316,-0.07999572157859802,0.00048369308933615685,0.9960861206054688,0.0034301872365176678,audio,0.625,0.5,0.5
588,wMbj6ajWbic$_$4,1.0,-0.7647958397865295,0.00032757717417553067,0.996620774269104,0.0030516651459038258,audio,0.5,0.5,0.5
161,d6hH302o4v8$_$34,-3.0,0.16293327510356903,0.0005805203109048307,0.9956406354904175,0.003778803860768676,audio,0.6000000238418579,0.4444444477558136,0.4545454680919647
505,tmZoasNr4rU$_$10,-1.7999999523162842,-0.12995433807373047,0.000313075928715989,0.9958347082138062,0.003852211171761155,audio,0.4166666567325592,0.5199999809265137,0.5714285969734192
462,rnaNMUZpvvg$_$13,-2.0,-0.17469625174999237,0.0006225235410965979,0.99693763256073,0.002439815318211913,audio,0.75,0.47058823704719543,0.3333333432674408
295,jUzDDGyPkXU$_$12,0.5,-0.6731815338134766,0.0003145322552882135,0.9972348809242249,0.002450637985020876,audio,0.6000000238418579,0.6000000238418579,0.5
354,lXPQBPVc5Cw$_$13,2.799999952316284,-0.28409963846206665,0.00026784162037074566,0.9969148635864258,0.002817298751324415,audio,0.375,0.5625,0.4444444477558136
213,f9O3YtZ2VfI$_$7,-1.2000000476837158,-0.9097442626953125,0.0006152567220851779,0.995319664478302,0.004065078683197498,audio,0.6363636255264282,0.3499999940395355,0.4583333432674408
471,tIrG4oNLFzE$_$10,-1.7999999523162842,-0.5791742205619812,0.0003088741796091199,0.9956476092338562,0.004043519031256437,audio,0.4000000059604645,0.40740740299224854,0.5625
191,etzxEpPuc6I$_$2,1.2000000476837158,-0.49522122740745544,0.00021203271171543747,0.9976783394813538,0.002109670080244541,audio,0.42105263471603394,0.5869565010070801,0.4363636374473572
78,cXypl4FnoZo$_$21,-0.6000000238418579,-0.6690756678581238,0.0004059038474224508,0.9961066842079163,0.0034873669501394033,audio,0.6190476417541504,0.5161290168762207,0.5810810923576355
570,vyB00TXsimI$_$17,1.399999976158142,-1.009626865386963,0.00024715246399864554,0.9966750144958496,0.003077768487855792,audio,0.3684210479259491,0.5531914830207825,0.5263158082962036
198,f9O3YtZ2VfI$_$24,-2.5999999046325684,-0.7807992100715637,0.0005114702507853508,0.99591064453125,0.003577852388843894,audio,0.6800000071525574,0.5096774101257324,0.5403226017951965
95,cXypl4FnoZo$_$12,2.0,1.2915987968444824,0.0003572666028048843,0.9960126876831055,0.003630050690844655,audio,0.46666666865348816,0.5714285969734192,0.5714285969734192
582,wMbj6ajWbic$_$28,2.4000000953674316,1.3394920825958252,0.0006065750494599342,0.9957242012023926,0.003669247729703784,audio,0.6315789222717285,0.36000001430511475,0.46666666865348816
395,nzpVDcQ0ywM$_$19,-2.0,-0.49719667434692383,0.0005254776915535331,0.9946464896202087,0.004827960394322872,audio,0.5,0.35185185074806213,0.5
635,yvsjCA6Y5Fc$_$5,0.4000000059604645,-0.6935163736343384,0.0005066624726168811,0.9961469173431396,0.0033464606385678053,audio,0.625,0.4375,0.4444444477558136
137,d6hH302o4v8$_$2,-1.7999999523162842,-0.3392210006713867,0.0004329601943027228,0.9959912896156311,0.003575743641704321,audio,0.5454545617103577,0.4545454680919647,0.4871794879436493
91,cXypl4FnoZo$_$8,1.399999976158142,-0.020157039165496826,0.0004797664878424257,0.9948983788490295,0.004621902015060186,audio,0.47826087474823,0.4084506928920746,0.5357142686843872
624,yDtzw_Y-7RU$_$17,0.20000000298023224,-0.5308522582054138,0.00039967772318050265,0.9967361092567444,0.0028641996905207634,audio,0.6086956262588501,0.5180723071098328,0.49000000953674316
332,k5Y_838nuGo$_$30,1.600000023841858,0.4544169008731842,0.000664339866489172,0.9954674243927002,0.003868271829560399,audio,0.6666666865348816,0.5142857432365417,0.4878048896789551
401,ob23OKe5a9Q$_$14,0.800000011920929,-0.19480860233306885,0.0003886265039909631,0.9962714910507202,0.0033399087842553854,audio,0.5,0.44897958636283875,0.470085471868515
328,k5Y_838nuGo$_$16,0.25,0.06542375683784485,0.0005628038197755814,0.995248019695282,0.004189157392829657,audio,0.625,0.4736842215061188,0.5454545617103577
648,yvsjCA6Y5Fc$_$16,-1.7999999523162842,-1.0225571393966675,0.0003637148765847087,0.9965204000473022,0.003115948522463441,audio,0.5600000023841858,0.48677247762680054,0.5087719559669495
393,nzpVDcQ0ywM$_$17,1.600000023841858,0.006402865052223206,0.0006581778288818896,0.9937976002693176,0.0055441525764763355,audio,0.5,0.30434781312942505,0.48148149251937866
177,dq3Nf_lMPnE$_$9,-0.800000011920929,-0.04352085292339325,0.00045055797090753913,0.9973645806312561,0.002184860873967409,audio,0.75,0.5652173757553101,0.4285714328289032
428,phBUpBr1hSo$_$10,-1.399999976158142,-0.43560758233070374,0.00047991296742111444,0.9953160285949707,0.004204102326184511,audio,0.5555555820465088,0.30000001192092896,0.5142857432365417
600,wMbj6ajWbic$_$16,-0.4000000059604645,-0.5436134934425354,0.00045888673048466444,0.9971600770950317,0.002381011378020048,audio,0.7200000286102295,0.5633803009986877,0.43529412150382996
163,d6hH302o4v8$_$32,-0.6000000238418579,-0.21251927316188812,0.0012096629943698645,0.9929805397987366,0.00580977275967598,audio,0.8888888955116272,0.3333333432674408,0.5862069129943848
630,yvsjCA6Y5Fc$_$22,-1.600000023841858,-0.7687493562698364,0.00041272916132584214,0.9965488314628601,0.0030385092832148075,audio,0.5714285969734192,0.5714285969734192,0.47058823704719543
490,tStelxIAHjw$_$13,-1.600000023841858,0.02207658439874649,0.0005318789626471698,0.994836688041687,0.004631507210433483,audio,0.5714285969734192,0.380952388048172,0.5600000023841858
226,f9O3YtZ2VfI$_$18,-1.0,-0.5552761554718018,0.0004468878614716232,0.9975764155387878,0.001976671861484647,audio,0.75,0.625,0.375
176,dq3Nf_lMPnE$_$6,0.800000011920929,-0.6431165933609009,0.0004634071665350348,0.9975693821907043,0.0019671358168125153,audio,0.6666666865348816,0.44999998807907104,0.25
651,zhpQhgha_KU$_$24,0.0,-0.7077540755271912,0.00039060856215655804,0.9973203539848328,0.0022890528198331594,audio,0.625,0.5909090638160706,0.40740740299224854
523,tmZoasNr4rU$_$8,-2.0,-0.565272331237793,0.0009424672462046146,0.9955592155456543,0.0034982424695044756,audio,1.0,0.512499988079071,0.5520833134651184
41,cM3Yna7AavY$_$3,1.0,-0.5207788348197937,0.0004741500597447157,0.9967658519744873,0.0027599898166954517,audio,0.6875,0.5531914830207825,0.4482758641242981
459,rnaNMUZpvvg$_$8,-1.600000023841858,0.08021166920661926,0.0007637149537913501,0.9952684044837952,0.003967831842601299,audio,0.8181818127632141,0.48275861144065857,0.5714285969734192
3,c7UH_rxdZv4$_$27,-1.7999999523162842,-0.5881545543670654,0.0004936449113301933,0.9963162541389465,0.0031901139300316572,audio,0.6521739363670349,0.5066666603088379,0.47154471278190613
361,lXPQBPVc5Cw$_$18,-1.399999976158142,-0.09759694337844849,0.0003120431792922318,0.996198832988739,0.0034891264513134956,audio,0.3636363744735718,0.4399999976158142,0.46666666865348816
96,cXypl4FnoZo$_$15,0.0,-0.5557613372802734,0.0003204498498234898,0.9974561333656311,0.0022233915515244007,audio,0.5833333134651184,0.5529412031173706,0.4215686321258545
340,lXPQBPVc5Cw$_$23,-2.4000000953674316,-0.1472918838262558,0.0004944379325024784,0.9959781169891357,0.0035274005495011806,audio,0.5333333611488342,0.47826087474823,0.4285714328289032
69,cW1FSBF59ik$_$17,2.4000000953674316,1.4556292295455933,0.000387277890695259,0.9961668848991394,0.003445808542892337,audio,0.5,0.4615384638309479,0.5333333611488342
234,f_pcplsH_V0$_$1,0.25,0.2172555774450302,0.0005820981459692121,0.9953209757804871,0.004096929915249348,audio,0.625,0.4375,0.5263158082962036
508,tmZoasNr4rU$_$15,0.25,-0.8606362342834473,0.0004558191867545247,0.9955465793609619,0.003997590858489275,audio,0.5833333134651184,0.4615384638309479,0.5625
431,phBUpBr1hSo$_$15,-2.200000047683716,-0.6087130904197693,0.00034900582977570593,0.9967556595802307,0.0028952877037227154,audio,0.5400000214576721,0.4968944191932678,0.4845360815525055
185,etzxEpPuc6I$_$17,-0.4000000059604645,-0.11518512666225433,0.0003796506207436323,0.9975032210350037,0.002117161639034748,audio,0.625,0.625,0.4035087823867798
363,nbWiPyCm4g0$_$10,1.2000000476837158,0.5344469547271729,0.0005482392734847963,0.9963197708129883,0.003131978213787079,audio,0.6363636255264282,0.5365853905677795,0.4375
576,wMbj6ajWbic$_$26,1.7999999523162842,0.793645977973938,0.0007423720671795309,0.9959933757781982,0.0032641764264553785,audio,0.8333333134651184,0.5,0.5
25,c7UH_rxdZv4$_$17,-1.399999976158142,-0.642851710319519,0.00041055335896089673,0.996385931968689,0.003203520318493247,audio,0.625,0.5277777910232544,0.5348837375640869
472,tIrG4oNLFzE$_$13,-2.0,-0.794037938117981,0.00046743612620048225,0.9961767196655273,0.003355838591232896,audio,0.6000000238418579,0.4923076927661896,0.489130437374115
254,fvVhgmXxadc$_$6,-0.20000000298023224,-0.9033985137939453,0.0006396383978426456,0.9956682920455933,0.0036920092534273863,audio,0.7200000286102295,0.4333333373069763,0.4861111044883728
253,fvVhgmXxadc$_$7,-1.0,-0.11949004977941513,0.00035984680289402604,0.994204580783844,0.005435580387711525,audio,0.38461539149284363,0.4285714328289032,0.6578947305679321
239,f_pcplsH_V0$_$7,0.0,-0.6918748617172241,0.00036891954368911684,0.996745228767395,0.0028858203440904617,audio,0.5454545617103577,0.5,0.4482758641242981
302,k5Y_838nuGo$_$24,0.6000000238418579,-0.15250356495380402,0.0001873971923487261,0.9961308240890503,0.0036817651707679033,audio,0.2222222238779068,0.5714285969734192,0.6000000238418579
507,tmZoasNr4rU$_$12,-2.200000047683716,-0.46924078464508057,0.000364335865015164,0.9959582686424255,0.003677436150610447,audio,0.6000000238418579,0.5517241358757019,0.6285714507102966
388,nzpVDcQ0ywM$_$10,-1.0,-0.7672736048698425,0.00043991667916998267,0.9962357878684998,0.0033243533689528704,audio,0.6000000238418579,0.5222222208976746,0.5
502,tStelxIAHjw$_$9,-1.399999976158142,-0.17767813801765442,0.00016824807971715927,0.998524010181427,0.0013077502371743321,audio,0.4444444477558136,0.8666666746139526,0.3888888955116272
7,c7UH_rxdZv4$_$23,-0.6000000238418579,0.5167222023010254,0.00022142688976600766,0.9965465664863586,0.003231960581615567,audio,0.25,0.5666666626930237,0.5277777910232544
619,yDtzw_Y-7RU$_$10,-0.6000000238418579,-0.5304274559020996,0.00032846274552866817,0.9978445768356323,0.0018269827123731375,audio,0.6666666865348816,0.6521739363670349,0.40740740299224854
656,zhpQhgha_KU$_$21,0.6000000238418579,-0.8584669232368469,0.00025602965615689754,0.9964753985404968,0.0032685708720237017,audio,0.42105263471603394,0.5161290168762207,0.5675675868988037
403,ob23OKe5a9Q$_$3,-1.2000000476837158,-0.7487122416496277,0.00021472257503774017,0.9963753819465637,0.0034099083859473467,audio,0.30000001192092896,0.5,0.5555555820465088
230,f_pcplsH_V0$_$13,1.600000023841858,-0.03293959051370621,0.0003651277511380613,0.996412456035614,0.003222490195184946,audio,0.4545454680919647,0.5,0.4545454680919647
373,nzpVDcQ0ywM$_$24,1.600000023841858,-0.021584607660770416,0.0008442829712294042,0.995590090751648,0.003565677907317877,audio,0.7777777910232544,0.4642857015132904,0.42424243688583374
356,lXPQBPVc5Cw$_$15,-2.799999952316284,-0.6645594239234924,0.0004338539729360491,0.9958269000053406,0.0037391739897429943,audio,0.5,0.4000000059604645,0.4583333432674408
51,cW1FSBF59ik$_$21,1.600000023841858,-0.21648386120796204,0.00021090083464514464,0.9969569444656372,0.0028322217985987663,audio,0.38461539149284363,0.6206896305084229,0.5882353186607361
296,jUzDDGyPkXU$_$15,1.3333333730697632,-0.596165657043457,0.00034868885995820165,0.996781587600708,0.0028696837835013866,audio,0.529411792755127,0.5909090638160706,0.49056604504585266
367,nbWiPyCm4g0$_$5,-1.399999976158142,-0.49943268299102783,0.0003693423350341618,0.9965099692344666,0.00312065496109426,audio,0.5555555820465088,0.5679012537002563,0.5104166865348816
104,d3_k5Xpfmik$_$13,2.200000047683716,1.4629013538360596,0.0005800834042020142,0.9971877932548523,0.002232088940218091,audio,0.6666666865348816,0.523809552192688,0.2800000011920929
404,ob23OKe5a9Q$_$2,1.0,0.22501768171787262,0.00023252156097441912,0.997757613658905,0.002009906340390444,audio,0.4285714328289032,0.6875,0.42105263471603394
156,d6hH302o4v8$_$31,-1.399999976158142,-0.6804654598236084,0.0003129012184217572,0.9968664050102234,0.0028206538408994675,audio,0.529411792755127,0.5681818127632141,0.5094339847564697
501,tStelxIAHjw$_$6,1.600000023841858,1.641711711883545,0.0005593252135440707,0.9961473941802979,0.003293266985565424,audio,0.7142857313156128,0.6428571343421936,0.5625
262,iiK8YX8oH1E$_$14,-1.2000000476837158,-1.006181240081787,0.0005420891684480011,0.9957400560379028,0.0037178874481469393,audio,0.6428571343421936,0.5,0.5
555,vyB00TXsimI$_$1,0.0,-0.24515756964683533,0.00038477606722153723,0.9957335591316223,0.0038817243184894323,audio,0.4000000059604645,0.40740740299224854,0.46875
57,cW1FSBF59ik$_$5,2.0,0.4709084928035736,0.0003260961966589093,0.9978567957878113,0.0018170535331591964,audio,0.6666666865348816,0.8181818127632141,0.4615384638309479
35,cM3Yna7AavY$_$13,-1.600000023841858,0.9271277785301208,0.0001914780295919627,0.997778594493866,0.002029981929808855,audio,0.30000001192092896,0.7142857313156128,0.4375
665,zhpQhgha_KU$_$4,-1.600000023841858,1.161841869354248,0.0005288096726872027,0.9963732361793518,0.003097953274846077,audio,0.625,0.5909090638160706,0.48148149251937866
591,wMbj6ajWbic$_$9,-2.0,0.19435730576515198,0.0004570111050270498,0.996648371219635,0.002894644858315587,audio,0.699999988079071,0.5600000023841858,0.5333333611488342
565,vyB00TXsimI$_$10,1.3333333730697632,-0.7736246585845947,0.00023276786669157445,0.9978176355361938,0.0019496449967846274,audio,0.4545454680919647,0.6451612710952759,0.4054054021835327
218,f9O3YtZ2VfI$_$10,-2.0,0.20881114900112152,0.0004455696907825768,0.9964728951454163,0.0030815519858151674,audio,0.5,0.5384615659713745,0.4000000059604645
45,cM3Yna7AavY$_$7,3.0,1.4114714860916138,0.0004979812656529248,0.9961150884628296,0.0033869442995637655,audio,0.5555555820465088,0.47297295928001404,0.4749999940395355
455,rnaNMUZpvvg$_$4,-2.4000000953674316,-0.6796942949295044,0.00028857128927484155,0.9969419836997986,0.002769376849755645,audio,0.3877550959587097,0.4964539110660553,0.42352941632270813
487,tIrG4oNLFzE$_$8,-1.2000000476837158,-0.9509240984916687,0.00033167333458550274,0.9960702657699585,0.003598080249503255,audio,0.46000000834465027,0.5230769515037537,0.5555555820465088
457,rnaNMUZpvvg$_$6,-2.5999999046325684,-0.810298502445221,0.00024052422668319196,0.9972129464149475,0.002546594711020589,audio,0.4000000059604645,0.5833333134651184,0.4642857015132904
293,jUzDDGyPkXU$_$10,2.4000000953674316,-0.14629477262496948,0.00030605861684307456,0.9971877932548523,0.002506187418475747,audio,0.4761904776096344,0.5423728823661804,0.43396225571632385
498,tStelxIAHjw$_$5,-2.200000047683716,-0.41132500767707825,0.0004213495412841439,0.995366096496582,0.004212559666484594,audio,0.5714285969734192,0.47999998927116394,0.6333333253860474
460,rnaNMUZpvvg$_$11,-2.5999999046325684,-0.34952130913734436,0.00024958705762401223,0.9979261159896851,0.0018243261147290468,audio,0.4166666567325592,0.6315789222717285,0.31111112236976624
683,zhpQhgha_KU$_$34,1.2000000476837158,1.484900712966919,0.0006307570729404688,0.9937422871589661,0.005626923870295286,audio,0.5,0.3333333432674408,0.5454545617103577
165,dq3Nf_lMPnE$_$10,1.0,0.05029451847076416,0.0004743217723444104,0.9964447617530823,0.003080944996327162,audio,0.6000000238418579,0.46875,0.44736841320991516
110,d3_k5Xpfmik$_$19,0.20000000298023224,-0.16793806850910187,0.00047451903810724616,0.9962926506996155,0.003232838585972786,audio,0.6176470518112183,0.48148149251937866,0.4806201457977295
568,vyB00TXsimI$_$15,2.5999999046325684,-0.7645397782325745,0.0003797743993345648,0.9948648810386658,0.004755374975502491,audio,0.44999998807907104,0.47826087474823,0.6219512224197388
193,etzxEpPuc6I$_$4,0.800000011920929,-0.41634631156921387,0.00031276472145691514,0.9963212013244629,0.0033660412300378084,audio,0.5,0.49056604504585266,0.5645161271095276
561,vyB00TXsimI$_$6,2.0,0.287933886051178,0.0005378063069656491,0.995363712310791,0.004098413046449423,audio,0.6086956262588501,0.4868420958518982,0.554347813129425
181,etzxEpPuc6I$_$13,-2.200000047683716,-0.6333281397819519,0.00035742553882300854,0.9971240162849426,0.0025185805279761553,audio,0.5277777910232544,0.49494948983192444,0.39047619700431824
629,yvsjCA6Y5Fc$_$21,-1.7999999523162842,-0.8048856854438782,0.00035758668673224747,0.9966008067131042,0.003041603369638324,audio,0.5600000023841858,0.5113636255264282,0.5047619342803955
684,zhpQhgha_KU$_$33,-0.4000000059604645,-0.5951299071311951,0.0003277463256381452,0.9964233040809631,0.003248949069529772,audio,0.5625,0.5490196347236633,0.5901639461517334
470,tIrG4oNLFzE$_$11,-1.600000023841858,-0.6199996471405029,0.0004711307701654732,0.9957420229911804,0.0037867811042815447,audio,0.5625,0.4649122953414917,0.5147058963775635
221,f9O3YtZ2VfI$_$15,-1.2000000476837158,-0.5182512402534485,0.0007937810150906444,0.9947304725646973,0.00447574257850647,audio,0.699999988079071,0.4285714328289032,0.47999998927116394
17,c7UH_rxdZv4$_$9,-0.4000000059604645,-0.7498490810394287,0.0001960539520950988,0.9972905516624451,0.002513339277356863,audio,0.37037035822868347,0.53125,0.5
344,lXPQBPVc5Cw$_$3,-2.4000000953674316,-0.7751379013061523,0.0003364341100677848,0.9959486722946167,0.0037148313131183386,audio,0.5,0.38461539149284363,0.5483871102333069
333,lXPQBPVc5Cw$_$24,-1.399999976158142,-0.9961267709732056,0.0002903970016632229,0.99718177318573,0.00252782111056149,audio,0.5714285969734192,0.5714285969734192,0.5199999809265137
166,dq3Nf_lMPnE$_$13,-1.2000000476837158,1.0721313953399658,0.00030618091113865376,0.9971477389335632,0.002546054543927312,audio,0.4749999940395355,0.6129032373428345,0.48128342628479004
519,tmZoasNr4rU$_$4,-0.800000011920929,-0.9909598231315613,0.0005069022299721837,0.9957442879676819,0.003748812945559621,audio,0.625,0.4751773178577423,0.5178571343421936
235,f_pcplsH_V0$_$3,0.800000011920929,-0.39661651849746704,0.0008092204807326198,0.9964918494224548,0.0026989325415343046,audio,0.9090909361839294,0.4761904776096344,0.40789473056793213
463,rnaNMUZpvvg$_$12,-1.0,-0.9158353209495544,0.00034652178874239326,0.9957035183906555,0.003949940670281649,audio,0.5,0.4583333432674408,0.5964912176132202
425,pLTX3ipuDJI$_$9,0.0,-0.8412337303161621,0.0003922517935279757,0.9965183734893799,0.003089331556111574,audio,0.59375,0.4848484992980957,0.5128205418586731
607,yDtzw_Y-7RU$_$22,2.0,0.6123791337013245,0.0008228342630900443,0.994023859500885,0.005153360776603222,audio,0.7142857313156128,0.5,0.5789473652839661
12,c7UH_rxdZv4$_$2,-2.5999999046325684,0.07811655104160309,0.0004699799173977226,0.9947602152824402,0.004769853316247463,audio,0.4000000059604645,0.380952388048172,0.47999998927116394
76,cXypl4FnoZo$_$27,0.800000011920929,-0.27435532212257385,0.0008315191953442991,0.9949842691421509,0.004184151068329811,audio,0.7142857313156128,0.30000001192092896,0.4166666567325592
550,vvZ4IcEtiZc$_$9,2.200000047683716,0.4762765169143677,0.0004969047149643302,0.9962373971939087,0.0032656907569617033,audio,0.53125,0.5376344323158264,0.4324324429035187
420,pLTX3ipuDJI$_$2,-1.7999999523162842,-0.4636495113372803,0.00031856386340223253,0.9962378740310669,0.0034435084089636803,audio,0.42222222685813904,0.49242424964904785,0.5189873576164246
586,wMbj6ajWbic$_$2,-0.800000011920929,-0.5180320143699646,0.0003522826300468296,0.9956831932067871,0.003964582458138466,audio,0.4285714328289032,0.3734939694404602,0.5199999809265137
587,wMbj6ajWbic$_$5,0.20000000298023224,-0.37561631202697754,0.00041507178684696555,0.9964726567268372,0.003112286329269409,audio,0.5,0.41025641560554504,0.3958333432674408
278,jUzDDGyPkXU$_$27,-2.0,0.27021485567092896,0.000259802007349208,0.9966902732849121,0.003049880499020219,audio,0.4166666567325592,0.5,0.5400000214576721
238,f_pcplsH_V0$_$4,0.5,-0.5184358954429626,0.0003747133305296302,0.9967043995857239,0.002920912578701973,audio,0.5833333134651184,0.5733333230018616,0.5111111402511597
622,yDtzw_Y-7RU$_$15,0.6000000238418579,-0.2753373980522156,0.0003788398753385991,0.9963788390159607,0.0032422977965325117,audio,0.4615384638309479,0.5714285969734192,0.4545454680919647
680,zhpQhgha_KU$_$31,-1.0,-0.3742959499359131,0.0004462414653971791,0.9961410164833069,0.0034127687104046345,audio,0.5,0.4375,0.43103447556495667
199,f9O3YtZ2VfI$_$25,-1.399999976158142,1.08771812915802,0.00047473059385083616,0.9954577684402466,0.004067571833729744,audio,0.5,0.4761904776096344,0.5199999809265137
603,wMbj6ajWbic$_$30,0.800000011920929,-0.5354260206222534,0.00046877184649929404,0.9966000914573669,0.0029311138205230236,audio,0.6153846383094788,0.4000000059604645,0.4166666567325592
614,yDtzw_Y-7RU$_$7,-0.20000000298023224,-0.37572845816612244,0.0003527000080794096,0.9953704476356506,0.004276823718100786,audio,0.46666666865348816,0.41860464215278625,0.5961538553237915
631,yvsjCA6Y5Fc$_$23,-1.2000000476837158,-0.5027206540107727,0.00033397230436094105,0.9967848062515259,0.0028811704833060503,audio,0.6000000238418579,0.567251443862915,0.5507246255874634
290,jUzDDGyPkXU$_$9,2.799999952316284,2.2725040912628174,0.0007651100168004632,0.9959982633590698,0.003236633026972413,audio,0.8571428656578064,0.47826087474823,0.5357142686843872
19,c7UH_rxdZv4$_$11,1.0,-0.7625313997268677,0.0004298835410736501,0.9967008233070374,0.0028692912310361862,audio,0.5833333134651184,0.4749999940395355,0.40425533056259155
386,nzpVDcQ0ywM$_$8,2.0,0.4937991499900818,0.0003989542310591787,0.9964853525161743,0.003115736646577716,audio,0.5714285969734192,0.5799999833106995,0.5166666507720947
286,jUzDDGyPkXU$_$5,-1.2000000476837158,-0.9333145618438721,0.00032422004733234644,0.9965612292289734,0.0031145240645855665,audio,0.5625,0.5813953280448914,0.5769230723381042
261,iiK8YX8oH1E$_$15,0.6000000238418579,-0.35491204261779785,0.00037983545917086303,0.9976063966751099,0.0020137131214141846,audio,0.5,0.5,0.2222222238779068
486,tIrG4oNLFzE$_$9,-1.0,-0.23356914520263672,0.0005981483263894916,0.9952402114868164,0.004161648917943239,audio,0.625,0.4137931168079376,0.5
495,tStelxIAHjw$_$1,0.0,-0.19291986525058746,0.000479320966405794,0.9953546524047852,0.004166071303188801,audio,0.5833333134651184,0.47826087474823,0.5783132314682007
581,wMbj6ajWbic$_$23,1.7999999523162842,-0.3405289649963379,0.00022768987400922924,0.9960495829582214,0.0037227515131235123,audio,0.4000000059604645,0.517241358757019,0.6764705777168274
279,jUzDDGyPkXU$_$20,-2.200000047683716,-0.6177573204040527,0.000496088876388967,0.9963324666023254,0.003171485848724842,audio,0.699999988079071,0.37837839126586914,0.4888888895511627
500,tStelxIAHjw$_$7,1.399999976158142,0.009044360369443893,0.0002261370827909559,0.9975159168243408,0.0022579231299459934,audio,0.5,0.7647058963775635,0.550000011920929
70,cW1FSBF59ik$_$16,3.0,-0.08754856884479523,0.0003414380189497024,0.9959914088249207,0.003667226992547512,audio,0.5,0.45588234066963196,0.5731707215309143
330,k5Y_838nuGo$_$18,0.4000000059604645,1.1026333570480347,0.0003261222445871681,0.9952695965766907,0.004404265433549881,audio,0.5,0.6470588445663452,0.75
122,d6hH302o4v8$_$43,-2.5,0.041571080684661865,0.00043334494694136083,0.9954423904418945,0.004124260973185301,audio,0.5384615659713745,0.5,0.5789473652839661
585,wMbj6ajWbic$_$3,0.0,0.3724241256713867,0.0009230020805262029,0.9961580634117126,0.0029189870692789555,audio,0.8888888955116272,0.4444444477558136,0.375
419,pLTX3ipuDJI$_$3,-1.2000000476837158,-0.5971701741218567,0.00036323530366644263,0.9976824522018433,0.001954273786395788,audio,0.52173912525177,0.5094339847564697,0.25
127,d6hH302o4v8$_$20,1.0,-0.6136631369590759,0.0003619783092290163,0.996391236782074,0.003246741369366646,audio,0.5,0.5199999809265137,0.4833333194255829
220,f9O3YtZ2VfI$_$12,-1.7999999523162842,-0.7298277020454407,0.00035701936576515436,0.9970791339874268,0.0025639240629971027,audio,0.6666666865348816,0.6190476417541504,0.5199999809265137
212,f9O3YtZ2VfI$_$4,-2.4000000953674316,-0.18699584901332855,0.0003237109922338277,0.9959297776222229,0.0037464997731149197,audio,0.27272728085517883,0.375,0.3913043439388275
273,iiK8YX8oH1E$_$9,0.4000000059604645,-0.7718710899353027,0.0004570338933262974,0.9960300326347351,0.0035129303578287363,audio,0.5,0.4482758641242981,0.4117647111415863
479,tIrG4oNLFzE$_$1,2.799999952316284,0.32767197489738464,0.0007223754655569792,0.9953691363334656,0.003908457700163126,audio,0.75,0.47560974955558777,0.5204081535339355
138,d6hH302o4v8$_$5,-1.3333333730697632,0.6063039302825928,0.0005061861593276262,0.9924623966217041,0.007031432818621397,audio,0.5714285969734192,0.6000000238418579,0.8333333134651184
200,f9O3YtZ2VfI$_$26,1.399999976158142,1.64010751247406,0.0007691180799156427,0.9951457381248474,0.004085098393261433,audio,0.7142857313156128,0.4375,0.5
24,c7UH_rxdZv4$_$14,1.2000000476837158,-0.15063682198524475,0.0002829830045811832,0.9968628883361816,0.002854194724932313,audio,0.5,0.5625,0.5344827771186829
439,phBUpBr1hSo$_$3,2.799999952316284,0.023502714931964874,0.00033998850267380476,0.9971951246261597,0.002464809687808156,audio,0.6428571343421936,0.6341463327407837,0.5306122303009033
510,tmZoasNr4rU$_$17,-1.399999976158142,-0.40633007884025574,0.0004337602586019784,0.9958064556121826,0.003759806277230382,audio,0.5384615659713745,0.48689138889312744,0.5249999761581421
590,wMbj6ajWbic$_$6,1.7999999523162842,0.12041924893856049,0.0004297580453567207,0.9962426424026489,0.0033276702743023634,audio,0.5357142686843872,0.4264705777168274,0.46666666865348816
315,k5Y_838nuGo$_$5,-1.3333333730697632,-0.5424875617027283,0.0006437319680117071,0.9965468049049377,0.002809531521052122,audio,0.7272727489471436,0.4375,0.3499999940395355
669,zhpQhgha_KU$_$8,-1.0,-0.7445300817489624,0.00040158393676392734,0.9958673715591431,0.0037310102488845587,audio,0.6000000238418579,0.46341463923454285,0.5918367505073547
32,c7UH_rxdZv4$_$32,-2.200000047683716,-0.757204532623291,0.00037249631714075804,0.9965125918388367,0.0031148726120591164,audio,0.6666666865348816,0.6000000238418579,0.6086956262588501
605,yDtzw_Y-7RU$_$20,-0.6000000238418579,-0.5753520131111145,0.0006905933259986341,0.9949994087219238,0.0043099867179989815,audio,0.6000000238418579,0.38461539149284363,0.4193548262119293
634,yvsjCA6Y5Fc$_$2,-1.2000000476837158,-0.6632619500160217,0.0003165397502016276,0.9978430271148682,0.0018404066795483232,audio,0.5833333134651184,0.6785714030265808,0.3529411852359772
541,vvZ4IcEtiZc$_$10,-2.0,-0.672822892665863,0.00034090245026163757,0.9978429079055786,0.001816161209717393,audio,0.6000000238418579,0.6458333134651184,0.3333333432674408
441,phBUpBr1hSo$_$5,-1.399999976158142,-0.019142121076583862,0.0003860093711409718,0.9945054650306702,0.005108484998345375,audio,0.4117647111415863,0.4528301954269409,0.6315789222717285
348,lXPQBPVc5Cw$_$7,-2.799999952316284,-0.961537778377533,0.00024145726638380438,0.9967478513717651,0.0030107342172414064,audio,0.36666667461395264,0.523809552192688,0.5064935088157654
43,cM3Yna7AavY$_$5,2.799999952316284,-0.2773725390434265,0.0005084782023914158,0.9959048628807068,0.0035867001861333847,audio,0.6666666865348816,0.4651162922382355,0.5384615659713745
516,tmZoasNr4rU$_$3,-2.0,-0.7106336951255798,0.0006108430097810924,0.9945782423019409,0.00481087900698185,audio,0.5,0.3076923191547394,0.4375
167,dq3Nf_lMPnE$_$12,-1.600000023841858,-0.3705839514732361,0.00047640703269280493,0.9965988993644714,0.0029247452039271593,audio,0.6428571343421936,0.5,0.4516128897666931
248,fvVhgmXxadc$_$1,-0.4000000059604645,-0.5035458207130432,0.00029990047914907336,0.9967578053474426,0.002942264312878251,audio,0.44999998807907104,0.5384615659713745,0.47727271914482117
160,d6hH302o4v8$_$35,-1.600000023841858,-0.7077795267105103,0.0002940009580925107,0.9962210655212402,0.0034849459771066904,audio,0.5,0.5897436141967773,0.6170212626457214
432,phBUpBr1hSo$_$14,-1.2000000476837158,-0.2868432402610779,0.0004024268710054457,0.9974110722541809,0.0021864967420697212,audio,0.75,0.625,0.4791666567325592
38,cM3Yna7AavY$_$14,-2.5999999046325684,0.3251417577266693,0.0007399594760499895,0.9933214783668518,0.00593858677893877,audio,0.5555555820465088,0.3478260934352875,0.5185185074806213
150,d6hH302o4v8$_$15,-1.75,-0.6555065512657166,0.000717881484888494,0.9965553283691406,0.0027268165722489357,audio,0.75,0.4285714328289032,0.3125
83,cXypl4FnoZo$_$1,1.0,-0.4354592561721802,0.00048535020323470235,0.9973681569099426,0.0021465271711349487,audio,0.7692307829856873,0.6086956262588501,0.40740740299224854
27,c7UH_rxdZv4$_$19,-1.7999999523162842,-0.7672696113586426,0.00028803720488213,0.9966345429420471,0.003077446250244975,audio,0.4444444477558136,0.5111111402511597,0.5
55,cW1FSBF59ik$_$3,-1.0,-0.5774531364440918,0.00036977461422793567,0.9946580529212952,0.004972196649760008,audio,0.40909090638160706,0.4126984179019928,0.5909090638160706
408,ob23OKe5a9Q$_$6,0.0,-0.8003847002983093,0.00035698694409802556,0.996792733669281,0.002850299933925271,audio,0.5600000023841858,0.4615384638309479,0.460317462682724
2,c7UH_rxdZv4$_$26,-2.5999999046325684,0.6727747321128845,0.0004767192294821143,0.9962154030799866,0.003307910403236747,audio,0.6363636255264282,0.5609756112098694,0.5400000214576721
317,k5Y_838nuGo$_$7,-2.4000000953674316,0.3219395577907562,0.0005090829799883068,0.9958521127700806,0.003638774622231722,audio,0.5,0.3888888955116272,0.40909090638160706
492,tStelxIAHjw$_$15,0.4000000059604645,-0.49337443709373474,0.00031571841100230813,0.9968440532684326,0.002840230008587241,audio,0.46666666865348816,0.5370370149612427,0.453125
74,cXypl4FnoZo$_$25,-1.2000000476837158,-0.4499051570892334,0.0004050403949804604,0.9962806105613708,0.0033143507316708565,audio,0.6190476417541504,0.5714285969734192,0.5593220591545105
260,iiK8YX8oH1E$_$12,1.7999999523162842,0.3913235366344452,0.00043914723210036755,0.995630145072937,0.003930763807147741,audio,0.6000000238418579,0.6666666865348816,0.6315789222717285
473,tIrG4oNLFzE$_$12,-2.5999999046325684,-0.5407851934432983,0.0005282716592773795,0.9957466721534729,0.0037250155583024025,audio,0.6666666865348816,0.48148149251937866,0.53125
540,vvZ4IcEtiZc$_$11,1.600000023841858,-0.47269952297210693,0.0007122040842659771,0.9961779117584229,0.0031098274048417807,audio,0.6666666865348816,0.4166666567325592,0.30000001192092896
384,nzpVDcQ0ywM$_$6,-1.399999976158142,-0.5126118063926697,0.0005951367784291506,0.9945407509803772,0.004864102695137262,audio,0.5454545617103577,0.40425533056259155,0.5
402,ob23OKe5a9Q$_$1,1.2000000476837158,1.5240845680236816,0.0005825832486152649,0.9967519044876099,0.0026655159890651703,audio,0.75,0.6206896305084229,0.47058823704719543
259,iiK8YX8oH1E$_$13,-2.0,-1.02655827999115,0.0004951872397214174,0.9936975836753845,0.005807213019579649,audio,0.5454545617103577,0.46666666865348816,0.6666666865348816
132,d6hH302o4v8$_$29,-1.7999999523162842,-0.7963905930519104,0.0006074770935811102,0.9945850968360901,0.004807444289326668,audio,0.7037037014961243,0.41428571939468384,0.6097561120986938
579,wMbj6ajWbic$_$21,1.600000023841858,-0.29655927419662476,0.0004829219833482057,0.99594646692276,0.003570655593648553,audio,0.6470588445663452,0.43589743971824646,0.5319148898124695
398,ob23OKe5a9Q$_$10,1.25,-0.09142739325761795,0.0008173341630026698,0.9939560294151306,0.005226709879934788,audio,0.5,0.23529411852359772,0.3499999940395355
305,k5Y_838nuGo$_$27,-0.800000011920929,-0.7992981672286987,0.0003585544473025948,0.9966026544570923,0.003038806840777397,audio,0.4848484992980957,0.4838709533214569,0.4464285671710968
289,jUzDDGyPkXU$_$6,-1.600000023841858,-0.9192481637001038,0.0003367169701959938,0.9974201917648315,0.0022430461831390858,audio,0.5806451439857483,0.4639175236225128,0.380952388048172
116,d3_k5Xpfmik$_$4,-1.0,-0.3740323483943939,0.0008207297069020569,0.9949837923049927,0.00419545266777277,audio,0.8333333134651184,0.40425533056259155,0.5357142686843872
349,lXPQBPVc5Cw$_$6,-1.399999976158142,-0.7044066190719604,0.00030092959059402347,0.9964621663093567,0.003236914984881878,audio,0.4166666567325592,0.4880000054836273,0.47999998927116394
15,c7UH_rxdZv4$_$7,-3.0,-0.33696427941322327,0.00025537435431033373,0.9969866871833801,0.0027579013258218765,audio,0.5714285969734192,0.6875,0.6499999761581421
33,cM3Yna7AavY$_$11,2.0,-0.08794957399368286,0.0006051986129023135,0.9950770735740662,0.0043177553452551365,audio,0.5555555820465088,0.4000000059604645,0.46666666865348816
602,wMbj6ajWbic$_$18,-1.0,0.3238644003868103,0.000593779084738344,0.9956289529800415,0.003777290927246213,audio,0.7647058963775635,0.5531914830207825,0.6122449040412903
466,rnaNMUZpvvg$_$17,-1.600000023841858,0.20506757497787476,0.0003939068701583892,0.9959250688552856,0.003680983791127801,audio,0.4285714328289032,0.4761904776096344,0.47999998927116394
563,vyB00TXsimI$_$8,2.5999999046325684,-0.3378634750843048,0.0003246160631533712,0.9960709810256958,0.0036043799482285976,audio,0.44999998807907104,0.47999998927116394,0.5423728823661804
410,ob23OKe5a9Q$_$8,0.6000000238418579,0.10434754192829132,0.00045285344822332263,0.9964601397514343,0.003087021876126528,audio,0.6111111044883728,0.5327102541923523,0.49152541160583496
645,yvsjCA6Y5Fc$_$15,-2.0,-0.6149284243583679,0.0004533202445600182,0.9948898553848267,0.004656793083995581,audio,0.5,0.3684210479259491,0.5441176295280457
660,zhpQhgha_KU$_$29,-1.2000000476837158,-0.37279245257377625,0.00037568117841146886,0.9968184232711792,0.002805860247462988,audio,0.5714285969734192,0.5416666865348816,0.46666666865348816
520,tmZoasNr4rU$_$7,-1.0,-0.42308008670806885,0.00042917433893308043,0.995501697063446,0.004069125279784203,audio,0.517241358757019,0.4740259647369385,0.5380434989929199
49,cW1FSBF59ik$_$24,0.0,0.09449262917041779,0.0002992928493767977,0.9971659779548645,0.0025346633046865463,audio,0.5,0.5517241358757019,0.4571428596973419
551,vvZ4IcEtiZc$_$8,-1.5,-0.7667161822319031,0.000257170177064836,0.9969646334648132,0.0027781559620052576,audio,0.4375,0.6393442749977112,0.5270270109176636
444,phBUpBr1hSo$_$6,1.600000023841858,-0.39597734808921814,0.0003524823405314237,0.9969229102134705,0.002724642865359783,audio,0.550000011920929,0.5106382966041565,0.45614033937454224
34,cM3Yna7AavY$_$10,1.600000023841858,1.0331138372421265,0.0007785371853969991,0.9940757751464844,0.005145612638443708,audio,0.7142857313156128,0.42105263471603394,0.6086956262588501
536,v0zCBqDeKcE$_$7,1.399999976158142,-0.5125071406364441,0.0005229866364970803,0.9953006505966187,0.004176340531557798,audio,0.6000000238418579,0.4444444477558136,0.5483871102333069
105,d3_k5Xpfmik$_$12,2.0,-0.5400171875953674,0.0004134927876293659,0.9969425797462463,0.0026438587810844183,audio,0.625,0.5,0.43661972880363464
204,f9O3YtZ2VfI$_$22,1.399999976158142,-0.4043044447898865,0.0005684515344910324,0.9957953691482544,0.0036361454986035824,audio,0.7272727489471436,0.48275861144065857,0.529411792755127
306,k5Y_838nuGo$_$20,0.4000000059604645,-0.48498427867889404,0.0005515653174370527,0.9964738488197327,0.0029746161308139563,audio,0.699999988079071,0.4736842215061188,0.4285714328289032
36,cM3Yna7AavY$_$12,-1.0,-0.7059977650642395,0.0005348729901015759,0.9967603087425232,0.002704831538721919,audio,0.7142857313156128,0.5,0.4054054021835327
664,zhpQhgha_KU$_$5,-2.200000047683716,-1.0459414720535278,0.0003731964679900557,0.9975300431251526,0.0020967640448361635,audio,0.6086956262588501,0.5555555820465088,0.3488371968269348
184,etzxEpPuc6I$_$14,-1.2000000476837158,-0.2584557831287384,0.000332131254253909,0.9959577918052673,0.0037101120688021183,audio,0.5199999809265137,0.46666666865348816,0.6000000238418579
552,vyB00TXsimI$_$20,2.200000047683716,0.41663703322410583,0.000517747481353581,0.9953169822692871,0.004165301565080881,audio,0.6363636255264282,0.4838709533214569,0.5945945978164673
556,vyB00TXsimI$_$3,2.200000047683716,-0.43103545904159546,0.0003869211650453508,0.9966138005256653,0.0029992940835654736,audio,0.5416666865348816,0.48571428656578064,0.4523809552192688
601,wMbj6ajWbic$_$19,-0.6000000238418579,-0.6009195446968079,0.00038397827302105725,0.996455192565918,0.0031608608551323414,audio,0.5882353186607361,0.3799999952316284,0.5
480,tIrG4oNLFzE$_$3,2.5999999046325684,1.8337304592132568,0.0006336160586215556,0.9934787750244141,0.00588755588978529,audio,0.5714285969734192,0.3589743673801422,0.6382978558540344
284,jUzDDGyPkXU$_$3,0.0,-0.3356056213378906,0.0003986250958405435,0.9963100552558899,0.00329130538739264,audio,0.5555555820465088,0.4444444477558136,0.5
368,nbWiPyCm4g0$_$4,-2.200000047683716,-0.7803255319595337,0.0004129245353396982,0.9968637228012085,0.0027234223671257496,audio,0.5813953280448914,0.5433070659637451,0.41447368264198303
374,nzpVDcQ0ywM$_$20,0.20000000298023224,0.2968272566795349,0.00048179281293414533,0.9963410496711731,0.0031771196518093348,audio,0.6000000238418579,0.5454545617103577,0.4615384638309479
534,v0zCBqDeKcE$_$5,2.0,1.3425920009613037,0.0005608256906270981,0.9955071210861206,0.003932036459445953,audio,0.6666666865348816,0.5333333611488342,0.5833333134651184
86,cXypl4FnoZo$_$5,1.7999999523162842,0.7895901799201965,0.0005152769736014307,0.9945337772369385,0.004950998816639185,audio,0.5625,0.5161290168762207,0.6486486196517944
52,cW1FSBF59ik$_$22,-1.0,-0.21223190426826477,0.0005234128911979496,0.996743381023407,0.002733259927481413,audio,0.7200000286102295,0.5098039507865906,0.44999998807907104
621,yDtzw_Y-7RU$_$12,-0.6666666865348816,-0.739865779876709,0.00041867009713314474,0.9953965544700623,0.004184785299003124,audio,0.5333333611488342,0.3877550959587097,0.5593220591545105
391,nzpVDcQ0ywM$_$15,-0.6000000238418579,-0.6537634134292603,0.0006808964535593987,0.9938406944274902,0.005478421691805124,audio,0.5,0.3333333432674408,0.4545454680919647
323,k5Y_838nuGo$_$13,0.6000000238418579,-0.7703272700309753,0.00028379837749525905,0.9977056384086609,0.0020106008742004633,audio,0.5714285969734192,0.7333333492279053,0.4444444477558136
378,nzpVDcQ0ywM$_$1,0.0,0.6461248993873596,0.00047529672156088054,0.996458113193512,0.0030666165985167027,audio,0.5333333611488342,0.5208333134651184,0.4035087823867798
677,zhpQhgha_KU$_$16,1.7999999523162842,0.4864685833454132,0.000312723102979362,0.9968178272247314,0.002869444666430354,audio,0.4375,0.5652173757553101,0.4727272689342499
241,f_pcplsH_V0$_$9,-2.4000000953674316,-0.4550471305847168,0.0007606130093336105,0.9964829683303833,0.002756435889750719,audio,0.6666666865348816,0.47058823704719543,0.2380952388048172
139,d6hH302o4v8$_$4,-1.600000023841858,-0.10885703563690186,0.0002179873554268852,0.9970846772193909,0.0026973478961735964,audio,0.25,0.529411792755127,0.4000000059604645
299,jUzDDGyPkXU$_$16,1.2000000476837158,-0.1657981276512146,0.0002672573027666658,0.9973618388175964,0.0023708706721663475,audio,0.4375,0.5890411138534546,0.4252873659133911
223,f9O3YtZ2VfI$_$17,-2.0,-0.5485605001449585,0.0004859806504100561,0.9970815777778625,0.0024324781261384487,audio,0.7058823704719543,0.5205479264259338,0.38596490025520325
119,d3_k5Xpfmik$_$9,1.399999976158142,0.5285224318504333,0.0007207763264887035,0.9962809681892395,0.0029983066488057375,audio,0.9090909361839294,0.53125,0.5263158082962036
190,etzxEpPuc6I$_$3,-1.600000023841858,-0.5038963556289673,0.0006661239312961698,0.9964554309844971,0.0028785280883312225,audio,0.8181818127632141,0.4893617033958435,0.4464285671710968
383,nzpVDcQ0ywM$_$7,-1.0,-0.3703269958496094,0.0012334577040746808,0.9925692677497864,0.006197210401296616,audio,0.875,0.3636363744735718,0.5925925970077515
179,etzxEpPuc6I$_$11,-1.600000023841858,-0.46898168325424194,0.00030251737916842103,0.9975908994674683,0.0021065662149339914,audio,0.5789473652839661,0.6078431606292725,0.4354838728904724
430,phBUpBr1hSo$_$12,1.7999999523162842,-0.9308624863624573,0.00029192492365837097,0.9968581199645996,0.0028499215841293335,audio,0.47999998927116394,0.5133333206176758,0.49444442987442017
22,c7UH_rxdZv4$_$12,-2.799999952316284,-0.3741687536239624,0.000482534640468657,0.9966895580291748,0.002827873220667243,audio,0.5714285969734192,0.39393940567970276,0.3333333432674408
197,etzxEpPuc6I$_$8,-1.0,-0.8938496112823486,0.00033596158027648926,0.9961397051811218,0.0035243877209722996,audio,0.46666666865348816,0.44186046719551086,0.5192307829856873
188,etzxEpPuc6I$_$18,1.399999976158142,-0.4181981086730957,0.00039233139250427485,0.9966793060302734,0.0029283459298312664,audio,0.6000000238418579,0.5714285969734192,0.5
506,tmZoasNr4rU$_$13,-0.800000011920929,-0.9093465805053711,0.00037003413308411837,0.996679425239563,0.0029505733400583267,audio,0.5,0.46000000834465027,0.4137931168079376
325,k5Y_838nuGo$_$15,-0.800000011920929,0.640719473361969,0.00041362870251759887,0.9949705004692078,0.004615908954292536,audio,0.4583333432674408,0.42592594027519226,0.5846154093742371
397,ob23OKe5a9Q$_$11,0.800000011920929,-0.1667861044406891,0.00040153227746486664,0.9956466555595398,0.003951807972043753,audio,0.4545454680919647,0.4661654233932495,0.5222222208976746
88,cXypl4FnoZo$_$7,-1.0,-0.5489288568496704,0.0008441814570687711,0.994617760181427,0.0045381104573607445,audio,0.9166666865348816,0.5454545617103577,0.6666666865348816
225,f9O3YtZ2VfI$_$19,-0.6000000238418579,-0.9743778705596924,0.0004733690875582397,0.9959965944290161,0.0035299863666296005,audio,0.625,0.4545454680919647,0.5
503,tStelxIAHjw$_$8,-2.0,1.3954048156738281,0.0002567129849921912,0.996384859085083,0.003358368296176195,audio,0.4444444477558136,0.7272727489471436,0.692307710647583
170,dq3Nf_lMPnE$_$1,0.0,-0.2683691382408142,0.0002983800950460136,0.9960797429084778,0.003621931653469801,audio,0.47826087474823,0.48275861144065857,0.604651153087616
610,yDtzw_Y-7RU$_$3,0.75,-0.06284984946250916,0.00024269867572002113,0.997326135635376,0.0024311726447194815,audio,0.3571428656578064,0.5762711763381958,0.41428571939468384
547,vvZ4IcEtiZc$_$4,2.200000047683716,-0.5543653964996338,0.00037308360333554447,0.9961904287338257,0.0034364666789770126,audio,0.5,0.49038460850715637,0.5
126,d6hH302o4v8$_$27,-2.5999999046325684,0.29657429456710815,0.00039334659231826663,0.9977694749832153,0.0018371575279161334,audio,0.4000000059604645,0.4444444477558136,0.09090909361839294
242,f_pcplsH_V0$_$8,0.800000011920929,-0.6705038547515869,0.0008645641501061618,0.9945831894874573,0.004552199970930815,audio,0.75,0.3461538553237915,0.4838709533214569
433,phBUpBr1hSo$_$17,2.0,-0.2014353722333908,0.00042896848754025996,0.9966358542442322,0.002935213502496481,audio,0.6000000238418579,0.5588235259056091,0.48148149251937866
545,vvZ4IcEtiZc$_$2,2.4000000953674316,1.4224414825439453,0.0005568468477576971,0.9953463673591614,0.004096759017556906,audio,0.5,0.4117647111415863,0.44999998807907104
152,d6hH302o4v8$_$17,-2.0,-0.23085342347621918,0.0009173695580102503,0.9960964322090149,0.002986211096867919,audio,0.8333333134651184,0.46666666865348816,0.3333333432674408
549,vvZ4IcEtiZc$_$6,1.0,-0.7902106046676636,0.00023288749798666686,0.9973331689834595,0.002433926099911332,audio,0.2916666567325592,0.5070422291755676,0.3499999940395355
451,rnaNMUZpvvg$_$1,-2.5999999046325684,-0.8958547711372375,0.0003727034491021186,0.9948545694351196,0.004772688262164593,audio,0.5,0.41860464215278625,0.6470588445663452
558,vyB00TXsimI$_$5,1.7999999523162842,2.1194775104522705,0.0015053931856527925,0.9922448992729187,0.0062497518956661224,audio,0.8571428656578064,0.30000001192092896,0.5454545617103577
264,iiK8YX8oH1E$_$16,0.0,-0.7288439273834229,0.0006352947675623,0.9943200349807739,0.005044673569500446,audio,0.625,0.3571428656578064,0.5625
316,k5Y_838nuGo$_$4,1.0,-0.31367138028144836,0.00039042820571921766,0.9968769550323486,0.0027326319832354784,audio,0.4615384638309479,0.47999998927116394,0.3333333432674408
427,phBUpBr1hSo$_$11,2.0,-0.31342220306396484,0.00041838735342025757,0.9955695271492004,0.00401206873357296,audio,0.4444444477558136,0.380952388048172,0.47999998927116394
381,nzpVDcQ0ywM$_$5,-0.4000000059604645,-0.2951858639717102,0.0005478855455294251,0.9961830973625183,0.0032690088264644146,audio,0.692307710647583,0.5227272510528564,0.48076921701431274
447,phBUpBr1hSo$_$21,0.800000011920929,-0.38667958974838257,0.00023239178699441254,0.9968403577804565,0.0029272916726768017,audio,0.3478260934352875,0.5686274766921997,0.5161290168762207
182,etzxEpPuc6I$_$12,0.6666666865348816,-0.10096263885498047,0.0005814681644551456,0.9957439303398132,0.003674567909911275,audio,0.5555555820465088,0.375,0.4000000059604645
334,lXPQBPVc5Cw$_$25,-2.4000000953674316,-0.470478892326355,0.0007075362955220044,0.9948453903198242,0.004447063896805048,audio,0.8260869383811951,0.49152541160583496,0.6341463327407837
650,yvsjCA6Y5Fc$_$18,-2.200000047683716,-0.769068717956543,0.0003903468023054302,0.996940016746521,0.0026696918066591024,audio,0.5925925970077515,0.47297295928001404,0.42105263471603394
21,c7UH_rxdZv4$_$13,-2.5999999046325684,-0.2005205750465393,0.0005547977052628994,0.9968926906585693,0.002552502555772662,audio,0.8888888955116272,0.65625,0.5405405163764954
497,tStelxIAHjw$_$2,-2.0,0.19621674716472626,0.0004348783695604652,0.9959583878517151,0.00360671104863286,audio,0.550000011920929,0.5061728358268738,0.5317460298538208
1,c7UH_rxdZv4$_$25,0.0,-0.08742063492536545,0.00024349711020477116,0.9956325888633728,0.0041239201091229916,audio,0.3333333432674408,0.5,0.6399999856948853
9,c7UH_rxdZv4$_$29,0.6000000238418579,-0.7781765460968018,0.00021368842863012105,0.9968427419662476,0.002943571889773011,audio,0.3333333432674408,0.5531914830207825,0.5263158082962036
158,d6hH302o4v8$_$37,-2.200000047683716,-0.6849432587623596,0.0011879487428814173,0.9945122003555298,0.0042998711578547955,audio,1.0,0.5,0.5555555820465088
543,vvZ4IcEtiZc$_$1,2.0,1.5628035068511963,0.0011600060388445854,0.9939048886299133,0.004935106728225946,audio,0.75,0.31578946113586426,0.43478259444236755
285,jUzDDGyPkXU$_$2,2.5999999046325684,1.9035297632217407,0.0007445587543770671,0.9970430731773376,0.002212368883192539,audio,0.8888888955116272,0.5600000023841858,0.3870967626571655
322,k5Y_838nuGo$_$10,2.0,-0.06674107164144516,0.00034453891566954553,0.9965543746948242,0.0031011325772851706,audio,0.5454545617103577,0.517241358757019,0.529411792755127
346,lXPQBPVc5Cw$_$5,-1.0,-0.6204275488853455,0.00046440804726444185,0.9964163303375244,0.0031191969756036997,audio,0.6071428656578064,0.4868420958518982,0.44565218687057495
217,f9O3YtZ2VfI$_$11,-0.800000011920929,-0.7001374959945679,0.00035819917684420943,0.995781421661377,0.0038604061119258404,audio,0.4444444477558136,0.47058823704719543,0.523809552192688
584,wMbj6ajWbic$_$1,0.5,-0.11002680659294128,0.0002526799216866493,0.9972564578056335,0.0024908334016799927,audio,0.5,0.6499999761581421,0.5416666865348816
476,tIrG4oNLFzE$_$17,-0.4000000059604645,-0.5923656821250916,0.0003379139816388488,0.9968321919441223,0.0028299386613070965,audio,0.5454545617103577,0.5360824465751648,0.49572649598121643
435,phBUpBr1hSo$_$19,2.0,0.5276559591293335,0.0020507830195128918,0.9907004237174988,0.007248847745358944,audio,1.0,0.30000001192092896,0.5833333134651184
542,vvZ4IcEtiZc$_$12,0.20000000298023224,0.39943772554397583,0.0005377728957682848,0.995707631111145,0.0037545962259173393,audio,0.6000000238418579,0.512499988079071,0.5121951103210449
304,k5Y_838nuGo$_$26,2.0,1.39286470413208,0.0004948494024574757,0.9933299422264099,0.0061751678586006165,audio,0.5,0.44999998807907104,0.7083333134651184
481,tIrG4oNLFzE$_$2,2.4000000953674316,-0.3458910584449768,0.0002336024772375822,0.9963285326957703,0.003437828039750457,audio,0.3636363744735718,0.5,0.5833333134651184
280,jUzDDGyPkXU$_$21,-1.0,-0.19196128845214844,0.0008262783521786332,0.9953365921974182,0.0038371135015040636,audio,0.75,0.34285715222358704,0.4285714328289032
231,f_pcplsH_V0$_$12,-0.800000011920929,-0.6121490001678467,0.0003453349636401981,0.9964978098869324,0.003156919963657856,audio,0.47999998927116394,0.4893617033958435,0.48860758543014526
148,d6hH302o4v8$_$13,-2.0,-0.7888772487640381,0.00027354186750017107,0.9969403743743896,0.0027861197013407946,audio,0.3333333432674408,0.3947368562221527,0.3636363744735718
372,nbWiPyCm4g0$_$8,-2.200000047683716,-1.0735249519348145,0.00045276302262209356,0.996518611907959,0.003028657753020525,audio,0.6666666865348816,0.5263158082962036,0.489130437374115
250,fvVhgmXxadc$_$2,-2.799999952316284,-0.7890243530273438,0.00026943901320919394,0.9962145686149597,0.003515954129397869,audio,0.3529411852359772,0.4883720874786377,0.5192307829856873
118,d3_k5Xpfmik$_$6,1.600000023841858,0.48262110352516174,0.0005715271690860391,0.9956923127174377,0.0037362128496170044,audio,0.6363636255264282,0.49367088079452515,0.5208333134651184
327,k5Y_838nuGo$_$17,0.800000011920929,0.039254821836948395,0.0004843856440857053,0.9951871633529663,0.004328439943492413,audio,0.625,0.5263158082962036,0.625
387,nzpVDcQ0ywM$_$11,0.0,-0.2357044517993927,0.0006572428392246366,0.9943326711654663,0.005010087974369526,audio,0.692307710647583,0.44117647409439087,0.6097561120986938
417,pLTX3ipuDJI$_$16,-1.600000023841858,-0.38499027490615845,0.00039114916580729187,0.9963651895523071,0.0032436081673949957,audio,0.5142857432365417,0.48514851927757263,0.47999998927116394
128,d6hH302o4v8$_$21,-2.4000000953674316,0.04960005730390549,0.0005404161056503654,0.9957108497619629,0.003748728195205331,audio,0.6363636255264282,0.4482758641242981,0.5
129,d6hH302o4v8$_$22,-1.0,-0.8628382682800293,0.00031565059907734394,0.9965272545814514,0.0031570373103022575,audio,0.5555555820465088,0.6216216087341309,0.5925925970077515
577,wMbj6ajWbic$_$27,0.0,-0.4185272753238678,0.00026730980607680976,0.996977686882019,0.0027550519444048405,audio,0.4444444477558136,0.47999998927116394,0.48275861144065857
426,pLTX3ipuDJI$_$8,-2.0,-0.8651789426803589,0.00024950283113867044,0.9974742531776428,0.0022762655280530453,audio,0.48148149251937866,0.5967742204666138,0.47297295928001404
265,iiK8YX8oH1E$_$18,-1.0,-0.7924573421478271,0.00027981700259260833,0.9953643083572388,0.004355837125331163,audio,0.4545454680919647,0.48148149251937866,0.6875
37,cM3Yna7AavY$_$15,-2.4000000953674316,-0.6661553978919983,0.0005435190978460014,0.9966439008712769,0.002812543883919716,audio,0.7272727489471436,0.53125,0.43589743971824646
266,iiK8YX8oH1E$_$1,-2.5999999046325684,-0.7448880672454834,0.00043777478276751935,0.9969097971916199,0.002652463037520647,audio,0.5833333134651184,0.4871794879436493,0.3695652186870575
436,phBUpBr1hSo$_$18,0.800000011920929,0.5671991109848022,0.0008193726534955204,0.9938043355941772,0.005376280751079321,audio,0.75,0.5,0.6470588445663452
423,pLTX3ipuDJI$_$7,0.800000011920929,-0.6146868467330933,0.0005095740780234337,0.9954257607460022,0.00406468054279685,audio,0.6428571343421936,0.4047619104385376,0.5600000023841858
566,vyB00TXsimI$_$13,2.4000000953674316,1.2589139938354492,0.0006815335364080966,0.9902141690254211,0.00910436362028122,audio,0.5555555820465088,0.3888888955116272,0.8095238208770752
371,nbWiPyCm4g0$_$9,-1.399999976158142,-0.7764949798583984,0.000294154800940305,0.9961597919464111,0.003546037944033742,audio,0.5,0.5957446694374084,0.625
396,nzpVDcQ0ywM$_$18,1.2000000476837158,1.106042742729187,0.000701417273376137,0.9939512014389038,0.005347390193492174,audio,0.5833333134651184,0.4333333373069763,0.5555555820465088
612,yDtzw_Y-7RU$_$5,0.5,-0.410361647605896,0.0003073509142268449,0.997133731842041,0.002558955457061529,audio,0.4736842215061188,0.5846154093742371,0.43589743971824646
135,d6hH302o4v8$_$1,-2.799999952316284,0.8335289359092712,0.0008835062035359442,0.994939923286438,0.00417660316452384,audio,0.8333333134651184,0.4749999940395355,0.5416666865348816
303,k5Y_838nuGo$_$25,-0.20000000298023224,-0.04015050828456879,0.00033747905399650335,0.9962182641029358,0.0034442730247974396,audio,0.4285714328289032,0.5106382966041565,0.4912280738353729
144,d6hH302o4v8$_$39,-3.0,-0.27283963561058044,0.0007374009001068771,0.9949631690979004,0.004299478139728308,audio,0.7777777910232544,0.4642857015132904,0.5588235259056091
654,zhpQhgha_KU$_$27,0.800000011920929,-0.37421679496765137,0.0003108950622845441,0.995426595211029,0.004262527450919151,audio,0.5,0.5833333134651184,0.7142857313156128
145,d6hH302o4v8$_$38,-3.0,-0.7797912955284119,0.0008268990204669535,0.9959151148796082,0.0032579752150923014,audio,0.8571428656578064,0.4166666567325592,0.4137931168079376
341,lXPQBPVc5Cw$_$28,0.800000011920929,-0.3048868179321289,0.0003751444455701858,0.9966206550598145,0.0030041926074773073,audio,0.5882353186607361,0.5961538553237915,0.523809552192688
320,k5Y_838nuGo$_$8,-1.399999976158142,-0.8784800171852112,0.0003226604894734919,0.9967741370201111,0.0029031827580183744,audio,0.4285714328289032,0.5,0.4166666567325592
596,wMbj6ajWbic$_$12,1.600000023841858,0.3626452088356018,0.0005374745815061033,0.9947710633277893,0.004691443406045437,audio,0.5714285969734192,0.4000000059604645,0.5666666626930237
210,f9O3YtZ2VfI$_$2,1.25,0.9003931283950806,0.0004932827432639897,0.9969030022621155,0.0026036612689495087,audio,0.5714285969734192,0.5769230723381042,0.35483869910240173
149,d6hH302o4v8$_$12,1.399999976158142,0.24837258458137512,0.0007230081828311086,0.9924010038375854,0.006875934079289436,audio,0.6666666865348816,0.380952388048172,0.7200000286102295
270,iiK8YX8oH1E$_$4,-2.0,-0.744880199432373,0.0003770388721022755,0.9955845475196838,0.004038455430418253,audio,0.6470588445663452,0.5681818127632141,0.7169811129570007
237,f_pcplsH_V0$_$5,1.2000000476837158,-0.5826260447502136,0.0003497607831377536,0.996783971786499,0.002866316819563508,audio,0.5789473652839661,0.5591397881507874,0.5178571343421936
673,zhpQhgha_KU$_$12,-1.399999976158142,-0.6292040348052979,0.0002306170790689066,0.9967505931854248,0.00301877548918128,audio,0.31578946113586426,0.5600000023841858,0.5
639,yvsjCA6Y5Fc$_$9,-1.399999976158142,-0.7681557536125183,0.0003464955079834908,0.9965851306915283,0.0030683765653520823,audio,0.5263158082962036,0.4736842215061188,0.4852941036224365
606,yDtzw_Y-7RU$_$21,0.20000000298023224,-0.19270333647727966,0.0003866563783958554,0.9953852295875549,0.0042281136848032475,audio,0.4000000059604645,0.4482758641242981,0.5142857432365417
409,ob23OKe5a9Q$_$9,-1.399999976158142,-0.8496299386024475,0.0004392573027871549,0.9960070252418518,0.0035537537187337875,audio,0.6399999856948853,0.4900662302970886,0.5696202516555786
525,v0zCBqDeKcE$_$10,2.200000047683716,-0.6496163010597229,0.0004802048788405955,0.9961498975753784,0.003369936253875494,audio,0.5714285969734192,0.4545454680919647,0.4444444477558136
115,d3_k5Xpfmik$_$5,2.200000047683716,-0.21606633067131042,0.0002561871660873294,0.9967479705810547,0.002995792543515563,audio,0.38461539149284363,0.5151515007019043,0.5
229,f_pcplsH_V0$_$10,1.2000000476837158,-0.3876795768737793,0.0005488587776198983,0.9968864321708679,0.0025647187139838934,audio,0.7272727489471436,0.5272727012634277,0.39393940567970276
672,zhpQhgha_KU$_$13,-1.0,-0.5980843901634216,0.00023624737514182925,0.9979000091552734,0.0018637172179296613,audio,0.5,0.6875,0.42105263471603394
560,vyB00TXsimI$_$7,2.4000000953674316,0.8058111071586609,0.00042203854536637664,0.9960775971412659,0.0035003861412405968,audio,0.625,0.6756756901741028,0.644444465637207
370,nbWiPyCm4g0$_$6,0.0,-0.14915211498737335,0.0003911817038897425,0.9961448907852173,0.0034638752695173025,audio,0.5,0.5,0.4883720874786377
192,etzxEpPuc6I$_$5,0.0,-0.07160568982362747,0.00030374195193871856,0.995823860168457,0.0038724199403077364,audio,0.3478260934352875,0.4444444477558136,0.5263158082962036
151,d6hH302o4v8$_$14,-1.7999999523162842,-0.8733758926391602,0.0004621190601028502,0.9959450364112854,0.0035928739234805107,audio,0.6428571343421936,0.517241358757019,0.5714285969734192
318,k5Y_838nuGo$_$6,2.0,1.2690011262893677,0.00029674070538021624,0.9971109628677368,0.0025923156645148993,audio,0.4444444477558136,0.625,0.4736842215061188
23,c7UH_rxdZv4$_$15,-2.4000000953674316,-0.5187839865684509,0.0011178000131621957,0.9959233999252319,0.0029587445314973593,audio,1.0,0.5,0.4000000059604645
553,vyB00TXsimI$_$21,1.2000000476837158,-0.3090694844722748,0.0003222900559194386,0.9969866871833801,0.0026909885928034782,audio,0.4545454680919647,0.5428571701049805,0.4285714328289032
578,wMbj6ajWbic$_$20,-0.4000000059604645,0.6440911293029785,0.0002649463131092489,0.9974697828292847,0.00226527894847095,audio,0.46666666865348816,0.5952380895614624,0.45098039507865906
569,vyB00TXsimI$_$14,2.0,-0.4873359501361847,0.0006404242012649775,0.9947119951248169,0.0046476093120872974,audio,0.5454545617103577,0.3199999928474426,0.4333333373069763
530,v0zCBqDeKcE$_$16,0.0,-0.23205065727233887,0.0009180987835861742,0.9846556186676025,0.014426307752728462,audio,0.7142857313156128,0.3333333432674408,1.0
632,yvsjCA6Y5Fc$_$1,-2.0,-0.7291660308837891,0.00020893863984383643,0.9977364540100098,0.002054637996479869,audio,0.40740740299224854,0.5555555820465088,0.40740740299224854
628,yvsjCA6Y5Fc$_$20,0.800000011920929,1.4164365530014038,0.0006968894158490002,0.9956790804862976,0.003624022239819169,audio,0.6666666865348816,0.4399999976158142,0.4333333373069763
53,cW1FSBF59ik$_$23,1.399999976158142,-0.3846275210380554,0.00036768786958418787,0.9960352778434753,0.00359709607437253,audio,0.4761904776096344,0.47311827540397644,0.5089285969734192
617,yDtzw_Y-7RU$_$8,-1.5,-0.65811687707901,0.0003325323050376028,0.9977140426635742,0.0019534886814653873,audio,0.7142857313156128,0.6875,0.4736842215061188
394,nzpVDcQ0ywM$_$16,1.399999976158142,0.32037603855133057,0.0007439915789291263,0.9949135780334473,0.004342434462159872,audio,0.75,0.46341463923454285,0.5510203838348389
186,etzxEpPuc6I$_$16,-2.4000000953674316,-0.42041128873825073,0.0005895167123526335,0.9954967498779297,0.003913709428161383,audio,0.75,0.4444444477558136,0.5813953280448914
446,phBUpBr1hSo$_$8,-2.200000047683716,-0.7546770572662354,0.000280859530903399,0.9969236254692078,0.0027955439873039722,audio,0.4399999976158142,0.5457317233085632,0.4855305552482605
84,cXypl4FnoZo$_$3,1.7999999523162842,1.9498695135116577,0.0005541790160350502,0.9916846752166748,0.007761151064187288,audio,0.5714285969734192,0.4545454680919647,0.8571428656578064
117,d3_k5Xpfmik$_$7,0.4000000059604645,-0.7137132883071899,0.00030632317066192627,0.9961744546890259,0.0035191653296351433,audio,0.4375,0.42168673872947693,0.523809552192688
258,iiK8YX8oH1E$_$10,0.0,-0.4361989498138428,0.0004481156065594405,0.9971700310707092,0.0023818141780793667,audio,0.7142857313156128,0.6000000238418579,0.43478259444236755
272,iiK8YX8oH1E$_$6,0.20000000298023224,-0.1130429208278656,0.0005770538118667901,0.9970353841781616,0.002387586049735546,audio,0.7142857313156128,0.6000000238418579,0.3333333432674408
227,f9O3YtZ2VfI$_$30,-1.0,-0.6600120663642883,0.00029476312920451164,0.9971761703491211,0.0025290753692388535,audio,0.5,0.5799999833106995,0.44999998807907104
319,k5Y_838nuGo$_$9,1.7999999523162842,-0.2826138734817505,0.00035427050897851586,0.9965318441390991,0.0031138057820498943,audio,0.5,0.52173912525177,0.48148149251937866
103,d3_k5Xpfmik$_$10,0.4000000059604645,-0.5456336736679077,0.0001732481032377109,0.9972112774848938,0.002615471836179495,audio,0.3571428656578064,0.5846154093742371,0.5844155550003052
657,zhpQhgha_KU$_$22,0.6000000238418579,-0.649541437625885,0.00044219402479939163,0.9964260458946228,0.0031317444518208504,audio,0.6363636255264282,0.5555555820465088,0.523809552192688
112,d3_k5Xpfmik$_$1,2.0,1.1190907955169678,0.000659708573948592,0.9956259727478027,0.0037142846267670393,audio,0.6800000071525574,0.4285714328289032,0.488095223903656
604,yDtzw_Y-7RU$_$24,-0.800000011920929,-0.6385892629623413,0.0005642284522764385,0.996802806854248,0.0026329574175179005,audio,0.7777777910232544,0.5625,0.44999998807907104
201,f9O3YtZ2VfI$_$27,1.600000023841858,1.2144219875335693,0.0003643115924205631,0.9969732761383057,0.0026624149177223444,audio,0.4545454680919647,0.5416666865348816,0.3928571343421936
249,fvVhgmXxadc$_$3,-2.200000047683716,-0.33206772804260254,0.0004080478101968765,0.9950256943702698,0.004566282965242863,audio,0.4000000059604645,0.3636363744735718,0.5
111,d3_k5Xpfmik$_$18,0.800000011920929,0.40916934609413147,0.0004743063182104379,0.9955645799636841,0.003961097914725542,audio,0.4285714328289032,0.37837839126586914,0.40909090638160706
324,k5Y_838nuGo$_$12,0.20000000298023224,-0.2077590823173523,0.0004682603757828474,0.9962716102600098,0.0032601580023765564,audio,0.6315789222717285,0.5333333611488342,0.5
482,tIrG4oNLFzE$_$5,0.4000000059604645,-0.380476713180542,0.0002305766538484022,0.9976485371589661,0.002120944205671549,audio,0.4166666567325592,0.6333333253860474,0.4166666567325592
405,ob23OKe5a9Q$_$5,-1.7999999523162842,-0.1628440022468567,0.00035189269692637026,0.9968776702880859,0.002770413411781192,audio,0.5416666865348816,0.5565217137336731,0.4855072498321533
4,c7UH_rxdZv4$_$20,-1.7999999523162842,-0.9848188757896423,0.0003719348751474172,0.995668888092041,0.003959118388593197,audio,0.5416666865348816,0.4794520437717438,0.6022727489471436
679,zhpQhgha_KU$_$18,0.6000000238418579,0.3954389691352844,0.0005261210608296096,0.9958990216255188,0.003574879141524434,audio,0.6363636255264282,0.529411792755127,0.5365853905677795
46,cM3Yna7AavY$_$6,2.799999952316284,-0.5779585838317871,0.0003391698992345482,0.9961103796958923,0.0035504489205777645,audio,0.46666666865348816,0.4642857015132904,0.5259259343147278
583,wMbj6ajWbic$_$29,1.7999999523162842,1.7434381246566772,0.00039695974555797875,0.9960983991622925,0.003504627849906683,audio,0.5,0.44736841320991516,0.5333333611488342
468,rnaNMUZpvvg$_$19,-1.399999976158142,-0.607879638671875,0.000393582769902423,0.9963867664337158,0.0032197083346545696,audio,0.5652173757553101,0.4150943458080292,0.484375
169,dq3Nf_lMPnE$_$14,-1.7999999523162842,-0.5551078915596008,0.0003763430577237159,0.9963634610176086,0.0032602581195533276,audio,0.5333333611488342,0.375,0.48275861144065857
102,d3_k5Xpfmik$_$11,2.4000000953674316,-0.2808188199996948,0.00037803768645972013,0.9969797730445862,0.0026421830989420414,audio,0.5625,0.508474588394165,0.4285714328289032
638,yvsjCA6Y5Fc$_$6,0.0,-0.6819050312042236,0.00045399932423606515,0.996536135673523,0.0030099169816821814,audio,0.7272727489471436,0.523809552192688,0.5416666865348816
136,d6hH302o4v8$_$3,0.20000000298023224,-0.3114129900932312,0.00040890451055020094,0.9965609908103943,0.0030300954822450876,audio,0.6111111044883728,0.5306122303009033,0.5
464,rnaNMUZpvvg$_$15,-1.600000023841858,-0.9018813967704773,0.00029256773996166885,0.9960269927978516,0.003680438967421651,audio,0.3684210479259491,0.43209877610206604,0.5151515007019043
434,phBUpBr1hSo$_$16,-1.600000023841858,-0.5219350457191467,0.0006687515415251255,0.9957658052444458,0.003565440187230706,audio,0.7200000286102295,0.3958333432674408,0.4482758641242981
281,jUzDDGyPkXU$_$22,-2.4000000953674316,-0.7350935339927673,0.00040062773041427135,0.996380627155304,0.003218758385628462,audio,0.6111111044883728,0.46000000834465027,0.5254237055778503
131,d6hH302o4v8$_$28,-1.0,-0.695626974105835,0.0004568179720081389,0.9959720969200134,0.00357106258161366,audio,0.523809552192688,0.4583333432674408,0.4482758641242981
100,cXypl4FnoZo$_$19,0.800000011920929,-0.6557419896125793,0.0003381073765922338,0.9967460632324219,0.002915874356403947,audio,0.550000011920929,0.5844155550003052,0.5249999761581421
559,vyB00TXsimI$_$4,1.7999999523162842,0.45061588287353516,0.0009175160666927695,0.9940049052238464,0.005077633075416088,audio,0.7777777910232544,0.35483869910240173,0.5526315569877625
337,lXPQBPVc5Cw$_$20,-1.7999999523162842,-0.5673250555992126,0.00031402247259393334,0.9964432120323181,0.0032427641563117504,audio,0.39393940567970276,0.4343434274196625,0.44594594836235046
351,lXPQBPVc5Cw$_$8,2.5999999046325684,0.9297278523445129,0.0003917929425369948,0.9949303269386292,0.004677874501794577,audio,0.4545454680919647,0.46666666865348816,0.6285714507102966
240,f_pcplsH_V0$_$6,1.600000023841858,-0.16158340871334076,0.0009752721525728703,0.9943479895591736,0.004676710348576307,audio,0.6666666865348816,0.3333333432674408,0.3888888955116272
424,pLTX3ipuDJI$_$6,-1.399999976158142,0.24787917733192444,0.00036710844142362475,0.9956234097480774,0.004009470343589783,audio,0.5,0.49056604504585266,0.609375
124,d6hH302o4v8$_$25,-1.600000023841858,0.07385075837373734,0.0008662953623570502,0.9930155277252197,0.006118152756243944,audio,0.6000000238418579,0.3076923191547394,0.5
271,iiK8YX8oH1E$_$7,-1.600000023841858,-0.636786937713623,0.0002799051580950618,0.9965555667877197,0.0031645693816244602,audio,0.4545454680919647,0.6000000238418579,0.5531914830207825
140,d6hH302o4v8$_$7,-2.799999952316284,-0.5246042609214783,0.00041552158654667437,0.9964229464530945,0.0031615078914910555,audio,0.5555555820465088,0.4864864945411682,0.4545454680919647
350,lXPQBPVc5Cw$_$9,-2.5999999046325684,-0.5974383354187012,0.0005743366782553494,0.9954710006713867,0.003954686690121889,audio,0.6875,0.46341463923454285,0.5510203838348389
29,c7UH_rxdZv4$_$31,-1.399999976158142,-0.406951367855072,0.000421306787757203,0.9960028529167175,0.003575816284865141,audio,0.5882353186607361,0.5280898809432983,0.5514018535614014
283,jUzDDGyPkXU$_$1,2.799999952316284,0.5601673722267151,0.0010456874733790755,0.9938556551933289,0.0050986637361347675,audio,0.8571428656578064,0.4000000059604645,0.5882353186607361
294,jUzDDGyPkXU$_$13,-0.6000000238418579,-0.8350505828857422,0.00033492918009869754,0.9961737990379333,0.0034912421833723783,audio,0.5333333611488342,0.5098039507865906,0.5901639461517334
56,cW1FSBF59ik$_$2,3.0,-0.5934207439422607,0.0004432867863215506,0.9964830875396729,0.0030735668260604143,audio,0.6666666865348816,0.5046728849411011,0.5116279125213623
671,zhpQhgha_KU$_$10,0.6000000238418579,-0.649165153503418,0.00028839081642217934,0.9966102242469788,0.0031013390980660915,audio,0.47058823704719543,0.5148515105247498,0.5370370149612427
485,tIrG4oNLFzE$_$6,1.25,-0.43124616146087646,0.0004757962597068399,0.9951741099357605,0.004350106697529554,audio,0.5384615659713745,0.32258063554763794,0.5135135054588318
228,f_pcplsH_V0$_$11,-0.4000000059604645,-0.9145055413246155,0.0002590950462035835,0.9976845979690552,0.0020562964491546154,audio,0.4285714328289032,0.574999988079071,0.3617021143436432
598,wMbj6ajWbic$_$14,-0.800000011920929,-0.5583115816116333,0.0003100968024227768,0.9972787499427795,0.002411141525954008,audio,0.5,0.5151515007019043,0.4000000059604645
522,tmZoasNr4rU$_$9,-0.6000000238418579,-0.553521990776062,0.00043806061148643494,0.9965736865997314,0.002988224383443594,audio,0.6399999856948853,0.550000011920929,0.4861111044883728
623,yDtzw_Y-7RU$_$14,2.200000047683716,0.06264303624629974,0.00042589058284647763,0.9961394667625427,0.0034346263855695724,audio,0.5652173757553101,0.5280898809432983,0.5233644843101501
298,jUzDDGyPkXU$_$17,-2.799999952316284,-0.6300032734870911,0.000278258987236768,0.9969918727874756,0.0027298356872051954,audio,0.4285714328289032,0.4761904776096344,0.4615384638309479
574,wMbj6ajWbic$_$24,1.399999976158142,0.18380820751190186,0.0003686288255266845,0.9960067868232727,0.003624608274549246,audio,0.5,0.529411792755127,0.5714285969734192
670,zhpQhgha_KU$_$11,-2.4000000953674316,1.8267313241958618,0.0006271757883951068,0.994785726070404,0.00458716182038188,audio,0.5833333134651184,0.4166666567325592,0.5535714030265808
58,cW1FSBF59ik$_$4,1.600000023841858,-0.6433717012405396,0.0002732297871261835,0.9973541498184204,0.002372675808146596,audio,0.4166666567325592,0.4556961953639984,0.38461539149284363
369,nbWiPyCm4g0$_$7,-1.2000000476837158,-0.6236795783042908,0.0005990414647385478,0.9961642026901245,0.0032367173116654158,audio,0.7272727489471436,0.46875,0.44736841320991516
546,vvZ4IcEtiZc$_$5,1.2000000476837158,0.968127965927124,0.00040072869160212576,0.9961997866630554,0.0033994214609265327,audio,0.5384615659713745,0.5833333134651184,0.5581395626068115
421,pLTX3ipuDJI$_$5,-2.0,-0.8726511001586914,0.00038445042446255684,0.9966139197349548,0.0030016035307198763,audio,0.5666666626930237,0.5303030014038086,0.49367088079452515
134,d6hH302o4v8$_$41,-2.4000000953674316,-0.7184330821037292,0.00027664590743370354,0.9976487755775452,0.002074635587632656,audio,0.5,0.6315789222717285,0.3913043439388275
611,yDtzw_Y-7RU$_$2,0.800000011920929,-0.3322736620903015,0.0004843581118620932,0.9956061244010925,0.003909550607204437,audio,0.5454545617103577,0.4555555582046509,0.49074074625968933
87,cXypl4FnoZo$_$4,-0.800000011920929,-0.6689589023590088,0.00043679060763679445,0.9961436986923218,0.003419538028538227,audio,0.625,0.5211267471313477,0.5529412031173706
389,nzpVDcQ0ywM$_$13,-1.0,-0.8669783473014832,0.0005326055106706917,0.9954140186309814,0.004053345415741205,audio,0.5882353186607361,0.3928571343421936,0.4852941036224365
154,d6hH302o4v8$_$19,-2.799999952316284,-0.817572832107544,0.00040596103644929826,0.9964799284934998,0.00311418529599905,audio,0.6666666865348816,0.5666666626930237,0.5675675868988037
658,zhpQhgha_KU$_$23,-0.5,-0.10015265643596649,0.0006060880841687322,0.9965548515319824,0.002839119406417012,audio,0.8333333134651184,0.6000000238418579,0.5116279125213623
61,cW1FSBF59ik$_$9,-2.4000000953674316,-0.031126104295253754,0.0003916615678463131,0.9964780211448669,0.003130280412733555,audio,0.5333333611488342,0.4893617033958435,0.4821428656578064
146,d6hH302o4v8$_$11,-1.0,-0.3475961983203888,0.0002791416773106903,0.9973256587982178,0.0023951681796461344,audio,0.5,0.6285714507102966,0.46341463923454285
633,yvsjCA6Y5Fc$_$3,-2.0,-0.7944043278694153,0.0002502057468518615,0.9961214661598206,0.0036283046938478947,audio,0.3076923191547394,0.40816327929496765,0.508474588394165
416,pLTX3ipuDJI$_$14,-2.0,-0.8015364408493042,0.0005206428468227386,0.9964662790298462,0.0030130359809845686,audio,0.5833333134651184,0.40625,0.3589743673801422
599,wMbj6ajWbic$_$17,2.0,0.46597111225128174,0.0006905672489665449,0.9955494403839111,0.0037600083742290735,audio,0.6818181872367859,0.43396225571632385,0.46875
109,d3_k5Xpfmik$_$16,2.0,-0.2952663004398346,0.00032692597596906126,0.9978137016296387,0.0018592991400510073,audio,0.5,0.695652186870575,0.2857142984867096
106,d3_k5Xpfmik$_$15,2.5999999046325684,-0.2940917909145355,0.0003795033844653517,0.995740532875061,0.003879986237734556,audio,0.48571428656578064,0.53125,0.5526315569877625
453,rnaNMUZpvvg$_$2,2.25,1.7572357654571533,0.00046904056216590106,0.9959990978240967,0.0035318927839398384,audio,0.4444444477558136,0.47058823704719543,0.4285714328289032
659,zhpQhgha_KU$_$28,1.399999976158142,0.46913301944732666,0.0005207168287597597,0.9959551095962524,0.0035241865552961826,audio,0.6363636255264282,0.5357142686843872,0.529411792755127
77,cXypl4FnoZo$_$20,-1.0,-0.2802502512931824,0.000375130184693262,0.9963209629058838,0.0033038719557225704,audio,0.5,0.47457626461982727,0.48571428656578064
233,f_pcplsH_V0$_$14,-1.0,-0.6882352828979492,0.0003740292740985751,0.9956899285316467,0.003936011344194412,audio,0.5,0.47311827540397644,0.5714285969734192
314,k5Y_838nuGo$_$2,1.2000000476837158,0.2816925346851349,0.0005662045441567898,0.9956769347190857,0.003756858641281724,audio,0.7142857313156128,0.5416666865348816,0.5714285969734192
307,k5Y_838nuGo$_$21,-0.20000000298023224,-0.8294779658317566,0.00039188616210594773,0.9950992465019226,0.00450881477445364,audio,0.5833333134651184,0.5454545617103577,0.7037037014961243
469,rnaNMUZpvvg$_$18,-2.200000047683716,-0.5335572957992554,0.0004672505601774901,0.996364951133728,0.003167714225128293,audio,0.5813953280448914,0.525547444820404,0.4601227045059204
567,vyB00TXsimI$_$12,0.20000000298023224,-0.1526954174041748,0.0010843286290764809,0.9924800395965576,0.0064356266520917416,audio,0.800000011920929,0.35483869910240173,0.6216216087341309
589,wMbj6ajWbic$_$7,-1.2000000476837158,-0.6773873567581177,0.00020878363284282386,0.9977295994758606,0.00206163851544261,audio,0.38461539149284363,0.5925925970077515,0.4117647111415863
243,fvVhgmXxadc$_$11,-0.20000000298023224,-0.535882830619812,0.00044161739060655236,0.9963060617446899,0.0032523549161851406,audio,0.6000000238418579,0.5384615659713745,0.5
526,v0zCBqDeKcE$_$13,1.7999999523162842,-0.7537906765937805,0.00033607048681005836,0.9966346621513367,0.003029332496225834,audio,0.4399999976158142,0.44736841320991516,0.42391303181648254
59,cW1FSBF59ik$_$7,0.5,0.06094049662351608,0.0004172835615463555,0.9922609925270081,0.0073217363096773624,audio,0.4000000059604645,0.47058823704719543,0.75
246,fvVhgmXxadc$_$12,0.0,-0.48848581314086914,0.0003350729530211538,0.9962013363838196,0.003463552799075842,audio,0.523809552192688,0.5454545617103577,0.5849056839942932
357,lXPQBPVc5Cw$_$14,-2.200000047683716,-0.5105819702148438,0.0005725688533857465,0.9961178302764893,0.0033096657134592533,audio,0.6363636255264282,0.4126984179019928,0.4000000059604645
133,d6hH302o4v8$_$40,-1.0,-0.30663883686065674,0.003976922016590834,0.9914228320121765,0.00460022734478116,audio,1.0,0.0,0.0
187,etzxEpPuc6I$_$19,-0.5,-0.7109253406524658,0.0003516204305924475,0.9959606528282166,0.003687754273414612,audio,0.46000000834465027,0.4327485263347626,0.5196078419685364
575,wMbj6ajWbic$_$25,2.0,1.114616870880127,0.00042589192162267864,0.9959497451782227,0.0036243870854377747,audio,0.5833333134651184,0.52173912525177,0.5925925970077515
515,tmZoasNr4rU$_$1,0.0,-0.4262026846408844,0.00040127383545041084,0.9960350394248962,0.003563704900443554,audio,0.5454545617103577,0.4893617033958435,0.5263158082962036
504,tmZoasNr4rU$_$11,-0.6000000238418579,-0.25380411744117737,0.000518642773386091,0.9958189129829407,0.0036624923814088106,audio,0.800000011920929,0.5789473652839661,0.6666666865348816
335,lXPQBPVc5Cw$_$26,-2.799999952316284,-0.9402910470962524,0.0002092227223329246,0.997700035572052,0.0020907572470605373,audio,0.4545454680919647,0.6785714030265808,0.4848484992980957
538,v0zCBqDeKcE$_$9,1.7999999523162842,-0.12250233441591263,0.00021898031991440803,0.9973772764205933,0.0024037635885179043,audio,0.4444444477558136,0.6190476417541504,0.5199999809265137
616,yDtzw_Y-7RU$_$9,-1.0,-0.5379637479782104,0.0003180540516041219,0.9963428378105164,0.003339084330946207,audio,0.40625,0.5,0.4830508530139923
79,cXypl4FnoZo$_$22,0.20000000298023224,-0.8342740535736084,0.0003715857455972582,0.9960671067237854,0.0035613460931926966,audio,0.5333333611488342,0.5094339847564697,0.5510203838348389
214,f9O3YtZ2VfI$_$6,-2.5999999046325684,-0.9167658090591431,0.0005689160316251218,0.9950591325759888,0.0043719615787267685,audio,0.699999988079071,0.42105263471603394,0.5909090638160706
147,d6hH302o4v8$_$10,-1.2000000476837158,-0.7623642683029175,0.0005624535260722041,0.9964214563369751,0.0030161142349243164,audio,0.7272727489471436,0.5263158082962036,0.4545454680919647
647,yvsjCA6Y5Fc$_$17,-0.6000000238418579,-0.37069761753082275,0.00030650568078272045,0.9970752000808716,0.002618345431983471,audio,0.46666666865348816,0.5102040767669678,0.4237288236618042
196,etzxEpPuc6I$_$9,-2.799999952316284,-0.5823981761932373,0.0003840463177766651,0.9967909455299377,0.002824957249686122,audio,0.6190476417541504,0.5555555820465088,0.5066666603088379
440,phBUpBr1hSo$_$2,2.200000047683716,0.2959786057472229,0.0006387850153259933,0.9964872598648071,0.0028739527333527803,audio,0.7142857313156128,0.44999998807907104,0.375
625,yDtzw_Y-7RU$_$16,0.6000000238418579,-0.36989378929138184,0.0003990237892139703,0.9961631298065186,0.0034378443378955126,audio,0.47058823704719543,0.3720930218696594,0.42718446254730225
429,phBUpBr1hSo$_$13,0.800000011920929,1.2211029529571533,0.0003917155263479799,0.9975618124008179,0.002046448877081275,audio,0.5454545617103577,0.5789473652839661,0.3181818127632141
62,cW1FSBF59ik$_$8,1.7999999523162842,0.45447617769241333,0.000581856700591743,0.9947951436042786,0.004623000975698233,audio,0.7142857313156128,0.4000000059604645,0.6451612710952759
594,wMbj6ajWbic$_$10,-1.7999999523162842,0.4232449233531952,0.0002909101895056665,0.9969473481178284,0.0027617011219263077,audio,0.4545454680919647,0.5789473652839661,0.5
300,jUzDDGyPkXU$_$19,2.200000047683716,-0.7721648812294006,0.0005991021753288805,0.9970850348472595,0.002315867692232132,audio,0.8999999761581421,0.6000000238418579,0.46341463923454285
168,dq3Nf_lMPnE$_$15,1.0,-0.6517195701599121,0.0002938132092822343,0.9965062737464905,0.00319988583214581,audio,0.4117647111415863,0.5423728823661804,0.5
347,lXPQBPVc5Cw$_$4,-1.2000000476837158,-1.0807864665985107,0.0002459379320498556,0.9970690608024597,0.002684986451640725,audio,0.4285714328289032,0.5,0.4893617033958435
309,k5Y_838nuGo$_$23,-0.20000000298023224,1.2222858667373657,0.0005275612347759306,0.9978173971176147,0.0016550382133573294,audio,0.8333333134651184,0.8181818127632141,0.3571428656578064
268,iiK8YX8oH1E$_$2,1.2000000476837158,-0.7478306293487549,0.00036710521089844406,0.9946788549423218,0.004954115487635136,audio,0.4285714328289032,0.4000000059604645,0.6052631735801697
449,rnaNMUZpvvg$_$21,-2.5999999046325684,-0.6309669613838196,0.0002661919570527971,0.9973664879798889,0.0023673989344388247,audio,0.5909090638160706,0.5833333134651184,0.5555555820465088
164,dq3Nf_lMPnE$_$11,-0.6000000238418579,-0.19021788239479065,0.0003205046523362398,0.9969923496246338,0.0026870931033045053,audio,0.5909090638160706,0.5714285969734192,0.5263158082962036
142,d6hH302o4v8$_$9,-2.4000000953674316,-0.28569117188453674,0.0006889512296766043,0.996319055557251,0.002991978544741869,audio,0.875,0.625,0.5263158082962036
291,jUzDDGyPkXU$_$8,1.7999999523162842,0.0674649327993393,0.00040173495654016733,0.9973146319389343,0.0022836150601506233,audio,0.6363636255264282,0.625,0.4137931168079376
313,k5Y_838nuGo$_$3,0.800000011920929,0.3718548119068146,0.0005743130459450185,0.9959053993225098,0.0035202386789023876,audio,0.6428571343421936,0.4888888895511627,0.4680851101875305
121,d6hH302o4v8$_$42,-1.399999976158142,-0.7951933741569519,0.0004811420221813023,0.9961284399032593,0.0033904362935572863,audio,0.6363636255264282,0.517241358757019,0.5
94,cXypl4FnoZo$_$13,-1.0,-0.9529523849487305,0.00039940065471455455,0.9964337348937988,0.003166851354762912,audio,0.550000011920929,0.48571428656578064,0.46666666865348816
10,c7UH_rxdZv4$_$1,-2.799999952316284,-0.05623171851038933,0.0002445265417918563,0.9947932362556458,0.004962166305631399,audio,0.25,0.42424243688583374,0.6410256624221802
252,fvVhgmXxadc$_$4,-2.799999952316284,-0.6530517339706421,0.0003402110014576465,0.997177004814148,0.002482735551893711,audio,0.4545454680919647,0.53125,0.34210526943206787
172,dq3Nf_lMPnE$_$2,-1.399999976158142,-0.28386634588241577,0.0003737704246304929,0.9962080717086792,0.0034181256778538227,audio,0.6153846383094788,0.5625,0.6052631735801697
171,dq3Nf_lMPnE$_$3,-1.2000000476837158,0.9990715384483337,0.0005651958636008203,0.9952221512794495,0.0042127096094191074,audio,0.7142857313156128,0.47826087474823,0.6296296119689941
641,yvsjCA6Y5Fc$_$11,2.0,-0.16062195599079132,0.0003299962554592639,0.9964536428451538,0.0032163183204829693,audio,0.529411792755127,0.5365853905677795,0.5510203838348389
11,c7UH_rxdZv4$_$3,-0.800000011920929,-0.3003743290901184,0.0013168842997401953,0.9919479489326477,0.0067351628094911575,audio,0.7142857313156128,0.1818181872367859,0.4615384638309479
336,lXPQBPVc5Cw$_$27,-2.799999952316284,-0.8373090624809265,0.00025402140454389155,0.997225284576416,0.002520705806091428,audio,0.5,0.6451612710952759,0.5263158082962036
509,tmZoasNr4rU$_$14,-2.0,-0.475868821144104,0.0005191505770199001,0.9948223829269409,0.004658438265323639,audio,0.6111111044883728,0.4333333373069763,0.604651153087616
203,f9O3YtZ2VfI$_$21,2.0,-0.3381293714046478,0.0004898598999716341,0.9954942464828491,0.004015832208096981,audio,0.6000000238418579,0.5526315569877625,0.5777778029441833
20,c7UH_rxdZv4$_$10,0.800000011920929,-0.7594414949417114,0.0005310091655701399,0.994300127029419,0.005168889183551073,audio,0.6428571343421936,0.4324324429035187,0.6590909361839294
353,lXPQBPVc5Cw$_$10,-2.200000047683716,-0.8266819715499878,0.0004490505380090326,0.9960322976112366,0.003518659621477127,audio,0.5714285969734192,0.5,0.4972677528858185
662,zhpQhgha_KU$_$3,-1.600000023841858,-0.7789865732192993,0.00035047210985794663,0.9958394765853882,0.003810055321082473,audio,0.44999998807907104,0.4482758641242981,0.5357142686843872
90,cXypl4FnoZo$_$9,1.2000000476837158,-0.468241810798645,0.0004044398956466466,0.9967284202575684,0.002867119386792183,audio,0.5789473652839661,0.5102040767669678,0.4482758641242981
68,cW1FSBF59ik$_$14,-1.2000000476837158,-0.6280407905578613,0.0003965992364101112,0.9958279728889465,0.0037753537762910128,audio,0.5652173757553101,0.4326923191547394,0.5714285969734192
580,wMbj6ajWbic$_$22,1.399999976158142,0.6978863477706909,0.0002979428682010621,0.9964069724082947,0.0032950728200376034,audio,0.4545454680919647,0.517241358757019,0.568965494632721
640,yvsjCA6Y5Fc$_$8,0.4000000059604645,-0.7383432388305664,0.0004693122173193842,0.9954631924629211,0.004067466128617525,audio,0.5652173757553101,0.41428571939468384,0.5301204919815063
400,ob23OKe5a9Q$_$12,2.799999952316284,2.445186138153076,0.0006161091150715947,0.9954498410224915,0.003934111446142197,audio,0.6363636255264282,0.4285714328289032,0.529411792755127
674,zhpQhgha_KU$_$15,-2.0,-0.8405601978302002,0.0006103466148488224,0.9952685236930847,0.004121110774576664,audio,0.6216216087341309,0.34736841917037964,0.47311827540397644
224,f9O3YtZ2VfI$_$16,-1.0,-0.6934857368469238,0.0004432896676007658,0.9962624907493591,0.003294165711849928,audio,0.5416666865348816,0.5185185074806213,0.45098039507865906
593,wMbj6ajWbic$_$11,0.4000000059604645,-0.8803510665893555,0.00034866839996539056,0.9972156286239624,0.002435709349811077,audio,0.5882353186607361,0.4615384638309479,0.42553192377090454
514,tmZoasNr4rU$_$20,-1.0,-0.6884281635284424,0.00033390341559424996,0.9966610670089722,0.0030050824861973524,audio,0.6000000238418579,0.5384615659713745,0.5625
360,lXPQBPVc5Cw$_$19,-1.7999999523162842,-0.9216593503952026,0.00040430494118481874,0.9963996410369873,0.0031960972119122744,audio,0.5555555820465088,0.5,0.47999998927116394
99,cXypl4FnoZo$_$16,-0.6000000238418579,-0.7822263240814209,0.0002605049521662295,0.9972942471504211,0.0024452253710478544,audio,0.4482758641242981,0.5833333134651184,0.4482758641242981
643,yvsjCA6Y5Fc$_$13,-2.0,-0.6224851608276367,0.0006612597499042749,0.9957941770553589,0.0035445033572614193,audio,0.8333333134651184,0.5106382966041565,0.5535714030265808
67,cW1FSBF59ik$_$15,-2.5999999046325684,-0.8970975279808044,0.0003075491404160857,0.9969007968902588,0.0027916436083614826,audio,0.5,0.4893617033958435,0.48672565817832947
18,c7UH_rxdZv4$_$8,-2.799999952316284,-0.0703851655125618,0.0003886428603436798,0.9961756467819214,0.0034357309341430664,audio,0.5,0.483146071434021,0.5076923370361328
376,nzpVDcQ0ywM$_$22,2.0,-0.15803466737270355,0.001700652064755559,0.9935651421546936,0.004734145011752844,audio,0.5555555820465088,0.0,0.0
663,zhpQhgha_KU$_$2,1.600000023841858,1.1568843126296997,0.0005234412383288145,0.994297444820404,0.005179083906114101,audio,0.5,0.4375,0.6153846383094788
263,iiK8YX8oH1E$_$17,1.600000023841858,1.5329504013061523,0.000654674309771508,0.9953545331954956,0.003990808967500925,audio,0.6666666865348816,0.4399999976158142,0.517241358757019
418,pLTX3ipuDJI$_$1,-2.4000000953674316,-0.3274778127670288,0.00034359347773715854,0.99714595079422,0.0025104836095124483,audio,0.5882353186607361,0.5892857313156128,0.4776119291782379
366,nbWiPyCm4g0$_$2,-2.4000000953674316,-0.43912792205810547,0.0004173512861598283,0.9946287274360657,0.004953955765813589,audio,0.5384615659713745,0.5,0.6666666865348816
251,fvVhgmXxadc$_$5,0.0,-0.678106427192688,0.0003323598066344857,0.9967657327651978,0.002901894971728325,audio,0.5384615659713745,0.5526315569877625,0.5
92,cXypl4FnoZo$_$11,1.399999976158142,-0.5834728479385376,0.00027927904739044607,0.9971248507499695,0.002595817670226097,audio,0.5483871102333069,0.568965494632721,0.5306122303009033
573,vyB00TXsimI$_$18,2.4000000953674316,1.1628402471542358,0.0003766851150430739,0.9963687658309937,0.003254530020058155,audio,0.5,0.6111111044883728,0.5454545617103577
297,jUzDDGyPkXU$_$14,0.800000011920929,0.6206264495849609,0.0005526132881641388,0.9961351156234741,0.0033123265020549297,audio,0.4615384638309479,0.3214285671710968,0.2857142984867096
595,wMbj6ajWbic$_$13,2.0,-0.16945113241672516,0.0003274379123467952,0.9971237778663635,0.00254872371442616,audio,0.5833333134651184,0.5614035129547119,0.5
413,pLTX3ipuDJI$_$13,-1.399999976158142,0.040414921939373016,0.0005441889516077936,0.9964964985847473,0.002959273988381028,audio,0.6875,0.5,0.44736841320991516
531,v0zCBqDeKcE$_$1,2.5999999046325684,-0.08215037733316422,0.00030471160425804555,0.996387243270874,0.0033080847933888435,audio,0.4000000059604645,0.4848484992980957,0.4871794879436493
533,v0zCBqDeKcE$_$2,-0.4000000059604645,-0.6469131112098694,0.0005097381072118878,0.995573878288269,0.003916413057595491,audio,0.5454545617103577,0.3636363744735718,0.44999998807907104
442,phBUpBr1hSo$_$4,-0.800000011920929,-0.6854864954948425,0.0005966848111711442,0.9958983063697815,0.0035050353035330772,audio,0.65625,0.38461539149284363,0.4375
5,c7UH_rxdZv4$_$21,-0.800000011920929,-0.1900593638420105,0.0004241150163579732,0.9969642758369446,0.002611593110486865,audio,0.6842105388641357,0.54347825050354,0.48275861144065857
465,rnaNMUZpvvg$_$14,-2.5999999046325684,-0.7077626585960388,0.0006219944916665554,0.995559573173523,0.0038184281438589096,audio,0.75,0.3461538553237915,0.5322580933570862
189,etzxEpPuc6I$_$1,0.4000000059604645,-0.5219282507896423,0.0004473260196391493,0.9970120191574097,0.0025406850036233664,audio,0.6666666865348816,0.5753424763679504,0.4367816150188446
93,cXypl4FnoZo$_$10,2.0,0.5811640620231628,0.00048787196283228695,0.9961025714874268,0.0034095109440386295,audio,0.5833333134651184,0.5151515007019043,0.4871794879436493
489,tStelxIAHjw$_$10,-0.4000000059604645,-0.67894446849823,0.0005858844378963113,0.9936521053314209,0.005762037821114063,audio,0.6666666865348816,0.4444444477558136,0.7142857313156128
236,f_pcplsH_V0$_$2,1.399999976158142,-0.6179366111755371,0.0003876084228977561,0.9964585900306702,0.0031538286712020636,audio,0.6428571343421936,0.5862069129943848,0.5714285969734192
359,lXPQBPVc5Cw$_$16,0.20000000298023224,-0.7465405464172363,0.0002857940853573382,0.9967507123947144,0.0029634693637490273,audio,0.5,0.6000000238418579,0.5555555820465088
26,c7UH_rxdZv4$_$16,-2.0,-0.48688170313835144,0.0006201471551321447,0.9969077706336975,0.0024720479268580675,audio,0.800000011920929,0.5454545617103577,0.38461539149284363
80,cXypl4FnoZo$_$23,0.4000000059604645,-0.2580702006816864,0.0011283658677712083,0.9919390082359314,0.006932683289051056,audio,0.5714285969734192,0.20000000298023224,0.4166666567325592
527,v0zCBqDeKcE$_$12,-0.4000000059604645,-0.8910953998565674,0.00038251496152952313,0.9959808588027954,0.0036365699488669634,audio,0.5333333611488342,0.4307692348957062,0.5256410241127014
97,cXypl4FnoZo$_$14,-0.6000000238418579,-0.659382700920105,0.00035105866845697165,0.9964246153831482,0.003224269486963749,audio,0.48275861144065857,0.47297295928001404,0.47191011905670166
412,pLTX3ipuDJI$_$10,-1.600000023841858,-0.1262805163860321,0.0003262455284129828,0.9966443777084351,0.0030293921008706093,audio,0.47826087474823,0.5245901346206665,0.4931506812572479
380,nzpVDcQ0ywM$_$2,-1.600000023841858,0.24479134380817413,0.0005885057616978884,0.9953796863555908,0.004031863994896412,audio,0.699999988079071,0.47058823704719543,0.5609756112098694
608,yDtzw_Y-7RU$_$23,2.200000047683716,-0.348487913608551,0.0003149963158648461,0.9954921007156372,0.004192932974547148,audio,0.3333333432674408,0.40625,0.5263158082962036
206,f9O3YtZ2VfI$_$28,1.2000000476837158,0.7336644530296326,0.00031779450364410877,0.9972021579742432,0.0024800363462418318,audio,0.5,0.6129032373428345,0.44999998807907104
338,lXPQBPVc5Cw$_$21,1.7999999523162842,-0.39103269577026367,0.0003486573987174779,0.9953959584236145,0.004255371633917093,audio,0.4166666567325592,0.4285714328289032,0.5600000023841858
247,fvVhgmXxadc$_$14,0.0,0.1603545993566513,0.0005906749283894897,0.9964428544044495,0.002966468222439289,audio,0.6842105388641357,0.5283018946647644,0.4126984179019928
379,nzpVDcQ0ywM$_$3,0.800000011920929,0.728913426399231,0.0005636106361635029,0.9953254461288452,0.004110944457352161,audio,0.5882353186607361,0.4637681245803833,0.5180723071098328
0,c7UH_rxdZv4$_$24,-1.7999999523162842,0.3641631007194519,0.000354707648511976,0.9966502785682678,0.002995030488818884,audio,0.4285714328289032,0.4848484992980957,0.41025641560554504
60,cW1FSBF59ik$_$6,1.2000000476837158,0.16784781217575073,0.0002665171923581511,0.9977806210517883,0.0019529242999851704,audio,0.5,0.6153846383094788,0.4000000059604645
399,ob23OKe5a9Q$_$13,1.25,-0.48078835010528564,0.0003511436516419053,0.996164083480835,0.003484728280454874,audio,0.47058823704719543,0.4615384638309479,0.5161290168762207
175,dq3Nf_lMPnE$_$7,-2.0,-0.6368356943130493,0.00052157964091748,0.9967413544654846,0.0027370525058358908,audio,0.8571428656578064,0.5609756112098694,0.5510203838348389
414,pLTX3ipuDJI$_$12,-2.0,-0.7964717149734497,0.00034668220905587077,0.9967033267021179,0.002949940739199519,audio,0.6388888955116272,0.5909090638160706,0.5862069129943848
13,c7UH_rxdZv4$_$5,-2.200000047683716,-0.7112545371055603,0.00032359029864892364,0.996427595615387,0.00324882660061121,audio,0.5263158082962036,0.5740740895271301,0.5625
493,tStelxIAHjw$_$14,-1.7999999523162842,-0.21274437010288239,0.0009422154980711639,0.9941776990890503,0.004880100954324007,audio,0.75,0.2857142984867096,0.47058823704719543
484,tIrG4oNLFzE$_$7,-1.399999976158142,-0.5486710071563721,0.0004559573426377028,0.9958155751228333,0.003728507785126567,audio,0.6428571343421936,0.4716981053352356,0.5714285969734192
47,cM3Yna7AavY$_$9,-0.20000000298023224,0.005162939429283142,0.0005267803790047765,0.9964041709899902,0.003069061553105712,audio,0.6666666865348816,0.534246563911438,0.4597701132297516
277,jUzDDGyPkXU$_$26,-2.0,-0.70280921459198,0.0005840911762788892,0.9958416819572449,0.0035742369946092367,audio,0.6800000071525574,0.35555556416511536,0.4727272689342499
274,iiK8YX8oH1E$_$8,-1.0,-0.5937774181365967,0.000366449385182932,0.9958311915397644,0.0038023702800273895,audio,0.5,0.46875,0.5526315569877625
375,nzpVDcQ0ywM$_$21,-1.399999976158142,-0.7526835799217224,0.00037500911275856197,0.996296226978302,0.0033288176637142897,audio,0.6000000238418579,0.5769230723381042,0.5714285969734192
130,d6hH302o4v8$_$23,-2.5999999046325684,-0.847754180431366,0.0004743250901810825,0.996581494808197,0.002944214968010783,audio,0.6666666865348816,0.5,0.44999998807907104
609,yDtzw_Y-7RU$_$1,0.800000011920929,0.17583949863910675,0.00036149067454971373,0.9964030981063843,0.003235388547182083,audio,0.4117647111415863,0.5555555820465088,0.446153849363327
308,k5Y_838nuGo$_$22,0.4000000059604645,0.03151337429881096,0.0005137869738973677,0.9972710013389587,0.0022151940502226353,audio,0.800000011920929,0.6875,0.44736841320991516
461,rnaNMUZpvvg$_$10,-2.5999999046325684,-0.5881303548812866,0.0002719743351917714,0.9976927042007446,0.002035305369645357,audio,0.5384615659713745,0.5652173757553101,0.40740740299224854
256,fvVhgmXxadc$_$8,-0.5,-1.0179234743118286,0.000497758446726948,0.9960435628890991,0.0034587185364216566,audio,0.5714285969734192,0.4000000059604645,0.4166666567325592
101,cXypl4FnoZo$_$18,-0.25,-0.7009727954864502,0.0003964005154557526,0.9965788722038269,0.003024671459570527,audio,0.6190476417541504,0.5890411138534546,0.5287356376647949
499,tStelxIAHjw$_$4,-2.799999952316284,-0.8152201771736145,0.00044920554501004517,0.996896505355835,0.002654286567121744,audio,0.7037037014961243,0.5061728358268738,0.4639175236225128
64,cW1FSBF59ik$_$10,-1.0,-0.2920047640800476,0.000359338620910421,0.9955434203147888,0.004097305703908205,audio,0.5,0.4583333432674408,0.6162790656089783
355,lXPQBPVc5Cw$_$12,-2.0,-0.46020931005477905,0.0003725835704244673,0.9953653812408447,0.004262005444616079,audio,0.5384615659713745,0.5714285969734192,0.6666666865348816
342,lXPQBPVc5Cw$_$29,-1.2000000476837158,-0.3316054344177246,0.00031161733204498887,0.9967034459114075,0.00298491632565856,audio,0.4838709533214569,0.5714285969734192,0.5058823823928833
668,zhpQhgha_KU$_$9,-1.0,-0.453576922416687,0.0004923755768686533,0.996357262134552,0.003150354837998748,audio,0.6470588445663452,0.4285714328289032,0.4651162922382355
107,d3_k5Xpfmik$_$14,2.0,-0.9733669757843018,0.00039429953903891146,0.9958915710449219,0.0037141279317438602,audio,0.52173912525177,0.460317462682724,0.5443037748336792
276,jUzDDGyPkXU$_$25,-2.0,-0.907561719417572,0.00021811331680510193,0.9962822794914246,0.0034996350295841694,audio,0.4117647111415863,0.5476190447807312,0.6730769276618958
219,f9O3YtZ2VfI$_$13,-1.600000023841858,-0.5208249092102051,0.00040330251795239747,0.9962263107299805,0.0033703588414937258,audio,0.5384615659713745,0.4861111044883728,0.4941176474094391
615,yDtzw_Y-7RU$_$6,-1.2000000476837158,-0.8012633919715881,0.0004923123633489013,0.995884120464325,0.0036235658917576075,audio,0.6326530575752258,0.462184876203537,0.5244755148887634
195,etzxEpPuc6I$_$6,0.4000000059604645,0.1419786512851715,0.00048654901911504567,0.9954280853271484,0.004085320048034191,audio,0.6666666865348816,0.4722222089767456,0.6279069781303406
597,wMbj6ajWbic$_$15,2.0,-0.9735937118530273,0.0003180947678629309,0.9959744811058044,0.0037074259016662836,audio,0.47058823704719543,0.3913043439388275,0.5636363625526428
321,k5Y_838nuGo$_$11,0.5,0.9200664162635803,0.0008067099843174219,0.9964432120323181,0.002750022802501917,audio,0.875,0.529411792755127,0.4146341383457184
564,vyB00TXsimI$_$11,-0.20000000298023224,-0.276091068983078,0.0003130802942905575,0.9958866238594055,0.0038002366200089455,audio,0.3333333432674408,0.4054054021835327,0.46666666865348816
216,f9O3YtZ2VfI$_$8,-1.7999999523162842,-1.0033507347106934,0.0003232425660826266,0.9967503547668457,0.002926443936303258,audio,0.6363636255264282,0.6060606241226196,0.6000000238418579
155,d6hH302o4v8$_$18,-2.0,-0.7344073057174683,0.00032339885365217924,0.9967073202133179,0.0029692528769373894,audio,0.5454545617103577,0.6206896305084229,0.5428571701049805
636,yvsjCA6Y5Fc$_$4,-0.20000000298023224,-0.7334349751472473,0.0003017601848114282,0.9966153502464294,0.0030828670132905245,audio,0.42105263471603394,0.38596490025520325,0.44117647409439087
626,yDtzw_Y-7RU$_$19,-1.600000023841858,-0.4483147859573364,0.0005873978952877223,0.9948508143424988,0.00456183310598135,audio,0.5555555820465088,0.3333333432674408,0.4642857015132904
385,nzpVDcQ0ywM$_$9,-2.200000047683716,-0.7939832806587219,0.00041219560080207884,0.9956991672515869,0.0038886615075170994,audio,0.5600000023841858,0.4897959232330322,0.5641025900840759
661,zhpQhgha_KU$_$1,-1.600000023841858,0.5127215385437012,0.00030647622770629823,0.9968728423118591,0.002820743015035987,audio,0.4444444477558136,0.6153846383094788,0.5
571,vyB00TXsimI$_$16,0.4000000059604645,0.03644701465964317,0.0005720960325561464,0.995820164680481,0.003607718739658594,audio,0.6363636255264282,0.5106382966041565,0.47787609696388245
438,phBUpBr1hSo$_$1,1.399999976158142,0.9872357249259949,0.00033127926872111857,0.9961208701133728,0.003547793487086892,audio,0.5,0.5909090638160706,0.6296296119689941
592,wMbj6ajWbic$_$8,-0.20000000298023224,0.030763879418373108,0.0008066854206845164,0.9958030581474304,0.003390311496332288,audio,0.875,0.4583333432674408,0.5
339,lXPQBPVc5Cw$_$22,2.5999999046325684,1.5923892259597778,0.0005837687640450895,0.9945842623710632,0.004832040518522263,audio,0.6153846383094788,0.4736842215061188,0.6222222447395325
494,tStelxIAHjw$_$16,0.800000011920929,1.7491296529769897,0.0009041432640515268,0.996077835559845,0.003017992712557316,audio,1.0,0.5555555820465088,0.5454545617103577
14,c7UH_rxdZv4$_$4,1.600000023841858,0.8061234951019287,0.000387513980967924,0.9964591860771179,0.0031533134169876575,audio,0.5333333611488342,0.5490196347236633,0.5245901346206665
54,cW1FSBF59ik$_$1,-2.5999999046325684,-0.9022650718688965,0.00043418057612143457,0.9951576590538025,0.004408201202750206,audio,0.5,0.3913043439388275,0.5421686768531799
40,cM3Yna7AavY$_$1,2.200000047683716,-0.7792391180992126,0.0004805586067959666,0.9963029623031616,0.0032164715230464935,audio,0.6000000238418579,0.4300000071525574,0.43157893419265747
30,c7UH_rxdZv4$_$30,1.2000000476837158,0.10806377977132797,0.0010347662027925253,0.9955117106437683,0.0034534349106252193,audio,0.875,0.4333333373069763,0.4000000059604645
288,jUzDDGyPkXU$_$7,-0.6000000238418579,-0.8480367064476013,0.0003518709563650191,0.996344268321991,0.0033038186375051737,audio,0.5263158082962036,0.5283018946647644,0.53125
511,tmZoasNr4rU$_$16,-1.399999976158142,-0.76842200756073,0.0004497443151194602,0.9966102242469788,0.002940018195658922,audio,0.6000000238418579,0.5,0.42105263471603394
275,jUzDDGyPkXU$_$24,-1.0,-0.4771834909915924,0.0004520715738181025,0.9970418810844421,0.002505996497347951,audio,0.6296296119689941,0.5416666865348816,0.3928571343421936
108,d3_k5Xpfmik$_$17,1.600000023841858,-0.3161790370941162,0.0006200867355801165,0.9939898252487183,0.005390099249780178,audio,0.5384615659713745,0.29729729890823364,0.5227272510528564
646,yvsjCA6Y5Fc$_$14,-1.0,-0.9539612531661987,0.00039753393502905965,0.9969092011451721,0.002693294081836939,audio,0.6153846383094788,0.5675675868988037,0.4545454680919647
554,vyB00TXsimI$_$22,0.6000000238418579,0.22016696631908417,0.0005109605262987316,0.9970734119415283,0.002415599999949336,audio,0.75,0.6538461446762085,0.4516128897666931
488,tStelxIAHjw$_$11,-2.799999952316284,-0.5656994581222534,0.0004811523831449449,0.996539831161499,0.0029790715780109167,audio,0.6666666865348816,0.47058823704719543,0.44999998807907104
329,k5Y_838nuGo$_$19,-0.6000000238418579,-0.5570102334022522,0.0001893425505841151,0.9967893958091736,0.00302125234156847,audio,0.3684210479259491,0.6857143044471741,0.6428571343421936
407,ob23OKe5a9Q$_$7,0.6000000238418579,-0.5987517833709717,0.000342680694302544,0.9971997737884521,0.0024575190618634224,audio,0.6470588445663452,0.5625,0.5
358,lXPQBPVc5Cw$_$17,-1.7999999523162842,-0.6067678928375244,0.0003342356067150831,0.9961057305335999,0.0035599868278950453,audio,0.5,0.52173912525177,0.5783132314682007
649,yvsjCA6Y5Fc$_$19,-1.600000023841858,-0.8423290252685547,0.00025597508647479117,0.9962192177772522,0.0035248773638159037,audio,0.3636363744735718,0.46226415038108826,0.5370370149612427
44,cM3Yna7AavY$_$4,0.6000000238418579,-0.5278623104095459,0.00039034232031553984,0.9962091445922852,0.003400468034669757,audio,0.4642857015132904,0.449438214302063,0.4375
120,d3_k5Xpfmik$_$8,2.200000047683716,1.7362288236618042,0.00046948352246545255,0.9962520003318787,0.003278592135757208,audio,0.5714285969734192,0.6111111044883728,0.523809552192688
141,d6hH302o4v8$_$6,-2.0,-0.48038703203201294,0.0003467791248112917,0.9965509176254272,0.0031022964976727962,audio,0.4285714328289032,0.5,0.4166666567325592
157,d6hH302o4v8$_$30,-2.799999952316284,-0.607530951499939,0.00046074145939201117,0.997410237789154,0.0021290616132318974,audio,0.6666666865348816,0.47058823704719543,0.30000001192092896
343,lXPQBPVc5Cw$_$1,0.20000000298023224,0.6604036092758179,0.0007298753480426967,0.9960224628448486,0.003247691784054041,audio,0.7222222089767456,0.44897958636283875,0.4067796468734741
113,d3_k5Xpfmik$_$3,2.0,0.36840707063674927,0.000541328510735184,0.9964336156845093,0.0030250640120357275,audio,0.5384615659713745,0.4912280738353729,0.3382352888584137
458,rnaNMUZpvvg$_$9,-1.399999976158142,-0.76410311460495,0.0003473993274383247,0.9968090653419495,0.002843469614163041,audio,0.550000011920929,0.5862069129943848,0.49275362491607666
345,lXPQBPVc5Cw$_$2,-2.200000047683716,-0.7753223776817322,0.0002427271829219535,0.9976041913032532,0.002153105568140745,audio,0.5384615659713745,0.625,0.5
114,d3_k5Xpfmik$_$2,0.0,-0.3077165484428406,0.0004102026578038931,0.99610835313797,0.0034814162645488977,audio,0.5,0.5,0.47058823704719543
255,fvVhgmXxadc$_$9,-0.4000000059604645,-0.381290078163147,0.00039404784911312163,0.9974080920219421,0.002197877736762166,audio,0.692307710647583,0.6969696879386902,0.44999998807907104
415,pLTX3ipuDJI$_$15,-1.399999976158142,-0.5262635946273804,0.00045166208292357624,0.9959031939506531,0.003645157441496849,audio,0.5600000023841858,0.4545454680919647,0.5
666,zhpQhgha_KU$_$7,1.0,-0.5701944231987,0.0005973992520011961,0.9963674545288086,0.0030350792221724987,audio,0.7142857313156128,0.5384615659713745,0.4375
153,d6hH302o4v8$_$16,-2.0,-0.07347820699214935,0.0009196568862535059,0.9921190738677979,0.0069612767547369,audio,0.5,0.1666666716337204,0.4285714328289032
208,f9O3YtZ2VfI$_$1,-1.2000000476837158,-1.03052818775177,0.0003195474564563483,0.9969026446342468,0.002777791116386652,audio,0.6666666865348816,0.7142857313156128,0.6470588445663452
42,cM3Yna7AavY$_$2,2.5,-0.2462373673915863,0.00032789859687909484,0.9973294734954834,0.0023426504340022802,audio,0.5714285969734192,0.5769230723381042,0.4333333373069763
675,zhpQhgha_KU$_$14,-1.5,-0.8823222517967224,0.0006180062773637474,0.994562566280365,0.00481939734891057,audio,0.6666666865348816,0.3214285671710968,0.5757575631141663
524,v0zCBqDeKcE$_$11,1.600000023841858,-0.7168673276901245,0.0002890121832024306,0.9969314336776733,0.0027795624919235706,audio,0.4375,0.4864864945411682,0.45348837971687317
382,nzpVDcQ0ywM$_$4,-1.600000023841858,-0.8329901099205017,0.0003427751362323761,0.9961968660354614,0.003460399340838194,audio,0.46666666865348816,0.5,0.5116279125213623
89,cXypl4FnoZo$_$6,-0.6000000238418579,-0.7183789014816284,0.00034179005888290703,0.9965111613273621,0.0031470288522541523,audio,0.5263158082962036,0.5098039507865906,0.5166666507720947
183,etzxEpPuc6I$_$15,0.20000000298023224,-0.6853153705596924,0.0006639469647780061,0.9941564798355103,0.0051795183680951595,audio,0.625,0.4285714328289032,0.5625
85,cXypl4FnoZo$_$2,1.0,-0.41706910729408264,0.0003555295697879046,0.9969848990440369,0.0026596253737807274,audio,0.5,0.5483871102333069,0.4054054021835327
652,zhpQhgha_KU$_$25,1.0,-0.7733092904090881,0.0004076504264958203,0.9965384006500244,0.003053926629945636,audio,0.5625,0.47058823704719543,0.45945945382118225
50,cW1FSBF59ik$_$20,2.5,1.482404351234436,0.000360009609721601,0.996893048286438,0.0027469100896269083,audio,0.5454545617103577,0.5614035129547119,0.5072463750839233
123,d6hH302o4v8$_$24,-2.799999952316284,-0.7954620718955994,0.0005333009175956249,0.9962485432624817,0.0032181215938180685,audio,0.625,0.43478259444236755,0.40740740299224854
390,nzpVDcQ0ywM$_$12,-1.399999976158142,-0.5751901865005493,0.0002810165169648826,0.9973325729370117,0.002386427251622081,audio,0.46666666865348816,0.6153846383094788,0.42553192377090454
292,jUzDDGyPkXU$_$11,2.4000000953674316,0.20458540320396423,0.0002839622029569,0.9968487620353699,0.0028672153130173683,audio,0.43478259444236755,0.5625,0.5128205418586731
532,v0zCBqDeKcE$_$3,0.6000000238418579,-0.53940349817276,0.0003415812680032104,0.9962695837020874,0.0033888397738337517,audio,0.5,0.47999998927116394,0.5333333611488342
613,yDtzw_Y-7RU$_$4,-1.0,-0.513088583946228,0.0003136799787171185,0.9966443777084351,0.003042017575353384,audio,0.4444444477558136,0.515625,0.4868420958518982
456,rnaNMUZpvvg$_$7,-0.4000000059604645,-0.25093862414360046,0.00042912011849693954,0.9957371950149536,0.0038337025325745344,audio,0.5555555820465088,0.48275861144065857,0.5588235259056091
655,zhpQhgha_KU$_$20,-1.399999976158142,-0.5928642749786377,0.0004251793143339455,0.9970888495445251,0.0024860401172190905,audio,0.6666666865348816,0.5714285969734192,0.4375
312,k5Y_838nuGo$_$1,-1.600000023841858,-0.03876137733459473,0.00026866511325351894,0.9977204203605652,0.002010864671319723,audio,0.4444444477558136,0.6666666865348816,0.3636363744735718
362,lXPQBPVc5Cw$_$30,-2.0,-0.9415351748466492,0.00022598798386752605,0.9967507123947144,0.0030232963617891073,audio,0.3333333432674408,0.5230769515037537,0.5
637,yvsjCA6Y5Fc$_$7,-1.7999999523162842,-0.0732610896229744,0.000511232006829232,0.9955463409423828,0.003942458890378475,audio,0.5,0.3333333432674408,0.4285714328289032
535,v0zCBqDeKcE$_$4,0.0,-0.2069075107574463,0.0006181558128446341,0.995169460773468,0.004212331958115101,audio,0.7058823704719543,0.4444444477558136,0.5714285969734192
411,pLTX3ipuDJI$_$11,0.6000000238418579,-1.0036593675613403,0.0003320117248222232,0.9969010353088379,0.002767006168141961,audio,0.4117647111415863,0.42553192377090454,0.35087719559669495
537,v0zCBqDeKcE$_$6,0.800000011920929,0.5605840086936951,0.0006062188767828047,0.9960790276527405,0.0033147595822811127,audio,0.6499999761581421,0.4736842215061188,0.43478259444236755
244,fvVhgmXxadc$_$10,0.0,-0.5085152387619019,0.00035031422157771885,0.9963010549545288,0.0033485700841993093,audio,0.5,0.5416666865348816,0.5254237055778503
557,vyB00TXsimI$_$2,-2.4000000953674316,-0.9634605646133423,0.00023547677847091109,0.9961154460906982,0.003649103455245495,audio,0.29629629850387573,0.4888888895511627,0.5648148059844971
467,rnaNMUZpvvg$_$16,-1.7999999523162842,0.14739900827407837,0.0013423211639747024,0.9912170171737671,0.007440680637955666,audio,0.800000011920929,0.2857142984867096,0.5882353186607361
653,zhpQhgha_KU$_$26,0.0,-0.9830499887466431,0.00026118633104488254,0.9968217611312866,0.0029171097557991743,audio,0.4615384638309479,0.6190476417541504,0.5600000023841858
48,cM3Yna7AavY$_$8,-0.6000000238418579,-0.15315240621566772,0.0006267954595386982,0.9951314926147461,0.004241676535457373,audio,0.800000011920929,0.5714285969734192,0.6800000071525574
620,yDtzw_Y-7RU$_$13,-1.7999999523162842,-0.6095424294471741,0.0003288369334768504,0.9967564940452576,0.002914705313742161,audio,0.52173912525177,0.5,0.489130437374115
644,yvsjCA6Y5Fc$_$12,-0.6000000238418579,-0.8393186330795288,0.0003171777934767306,0.9966670870780945,0.003015772206708789,audio,0.5,0.5210084319114685,0.5070422291755676
65,cW1FSBF59ik$_$13,2.0,0.18857264518737793,0.00042264684452675283,0.996033251285553,0.0035440747160464525,audio,0.5789473652839661,0.5443037748336792,0.5744680762290955
445,phBUpBr1hSo$_$9,-2.0,-0.9254906177520752,0.0003879916330333799,0.9962616562843323,0.003350390587002039,audio,0.5199999809265137,0.4154929518699646,0.47777777910232544
364,nbWiPyCm4g0$_$1,1.2000000476837158,-0.2804940342903137,0.00021102950267959386,0.9969431757926941,0.0028457592707127333,audio,0.4000000059604645,0.6875,0.5897436141967773
180,etzxEpPuc6I$_$10,-1.399999976158142,-0.47808125615119934,0.0003741364926099777,0.99543696641922,0.00418889382854104,audio,0.5,0.42500001192092896,0.5957446694374084
681,zhpQhgha_KU$_$30,-2.0,-1.0581581592559814,0.0003691571473609656,0.9930663108825684,0.006564534269273281,audio,0.5714285969734192,0.574999988079071,0.9166666865348816
205,f9O3YtZ2VfI$_$23,1.600000023841858,-0.6028244495391846,0.000499670160934329,0.9950590133666992,0.004441287834197283,audio,0.5833333134651184,0.4444444477558136,0.5625
222,f9O3YtZ2VfI$_$14,1.2000000476837158,-0.2617330849170685,0.00037901452742516994,0.9941723942756653,0.005448615178465843,audio,0.4444444477558136,0.4000000059604645,0.6666666865348816
562,vyB00TXsimI$_$9,-0.25,-0.34293317794799805,0.00048818442155607045,0.9937434792518616,0.005768357310444117,audio,0.5,0.3529411852359772,0.625
365,nbWiPyCm4g0$_$3,-1.7999999523162842,-1.0353561639785767,0.0003130659169983119,0.9967977404594421,0.002889261581003666,audio,0.4166666567325592,0.46666666865348816,0.4000000059604645
483,tIrG4oNLFzE$_$4,1.399999976158142,-0.6839662194252014,0.00043987040407955647,0.996084451675415,0.0034756583627313375,audio,0.46666666865348816,0.3928571343421936,0.39393940567970276
63,cW1FSBF59ik$_$11,-1.0,-0.9339699149131775,0.00028874468989670277,0.9971396923065186,0.0025716249365359545,audio,0.529411792755127,0.5529412031173706,0.5048543810844421
475,tIrG4oNLFzE$_$14,-2.4000000953674316,-1.1482365131378174,0.0003675809712149203,0.9964771866798401,0.0031552682630717754,audio,0.4888888895511627,0.45270270109176636,0.451977401971817
454,rnaNMUZpvvg$_$5,-2.799999952316284,-0.4807948172092438,0.001113942707888782,0.9951931238174438,0.0036929671186953783,audio,0.8181818127632141,0.2380952388048172,0.3199999928474426
232,f_pcplsH_V0$_$15,-1.0,-0.750947117805481,0.0007312068482860923,0.9958445429801941,0.0034243043046444654,audio,0.9166666865348816,0.5245901346206665,0.5714285969734192
98,cXypl4FnoZo$_$17,-0.6000000238418579,-0.5231854319572449,0.00043522194027900696,0.996001660823822,0.0035630790516734123,audio,0.5384615659713745,0.48275861144065857,0.48571428656578064
548,vvZ4IcEtiZc$_$7,1.399999976158142,-0.8689897656440735,0.0005636023124679923,0.9953392744064331,0.004097083117812872,audio,0.6666666865348816,0.5185185074806213,0.5625
16,c7UH_rxdZv4$_$6,-2.5999999046325684,-0.4627595543861389,0.00033621114562265575,0.9968858361244202,0.0027779468800872564,audio,0.5600000023841858,0.523809552192688,0.49000000953674316
39,cM3Yna7AavY$_$16,-2.799999952316284,0.18518611788749695,0.00046331167686730623,0.9960544109344482,0.0034823152236640453,audio,0.6000000238418579,0.5357142686843872,0.529411792755127
66,cW1FSBF59ik$_$12,2.200000047683716,-0.679940402507782,0.00036904975422658026,0.9954462051391602,0.004184792283922434,audio,0.47999998927116394,0.4027777910232544,0.5813953280448914
521,tmZoasNr4rU$_$6,-1.7999999523162842,-0.4990871846675873,0.0005500237457454205,0.9949448704719543,0.00450515653938055,audio,0.6666666865348816,0.4794520437717438,0.6091954112052917
450,rnaNMUZpvvg$_$22,-2.200000047683716,-0.5850360989570618,0.00030893879011273384,0.9967965483665466,0.002894587814807892,audio,0.48275861144065857,0.5277777910232544,0.48275861144065857
81,cXypl4FnoZo$_$28,-2.200000047683716,-0.1986287534236908,0.0004789565282408148,0.9966374635696411,0.0028835441917181015,audio,0.6363636255264282,0.5199999809265137,0.4333333373069763
667,zhpQhgha_KU$_$6,1.0,-0.3479861617088318,0.0007832068367861211,0.9909452199935913,0.008271551690995693,audio,0.6000000238418579,0.3499999940395355,0.7083333134651184
326,k5Y_838nuGo$_$14,-1.7999999523162842,-0.7935469746589661,0.00020377745386213064,0.9972625970840454,0.002533572493121028,audio,0.3684210479259491,0.6122449040412903,0.5
75,cXypl4FnoZo$_$26,0.6000000238418579,0.5645078420639038,0.0005815846961922944,0.9952859282493591,0.0041324663907289505,audio,0.5714285969734192,0.46666666865348816,0.5
209,f9O3YtZ2VfI$_$3,0.6000000238418579,0.01712920516729355,0.0005273871938697994,0.9962551593780518,0.0032174172811210155,audio,0.6666666865348816,0.5135135054588318,0.47727271914482117
685,zhpQhgha_KU$_$32,0.800000011920929,-0.5680038332939148,0.00026550295297056437,0.9963201284408569,0.003414382226765156,audio,0.4000000059604645,0.460317462682724,0.5526315569877625
422,pLTX3ipuDJI$_$4,-2.200000047683716,-0.32603830099105835,0.0003064813499804586,0.9963563680648804,0.0033371830359101295,audio,0.4722222089767456,0.5544554591178894,0.5593220591545105
539,v0zCBqDeKcE$_$8,1.7999999523162842,-0.5187850594520569,0.0003747461596503854,0.9962500929832458,0.003375205909833312,audio,0.5333333611488342,0.5208333134651184,0.52173912525177
267,iiK8YX8oH1E$_$3,-1.25,-0.2114233374595642,0.00022586404520552605,0.9961879849433899,0.003586197504773736,audio,0.1428571492433548,0.4444444477558136,0.4375
406,ob23OKe5a9Q$_$4,-1.5,-0.7684678435325623,0.00047856083256192505,0.9969828724861145,0.002538525266572833,audio,0.800000011920929,0.5925925970077515,0.5151515007019043
8,c7UH_rxdZv4$_$28,-0.800000011920929,-0.350613534450531,0.00034883961779996753,0.9969121217727661,0.0027390362229198217,audio,0.5454545617103577,0.5192307829856873,0.4516128897666931
517,tmZoasNr4rU$_$2,-2.0,-1.0557401180267334,0.00031568302074447274,0.9971412420272827,0.00254307733848691,audio,0.5714285969734192,0.5833333134651184,0.5
178,dq3Nf_lMPnE$_$8,0.6000000238418579,1.483067274093628,0.0005541749414987862,0.996685802936554,0.0027600787580013275,audio,0.699999988079071,0.5227272510528564,0.4423076808452606
194,etzxEpPuc6I$_$7,-1.2000000476837158,-0.6265718936920166,0.0004516805929597467,0.9954521059989929,0.004096279852092266,audio,0.625,0.4861111044883728,0.6290322542190552
72,cW1FSBF59ik$_$18,2.5999999046325684,-0.6848659515380859,0.00022004118363838643,0.9965601563453674,0.003219733014702797,audio,0.40909090638160706,0.5492957830429077,0.6279069781303406
310,k5Y_838nuGo$_$28,2.0,0.35547319054603577,0.0005350637366063893,0.9947212934494019,0.00474359467625618,audio,0.5,0.4375,0.5263158082962036
678,zhpQhgha_KU$_$19,-0.800000011920929,-0.49867144227027893,0.00043987546814605594,0.9960302710533142,0.003529797773808241,audio,0.5625,0.4761904776096344,0.5
452,rnaNMUZpvvg$_$3,-0.800000011920929,-0.6690999865531921,0.0003152788558509201,0.9964973330497742,0.0031874000560492277,audio,0.5454545617103577,0.5909090638160706,0.5925925970077515
448,rnaNMUZpvvg$_$20,0.800000011920929,-0.2559087872505188,0.000573777302633971,0.9976363182067871,0.001789943897165358,audio,0.6200000047683716,0.49593496322631836,0.1111111119389534
6,c7UH_rxdZv4$_$22,-2.4000000953674316,-0.8748499751091003,0.0003516075958032161,0.9957864880561829,0.0038619115948677063,audio,0.5,0.4754098355770111,0.5753424763679504
159,d6hH302o4v8$_$36,-2.200000047683716,-0.18277373909950256,0.0003407906333450228,0.996199905872345,0.0034592829179018736,audio,0.5,0.5882353186607361,0.5609756112098694
642,yvsjCA6Y5Fc$_$10,-2.0,-0.693747878074646,0.00031079017207957804,0.9971987009048462,0.0024905181489884853,audio,0.523809552192688,0.5443037748336792,0.43617022037506104
