index,id,y_true,y_pred,w_text,w_audio,w_vision,selected_anchor,availability_text,availability_audio,availability_vision
40,cM3Yna7AavY$_$1,2.200000047683716,0.2849690318107605,5.666102424584096e-06,0.9999922513961792,2.0942420633218717e-06,audio,0.06666667014360428,0.0,0.0
313,k5Y_838nuGo$_$3,0.800000011920929,0.12065791338682175,6.116008989920374e-06,0.9999920129776001,1.9110505036223913e-06,audio,0.1428571492433548,0.0,0.0
331,k5Y_838nuGo$_$31,-1.0,0.13787958025932312,6.264950570766814e-06,0.999991774559021,1.9144374618917936e-06,audio,0.1538461595773697,0.0,0.0
467,rnaNMUZpvvg$_$16,-1.7999999523162842,0.2310665249824524,7.013803497102344e-06,0.9999910593032837,1.9436829461483285e-06,audio,0.20000000298023224,0.0,0.0
63,cW1FSBF59ik$_$11,-1.0,0.09216541796922684,5.787821919511771e-06,0.9999922513961792,1.9047134856009507e-06,audio,0.11764705926179886,0.0,0.0
479,tIrG4oNLFzE$_$1,2.799999952316284,0.1577814668416977,6.403867701010313e-06,0.9999916553497314,1.901888140309893e-06,audio,0.1666666716337204,0.0,0.0
655,zhpQhgha_KU$_$20,-1.399999976158142,0.2783304750919342,7.505823305109516e-06,0.9999904632568359,1.9851349861710332e-06,audio,0.2222222238779068,0.0,0.0
558,vyB00TXsimI$_$5,1.7999999523162842,0.39278870820999146,8.68295865075197e-06,0.9999892711639404,2.0187374047964113e-06,audio,0.2857142984867096,0.0,0.0
275,jUzDDGyPkXU$_$24,-1.0,0.23803454637527466,5.75064495933475e-06,0.9999921321868896,2.0948170913470676e-06,audio,0.07407407462596893,0.0,0.0
6,c7UH_rxdZv4$_$22,-2.4000000953674316,0.12065225094556808,6.115886208135635e-06,0.9999920129776001,1.9110157154500484e-06,audio,0.1428571492433548,0.0,0.0
520,tmZoasNr4rU$_$7,-1.0,0.27196410298347473,5.6626131481607445e-06,0.9999922513961792,2.082761511701392e-06,audio,0.06896551698446274,0.0,0.0
122,d6hH302o4v8$_$43,-2.5,0.13797324895858765,6.268799552344717e-06,0.999991774559021,1.91487924894318e-06,audio,0.1538461595773697,0.0,0.0
496,tStelxIAHjw$_$3,0.5,0.5185761451721191,1.1617928066698369e-05,0.9999862909317017,2.150293539671111e-06,audio,0.4000000059604645,0.0,0.0
444,phBUpBr1hSo$_$6,1.600000023841858,0.09006587415933609,5.634957233269233e-06,0.9999924898147583,1.9196859284420498e-06,audio,0.10000000149011612,0.0,0.0
266,iiK8YX8oH1E$_$1,-2.5999999046325684,0.15629802644252777,6.410644346033223e-06,0.9999916553497314,1.903709971884382e-06,audio,0.1666666716337204,0.0,0.0
183,etzxEpPuc6I$_$15,0.20000000298023224,0.3324883282184601,8.013934348127805e-06,0.9999899864196777,2.003416739171371e-06,audio,0.25,0.0,0.0
575,wMbj6ajWbic$_$25,2.0,0.15629729628562927,6.4113351072592195e-06,0.9999916553497314,1.904599798763229e-06,audio,0.1666666716337204,0.0,0.0
253,fvVhgmXxadc$_$7,-1.0,0.21343201398849487,5.716863142879447e-06,0.9999922513961792,2.0618231246771757e-06,audio,0.07692307978868484,0.0,0.0
131,d6hH302o4v8$_$28,-1.0,0.1054924726486206,5.548663921217667e-06,0.9999924898147583,1.9062404135183897e-06,audio,0.095238097012043,0.0,0.0
300,jUzDDGyPkXU$_$19,2.200000047683716,0.23226818442344666,6.986019798205234e-06,0.9999910593032837,1.9320546016388107e-06,audio,0.20000000298023224,0.0,0.0
332,k5Y_838nuGo$_$30,1.600000023841858,0.15631505846977234,6.415169991669245e-06,0.9999916553497314,1.905032263493922e-06,audio,0.1666666716337204,0.0,0.0
367,nbWiPyCm4g0$_$5,-1.399999976158142,0.352032333612442,5.351387244445505e-06,0.9999926090240479,2.005549731620704e-06,audio,0.0555555559694767,0.0,0.0
70,cW1FSBF59ik$_$16,3.0,0.09604045748710632,5.863379101356259e-06,0.9999922513961792,1.8999060102942167e-06,audio,0.125,0.0,0.0
343,lXPQBPVc5Cw$_$1,0.20000000298023224,0.08506940305233002,5.7510023907525465e-06,0.9999923706054688,1.918924226629315e-06,audio,0.1111111119389534,0.0,0.0
289,jUzDDGyPkXU$_$6,-1.600000023841858,0.2957897484302521,5.647932539432077e-06,0.9999922513961792,2.0962163489457453e-06,audio,0.06451612710952759,0.0,0.0
194,etzxEpPuc6I$_$7,-1.2000000476837158,0.17388784885406494,5.818814315716736e-06,0.9999921321868896,2.0750926523760427e-06,audio,0.0833333358168602,0.0,0.0
640,yvsjCA6Y5Fc$_$8,0.4000000059604645,0.14314264059066772,5.578924628935056e-06,0.9999924898147583,1.9519873148965416e-06,audio,0.08695652335882187,0.0,0.0
198,f9O3YtZ2VfI$_$24,-2.5999999046325684,0.6251139044761658,6.93446736477199e-06,0.9999905824661255,2.4581597699580016e-06,audio,0.03999999910593033,0.0,0.0
425,pLTX3ipuDJI$_$9,0.0,0.30432283878326416,5.658564532495802e-06,0.9999922513961792,2.109283059326117e-06,audio,0.0625,0.0,0.0
91,cXypl4FnoZo$_$8,1.399999976158142,0.14320778846740723,5.578669060923858e-06,0.9999924898147583,1.951899776031496e-06,audio,0.08695652335882187,0.0,0.0
311,k5Y_838nuGo$_$29,-0.75,0.10151843726634979,5.963470812275773e-06,0.9999921321868896,1.8968497670357465e-06,audio,0.13333334028720856,0.0,0.0
540,vvZ4IcEtiZc$_$11,1.600000023841858,0.15642186999320984,6.4102896430995315e-06,0.9999916553497314,1.9042039411942824e-06,audio,0.1666666716337204,0.0,0.0
507,tmZoasNr4rU$_$12,-2.200000047683716,0.22477200627326965,6.957994628464803e-06,0.9999910593032837,1.9247261207056e-06,audio,0.20000000298023224,0.0,0.0
181,etzxEpPuc6I$_$13,-2.200000047683716,0.3563670516014099,5.334775323717622e-06,0.9999926090240479,1.999522282858379e-06,audio,0.0555555559694767,0.0,0.0
411,pLTX3ipuDJI$_$11,0.6000000238418579,0.09121370315551758,5.79379775444977e-06,0.9999922513961792,1.906483703351114e-06,audio,0.11764705926179886,0.0,0.0
21,c7UH_rxdZv4$_$13,-2.5999999046325684,0.28097665309906006,7.465361250069691e-06,0.9999905824661255,1.970543280549464e-06,audio,0.2222222238779068,0.0,0.0
533,v0zCBqDeKcE$_$2,-0.4000000059604645,0.19311612844467163,6.658300662820693e-06,0.9999914169311523,1.915671418828424e-06,audio,0.1818181872367859,0.0,0.0
413,pLTX3ipuDJI$_$13,-1.399999976158142,0.09544020146131516,5.87207478019991e-06,0.9999922513961792,1.9025459323529503e-06,audio,0.125,0.0,0.0
523,tmZoasNr4rU$_$8,-2.0,0.23376122117042542,6.970753474888625e-06,0.9999910593032837,1.928012807184132e-06,audio,0.20000000298023224,0.0,0.0
49,cW1FSBF59ik$_$24,0.0,0.22477200627326965,6.957994628464803e-06,0.9999910593032837,1.9247261207056e-06,audio,0.20000000298023224,0.0,0.0
127,d6hH302o4v8$_$20,1.0,0.12058272957801819,6.115705218689982e-06,0.9999920129776001,1.9109666027361527e-06,audio,0.1428571492433548,0.0,0.0
104,d3_k5Xpfmik$_$13,2.200000047683716,0.28200939297676086,7.474479843949666e-06,0.9999905824661255,1.9739231902349275e-06,audio,0.2222222238779068,0.0,0.0
462,rnaNMUZpvvg$_$13,-2.0,0.33642682433128357,8.00657016952755e-06,0.9999899864196777,2.000112090172479e-06,audio,0.25,0.0,0.0
254,fvVhgmXxadc$_$6,-0.20000000298023224,0.1930842399597168,5.795322067569941e-06,0.9999921321868896,2.0818122266064165e-06,audio,0.07999999821186066,0.0,0.0
4,c7UH_rxdZv4$_$20,-1.7999999523162842,0.17389483749866486,5.819197212986182e-06,0.9999921321868896,2.0752470391016686e-06,audio,0.0833333358168602,0.0,0.0
474,tIrG4oNLFzE$_$15,-2.0,0.17384076118469238,5.819013949803775e-06,0.9999921321868896,2.075159954983974e-06,audio,0.0833333358168602,0.0,0.0
570,vyB00TXsimI$_$17,1.399999976158142,0.08851191401481628,5.7195579756808e-06,0.9999923706054688,1.9329454516991973e-06,audio,0.10526315867900848,0.0,0.0
173,dq3Nf_lMPnE$_$5,1.2000000476837158,0.10152366757392883,5.954713287792401e-06,0.9999921321868896,1.8946730051538907e-06,audio,0.13333334028720856,0.0,0.0
641,yvsjCA6Y5Fc$_$11,2.0,0.09121480584144592,5.793846867163666e-06,0.9999922513961792,1.9064981415795046e-06,audio,0.11764705926179886,0.0,0.0
553,vyB00TXsimI$_$21,1.2000000476837158,0.1928144097328186,6.657284757238813e-06,0.9999914169311523,1.915459506562911e-06,audio,0.1818181872367859,0.0,0.0
531,v0zCBqDeKcE$_$1,2.5999999046325684,0.2324288785457611,6.985860181885073e-06,0.9999910593032837,1.9319770672154846e-06,audio,0.20000000298023224,0.0,0.0
680,zhpQhgha_KU$_$31,-1.0,0.17250093817710876,5.824954769195756e-06,0.9999921321868896,2.077143790302216e-06,audio,0.0833333358168602,0.0,0.0
228,f_pcplsH_V0$_$11,-0.4000000059604645,0.1206585019826889,6.116026270319708e-06,0.9999920129776001,1.911059598569409e-06,audio,0.1428571492433548,0.0,0.0
626,yDtzw_Y-7RU$_$19,-1.600000023841858,0.28081056475639343,7.480156000383431e-06,0.9999905824661255,1.974934548343299e-06,audio,0.2222222238779068,0.0,0.0
579,wMbj6ajWbic$_$21,1.600000023841858,0.09121709316968918,5.7939355428970885e-06,0.9999922513961792,1.906527359096799e-06,audio,0.11764705926179886,0.0,0.0
365,nbWiPyCm4g0$_$3,-1.7999999523162842,0.14665435254573822,6.383119398378767e-06,0.999991774559021,1.8961472960654646e-06,audio,0.1666666716337204,0.0,0.0
603,wMbj6ajWbic$_$30,0.800000011920929,0.1366930603981018,6.254228992474964e-06,0.999991774559021,1.9119177068205317e-06,audio,0.1538461595773697,0.0,0.0
258,iiK8YX8oH1E$_$10,0.0,0.39376914501190186,8.58521343616303e-06,0.99998939037323,1.992081706703175e-06,audio,0.2857142984867096,0.0,0.0
113,d3_k5Xpfmik$_$3,2.0,0.13780319690704346,6.264245257625589e-06,0.999991774559021,1.913539335873793e-06,audio,0.1538461595773697,0.0,0.0
18,c7UH_rxdZv4$_$8,-2.799999952316284,0.09365479648113251,5.620579031528905e-06,0.9999924898147583,1.914917220346979e-06,audio,0.10000000149011612,0.0,0.0
549,vvZ4IcEtiZc$_$6,1.0,0.17381002008914948,5.8188361435895786e-06,0.9999921321868896,2.0751083411596483e-06,audio,0.0833333358168602,0.0,0.0
400,ob23OKe5a9Q$_$12,2.799999952316284,0.1902540773153305,6.643180313403718e-06,0.9999914169311523,1.9116801013296936e-06,audio,0.1818181872367859,0.0,0.0
327,k5Y_838nuGo$_$17,0.800000011920929,0.3343290686607361,7.97137909103185e-06,0.9999899864196777,1.9906108263967326e-06,audio,0.25,0.0,0.0
550,vvZ4IcEtiZc$_$9,2.200000047683716,0.3096705973148346,5.637014510284644e-06,0.9999922513961792,2.101756990668946e-06,audio,0.0625,0.0,0.0
197,etzxEpPuc6I$_$8,-1.0,0.28012022376060486,5.680982212652452e-06,0.9999922513961792,2.1008472685934976e-06,audio,0.06666667014360428,0.0,0.0
152,d6hH302o4v8$_$17,-2.0,0.4603230655193329,9.75700095295906e-06,0.9999881982803345,2.059148073385586e-06,audio,0.3333333432674408,0.0,0.0
419,pLTX3ipuDJI$_$3,-1.2000000476837158,0.1433924436569214,5.5706786952214316e-06,0.9999924898147583,1.9507572233123938e-06,audio,0.08695652335882187,0.0,0.0
335,lXPQBPVc5Cw$_$26,-2.799999952316284,0.19278869032859802,6.648776889051078e-06,0.9999914169311523,1.913195774250198e-06,audio,0.1818181872367859,0.0,0.0
561,vyB00TXsimI$_$6,2.0,0.14403504133224487,5.572336249315413e-06,0.9999924898147583,1.950515297721722e-06,audio,0.08695652335882187,0.0,0.0
557,vyB00TXsimI$_$2,-2.4000000953674316,0.24321019649505615,5.7310116972075775e-06,0.9999921321868896,2.0881871023448184e-06,audio,0.07407407462596893,0.0,0.0
373,nzpVDcQ0ywM$_$24,1.600000023841858,0.28101009130477905,7.4670847425295506e-06,0.9999905824661255,1.9710885226231767e-06,audio,0.2222222238779068,0.0,0.0
443,phBUpBr1hSo$_$7,-1.0,0.45923927426338196,5.344460987544153e-06,0.9999926090240479,2.0430393306014594e-06,audio,0.0476190485060215,0.0,0.0
410,ob23OKe5a9Q$_$8,0.6000000238418579,0.08833525329828262,5.728679752792232e-06,0.9999923706054688,1.9119918306387262e-06,audio,0.1111111119389534,0.0,0.0
613,yDtzw_Y-7RU$_$4,-1.0,0.08507232367992401,5.750602667831117e-06,0.9999923706054688,1.9187925772712333e-06,audio,0.1111111119389534,0.0,0.0
405,ob23OKe5a9Q$_$5,-1.7999999523162842,0.18139895796775818,5.77002583668218e-06,0.9999921321868896,2.0615259472833714e-06,audio,0.0833333358168602,0.0,0.0
593,wMbj6ajWbic$_$11,0.4000000059604645,0.09121709316968918,5.7939355428970885e-06,0.9999922513961792,1.906527359096799e-06,audio,0.11764705926179886,0.0,0.0
180,etzxEpPuc6I$_$10,-1.399999976158142,0.15629363059997559,6.41054020888987e-06,0.9999916553497314,1.903680981740763e-06,audio,0.1666666716337204,0.0,0.0
622,yDtzw_Y-7RU$_$15,0.6000000238418579,0.13762500882148743,6.259945166675607e-06,0.999991774559021,1.9124393020319985e-06,audio,0.1538461595773697,0.0,0.0
312,k5Y_838nuGo$_$1,-1.600000023841858,0.2770327031612396,7.446987183357123e-06,0.9999905824661255,1.967797743418487e-06,audio,0.2222222238779068,0.0,0.0
146,d6hH302o4v8$_$11,-1.0,0.23226818442344666,6.986019798205234e-06,0.9999910593032837,1.9320546016388107e-06,audio,0.20000000298023224,0.0,0.0
416,pLTX3ipuDJI$_$14,-2.0,0.15646643936634064,6.415145435312297e-06,0.9999916553497314,1.9049995216846582e-06,audio,0.1666666716337204,0.0,0.0
436,phBUpBr1hSo$_$18,0.800000011920929,0.3347936272621155,8.021320354600903e-06,0.9999899864196777,2.005217311307206e-06,audio,0.25,0.0,0.0
71,cW1FSBF59ik$_$19,0.20000000298023224,0.2321128249168396,6.983589173614746e-06,0.9999910593032837,1.931995711856871e-06,audio,0.20000000298023224,0.0,0.0
368,nbWiPyCm4g0$_$4,-2.200000047683716,0.4856751263141632,5.460181910166284e-06,0.9999924898147583,2.1010482669225894e-06,audio,0.04651162773370743,0.0,0.0
517,tmZoasNr4rU$_$2,-2.0,0.12197799235582352,6.110021331551252e-06,0.9999920129776001,1.909361571961199e-06,audio,0.1428571492433548,0.0,0.0
617,yDtzw_Y-7RU$_$8,-1.5,0.4011789858341217,8.680523933435325e-06,0.9999892711639404,2.0157535800535697e-06,audio,0.2857142984867096,0.0,0.0
684,zhpQhgha_KU$_$33,-0.4000000059604645,0.09509920328855515,5.867266281711636e-06,0.9999922513961792,1.9010512914974242e-06,audio,0.125,0.0,0.0
296,jUzDDGyPkXU$_$15,1.3333333730697632,0.09196992963552475,5.78461003897246e-06,0.9999922513961792,1.9046881334361387e-06,audio,0.11764705926179886,0.0,0.0
185,etzxEpPuc6I$_$17,-0.4000000059604645,0.09530972689390182,5.867786967428401e-06,0.9999922513961792,1.9011964695891947e-06,audio,0.125,0.0,0.0
583,wMbj6ajWbic$_$29,1.7999999523162842,0.0850781798362732,5.751348453486571e-06,0.9999923706054688,1.919037686093361e-06,audio,0.1111111119389534,0.0,0.0
17,c7UH_rxdZv4$_$9,-0.4000000059604645,0.23749014735221863,5.740814685850637e-06,0.9999921321868896,2.0913398657285143e-06,audio,0.07407407462596893,0.0,0.0
518,tmZoasNr4rU$_$5,-0.800000011920929,0.15628714859485626,6.410405603674008e-06,0.9999916553497314,1.9036410776607227e-06,audio,0.1666666716337204,0.0,0.0
471,tIrG4oNLFzE$_$10,-1.7999999523162842,0.10120881348848343,5.955837877991144e-06,0.9999921321868896,1.8947343960462604e-06,audio,0.13333334028720856,0.0,0.0
584,wMbj6ajWbic$_$1,0.5,0.2302922010421753,6.970308277232107e-06,0.9999910593032837,1.929186055349419e-06,audio,0.20000000298023224,0.0,0.0
647,yvsjCA6Y5Fc$_$17,-0.6000000238418579,0.10137920081615448,5.959064765193034e-06,0.9999921321868896,1.8954899587697582e-06,audio,0.13333334028720856,0.0,0.0
654,zhpQhgha_KU$_$27,0.800000011920929,0.23244735598564148,7.01948511050432e-06,0.9999910593032837,1.945602207342745e-06,audio,0.20000000298023224,0.0,0.0
591,wMbj6ajWbic$_$9,-2.0,0.23212909698486328,6.980731996009126e-06,0.9999910593032837,1.9310930383653613e-06,audio,0.20000000298023224,0.0,0.0
215,f9O3YtZ2VfI$_$9,-2.200000047683716,0.1417238414287567,6.359409326250898e-06,0.9999916553497314,1.950071009559906e-06,audio,0.1538461595773697,0.0,0.0
394,nzpVDcQ0ywM$_$16,1.399999976158142,0.15628957748413086,6.410461082850816e-06,0.9999916553497314,1.9036555158891133e-06,audio,0.1666666716337204,0.0,0.0
534,v0zCBqDeKcE$_$5,2.0,0.277511864900589,7.455699233105406e-06,0.9999905824661255,1.9681413050420815e-06,audio,0.2222222238779068,0.0,0.0
288,jUzDDGyPkXU$_$7,-0.6000000238418579,0.0885118916630745,5.7195579756808e-06,0.9999923706054688,1.9329454516991973e-06,audio,0.10526315867900848,0.0,0.0
478,tIrG4oNLFzE$_$18,-2.200000047683716,0.1937047690153122,5.792238880530931e-06,0.9999921321868896,2.0807920009247027e-06,audio,0.07999999821186066,0.0,0.0
678,zhpQhgha_KU$_$19,-0.800000011920929,0.09558463096618652,5.86481610298506e-06,0.9999922513961792,1.9003662146133138e-06,audio,0.125,0.0,0.0
588,wMbj6ajWbic$_$4,1.0,0.23459714651107788,6.965629381738836e-06,0.9999910593032837,1.9279868865851313e-06,audio,0.20000000298023224,0.0,0.0
615,yDtzw_Y-7RU$_$6,-1.2000000476837158,0.5848965048789978,5.571814199356595e-06,0.9999922513961792,2.1686685158783803e-06,audio,0.040816325694322586,0.0,0.0
592,wMbj6ajWbic$_$8,-0.20000000298023224,0.3349806070327759,7.983763680385891e-06,0.9999899864196777,1.9924057141906815e-06,audio,0.25,0.0,0.0
290,jUzDDGyPkXU$_$9,2.799999952316284,0.39865410327911377,8.645189154776745e-06,0.99998939037323,2.00519116333453e-06,audio,0.2857142984867096,0.0,0.0
395,nzpVDcQ0ywM$_$19,-2.0,0.09006589651107788,5.634957233269233e-06,0.9999924898147583,1.9196859284420498e-06,audio,0.10000000149011612,0.0,0.0
660,zhpQhgha_KU$_$29,-1.2000000476837158,0.11765602231025696,6.105775355536025e-06,0.9999920129776001,1.9086553493252723e-06,audio,0.1428571492433548,0.0,0.0
24,c7UH_rxdZv4$_$14,1.2000000476837158,0.33532628417015076,7.974937034305185e-06,0.9999899864196777,1.9895765035471413e-06,audio,0.25,0.0,0.0
559,vyB00TXsimI$_$4,1.7999999523162842,0.28133174777030945,7.477866347471718e-06,0.9999905824661255,1.973676717170747e-06,audio,0.2222222238779068,0.0,0.0
650,yvsjCA6Y5Fc$_$18,-2.200000047683716,0.23976683616638184,5.739183052355656e-06,0.9999921321868896,2.0908892111037858e-06,audio,0.07407407462596893,0.0,0.0
48,cM3Yna7AavY$_$8,-0.6000000238418579,0.2330172061920166,6.981571004871512e-06,0.9999910593032837,1.9319163584441412e-06,audio,0.20000000298023224,0.0,0.0
543,vvZ4IcEtiZc$_$1,2.0,0.33045580983161926,7.936774636618793e-06,0.9999901056289673,1.9819826775346883e-06,audio,0.25,0.0,0.0
555,vyB00TXsimI$_$1,0.0,0.23208585381507874,6.977144494157983e-06,0.9999910593032837,1.9298927327326965e-06,audio,0.20000000298023224,0.0,0.0
623,yDtzw_Y-7RU$_$14,2.200000047683716,0.1456901729106903,5.569690074480604e-06,0.9999924898147583,1.9488568341330392e-06,audio,0.08695652335882187,0.0,0.0
251,fvVhgmXxadc$_$5,0.0,0.13783036172389984,6.264329385885503e-06,0.999991774559021,1.913561391120311e-06,audio,0.1538461595773697,0.0,0.0
480,tIrG4oNLFzE$_$3,2.5999999046325684,0.1206587478518486,6.116032182035269e-06,0.9999920129776001,1.911059598569409e-06,audio,0.1428571492433548,0.0,0.0
494,tStelxIAHjw$_$16,0.800000011920929,0.4522986114025116,9.753167432791088e-06,0.9999881982803345,2.0605114059435437e-06,audio,0.3333333432674408,0.0,0.0
652,zhpQhgha_KU$_$25,1.0,0.09508660435676575,5.8628029364626855e-06,0.9999922513961792,1.8996994413100765e-06,audio,0.125,0.0,0.0
493,tStelxIAHjw$_$14,-1.7999999523162842,0.3347936272621155,8.021320354600903e-06,0.9999899864196777,2.005217311307206e-06,audio,0.25,0.0,0.0
199,f9O3YtZ2VfI$_$25,-1.399999976158142,0.2330172061920166,6.981571004871512e-06,0.9999910593032837,1.9319163584441412e-06,audio,0.20000000298023224,0.0,0.0
93,cXypl4FnoZo$_$10,2.0,0.15646322071552277,6.415071766241454e-06,0.9999916553497314,1.9049703041673638e-06,audio,0.1666666716337204,0.0,0.0
178,dq3Nf_lMPnE$_$8,0.6000000238418579,0.09135615825653076,5.622969638352515e-06,0.9999924898147583,1.9172634893038776e-06,audio,0.10000000149011612,0.0,0.0
683,zhpQhgha_KU$_$34,1.2000000476837158,0.3313101530075073,7.948478014441207e-06,0.9999901056289673,1.985240487556439e-06,audio,0.25,0.0,0.0
379,nzpVDcQ0ywM$_$3,0.800000011920929,0.09195946902036667,5.788931048300583e-06,0.9999922513961792,1.9050387436436722e-06,audio,0.11764705926179886,0.0,0.0
387,nzpVDcQ0ywM$_$11,0.0,0.13784848153591156,6.268781362450682e-06,0.999991774559021,1.9149047147948295e-06,audio,0.1538461595773697,0.0,0.0
556,vyB00TXsimI$_$3,2.200000047683716,0.17377464473247528,5.8192968026560266e-06,0.9999921321868896,2.0752588625327917e-06,audio,0.0833333358168602,0.0,0.0
270,iiK8YX8oH1E$_$4,-2.0,0.09196992963552475,5.78461003897246e-06,0.9999922513961792,1.9046881334361387e-06,audio,0.11764705926179886,0.0,0.0
73,cXypl4FnoZo$_$24,0.20000000298023224,0.607094943523407,6.992302132857731e-06,0.9999905824661255,2.47623938776087e-06,audio,0.03999999910593033,0.0,0.0
415,pLTX3ipuDJI$_$15,-1.399999976158142,0.19401413202285767,5.78941171625047e-06,0.9999921321868896,2.0799188860110007e-06,audio,0.07999999821186066,0.0,0.0
481,tIrG4oNLFzE$_$2,2.4000000953674316,0.18921466171741486,6.640254014200764e-06,0.9999914169311523,1.9108142623736057e-06,audio,0.1818181872367859,0.0,0.0
138,d6hH302o4v8$_$5,-1.3333333730697632,0.4049239158630371,8.763326150074136e-06,0.9999891519546509,2.039469791270676e-06,audio,0.2857142984867096,0.0,0.0
29,c7UH_rxdZv4$_$31,-1.399999976158142,0.09371215850114822,5.779874300060328e-06,0.9999923706054688,1.9023465256395866e-06,audio,0.11764705926179886,0.0,0.0
160,d6hH302o4v8$_$35,-1.600000023841858,0.0850723534822464,5.751139724452514e-06,0.9999923706054688,1.9189681097486755e-06,audio,0.1111111119389534,0.0,0.0
463,rnaNMUZpvvg$_$12,-1.0,0.12733688950538635,5.606258582702139e-06,0.9999924898147583,1.945477151821251e-06,audio,0.09090909361839294,0.0,0.0
72,cW1FSBF59ik$_$18,2.5999999046325684,0.1285897195339203,5.600193617283367e-06,0.9999924898147583,1.9434337446000427e-06,audio,0.09090909361839294,0.0,0.0
147,d6hH302o4v8$_$10,-1.2000000476837158,0.18830978870391846,6.625438800256234e-06,0.9999914169311523,1.908119202198577e-06,audio,0.1818181872367859,0.0,0.0
495,tStelxIAHjw$_$1,0.0,0.17368173599243164,5.819696525577456e-06,0.9999921321868896,2.0753973331011366e-06,audio,0.0833333358168602,0.0,0.0
630,yvsjCA6Y5Fc$_$22,-1.600000023841858,0.3984181582927704,8.687803529028315e-06,0.9999892711639404,2.0184718323434936e-06,audio,0.2857142984867096,0.0,0.0
177,dq3Nf_lMPnE$_$9,-0.800000011920929,0.09530970454216003,5.867786967428401e-06,0.9999922513961792,1.9011964695891947e-06,audio,0.125,0.0,0.0
214,f9O3YtZ2VfI$_$6,-2.5999999046325684,0.22669285535812378,6.952038802410243e-06,0.9999911785125732,1.924548087117728e-06,audio,0.20000000298023224,0.0,0.0
389,nzpVDcQ0ywM$_$13,-1.0,0.09120481461286545,5.793907803308684e-06,0.9999922513961792,1.906523721117992e-06,audio,0.11764705926179886,0.0,0.0
14,c7UH_rxdZv4$_$4,1.600000023841858,0.10116428136825562,5.958553174423287e-06,0.9999921321868896,1.895348759717308e-06,audio,0.13333334028720856,0.0,0.0
126,d6hH302o4v8$_$27,-2.5999999046325684,0.5133481025695801,1.162714761449024e-05,0.9999861717224121,2.1541745809372514e-06,audio,0.4000000059604645,0.0,0.0
219,f9O3YtZ2VfI$_$13,-1.600000023841858,0.13930416107177734,6.258077064558165e-06,0.999991774559021,1.911830167955486e-06,audio,0.1538461595773697,0.0,0.0
460,rnaNMUZpvvg$_$11,-2.5999999046325684,0.15630528330802917,6.410790774680208e-06,0.9999916553497314,1.9037498759644222e-06,audio,0.1666666716337204,0.0,0.0
316,k5Y_838nuGo$_$4,1.0,0.13409453630447388,6.2525600696972106e-06,0.9999918937683105,1.910658511405927e-06,audio,0.1538461595773697,0.0,0.0
302,k5Y_838nuGo$_$24,0.6000000238418579,0.2820093631744385,7.474479843949666e-06,0.9999905824661255,1.9739231902349275e-06,audio,0.2222222238779068,0.0,0.0
60,cW1FSBF59ik$_$6,1.2000000476837158,0.33343449234962463,8.018093467399012e-06,0.9999899864196777,2.004634097829694e-06,audio,0.25,0.0,0.0
566,vyB00TXsimI$_$13,2.4000000953674316,0.2820012867450714,7.496038051613141e-06,0.9999905824661255,1.9807912394753657e-06,audio,0.2222222238779068,0.0,0.0
281,jUzDDGyPkXU$_$22,-2.4000000953674316,0.08506940305233002,5.750997388531687e-06,0.9999923706054688,1.918924226629315e-06,audio,0.1111111119389534,0.0,0.0
638,yvsjCA6Y5Fc$_$6,0.0,0.19099481403827667,6.638024842686718e-06,0.9999914169311523,1.9109854747512145e-06,audio,0.1818181872367859,0.0,0.0
317,k5Y_838nuGo$_$7,-2.4000000953674316,0.22696566581726074,6.956189736229135e-06,0.9999910593032837,1.9260151020716876e-06,audio,0.20000000298023224,0.0,0.0
115,d3_k5Xpfmik$_$5,2.200000047683716,0.13795532286167145,6.268859124247683e-06,0.999991774559021,1.9148974388372153e-06,audio,0.1538461595773697,0.0,0.0
189,etzxEpPuc6I$_$1,0.4000000059604645,0.23976773023605347,5.743886504205875e-06,0.9999921321868896,2.0924690034007654e-06,audio,0.07407407462596893,0.0,0.0
121,d6hH302o4v8$_$42,-1.399999976158142,0.19022893905639648,6.6427746787667274e-06,0.9999914169311523,1.9115250324830413e-06,audio,0.1818181872367859,0.0,0.0
137,d6hH302o4v8$_$2,-1.7999999523162842,0.19314119219779968,6.658097845502198e-06,0.9999914169311523,1.9156054804625455e-06,audio,0.1818181872367859,0.0,0.0
635,yvsjCA6Y5Fc$_$5,0.4000000059604645,0.3374437093734741,8.018116204766557e-06,0.9999899864196777,2.003430154218222e-06,audio,0.25,0.0,0.0
195,etzxEpPuc6I$_$6,0.4000000059604645,0.15609517693519592,6.413591563614318e-06,0.9999916553497314,1.9046324268856551e-06,audio,0.1666666716337204,0.0,0.0
86,cXypl4FnoZo$_$5,1.7999999523162842,0.09508654475212097,5.863026672159322e-06,0.9999922513961792,1.8997938013853854e-06,audio,0.125,0.0,0.0
450,rnaNMUZpvvg$_$22,-2.200000047683716,0.26674583554267883,5.7036031648749486e-06,0.9999922513961792,2.0977081476303283e-06,audio,0.06896551698446274,0.0,0.0
490,tStelxIAHjw$_$13,-1.600000023841858,0.3997964560985565,8.6367017502198e-06,0.99998939037323,2.0036125079059275e-06,audio,0.2857142984867096,0.0,0.0
9,c7UH_rxdZv4$_$29,0.6000000238418579,0.15628695487976074,6.410399237211095e-06,0.9999916553497314,1.9036374396819156e-06,audio,0.1666666716337204,0.0,0.0
39,cM3Yna7AavY$_$16,-2.799999952316284,0.22925448417663574,6.969483365537599e-06,0.9999910593032837,1.9278068066341802e-06,audio,0.20000000298023224,0.0,0.0
631,yvsjCA6Y5Fc$_$23,-1.2000000476837158,0.6063318848609924,6.987901997490553e-06,0.9999905824661255,2.4734333692322252e-06,audio,0.03999999910593033,0.0,0.0
324,k5Y_838nuGo$_$12,0.20000000298023224,0.08851195871829987,5.719563432649011e-06,0.9999923706054688,1.9329490896780044e-06,audio,0.10526315867900848,0.0,0.0
68,cW1FSBF59ik$_$14,-1.2000000476837158,0.14764204621315002,5.56258783035446e-06,0.9999924898147583,1.946423708432121e-06,audio,0.08695652335882187,0.0,0.0
240,f_pcplsH_V0$_$6,1.600000023841858,0.2834620177745819,7.5158659456064925e-06,0.9999904632568359,1.9872736629622523e-06,audio,0.2222222238779068,0.0,0.0
158,d6hH302o4v8$_$37,-2.200000047683716,0.5628072023391724,1.4895827007421758e-05,0.9999828338623047,2.256926336485776e-06,audio,0.5,0.0,0.0
56,cW1FSBF59ik$_$2,3.0,0.17851006984710693,5.7989100241684355e-06,0.9999921321868896,2.068090907414444e-06,audio,0.0833333358168602,0.0,0.0
322,k5Y_838nuGo$_$10,2.0,0.1902288943529129,6.6427746787667274e-06,0.9999914169311523,1.9115250324830413e-06,audio,0.1818181872367859,0.0,0.0
223,f9O3YtZ2VfI$_$17,-2.0,0.09211680293083191,5.7880756685335655e-06,0.9999922513961792,1.9047879504796583e-06,audio,0.11764705926179886,0.0,0.0
627,yDtzw_Y-7RU$_$18,-2.0,0.09006589651107788,5.634957233269233e-06,0.9999924898147583,1.9196859284420498e-06,audio,0.10000000149011612,0.0,0.0
502,tStelxIAHjw$_$9,-1.399999976158142,0.2834620177745819,7.5158659456064925e-06,0.9999904632568359,1.9872736629622523e-06,audio,0.2222222238779068,0.0,0.0
648,yvsjCA6Y5Fc$_$16,-1.7999999523162842,0.6072908639907837,7.005383395153331e-06,0.9999904632568359,2.480105649738107e-06,audio,0.03999999910593033,0.0,0.0
52,cW1FSBF59ik$_$22,-1.0,0.19975563883781433,5.767670700151939e-06,0.9999921321868896,2.0723516627185745e-06,audio,0.07999999821186066,0.0,0.0
50,cW1FSBF59ik$_$20,2.5,0.1929762363433838,6.65321022097487e-06,0.9999914169311523,1.9142541987093864e-06,audio,0.1818181872367859,0.0,0.0
590,wMbj6ajWbic$_$6,1.7999999523162842,0.25387898087501526,5.701487680198625e-06,0.9999922513961792,2.086125277855899e-06,audio,0.0714285746216774,0.0,0.0
472,tIrG4oNLFzE$_$13,-2.0,0.6175668835639954,6.913608103786828e-06,0.9999905824661255,2.4474372821714496e-06,audio,0.03999999910593033,0.0,0.0
514,tmZoasNr4rU$_$20,-1.0,0.23227456212043762,6.9809516389796045e-06,0.9999910593032837,1.930673306560493e-06,audio,0.20000000298023224,0.0,0.0
272,iiK8YX8oH1E$_$6,0.20000000298023224,0.4011729657649994,8.690918548381887e-06,0.9999892711639404,2.018714212681516e-06,audio,0.2857142984867096,0.0,0.0
408,ob23OKe5a9Q$_$6,0.0,0.19308419525623322,5.795322067569941e-06,0.9999921321868896,2.0818101802433375e-06,audio,0.07999999821186066,0.0,0.0
208,f9O3YtZ2VfI$_$1,-1.2000000476837158,0.2806306481361389,7.512784122809535e-06,0.9999904632568359,1.986932375075412e-06,audio,0.2222222238779068,0.0,0.0
345,lXPQBPVc5Cw$_$2,-2.200000047683716,0.13782107830047607,6.26410201221006e-06,0.999991774559021,1.9134954527544323e-06,audio,0.1538461595773697,0.0,0.0
606,yDtzw_Y-7RU$_$21,0.20000000298023224,0.0978551059961319,5.942023562965915e-06,0.9999921321868896,1.8904856915469281e-06,audio,0.13333334028720856,0.0,0.0
535,v0zCBqDeKcE$_$4,0.0,0.09148726612329483,5.790896921098465e-06,0.9999922513961792,1.9056601558986586e-06,audio,0.11764705926179886,0.0,0.0
142,d6hH302o4v8$_$9,-2.4000000953674316,0.3375736176967621,8.017259460757487e-06,0.9999899864196777,2.0032007341797e-06,audio,0.25,0.0,0.0
391,nzpVDcQ0ywM$_$15,-0.6000000238418579,0.3313101530075073,7.948478014441207e-06,0.9999901056289673,1.985240487556439e-06,audio,0.25,0.0,0.0
470,tIrG4oNLFzE$_$11,-1.600000023841858,0.3110152781009674,5.624051937047625e-06,0.9999922513961792,2.098000322803273e-06,audio,0.0625,0.0,0.0
587,wMbj6ajWbic$_$5,0.20000000298023224,0.09531248360872269,5.867876552656526e-06,0.9999922513961792,1.9012272787222173e-06,audio,0.125,0.0,0.0
573,vyB00TXsimI$_$18,2.4000000953674316,0.3313101530075073,7.948478014441207e-06,0.9999901056289673,1.985240487556439e-06,audio,0.25,0.0,0.0
110,d3_k5Xpfmik$_$19,0.20000000298023224,0.335384339094162,5.599546057055704e-06,0.9999922513961792,2.1010093860240886e-06,audio,0.05882352963089943,0.0,0.0
139,d6hH302o4v8$_$4,-1.600000023841858,0.33741432428359985,8.009755219973158e-06,0.9999899864196777,2.0008696992590558e-06,audio,0.25,0.0,0.0
94,cXypl4FnoZo$_$13,-1.0,0.43490004539489746,5.479900210048072e-06,0.9999923706054688,2.096948264806997e-06,audio,0.05000000074505806,0.0,0.0
637,yvsjCA6Y5Fc$_$7,-1.7999999523162842,0.23244735598564148,7.01948511050432e-06,0.9999910593032837,1.945602207342745e-06,audio,0.20000000298023224,0.0,0.0
642,yvsjCA6Y5Fc$_$10,-2.0,0.10687518119812012,5.542349754250608e-06,0.9999926090240479,1.9041294763155747e-06,audio,0.095238097012043,0.0,0.0
65,cW1FSBF59ik$_$13,2.0,0.08934614062309265,5.713658993045101e-06,0.9999923706054688,1.9311582946102135e-06,audio,0.10526315867900848,0.0,0.0
105,d3_k5Xpfmik$_$12,2.0,0.17250101268291473,5.824949766974896e-06,0.9999921321868896,2.077143790302216e-06,audio,0.0833333358168602,0.0,0.0
552,vyB00TXsimI$_$20,2.200000047683716,0.19275331497192383,6.647718237218214e-06,0.9999914169311523,1.912816060212208e-06,audio,0.1818181872367859,0.0,0.0
176,dq3Nf_lMPnE$_$6,0.800000011920929,0.2796982228755951,7.461916538886726e-06,0.9999905824661255,1.970990751942736e-06,audio,0.2222222238779068,0.0,0.0
618,yDtzw_Y-7RU$_$11,-1.399999976158142,0.09522533416748047,5.871436769666616e-06,0.9999922513961792,1.9024153061764082e-06,audio,0.125,0.0,0.0
491,tStelxIAHjw$_$12,-1.0,0.56203293800354,1.4739245671080425e-05,0.9999830722808838,2.227018967460026e-06,audio,0.5,0.0,0.0
155,d6hH302o4v8$_$18,-2.0,0.18625390529632568,6.634043984377058e-06,0.9999914169311523,1.9091603462584317e-06,audio,0.1818181872367859,0.0,0.0
330,k5Y_838nuGo$_$18,0.4000000059604645,0.33741432428359985,8.009755219973158e-06,0.9999899864196777,2.0008696992590558e-06,audio,0.25,0.0,0.0
205,f9O3YtZ2VfI$_$23,1.600000023841858,0.1560649871826172,6.406897682609269e-06,0.9999916553497314,1.9028714177693473e-06,audio,0.1666666716337204,0.0,0.0
445,phBUpBr1hSo$_$9,-2.0,0.6087913513183594,6.977268185437424e-06,0.9999905824661255,2.4717330688872607e-06,audio,0.03999999910593033,0.0,0.0
218,f9O3YtZ2VfI$_$10,-2.0,0.33343449234962463,8.018093467399012e-06,0.9999899864196777,2.004634097829694e-06,audio,0.25,0.0,0.0
612,yDtzw_Y-7RU$_$5,0.5,0.08857600390911102,5.718510692531709e-06,0.9999923706054688,1.9326137135067256e-06,audio,0.10526315867900848,0.0,0.0
276,jUzDDGyPkXU$_$25,-2.0,0.09223488718271255,5.781401341664605e-06,0.9999923706054688,1.9040635379496962e-06,audio,0.11764705926179886,0.0,0.0
423,pLTX3ipuDJI$_$7,0.800000011920929,0.12065383791923523,6.115921223681653e-06,0.9999920129776001,1.9110266293864697e-06,audio,0.1428571492433548,0.0,0.0
369,nbWiPyCm4g0$_$7,-1.2000000476837158,0.19314002990722656,6.658224265265744e-06,0.9999914169311523,1.9156511825713096e-06,audio,0.1818181872367859,0.0,0.0
675,zhpQhgha_KU$_$14,-1.5,0.1560523509979248,6.4061400735226925e-06,0.9999916553497314,1.9025883375434205e-06,audio,0.1666666716337204,0.0,0.0
585,wMbj6ajWbic$_$3,0.0,0.2810285985469818,7.468231160601135e-06,0.9999905824661255,1.971449364646105e-06,audio,0.2222222238779068,0.0,0.0
261,iiK8YX8oH1E$_$15,0.6000000238418579,0.09279612451791763,5.853662969457218e-06,0.9999922513961792,1.8970996507050586e-06,audio,0.125,0.0,0.0
542,vvZ4IcEtiZc$_$12,0.20000000298023224,0.28031080961227417,5.685394171450753e-06,0.9999922513961792,2.100959363815491e-06,audio,0.06666667014360428,0.0,0.0
293,jUzDDGyPkXU$_$10,2.4000000953674316,0.10629436373710632,5.539982794289244e-06,0.9999926090240479,1.9044708778892527e-06,audio,0.095238097012043,0.0,0.0
315,k5Y_838nuGo$_$5,-1.3333333730697632,0.19538694620132446,6.681664672214538e-06,0.9999914169311523,1.9253400296292966e-06,audio,0.1818181872367859,0.0,0.0
340,lXPQBPVc5Cw$_$23,-2.4000000953674316,0.101128950715065,5.9652229538187385e-06,0.9999921321868896,1.8981346556756762e-06,audio,0.13333334028720856,0.0,0.0
344,lXPQBPVc5Cw$_$3,-2.4000000953674316,0.3352196514606476,7.972884304763284e-06,0.9999899864196777,1.989436213989393e-06,audio,0.25,0.0,0.0
377,nzpVDcQ0ywM$_$23,2.0,0.3310394883155823,7.942786396597512e-06,0.9999901056289673,1.98348402591364e-06,audio,0.25,0.0,0.0
633,yvsjCA6Y5Fc$_$3,-2.0,0.1378202885389328,6.264084277063375e-06,0.999991774559021,1.913484538818011e-06,audio,0.1538461595773697,0.0,0.0
37,cM3Yna7AavY$_$15,-2.4000000953674316,0.19314610958099365,6.658173788309796e-06,0.9999914169311523,1.9156348116666777e-06,audio,0.1818181872367859,0.0,0.0
437,phBUpBr1hSo$_$20,-1.25,0.17250093817710876,5.824954769195756e-06,0.9999921321868896,2.077143790302216e-06,audio,0.0833333358168602,0.0,0.0
625,yDtzw_Y-7RU$_$16,0.6000000238418579,0.09216576814651489,5.787821919511771e-06,0.9999922513961792,1.9047134856009507e-06,audio,0.11764705926179886,0.0,0.0
334,lXPQBPVc5Cw$_$25,-2.4000000953674316,0.1418231725692749,5.588589829130797e-06,0.9999924898147583,1.955290599653381e-06,audio,0.08695652335882187,0.0,0.0
431,phBUpBr1hSo$_$15,-2.200000047683716,0.6063632369041443,6.986416337895207e-06,0.9999905824661255,2.47293564825668e-06,audio,0.03999999910593033,0.0,0.0
372,nbWiPyCm4g0$_$8,-2.200000047683716,0.10740802437067032,5.536470325750997e-06,0.9999926090240479,1.9029386066904408e-06,audio,0.095238097012043,0.0,0.0
222,f9O3YtZ2VfI$_$14,1.2000000476837158,0.277511864900589,7.455699233105406e-06,0.9999905824661255,1.9681413050420815e-06,audio,0.2222222238779068,0.0,0.0
568,vyB00TXsimI$_$15,2.5999999046325684,0.09116072207689285,5.629746738122776e-06,0.9999924898147583,1.9179565242666285e-06,audio,0.10000000149011612,0.0,0.0
440,phBUpBr1hSo$_$2,2.200000047683716,0.39766958355903625,8.622611858299933e-06,0.99998939037323,2.0007444163638866e-06,audio,0.2857142984867096,0.0,0.0
54,cW1FSBF59ik$_$1,-2.5999999046325684,0.12844005227088928,5.600845270237187e-06,0.9999924898147583,1.943652478075819e-06,audio,0.09090909361839294,0.0,0.0
285,jUzDDGyPkXU$_$2,2.5999999046325684,0.2811253070831299,7.472121069440618e-06,0.9999905824661255,1.972694235519157e-06,audio,0.2222222238779068,0.0,0.0
304,k5Y_838nuGo$_$26,2.0,0.45696988701820374,9.679743016022258e-06,0.999988317489624,2.0406935163919115e-06,audio,0.3333333432674408,0.0,0.0
220,f9O3YtZ2VfI$_$12,-1.7999999523162842,0.15688082575798035,6.41066844764282e-06,0.9999916553497314,1.904774194372294e-06,audio,0.1666666716337204,0.0,0.0
492,tStelxIAHjw$_$15,0.4000000059604645,0.1013791412115097,5.959064765193034e-06,0.9999921321868896,1.8954899587697582e-06,audio,0.13333334028720856,0.0,0.0
548,vvZ4IcEtiZc$_$7,1.399999976158142,0.1013791412115097,5.959064765193034e-06,0.9999921321868896,1.8954899587697582e-06,audio,0.13333334028720856,0.0,0.0
609,yDtzw_Y-7RU$_$1,0.800000011920929,0.09121368080377579,5.79379775444977e-06,0.9999922513961792,1.906483703351114e-06,audio,0.11764705926179886,0.0,0.0
89,cXypl4FnoZo$_$6,-0.6000000238418579,0.08845649659633636,5.71938880966627e-06,0.9999923706054688,1.9328974758536788e-06,audio,0.10526315867900848,0.0,0.0
80,cXypl4FnoZo$_$23,0.4000000059604645,0.3972994387149811,8.695801625435706e-06,0.9999892711639404,2.0212648905726383e-06,audio,0.2857142984867096,0.0,0.0
162,d6hH302o4v8$_$33,-3.0,0.5240504145622253,1.1698376511048991e-05,0.9999861717224121,2.167770162486704e-06,audio,0.4000000059604645,0.0,0.0
78,cXypl4FnoZo$_$21,-0.6000000238418579,0.10549253970384598,5.548663921217667e-06,0.9999924898147583,1.9062404135183897e-06,audio,0.095238097012043,0.0,0.0
438,phBUpBr1hSo$_$1,1.399999976158142,0.23252734541893005,6.984681022004224e-06,0.9999910593032837,1.9325557332194876e-06,audio,0.20000000298023224,0.0,0.0
204,f9O3YtZ2VfI$_$22,1.399999976158142,0.19022893905639648,6.6427746787667274e-06,0.9999914169311523,1.9115250324830413e-06,audio,0.1818181872367859,0.0,0.0
434,phBUpBr1hSo$_$16,-1.600000023841858,0.19308410584926605,5.795322067569941e-06,0.9999921321868896,2.0818122266064165e-06,audio,0.07999999821186066,0.0,0.0
88,cXypl4FnoZo$_$7,-1.0,0.15645211935043335,6.413420578610385e-06,0.9999916553497314,1.9053736650676e-06,audio,0.1666666716337204,0.0,0.0
292,jUzDDGyPkXU$_$11,2.4000000953674316,0.1418481469154358,5.584199243457988e-06,0.9999924898147583,1.9537842490535695e-06,audio,0.08695652335882187,0.0,0.0
681,zhpQhgha_KU$_$30,-2.0,0.11743193864822388,6.100850441725925e-06,0.9999920129776001,1.9066394543187926e-06,audio,0.1428571492433548,0.0,0.0
589,wMbj6ajWbic$_$7,-1.2000000476837158,0.13569018244743347,6.255207154026721e-06,0.999991774559021,1.9111430447082967e-06,audio,0.1538461595773697,0.0,0.0
476,tIrG4oNLFzE$_$17,-0.4000000059604645,0.49975553154945374,5.488362148753367e-06,0.9999923706054688,2.1177891085244482e-06,audio,0.04545454680919647,0.0,0.0
461,rnaNMUZpvvg$_$10,-2.5999999046325684,0.13787958025932312,6.264950570766814e-06,0.999991774559021,1.9144374618917936e-06,audio,0.1538461595773697,0.0,0.0
670,zhpQhgha_KU$_$11,-2.4000000953674316,0.15628696978092194,6.410399237211095e-06,0.9999916553497314,1.9036374396819156e-06,audio,0.1666666716337204,0.0,0.0
657,zhpQhgha_KU$_$22,0.6000000238418579,0.19382110238075256,6.671560186077841e-06,0.9999914169311523,1.921733428389416e-06,audio,0.1818181872367859,0.0,0.0
420,pLTX3ipuDJI$_$2,-1.7999999523162842,0.5143319964408875,5.524733296624618e-06,0.9999923706054688,2.1363377982197562e-06,audio,0.04444444552063942,0.0,0.0
250,fvVhgmXxadc$_$2,-2.799999952316284,0.09223495423793793,5.781401341664605e-06,0.9999923706054688,1.9040635379496962e-06,audio,0.11764705926179886,0.0,0.0
328,k5Y_838nuGo$_$16,0.25,0.3310394883155823,7.942786396597512e-06,0.9999901056289673,1.98348402591364e-06,audio,0.25,0.0,0.0
529,v0zCBqDeKcE$_$14,1.5,0.3327418267726898,7.961214578244835e-06,0.9999901056289673,1.9864260139002e-06,audio,0.25,0.0,0.0
488,tStelxIAHjw$_$11,-2.799999952316284,0.46033456921577454,9.734768354974221e-06,0.9999881982803345,2.053425760095706e-06,audio,0.3333333432674408,0.0,0.0
393,nzpVDcQ0ywM$_$17,1.600000023841858,0.3354679048061371,7.978565918165259e-06,0.9999899864196777,1.9912088191631483e-06,audio,0.25,0.0,0.0
515,tmZoasNr4rU$_$1,0.0,0.19297632575035095,6.65321022097487e-06,0.9999914169311523,1.9142541987093864e-06,audio,0.1818181872367859,0.0,0.0
143,d6hH302o4v8$_$8,-2.200000047683716,0.4522986114025116,9.753167432791088e-06,0.9999881982803345,2.0605114059435437e-06,audio,0.3333333432674408,0.0,0.0
545,vvZ4IcEtiZc$_$2,2.4000000953674316,0.15643779933452606,6.415206371457316e-06,0.9999916553497314,1.905012254610483e-06,audio,0.1666666716337204,0.0,0.0
468,rnaNMUZpvvg$_$19,-1.399999976158142,0.14184409379959106,5.584486643783748e-06,0.9999924898147583,1.9538813376129838e-06,audio,0.08695652335882187,0.0,0.0
136,d6hH302o4v8$_$3,0.20000000298023224,0.08506940305233002,5.7510023907525465e-06,0.9999923706054688,1.918924226629315e-06,audio,0.1111111119389534,0.0,0.0
620,yDtzw_Y-7RU$_$13,-1.7999999523162842,0.14404815435409546,5.572283043875359e-06,0.9999924898147583,1.9505005184328184e-06,audio,0.08695652335882187,0.0,0.0
221,f9O3YtZ2VfI$_$15,-1.2000000476837158,0.233017235994339,6.981571004871512e-06,0.9999910593032837,1.9319163584441412e-06,audio,0.20000000298023224,0.0,0.0
260,iiK8YX8oH1E$_$12,1.7999999523162842,0.23452994227409363,7.0165269789868034e-06,0.9999910593032837,1.9439537481957814e-06,audio,0.20000000298023224,0.0,0.0
465,rnaNMUZpvvg$_$14,-2.5999999046325684,0.09530969709157944,5.867786967428401e-06,0.9999922513961792,1.9011964695891947e-06,audio,0.125,0.0,0.0
167,dq3Nf_lMPnE$_$12,-1.600000023841858,0.12065229564905167,6.115886208135635e-06,0.9999920129776001,1.9110157154500484e-06,audio,0.1428571492433548,0.0,0.0
99,cXypl4FnoZo$_$16,-0.6000000238418579,0.26528677344322205,5.7101601669273805e-06,0.9999921321868896,2.0998893432988552e-06,audio,0.06896551698446274,0.0,0.0
200,f9O3YtZ2VfI$_$26,1.399999976158142,0.3990609645843506,8.639964107715059e-06,0.99998939037323,2.0031959593325155e-06,audio,0.2857142984867096,0.0,0.0
536,v0zCBqDeKcE$_$7,1.399999976158142,0.09006578475236893,5.6349681472056545e-06,0.9999924898147583,1.919689566420857e-06,audio,0.10000000149011612,0.0,0.0
390,nzpVDcQ0ywM$_$12,-1.399999976158142,0.10138489305973053,5.9592071011138614e-06,0.9999921321868896,1.8955369114337373e-06,audio,0.13333334028720856,0.0,0.0
145,d6hH302o4v8$_$38,-3.0,0.3987939655780792,8.638785402581561e-06,0.99998939037323,2.0035970464959973e-06,audio,0.2857142984867096,0.0,0.0
193,etzxEpPuc6I$_$4,0.800000011920929,0.12733691930770874,5.606258582702139e-06,0.9999924898147583,1.945477151821251e-06,audio,0.09090909361839294,0.0,0.0
333,lXPQBPVc5Cw$_$24,-1.399999976158142,0.3997964560985565,8.6367017502198e-06,0.99998939037323,2.0036125079059275e-06,audio,0.2857142984867096,0.0,0.0
528,v0zCBqDeKcE$_$15,2.4000000953674316,0.335909366607666,7.980993359524291e-06,0.9999899864196777,1.9919916667276993e-06,audio,0.25,0.0,0.0
634,yvsjCA6Y5Fc$_$2,-1.2000000476837158,0.15362197160720825,6.400724032573635e-06,0.9999916553497314,1.9010756204806967e-06,audio,0.1666666716337204,0.0,0.0
424,pLTX3ipuDJI$_$6,-1.399999976158142,0.09006590396165848,5.634957233269233e-06,0.9999924898147583,1.9196859284420498e-06,audio,0.10000000149011612,0.0,0.0
448,rnaNMUZpvvg$_$20,0.800000011920929,0.6059646010398865,6.982326340221334e-06,0.9999905824661255,2.4718651729926933e-06,audio,0.03999999910593033,0.0,0.0
101,cXypl4FnoZo$_$18,-0.25,0.10680310428142548,5.542857252294198e-06,0.9999926090240479,1.9043093288928503e-06,audio,0.095238097012043,0.0,0.0
135,d6hH302o4v8$_$1,-2.799999952316284,0.45818018913269043,9.692046660347842e-06,0.999988317489624,2.041719653789187e-06,audio,0.3333333432674408,0.0,0.0
628,yvsjCA6Y5Fc$_$20,0.800000011920929,0.45803096890449524,9.693062565929722e-06,0.999988317489624,2.0424479316716315e-06,audio,0.3333333432674408,0.0,0.0
383,nzpVDcQ0ywM$_$7,-1.0,0.335637629032135,7.98135170043679e-06,0.9999899864196777,1.992067382161622e-06,audio,0.25,0.0,0.0
151,d6hH302o4v8$_$14,-1.7999999523162842,0.11638443171977997,6.098384346842067e-06,0.9999920129776001,1.905965063997428e-06,audio,0.1428571492433548,0.0,0.0
363,nbWiPyCm4g0$_$10,1.2000000476837158,0.19298028945922852,6.653298896708293e-06,0.9999914169311523,1.914279664561036e-06,audio,0.1818181872367859,0.0,0.0
134,d6hH302o4v8$_$41,-2.4000000953674316,0.33045580983161926,7.936774636618793e-06,0.9999901056289673,1.9819826775346883e-06,audio,0.25,0.0,0.0
112,d3_k5Xpfmik$_$1,2.0,0.19449913501739502,5.788991529698251e-06,0.9999921321868896,2.0797303932340583e-06,audio,0.07999999821186066,0.0,0.0
346,lXPQBPVc5Cw$_$5,-1.0,0.2550106644630432,5.6978074098879006e-06,0.9999922513961792,2.0855602542724228e-06,audio,0.0714285746216774,0.0,0.0
539,v0zCBqDeKcE$_$8,1.7999999523162842,0.09856085479259491,5.90963099966757e-06,0.9999922513961792,1.8798982637235895e-06,audio,0.13333334028720856,0.0,0.0
674,zhpQhgha_KU$_$15,-2.0,0.373575359582901,5.311089807946701e-06,0.9999927282333374,1.9973479084001156e-06,audio,0.054054055362939835,0.0,0.0
464,rnaNMUZpvvg$_$15,-1.600000023841858,0.4017597734928131,5.53292193217203e-06,0.9999923706054688,2.104384520862368e-06,audio,0.05263157933950424,0.0,0.0
74,cXypl4FnoZo$_$25,-1.2000000476837158,0.1054924950003624,5.548663921217667e-06,0.9999924898147583,1.9062404135183897e-06,audio,0.095238097012043,0.0,0.0
144,d6hH302o4v8$_$39,-3.0,0.2784956991672516,7.4596750891942065e-06,0.9999905824661255,1.9692206478794105e-06,audio,0.2222222238779068,0.0,0.0
446,phBUpBr1hSo$_$8,-2.200000047683716,0.6288282871246338,7.0804958340886515e-06,0.9999904632568359,2.5059084691747557e-06,audio,0.03999999910593033,0.0,0.0
87,cXypl4FnoZo$_$4,-0.800000011920929,0.17384076118469238,5.819013949803775e-06,0.9999921321868896,2.075159954983974e-06,audio,0.0833333358168602,0.0,0.0
245,fvVhgmXxadc$_$13,0.20000000298023224,0.09006589651107788,5.634957233269233e-06,0.9999924898147583,1.9196859284420498e-06,audio,0.10000000149011612,0.0,0.0
5,c7UH_rxdZv4$_$21,-0.800000011920929,0.0915120542049408,5.7010802265722305e-06,0.9999923706054688,1.9272063127573347e-06,audio,0.10526315867900848,0.0,0.0
82,cXypl4FnoZo$_$29,-1.399999976158142,0.39278870820999146,8.68295865075197e-06,0.9999892711639404,2.0187374047964113e-06,audio,0.2857142984867096,0.0,0.0
421,pLTX3ipuDJI$_$5,-2.0,0.2793375551700592,5.689581485057715e-06,0.9999922513961792,2.1023624867666513e-06,audio,0.06666667014360428,0.0,0.0
96,cXypl4FnoZo$_$15,0.0,0.1739959418773651,5.8183595683658496e-06,0.9999921321868896,2.0749341729242587e-06,audio,0.0833333358168602,0.0,0.0
226,f9O3YtZ2VfI$_$18,-1.0,0.09531249850988388,5.867865183972754e-06,0.9999922513961792,1.9012218217540067e-06,audio,0.125,0.0,0.0
235,f_pcplsH_V0$_$3,0.800000011920929,0.1929762363433838,6.65321022097487e-06,0.9999914169311523,1.9142541987093864e-06,audio,0.1818181872367859,0.0,0.0
486,tIrG4oNLFzE$_$9,-1.0,0.1742640882730484,5.816772500111256e-06,0.9999921321868896,2.07439620680816e-06,audio,0.0833333358168602,0.0,0.0
596,wMbj6ajWbic$_$12,1.600000023841858,0.12048352509737015,6.115518772276118e-06,0.9999920129776001,1.9113840608042665e-06,audio,0.1428571492433548,0.0,0.0
323,k5Y_838nuGo$_$13,0.6000000238418579,0.3954409062862396,8.615108527010307e-06,0.99998939037323,1.9977587726316415e-06,audio,0.2857142984867096,0.0,0.0
607,yDtzw_Y-7RU$_$22,2.0,0.4011789858341217,8.680523933435325e-06,0.9999892711639404,2.0157535800535697e-06,audio,0.2857142984867096,0.0,0.0
108,d3_k5Xpfmik$_$17,1.600000023841858,0.1377558410167694,6.2656135924044065e-06,0.999991774559021,1.9139736195938895e-06,audio,0.1538461595773697,0.0,0.0
351,lXPQBPVc5Cw$_$8,2.5999999046325684,0.18623769283294678,6.633709290326806e-06,0.9999914169311523,1.909036427605315e-06,audio,0.1818181872367859,0.0,0.0
329,k5Y_838nuGo$_$19,-0.6000000238418579,0.08844155073165894,5.723093636333942e-06,0.9999923706054688,1.934173496920266e-06,audio,0.10526315867900848,0.0,0.0
148,d6hH302o4v8$_$13,-2.0,0.15600460767745972,6.404991381714353e-06,0.9999916553497314,1.9021418893316877e-06,audio,0.1666666716337204,0.0,0.0
656,zhpQhgha_KU$_$21,0.6000000238418579,0.08836842328310013,5.714945018553408e-06,0.9999923706054688,1.9315302779432386e-06,audio,0.10526315867900848,0.0,0.0
140,d6hH302o4v8$_$7,-2.799999952316284,0.0850275307893753,5.752395736635663e-06,0.9999923706054688,1.9194092146790354e-06,audio,0.1111111119389534,0.0,0.0
359,lXPQBPVc5Cw$_$16,0.20000000298023224,0.09006590396165848,5.634957233269233e-06,0.9999924898147583,1.9196859284420498e-06,audio,0.10000000149011612,0.0,0.0
191,etzxEpPuc6I$_$2,1.2000000476837158,0.08839347958564758,5.719181899621617e-06,0.9999923706054688,1.932838586071739e-06,audio,0.10526315867900848,0.0,0.0
580,wMbj6ajWbic$_$22,1.399999976158142,0.12730906903743744,5.607076673186384e-06,0.9999924898147583,1.94586141333275e-06,audio,0.09090909361839294,0.0,0.0
360,lXPQBPVc5Cw$_$19,-1.7999999523162842,0.2823874354362488,7.480177828256274e-06,0.9999905824661255,1.9757858353841584e-06,audio,0.2222222238779068,0.0,0.0
429,phBUpBr1hSo$_$13,0.800000011920929,0.18830978870391846,6.625438800256234e-06,0.9999914169311523,1.908119202198577e-06,audio,0.1818181872367859,0.0,0.0
165,dq3Nf_lMPnE$_$10,1.0,0.23242589831352234,6.986006610532058e-06,0.9999910593032837,1.932025043061003e-06,audio,0.20000000298023224,0.0,0.0
426,pLTX3ipuDJI$_$8,-2.0,0.2381938397884369,5.750601303589065e-06,0.9999921321868896,2.094681349262828e-06,audio,0.07407407462596893,0.0,0.0
59,cW1FSBF59ik$_$7,0.5,0.5213857889175415,1.1605148756643757e-05,0.9999862909317017,2.1467490114446264e-06,audio,0.4000000059604645,0.0,0.0
247,fvVhgmXxadc$_$14,0.0,0.0885118916630745,5.7195579756808e-06,0.9999923706054688,1.9329454516991973e-06,audio,0.10526315867900848,0.0,0.0
569,vyB00TXsimI$_$14,2.0,0.19288069009780884,6.65278457745444e-06,0.9999914169311523,1.914615722853341e-06,audio,0.1818181872367859,0.0,0.0
453,rnaNMUZpvvg$_$2,2.25,0.28220343589782715,7.500763786083553e-06,0.9999904632568359,1.9823651200567838e-06,audio,0.2222222238779068,0.0,0.0
230,f_pcplsH_V0$_$13,1.600000023841858,0.18860629200935364,6.6293328018218745e-06,0.9999914169311523,1.909546199385659e-06,audio,0.1818181872367859,0.0,0.0
217,f9O3YtZ2VfI$_$11,-0.800000011920929,0.28220343589782715,7.500763786083553e-06,0.9999904632568359,1.9823651200567838e-06,audio,0.2222222238779068,0.0,0.0
25,c7UH_rxdZv4$_$17,-1.399999976158142,0.09518422186374664,5.8707255448098294e-06,0.9999922513961792,1.9021975958821713e-06,audio,0.125,0.0,0.0
84,cXypl4FnoZo$_$3,1.7999999523162842,0.3999256193637848,8.700198122824077e-06,0.9999892711639404,2.021986119871144e-06,audio,0.2857142984867096,0.0,0.0
397,ob23OKe5a9Q$_$11,0.800000011920929,0.32533004879951477,5.597757535724668e-06,0.9999922513961792,2.0973920982214622e-06,audio,0.06060606241226196,0.0,0.0
541,vvZ4IcEtiZc$_$10,-2.0,0.09006590396165848,5.634957233269233e-06,0.9999924898147583,1.9196859284420498e-06,audio,0.10000000149011612,0.0,0.0
562,vyB00TXsimI$_$9,-0.25,0.2323991358280182,6.986013431742322e-06,0.9999910593032837,1.932017767103389e-06,audio,0.20000000298023224,0.0,0.0
427,phBUpBr1hSo$_$11,2.0,0.2820093631744385,7.474479843949666e-06,0.9999905824661255,1.9739231902349275e-06,audio,0.2222222238779068,0.0,0.0
501,tStelxIAHjw$_$6,1.600000023841858,0.3961910605430603,8.67967992235208e-06,0.9999892711639404,2.0166285139566753e-06,audio,0.2857142984867096,0.0,0.0
106,d3_k5Xpfmik$_$15,2.5999999046325684,0.34845101833343506,5.611981123365695e-06,0.9999922513961792,2.1138137071829988e-06,audio,0.05714285746216774,0.0,0.0
8,c7UH_rxdZv4$_$28,-0.800000011920929,0.1929762363433838,6.65321022097487e-06,0.9999914169311523,1.9142541987093864e-06,audio,0.1818181872367859,0.0,0.0
159,d6hH302o4v8$_$36,-2.200000047683716,0.09534747153520584,5.872192559763789e-06,0.9999922513961792,1.9026075506189954e-06,audio,0.125,0.0,0.0
15,c7UH_rxdZv4$_$7,-3.0,0.40123382210731506,8.680184691911563e-06,0.9999892711639404,2.015668997046305e-06,audio,0.2857142984867096,0.0,0.0
168,dq3Nf_lMPnE$_$15,1.0,0.0924328863620758,5.779405455541564e-06,0.9999923706054688,1.9034137039852794e-06,audio,0.11764705926179886,0.0,0.0
44,cM3Yna7AavY$_$4,0.6000000238418579,0.25498539209365845,5.678685283783125e-06,0.9999922513961792,2.0783884338015923e-06,audio,0.0714285746216774,0.0,0.0
428,phBUpBr1hSo$_$10,-1.399999976158142,0.2745693624019623,7.4469944593147375e-06,0.9999905824661255,1.965948513316107e-06,audio,0.2222222238779068,0.0,0.0
339,lXPQBPVc5Cw$_$22,2.5999999046325684,0.13783639669418335,6.264472631301032e-06,0.999991774559021,1.913601408887189e-06,audio,0.1538461595773697,0.0,0.0
454,rnaNMUZpvvg$_$5,-2.799999952316284,0.1937667429447174,6.653514901699964e-06,0.9999914169311523,1.915404709507129e-06,audio,0.1818181872367859,0.0,0.0
433,phBUpBr1hSo$_$17,2.0,0.09103386104106903,5.630283339996822e-06,0.9999924898147583,1.9181341031071497e-06,audio,0.10000000149011612,0.0,0.0
30,c7UH_rxdZv4$_$30,1.2000000476837158,0.3289008140563965,7.948378879518714e-06,0.9999901056289673,1.9833385067613563e-06,audio,0.25,0.0,0.0
594,wMbj6ajWbic$_$10,-1.7999999523162842,0.18830978870391846,6.625438800256234e-06,0.9999914169311523,1.908119202198577e-06,audio,0.1818181872367859,0.0,0.0
22,c7UH_rxdZv4$_$12,-2.799999952316284,0.11941744387149811,6.087947895139223e-06,0.9999920129776001,1.902469307424326e-06,audio,0.1428571492433548,0.0,0.0
595,wMbj6ajWbic$_$13,2.0,0.17249682545661926,5.825037987960968e-06,0.9999921321868896,2.0771794879692607e-06,audio,0.0833333358168602,0.0,0.0
174,dq3Nf_lMPnE$_$4,-0.4000000059604645,0.2398645281791687,5.743366273236461e-06,0.9999921321868896,2.092277554766042e-06,audio,0.07407407462596893,0.0,0.0
404,ob23OKe5a9Q$_$2,1.0,0.4011789858341217,8.680523933435325e-06,0.9999892711639404,2.0157535800535697e-06,audio,0.2857142984867096,0.0,0.0
560,vyB00TXsimI$_$7,2.4000000953674316,0.09532351791858673,5.86815076530911e-06,0.9999922513961792,1.9013124301636708e-06,audio,0.125,0.0,0.0
207,f9O3YtZ2VfI$_$29,-2.0,0.3357113301753998,7.970275873958599e-06,0.9999899864196777,1.988472376979189e-06,audio,0.25,0.0,0.0
399,ob23OKe5a9Q$_$13,1.25,0.09101317077875137,5.789356691821013e-06,0.9999922513961792,1.9051242361456389e-06,audio,0.11764705926179886,0.0,0.0
586,wMbj6ajWbic$_$2,-0.800000011920929,0.1068824827671051,5.542318376683397e-06,0.9999926090240479,1.9041185623791534e-06,audio,0.095238097012043,0.0,0.0
69,cW1FSBF59ik$_$17,2.4000000953674316,0.45631712675094604,9.74993145064218e-06,0.9999881982803345,2.0583784134942107e-06,audio,0.3333333432674408,0.0,0.0
547,vvZ4IcEtiZc$_$4,2.200000047683716,0.21841299533843994,5.694097580999369e-06,0.9999922513961792,2.0538768694677856e-06,audio,0.07692307978868484,0.0,0.0
409,ob23OKe5a9Q$_$9,-1.399999976158142,0.6202328205108643,6.919055977050448e-06,0.9999905824661255,2.4486232632625615e-06,audio,0.03999999910593033,0.0,0.0
102,d3_k5Xpfmik$_$11,2.4000000953674316,0.09530970454216003,5.867786967428401e-06,0.9999922513961792,1.9011964695891947e-06,audio,0.125,0.0,0.0
666,zhpQhgha_KU$_$7,1.0,0.3962486982345581,8.682328370923642e-06,0.9999892711639404,2.017397946474375e-06,audio,0.2857142984867096,0.0,0.0
58,cW1FSBF59ik$_$4,1.600000023841858,0.1739864945411682,5.8184036788588855e-06,0.9999921321868896,2.0749500890815398e-06,audio,0.0833333358168602,0.0,0.0
447,phBUpBr1hSo$_$21,0.800000011920929,0.14184409379959106,5.584486643783748e-06,0.9999924898147583,1.9538813376129838e-06,audio,0.08695652335882187,0.0,0.0
441,phBUpBr1hSo$_$5,-1.399999976158142,0.09102903306484222,5.789295755675994e-06,0.9999922513961792,1.9051277604376082e-06,audio,0.11764705926179886,0.0,0.0
685,zhpQhgha_KU$_$32,0.800000011920929,0.09006590396165848,5.634957233269233e-06,0.9999924898147583,1.9196859284420498e-06,audio,0.10000000149011612,0.0,0.0
28,c7UH_rxdZv4$_$18,-2.25,0.1013791561126709,5.959064765193034e-06,0.9999921321868896,1.8954899587697582e-06,audio,0.13333334028720856,0.0,0.0
530,v0zCBqDeKcE$_$16,0.0,0.40627437829971313,8.718130629858933e-06,0.9999892711639404,2.0313987079134677e-06,audio,0.2857142984867096,0.0,0.0
166,dq3Nf_lMPnE$_$13,-1.2000000476837158,0.4393017888069153,5.454217443912057e-06,0.9999924898147583,2.088928567900439e-06,audio,0.05000000074505806,0.0,0.0
111,d3_k5Xpfmik$_$18,0.800000011920929,0.12060259282588959,6.1173850554041564e-06,0.9999920129776001,1.911500703499769e-06,audio,0.1428571492433548,0.0,0.0
172,dq3Nf_lMPnE$_$2,-1.399999976158142,0.13797324895858765,6.268799552344717e-06,0.999991774559021,1.91487924894318e-06,audio,0.1538461595773697,0.0,0.0
306,k5Y_838nuGo$_$20,0.4000000059604645,0.23264500498771667,6.99648762747529e-06,0.9999910593032837,1.9368751509318827e-06,audio,0.20000000298023224,0.0,0.0
366,nbWiPyCm4g0$_$2,-2.4000000953674316,0.13802191615104675,6.266988293646136e-06,0.999991774559021,1.9152155346091604e-06,audio,0.1538461595773697,0.0,0.0
242,f_pcplsH_V0$_$8,0.800000011920929,0.3352196514606476,7.972884304763284e-06,0.9999899864196777,1.989436213989393e-06,audio,0.25,0.0,0.0
398,ob23OKe5a9Q$_$10,1.25,0.2342917025089264,7.006723990343744e-06,0.9999910593032837,1.9403012174734613e-06,audio,0.20000000298023224,0.0,0.0
216,f9O3YtZ2VfI$_$8,-1.7999999523162842,0.19311612844467163,6.658300662820693e-06,0.9999914169311523,1.915671418828424e-06,audio,0.1818181872367859,0.0,0.0
107,d3_k5Xpfmik$_$14,2.0,0.5336402654647827,5.535925083677284e-06,0.9999923706054688,2.1455871319631115e-06,audio,0.043478261679410934,0.0,0.0
442,phBUpBr1hSo$_$4,-0.800000011920929,0.3006153702735901,5.695313120668288e-06,0.9999921321868896,2.1268558612064226e-06,audio,0.0625,0.0,0.0
477,tIrG4oNLFzE$_$16,-1.600000023841858,0.17399653792381287,5.8183595683658496e-06,0.9999921321868896,2.0749341729242587e-06,audio,0.0833333358168602,0.0,0.0
512,tmZoasNr4rU$_$19,0.20000000298023224,0.10231207311153412,5.9529302234295756e-06,0.9999921321868896,1.8936415244752425e-06,audio,0.13333334028720856,0.0,0.0
482,tIrG4oNLFzE$_$5,0.4000000059604645,0.15263593196868896,6.397891866072314e-06,0.9999916553497314,1.900209326777258e-06,audio,0.1666666716337204,0.0,0.0
668,zhpQhgha_KU$_$9,-1.0,0.09110158681869507,5.7967267821368296e-06,0.9999922513961792,1.907498472064617e-06,audio,0.11764705926179886,0.0,0.0
310,k5Y_838nuGo$_$28,2.0,0.3375736176967621,8.017259460757487e-06,0.9999899864196777,2.0032007341797e-06,audio,0.25,0.0,0.0
508,tmZoasNr4rU$_$15,0.25,0.1561022698879242,6.407758974091848e-06,0.9999916553497314,1.9032106592931086e-06,audio,0.1666666716337204,0.0,0.0
354,lXPQBPVc5Cw$_$13,2.799999952316284,0.3374437093734741,8.018116204766557e-06,0.9999899864196777,2.003430154218222e-06,audio,0.25,0.0,0.0
537,v0zCBqDeKcE$_$6,0.800000011920929,0.0900685042142868,5.635182787955273e-06,0.9999924898147583,1.9197627807443496e-06,audio,0.10000000149011612,0.0,0.0
213,f9O3YtZ2VfI$_$7,-1.2000000476837158,0.1913919746875763,6.642787411692552e-06,0.9999914169311523,1.9127030554955127e-06,audio,0.1818181872367859,0.0,0.0
382,nzpVDcQ0ywM$_$4,-1.600000023841858,0.2802034616470337,5.68584937354899e-06,0.9999922513961792,2.101111704178038e-06,audio,0.06666667014360428,0.0,0.0
128,d6hH302o4v8$_$21,-2.4000000953674316,0.1902289092540741,6.6427746787667274e-06,0.9999914169311523,1.9115250324830413e-06,audio,0.1818181872367859,0.0,0.0
267,iiK8YX8oH1E$_$3,-1.25,0.12045332789421082,6.112562914495356e-06,0.9999920129776001,1.9102503756585065e-06,audio,0.1428571492433548,0.0,0.0
2,c7UH_rxdZv4$_$26,-2.5999999046325684,0.192978173494339,6.653247965004994e-06,0.9999914169311523,1.9142669316352112e-06,audio,0.1818181872367859,0.0,0.0
516,tmZoasNr4rU$_$3,-2.0,0.33255472779273987,8.016143510758411e-06,0.9999899864196777,2.0041218249389203e-06,audio,0.25,0.0,0.0
171,dq3Nf_lMPnE$_$3,-1.2000000476837158,0.39903494715690613,8.63778950588312e-06,0.99998939037323,2.0034672161273193e-06,audio,0.2857142984867096,0.0,0.0
188,etzxEpPuc6I$_$18,1.399999976158142,0.09006589651107788,5.634957233269233e-06,0.9999924898147583,1.9196859284420498e-06,audio,0.10000000149011612,0.0,0.0
120,d3_k5Xpfmik$_$8,2.200000047683716,0.3999725580215454,8.66222308104625e-06,0.9999892711639404,2.01074431060988e-06,audio,0.2857142984867096,0.0,0.0
452,rnaNMUZpvvg$_$3,-0.800000011920929,0.19328573346138,6.6564084590936545e-06,0.9999914169311523,1.916022256409633e-06,audio,0.1818181872367859,0.0,0.0
384,nzpVDcQ0ywM$_$6,-1.399999976158142,0.19297635555267334,6.65321022097487e-06,0.9999914169311523,1.9142541987093864e-06,audio,0.1818181872367859,0.0,0.0
232,f_pcplsH_V0$_$15,-1.0,0.15602514147758484,6.352645868901163e-06,0.999991774559021,1.8872568716687965e-06,audio,0.1666666716337204,0.0,0.0
412,pLTX3ipuDJI$_$10,-1.600000023841858,0.14184412360191345,5.584481641562888e-06,0.9999924898147583,1.9538813376129838e-06,audio,0.08695652335882187,0.0,0.0
66,cW1FSBF59ik$_$12,2.200000047683716,0.19462479650974274,5.788472662970889e-06,0.9999921321868896,2.079561909340555e-06,audio,0.07999999821186066,0.0,0.0
252,fvVhgmXxadc$_$4,-2.799999952316284,0.19314000010490417,6.658224265265744e-06,0.9999914169311523,1.9156511825713096e-06,audio,0.1818181872367859,0.0,0.0
611,yDtzw_Y-7RU$_$2,0.800000011920929,0.1315717101097107,5.588680323853623e-06,0.9999924898147583,1.9395563413127093e-06,audio,0.09090909361839294,0.0,0.0
268,iiK8YX8oH1E$_$2,1.2000000476837158,0.12082744389772415,6.1207174439914525e-06,0.9999920129776001,1.912507286760956e-06,audio,0.1428571492433548,0.0,0.0
202,f9O3YtZ2VfI$_$20,-0.4000000059604645,0.15646320581436157,6.415071766241454e-06,0.9999916553497314,1.9049703041673638e-06,audio,0.1666666716337204,0.0,0.0
291,jUzDDGyPkXU$_$8,1.7999999523162842,0.19287198781967163,6.655468951066723e-06,0.9999914169311523,1.9154961137246573e-06,audio,0.1818181872367859,0.0,0.0
305,k5Y_838nuGo$_$27,-0.800000011920929,0.32302263379096985,5.619821422442328e-06,0.9999922513961792,2.1033731627539964e-06,audio,0.06060606241226196,0.0,0.0
11,c7UH_rxdZv4$_$3,-0.800000011920929,0.40053385496139526,8.701957995072007e-06,0.9999892711639404,2.0223678802722134e-06,audio,0.2857142984867096,0.0,0.0
41,cM3Yna7AavY$_$3,1.0,0.09496758878231049,5.865028924745275e-06,0.9999922513961792,1.90040782399592e-06,audio,0.125,0.0,0.0
506,tmZoasNr4rU$_$13,-0.800000011920929,0.0992155447602272,5.8437012739886995e-06,0.9999922513961792,1.8938856101158308e-06,audio,0.125,0.0,0.0
602,wMbj6ajWbic$_$18,-1.0,0.09121507406234741,5.793835953227244e-06,0.9999922513961792,1.9064945036006975e-06,audio,0.11764705926179886,0.0,0.0
273,iiK8YX8oH1E$_$9,0.4000000059604645,0.1188371330499649,6.106275577622e-06,0.9999920129776001,1.9082876860920805e-06,audio,0.1428571492433548,0.0,0.0
667,zhpQhgha_KU$_$6,1.0,0.2302922010421753,6.970308277232107e-06,0.9999910593032837,1.929186055349419e-06,audio,0.20000000298023224,0.0,0.0
362,lXPQBPVc5Cw$_$30,-2.0,0.10560562461614609,5.5476161833212245e-06,0.9999924898147583,1.9058913949265843e-06,audio,0.095238097012043,0.0,0.0
505,tmZoasNr4rU$_$10,-1.7999999523162842,0.1556258201599121,6.4104788179975e-06,0.9999916553497314,1.9037681795452954e-06,audio,0.1666666716337204,0.0,0.0
672,zhpQhgha_KU$_$13,-1.0,0.3375735878944397,8.017259460757487e-06,0.9999899864196777,2.0032007341797e-06,audio,0.25,0.0,0.0
118,d3_k5Xpfmik$_$6,1.600000023841858,0.12872640788555145,5.599606538453372e-06,0.9999924898147583,1.9432334283919772e-06,audio,0.09090909361839294,0.0,0.0
36,cM3Yna7AavY$_$12,-1.0,0.12040412425994873,6.110546109994175e-06,0.9999920129776001,1.9094527488050517e-06,audio,0.1428571492433548,0.0,0.0
279,jUzDDGyPkXU$_$20,-2.200000047683716,0.23228782415390015,6.981284514040453e-06,0.9999910593032837,1.930765165525372e-06,audio,0.20000000298023224,0.0,0.0
67,cW1FSBF59ik$_$15,-2.5999999046325684,0.17822693288326263,5.801509814773453e-06,0.9999921321868896,2.0690890778496396e-06,audio,0.0833333358168602,0.0,0.0
380,nzpVDcQ0ywM$_$2,-1.600000023841858,0.23227018117904663,6.986073458392639e-06,0.9999910593032837,1.9320693809277145e-06,audio,0.20000000298023224,0.0,0.0
0,c7UH_rxdZv4$_$24,-1.7999999523162842,0.3990658223628998,8.639741281513125e-06,0.99998939037323,2.0031347958138213e-06,audio,0.2857142984867096,0.0,0.0
27,c7UH_rxdZv4$_$19,-1.7999999523162842,0.2811856269836426,7.471935987268807e-06,0.9999905824661255,1.9721451280929614e-06,audio,0.2222222238779068,0.0,0.0
124,d6hH302o4v8$_$25,-1.600000023841858,0.5165161490440369,1.162018634204287e-05,0.9999861717224121,2.1513435513043078e-06,audio,0.4000000059604645,0.0,0.0
103,d3_k5Xpfmik$_$10,0.4000000059604645,0.12071158736944199,6.1148011809564196e-06,0.9999920129776001,1.910691253215191e-06,audio,0.1428571492433548,0.0,0.0
97,cXypl4FnoZo$_$14,-0.6000000238418579,0.2676559388637543,5.696052994608181e-06,0.9999922513961792,2.095984427796793e-06,audio,0.06896551698446274,0.0,0.0
381,nzpVDcQ0ywM$_$5,-0.4000000059604645,0.139046311378479,6.25097982265288e-06,0.9999918937683105,1.911112349262112e-06,audio,0.1538461595773697,0.0,0.0
269,iiK8YX8oH1E$_$5,-0.4000000059604645,0.354781836271286,5.583064194070175e-06,0.9999923706054688,2.1037344595242757e-06,audio,0.05714285746216774,0.0,0.0
114,d3_k5Xpfmik$_$2,0.0,0.15362200140953064,6.400724032573635e-06,0.9999916553497314,1.9010756204806967e-06,audio,0.1666666716337204,0.0,0.0
601,wMbj6ajWbic$_$19,-0.6000000238418579,0.09114135801792145,5.7936149460147135e-06,0.9999922513961792,1.9064327716478147e-06,audio,0.11764705926179886,0.0,0.0
81,cXypl4FnoZo$_$28,-2.200000047683716,0.19288069009780884,6.65278457745444e-06,0.9999914169311523,1.914615722853341e-06,audio,0.1818181872367859,0.0,0.0
401,ob23OKe5a9Q$_$14,0.800000011920929,0.1266133189201355,6.089829639677191e-06,0.9999920129776001,1.9035835521208355e-06,audio,0.1428571492433548,0.0,0.0
271,iiK8YX8oH1E$_$7,-1.600000023841858,0.19298280775547028,6.653375294263242e-06,0.9999914169311523,1.9142999008181505e-06,audio,0.1818181872367859,0.0,0.0
466,rnaNMUZpvvg$_$17,-1.600000023841858,0.3997964560985565,8.6367017502198e-06,0.99998939037323,2.0036125079059275e-06,audio,0.2857142984867096,0.0,0.0
321,k5Y_838nuGo$_$11,0.5,0.33530858159065247,7.981077033036854e-06,0.9999899864196777,1.9910874016204616e-06,audio,0.25,0.0,0.0
299,jUzDDGyPkXU$_$16,1.2000000476837158,0.09629262983798981,5.862294528924394e-06,0.9999922513961792,1.8996124708792195e-06,audio,0.125,0.0,0.0
35,cM3Yna7AavY$_$13,-1.600000023841858,0.22837194800376892,7.00722466717707e-06,0.9999910593032837,1.9419044292590115e-06,audio,0.20000000298023224,0.0,0.0
109,d3_k5Xpfmik$_$16,2.0,0.23372754454612732,6.98476105753798e-06,0.9999910593032837,1.932452732944512e-06,audio,0.20000000298023224,0.0,0.0
259,iiK8YX8oH1E$_$13,-2.0,0.19539859890937805,6.687280801997986e-06,0.9999914169311523,1.9274766600574367e-06,audio,0.1818181872367859,0.0,0.0
257,iiK8YX8oH1E$_$11,1.0,0.21370288729667664,5.711588073609164e-06,0.9999922513961792,2.0600091374944896e-06,audio,0.07692307978868484,0.0,0.0
526,v0zCBqDeKcE$_$13,1.7999999523162842,0.19539037346839905,5.782199423265411e-06,0.9999921321868896,2.07818197850429e-06,audio,0.07999999821186066,0.0,0.0
234,f_pcplsH_V0$_$1,0.25,0.33545708656311035,7.981115231814329e-06,0.9999899864196777,1.991072167584207e-06,audio,0.25,0.0,0.0
582,wMbj6ajWbic$_$28,2.4000000953674316,0.08845648169517517,5.71938335269806e-06,0.9999923706054688,1.9328938378748717e-06,audio,0.10526315867900848,0.0,0.0
621,yDtzw_Y-7RU$_$12,-0.6666666865348816,0.10137920081615448,5.959064765193034e-06,0.9999921321868896,1.8954899587697582e-06,audio,0.13333334028720856,0.0,0.0
51,cW1FSBF59ik$_$21,1.600000023841858,0.13564589619636536,6.254254003579263e-06,0.9999918937683105,1.9107567368337186e-06,audio,0.1538461595773697,0.0,0.0
598,wMbj6ajWbic$_$14,-0.800000011920929,0.09542892873287201,5.8721311688714195e-06,0.9999922513961792,1.902560370581341e-06,audio,0.125,0.0,0.0
12,c7UH_rxdZv4$_$2,-2.5999999046325684,0.5201044082641602,1.1558128790056799e-05,0.9999862909317017,2.1364369331422495e-06,audio,0.4000000059604645,0.0,0.0
314,k5Y_838nuGo$_$2,1.2000000476837158,0.3985345661640167,8.643202818348072e-06,0.99998939037323,2.0046252302563516e-06,audio,0.2857142984867096,0.0,0.0
500,tStelxIAHjw$_$7,1.399999976158142,0.46033453941345215,9.734768354974221e-06,0.9999881982803345,2.053425760095706e-06,audio,0.3333333432674408,0.0,0.0
599,wMbj6ajWbic$_$17,2.0,0.12733691930770874,5.606258582702139e-06,0.9999924898147583,1.945477151821251e-06,audio,0.09090909361839294,0.0,0.0
164,dq3Nf_lMPnE$_$11,-0.6000000238418579,0.12733693420886993,5.606258582702139e-06,0.9999924898147583,1.945477151821251e-06,audio,0.09090909361839294,0.0,0.0
262,iiK8YX8oH1E$_$14,-1.2000000476837158,0.1206628754734993,6.116119493526639e-06,0.9999920129776001,1.911086883410462e-06,audio,0.1428571492433548,0.0,0.0
263,iiK8YX8oH1E$_$17,1.600000023841858,0.10117223113775253,5.959928785159718e-06,0.9999921321868896,1.8962419972012867e-06,audio,0.13333334028720856,0.0,0.0
357,lXPQBPVc5Cw$_$14,-2.200000047683716,0.1929762363433838,6.65321022097487e-06,0.9999914169311523,1.9142541987093864e-06,audio,0.1818181872367859,0.0,0.0
608,yDtzw_Y-7RU$_$23,2.200000047683716,0.1564607471227646,6.41518772681593e-06,0.9999916553497314,1.9050158925892902e-06,audio,0.1666666716337204,0.0,0.0
125,d6hH302o4v8$_$26,-2.5999999046325684,0.3335387408733368,8.021435860428028e-06,0.9999899864196777,2.005701162488549e-06,audio,0.25,0.0,0.0
513,tmZoasNr4rU$_$18,0.0,0.279275119304657,7.509704119001981e-06,0.9999904632568359,1.986339384529856e-06,audio,0.2222222238779068,0.0,0.0
484,tIrG4oNLFzE$_$7,-1.399999976158142,0.12065230309963226,6.115886208135635e-06,0.9999920129776001,1.9110157154500484e-06,audio,0.1428571492433548,0.0,0.0
32,c7UH_rxdZv4$_$32,-2.200000047683716,0.4530872106552124,9.637675248086452e-06,0.999988317489624,2.0318386759754503e-06,audio,0.3333333432674408,0.0,0.0
619,yDtzw_Y-7RU$_$10,-0.6000000238418579,0.281302809715271,7.47520016375347e-06,0.9999905824661255,1.9737235561478883e-06,audio,0.2222222238779068,0.0,0.0
605,yDtzw_Y-7RU$_$20,-0.6000000238418579,0.10122500360012054,5.956934273854131e-06,0.9999921321868896,1.8951681113321683e-06,audio,0.13333334028720856,0.0,0.0
600,wMbj6ajWbic$_$16,-0.4000000059604645,0.19457250833511353,5.7886882132152095e-06,0.9999921321868896,2.079633304674644e-06,audio,0.07999999821186066,0.0,0.0
238,f_pcplsH_V0$_$4,0.5,0.17581263184547424,5.801598945254227e-06,0.9999921321868896,2.0714030597446254e-06,audio,0.0833333358168602,0.0,0.0
283,jUzDDGyPkXU$_$1,2.799999952316284,0.3983180522918701,8.68111146701267e-06,0.9999892711639404,2.0165284695394803e-06,audio,0.2857142984867096,0.0,0.0
265,iiK8YX8oH1E$_$18,-1.0,0.19281281530857086,6.649556326010497e-06,0.9999914169311523,1.9134765807393705e-06,audio,0.1818181872367859,0.0,0.0
83,cXypl4FnoZo$_$1,1.0,0.13787958025932312,6.264950570766814e-06,0.999991774559021,1.9144374618917936e-06,audio,0.1538461595773697,0.0,0.0
483,tIrG4oNLFzE$_$4,1.399999976158142,0.1011957973241806,5.955139386060182e-06,0.9999921321868896,1.8944560906675179e-06,audio,0.13333334028720856,0.0,0.0
563,vyB00TXsimI$_$8,2.5999999046325684,0.09006590396165848,5.634957233269233e-06,0.9999924898147583,1.9196859284420498e-06,audio,0.10000000149011612,0.0,0.0
673,zhpQhgha_KU$_$12,-1.399999976158142,0.08850428462028503,5.710799086955376e-06,0.9999923706054688,1.930075541167753e-06,audio,0.10526315867900848,0.0,0.0
61,cW1FSBF59ik$_$9,-2.4000000953674316,0.10137929022312164,5.959064765193034e-06,0.9999921321868896,1.8954899587697582e-06,audio,0.13333334028720856,0.0,0.0
246,fvVhgmXxadc$_$12,0.0,0.10629423707723618,5.539982794289244e-06,0.9999926090240479,1.9044708778892527e-06,audio,0.095238097012043,0.0,0.0
510,tmZoasNr4rU$_$17,-1.399999976158142,0.2302759289741516,5.611189408227801e-06,0.9999923706054688,2.0230954760336317e-06,audio,0.07692307978868484,0.0,0.0
133,d6hH302o4v8$_$40,-1.0,0.6941107511520386,3.0062943551456556e-05,0.9999665021896362,3.3948360851354664e-06,audio,0.6666666865348816,0.0,0.0
432,phBUpBr1hSo$_$14,-1.2000000476837158,0.15629121661186218,6.410491096175974e-06,0.9999916553497314,1.9036663161386969e-06,audio,0.1666666716337204,0.0,0.0
163,d6hH302o4v8$_$32,-0.6000000238418579,0.281057745218277,7.476347946067108e-06,0.9999905824661255,1.97392705558741e-06,audio,0.2222222238779068,0.0,0.0
20,c7UH_rxdZv4$_$10,0.800000011920929,0.2527354657649994,5.7119586927001365e-06,0.9999922513961792,2.0896973182971124e-06,audio,0.0714285746216774,0.0,0.0
10,c7UH_rxdZv4$_$1,-2.799999952316284,0.33546045422554016,7.980924237926956e-06,0.9999899864196777,1.9910150967916707e-06,audio,0.25,0.0,0.0
524,v0zCBqDeKcE$_$11,1.600000023841858,0.3101232349872589,5.631710791931255e-06,0.9999922513961792,2.0997135834477376e-06,audio,0.0625,0.0,0.0
33,cM3Yna7AavY$_$11,2.0,0.28107452392578125,7.4728764047904406e-06,0.9999905824661255,1.972891823243117e-06,audio,0.2222222238779068,0.0,0.0
248,fvVhgmXxadc$_$1,-0.4000000059604645,0.09003299474716187,5.636295099975541e-06,0.9999924898147583,1.920156364576542e-06,audio,0.10000000149011612,0.0,0.0
278,jUzDDGyPkXU$_$27,-2.0,0.15628856420516968,6.410436526493868e-06,0.9999916553497314,1.9036482399314991e-06,audio,0.1666666716337204,0.0,0.0
578,wMbj6ajWbic$_$20,-0.4000000059604645,0.10192742943763733,5.952368610451231e-06,0.9999921321868896,1.8942303086078027e-06,audio,0.13333334028720856,0.0,0.0
301,jUzDDGyPkXU$_$18,-2.4000000953674316,0.3987939655780792,8.638785402581561e-06,0.99998939037323,2.0035970464959973e-06,audio,0.2857142984867096,0.0,0.0
449,rnaNMUZpvvg$_$21,-2.5999999046325684,0.12733693420886993,5.606258582702139e-06,0.9999924898147583,1.945477151821251e-06,audio,0.09090909361839294,0.0,0.0
326,k5Y_838nuGo$_$14,-1.7999999523162842,0.08857888728380203,5.723524736822583e-06,0.9999923706054688,1.9342269297339953e-06,audio,0.10526315867900848,0.0,0.0
669,zhpQhgha_KU$_$8,-1.0,0.10138137638568878,5.959127065580105e-06,0.9999921321868896,1.8955115592689253e-06,audio,0.13333334028720856,0.0,0.0
392,nzpVDcQ0ywM$_$14,0.20000000298023224,0.09209389984607697,5.622498065349646e-06,0.9999924898147583,1.9163421711709816e-06,audio,0.10000000149011612,0.0,0.0
361,lXPQBPVc5Cw$_$18,-1.399999976158142,0.19288069009780884,6.65278457745444e-06,0.9999914169311523,1.914615722853341e-06,audio,0.1818181872367859,0.0,0.0
229,f_pcplsH_V0$_$10,1.2000000476837158,0.1929762065410614,6.65321022097487e-06,0.9999914169311523,1.9142541987093864e-06,audio,0.1818181872367859,0.0,0.0
318,k5Y_838nuGo$_$6,2.0,0.2833913266658783,7.509081115131266e-06,0.9999904632568359,1.9849608179356437e-06,audio,0.2222222238779068,0.0,0.0
90,cXypl4FnoZo$_$9,1.2000000476837158,0.08851190656423569,5.7195579756808e-06,0.9999923706054688,1.9329454516991973e-06,audio,0.10526315867900848,0.0,0.0
388,nzpVDcQ0ywM$_$10,-1.0,0.2835063934326172,5.672920906363288e-06,0.9999922513961792,2.096708158205729e-06,audio,0.06666667014360428,0.0,0.0
233,f_pcplsH_V0$_$14,-1.0,0.28455036878585815,5.668188805429963e-06,0.9999922513961792,2.0949971712980187e-06,audio,0.06666667014360428,0.0,0.0
19,c7UH_rxdZv4$_$11,1.0,0.15629363059997559,6.41054020888987e-06,0.9999916553497314,1.903680981740763e-06,audio,0.1666666716337204,0.0,0.0
475,tIrG4oNLFzE$_$14,-2.4000000953674316,0.513963520526886,5.5297723520197906e-06,0.9999923706054688,2.138404624929535e-06,audio,0.04444444552063942,0.0,0.0
610,yDtzw_Y-7RU$_$3,0.75,0.12065225839614868,6.115886208135635e-06,0.9999920129776001,1.911013896460645e-06,audio,0.1428571492433548,0.0,0.0
295,jUzDDGyPkXU$_$12,0.5,0.23212909698486328,6.980731996009126e-06,0.9999910593032837,1.9310930383653613e-06,audio,0.20000000298023224,0.0,0.0
616,yDtzw_Y-7RU$_$9,-1.0,0.31015533208847046,5.6348640100623015e-06,0.9999922513961792,2.1009714146202896e-06,audio,0.0625,0.0,0.0
47,cM3Yna7AavY$_$9,-0.20000000298023224,0.08579212427139282,5.745581347582629e-06,0.9999923706054688,1.917314421007177e-06,audio,0.1111111119389534,0.0,0.0
75,cXypl4FnoZo$_$26,0.6000000238418579,0.4011729657649994,8.690918548381887e-06,0.9999892711639404,2.018714212681516e-06,audio,0.2857142984867096,0.0,0.0
43,cM3Yna7AavY$_$5,2.799999952316284,0.15798482298851013,6.3971961026254576e-06,0.9999916553497314,1.9013112932952936e-06,audio,0.1666666716337204,0.0,0.0
100,cXypl4FnoZo$_$19,0.800000011920929,0.4338831305503845,5.51677294424735e-06,0.9999923706054688,2.110172545144451e-06,audio,0.05000000074505806,0.0,0.0
677,zhpQhgha_KU$_$16,1.7999999523162842,0.09514555335044861,5.867395429959288e-06,0.9999922513961792,1.9010858522960916e-06,audio,0.125,0.0,0.0
374,nzpVDcQ0ywM$_$20,0.20000000298023224,0.5207093954086304,1.1652102330117486e-05,0.9999861717224121,2.1577091047220165e-06,audio,0.4000000059604645,0.0,0.0
264,iiK8YX8oH1E$_$16,0.0,0.3324883282184601,8.013934348127805e-06,0.9999899864196777,2.003416739171371e-06,audio,0.25,0.0,0.0
485,tIrG4oNLFzE$_$6,1.25,0.13760194182395935,6.25896700512385e-06,0.999991774559021,1.912063453346491e-06,audio,0.1538461595773697,0.0,0.0
154,d6hH302o4v8$_$19,-2.799999952316284,0.15603992342948914,6.4052910602185875e-06,0.9999916553497314,1.9022763808607124e-06,audio,0.1666666716337204,0.0,0.0
356,lXPQBPVc5Cw$_$15,-2.799999952316284,0.15629121661186218,6.410491096175974e-06,0.9999916553497314,1.9036663161386969e-06,audio,0.1666666716337204,0.0,0.0
184,etzxEpPuc6I$_$14,-1.2000000476837158,0.19662192463874817,5.771379164798418e-06,0.9999921321868896,2.075880274787778e-06,audio,0.07999999821186066,0.0,0.0
85,cXypl4FnoZo$_$2,1.0,0.12041909247636795,6.110889898991445e-06,0.9999920129776001,1.9095946299785282e-06,audio,0.1428571492433548,0.0,0.0
287,jUzDDGyPkXU$_$4,-1.600000023841858,0.4034131169319153,5.518709258467425e-06,0.9999923706054688,2.0994575606891885e-06,audio,0.05263157933950424,0.0,0.0
244,fvVhgmXxadc$_$10,0.0,0.09530972689390182,5.867786967428401e-06,0.9999922513961792,1.9011964695891947e-06,audio,0.125,0.0,0.0
469,rnaNMUZpvvg$_$18,-2.200000047683716,0.4856216013431549,5.460795819089981e-06,0.9999924898147583,2.1012765500927344e-06,audio,0.04651162773370743,0.0,0.0
353,lXPQBPVc5Cw$_$10,-2.200000047683716,0.5835838317871094,5.567437256104313e-06,0.9999922513961792,2.1658036075677956e-06,audio,0.040816325694322586,0.0,0.0
396,nzpVDcQ0ywM$_$18,1.2000000476837158,0.17159008979797363,5.813395091536222e-06,0.9999921321868896,2.0733480141643668e-06,audio,0.0833333358168602,0.0,0.0
303,k5Y_838nuGo$_$25,-0.20000000298023224,0.12065242230892181,6.115886208135635e-06,0.9999920129776001,1.9110157154500484e-06,audio,0.1428571492433548,0.0,0.0
519,tmZoasNr4rU$_$4,-0.800000011920929,0.17797882854938507,5.8057548812939785e-06,0.9999921321868896,2.070316895697033e-06,audio,0.0833333358168602,0.0,0.0
417,pLTX3ipuDJI$_$16,-1.600000023841858,0.35481202602386475,5.581706773227779e-06,0.9999923706054688,2.1033854409324704e-06,audio,0.05714285746216774,0.0,0.0
45,cM3Yna7AavY$_$7,3.0,0.08589175343513489,5.749242518504616e-06,0.9999923706054688,1.9184706161468057e-06,audio,0.1111111119389534,0.0,0.0
129,d6hH302o4v8$_$22,-1.0,0.28087955713272095,7.465382168447832e-06,0.9999905824661255,1.970524408534402e-06,audio,0.2222222238779068,0.0,0.0
286,jUzDDGyPkXU$_$5,-1.2000000476837158,0.09643984586000443,5.8552486734697595e-06,0.9999922513961792,1.8987848307006061e-06,audio,0.125,0.0,0.0
370,nbWiPyCm4g0$_$6,0.0,0.15609517693519592,6.413591563614318e-06,0.9999916553497314,1.9046324268856551e-06,audio,0.1666666716337204,0.0,0.0
348,lXPQBPVc5Cw$_$7,-2.799999952316284,0.2787230312824249,5.692675131285796e-06,0.9999922513961792,2.1034131805208744e-06,audio,0.06666667014360428,0.0,0.0
350,lXPQBPVc5Cw$_$9,-2.5999999046325684,0.3053129017353058,5.654615506500704e-06,0.9999922513961792,2.1079515590827214e-06,audio,0.0625,0.0,0.0
403,ob23OKe5a9Q$_$3,-1.2000000476837158,0.2322872281074524,6.981271326367278e-06,0.9999910593032837,1.930757889567758e-06,audio,0.20000000298023224,0.0,0.0
358,lXPQBPVc5Cw$_$17,-1.7999999523162842,0.27998775243759155,5.686782515113009e-06,0.9999922513961792,2.1014243429817725e-06,audio,0.06666667014360428,0.0,0.0
564,vyB00TXsimI$_$11,-0.20000000298023224,0.10139462351799011,5.959445388725726e-06,0.9999921321868896,1.8956091025756905e-06,audio,0.13333334028720856,0.0,0.0
31,c7UH_rxdZv4$_$33,-1.7999999523162842,0.4603230655193329,9.75700095295906e-06,0.9999881982803345,2.059148073385586e-06,audio,0.3333333432674408,0.0,0.0
342,lXPQBPVc5Cw$_$29,-1.2000000476837158,0.29122433066368103,5.675003649230348e-06,0.9999922513961792,2.1056330297142267e-06,audio,0.06451612710952759,0.0,0.0
349,lXPQBPVc5Cw$_$6,-1.399999976158142,0.17854274809360504,5.79808647671598e-06,0.9999921321868896,2.0677912289102096e-06,audio,0.0833333358168602,0.0,0.0
571,vyB00TXsimI$_$16,0.4000000059604645,0.32316848635673523,5.619125204248121e-06,0.9999922513961792,2.1031203232269036e-06,audio,0.06060606241226196,0.0,0.0
186,etzxEpPuc6I$_$16,-2.4000000953674316,0.15609517693519592,6.413591563614318e-06,0.9999916553497314,1.9046324268856551e-06,audio,0.1666666716337204,0.0,0.0
77,cXypl4FnoZo$_$20,-1.0,0.09530970454216003,5.867786967428401e-06,0.9999922513961792,1.9011964695891947e-06,audio,0.125,0.0,0.0
509,tmZoasNr4rU$_$14,-2.0,0.08739631623029709,5.738516847486608e-06,0.9999923706054688,1.915336952151847e-06,audio,0.1111111119389534,0.0,0.0
643,yvsjCA6Y5Fc$_$13,-2.0,0.15628701448440552,6.410399237211095e-06,0.9999916553497314,1.9036374396819156e-06,audio,0.1666666716337204,0.0,0.0
341,lXPQBPVc5Cw$_$28,0.800000011920929,0.09121368080377579,5.79380275667063e-06,0.9999922513961792,1.906483703351114e-06,audio,0.11764705926179886,0.0,0.0
98,cXypl4FnoZo$_$17,-0.6000000238418579,0.1326049268245697,6.246141310839448e-06,0.9999918937683105,1.9084257019130746e-06,audio,0.1538461595773697,0.0,0.0
280,jUzDDGyPkXU$_$21,-1.0,0.09522544592618942,5.871391749678878e-06,0.9999922513961792,1.9023971162823727e-06,audio,0.125,0.0,0.0
307,k5Y_838nuGo$_$21,-0.20000000298023224,0.15645211935043335,6.413420578610385e-06,0.9999916553497314,1.9053736650676e-06,audio,0.1666666716337204,0.0,0.0
629,yvsjCA6Y5Fc$_$21,-1.7999999523162842,0.19628781080245972,5.781228992418619e-06,0.9999921321868896,2.077141743939137e-06,audio,0.07999999821186066,0.0,0.0
487,tIrG4oNLFzE$_$8,-1.2000000476837158,0.6055174469947815,6.965028660488315e-06,0.9999905824661255,2.464403678459348e-06,audio,0.03999999910593033,0.0,0.0
532,v0zCBqDeKcE$_$3,0.6000000238418579,0.12058272957801819,6.115705218689982e-06,0.9999920129776001,1.9109666027361527e-06,audio,0.1428571492433548,0.0,0.0
236,f_pcplsH_V0$_$2,1.399999976158142,0.11638443171977997,6.098384346842067e-06,0.9999920129776001,1.905965063997428e-06,audio,0.1428571492433548,0.0,0.0
274,iiK8YX8oH1E$_$8,-1.0,0.15646076202392578,6.41518772681593e-06,0.9999916553497314,1.9050158925892902e-06,audio,0.1666666716337204,0.0,0.0
624,yDtzw_Y-7RU$_$17,0.20000000298023224,0.14335882663726807,5.578067430178635e-06,0.9999924898147583,1.951695139723597e-06,audio,0.08695652335882187,0.0,0.0
576,wMbj6ajWbic$_$26,1.7999999523162842,0.15456447005271912,6.400345228030346e-06,0.9999916553497314,1.902089479699498e-06,audio,0.1666666716337204,0.0,0.0
661,zhpQhgha_KU$_$1,-1.600000023841858,0.08489200472831726,5.748688636231236e-06,0.9999923706054688,1.9185106339136837e-06,audio,0.1111111119389534,0.0,0.0
511,tmZoasNr4rU$_$16,-1.399999976158142,0.10151843726634979,5.963470812275773e-06,0.9999921321868896,1.8968497670357465e-06,audio,0.13333334028720856,0.0,0.0
565,vyB00TXsimI$_$10,1.3333333730697632,0.19275328516960144,6.647718237218214e-06,0.9999914169311523,1.912816060212208e-06,audio,0.1818181872367859,0.0,0.0
169,dq3Nf_lMPnE$_$14,-1.7999999523162842,0.10137920826673508,5.959064765193034e-06,0.9999921321868896,1.8954899587697582e-06,audio,0.13333334028720856,0.0,0.0
435,phBUpBr1hSo$_$19,2.0,0.4564894437789917,9.764634341991041e-06,0.9999881982803345,2.062215799014666e-06,audio,0.3333333432674408,0.0,0.0
38,cM3Yna7AavY$_$14,-2.5999999046325684,0.2813027799129486,7.47520016375347e-06,0.9999905824661255,1.97372196453216e-06,audio,0.2222222238779068,0.0,0.0
95,cXypl4FnoZo$_$12,2.0,0.10138121992349625,5.959116151643684e-06,0.9999921321868896,1.8955079212901182e-06,audio,0.13333334028720856,0.0,0.0
153,d6hH302o4v8$_$16,-2.0,0.4589575231075287,9.764558853930794e-06,0.9999881982803345,2.061608256553882e-06,audio,0.3333333432674408,0.0,0.0
658,zhpQhgha_KU$_$23,-0.5,0.15609630942344666,6.413616119971266e-06,0.9999916553497314,1.9046434545089141e-06,audio,0.1666666716337204,0.0,0.0
663,zhpQhgha_KU$_$2,1.600000023841858,0.09544432908296585,5.872024303243961e-06,0.9999922513961792,1.9025277424589149e-06,audio,0.125,0.0,0.0
378,nzpVDcQ0ywM$_$1,0.0,0.10137922316789627,5.959064765193034e-06,0.9999921321868896,1.8954899587697582e-06,audio,0.13333334028720856,0.0,0.0
499,tStelxIAHjw$_$4,-2.799999952316284,0.23986059427261353,5.743383098888444e-06,0.9999921321868896,2.0922834664816037e-06,audio,0.07407407462596893,0.0,0.0
439,phBUpBr1hSo$_$3,2.799999952316284,0.12065478414297104,6.1159389588283375e-06,0.9999920129776001,1.911030267365277e-06,audio,0.1428571492433548,0.0,0.0
192,etzxEpPuc6I$_$5,0.0,0.14184412360191345,5.584486643783748e-06,0.9999924898147583,1.9538813376129838e-06,audio,0.08695652335882187,0.0,0.0
644,yvsjCA6Y5Fc$_$12,-0.6000000238418579,0.4611377418041229,5.327855433279183e-06,0.9999926090240479,2.0387201402627397e-06,audio,0.0476190485060215,0.0,0.0
554,vyB00TXsimI$_$22,0.6000000238418579,0.15607985854148865,6.40808320895303e-06,0.9999916553497314,1.9033069520446588e-06,audio,0.1666666716337204,0.0,0.0
604,yDtzw_Y-7RU$_$24,-0.800000011920929,0.2834484577178955,7.508765975217102e-06,0.9999904632568359,1.984873733817949e-06,audio,0.2222222238779068,0.0,0.0
659,zhpQhgha_KU$_$28,1.399999976158142,0.1902540773153305,6.643180313403718e-06,0.9999914169311523,1.9116801013296936e-06,audio,0.1818181872367859,0.0,0.0
282,jUzDDGyPkXU$_$23,1.2000000476837158,0.3941928744316101,8.592822268838063e-06,0.99998939037323,1.9942674498452106e-06,audio,0.2857142984867096,0.0,0.0
284,jUzDDGyPkXU$_$3,0.0,0.2798325717449188,7.523948170273798e-06,0.9999904632568359,1.991065573747619e-06,audio,0.2222222238779068,0.0,0.0
498,tStelxIAHjw$_$5,-2.200000047683716,0.39881426095962524,8.634667210571934e-06,0.99998939037323,2.0025158846692648e-06,audio,0.2857142984867096,0.0,0.0
132,d6hH302o4v8$_$29,-1.7999999523162842,0.23955586552619934,5.748512194259092e-06,0.9999921321868896,2.094091996696079e-06,audio,0.07407407462596893,0.0,0.0
249,fvVhgmXxadc$_$3,-2.200000047683716,0.23277416825294495,6.979906629567267e-06,0.9999910593032837,1.9312255972181447e-06,audio,0.20000000298023224,0.0,0.0
62,cW1FSBF59ik$_$8,1.7999999523162842,0.39886748790740967,8.63380319060525e-06,0.99998939037323,2.0023135220981203e-06,audio,0.2857142984867096,0.0,0.0
671,zhpQhgha_KU$_$10,0.6000000238418579,0.33538854122161865,5.601228167506633e-06,0.9999922513961792,2.1017428935010685e-06,audio,0.05882352963089943,0.0,0.0
210,f9O3YtZ2VfI$_$2,1.25,0.398795485496521,8.631357559352182e-06,0.99998939037323,2.0016186681459658e-06,audio,0.2857142984867096,0.0,0.0
632,yvsjCA6Y5Fc$_$1,-2.0,0.23974400758743286,5.743771907873452e-06,0.9999921321868896,2.0924132968502818e-06,audio,0.07407407462596893,0.0,0.0
175,dq3Nf_lMPnE$_$7,-2.0,0.39893388748168945,8.633728612039704e-06,0.99998939037323,2.0017939732497325e-06,audio,0.2857142984867096,0.0,0.0
572,vyB00TXsimI$_$19,1.2000000476837158,0.39305582642555237,8.687770787219051e-06,0.9999892711639404,2.020112560785492e-06,audio,0.2857142984867096,0.0,0.0
76,cXypl4FnoZo$_$27,0.800000011920929,0.11972878873348236,6.10622919339221e-06,0.9999920129776001,1.9094381968898233e-06,audio,0.1428571492433548,0.0,0.0
665,zhpQhgha_KU$_$4,-1.600000023841858,0.335637629032135,7.98135170043679e-06,0.9999899864196777,1.992067382161622e-06,audio,0.25,0.0,0.0
320,k5Y_838nuGo$_$8,-1.399999976158142,0.1181984469294548,6.103923624323215e-06,0.9999920129776001,1.907567138914601e-06,audio,0.1428571492433548,0.0,0.0
211,f9O3YtZ2VfI$_$5,-1.7999999523162842,0.10709044337272644,5.5406112551281694e-06,0.9999926090240479,1.9035701370739844e-06,audio,0.095238097012043,0.0,0.0
455,rnaNMUZpvvg$_$4,-2.4000000953674316,0.5838634967803955,5.582089670497226e-06,0.9999922513961792,2.172216227336321e-06,audio,0.040816325694322586,0.0,0.0
161,d6hH302o4v8$_$34,-3.0,0.5133481025695801,1.162714761449024e-05,0.9999861717224121,2.1541745809372514e-06,audio,0.4000000059604645,0.0,0.0
157,d6hH302o4v8$_$30,-2.799999952316284,0.46033456921577454,9.734768354974221e-06,0.9999881982803345,2.053425760095706e-06,audio,0.3333333432674408,0.0,0.0
581,wMbj6ajWbic$_$23,1.7999999523162842,0.09978771209716797,5.9497183428902645e-06,0.9999921321868896,1.8927911469290848e-06,audio,0.13333334028720856,0.0,0.0
119,d3_k5Xpfmik$_$9,1.399999976158142,0.19314002990722656,6.658224265265744e-06,0.9999914169311523,1.9156511825713096e-06,audio,0.1818181872367859,0.0,0.0
149,d6hH302o4v8$_$12,1.399999976158142,0.2820093631744385,7.474479843949666e-06,0.9999905824661255,1.9739231902349275e-06,audio,0.2222222238779068,0.0,0.0
375,nzpVDcQ0ywM$_$21,-1.399999976158142,0.1013791561126709,5.959064765193034e-06,0.9999921321868896,1.8954899587697582e-06,audio,0.13333334028720856,0.0,0.0
649,yvsjCA6Y5Fc$_$19,-1.600000023841858,0.3234844207763672,5.617110218736343e-06,0.9999922513961792,2.1023824956500903e-06,audio,0.06060606241226196,0.0,0.0
57,cW1FSBF59ik$_$5,2.0,0.4596557319164276,9.771591976459604e-06,0.9999881982803345,2.0633508484024787e-06,audio,0.3333333432674408,0.0,0.0
551,vvZ4IcEtiZc$_$8,-1.5,0.09530970454216003,5.867786967428401e-06,0.9999922513961792,1.9011964695891947e-06,audio,0.125,0.0,0.0
130,d6hH302o4v8$_$23,-2.5999999046325684,0.28130072355270386,7.477638519048924e-06,0.9999905824661255,1.9735975911316928e-06,audio,0.2222222238779068,0.0,0.0
662,zhpQhgha_KU$_$3,-1.600000023841858,0.08971536159515381,5.635021352645708e-06,0.9999924898147583,1.9198141671949998e-06,audio,0.10000000149011612,0.0,0.0
117,d3_k5Xpfmik$_$7,0.4000000059604645,0.09636984020471573,5.86176884098677e-06,0.9999922513961792,1.8994422816831502e-06,audio,0.125,0.0,0.0
297,jUzDDGyPkXU$_$14,0.800000011920929,0.13262253999710083,6.2465164774039295e-06,0.9999918937683105,1.9085784970229724e-06,audio,0.1538461595773697,0.0,0.0
521,tmZoasNr4rU$_$6,-1.7999999523162842,0.15767142176628113,6.404441592167132e-06,0.9999916553497314,1.9020586705664755e-06,audio,0.1666666716337204,0.0,0.0
645,yvsjCA6Y5Fc$_$15,-2.0,0.12063830345869064,6.11603763900348e-06,0.9999920129776001,1.911066874527023e-06,audio,0.1428571492433548,0.0,0.0
92,cXypl4FnoZo$_$11,1.399999976158142,0.2898513674736023,5.681361471943092e-06,0.9999922513961792,2.1077869405417005e-06,audio,0.06451612710952759,0.0,0.0
206,f9O3YtZ2VfI$_$28,1.2000000476837158,0.33531999588012695,7.968232239363715e-06,0.9999899864196777,1.9880628769897157e-06,audio,0.25,0.0,0.0
64,cW1FSBF59ik$_$10,-1.0,0.08579336851835251,5.745427642978029e-06,0.9999923706054688,1.917252347993781e-06,audio,0.1111111119389534,0.0,0.0
614,yDtzw_Y-7RU$_$7,-0.20000000298023224,0.10240960121154785,5.946428245806601e-06,0.9999921321868896,1.8931052636617096e-06,audio,0.13333334028720856,0.0,0.0
457,rnaNMUZpvvg$_$6,-2.5999999046325684,0.2318728268146515,6.986986136325868e-06,0.9999910593032837,1.9329393126099603e-06,audio,0.20000000298023224,0.0,0.0
79,cXypl4FnoZo$_$22,0.20000000298023224,0.5145090818405151,5.526082077267347e-06,0.9999923706054688,2.1370633476180956e-06,audio,0.04444444552063942,0.0,0.0
325,k5Y_838nuGo$_$15,-0.800000011920929,0.17250101268291473,5.824949766974896e-06,0.9999921321868896,2.077143790302216e-06,audio,0.0833333358168602,0.0,0.0
682,zhpQhgha_KU$_$35,0.6000000238418579,0.14314264059066772,5.578924628935056e-06,0.9999924898147583,1.9519873148965416e-06,audio,0.08695652335882187,0.0,0.0
489,tStelxIAHjw$_$10,-0.4000000059604645,0.2820012867450714,7.496038051613141e-06,0.9999905824661255,1.9807912394753657e-06,audio,0.2222222238779068,0.0,0.0
406,ob23OKe5a9Q$_$4,-1.5,0.5190964341163635,1.1547640497155953e-05,0.9999862909317017,2.1335904420993757e-06,audio,0.4000000059604645,0.0,0.0
190,etzxEpPuc6I$_$3,-1.600000023841858,0.19297638535499573,6.65321022097487e-06,0.9999914169311523,1.9142541987093864e-06,audio,0.1818181872367859,0.0,0.0
255,fvVhgmXxadc$_$9,-0.4000000059604645,0.13795532286167145,6.268859124247683e-06,0.999991774559021,1.9148974388372153e-06,audio,0.1538461595773697,0.0,0.0
567,vyB00TXsimI$_$12,0.20000000298023224,0.23204204440116882,6.9750158218084835e-06,0.9999910593032837,1.929173322423594e-06,audio,0.20000000298023224,0.0,0.0
418,pLTX3ipuDJI$_$1,-2.4000000953674316,0.09119893610477448,5.793990567326546e-06,0.9999922513961792,1.906552711261611e-06,audio,0.11764705926179886,0.0,0.0
651,zhpQhgha_KU$_$24,0.0,0.335637629032135,7.98135170043679e-06,0.9999899864196777,1.992067382161622e-06,audio,0.25,0.0,0.0
3,c7UH_rxdZv4$_$27,-1.7999999523162842,0.14332813024520874,5.578163381869672e-06,0.9999924898147583,1.9517287910275627e-06,audio,0.08695652335882187,0.0,0.0
308,k5Y_838nuGo$_$22,0.4000000059604645,0.10151843726634979,5.963470812275773e-06,0.9999921321868896,1.8968497670357465e-06,audio,0.13333334028720856,0.0,0.0
13,c7UH_rxdZv4$_$5,-2.200000047683716,0.08851190656423569,5.719547061744379e-06,0.9999923706054688,1.9329454516991973e-06,audio,0.10526315867900848,0.0,0.0
150,d6hH302o4v8$_$15,-1.75,0.3324883282184601,8.013934348127805e-06,0.9999899864196777,2.003416739171371e-06,audio,0.25,0.0,0.0
243,fvVhgmXxadc$_$11,-0.20000000298023224,0.19263401627540588,5.78446633880958e-06,0.9999921321868896,2.0781899365829304e-06,audio,0.07999999821186066,0.0,0.0
309,k5Y_838nuGo$_$23,-0.20000000298023224,0.4590623676776886,9.769607459020335e-06,0.9999881982803345,2.0629613572964445e-06,audio,0.3333333432674408,0.0,0.0
347,lXPQBPVc5Cw$_$4,-1.2000000476837158,0.25435441732406616,5.7033471421163995e-06,0.9999922513961792,2.0867578314209823e-06,audio,0.0714285746216774,0.0,0.0
26,c7UH_rxdZv4$_$16,-2.0,0.5198217034339905,1.1554845514183398e-05,0.9999862909317017,2.1355710941861616e-06,audio,0.4000000059604645,0.0,0.0
473,tIrG4oNLFzE$_$12,-2.5999999046325684,0.2810285985469818,7.468231160601135e-06,0.9999905824661255,1.971449364646105e-06,audio,0.2222222238779068,0.0,0.0
676,zhpQhgha_KU$_$17,1.75,0.1325722336769104,6.245432359719416e-06,0.9999918937683105,1.908141712192446e-06,audio,0.1538461595773697,0.0,0.0
196,etzxEpPuc6I$_$9,-2.799999952316284,0.10549253225326538,5.548663921217667e-06,0.9999924898147583,1.9062404135183897e-06,audio,0.095238097012043,0.0,0.0
319,k5Y_838nuGo$_$9,1.7999999523162842,0.3354679048061371,7.978565918165259e-06,0.9999899864196777,1.9912088191631483e-06,audio,0.25,0.0,0.0
376,nzpVDcQ0ywM$_$22,2.0,0.2875162959098816,7.57818770580343e-06,0.9999904632568359,2.011280002989224e-06,audio,0.2222222238779068,0.0,0.0
187,etzxEpPuc6I$_$19,-0.5,0.6063509583473206,6.9873758548055775e-06,0.9999905824661255,2.4732376004976686e-06,audio,0.03999999910593033,0.0,0.0
156,d6hH302o4v8$_$31,-1.399999976158142,0.09196992963552475,5.78461003897246e-06,0.9999922513961792,1.9046881334361387e-06,audio,0.11764705926179886,0.0,0.0
636,yvsjCA6Y5Fc$_$4,-0.20000000298023224,0.08850514888763428,5.719661203329451e-06,0.9999923706054688,1.932985924213426e-06,audio,0.10526315867900848,0.0,0.0
23,c7UH_rxdZv4$_$15,-2.4000000953674316,0.6823557615280151,2.988190135511104e-05,0.9999667406082153,3.364821850482258e-06,audio,0.6666666865348816,0.0,0.0
407,ob23OKe5a9Q$_$7,0.6000000238418579,0.33526498079299927,5.602110377367353e-06,0.9999922513961792,2.1020655367465224e-06,audio,0.05882352963089943,0.0,0.0
337,lXPQBPVc5Cw$_$20,-1.7999999523162842,0.32343587279319763,5.617587248707423e-06,0.9999922513961792,2.1025589376222342e-06,audio,0.06060606241226196,0.0,0.0
422,pLTX3ipuDJI$_$4,-2.200000047683716,0.3564470410346985,5.334826255420921e-06,0.9999926090240479,1.9995261482108617e-06,audio,0.0555555559694767,0.0,0.0
574,wMbj6ajWbic$_$24,1.399999976158142,0.2330879271030426,7.0042783590906765e-06,0.9999910593032837,1.9396645711822202e-06,audio,0.20000000298023224,0.0,0.0
544,vvZ4IcEtiZc$_$3,1.399999976158142,0.17399653792381287,5.8183595683658496e-06,0.9999921321868896,2.0749341729242587e-06,audio,0.0833333358168602,0.0,0.0
503,tStelxIAHjw$_$8,-2.0,0.28278496861457825,7.525017281295732e-06,0.9999904632568359,1.990777263927157e-06,audio,0.2222222238779068,0.0,0.0
298,jUzDDGyPkXU$_$17,-2.799999952316284,0.39979517459869385,8.638859981147107e-06,0.99998939037323,2.0041204606968677e-06,audio,0.2857142984867096,0.0,0.0
182,etzxEpPuc6I$_$12,0.6666666865348816,0.2744356691837311,7.516654022765579e-06,0.9999904632568359,1.98980160348583e-06,audio,0.2222222238779068,0.0,0.0
55,cW1FSBF59ik$_$3,-1.0,0.1265466809272766,5.564179446082562e-06,0.9999924898147583,1.931018459799816e-06,audio,0.09090909361839294,0.0,0.0
527,v0zCBqDeKcE$_$12,-0.4000000059604645,0.10142572969198227,5.958024758001557e-06,0.9999921321868896,1.8951753872897825e-06,audio,0.13333334028720856,0.0,0.0
338,lXPQBPVc5Cw$_$21,1.7999999523162842,0.15688082575798035,6.41066844764282e-06,0.9999916553497314,1.904774194372294e-06,audio,0.1666666716337204,0.0,0.0
653,zhpQhgha_KU$_$26,0.0,0.13845199346542358,6.264341209316626e-06,0.999991774559021,1.9146236809319817e-06,audio,0.1538461595773697,0.0,0.0
170,dq3Nf_lMPnE$_$1,0.0,0.14177672564983368,5.58726787858177e-06,0.9999924898147583,1.954895196831785e-06,audio,0.08695652335882187,0.0,0.0
459,rnaNMUZpvvg$_$8,-1.600000023841858,0.18625390529632568,6.634043984377058e-06,0.9999914169311523,1.9091603462584317e-06,audio,0.1818181872367859,0.0,0.0
53,cW1FSBF59ik$_$23,1.399999976158142,0.1107177734375,5.528608653548872e-06,0.9999926090240479,1.8995372101926478e-06,audio,0.095238097012043,0.0,0.0
224,f9O3YtZ2VfI$_$16,-1.0,0.17323967814445496,5.818214958708268e-06,0.9999921321868896,2.0757220227096695e-06,audio,0.0833333358168602,0.0,0.0
456,rnaNMUZpvvg$_$7,-0.4000000059604645,0.2784711420536041,7.459048902092036e-06,0.9999905824661255,1.9690180579345906e-06,audio,0.2222222238779068,0.0,0.0
497,tStelxIAHjw$_$2,-2.0,0.09145829826593399,5.628490725939628e-06,0.9999924898147583,1.917541339935269e-06,audio,0.10000000149011612,0.0,0.0
386,nzpVDcQ0ywM$_$8,2.0,0.12058272957801819,6.115705218689982e-06,0.9999920129776001,1.9109666027361527e-06,audio,0.1428571492433548,0.0,0.0
451,rnaNMUZpvvg$_$1,-2.5999999046325684,0.15716552734375,6.4035807554319035e-06,0.9999916553497314,1.902439521472843e-06,audio,0.1666666716337204,0.0,0.0
646,yvsjCA6Y5Fc$_$14,-1.0,0.1377558410167694,6.2656135924044065e-06,0.999991774559021,1.9139736195938895e-06,audio,0.1538461595773697,0.0,0.0
231,f_pcplsH_V0$_$12,-0.800000011920929,0.6287336349487305,7.166629075072706e-06,0.9999903440475464,2.535604153308668e-06,audio,0.03999999910593033,0.0,0.0
42,cM3Yna7AavY$_$2,2.5,0.12042976915836334,6.1142886806919705e-06,0.9999920129776001,1.910871787913493e-06,audio,0.1428571492433548,0.0,0.0
385,nzpVDcQ0ywM$_$9,-2.200000047683716,0.19970270991325378,5.767891252617119e-06,0.9999921321868896,2.0724326077470323e-06,audio,0.07999999821186066,0.0,0.0
16,c7UH_rxdZv4$_$6,-2.5999999046325684,0.19474436342716217,5.788009275420336e-06,0.9999921321868896,2.079411160593736e-06,audio,0.07999999821186066,0.0,0.0
34,cM3Yna7AavY$_$10,1.600000023841858,0.3941928744316101,8.592822268838063e-06,0.99998939037323,1.9942674498452106e-06,audio,0.2857142984867096,0.0,0.0
371,nbWiPyCm4g0$_$9,-1.399999976158142,0.17250089347362518,5.824954769195756e-06,0.9999921321868896,2.077145836665295e-06,audio,0.0833333358168602,0.0,0.0
212,f9O3YtZ2VfI$_$4,-2.4000000953674316,0.18594887852668762,6.597998435609043e-06,0.9999915361404419,1.8985064116350259e-06,audio,0.1818181872367859,0.0,0.0
546,vvZ4IcEtiZc$_$5,1.2000000476837158,0.13765782117843628,6.267209300858667e-06,0.999991774559021,1.9144886209687684e-06,audio,0.1538461595773697,0.0,0.0
241,f_pcplsH_V0$_$9,-2.4000000953674316,0.4594568610191345,9.731102181831375e-06,0.9999881982803345,2.0526856587821385e-06,audio,0.3333333432674408,0.0,0.0
201,f9O3YtZ2VfI$_$27,1.600000023841858,0.19263583421707153,6.658707206952386e-06,0.9999914169311523,1.9164297100360272e-06,audio,0.1818181872367859,0.0,0.0
639,yvsjCA6Y5Fc$_$9,-1.399999976158142,0.08850514888763428,5.719661203329451e-06,0.9999923706054688,1.932985924213426e-06,audio,0.10526315867900848,0.0,0.0
203,f9O3YtZ2VfI$_$21,2.0,0.09007091820240021,5.635317393171135e-06,0.9999924898147583,1.9198068912373856e-06,audio,0.10000000149011612,0.0,0.0
597,wMbj6ajWbic$_$15,2.0,0.09105709195137024,5.793416221422376e-06,0.9999922513961792,1.9063745639869012e-06,audio,0.11764705926179886,0.0,0.0
414,pLTX3ipuDJI$_$12,-2.0,0.35346072912216187,5.345766112441197e-06,0.9999926090240479,2.0035042780364165e-06,audio,0.0555555559694767,0.0,0.0
430,phBUpBr1hSo$_$12,1.7999999523162842,0.6064930558204651,7.0007818067097105e-06,0.9999904632568359,2.4789565031824168e-06,audio,0.03999999910593033,0.0,0.0
664,zhpQhgha_KU$_$5,-2.200000047683716,0.14177341759204865,5.587331997958245e-06,0.9999924898147583,1.9549288481357507e-06,audio,0.08695652335882187,0.0,0.0
46,cM3Yna7AavY$_$6,2.799999952316284,0.10557150840759277,5.927991878706962e-06,0.9999921321868896,1.8857714394471259e-06,audio,0.13333334028720856,0.0,0.0
336,lXPQBPVc5Cw$_$27,-2.799999952316284,0.09544019401073456,5.872175734111806e-06,0.9999922513961792,1.9025894744117977e-06,audio,0.125,0.0,0.0
179,etzxEpPuc6I$_$11,-1.600000023841858,0.08851189911365509,5.719547061744379e-06,0.9999923706054688,1.9329454516991973e-06,audio,0.10526315867900848,0.0,0.0
237,f_pcplsH_V0$_$5,1.2000000476837158,0.09166502952575684,5.699932899005944e-06,0.9999923706054688,1.9268204596301075e-06,audio,0.10526315867900848,0.0,0.0
355,lXPQBPVc5Cw$_$12,-2.0,0.13856762647628784,6.262017450353596e-06,0.999991774559021,1.9131014141748892e-06,audio,0.1538461595773697,0.0,0.0
123,d6hH302o4v8$_$24,-2.799999952316284,0.3354679048061371,7.978565918165259e-06,0.9999899864196777,1.9912088191631483e-06,audio,0.25,0.0,0.0
525,v0zCBqDeKcE$_$10,2.200000047683716,0.11758514493703842,6.108220986789092e-06,0.9999920129776001,1.9097296899417415e-06,audio,0.1428571492433548,0.0,0.0
352,lXPQBPVc5Cw$_$11,-1.7999999523162842,0.45697036385536194,9.789426258066669e-06,0.9999881982803345,2.06878917197173e-06,audio,0.3333333432674408,0.0,0.0
141,d6hH302o4v8$_$6,-2.0,0.39766958355903625,8.622611858299933e-06,0.99998939037323,2.0007444163638866e-06,audio,0.2857142984867096,0.0,0.0
227,f9O3YtZ2VfI$_$30,-1.0,0.12058272957801819,6.115705218689982e-06,0.9999920129776001,1.9109666027361527e-06,audio,0.1428571492433548,0.0,0.0
239,f_pcplsH_V0$_$7,0.0,0.19287201762199402,6.655468951066723e-06,0.9999914169311523,1.9154961137246573e-06,audio,0.1818181872367859,0.0,0.0
225,f9O3YtZ2VfI$_$19,-0.6000000238418579,0.33543360233306885,7.981153430591803e-06,0.9999899864196777,1.991077851926093e-06,audio,0.25,0.0,0.0
294,jUzDDGyPkXU$_$13,-0.6000000238418579,0.10116428136825562,5.958553174423287e-06,0.9999921321868896,1.895348759717308e-06,audio,0.13333334028720856,0.0,0.0
679,zhpQhgha_KU$_$18,0.6000000238418579,0.1929849088191986,6.65818606648827e-06,0.9999914169311523,1.915667780849617e-06,audio,0.1818181872367859,0.0,0.0
256,fvVhgmXxadc$_$8,-0.5,0.39729946851730347,8.695801625435706e-06,0.9999892711639404,2.0212630715832347e-06,audio,0.2857142984867096,0.0,0.0
402,ob23OKe5a9Q$_$1,1.2000000476837158,0.33274176716804504,7.961207302287221e-06,0.9999901056289673,1.9864260139002e-06,audio,0.25,0.0,0.0
209,f9O3YtZ2VfI$_$3,0.6000000238418579,0.15621009469032288,6.411977210518671e-06,0.9999916553497314,1.904124019347364e-06,audio,0.1666666716337204,0.0,0.0
577,wMbj6ajWbic$_$27,0.0,0.2809683084487915,7.474479843949666e-06,0.9999905824661255,1.9733154204004677e-06,audio,0.2222222238779068,0.0,0.0
364,nbWiPyCm4g0$_$1,1.2000000476837158,0.23243287205696106,6.985946583881741e-06,0.9999910593032837,1.932006625793292e-06,audio,0.20000000298023224,0.0,0.0
504,tmZoasNr4rU$_$11,-0.6000000238418579,0.23228713870048523,6.981271326367278e-06,0.9999910593032837,1.9307597085571615e-06,audio,0.20000000298023224,0.0,0.0
1,c7UH_rxdZv4$_$25,0.0,0.2811868488788605,7.471971002814826e-06,0.9999905824661255,1.972156269403058e-06,audio,0.2222222238779068,0.0,0.0
458,rnaNMUZpvvg$_$9,-1.399999976158142,0.09006603062152863,5.634957233269233e-06,0.9999924898147583,1.9196859284420498e-06,audio,0.10000000149011612,0.0,0.0
538,v0zCBqDeKcE$_$9,1.7999999523162842,0.28200939297676086,7.474479843949666e-06,0.9999905824661255,1.973921371245524e-06,audio,0.2222222238779068,0.0,0.0
116,d3_k5Xpfmik$_$4,-1.0,0.08506955206394196,5.751008302468108e-06,0.9999923706054688,1.9189260456187185e-06,audio,0.1111111119389534,0.0,0.0
7,c7UH_rxdZv4$_$23,-0.6000000238418579,0.15263614058494568,6.397885954356752e-06,0.9999916553497314,1.9002076214746921e-06,audio,0.1666666716337204,0.0,0.0
277,jUzDDGyPkXU$_$26,-2.0,0.19303813576698303,5.794962817162741e-06,0.9999921321868896,2.0817010408791248e-06,audio,0.07999999821186066,0.0,0.0
522,tmZoasNr4rU$_$9,-0.6000000238418579,0.19976866245269775,5.765652531408705e-06,0.9999921321868896,2.0715415303129703e-06,audio,0.07999999821186066,0.0,0.0
