index,id,y_true,y_pred,w_text,w_audio,w_vision,selected_anchor,availability_text,availability_audio,availability_vision
266,iiK8YX8oH1E$_$1,-2.5999999046325684,-1.1045411825180054,0.35140764713287354,0.31911036372184753,0.3294820487499237,text,0.75,0.5641025900840759,0.52173912525177
658,zhpQhgha_KU$_$23,-0.5,-0.16740553081035614,0.32607653737068176,0.33587706089019775,0.3380464017391205,vision,0.8333333134651184,0.7142857313156128,0.6744186282157898
111,d3_k5Xpfmik$_$18,0.800000011920929,0.12441901117563248,0.24191567301750183,0.31904336810112,0.4390409588813782,vision,0.4285714328289032,0.4324324429035187,0.5227272510528564
323,k5Y_838nuGo$_$13,0.6000000238418579,-0.6340540051460266,0.22449952363967896,0.45491495728492737,0.32058554887771606,audio,0.5714285969734192,0.800000011920929,0.5833333134651184
20,c7UH_rxdZv4$_$10,0.800000011920929,-0.5581739544868469,0.30120211839675903,0.257189005613327,0.44160887598991394,vision,0.75,0.5405405163764954,0.75
95,cXypl4FnoZo$_$12,2.0,0.7447256445884705,0.2761547267436981,0.36413365602493286,0.359711617231369,audio,0.6666666865348816,0.6666666865348816,0.6122449040412903
385,nzpVDcQ0ywM$_$9,-2.200000047683716,-1.203330159187317,0.3227256238460541,0.33001837134361267,0.34725597500801086,vision,0.7200000286102295,0.6020408272743225,0.5982906222343445
90,cXypl4FnoZo$_$9,1.2000000476837158,-0.31301790475845337,0.3119385242462158,0.3618958294391632,0.3261656165122986,audio,0.7368420958518982,0.6734693646430969,0.568965494632721
283,jUzDDGyPkXU$_$1,2.799999952316284,0.025766121223568916,0.37048038840293884,0.25619685649871826,0.3733227252960205,vision,0.8571428656578064,0.5333333611488342,0.6470588445663452
218,f9O3YtZ2VfI$_$10,-2.0,-0.869003415107727,0.28500503301620483,0.36259734630584717,0.352397620677948,audio,0.625,0.6153846383094788,0.5333333611488342
65,cW1FSBF59ik$_$13,2.0,0.8346894979476929,0.33743155002593994,0.29032033681869507,0.3722481429576874,vision,0.7894737124443054,0.5822784900665283,0.6595744490623474
653,zhpQhgha_KU$_$26,0.0,-1.6104298830032349,0.2222030907869339,0.37846899032592773,0.39932799339294434,vision,0.5384615659713745,0.6666666865348816,0.6399999856948853
247,fvVhgmXxadc$_$14,0.0,-0.878261387348175,0.33306655287742615,0.39494505524635315,0.2719883322715759,audio,0.7368420958518982,0.698113203048706,0.4761904776096344
451,rnaNMUZpvvg$_$1,-2.5999999046325684,-2.126037120819092,0.2347077578306198,0.2688392996788025,0.4964529871940613,vision,0.5833333134651184,0.5116279125213623,0.7647058963775635
106,d3_k5Xpfmik$_$15,2.5999999046325684,-0.48845845460891724,0.23089474439620972,0.37335824966430664,0.39574700593948364,vision,0.5428571701049805,0.65625,0.6315789222717285
50,cW1FSBF59ik$_$20,2.5,1.0042177438735962,0.2689298093318939,0.3866577446460724,0.3444124758243561,audio,0.6363636255264282,0.6842105388641357,0.5797101259231567
526,v0zCBqDeKcE$_$13,1.7999999523162842,-1.200790524482727,0.3432294726371765,0.3179113566875458,0.3388591408729553,text,0.6800000071525574,0.5131579041481018,0.52173912525177
493,tStelxIAHjw$_$14,-1.7999999523162842,-1.0996781587600708,0.3865874707698822,0.20746707916259766,0.40594545006752014,vision,0.875,0.4285714328289032,0.7058823704719543
668,zhpQhgha_KU$_$9,-1.0,-0.8834312558174133,0.30588099360466003,0.3445080518722534,0.34961092472076416,vision,0.7058823704719543,0.6285714507102966,0.5813953280448914
180,etzxEpPuc6I$_$10,-1.399999976158142,-1.0594429969787598,0.27873724699020386,0.2624216377735138,0.45884108543395996,vision,0.6666666865348816,0.5,0.7234042286872864
652,zhpQhgha_KU$_$25,1.0,-1.728206753730774,0.2912779748439789,0.32857462763786316,0.38014736771583557,vision,0.625,0.5588235259056091,0.5945945978164673
45,cM3Yna7AavY$_$7,3.0,1.5272910594940186,0.27221015095710754,0.35335230827331543,0.374437540769577,vision,0.5555555820465088,0.5675675868988037,0.574999988079071
371,nbWiPyCm4g0$_$9,-1.399999976158142,-1.2874897718429565,0.21684569120407104,0.36845892667770386,0.4146953523159027,vision,0.5416666865348816,0.6808510422706604,0.7142857313156128
442,phBUpBr1hSo$_$4,-0.800000011920929,-0.8950028419494629,0.3735993802547455,0.300402969121933,0.32599765062332153,text,0.78125,0.5384615659713745,0.5267857313156128
400,ob23OKe5a9Q$_$12,2.799999952316284,1.85928475856781,0.31497722864151,0.2993066608905792,0.3857160806655884,vision,0.7272727489471436,0.5714285969734192,0.6470588445663452
570,vyB00TXsimI$_$17,1.399999976158142,-1.6535805463790894,0.21762198209762573,0.3723318874835968,0.41004613041877747,vision,0.4736842215061188,0.6170212626457214,0.6315789222717285
500,tStelxIAHjw$_$7,1.399999976158142,0.3990670144557953,0.26218122243881226,0.3774603605270386,0.36035841703414917,audio,0.8333333134651184,0.8823529481887817,0.800000011920929
161,d6hH302o4v8$_$34,-3.0,0.4942270517349243,0.24700826406478882,0.3663942515850067,0.38659748435020447,vision,0.6000000238418579,0.6666666865348816,0.6363636255264282
278,jUzDDGyPkXU$_$27,-2.0,-0.3672716021537781,0.23132938146591187,0.34517285227775574,0.4234977066516876,vision,0.5,0.5714285969734192,0.6200000047683716
444,phBUpBr1hSo$_$6,1.600000023841858,0.47751158475875854,0.2623980939388275,0.3972266912460327,0.34037521481513977,audio,0.6499999761581421,0.7234042286872864,0.5964912176132202
654,zhpQhgha_KU$_$27,0.800000011920929,-0.804844319820404,0.2187296748161316,0.32359740138053894,0.4576728940010071,vision,0.6000000238418579,0.6666666865348816,0.7857142686843872
151,d6hH302o4v8$_$14,-1.7999999523162842,-2.1120033264160156,0.32396700978279114,0.3247312009334564,0.35130181908607483,vision,0.7857142686843872,0.6551724076271057,0.6571428775787354
407,ob23OKe5a9Q$_$7,0.6000000238418579,-0.6015201210975647,0.28476449847221375,0.35648205876350403,0.3587534427642822,vision,0.7058823704719543,0.6770833134651184,0.6206896305084229
58,cW1FSBF59ik$_$4,1.600000023841858,0.7253517508506775,0.24809971451759338,0.3992983400821686,0.3526019752025604,audio,0.5416666865348816,0.6455696225166321,0.5384615659713745
144,d6hH302o4v8$_$39,-3.0,-1.6267178058624268,0.3846103250980377,0.26475054025650024,0.35063913464546204,text,0.8888888955116272,0.5714285969734192,0.6764705777168274
389,nzpVDcQ0ywM$_$13,-1.0,-1.1096445322036743,0.3420371115207672,0.3095412254333496,0.34842169284820557,vision,0.7058823704719543,0.5357142686843872,0.5735294222831726
165,dq3Nf_lMPnE$_$10,1.0,1.6464321613311768,0.31947097182273865,0.3571196496486664,0.3234093487262726,audio,0.699999988079071,0.625,0.5263158082962036
413,pLTX3ipuDJI$_$13,-1.399999976158142,-0.43584463000297546,0.2961427569389343,0.33958008885383606,0.3642771542072296,vision,0.6875,0.625,0.6052631735801697
609,yDtzw_Y-7RU$_$1,0.800000011920929,-0.42570018768310547,0.31428882479667664,0.3752274811267853,0.3104837238788605,audio,0.6470588445663452,0.6111111044883728,0.4923076927661896
84,cXypl4FnoZo$_$3,1.7999999523162842,0.8874034285545349,0.2534346580505371,0.23677575588226318,0.5097895860671997,vision,0.7142857313156128,0.5454545617103577,0.8571428656578064
299,jUzDDGyPkXU$_$16,1.2000000476837158,0.9448115825653076,0.24211911857128143,0.42476093769073486,0.3331199586391449,audio,0.5625,0.7123287916183472,0.540229856967926
295,jUzDDGyPkXU$_$12,0.5,0.018396476283669472,0.2503167390823364,0.3836354613304138,0.36604779958724976,audio,0.6000000238418579,0.6800000071525574,0.6000000238418579
644,yvsjCA6Y5Fc$_$12,-0.6000000238418579,-1.7342138290405273,0.265577495098114,0.34966543316841125,0.38475701212882996,vision,0.6190476417541504,0.6302521228790283,0.6408450603485107
448,rnaNMUZpvvg$_$20,0.800000011920929,-0.26474571228027344,0.37428557872772217,0.40691861510276794,0.2187958061695099,audio,0.6800000071525574,0.5853658318519592,0.2222222238779068
488,tStelxIAHjw$_$11,-2.799999952316284,-2.16780424118042,0.3690491020679474,0.23931041359901428,0.3916405141353607,vision,0.8333333134651184,0.47058823704719543,0.6499999761581421
373,nzpVDcQ0ywM$_$24,1.600000023841858,0.40542539954185486,0.3678351938724518,0.36032745242118835,0.2718373239040375,text,0.7777777910232544,0.6428571343421936,0.4545454680919647
506,tmZoasNr4rU$_$13,-0.800000011920929,-1.104628324508667,0.3396565020084381,0.3399101793766022,0.3204333484172821,audio,0.6875,0.5600000023841858,0.5
332,k5Y_838nuGo$_$30,1.600000023841858,0.2890301048755646,0.3037945032119751,0.34434375166893005,0.35186171531677246,vision,0.75,0.6857143044471741,0.6585366129875183
612,yDtzw_Y-7RU$_$5,0.5,-0.02404388226568699,0.2418002486228943,0.42113417387008667,0.33706557750701904,audio,0.5263158082962036,0.6769230961799622,0.5384615659713745
123,d6hH302o4v8$_$24,-2.799999952316284,-2.714595079421997,0.33698520064353943,0.349868506193161,0.31314632296562195,audio,0.625,0.52173912525177,0.4444444477558136
646,yvsjCA6Y5Fc$_$14,-1.0,-1.3872144222259521,0.3244170844554901,0.3518916964530945,0.3236912190914154,audio,0.7692307829856873,0.6756756901741028,0.5909090638160706
296,jUzDDGyPkXU$_$15,1.3333333730697632,-1.0527534484863281,0.2620789706707001,0.4067416489124298,0.3311793804168701,audio,0.5882353186607361,0.6818181872367859,0.5283018946647644
660,zhpQhgha_KU$_$29,-1.2000000476837158,-1.060598611831665,0.2643272876739502,0.3344450891017914,0.4012276232242584,vision,0.6428571343421936,0.625,0.6666666865348816
567,vyB00TXsimI$_$12,0.20000000298023224,0.24374155700206757,0.38674551248550415,0.20051057636737823,0.4127439558506012,vision,0.8999999761581421,0.4516128897666931,0.7837837934494019
168,dq3Nf_lMPnE$_$15,1.0,-0.5028060078620911,0.2499697059392929,0.3989568054676056,0.3510735034942627,audio,0.529411792755127,0.6271186470985413,0.5
122,d6hH302o4v8$_$43,-2.5,-0.16434453427791595,0.2994465231895447,0.32442378997802734,0.376129686832428,vision,0.6153846383094788,0.53125,0.5789473652839661
639,yvsjCA6Y5Fc$_$9,-1.399999976158142,-0.8299059271812439,0.27965664863586426,0.3278125524520874,0.39253079891204834,vision,0.5789473652839661,0.5263158082962036,0.5588235259056091
196,etzxEpPuc6I$_$9,-2.799999952316284,-1.888644814491272,0.2655751407146454,0.3484410047531128,0.3859838843345642,vision,0.6190476417541504,0.6190476417541504,0.6133333444595337
340,lXPQBPVc5Cw$_$23,-2.4000000953674316,-0.2574039101600647,0.28828784823417664,0.35429081320762634,0.3574213683605194,vision,0.5333333611488342,0.52173912525177,0.5
82,cXypl4FnoZo$_$29,-1.399999976158142,-1.4863486289978027,0.3708135783672333,0.19625058770179749,0.4329358637332916,vision,0.8571428656578064,0.4000000059604645,0.7272727489471436
631,yvsjCA6Y5Fc$_$23,-1.2000000476837158,-0.9534016847610474,0.30504313111305237,0.31935665011405945,0.3756001889705658,vision,0.7400000095367432,0.6315789222717285,0.6763284802436829
605,yDtzw_Y-7RU$_$20,-0.6000000238418579,0.9097290635108948,0.3324359357357025,0.28555843234062195,0.38200560212135315,vision,0.6666666865348816,0.4615384638309479,0.5483871102333069
331,k5Y_838nuGo$_$31,-1.0,-1.6312477588653564,0.220022514462471,0.38637980818748474,0.39359769225120544,vision,0.5384615659713745,0.695652186870575,0.6666666865348816
638,yvsjCA6Y5Fc$_$6,0.0,-0.9135880470275879,0.29309308528900146,0.3163977563381195,0.3905091881752014,vision,0.8181818127632141,0.7142857313156128,0.75
264,iiK8YX8oH1E$_$16,0.0,-1.1700000762939453,0.24496005475521088,0.33419227600097656,0.42084765434265137,vision,0.625,0.6428571343421936,0.6875
541,vvZ4IcEtiZc$_$10,-2.0,-0.5312461256980896,0.24124963581562042,0.5040817856788635,0.25466859340667725,audio,0.6000000238418579,0.8333333134651184,0.4385964870452881
562,vyB00TXsimI$_$9,-0.25,-0.43052348494529724,0.22708660364151,0.2946770489215851,0.4782363474369049,vision,0.5,0.5,0.699999988079071
497,tStelxIAHjw$_$2,-2.0,-0.027410119771957397,0.30557945370674133,0.3136759400367737,0.380744606256485,vision,0.699999988079071,0.5802469253540039,0.6349206566810608
316,k5Y_838nuGo$_$4,1.0,0.5518869757652283,0.3251872658729553,0.3789176642894745,0.2958950996398926,audio,0.692307710647583,0.6399999856948853,0.46666666865348816
457,rnaNMUZpvvg$_$6,-2.5999999046325684,-1.2898848056793213,0.20535506308078766,0.3726899027824402,0.4219549894332886,vision,0.5,0.6666666865348816,0.6785714030265808
657,zhpQhgha_KU$_$22,0.6000000238418579,-1.3402655124664307,0.26937878131866455,0.3686755299568176,0.3619456887245178,audio,0.6363636255264282,0.6666666865348816,0.6190476417541504
100,cXypl4FnoZo$_$19,0.800000011920929,-1.076741337776184,0.28882500529289246,0.36323440074920654,0.3479405641555786,audio,0.675000011920929,0.6623376607894897,0.6000000238418579
237,f_pcplsH_V0$_$5,1.2000000476837158,-0.8993127346038818,0.29958754777908325,0.3426753878593445,0.35773709416389465,vision,0.6842105388641357,0.6236559152603149,0.6160714030265808
99,cXypl4FnoZo$_$16,-0.6000000238418579,-1.4745835065841675,0.21594025194644928,0.3938370645046234,0.3902226984500885,audio,0.48275861144065857,0.6458333134651184,0.5862069129943848
445,phBUpBr1hSo$_$9,-2.0,-0.35548821091651917,0.3072582185268402,0.30017825961112976,0.39256352186203003,vision,0.6399999856948853,0.49295774102211,0.5777778029441833
379,nzpVDcQ0ywM$_$3,0.800000011920929,1.2444671392440796,0.28149935603141785,0.3309496343135834,0.3875510096549988,vision,0.5882353186607361,0.5507246255874634,0.6144578456878662
377,nzpVDcQ0ywM$_$23,2.0,-0.41295889019966125,0.21004845201969147,0.48560214042663574,0.304349422454834,audio,0.5,0.7894737124443054,0.5
411,pLTX3ipuDJI$_$11,0.6000000238418579,-2.001749038696289,0.2155095338821411,0.43124842643737793,0.35324203968048096,audio,0.4117647111415863,0.6170212626457214,0.45614033937454224
210,f9O3YtZ2VfI$_$2,1.25,1.3363456726074219,0.26366764307022095,0.4680982530117035,0.2682340741157532,audio,0.5714285969734192,0.7307692170143127,0.3870967626571655
684,zhpQhgha_KU$_$33,-0.4000000059604645,-0.7761414647102356,0.2607928216457367,0.35692349076271057,0.38228368759155273,vision,0.625,0.6470588445663452,0.6393442749977112
155,d6hH302o4v8$_$18,-2.0,-2.1323728561401367,0.2764301598072052,0.37220701575279236,0.35136282444000244,audio,0.6363636255264282,0.6551724076271057,0.6000000238418579
607,yDtzw_Y-7RU$_$22,2.0,0.036029040813446045,0.3084118664264679,0.2982766628265381,0.3933115005493164,vision,0.7142857313156128,0.5625,0.6315789222717285
556,vyB00TXsimI$_$3,2.200000047683716,-0.9914258718490601,0.3046136200428009,0.35915350914001465,0.33623290061950684,audio,0.6666666865348816,0.6142857074737549,0.5357142686843872
369,nbWiPyCm4g0$_$7,-1.2000000476837158,-2.036217451095581,0.38051098585128784,0.30697759985923767,0.3125113844871521,text,0.8181818127632141,0.59375,0.5789473652839661
19,c7UH_rxdZv4$_$11,1.0,-0.4089334309101105,0.3755704164505005,0.3217256963253021,0.3027038276195526,text,0.8333333134651184,0.625,0.5531914830207825
636,yvsjCA6Y5Fc$_$4,-0.20000000298023224,-1.5489325523376465,0.2568987011909485,0.3054294288158417,0.43767186999320984,vision,0.5263158082962036,0.4736842215061188,0.5882353186607361
459,rnaNMUZpvvg$_$8,-1.600000023841858,0.9685759544372559,0.36315014958381653,0.3193112313747406,0.31753864884376526,text,0.8181818127632141,0.6206896305084229,0.5714285969734192
618,yDtzw_Y-7RU$_$11,-1.399999976158142,0.185721755027771,0.16437147557735443,0.43542906641960144,0.40019944310188293,audio,0.4375,0.7941176295280457,0.6904761791229248
356,lXPQBPVc5Cw$_$15,-2.799999952316284,-1.307432770729065,0.2566458582878113,0.3863179385662079,0.35703617334365845,audio,0.5,0.574999988079071,0.5
465,rnaNMUZpvvg$_$14,-2.5999999046325684,-1.7317631244659424,0.35004639625549316,0.26713964343070984,0.3828139305114746,vision,0.75,0.48076921701431274,0.6129032373428345
432,phBUpBr1hSo$_$14,-1.2000000476837158,-0.4219915270805359,0.30899232625961304,0.3611459732055664,0.32986167073249817,audio,0.75,0.699999988079071,0.6041666865348816
485,tIrG4oNLFzE$_$6,1.25,-0.38681256771087646,0.3000033497810364,0.3020767569541931,0.3979199230670929,vision,0.6153846383094788,0.4838709533214569,0.5675675868988037
241,f_pcplsH_V0$_$9,-2.4000000953674316,-2.2011377811431885,0.3430895209312439,0.3339587152004242,0.3229517936706543,text,0.6666666865348816,0.529411792755127,0.4761904776096344
528,v0zCBqDeKcE$_$15,2.4000000953674316,0.23100702464580536,0.36564600467681885,0.29579001665115356,0.33856400847435,text,0.875,0.6363636255264282,0.6499999761581421
88,cXypl4FnoZo$_$7,-1.0,-0.8103120923042297,0.3631018102169037,0.251997709274292,0.3849005103111267,vision,0.9166666865348816,0.5909090638160706,0.7407407164573669
564,vyB00TXsimI$_$11,-0.20000000298023224,-0.5205305814743042,0.23933075368404388,0.3561324179172516,0.40453678369522095,vision,0.46666666865348816,0.5405405163764954,0.5777778029441833
179,etzxEpPuc6I$_$11,-1.600000023841858,-0.9090632200241089,0.30514389276504517,0.3501027524471283,0.34475335478782654,audio,0.7368420958518982,0.6666666865348816,0.5967742204666138
573,vyB00TXsimI$_$18,2.4000000953674316,1.1331837177276611,0.23318688571453094,0.3756813108921051,0.39113184809684753,vision,0.5,0.6111111044883728,0.5909090638160706
275,jUzDDGyPkXU$_$24,-1.0,-0.930580198764801,0.40407150983810425,0.31386518478393555,0.2820632755756378,text,0.8148148059844971,0.5625,0.4642857015132904
269,iiK8YX8oH1E$_$5,-0.4000000059604645,-1.263322353363037,0.3128921091556549,0.33325520157814026,0.35385268926620483,vision,0.6857143044471741,0.5785123705863953,0.550000011920929
35,cM3Yna7AavY$_$13,-1.600000023841858,0.8338028192520142,0.24061453342437744,0.4689720571041107,0.29041337966918945,audio,0.5,0.7142857313156128,0.4375
533,v0zCBqDeKcE$_$2,-0.4000000059604645,-0.09877311438322067,0.3082134425640106,0.373036652803421,0.31874990463256836,audio,0.6363636255264282,0.6060606241226196,0.5
201,f9O3YtZ2VfI$_$27,1.600000023841858,0.6701077818870544,0.32179173827171326,0.4041638672351837,0.2740444242954254,audio,0.7272727489471436,0.7083333134651184,0.4642857015132904
104,d3_k5Xpfmik$_$13,2.200000047683716,1.3360697031021118,0.2698586583137512,0.4705086946487427,0.2596326470375061,audio,0.6666666865348816,0.8095238208770752,0.4399999976158142
261,iiK8YX8oH1E$_$15,0.6000000238418579,-0.6653879284858704,0.29569846391677856,0.42487165331840515,0.2794298529624939,audio,0.5625,0.6071428656578064,0.3333333432674408
418,pLTX3ipuDJI$_$1,-2.4000000953674316,-0.8550938367843628,0.27590039372444153,0.3752644658088684,0.3488351106643677,audio,0.6470588445663452,0.6607142686843872,0.5671641826629639
486,tIrG4oNLFzE$_$9,-1.0,-0.7922627925872803,0.32845214009284973,0.3058815598487854,0.36566632986068726,vision,0.6666666865348816,0.5057471394538879,0.567307710647583
595,wMbj6ajWbic$_$13,2.0,-0.5898794531822205,0.2467014193534851,0.4073106646537781,0.3459879457950592,audio,0.5833333134651184,0.7017543911933899,0.5735294222831726
516,tmZoasNr4rU$_$3,-2.0,-1.1727898120880127,0.27415698766708374,0.3816143870353699,0.344228595495224,audio,0.5,0.5384615659713745,0.4375
412,pLTX3ipuDJI$_$10,-1.600000023841858,-1.1877697706222534,0.28690105676651,0.31759113073349,0.3955077826976776,vision,0.695652186870575,0.6065573692321777,0.6575342416763306
338,lXPQBPVc5Cw$_$21,1.7999999523162842,-0.5161765217781067,0.21763578057289124,0.3253006637096405,0.4570634961128235,vision,0.5,0.5714285969734192,0.6800000071525574
430,phBUpBr1hSo$_$12,1.7999999523162842,-1.4334105253219604,0.27004119753837585,0.35358473658561707,0.3763740658760071,vision,0.6200000047683716,0.6200000047683716,0.6000000238418579
69,cW1FSBF59ik$_$17,2.4000000953674316,0.9578908681869507,0.22530119121074677,0.3674808442592621,0.40721791982650757,vision,0.5,0.6153846383094788,0.6000000238418579
441,phBUpBr1hSo$_$5,-1.399999976158142,0.22375571727752686,0.20736585557460785,0.36708372831344604,0.4255504608154297,vision,0.47058823704719543,0.6226415038108826,0.6315789222717285
272,iiK8YX8oH1E$_$6,0.20000000298023224,0.8905451893806458,0.452769935131073,0.34646183252334595,0.20076824724674225,text,1.0,0.7333333492279053,0.3888888955116272
57,cW1FSBF59ik$_$5,2.0,-0.6585006713867188,0.2542765140533447,0.4514155387878418,0.2943079471588135,audio,0.6666666865348816,0.8181818127632141,0.5384615659713745
597,wMbj6ajWbic$_$15,2.0,-0.6954001784324646,0.2519091069698334,0.3348945081233978,0.4131963551044464,vision,0.529411792755127,0.54347825050354,0.6000000238418579
380,nzpVDcQ0ywM$_$2,-1.600000023841858,-0.49214890599250793,0.32386699318885803,0.29908451437950134,0.377048522233963,vision,0.699999988079071,0.529411792755127,0.6097561120986938
33,cM3Yna7AavY$_$11,2.0,0.6116827130317688,0.39038047194480896,0.25302013754844666,0.3565994203090668,text,0.7777777910232544,0.4399999976158142,0.5666666626930237
234,f_pcplsH_V0$_$1,0.25,0.3299890160560608,0.3318670988082886,0.316376268863678,0.35175663232803345,vision,0.75,0.59375,0.6052631735801697
656,zhpQhgha_KU$_$21,0.6000000238418579,-0.8773568272590637,0.28485655784606934,0.35820019245147705,0.3569432199001312,audio,0.6315789222717285,0.6129032373428345,0.5675675868988037
509,tmZoasNr4rU$_$14,-2.0,-0.6578196287155151,0.2788717448711395,0.28600260615348816,0.4351256489753723,vision,0.6666666865348816,0.5444444417953491,0.6976743936538696
402,ob23OKe5a9Q$_$1,1.2000000476837158,1.7402817010879517,0.32418763637542725,0.39951300621032715,0.2762993276119232,audio,0.75,0.7241379022598267,0.5
335,lXPQBPVc5Cw$_$26,-2.799999952316284,-2.050978183746338,0.24030040204524994,0.425370454788208,0.33432912826538086,audio,0.6363636255264282,0.7857142686843872,0.6060606241226196
545,vvZ4IcEtiZc$_$2,2.4000000953674316,2.1130802631378174,0.30129653215408325,0.35127919912338257,0.3474242389202118,audio,0.6666666865348816,0.6176470518112183,0.574999988079071
672,zhpQhgha_KU$_$13,-1.0,-0.8380594253540039,0.22973033785820007,0.4456074833869934,0.3246622085571289,audio,0.5,0.6875,0.4736842215061188
600,wMbj6ajWbic$_$16,-0.4000000059604645,-0.9915690422058105,0.3698230981826782,0.3371373116970062,0.29303956031799316,text,0.8399999737739563,0.6619718074798584,0.5411764979362488
184,etzxEpPuc6I$_$14,-1.2000000476837158,-1.4736251831054688,0.26034384965896606,0.30735406279563904,0.4323021471500397,vision,0.6399999856948853,0.5866666436195374,0.699999988079071
173,dq3Nf_lMPnE$_$5,1.2000000476837158,-0.20945008099079132,0.2593126595020294,0.28950271010398865,0.45118463039398193,vision,0.6666666865348816,0.5833333134651184,0.7307692170143127
83,cXypl4FnoZo$_$1,1.0,-0.2253146916627884,0.32250189781188965,0.43279358744621277,0.2447044402360916,audio,0.7692307829856873,0.782608687877655,0.4444444477558136
110,d3_k5Xpfmik$_$19,0.20000000298023224,0.3522803485393524,0.30014532804489136,0.3552458882331848,0.34460878372192383,audio,0.6764705777168274,0.6388888955116272,0.5891472697257996
614,yDtzw_Y-7RU$_$7,-0.20000000298023224,-0.6189790368080139,0.2494417428970337,0.29532721638679504,0.45523104071617126,vision,0.5333333611488342,0.4883720874786377,0.6730769276618958
310,k5Y_838nuGo$_$28,2.0,0.20452584326267242,0.18597491085529327,0.3026312291622162,0.5113939046859741,vision,0.5,0.625,0.8421052694320679
590,wMbj6ajWbic$_$6,1.7999999523162842,0.5626053810119629,0.2824833393096924,0.3587440252304077,0.3587726056575775,vision,0.6071428656578064,0.5882353186607361,0.5333333611488342
259,iiK8YX8oH1E$_$13,-2.0,-0.9005976915359497,0.1945759356021881,0.32855942845344543,0.47686469554901123,vision,0.5454545617103577,0.6666666865348816,0.7777777910232544
634,yvsjCA6Y5Fc$_$2,-1.2000000476837158,-1.9224879741668701,0.31595578789711,0.42020827531814575,0.2638358771800995,audio,0.6666666865348816,0.6785714030265808,0.38235294818878174
598,wMbj6ajWbic$_$14,-0.800000011920929,-1.1586010456085205,0.2521468997001648,0.3355187773704529,0.4123343825340271,vision,0.5625,0.5757575631141663,0.625
450,rnaNMUZpvvg$_$22,-2.200000047683716,-0.10284296423196793,0.28794535994529724,0.33668333292007446,0.3753713369369507,vision,0.6551724076271057,0.5972222089767456,0.5977011322975159
37,cM3Yna7AavY$_$15,-2.4000000953674316,-1.50812828540802,0.42827165126800537,0.3185880184173584,0.25314027070999146,text,0.9090909361839294,0.625,0.4615384638309479
622,yDtzw_Y-7RU$_$15,0.6000000238418579,0.19256402552127838,0.24322524666786194,0.3648996353149414,0.39187511801719666,vision,0.5384615659713745,0.6071428656578064,0.5757575631141663
321,k5Y_838nuGo$_$11,0.5,0.6472266912460327,0.40920621156692505,0.3022958040237427,0.2884979546070099,text,0.875,0.5882353186607361,0.5121951103210449
139,d6hH302o4v8$_$4,-1.600000023841858,-1.3956538438796997,0.12322060018777847,0.5006586909294128,0.3761207163333893,audio,0.25,0.8235294222831726,0.6499999761581421
467,rnaNMUZpvvg$_$16,-1.7999999523162842,0.6462083458900452,0.3450604975223541,0.28448382019996643,0.3704557716846466,vision,0.800000011920929,0.5714285969734192,0.6470588445663452
102,d3_k5Xpfmik$_$11,2.4000000953674316,-0.84909588098526,0.2962168753147125,0.32462289929389954,0.37916016578674316,vision,0.625,0.5423728823661804,0.5714285969734192
502,tStelxIAHjw$_$9,-1.399999976158142,-1.0116689205169678,0.1630016565322876,0.5704986453056335,0.26649972796440125,audio,0.4444444477558136,0.9333333373069763,0.5
584,wMbj6ajWbic$_$1,0.5,-0.2649781107902527,0.2343359738588333,0.37409526109695435,0.39156877994537354,vision,0.6000000238418579,0.699999988079071,0.6666666865348816
436,phBUpBr1hSo$_$18,0.800000011920929,-0.00975672248750925,0.27200353145599365,0.32723063230514526,0.4007658064365387,vision,0.75,0.7142857313156128,0.7647058963775635
337,lXPQBPVc5Cw$_$20,-1.7999999523162842,-0.6276638507843018,0.2597874701023102,0.40821272134780884,0.3319997787475586,audio,0.5151515007019043,0.6161616444587708,0.4864864945411682
94,cXypl4FnoZo$_$13,-1.0,-0.9992767572402954,0.29324471950531006,0.35492971539497375,0.3518255352973938,audio,0.625,0.5857142806053162,0.5333333611488342
423,pLTX3ipuDJI$_$7,0.800000011920929,-1.735835313796997,0.3032756447792053,0.2510262727737427,0.4456981122493744,vision,0.7142857313156128,0.4761904776096344,0.699999988079071
195,etzxEpPuc6I$_$6,0.4000000059604645,-0.6765322685241699,0.32435840368270874,0.27065232396125793,0.4049893021583557,vision,0.75,0.5277777910232544,0.6744186282157898
107,d3_k5Xpfmik$_$14,2.0,-1.1051830053329468,0.2848438620567322,0.3213760256767273,0.3937801420688629,vision,0.6304348111152649,0.5634920597076416,0.6329113841056824
382,nzpVDcQ0ywM$_$4,-1.600000023841858,-0.9896845817565918,0.2632337212562561,0.3324018716812134,0.40436437726020813,vision,0.5666666626930237,0.5555555820465088,0.6279069781303406
293,jUzDDGyPkXU$_$10,2.4000000953674316,0.6300082802772522,0.25317710638046265,0.3769901394844055,0.36983272433280945,audio,0.523809552192688,0.5932203531265259,0.5283018946647644
109,d3_k5Xpfmik$_$16,2.0,1.8647891283035278,0.28260135650634766,0.48910287022590637,0.22829581797122955,audio,0.6000000238418579,0.739130437374115,0.2857142984867096
175,dq3Nf_lMPnE$_$7,-2.0,-1.6038068532943726,0.3331001400947571,0.3089401423931122,0.35795965790748596,vision,0.8571428656578064,0.6829268336296082,0.6938775777816772
227,f9O3YtZ2VfI$_$30,-1.0,-1.0556269884109497,0.26890334486961365,0.39844274520874023,0.33265388011932373,audio,0.5714285969734192,0.6399999856948853,0.5166666507720947
468,rnaNMUZpvvg$_$19,-1.399999976158142,-1.397965908050537,0.3130000829696655,0.34189581871032715,0.34510406851768494,vision,0.6521739363670349,0.5660377144813538,0.515625
453,rnaNMUZpvvg$_$2,2.25,1.9453941583633423,0.404535710811615,0.3077525198459625,0.2877117395401001,text,0.7777777910232544,0.529411792755127,0.4761904776096344
249,fvVhgmXxadc$_$3,-2.200000047683716,-2.2035436630249023,0.276374876499176,0.29085782170295715,0.4327673316001892,vision,0.6000000238418579,0.5,0.6538461446762085
415,pLTX3ipuDJI$_$15,-1.399999976158142,-0.9218589067459106,0.26734742522239685,0.3036964535713196,0.42895615100860596,vision,0.6399999856948853,0.560606062412262,0.6666666865348816
309,k5Y_838nuGo$_$23,-0.20000000298023224,1.2194290161132812,0.2945598363876343,0.44583484530448914,0.2596053183078766,audio,0.8333333134651184,0.9090909361839294,0.5714285969734192
131,d6hH302o4v8$_$28,-1.0,-0.7324708700180054,0.3268935978412628,0.32581180334091187,0.34729456901550293,vision,0.6666666865348816,0.5416666865348816,0.5517241358757019
14,c7UH_rxdZv4$_$4,1.600000023841858,0.21078936755657196,0.2187524139881134,0.36630842089653015,0.41493919491767883,vision,0.5333333611488342,0.6666666865348816,0.688524603843689
665,zhpQhgha_KU$_$4,-1.600000023841858,-0.2332020103931427,0.3035832941532135,0.4110727310180664,0.28534403443336487,audio,0.75,0.7727272510528564,0.5555555820465088
518,tmZoasNr4rU$_$5,-0.800000011920929,-1.8200783729553223,0.3036607503890991,0.38219496607780457,0.31414422392845154,audio,0.75,0.7333333492279053,0.5925925970077515
511,tmZoasNr4rU$_$16,-1.399999976158142,-1.717281699180603,0.41548120975494385,0.31114479899406433,0.2733739912509918,text,0.8666666746139526,0.59375,0.5
182,etzxEpPuc6I$_$12,0.6666666865348816,-0.4838733673095703,0.33133837580680847,0.31361931562423706,0.35504233837127686,vision,0.6666666865348816,0.5,0.5
378,nzpVDcQ0ywM$_$1,0.0,0.6972325444221497,0.2543034851551056,0.3751925826072693,0.3705039322376251,audio,0.5333333611488342,0.6041666865348816,0.5789473652839661
552,vyB00TXsimI$_$20,2.200000047683716,-0.10675917565822601,0.2858628034591675,0.29001128673553467,0.4241259694099426,vision,0.6363636255264282,0.5161290168762207,0.6756756901741028
372,nbWiPyCm4g0$_$8,-2.200000047683716,-1.4215338230133057,0.30247199535369873,0.3227779269218445,0.374750018119812,vision,0.7142857313156128,0.6184210777282715,0.6630434989929199
650,yvsjCA6Y5Fc$_$18,-2.200000047683716,-1.8117915391921997,0.34104061126708984,0.29164397716522217,0.3673153519630432,vision,0.7407407164573669,0.5270270109176636,0.5789473652839661
328,k5Y_838nuGo$_$16,0.25,-0.7352514863014221,0.2792731523513794,0.29453304409980774,0.42619380354881287,vision,0.625,0.5263158082962036,0.6818181872367859
394,nzpVDcQ0ywM$_$16,1.399999976158142,0.6864281892776489,0.37752968072891235,0.2528211772441864,0.36964917182922363,text,0.8333333134651184,0.5121951103210449,0.6734693646430969
383,nzpVDcQ0ywM$_$7,-1.0,-1.5108660459518433,0.3992936909198761,0.2445448637008667,0.3561614453792572,text,0.875,0.5,0.6296296119689941
238,f_pcplsH_V0$_$4,0.5,-0.26512202620506287,0.2787654399871826,0.383068710565567,0.338165819644928,audio,0.6666666865348816,0.6933333277702332,0.5888888835906982
503,tStelxIAHjw$_$8,-2.0,1.3984428644180298,0.15478216111660004,0.3508192300796509,0.4943985641002655,vision,0.4444444477558136,0.7272727489471436,0.8461538553237915
133,d6hH302o4v8$_$40,-1.0,-1.738599181175232,0.39942246675491333,0.5189932584762573,0.08158433437347412,audio,1.0,1.0,0.0
524,v0zCBqDeKcE$_$11,1.600000023841858,-0.4481634199619293,0.2400698959827423,0.37373578548431396,0.38619428873062134,vision,0.5,0.5855855941772461,0.5581395626068115
63,cW1FSBF59ik$_$11,-1.0,-2.2135534286499023,0.2660130262374878,0.3682821989059448,0.36570480465888977,audio,0.5882353186607361,0.6235294342041016,0.5922330021858215
16,c7UH_rxdZv4$_$6,-2.5999999046325684,-1.0059828758239746,0.30458852648735046,0.3440359830856323,0.3513754904270172,vision,0.6800000071525574,0.6071428656578064,0.5699999928474426
393,nzpVDcQ0ywM$_$17,1.600000023841858,-0.7216034531593323,0.32678601145744324,0.23980280756950378,0.4334111511707306,vision,0.75,0.47826087474823,0.7407407164573669
583,wMbj6ajWbic$_$29,1.7999999523162842,1.796324372291565,0.25361883640289307,0.3611496388912201,0.38523155450820923,vision,0.6111111044883728,0.6578947305679321,0.644444465637207
557,vyB00TXsimI$_$2,-2.4000000953674316,-1.2710416316986084,0.17825794219970703,0.35800912976264954,0.4637329876422882,vision,0.37037035822868347,0.5888888835906982,0.6666666865348816
198,f9O3YtZ2VfI$_$24,-2.5999999046325684,-1.2211612462997437,0.3091188967227936,0.32455918192863464,0.366321861743927,vision,0.7200000286102295,0.6096774339675903,0.6263440847396851
64,cW1FSBF59ik$_$10,-1.0,0.3482806384563446,0.27956876158714294,0.31101831793785095,0.4094128906726837,vision,0.6666666865348816,0.5833333134651184,0.6744186282157898
185,etzxEpPuc6I$_$17,-0.4000000059604645,-0.3709960877895355,0.28477174043655396,0.40982186794281006,0.3054063618183136,audio,0.6875,0.7291666865348816,0.5263158082962036
315,k5Y_838nuGo$_$5,-1.3333333730697632,-2.0118632316589355,0.4199281334877014,0.32632723450660706,0.2537446916103363,text,0.8181818127632141,0.5625,0.4000000059604645
244,fvVhgmXxadc$_$10,0.0,-0.685366690158844,0.2704155445098877,0.3218473792076111,0.4077371060848236,vision,0.625,0.5833333134651184,0.6610169410705566
359,lXPQBPVc5Cw$_$16,0.20000000298023224,-0.9077921509742737,0.21762418746948242,0.39239442348480225,0.38998132944107056,audio,0.550000011920929,0.7166666388511658,0.6805555820465088
209,f9O3YtZ2VfI$_$3,0.6000000238418579,-0.6437737345695496,0.3598291873931885,0.29242151975631714,0.3477492928504944,text,0.8333333134651184,0.5945945978164673,0.6363636255264282
574,wMbj6ajWbic$_$24,1.399999976158142,1.1127177476882935,0.2756771147251129,0.34953442215919495,0.3747884929180145,vision,0.6000000238418579,0.5882353186607361,0.5714285969734192
623,yDtzw_Y-7RU$_$14,2.200000047683716,-0.7521891593933105,0.26437973976135254,0.38608309626579285,0.3495371639728546,audio,0.6086956262588501,0.6741573214530945,0.5981308221817017
680,zhpQhgha_KU$_$31,-1.0,-0.6998099684715271,0.2827916145324707,0.3414750099182129,0.3757334351539612,vision,0.5416666865348816,0.5,0.5
474,tIrG4oNLFzE$_$15,-2.0,-0.011363224126398563,0.3346478343009949,0.3346464931964874,0.3307056725025177,text,0.75,0.6197183132171631,0.5833333134651184
529,v0zCBqDeKcE$_$14,1.5,0.39050543308258057,0.31881478428840637,0.32305020093917847,0.3581349849700928,vision,0.75,0.6206896305084229,0.6176470518112183
662,zhpQhgha_KU$_$3,-1.600000023841858,-1.0977401733398438,0.28179553151130676,0.3433891534805298,0.37481531500816345,vision,0.6000000238418579,0.568965494632721,0.5714285969734192
433,phBUpBr1hSo$_$17,2.0,0.45437315106391907,0.3347485661506653,0.33668190240859985,0.32856956124305725,audio,0.75,0.6323529481887817,0.5925925970077515
98,cXypl4FnoZo$_$17,-0.6000000238418579,-1.45772385597229,0.27502983808517456,0.3392387926578522,0.38573139905929565,vision,0.6153846383094788,0.5862069129943848,0.6000000238418579
577,wMbj6ajWbic$_$27,0.0,-0.8148360252380371,0.2581619322299957,0.34626272320747375,0.3955753445625305,vision,0.6666666865348816,0.6800000071525574,0.6896551847457886
34,cM3Yna7AavY$_$10,1.600000023841858,0.7455166578292847,0.31636351346969604,0.3084527850151062,0.37518373131752014,vision,0.7142857313156128,0.5789473652839661,0.6521739363670349
223,f9O3YtZ2VfI$_$17,-2.0,-1.2637075185775757,0.32413992285728455,0.36401432752609253,0.3118458092212677,audio,0.7058823704719543,0.6301369667053223,0.5087719559669495
306,k5Y_838nuGo$_$20,0.4000000059604645,-0.7951977252960205,0.3449819087982178,0.31347525119781494,0.3415428102016449,text,0.699999988079071,0.5263158082962036,0.523809552192688
257,iiK8YX8oH1E$_$11,1.0,-0.647761881351471,0.33527815341949463,0.2973991930484772,0.3673226535320282,vision,0.7692307829856873,0.5696202516555786,0.6170212626457214
621,yDtzw_Y-7RU$_$12,-0.6666666865348816,-1.1218093633651733,0.26462557911872864,0.289190411567688,0.446183979511261,vision,0.6000000238418579,0.5102040767669678,0.6779661178588867
544,vvZ4IcEtiZc$_$3,1.399999976158142,-1.2311280965805054,0.2675871253013611,0.3547596335411072,0.3776532709598541,vision,0.5416666865348816,0.5581395626068115,0.5631067752838135
549,vvZ4IcEtiZc$_$6,1.0,0.8450725674629211,0.2639864981174469,0.3895636200904846,0.3464498817920685,audio,0.5,0.5633803009986877,0.46666666865348816
203,f9O3YtZ2VfI$_$21,2.0,-0.4373849332332611,0.24944227933883667,0.34812408685684204,0.40243369340896606,vision,0.6000000238418579,0.6315789222717285,0.6666666865348816
43,cM3Yna7AavY$_$5,2.799999952316284,-0.3814123868942261,0.29676681756973267,0.29242151975631714,0.4108116626739502,vision,0.6666666865348816,0.5348837375640869,0.6730769276618958
186,etzxEpPuc6I$_$16,-2.4000000953674316,-1.940813422203064,0.361142098903656,0.256156861782074,0.38270100951194763,vision,0.8333333134651184,0.5277777910232544,0.6744186282157898
336,lXPQBPVc5Cw$_$27,-2.799999952316284,-1.528603196144104,0.24760355055332184,0.4050070345401764,0.3473893702030182,audio,0.625,0.7419354915618896,0.6315789222717285
117,d3_k5Xpfmik$_$7,0.4000000059604645,-0.9171441197395325,0.2401866465806961,0.3375534415245056,0.4222598671913147,vision,0.5,0.5421686768531799,0.6190476417541504
580,wMbj6ajWbic$_$22,1.399999976158142,0.42576077580451965,0.22704122960567474,0.32547494769096375,0.44748377799987793,vision,0.5,0.5517241358757019,0.6551724076271057
197,etzxEpPuc6I$_$8,-1.0,-1.0656613111495972,0.24110759794712067,0.3456418514251709,0.41325056552886963,vision,0.5333333611488342,0.5813953280448914,0.6153846383094788
30,c7UH_rxdZv4$_$30,1.2000000476837158,0.5124146342277527,0.43596383929252625,0.3068108856678009,0.25722524523735046,text,0.875,0.5666666626930237,0.4285714328289032
490,tStelxIAHjw$_$13,-1.600000023841858,-1.1790841817855835,0.2720857262611389,0.2412039041519165,0.4867103695869446,vision,0.5714285969734192,0.380952388048172,0.6800000071525574
561,vyB00TXsimI$_$6,2.0,0.49426448345184326,0.29041218757629395,0.33520010113716125,0.3743877410888672,vision,0.6521739363670349,0.5921052694320679,0.6086956262588501
667,zhpQhgha_KU$_$6,1.0,-0.5010773539543152,0.3224325478076935,0.3060711622238159,0.3714962601661682,vision,0.800000011920929,0.6499999761581421,0.7083333134651184
221,f9O3YtZ2VfI$_$15,-1.2000000476837158,-1.5688265562057495,0.320601224899292,0.293417751789093,0.385981023311615,vision,0.699999988079071,0.523809552192688,0.6000000238418579
246,fvVhgmXxadc$_$12,0.0,0.15511415898799896,0.20969948172569275,0.36876150965690613,0.42153897881507874,vision,0.523809552192688,0.6818181872367859,0.7169811129570007
542,vvZ4IcEtiZc$_$12,0.20000000298023224,0.7502950429916382,0.28944486379623413,0.3226390480995178,0.38791608810424805,vision,0.6666666865348816,0.6000000238418579,0.6707317233085632
608,yDtzw_Y-7RU$_$23,2.200000047683716,0.8328746557235718,0.2171289473772049,0.33941927552223206,0.44345179200172424,vision,0.5,0.59375,0.6842105388641357
616,yDtzw_Y-7RU$_$9,-1.0,-0.5282955765724182,0.252348929643631,0.34195342659950256,0.40569761395454407,vision,0.53125,0.5588235259056091,0.6186440587043762
232,f_pcplsH_V0$_$15,-1.0,-1.6080832481384277,0.37840282917022705,0.2542080581188202,0.367389053106308,text,0.9166666865348816,0.5819672346115112,0.7142857313156128
421,pLTX3ipuDJI$_$5,-2.0,-1.3850491046905518,0.24353179335594177,0.3776053190231323,0.3788628876209259,vision,0.6000000238418579,0.6818181872367859,0.6329113841056824
643,yvsjCA6Y5Fc$_$13,-2.0,-1.5435762405395508,0.408180296421051,0.2926194965839386,0.2992002069950104,text,0.9166666865348816,0.6170212626457214,0.5892857313156128
642,yvsjCA6Y5Fc$_$10,-2.0,-0.35952258110046387,0.2613893747329712,0.3841593265533447,0.3544512987136841,audio,0.5714285969734192,0.6329113841056824,0.542553186416626
290,jUzDDGyPkXU$_$9,2.799999952316284,2.32269024848938,0.3964230716228485,0.28590911626815796,0.31766778230667114,text,0.8571428656578064,0.5652173757553101,0.5714285969734192
534,v0zCBqDeKcE$_$5,2.0,1.613144874572754,0.2773153781890869,0.315314918756485,0.4073697328567505,vision,0.6666666865348816,0.6000000238418579,0.6666666865348816
613,yDtzw_Y-7RU$_$4,-1.0,-0.656053364276886,0.2394195944070816,0.38467004895210266,0.37591034173965454,audio,0.5,0.609375,0.5526315569877625
470,tIrG4oNLFzE$_$11,-1.600000023841858,-1.1077854633331299,0.29987025260925293,0.33350101113319397,0.3666287362575531,vision,0.65625,0.5789473652839661,0.595588207244873
417,pLTX3ipuDJI$_$16,-1.600000023841858,-1.8573375940322876,0.25655603408813477,0.359770804643631,0.38367313146591187,vision,0.6000000238418579,0.6336633563041687,0.6133333444595337
343,lXPQBPVc5Cw$_$1,0.20000000298023224,-0.3358563780784607,0.3814568519592285,0.30564504861831665,0.31289806962013245,text,0.7777777910232544,0.5306122303009033,0.49152541160583496
305,k5Y_838nuGo$_$27,-0.800000011920929,-1.522627830505371,0.27169743180274963,0.38648873567581177,0.3418138325214386,audio,0.5757575631141663,0.6236559152603149,0.5267857313156128
282,jUzDDGyPkXU$_$23,1.2000000476837158,-0.6735029816627502,0.32612451910972595,0.35721251368522644,0.3166629672050476,audio,0.7142857313156128,0.6315789222717285,0.52173912525177
67,cW1FSBF59ik$_$15,-2.5999999046325684,-0.6870845556259155,0.2515275776386261,0.3837320804595947,0.36474037170410156,audio,0.5416666865348816,0.6170212626457214,0.5398229956626892
40,cM3Yna7AavY$_$1,2.200000047683716,-0.8988544344902039,0.3425903618335724,0.3351846933364868,0.3222249746322632,text,0.699999988079071,0.5600000023841858,0.5052631497383118
288,jUzDDGyPkXU$_$7,-0.6000000238418579,-2.1101841926574707,0.28659915924072266,0.33610302209854126,0.3772978186607361,vision,0.6315789222717285,0.5849056839942932,0.609375
406,ob23OKe5a9Q$_$4,-1.5,-2.027381420135498,0.32942959666252136,0.33590537309646606,0.3346650302410126,audio,0.800000011920929,0.6666666865348816,0.6060606241226196
559,vyB00TXsimI$_$4,1.7999999523162842,1.1380194425582886,0.37076282501220703,0.21537715196609497,0.4138600528240204,vision,0.7777777910232544,0.3870967626571655,0.6842105388641357
494,tStelxIAHjw$_$16,0.800000011920929,1.5830837488174438,0.46654433012008667,0.25187206268310547,0.28158363699913025,text,1.0,0.5555555820465088,0.5454545617103577
560,vyB00TXsimI$_$7,2.4000000953674316,0.9394543170928955,0.2595929801464081,0.36269980669021606,0.37770727276802063,vision,0.6875,0.7297297120094299,0.7111111283302307
289,jUzDDGyPkXU$_$6,-1.600000023841858,-1.8138447999954224,0.35085707902908325,0.34098634123802185,0.3081565499305725,text,0.7419354915618896,0.5876288414001465,0.4761904776096344
496,tStelxIAHjw$_$3,0.5,-0.7545191049575806,0.17662283778190613,0.3959198296070099,0.42745736241340637,vision,0.4000000059604645,0.6666666865348816,0.6470588445663452
625,yDtzw_Y-7RU$_$16,0.6000000238418579,-1.223149061203003,0.29302915930747986,0.3256284296512604,0.3813423812389374,vision,0.5882353186607361,0.5116279125213623,0.553398072719574
76,cXypl4FnoZo$_$27,0.800000011920929,-0.4636671543121338,0.33145594596862793,0.30584344267845154,0.36270058155059814,vision,0.7142857313156128,0.550000011920929,0.5833333134651184
401,ob23OKe5a9Q$_$14,0.800000011920929,-0.7252342104911804,0.24175575375556946,0.3184395134449005,0.43980470299720764,vision,0.5,0.5,0.6068376302719116
311,k5Y_838nuGo$_$29,-0.75,-1.180972933769226,0.2713797688484192,0.36363762617111206,0.36498263478279114,vision,0.6666666865348816,0.6875,0.6578947305679321
270,iiK8YX8oH1E$_$4,-2.0,-1.436577558517456,0.2561247646808624,0.3223942220211029,0.4214809834957123,vision,0.7058823704719543,0.6818181872367859,0.7547169923782349
647,yvsjCA6Y5Fc$_$17,-0.6000000238418579,-0.9838892817497253,0.34447211027145386,0.33024466037750244,0.3252832293510437,text,0.800000011920929,0.6530612111091614,0.6101694703102112
171,dq3Nf_lMPnE$_$3,-1.2000000476837158,0.9207715392112732,0.29450365900993347,0.2642756998538971,0.44122064113616943,vision,0.7142857313156128,0.52173912525177,0.7037037014961243
498,tStelxIAHjw$_$5,-2.200000047683716,-2.374509334564209,0.23610526323318481,0.4018484950065613,0.3620462715625763,audio,0.5714285969734192,0.7200000286102295,0.6333333253860474
300,jUzDDGyPkXU$_$19,2.200000047683716,-1.3675020933151245,0.35369521379470825,0.3565900921821594,0.28971463441848755,audio,0.8999999761581421,0.7714285850524902,0.6097561120986938
236,f_pcplsH_V0$_$2,1.399999976158142,-0.8688343167304993,0.30321207642555237,0.353377103805542,0.34341078996658325,audio,0.7142857313156128,0.6551724076271057,0.6000000238418579
56,cW1FSBF59ik$_$2,3.0,0.39284548163414,0.3267512917518616,0.3113180100917816,0.3619307279586792,vision,0.75,0.5887850522994995,0.6124030947685242
119,d3_k5Xpfmik$_$9,1.399999976158142,0.313111811876297,0.3574170768260956,0.2667476236820221,0.3758353292942047,vision,0.9090909361839294,0.625,0.7368420958518982
112,d3_k5Xpfmik$_$1,2.0,1.3199384212493896,0.35411182045936584,0.3050878345966339,0.34080034494400024,text,0.7599999904632568,0.5571428537368774,0.5714285969734192
15,c7UH_rxdZv4$_$7,-3.0,-1.7740991115570068,0.19691361486911774,0.4188886880874634,0.3841977119445801,audio,0.5714285969734192,0.8125,0.699999988079071
243,fvVhgmXxadc$_$11,-0.20000000298023224,-0.6200730204582214,0.35921984910964966,0.32120251655578613,0.3195776343345642,text,0.800000011920929,0.6153846383094788,0.5714285969734192
240,f_pcplsH_V0$_$6,1.600000023841858,-0.9721967577934265,0.3719649314880371,0.30122968554496765,0.3268054127693176,text,0.7777777910232544,0.5333333611488342,0.5
358,lXPQBPVc5Cw$_$17,-1.7999999523162842,-1.3339030742645264,0.26699718832969666,0.3227296769618988,0.41027313470840454,vision,0.6000000238418579,0.5652173757553101,0.650602400302887
25,c7UH_rxdZv4$_$17,-1.399999976158142,-1.2736303806304932,0.28746381402015686,0.34003114700317383,0.37250497937202454,vision,0.625,0.5833333134651184,0.5813953280448914
682,zhpQhgha_KU$_$35,0.6000000238418579,0.05029357597231865,0.2570965886116028,0.3893986642360687,0.3535047173500061,audio,0.6086956262588501,0.6857143044471741,0.5952380895614624
578,wMbj6ajWbic$_$20,-0.4000000059604645,0.6496431231498718,0.25516948103904724,0.4044933617115021,0.34033721685409546,audio,0.6000000238418579,0.6904761791229248,0.5490196347236633
363,nbWiPyCm4g0$_$10,1.2000000476837158,0.9418103694915771,0.29676926136016846,0.33894845843315125,0.3642823398113251,vision,0.6363636255264282,0.5853658318519592,0.6041666865348816
149,d6hH302o4v8$_$12,1.399999976158142,0.42024412751197815,0.30316847562789917,0.23753885924816132,0.4592926800251007,vision,0.7777777910232544,0.523809552192688,0.800000011920929
31,c7UH_rxdZv4$_$33,-1.7999999523162842,-1.1173477172851562,0.4661085605621338,0.16330508887767792,0.3705863356590271,text,1.0,0.3333333432674408,0.6666666865348816
143,d6hH302o4v8$_$8,-2.200000047683716,-2.074333906173706,0.31564411520957947,0.2971690595149994,0.3871868848800659,vision,0.8333333134651184,0.6666666865348816,0.7272727489471436
455,rnaNMUZpvvg$_$4,-2.4000000953674316,-1.5665584802627563,0.26206737756729126,0.39778855443000793,0.3401440978050232,audio,0.5510203838348389,0.6241135001182556,0.5
671,zhpQhgha_KU$_$10,0.6000000238418579,-0.7425025105476379,0.2555994689464569,0.35418620705604553,0.39021435379981995,vision,0.5882353186607361,0.6138613820075989,0.6111111044883728
105,d3_k5Xpfmik$_$12,2.0,-0.7015085816383362,0.3196984529495239,0.34953537583351135,0.33076614141464233,audio,0.7083333134651184,0.6333333253860474,0.577464759349823
523,tmZoasNr4rU$_$8,-2.0,-1.144350528717041,0.453844279050827,0.2570982873439789,0.2890574038028717,text,1.0,0.5874999761581421,0.6145833134651184
140,d6hH302o4v8$_$7,-2.799999952316284,-0.8402931094169617,0.2877025306224823,0.3810858428478241,0.3312116265296936,audio,0.6111111044883728,0.6216216087341309,0.5227272510528564
659,zhpQhgha_KU$_$28,1.399999976158142,0.5628342032432556,0.29354941844940186,0.32787564396858215,0.378574937582016,vision,0.6363636255264282,0.5714285969734192,0.6176470518112183
128,d6hH302o4v8$_$21,-2.4000000953674316,-0.22529970109462738,0.2971472442150116,0.28298449516296387,0.4198682904243469,vision,0.6363636255264282,0.48275861144065857,0.6470588445663452
365,nbWiPyCm4g0$_$3,-1.7999999523162842,-0.49732452630996704,0.3147394359111786,0.3887246549129486,0.2965359389781952,audio,0.5833333134651184,0.5666666626930237,0.4000000059604645
424,pLTX3ipuDJI$_$6,-1.399999976158142,-0.44172829389572144,0.28690212965011597,0.3115675151348114,0.40153032541275024,vision,0.699999988079071,0.6037735939025879,0.671875
124,d6hH302o4v8$_$25,-1.600000023841858,-2.077791213989258,0.39132311940193176,0.2197382003068924,0.3889387249946594,text,0.800000011920929,0.38461539149284363,0.625
85,cXypl4FnoZo$_$2,1.0,-0.46965861320495605,0.23106509447097778,0.4232630431652069,0.3456719219684601,audio,0.5,0.6774193644523621,0.5405405163764954
386,nzpVDcQ0ywM$_$8,2.0,0.6632898449897766,0.28148263692855835,0.38764283061027527,0.3308745324611664,audio,0.6428571343421936,0.6800000071525574,0.5666666626930237
637,yvsjCA6Y5Fc$_$7,-1.7999999523162842,-1.3968631029129028,0.3290621042251587,0.28876179456710815,0.38217610120773315,vision,0.699999988079071,0.5,0.5714285969734192
92,cXypl4FnoZo$_$11,1.399999976158142,-0.8367013335227966,0.2656131982803345,0.3783889710903168,0.355997771024704,audio,0.6451612710952759,0.6896551847457886,0.6122449040412903
381,nzpVDcQ0ywM$_$5,-0.4000000059604645,-0.7016291618347168,0.32946863770484924,0.35881105065345764,0.31172025203704834,audio,0.692307710647583,0.6136363744735718,0.5192307829856873
550,vvZ4IcEtiZc$_$9,2.200000047683716,0.9960011839866638,0.2692183256149292,0.3961598873138428,0.334621787071228,audio,0.5625,0.6344085931777954,0.5315315127372742
592,wMbj6ajWbic$_$8,-0.20000000298023224,-0.7823066711425781,0.40342772006988525,0.2960878312587738,0.30048447847366333,text,0.875,0.5833333134651184,0.5357142686843872
362,lXPQBPVc5Cw$_$30,-2.0,-0.35356226563453674,0.21215736865997314,0.4182833433151245,0.36955925822257996,audio,0.4285714328289032,0.6461538672447205,0.5555555820465088
395,nzpVDcQ0ywM$_$19,-2.0,0.6396551132202148,0.30000239610671997,0.291957288980484,0.408040314912796,vision,0.6000000238418579,0.46296295523643494,0.609375
425,pLTX3ipuDJI$_$9,0.0,-1.2916158437728882,0.3156484067440033,0.35354751348495483,0.3308040201663971,audio,0.75,0.6666666865348816,0.5769230723381042
159,d6hH302o4v8$_$36,-2.200000047683716,-2.196842908859253,0.28166690468788147,0.3537372946739197,0.36459577083587646,vision,0.625,0.6176470518112183,0.6097561120986938
437,phBUpBr1hSo$_$20,-1.25,0.4694638252258301,0.23083683848381042,0.30899542570114136,0.46016767621040344,vision,0.5416666865348816,0.5625,0.7068965435028076
324,k5Y_838nuGo$_$12,0.20000000298023224,-0.41665512323379517,0.3032970130443573,0.3035673499107361,0.3931356370449066,vision,0.6842105388641357,0.5555555820465088,0.6481481194496155
546,vvZ4IcEtiZc$_$5,1.2000000476837158,1.2314690351486206,0.2545890212059021,0.3703063428401947,0.3751045763492584,vision,0.6153846383094788,0.6666666865348816,0.6279069781303406
312,k5Y_838nuGo$_$1,-1.600000023841858,-0.0036412181798368692,0.24674049019813538,0.4501234292984009,0.30313608050346375,audio,0.5555555820465088,0.7222222089767456,0.4545454680919647
419,pLTX3ipuDJI$_$3,-1.2000000476837158,-1.3907771110534668,0.272992879152298,0.38903191685676575,0.33797526359558105,audio,0.6086956262588501,0.6415094137191772,0.5
683,zhpQhgha_KU$_$34,1.2000000476837158,0.226006880402565,0.27598780393600464,0.25316116213798523,0.4708510637283325,vision,0.625,0.4444444477558136,0.6818181872367859
446,phBUpBr1hSo$_$8,-2.200000047683716,-0.9563008546829224,0.22713510692119598,0.3773110806941986,0.3955538272857666,vision,0.5199999809265137,0.6310975551605225,0.5980707406997681
55,cW1FSBF59ik$_$3,-1.0,-1.1975655555725098,0.2117144614458084,0.3854682743549347,0.4028172492980957,vision,0.4545454680919647,0.6349206566810608,0.6363636255264282
138,d6hH302o4v8$_$5,-1.3333333730697632,0.34262168407440186,0.2054852843284607,0.2838638126850128,0.5106508731842041,vision,0.5714285969734192,0.6000000238418579,0.8333333134651184
327,k5Y_838nuGo$_$17,0.800000011920929,-0.15647315979003906,0.24650490283966064,0.324466735124588,0.42902836203575134,vision,0.625,0.6315789222717285,0.7083333134651184
75,cXypl4FnoZo$_$26,0.6000000238418579,1.0803015232086182,0.32041841745376587,0.33501020073890686,0.34457138180732727,vision,0.7142857313156128,0.6000000238418579,0.5555555820465088
368,nbWiPyCm4g0$_$4,-2.200000047683716,-0.7356547713279724,0.2938730716705322,0.38593509793281555,0.32019177079200745,audio,0.604651153087616,0.6220472455024719,0.5065789222717285
420,pLTX3ipuDJI$_$2,-1.7999999523162842,-0.49767786264419556,0.24717052280902863,0.35616534948349,0.3966641426086426,vision,0.5333333611488342,0.5833333134651184,0.6012658476829529
675,zhpQhgha_KU$_$14,-1.5,-2.2946109771728516,0.329790323972702,0.2191106528043747,0.4510989785194397,vision,0.75,0.4285714328289032,0.7575757503509521
258,iiK8YX8oH1E$_$10,0.0,-0.6800333261489868,0.39167818427085876,0.33681660890579224,0.271505206823349,text,0.8571428656578064,0.6499999761581421,0.47826087474823
220,f9O3YtZ2VfI$_$12,-1.7999999523162842,-1.3270853757858276,0.26934313774108887,0.3858155608177185,0.34484127163887024,audio,0.6666666865348816,0.7142857313156128,0.6000000238418579
101,cXypl4FnoZo$_$18,-0.25,-0.827950656414032,0.25682756304740906,0.3856218159198761,0.35755065083503723,audio,0.6190476417541504,0.6849315166473389,0.5977011322975159
627,yDtzw_Y-7RU$_$18,-2.0,-0.4323839247226715,0.26418536901474,0.3340510427951813,0.4017636179924011,vision,0.5,0.4897959232330322,0.5517241358757019
29,c7UH_rxdZv4$_$31,-1.399999976158142,0.0235606599599123,0.27161964774131775,0.3509131073951721,0.37746721506118774,vision,0.6470588445663452,0.6404494643211365,0.6355140209197998
219,f9O3YtZ2VfI$_$13,-1.600000023841858,-1.1675368547439575,0.2811274528503418,0.3425838351249695,0.37628868222236633,vision,0.6153846383094788,0.5833333134651184,0.5882353186607361
466,rnaNMUZpvvg$_$17,-1.600000023841858,-1.3902244567871094,0.2730160355567932,0.3523981273174286,0.3745858073234558,vision,0.5714285969734192,0.5714285969734192,0.5600000023841858
60,cW1FSBF59ik$_$6,1.2000000476837158,-0.5104701519012451,0.2493249922990799,0.409976989030838,0.3406979739665985,audio,0.5,0.6153846383094788,0.46666666865348816
521,tmZoasNr4rU$_$6,-1.7999999523162842,-1.7686047554016113,0.3142058253288269,0.3028257191181183,0.3829684555530548,vision,0.75,0.6027397513389587,0.6896551847457886
103,d3_k5Xpfmik$_$10,0.4000000059604645,-0.7427815794944763,0.23618942499160767,0.36618590354919434,0.397624671459198,vision,0.5714285969734192,0.6615384817123413,0.6623376607894897
487,tIrG4oNLFzE$_$8,-1.2000000476837158,-1.340503215789795,0.2514863610267639,0.3551446795463562,0.3933689296245575,vision,0.5400000214576721,0.5846154093742371,0.6111111044883728
160,d6hH302o4v8$_$35,-1.600000023841858,-2.0243711471557617,0.2670484483242035,0.36069220304489136,0.37225934863090515,vision,0.6666666865348816,0.692307710647583,0.6808510422706604
73,cXypl4FnoZo$_$24,0.20000000298023224,-1.3362170457839966,0.2201816290616989,0.3798319697380066,0.3999863564968109,vision,0.5799999833106995,0.7196261882781982,0.7037037014961243
251,fvVhgmXxadc$_$5,0.0,-1.0211623907089233,0.2594640552997589,0.3466377556324005,0.3938981890678406,vision,0.6153846383094788,0.6315789222717285,0.6521739363670349
189,etzxEpPuc6I$_$1,0.4000000059604645,-0.5774151086807251,0.3021167516708374,0.362657368183136,0.335225909948349,audio,0.7037037014961243,0.6575342416763306,0.5632184147834778
86,cXypl4FnoZo$_$5,1.7999999523162842,1.2245725393295288,0.27017447352409363,0.31652188301086426,0.4133036732673645,vision,0.6875,0.6451612710952759,0.7297297120094299
135,d6hH302o4v8$_$1,-2.799999952316284,1.3154722452163696,0.37042105197906494,0.2702937424182892,0.35928523540496826,text,0.8333333134651184,0.550000011920929,0.6666666865348816
678,zhpQhgha_KU$_$19,-0.800000011920929,-1.3238664865493774,0.31812983751296997,0.35510262846946716,0.3267675042152405,audio,0.6875,0.60317462682724,0.5
22,c7UH_rxdZv4$_$12,-2.799999952316284,-1.8801854848861694,0.36024484038352966,0.3271138668060303,0.31264132261276245,text,0.6428571343421936,0.4545454680919647,0.375
193,etzxEpPuc6I$_$4,0.800000011920929,-0.6341286897659302,0.26074597239494324,0.3049483001232147,0.43430572748184204,vision,0.5454545617103577,0.49056604504585266,0.6129032373428345
554,vyB00TXsimI$_$22,0.6000000238418579,0.14778897166252136,0.3494918942451477,0.3611339330673218,0.2893741726875305,audio,0.8333333134651184,0.7307692170143127,0.5806451439857483
136,d6hH302o4v8$_$3,0.20000000298023224,-0.5175917744636536,0.2905978262424469,0.33993303775787354,0.3694690763950348,vision,0.7222222089767456,0.6734693646430969,0.6896551847457886
501,tStelxIAHjw$_$6,1.600000023841858,1.0090270042419434,0.31204405426979065,0.35291391611099243,0.3350420296192169,audio,0.7142857313156128,0.6428571343421936,0.5625
530,v0zCBqDeKcE$_$16,0.0,-0.026505092158913612,0.30825257301330566,0.1349467784166336,0.5568006038665771,vision,0.8571428656578064,0.3333333432674408,1.0
154,d6hH302o4v8$_$19,-2.799999952316284,-1.4686765670776367,0.27500540018081665,0.37968340516090393,0.3453112244606018,audio,0.6666666865348816,0.699999988079071,0.6216216087341309
409,ob23OKe5a9Q$_$9,-1.399999976158142,-1.7367229461669922,0.29422831535339355,0.2866276800632477,0.419143944978714,vision,0.7400000095367432,0.5860927104949951,0.7215189933776855
178,dq3Nf_lMPnE$_$8,0.6000000238418579,1.9126821756362915,0.36058998107910156,0.3216760456562042,0.3177340030670166,text,0.800000011920929,0.6136363744735718,0.557692289352417
429,phBUpBr1hSo$_$13,0.800000011920929,1.4274210929870605,0.34023088216781616,0.4035949409008026,0.25617411732673645,audio,0.7272727489471436,0.6842105388641357,0.40909090638160706
281,jUzDDGyPkXU$_$22,-2.4000000953674316,-1.7360023260116577,0.32088667154312134,0.2795262932777405,0.39958706498146057,vision,0.7222222089767456,0.5199999809265137,0.6440678238868713
157,d6hH302o4v8$_$30,-2.799999952316284,-1.9797343015670776,0.31084001064300537,0.44384926557540894,0.24531076848506927,audio,0.6666666865348816,0.7058823704719543,0.3499999940395355
447,phBUpBr1hSo$_$21,0.800000011920929,-0.6681628227233887,0.19529995322227478,0.397925466299057,0.4067746102809906,vision,0.43478259444236755,0.6666666865348816,0.6451612710952759
568,vyB00TXsimI$_$15,2.5999999046325684,-1.0252834558486938,0.24138130247592926,0.34483692049980164,0.4137818217277527,vision,0.550000011920929,0.6086956262588501,0.6707317233085632
333,lXPQBPVc5Cw$_$24,-1.399999976158142,-2.241722583770752,0.2566835582256317,0.33333611488342285,0.4099803566932678,vision,0.5714285969734192,0.5714285969734192,0.6399999856948853
403,ob23OKe5a9Q$_$3,-1.2000000476837158,-1.8641434907913208,0.2125115990638733,0.40005433559417725,0.38743409514427185,audio,0.5,0.6842105388641357,0.6222222447395325
21,c7UH_rxdZv4$_$13,-2.5999999046325684,1.1608726978302002,0.345467209815979,0.34000638127326965,0.31452637910842896,text,0.8888888955116272,0.75,0.6486486196517944
148,d6hH302o4v8$_$13,-2.0,-1.5395740270614624,0.2827436625957489,0.41285568475723267,0.30440062284469604,audio,0.5833333134651184,0.6315789222717285,0.42424243688583374
235,f_pcplsH_V0$_$3,0.800000011920929,-0.9515934586524963,0.4210250675678253,0.30582645535469055,0.27314847707748413,text,0.9090909361839294,0.6190476417541504,0.5263158082962036
256,fvVhgmXxadc$_$8,-0.5,-1.68214750289917,0.29185447096824646,0.3730073571205139,0.3351381719112396,audio,0.7142857313156128,0.699999988079071,0.5833333134651184
661,zhpQhgha_KU$_$1,-1.600000023841858,0.2806414067745209,0.19031432271003723,0.45701050758361816,0.3526751697063446,audio,0.5,0.807692289352417,0.625
591,wMbj6ajWbic$_$9,-2.0,-0.4032244086265564,0.2918423116207123,0.3106966018676758,0.39746105670928955,vision,0.699999988079071,0.6000000238418579,0.6666666865348816
6,c7UH_rxdZv4$_$22,-2.4000000953674316,-1.1868497133255005,0.22035478055477142,0.3458615839481354,0.43378371000289917,vision,0.5,0.5901639461517334,0.6575342416763306
142,d6hH302o4v8$_$9,-2.4000000953674316,-0.9608554840087891,0.40127238631248474,0.31716233491897583,0.28156524896621704,text,0.875,0.625,0.5263158082962036
508,tmZoasNr4rU$_$15,0.25,-0.7126166224479675,0.3128734827041626,0.30815714597702026,0.3789694011211395,vision,0.6666666865348816,0.5384615659713745,0.59375
375,nzpVDcQ0ywM$_$21,-1.399999976158142,-1.0386725664138794,0.3205055296421051,0.35907742381095886,0.32041701674461365,audio,0.800000011920929,0.7307692170143127,0.6349206566810608
279,jUzDDGyPkXU$_$20,-2.200000047683716,-1.991909146308899,0.39008820056915283,0.23288488388061523,0.37702691555023193,text,0.800000011920929,0.4054054021835327,0.5777778029441833
325,k5Y_838nuGo$_$15,-0.800000011920929,0.5276978611946106,0.253958523273468,0.3240644037723541,0.42197710275650024,vision,0.5416666865348816,0.5370370149612427,0.6307692527770996
603,wMbj6ajWbic$_$30,0.800000011920929,-1.1915420293807983,0.2925697863101959,0.3043586015701294,0.4030716121196747,vision,0.6153846383094788,0.5,0.5833333134651184
2,c7UH_rxdZv4$_$26,-2.5999999046325684,0.671156108379364,0.2877967357635498,0.38549572229385376,0.3267075717449188,audio,0.6363636255264282,0.6585366129875183,0.5400000214576721
61,cW1FSBF59ik$_$9,-2.4000000953674316,-1.7400678396224976,0.2742476761341095,0.34021812677383423,0.3855341672897339,vision,0.6000000238418579,0.5744680762290955,0.5892857313156128
265,iiK8YX8oH1E$_$18,-1.0,-1.214882731437683,0.17545871436595917,0.32650429010391235,0.4980369806289673,vision,0.4545454680919647,0.6296296119689941,0.78125
499,tStelxIAHjw$_$4,-2.799999952316284,-1.7918490171432495,0.30886244773864746,0.3517470955848694,0.33939048647880554,audio,0.7037037014961243,0.6296296119689941,0.5567010045051575
569,vyB00TXsimI$_$14,2.0,0.7949243187904358,0.3162378966808319,0.29678580164909363,0.38697633147239685,vision,0.6363636255264282,0.47999998927116394,0.5666666626930237
537,v0zCBqDeKcE$_$6,0.800000011920929,0.7938597798347473,0.35235947370529175,0.32275959849357605,0.324880987405777,text,0.75,0.5789473652839661,0.54347825050354
387,nzpVDcQ0ywM$_$11,0.0,-0.0729290246963501,0.3056136965751648,0.27938902378082275,0.4149972200393677,vision,0.692307710647583,0.529411792755127,0.707317054271698
553,vyB00TXsimI$_$21,1.2000000476837158,-0.9309847354888916,0.24019062519073486,0.3730660676956177,0.3867432475090027,vision,0.5454545617103577,0.6285714507102966,0.5952380895614624
367,nbWiPyCm4g0$_$5,-1.399999976158142,-0.8692852258682251,0.29575103521347046,0.3500034809112549,0.35424548387527466,vision,0.6388888955116272,0.604938268661499,0.5833333134651184
250,fvVhgmXxadc$_$2,-2.799999952316284,-1.5179202556610107,0.20834843814373016,0.3612169623374939,0.43043455481529236,vision,0.4117647111415863,0.5581395626068115,0.6153846383094788
330,k5Y_838nuGo$_$18,0.4000000059604645,0.7783872485160828,0.21006248891353607,0.3195214867591858,0.4704160690307617,vision,0.625,0.7058823704719543,0.8500000238418579
606,yDtzw_Y-7RU$_$21,0.20000000298023224,-1.0703233480453491,0.22829656302928925,0.37666574120521545,0.3950376510620117,vision,0.46666666865348816,0.5862069129943848,0.5714285969734192
78,cXypl4FnoZo$_$21,-0.6000000238418579,-1.2945475578308105,0.2800890803337097,0.3132879137992859,0.4066230356693268,vision,0.6666666865348816,0.5967742204666138,0.6891891956329346
349,lXPQBPVc5Cw$_$6,-1.399999976158142,-1.1203112602233887,0.24255187809467316,0.3761274814605713,0.38132068514823914,vision,0.5,0.5920000076293945,0.5733333230018616
551,vvZ4IcEtiZc$_$8,-1.5,-1.4574843645095825,0.19678664207458496,0.4330407977104187,0.3701725900173187,audio,0.4375,0.7049180269241333,0.5945945978164673
116,d3_k5Xpfmik$_$4,-1.0,-0.6572516560554504,0.41062259674072266,0.2857515215873718,0.30362585186958313,text,0.8888888955116272,0.5744680762290955,0.5535714030265808
558,vyB00TXsimI$_$5,1.7999999523162842,1.3154581785202026,0.5215383172035217,0.1671145260334015,0.31134718656539917,text,1.0,0.30000001192092896,0.5454545617103577
575,wMbj6ajWbic$_$25,2.0,0.8423870205879211,0.3301723599433899,0.32427412271499634,0.34555351734161377,vision,0.75,0.6086956262588501,0.5925925970077515
268,iiK8YX8oH1E$_$2,1.2000000476837158,-0.35917651653289795,0.202311709523201,0.34220924973487854,0.4554790258407593,vision,0.4285714328289032,0.5666666626930237,0.6578947305679321
113,d3_k5Xpfmik$_$3,2.0,0.9247379899024963,0.27351313829421997,0.386119544506073,0.34036725759506226,audio,0.6153846383094788,0.6491228342056274,0.5147058963775635
399,ob23OKe5a9Q$_$13,1.25,-1.4429025650024414,0.2791740298271179,0.3662542402744293,0.35457170009613037,audio,0.5882353186607361,0.5961538553237915,0.5483871102333069
390,nzpVDcQ0ywM$_$12,-1.399999976158142,0.34265053272247314,0.21223585307598114,0.4284396171569824,0.35932454466819763,audio,0.46666666865348816,0.692307710647583,0.5744680762290955
602,wMbj6ajWbic$_$18,-1.0,-0.15657123923301697,0.3268246352672577,0.2862848937511444,0.3868904411792755,vision,0.8235294222831726,0.6170212626457214,0.6938775777816772
208,f9O3YtZ2VfI$_$1,-1.2000000476837158,-2.0790374279022217,0.3077373802661896,0.3525436818599701,0.33971893787384033,audio,0.7777777910232544,0.7142857313156128,0.6470588445663452
345,lXPQBPVc5Cw$_$2,-2.200000047683716,-1.227277159690857,0.21024905145168304,0.4571814239025116,0.33256956934928894,audio,0.5384615659713745,0.800000011920929,0.5892857313156128
360,lXPQBPVc5Cw$_$19,-1.7999999523162842,-2.127814531326294,0.3981747329235077,0.3222265839576721,0.2795986533164978,text,0.8888888955116272,0.6499999761581421,0.5199999809265137
520,tmZoasNr4rU$_$7,-1.0,-1.877622365951538,0.29100605845451355,0.3234094977378845,0.38558441400527954,vision,0.6551724076271057,0.5779221057891846,0.635869562625885
326,k5Y_838nuGo$_$14,-1.7999999523162842,-0.7684551477432251,0.20399197936058044,0.3943866789340973,0.4016213119029999,vision,0.4736842215061188,0.6734693646430969,0.6499999761581421
252,fvVhgmXxadc$_$4,-2.799999952316284,-1.246078610420227,0.3029194176197052,0.4347638785839081,0.2623167037963867,audio,0.6363636255264282,0.6875,0.3947368562221527
620,yDtzw_Y-7RU$_$13,-1.7999999523162842,-0.3544284999370575,0.26191720366477966,0.35266900062561035,0.3854138255119324,vision,0.5652173757553101,0.5897436141967773,0.6086956262588501
191,etzxEpPuc6I$_$2,1.2000000476837158,-0.43134385347366333,0.26312679052352905,0.42691174149513245,0.3099614679813385,audio,0.6315789222717285,0.739130437374115,0.5272727012634277
49,cW1FSBF59ik$_$24,0.0,0.31695225834846497,0.35442209243774414,0.3387494385242462,0.30682840943336487,text,0.800000011920929,0.6551724076271057,0.5714285969734192
532,v0zCBqDeKcE$_$3,0.6000000238418579,-1.2156784534454346,0.3581869602203369,0.2962046265602112,0.3456084132194519,text,0.7857142686843872,0.5600000023841858,0.6000000238418579
156,d6hH302o4v8$_$31,-1.399999976158142,-1.909777283668518,0.27518051862716675,0.41703206300735474,0.3077874183654785,audio,0.6470588445663452,0.7272727489471436,0.5471698045730591
176,dq3Nf_lMPnE$_$6,0.800000011920929,-1.7042639255523682,0.3585396707057953,0.3396672308444977,0.30179303884506226,text,0.6666666865348816,0.5,0.375
579,wMbj6ajWbic$_$21,1.600000023841858,-0.6602756977081299,0.32805585861206055,0.2760889232158661,0.3958551585674286,vision,0.7647058963775635,0.5384615659713745,0.6595744490623474
510,tmZoasNr4rU$_$17,-1.399999976158142,-1.1182953119277954,0.31161707639694214,0.3225371539592743,0.36584576964378357,vision,0.692307710647583,0.5805243253707886,0.6156250238418579
585,wMbj6ajWbic$_$3,0.0,0.9172433614730835,0.4757784605026245,0.25218480825424194,0.27203667163848877,text,0.8888888955116272,0.4444444477558136,0.4375
170,dq3Nf_lMPnE$_$1,0.0,0.5353955626487732,0.27611154317855835,0.2928233742713928,0.43106505274772644,vision,0.695652186870575,0.5862069129943848,0.7209302186965942
339,lXPQBPVc5Cw$_$22,2.5999999046325684,1.2130855321884155,0.3049255609512329,0.27784261107444763,0.41723179817199707,vision,0.692307710647583,0.5263158082962036,0.7111111283302307
28,c7UH_rxdZv4$_$18,-2.25,-1.6243771314620972,0.3856724202632904,0.28685811161994934,0.32746949791908264,text,0.8666666746139526,0.5862069129943848,0.6086956262588501
449,rnaNMUZpvvg$_$21,-2.5999999046325684,-1.1268829107284546,0.25602391362190247,0.37960585951805115,0.3643702566623688,audio,0.6363636255264282,0.699999988079071,0.625
167,dq3Nf_lMPnE$_$12,-1.600000023841858,0.1567808985710144,0.3224511444568634,0.3389659523963928,0.3385829031467438,audio,0.7142857313156128,0.5961538553237915,0.5322580933570862
96,cXypl4FnoZo$_$15,0.0,-0.6213542222976685,0.3015059232711792,0.3667021691799164,0.3317919075489044,audio,0.6666666865348816,0.6352941393852234,0.5490196347236633
317,k5Y_838nuGo$_$7,-2.4000000953674316,-1.0240590572357178,0.22099654376506805,0.40806981921195984,0.3709336519241333,audio,0.5,0.6666666865348816,0.5454545617103577
452,rnaNMUZpvvg$_$3,-0.800000011920929,-1.4354442358016968,0.33952414989471436,0.28191113471984863,0.3785646855831146,vision,0.8181818127632141,0.5909090638160706,0.6666666865348816
44,cM3Yna7AavY$_$4,0.6000000238418579,-0.7701506018638611,0.2322598248720169,0.36315780878067017,0.4045823812484741,vision,0.5,0.5955055952072144,0.625
410,ob23OKe5a9Q$_$8,0.6000000238418579,0.386491596698761,0.25874191522598267,0.3648049831390381,0.376453161239624,vision,0.6111111044883728,0.644859790802002,0.6101694703102112
242,f_pcplsH_V0$_$8,0.800000011920929,-0.06220457702875137,0.3614051640033722,0.24486909806728363,0.39372578263282776,vision,0.75,0.42307692766189575,0.6129032373428345
194,etzxEpPuc6I$_$7,-1.2000000476837158,-1.095651626586914,0.25983932614326477,0.32346847653388977,0.41669219732284546,vision,0.6666666865348816,0.6388888955116272,0.7096773982048035
566,vyB00TXsimI$_$13,2.4000000953674316,1.2473599910736084,0.2526422142982483,0.25553929805755615,0.49181851744651794,vision,0.6666666865348816,0.5555555820465088,0.8571428656578064
152,d6hH302o4v8$_$17,-2.0,-1.1313244104385376,0.43261218070983887,0.3104238212108612,0.2569639980792999,text,0.8333333134651184,0.5333333611488342,0.3888888955116272
137,d6hH302o4v8$_$2,-1.7999999523162842,-0.5131706595420837,0.34596410393714905,0.33134204149246216,0.3226938247680664,text,0.7272727489471436,0.5757575631141663,0.5384615659713745
211,f9O3YtZ2VfI$_$5,-1.7999999523162842,-1.9585120677947998,0.303152471780777,0.3645417392253876,0.33230575919151306,audio,0.6666666865348816,0.6321839094161987,0.5523809790611267
153,d6hH302o4v8$_$16,-2.0,-0.8680245280265808,0.3761197626590729,0.24925369024276733,0.3746265470981598,text,0.6666666865348816,0.3333333432674408,0.5
224,f9O3YtZ2VfI$_$16,-1.0,-0.8134920597076416,0.2863578796386719,0.3982589542865753,0.31538310647010803,audio,0.6666666865348816,0.7037037014961243,0.5490196347236633
515,tmZoasNr4rU$_$1,0.0,-1.2559610605239868,0.24587368965148926,0.3379870653152466,0.41613924503326416,vision,0.5454545617103577,0.5744680762290955,0.6315789222717285
594,wMbj6ajWbic$_$10,-1.7999999523162842,0.2815653681755066,0.2211754024028778,0.3477267026901245,0.4310978949069977,vision,0.5454545617103577,0.6315789222717285,0.6818181872367859
571,vyB00TXsimI$_$16,0.4000000059604645,0.15466047823429108,0.3173825740814209,0.3567194640636444,0.3258979320526123,audio,0.6666666865348816,0.6063829660415649,0.5398229956626892
610,yDtzw_Y-7RU$_$3,0.75,-0.3566218316555023,0.1926708221435547,0.44367629289627075,0.36365288496017456,audio,0.3571428656578064,0.6440678238868713,0.5
319,k5Y_838nuGo$_$9,1.7999999523162842,-0.7914595007896423,0.23065830767154694,0.37473064661026,0.39461103081703186,vision,0.5,0.6086956262588501,0.5925925970077515
587,wMbj6ajWbic$_$5,0.20000000298023224,-0.5008973479270935,0.2532137632369995,0.3911561369895935,0.355630099773407,audio,0.5625,0.6410256624221802,0.5208333134651184
581,wMbj6ajWbic$_$23,1.7999999523162842,-0.07581160217523575,0.18255868554115295,0.350403755903244,0.4670375883579254,vision,0.4000000059604645,0.5862069129943848,0.6764705777168274
313,k5Y_838nuGo$_$3,0.800000011920929,0.6672876477241516,0.2903634011745453,0.34735924005508423,0.3622773587703705,vision,0.6428571343421936,0.6000000238418579,0.5744680762290955
87,cXypl4FnoZo$_$4,-0.800000011920929,-1.6561733484268188,0.320283442735672,0.33393412828445435,0.34578245878219604,vision,0.7083333134651184,0.6056337952613831,0.6000000238418579
531,v0zCBqDeKcE$_$1,2.5999999046325684,-0.49586886167526245,0.22856469452381134,0.34999459981918335,0.4214407503604889,vision,0.5,0.5757575631141663,0.6153846383094788
422,pLTX3ipuDJI$_$4,-2.200000047683716,-0.33227166533470154,0.24709179997444153,0.32983338832855225,0.4230748116970062,vision,0.6111111044883728,0.6138613820075989,0.6779661178588867
294,jUzDDGyPkXU$_$13,-0.6000000238418579,-1.1247408390045166,0.21963012218475342,0.3330747187137604,0.4472951292991638,vision,0.5333333611488342,0.6078431606292725,0.7049180269241333
70,cW1FSBF59ik$_$16,3.0,-0.6186293959617615,0.218925341963768,0.34776410460472107,0.43331050872802734,vision,0.5,0.6029411554336548,0.6707317233085632
344,lXPQBPVc5Cw$_$3,-2.4000000953674316,-2.640177011489868,0.2798047363758087,0.26307234168052673,0.4571229815483093,vision,0.625,0.4615384638309479,0.6774193644523621
473,tIrG4oNLFzE$_$12,-2.5999999046325684,-1.6788657903671265,0.28160959482192993,0.3669563829898834,0.35143405199050903,audio,0.6666666865348816,0.6666666865348816,0.59375
679,zhpQhgha_KU$_$18,0.6000000238418579,0.7295587658882141,0.3546912968158722,0.30490419268608093,0.34040457010269165,text,0.8181818127632141,0.6176470518112183,0.6341463327407837
9,c7UH_rxdZv4$_$29,0.6000000238418579,-1.3782581090927124,0.19687457382678986,0.42131155729293823,0.38181382417678833,audio,0.4166666567325592,0.6595744490623474,0.5614035129547119
12,c7UH_rxdZv4$_$2,-2.5999999046325684,-0.7972208261489868,0.23154829442501068,0.3555939495563507,0.4128578007221222,vision,0.4000000059604645,0.4761904776096344,0.47999998927116394
514,tmZoasNr4rU$_$20,-1.0,-1.8040109872817993,0.3102067708969116,0.3260328471660614,0.363760381937027,vision,0.699999988079071,0.5897436141967773,0.6041666865348816
46,cM3Yna7AavY$_$6,2.799999952316284,-0.3350294232368469,0.2844277024269104,0.32867154479026794,0.38690072298049927,vision,0.6000000238418579,0.5446428656578064,0.6000000238418579
228,f_pcplsH_V0$_$11,-0.4000000059604645,-1.1946156024932861,0.2596595287322998,0.4391680657863617,0.3011724054813385,audio,0.5714285969734192,0.699999988079071,0.4680851101875305
664,zhpQhgha_KU$_$5,-2.200000047683716,-1.783430576324463,0.30889737606048584,0.35259929299354553,0.33850333094596863,audio,0.6521739363670349,0.5833333134651184,0.5116279125213623
254,fvVhgmXxadc$_$6,-0.20000000298023224,-1.0254828929901123,0.3557094931602478,0.2743174433708191,0.3699730932712555,vision,0.7599999904632568,0.5,0.6111111044883728
114,d3_k5Xpfmik$_$2,0.0,-0.17695121467113495,0.22955065965652466,0.34221595525741577,0.42823338508605957,vision,0.5,0.5714285969734192,0.6176470518112183
507,tmZoasNr4rU$_$12,-2.200000047683716,-1.7662984132766724,0.3322308659553528,0.2851846516132355,0.38258445262908936,vision,0.800000011920929,0.5862069129943848,0.6857143044471741
320,k5Y_838nuGo$_$8,-1.399999976158142,-1.258989930152893,0.240897998213768,0.38226860761642456,0.37683334946632385,audio,0.5,0.6000000238418579,0.5277777910232544
120,d3_k5Xpfmik$_$8,2.200000047683716,1.6230800151824951,0.23035851120948792,0.3597009778022766,0.4099405109882355,vision,0.5714285969734192,0.6666666865348816,0.6666666865348816
438,phBUpBr1hSo$_$1,1.399999976158142,1.4130146503448486,0.2861972451210022,0.3283774256706238,0.385425329208374,vision,0.699999988079071,0.6363636255264282,0.6666666865348816
132,d6hH302o4v8$_$29,-1.7999999523162842,-0.7881028652191162,0.3201410174369812,0.25342807173728943,0.42643091082572937,vision,0.7407407164573669,0.5,0.7317073345184326
54,cW1FSBF59ik$_$1,-2.5999999046325684,-1.9961525201797485,0.276604562997818,0.31094834208488464,0.41244709491729736,vision,0.5909090638160706,0.52173912525177,0.6385542154312134
302,k5Y_838nuGo$_$24,0.6000000238418579,-1.376452922821045,0.15616920590400696,0.3883185088634491,0.45551225543022156,vision,0.3333333432674408,0.6666666865348816,0.7200000286102295
462,rnaNMUZpvvg$_$13,-2.0,-0.9671623706817627,0.3722518980503082,0.31456857919692993,0.31317949295043945,text,0.75,0.529411792755127,0.4761904776096344
59,cW1FSBF59ik$_$7,0.5,0.10029336810112,0.21504679322242737,0.30822718143463135,0.4767259955406189,vision,0.6000000238418579,0.6470588445663452,0.800000011920929
212,f9O3YtZ2VfI$_$4,-2.4000000953674316,-1.2821484804153442,0.20413058996200562,0.35768190026283264,0.43818750977516174,vision,0.27272728085517883,0.42500001192092896,0.47826087474823
635,yvsjCA6Y5Fc$_$5,0.4000000059604645,-0.8260657787322998,0.36365729570388794,0.32358837127685547,0.31275439262390137,text,0.75,0.5625,0.5
563,vyB00TXsimI$_$8,2.5999999046325684,-0.7769079208374023,0.27356016635894775,0.3381274938583374,0.38831233978271484,vision,0.6000000238418579,0.5799999833106995,0.6101694703102112
42,cM3Yna7AavY$_$2,2.5,-0.7730677127838135,0.4055798351764679,0.3487880825996399,0.2456320822238922,text,0.8571428656578064,0.6538461446762085,0.4333333373069763
1,c7UH_rxdZv4$_$25,0.0,-0.520730197429657,0.17949004471302032,0.30609560012817383,0.5144143104553223,vision,0.4444444477558136,0.5714285969734192,0.7599999904632568
304,k5Y_838nuGo$_$26,2.0,0.8667246699333191,0.20357567071914673,0.3237237334251404,0.4727005362510681,vision,0.5,0.6000000238418579,0.75
348,lXPQBPVc5Cw$_$7,-2.799999952316284,-1.4646456241607666,0.2258993238210678,0.37202295660972595,0.4020777642726898,vision,0.46666666865348816,0.5873016119003296,0.5844155550003052
226,f9O3YtZ2VfI$_$18,-1.0,-0.8447887897491455,0.3114326298236847,0.4072522222995758,0.2813151776790619,audio,0.75,0.75,0.5208333134651184
164,dq3Nf_lMPnE$_$11,-0.6000000238418579,-0.10269223898649216,0.2816116213798523,0.3625318706035614,0.3558565378189087,audio,0.6818181872367859,0.6666666865348816,0.5921052694320679
469,rnaNMUZpvvg$_$18,-2.200000047683716,-0.5690497159957886,0.3186778724193573,0.34117287397384644,0.3401492238044739,audio,0.7209302186965942,0.6204379796981812,0.5766870975494385
130,d6hH302o4v8$_$23,-2.5999999046325684,-2.4380805492401123,0.33015450835227966,0.345182329416275,0.3246631324291229,audio,0.6666666865348816,0.5588235259056091,0.5
301,jUzDDGyPkXU$_$18,-2.4000000953674316,-1.8709059953689575,0.3008458614349365,0.1776607632637024,0.5214933156967163,vision,0.8571428656578064,0.4583333432674408,0.931034505367279
565,vyB00TXsimI$_$10,1.3333333730697632,-0.711665689945221,0.23427318036556244,0.4014929533004761,0.3642338812351227,audio,0.5454545617103577,0.6774193644523621,0.5675675868988037
11,c7UH_rxdZv4$_$3,-0.800000011920929,-0.5894176363945007,0.4141857326030731,0.20099207758903503,0.38482216000556946,text,0.8571428656578064,0.3636363744735718,0.6153846383094788
115,d3_k5Xpfmik$_$5,2.200000047683716,-0.5697442889213562,0.1931244283914566,0.412198543548584,0.3946770131587982,audio,0.38461539149284363,0.6363636255264282,0.574999988079071
619,yDtzw_Y-7RU$_$10,-0.6000000238418579,-0.5054191946983337,0.3877350091934204,0.34454649686813354,0.26771852374076843,text,0.8888888955116272,0.695652186870575,0.5185185074806213
456,rnaNMUZpvvg$_$7,-0.4000000059604645,0.08265224099159241,0.3368373513221741,0.2622830867767334,0.40087950229644775,vision,0.7777777910232544,0.517241358757019,0.6764705777168274
604,yDtzw_Y-7RU$_$24,-0.800000011920929,-1.0221812725067139,0.3264907896518707,0.3539719581604004,0.3195372521877289,audio,0.7777777910232544,0.6875,0.6000000238418579
582,wMbj6ajWbic$_$28,2.4000000953674316,0.8988314270973206,0.37853488326072693,0.26083165407180786,0.3606334328651428,text,0.7368420958518982,0.41999998688697815,0.5333333611488342
4,c7UH_rxdZv4$_$20,-1.7999999523162842,-1.0202949047088623,0.2699822783470154,0.32358914613723755,0.4064285457134247,vision,0.6666666865348816,0.6301369667053223,0.7159090638160706
461,rnaNMUZpvvg$_$10,-2.5999999046325684,-0.7389533519744873,0.2481975555419922,0.45413655042648315,0.29766592383384705,audio,0.6153846383094788,0.782608687877655,0.5185185074806213
357,lXPQBPVc5Cw$_$14,-2.200000047683716,-0.4748014807701111,0.3622204661369324,0.3212336301803589,0.31654587388038635,text,0.7272727489471436,0.5396825671195984,0.5066666603088379
216,f9O3YtZ2VfI$_$8,-1.7999999523162842,-1.278849482536316,0.25798940658569336,0.35766270756721497,0.3843478858470917,vision,0.6363636255264282,0.6666666865348816,0.6499999761581421
391,nzpVDcQ0ywM$_$15,-0.6000000238418579,0.5934856534004211,0.3426067531108856,0.30576086044311523,0.3516324460506439,vision,0.625,0.4444444477558136,0.4545454680919647
222,f9O3YtZ2VfI$_$14,1.2000000476837158,-1.247424840927124,0.31289413571357727,0.2484467327594757,0.43865910172462463,vision,0.7777777910232544,0.5333333611488342,0.7777777910232544
460,rnaNMUZpvvg$_$11,-2.5999999046325684,-1.1206141710281372,0.19794753193855286,0.4677456319332123,0.3343068063259125,audio,0.4166666567325592,0.7105262875556946,0.4888888895511627
248,fvVhgmXxadc$_$1,-0.4000000059604645,0.6118763089179993,0.2868577241897583,0.35337725281715393,0.35976502299308777,vision,0.6499999761581421,0.6346153616905212,0.6136363744735718
535,v0zCBqDeKcE$_$4,0.0,-0.37894415855407715,0.3449799120426178,0.3113080561161041,0.3437120020389557,text,0.7647058963775635,0.5777778029441833,0.5714285969734192
428,phBUpBr1hSo$_$10,-1.399999976158142,-1.4150229692459106,0.26144057512283325,0.35016074776649475,0.3883987069129944,vision,0.5555555820465088,0.5666666626930237,0.5714285969734192
0,c7UH_rxdZv4$_$24,-1.7999999523162842,1.2903801202774048,0.265714168548584,0.3420937955379486,0.3921920359134674,vision,0.5714285969734192,0.5757575631141663,0.6153846383094788
231,f_pcplsH_V0$_$12,-0.800000011920929,-1.1391171216964722,0.253099650144577,0.36357104778289795,0.3833293318748474,vision,0.5400000214576721,0.5896656513214111,0.5822784900665283
443,phBUpBr1hSo$_$7,-1.0,-1.7129552364349365,0.2397100031375885,0.36138561367988586,0.39890429377555847,vision,0.5,0.5666666626930237,0.5625
68,cW1FSBF59ik$_$14,-1.2000000476837158,-0.75726717710495,0.25518420338630676,0.31730055809020996,0.42751532793045044,vision,0.5652173757553101,0.5480769276618958,0.6607142686843872
158,d6hH302o4v8$_$37,-2.200000047683716,-2.372814416885376,0.41297632455825806,0.25883492827415466,0.32818877696990967,text,1.0,0.625,0.6666666865348816
229,f_pcplsH_V0$_$10,1.2000000476837158,-0.6500803232192993,0.3896057605743408,0.3280581831932068,0.28233602643013,text,0.8181818127632141,0.6000000238418579,0.4848484992980957
13,c7UH_rxdZv4$_$5,-2.200000047683716,-1.101989984512329,0.21095852553844452,0.3641529083251953,0.424888551235199,vision,0.5263158082962036,0.6666666865348816,0.6875
547,vvZ4IcEtiZc$_$4,2.200000047683716,0.3237268924713135,0.2670452296733856,0.3589891195297241,0.37396565079689026,vision,0.5769230723381042,0.6057692170143127,0.6037735939025879
588,wMbj6ajWbic$_$4,1.0,-1.5275636911392212,0.2204561084508896,0.4399093687534332,0.33963456749916077,audio,0.5,0.699999988079071,0.5
611,yDtzw_Y-7RU$_$2,0.800000011920929,0.4883181154727936,0.3101077079772949,0.31656283140182495,0.3733294606208801,vision,0.6363636255264282,0.5222222208976746,0.5833333134651184
39,cM3Yna7AavY$_$16,-2.799999952316284,-0.5749140977859497,0.3611200451850891,0.31637057662010193,0.32250940799713135,text,0.800000011920929,0.6071428656578064,0.5882353186607361
89,cXypl4FnoZo$_$6,-0.6000000238418579,-1.1304833889007568,0.24437496066093445,0.3974568843841553,0.35816818475723267,audio,0.5789473652839661,0.686274528503418,0.5833333134651184
163,d6hH302o4v8$_$32,-0.6000000238418579,-0.6105244755744934,0.42287978529930115,0.24660424888134003,0.33051598072052,text,0.8888888955116272,0.5,0.6206896305084229
414,pLTX3ipuDJI$_$12,-2.0,-1.4818072319030762,0.2837964594364166,0.3555796444416046,0.36062389612197876,vision,0.6944444179534912,0.6704545617103577,0.6206896305084229
615,yDtzw_Y-7RU$_$6,-1.2000000476837158,-1.4912681579589844,0.29924678802490234,0.3257097005844116,0.37504348158836365,vision,0.6734693646430969,0.5798319578170776,0.6013985872268677
384,nzpVDcQ0ywM$_$6,-1.399999976158142,-1.4252244234085083,0.2830531895160675,0.25423988699913025,0.46270692348480225,vision,0.6363636255264282,0.44680851697921753,0.6785714030265808
271,iiK8YX8oH1E$_$7,-1.600000023841858,-0.3423874080181122,0.23215268552303314,0.3736538589000702,0.3941934406757355,vision,0.5454545617103577,0.6499999761581421,0.6170212626457214
190,etzxEpPuc6I$_$3,-1.600000023841858,-1.652665376663208,0.41618239879608154,0.29229235649108887,0.2915252149105072,text,0.9090909361839294,0.5957446694374084,0.5357142686843872
404,ob23OKe5a9Q$_$2,1.0,-0.4192752540111542,0.19564759731292725,0.4875553250312805,0.3167971074581146,audio,0.4285714328289032,0.75,0.4736842215061188
36,cM3Yna7AavY$_$12,-1.0,-0.8215153813362122,0.35622233152389526,0.369304358959198,0.27447330951690674,audio,0.7142857313156128,0.6086956262588501,0.4324324429035187
352,lXPQBPVc5Cw$_$11,-1.7999999523162842,-0.2610727846622467,0.32464998960494995,0.355310320854187,0.3200397193431854,audio,0.6666666865348816,0.5714285969734192,0.4444444477558136
347,lXPQBPVc5Cw$_$4,-1.2000000476837158,-1.416547179222107,0.24305593967437744,0.3385990560054779,0.41834500432014465,vision,0.5,0.5384615659713745,0.6170212626457214
633,yvsjCA6Y5Fc$_$3,-2.0,-1.9611438512802124,0.27580755949020386,0.3326537013053894,0.39153873920440674,vision,0.6153846383094788,0.5714285969734192,0.5932203531265259
483,tIrG4oNLFzE$_$4,1.399999976158142,0.09159056097269058,0.31057247519493103,0.32674986124038696,0.3626776337623596,vision,0.6000000238418579,0.5,0.5151515007019043
666,zhpQhgha_KU$_$7,1.0,-0.2082301825284958,0.29829952120780945,0.3718213438987732,0.32987910509109497,audio,0.7142857313156128,0.692307710647583,0.5625
284,jUzDDGyPkXU$_$3,0.0,-0.4172145426273346,0.29280462861061096,0.3118131756782532,0.39538225531578064,vision,0.5555555820465088,0.4444444477558136,0.5
199,f9O3YtZ2VfI$_$25,-1.399999976158142,1.4564234018325806,0.2666489779949188,0.35872969031333923,0.3746214210987091,vision,0.6000000238418579,0.6190476417541504,0.6000000238418579
72,cW1FSBF59ik$_$18,2.5999999046325684,1.2243260145187378,0.2192046046257019,0.32247045636177063,0.45832496881484985,vision,0.5,0.5633803009986877,0.6976743936538696
162,d6hH302o4v8$_$33,-3.0,-1.8347231149673462,0.550451397895813,0.22638651728630066,0.22316211462020874,text,1.0,0.4285714328289032,0.375
10,c7UH_rxdZv4$_$1,-2.799999952316284,-2.4678359031677246,0.19834503531455994,0.36714252829551697,0.4345124065876007,vision,0.5,0.6666666865348816,0.692307710647583
277,jUzDDGyPkXU$_$26,-2.0,-1.2127563953399658,0.3510875999927521,0.3069238066673279,0.34198859333992004,text,0.800000011920929,0.6000000238418579,0.6000000238418579
3,c7UH_rxdZv4$_$27,-1.7999999523162842,-1.3562957048416138,0.3110119700431824,0.3340967297554016,0.354891300201416,vision,0.695652186870575,0.6000000238418579,0.5934959053993225
169,dq3Nf_lMPnE$_$14,-1.7999999523162842,-0.5990346670150757,0.3459506332874298,0.2764332592487335,0.3776160776615143,vision,0.7333333492279053,0.4791666567325592,0.568965494632721
629,yvsjCA6Y5Fc$_$21,-1.7999999523162842,-1.253303050994873,0.2670772671699524,0.33740633726119995,0.39551645517349243,vision,0.6000000238418579,0.5909090638160706,0.6380952596664429
478,tIrG4oNLFzE$_$18,-2.200000047683716,-1.9025079011917114,0.2906184494495392,0.345745325088501,0.36363622546195984,vision,0.7599999904632568,0.7121211886405945,0.6962025165557861
260,iiK8YX8oH1E$_$12,1.7999999523162842,0.24365797638893127,0.2041759341955185,0.348043292760849,0.4477807283401489,vision,0.6000000238418579,0.7333333492279053,0.7894737124443054
303,k5Y_838nuGo$_$25,-0.20000000298023224,-1.1292378902435303,0.3457043468952179,0.30876949429512024,0.34552615880966187,text,0.7142857313156128,0.5319148898124695,0.5614035129547119
458,rnaNMUZpvvg$_$9,-1.399999976158142,-1.6547414064407349,0.239237442612648,0.37355899810791016,0.38720351457595825,vision,0.6000000238418579,0.6896551847457886,0.6666666865348816
392,nzpVDcQ0ywM$_$14,0.20000000298023224,-0.44147199392318726,0.2821008861064911,0.3385465145111084,0.3793525695800781,vision,0.6000000238418579,0.5714285969734192,0.6086956262588501
632,yvsjCA6Y5Fc$_$1,-2.0,-0.2980553209781647,0.23852263391017914,0.408020943403244,0.35345643758773804,audio,0.5185185074806213,0.6527777910232544,0.5370370149612427
41,cM3Yna7AavY$_$3,1.0,-0.32129326462745667,0.3176543116569519,0.37714681029319763,0.30519890785217285,audio,0.6875,0.6382978558540344,0.48275861144065857
262,iiK8YX8oH1E$_$14,-1.2000000476837158,-1.5837738513946533,0.28488609194755554,0.30132558941841125,0.4137883186340332,vision,0.7142857313156128,0.6052631735801697,0.695652186870575
586,wMbj6ajWbic$_$2,-0.800000011920929,-0.6524816751480103,0.2819509506225586,0.30087563395500183,0.4171733558177948,vision,0.5714285969734192,0.46987950801849365,0.5899999737739563
431,phBUpBr1hSo$_$15,-2.200000047683716,-1.0971596240997314,0.29131293296813965,0.32437705993652344,0.3843099772930145,vision,0.6800000071525574,0.5962733030319214,0.6288659572601318
426,pLTX3ipuDJI$_$8,-2.0,-1.6014642715454102,0.25729551911354065,0.37515175342559814,0.36755266785621643,audio,0.6296296119689941,0.6774193644523621,0.6081081032752991
91,cXypl4FnoZo$_$8,1.399999976158142,-0.8270875215530396,0.2754780948162079,0.28481656312942505,0.4397053122520447,vision,0.5652173757553101,0.4507042169570923,0.6309523582458496
141,d6hH302o4v8$_$6,-2.0,-1.4954555034637451,0.24046695232391357,0.35357436537742615,0.40595874190330505,vision,0.4285714328289032,0.5,0.5416666865348816
355,lXPQBPVc5Cw$_$12,-2.0,-0.36045652627944946,0.2172621786594391,0.2839016616344452,0.4988361895084381,vision,0.6153846383094788,0.6071428656578064,0.8333333134651184
472,tIrG4oNLFzE$_$13,-2.0,-0.7547221779823303,0.3532229959964752,0.3047463893890381,0.3420305848121643,text,0.800000011920929,0.5961538553237915,0.6231883764266968
32,c7UH_rxdZv4$_$32,-2.200000047683716,-1.7911889553070068,0.24358640611171722,0.37636011838912964,0.38005343079566956,vision,0.6666666865348816,0.75,0.695652186870575
51,cW1FSBF59ik$_$21,1.600000023841858,-0.20600439608097076,0.15109258890151978,0.42276424169540405,0.4261431396007538,vision,0.38461539149284363,0.7586206793785095,0.7058823704719543
318,k5Y_838nuGo$_$6,2.0,1.6084480285644531,0.20504309237003326,0.4230412244796753,0.3719157576560974,audio,0.4444444477558136,0.6875,0.5789473652839661
471,tIrG4oNLFzE$_$10,-1.7999999523162842,-0.6941953301429749,0.2692422568798065,0.29864540696144104,0.43211233615875244,vision,0.6000000238418579,0.5185185074806213,0.65625
146,d6hH302o4v8$_$11,-1.0,-0.42860034108161926,0.22489599883556366,0.45363444089889526,0.3214695453643799,audio,0.5,0.7142857313156128,0.4878048896789551
291,jUzDDGyPkXU$_$8,1.7999999523162842,-0.24616892635822296,0.26607397198677063,0.40319424867630005,0.33073171973228455,audio,0.6363636255264282,0.7083333134651184,0.5517241358757019
188,etzxEpPuc6I$_$18,1.399999976158142,0.8123692274093628,0.2806423604488373,0.3972967863082886,0.32206082344055176,audio,0.6499999761581421,0.6938775777816772,0.5344827771186829
543,vvZ4IcEtiZc$_$1,2.0,1.2596479654312134,0.3858236074447632,0.2833664119243622,0.3308100402355194,text,0.75,0.4736842215061188,0.52173912525177
538,v0zCBqDeKcE$_$9,1.7999999523162842,-0.14692404866218567,0.22462715208530426,0.36180585622787476,0.413566917181015,vision,0.5555555820465088,0.6666666865348816,0.6800000071525574
214,f9O3YtZ2VfI$_$6,-2.5999999046325684,-1.3529771566390991,0.31166398525238037,0.23551900684833527,0.45281705260276794,vision,0.699999988079071,0.42105263471603394,0.6818181872367859
476,tIrG4oNLFzE$_$17,-0.4000000059604645,-1.0575473308563232,0.272824227809906,0.3575133681297302,0.36966240406036377,vision,0.5909090638160706,0.5979381203651428,0.5811966061592102
66,cW1FSBF59ik$_$12,2.200000047683716,-1.197884202003479,0.2836593687534332,0.29628869891166687,0.4200519919395447,vision,0.6399999856948853,0.5277777910232544,0.6511628031730652
513,tmZoasNr4rU$_$18,0.0,-0.9397779703140259,0.31988030672073364,0.30209097266197205,0.37802863121032715,vision,0.7777777910232544,0.6153846383094788,0.6666666865348816
366,nbWiPyCm4g0$_$2,-2.4000000953674316,0.7199092507362366,0.27872005105018616,0.314838171005249,0.40644174814224243,vision,0.692307710647583,0.6363636255264282,0.7407407164573669
624,yDtzw_Y-7RU$_$17,0.20000000298023224,-0.04685107618570328,0.3369620144367218,0.31409952044487,0.3489384353160858,vision,0.739130437374115,0.5783132314682007,0.6000000238418579
308,k5Y_838nuGo$_$22,0.4000000059604645,-0.2643258273601532,0.40279754996299744,0.3375932276248932,0.259609192609787,text,0.9333333373069763,0.71875,0.5526315569877625
434,phBUpBr1hSo$_$16,-1.600000023841858,-0.796640932559967,0.3436536490917206,0.31207048892974854,0.3442758619785309,vision,0.7200000286102295,0.5416666865348816,0.5344827771186829
505,tmZoasNr4rU$_$10,-1.7999999523162842,-0.5544644594192505,0.22606505453586578,0.3278602957725525,0.4460747241973877,vision,0.5,0.5600000023841858,0.6785714030265808
481,tIrG4oNLFzE$_$2,2.4000000953674316,-0.5171979665756226,0.20393893122673035,0.38480907678604126,0.4112520217895508,vision,0.4545454680919647,0.6333333253860474,0.6111111044883728
24,c7UH_rxdZv4$_$14,1.2000000476837158,1.1361932754516602,0.21573184430599213,0.39297670125961304,0.39129140973091125,audio,0.5,0.6666666865348816,0.6206896305084229
127,d6hH302o4v8$_$20,1.0,-0.9068500399589539,0.2731529474258423,0.37306714057922363,0.3537798821926117,audio,0.5714285969734192,0.6000000238418579,0.550000011920929
645,yvsjCA6Y5Fc$_$15,-2.0,-1.736282467842102,0.2426653653383255,0.31205856800079346,0.44527608156204224,vision,0.5,0.4912280738353729,0.6176470518112183
630,yvsjCA6Y5Fc$_$22,-1.600000023841858,-1.8375511169433594,0.2560695707798004,0.3368796408176422,0.40705081820487976,vision,0.5714285969734192,0.5714285969734192,0.5882353186607361
504,tmZoasNr4rU$_$11,-0.6000000238418579,-0.17439070343971252,0.36279425024986267,0.29095637798309326,0.34624943137168884,text,0.8999999761581421,0.6578947305679321,0.6888889074325562
388,nzpVDcQ0ywM$_$10,-1.0,-1.34994375705719,0.3021725118160248,0.34195008873939514,0.3558773696422577,vision,0.6666666865348816,0.6000000238418579,0.5833333134651184
145,d6hH302o4v8$_$38,-3.0,-1.7973240613937378,0.48458537459373474,0.232831209897995,0.28258344531059265,text,1.0,0.5,0.5517241358757019
677,zhpQhgha_KU$_$16,1.7999999523162842,0.8695622682571411,0.2370302379131317,0.3648315370082855,0.39813825488090515,vision,0.5625,0.6521739363670349,0.6545454263687134
370,nbWiPyCm4g0$_$6,0.0,0.13418281078338623,0.26787543296813965,0.3218998610973358,0.41022467613220215,vision,0.5833333134651184,0.5555555820465088,0.6511628031730652
626,yDtzw_Y-7RU$_$19,-1.600000023841858,-0.6887039542198181,0.29993563890457153,0.31506651639938354,0.3849978446960449,vision,0.5555555820465088,0.4583333432674408,0.5357142686843872
364,nbWiPyCm4g0$_$1,1.2000000476837158,-1.1963248252868652,0.19397714734077454,0.38426387310028076,0.4217589795589447,vision,0.5,0.71875,0.7435897588729858
53,cW1FSBF59ik$_$23,1.399999976158142,0.6161327958106995,0.24499110877513885,0.3667454719543457,0.38826343417167664,vision,0.523809552192688,0.602150559425354,0.6071428656578064
670,zhpQhgha_KU$_$11,-2.4000000953674316,0.9092295169830322,0.30317479372024536,0.31499817967414856,0.38182705640792847,vision,0.6666666865348816,0.5625,0.625
685,zhpQhgha_KU$_$32,0.800000011920929,-1.059639811515808,0.2758064866065979,0.3210959732532501,0.40309756994247437,vision,0.6000000238418579,0.5396825671195984,0.6052631735801697
599,wMbj6ajWbic$_$17,2.0,0.3590456545352936,0.3341258466243744,0.3417811393737793,0.3240929841995239,audio,0.7272727489471436,0.6037735939025879,0.515625
555,vyB00TXsimI$_$1,0.0,-0.1387094408273697,0.27148884534835815,0.3246256113052368,0.4038856029510498,vision,0.6000000238418579,0.5555555820465088,0.59375
540,vvZ4IcEtiZc$_$11,1.600000023841858,-0.6344382166862488,0.36840808391571045,0.3212353587150574,0.31035658717155457,text,0.75,0.5416666865348816,0.44999998807907104
121,d6hH302o4v8$_$42,-1.399999976158142,-2.135686159133911,0.3591805696487427,0.35336995124816895,0.28744950890541077,text,0.8181818127632141,0.6896551847457886,0.5588235259056091
263,iiK8YX8oH1E$_$17,1.600000023841858,0.9702873229980469,0.3078533113002777,0.24255327880382538,0.4495933949947357,vision,0.7333333492279053,0.47999998927116394,0.7241379022598267
183,etzxEpPuc6I$_$15,0.20000000298023224,-1.5460995435714722,0.3193558156490326,0.29662588238716125,0.38401833176612854,vision,0.75,0.5714285969734192,0.625
440,phBUpBr1hSo$_$2,2.200000047683716,0.8621379137039185,0.41174209117889404,0.3210487961769104,0.2672090530395508,text,0.8571428656578064,0.6000000238418579,0.4583333432674408
525,v0zCBqDeKcE$_$10,2.200000047683716,0.3100987672805786,0.29303789138793945,0.3680059015750885,0.33895623683929443,audio,0.5714285969734192,0.5454545617103577,0.4444444477558136
79,cXypl4FnoZo$_$22,0.20000000298023224,-0.9107475280761719,0.2679007053375244,0.3532663583755493,0.37883293628692627,vision,0.6000000238418579,0.6132075190544128,0.6122449040412903
342,lXPQBPVc5Cw$_$29,-1.2000000476837158,-0.5880934000015259,0.27879106998443604,0.3778294026851654,0.34337955713272095,audio,0.6451612710952759,0.6714285612106323,0.6000000238418579
512,tmZoasNr4rU$_$19,0.20000000298023224,0.0941973552107811,0.2851148843765259,0.34669992327690125,0.3681851625442505,vision,0.6666666865348816,0.6438356041908264,0.6551724076271057
593,wMbj6ajWbic$_$11,0.4000000059604645,-1.5139497518539429,0.3120371103286743,0.2755858898162842,0.4123769700527191,vision,0.7058823704719543,0.5128205418586731,0.6595744490623474
396,nzpVDcQ0ywM$_$18,1.2000000476837158,0.4667428731918335,0.2668023109436035,0.28798529505729675,0.44521233439445496,vision,0.625,0.5333333611488342,0.6944444179534912
93,cXypl4FnoZo$_$10,2.0,-0.30503037571907043,0.3011200428009033,0.34761613607406616,0.3512638211250305,vision,0.6666666865348816,0.6060606241226196,0.5641025900840759
97,cXypl4FnoZo$_$14,-0.6000000238418579,-0.5604627728462219,0.2603258490562439,0.37286433577537537,0.36680981516838074,audio,0.5517241358757019,0.5945945978164673,0.5393258333206177
287,jUzDDGyPkXU$_$4,-1.600000023841858,0.5840275287628174,0.3283253312110901,0.2972361743450165,0.3744385242462158,vision,0.7105262875556946,0.5280898809432983,0.59375
255,fvVhgmXxadc$_$9,-0.4000000059604645,-0.3497793972492218,0.32086971402168274,0.38911759853363037,0.2900126874446869,audio,0.8461538553237915,0.8181818127632141,0.625
80,cXypl4FnoZo$_$23,0.4000000059604645,-0.8014879822731018,0.4896157383918762,0.20902718603610992,0.3013570308685303,text,0.8571428656578064,0.30000001192092896,0.4166666567325592
314,k5Y_838nuGo$_$2,1.2000000476837158,0.062005043029785156,0.2954864203929901,0.295122355222702,0.409391313791275,vision,0.7142857313156128,0.5833333134651184,0.7142857313156128
192,etzxEpPuc6I$_$5,0.0,0.29723137617111206,0.23110835254192352,0.33311226963996887,0.4357793629169464,vision,0.47826087474823,0.523809552192688,0.6052631735801697
297,jUzDDGyPkXU$_$14,0.800000011920929,0.7363482713699341,0.2824821472167969,0.3420454263687134,0.37547242641448975,vision,0.4615384638309479,0.4285714328289032,0.4285714328289032
206,f9O3YtZ2VfI$_$28,1.2000000476837158,0.8537765145301819,0.2221500128507614,0.4457753598690033,0.3320746421813965,audio,0.5,0.7096773982048035,0.5
341,lXPQBPVc5Cw$_$28,0.800000011920929,0.2553512156009674,0.3038794994354248,0.32981419563293457,0.366306334733963,vision,0.7058823704719543,0.6153846383094788,0.6349206566810608
27,c7UH_rxdZv4$_$19,-1.7999999523162842,-1.401523470878601,0.2220151573419571,0.3764532208442688,0.4015316963195801,vision,0.4444444477558136,0.5777778029441833,0.5740740895271301
492,tStelxIAHjw$_$15,0.4000000059604645,-0.13007275760173798,0.2924264967441559,0.33873966336250305,0.36883383989334106,vision,0.6666666865348816,0.6111111044883728,0.609375
150,d6hH302o4v8$_$15,-1.75,-2.198655128479004,0.38522401452064514,0.3091851770877838,0.30559077858924866,text,0.75,0.5,0.4375
286,jUzDDGyPkXU$_$5,-1.2000000476837158,-1.5312848091125488,0.23734688758850098,0.36560678482055664,0.3970462679862976,vision,0.5625,0.6511628031730652,0.6538461446762085
649,yvsjCA6Y5Fc$_$19,-1.600000023841858,-1.1399030685424805,0.24170884490013123,0.3184787631034851,0.43981239199638367,vision,0.5757575631141663,0.5754716992378235,0.6851851940155029
74,cXypl4FnoZo$_$25,-1.2000000476837158,-0.7685530185699463,0.28060802817344666,0.3260580003261566,0.3933340311050415,vision,0.7142857313156128,0.6530612111091614,0.694915235042572
346,lXPQBPVc5Cw$_$5,-1.0,-0.9020088911056519,0.33131420612335205,0.33168816566467285,0.3369976580142975,vision,0.7142857313156128,0.5921052694320679,0.5760869383811951
439,phBUpBr1hSo$_$3,2.799999952316284,0.3987202048301697,0.2712063193321228,0.34492287039756775,0.38387084007263184,vision,0.7142857313156128,0.707317054271698,0.7142857313156128
134,d6hH302o4v8$_$41,-2.4000000953674316,-2.0622007846832275,0.33490630984306335,0.3439619839191437,0.32113170623779297,audio,0.75,0.6315789222717285,0.5652173757553101
172,dq3Nf_lMPnE$_$2,-1.399999976158142,-1.4054713249206543,0.28471124172210693,0.3522350490093231,0.36305367946624756,vision,0.692307710647583,0.65625,0.6052631735801697
522,tmZoasNr4rU$_$9,-0.6000000238418579,-0.5406225323677063,0.30761611461639404,0.3504723906517029,0.3419114649295807,audio,0.7200000286102295,0.6583333611488342,0.6180555820465088
174,dq3Nf_lMPnE$_$4,-0.4000000059604645,-1.131966471672058,0.260947585105896,0.34562578797340393,0.3934266269207001,vision,0.5925925970077515,0.5952380895614624,0.5980392098426819
651,zhpQhgha_KU$_$24,0.0,-0.7344117760658264,0.33395007252693176,0.3175168037414551,0.34853312373161316,vision,0.75,0.5909090638160706,0.5925925970077515
322,k5Y_838nuGo$_$10,2.0,-0.213758647441864,0.2543323040008545,0.34569862484931946,0.39996907114982605,vision,0.6363636255264282,0.6551724076271057,0.6764705777168274
517,tmZoasNr4rU$_$2,-2.0,-1.992901086807251,0.295305460691452,0.33876752853393555,0.3659270405769348,vision,0.7142857313156128,0.6527777910232544,0.6511628031730652
617,yDtzw_Y-7RU$_$8,-1.5,-1.5390009880065918,0.2975126802921295,0.3712668716907501,0.33122047781944275,audio,0.7142857313156128,0.6875,0.5789473652839661
475,tIrG4oNLFzE$_$14,-2.4000000953674316,-1.5394787788391113,0.3137287199497223,0.3272353708744049,0.3590359389781952,vision,0.6888889074325562,0.5743243098258972,0.5762711763381958
108,d3_k5Xpfmik$_$17,1.600000023841858,0.2563612461090088,0.29083526134490967,0.2621762156486511,0.4469884932041168,vision,0.6153846383094788,0.4324324429035187,0.6590909361839294
177,dq3Nf_lMPnE$_$9,-0.800000011920929,1.0145891904830933,0.36081355810165405,0.34098291397094727,0.2982034981250763,text,0.75,0.5869565010070801,0.4642857015132904
200,f9O3YtZ2VfI$_$26,1.399999976158142,0.5499331951141357,0.3707054853439331,0.2683591842651367,0.3609353303909302,text,0.8571428656578064,0.5625,0.6578947305679321
435,phBUpBr1hSo$_$19,2.0,1.5159683227539062,0.4768482744693756,0.15355491638183594,0.36959677934646606,text,1.0,0.30000001192092896,0.6666666865348816
225,f9O3YtZ2VfI$_$19,-0.6000000238418579,-1.9924191236495972,0.4208584427833557,0.2953428030014038,0.2837986648082733,text,0.875,0.5757575631141663,0.5249999761581421
5,c7UH_rxdZv4$_$21,-0.800000011920929,-0.25506603717803955,0.2999463677406311,0.3569495975971222,0.3431040346622467,audio,0.6842105388641357,0.6413043737411499,0.5632184147834778
416,pLTX3ipuDJI$_$14,-2.0,-2.2910797595977783,0.39799970388412476,0.2772761583328247,0.32472407817840576,text,0.75,0.4375,0.4615384638309479
351,lXPQBPVc5Cw$_$8,2.5999999046325684,1.0200481414794922,0.22797898948192596,0.3335781991481781,0.43844276666641235,vision,0.5454545617103577,0.6000000238418579,0.6857143044471741
7,c7UH_rxdZv4$_$23,-0.6000000238418579,0.8359629511833191,0.21218159794807434,0.41079169511795044,0.3770267069339752,audio,0.5,0.699999988079071,0.6111111044883728
576,wMbj6ajWbic$_$26,1.7999999523162842,0.7291328310966492,0.39719727635383606,0.2503483295440674,0.35245439410209656,text,0.9166666865348816,0.550000011920929,0.6666666865348816
215,f9O3YtZ2VfI$_$9,-2.200000047683716,-0.31659239530563354,0.25517016649246216,0.305904358625412,0.43892544507980347,vision,0.5384615659713745,0.5,0.6097561120986938
495,tStelxIAHjw$_$1,0.0,-0.8541154265403748,0.3109847903251648,0.29608383774757385,0.39293134212493896,vision,0.7083333134651184,0.5507246255874634,0.650602400302887
187,etzxEpPuc6I$_$19,-0.5,-1.096110463142395,0.26338455080986023,0.32971665263175964,0.40689876675605774,vision,0.6000000238418579,0.5730994343757629,0.6225489974021912
205,f9O3YtZ2VfI$_$23,1.600000023841858,0.24653886258602142,0.28101664781570435,0.27158209681510925,0.4474012553691864,vision,0.6666666865348816,0.5185185074806213,0.71875
374,nzpVDcQ0ywM$_$20,0.20000000298023224,0.44227656722068787,0.27101412415504456,0.3799546957015991,0.3490312099456787,audio,0.6000000238418579,0.6363636255264282,0.5384615659713745
233,f_pcplsH_V0$_$14,-1.0,-1.521630883216858,0.23953993618488312,0.3507203757762909,0.4097396433353424,vision,0.5666666626930237,0.6236559152603149,0.6607142686843872
539,v0zCBqDeKcE$_$8,1.7999999523162842,-1.0092741250991821,0.2584103047847748,0.34622010588645935,0.3953695595264435,vision,0.6000000238418579,0.6041666865348816,0.6086956262588501
548,vvZ4IcEtiZc$_$7,1.399999976158142,-0.526608407497406,0.3292553126811981,0.30195674300193787,0.3687879145145416,vision,0.800000011920929,0.6296296119689941,0.6875
77,cXypl4FnoZo$_$20,-1.0,-0.6392228007316589,0.34332960844039917,0.3383694589138031,0.31830093264579773,text,0.75,0.6101694703102112,0.5428571701049805
285,jUzDDGyPkXU$_$2,2.5999999046325684,1.8866220712661743,0.3966490924358368,0.3659132421016693,0.2374376654624939,text,0.8888888955116272,0.7200000286102295,0.4516128897666931
572,vyB00TXsimI$_$19,1.2000000476837158,1.0119975805282593,0.3545151352882385,0.26761651039123535,0.37786832451820374,vision,0.7142857313156128,0.4444444477558136,0.5454545617103577
491,tStelxIAHjw$_$12,-1.0,-0.25817906856536865,0.2809443473815918,0.4101441502571106,0.30891153216362,audio,0.75,0.7931034564971924,0.5882353186607361
669,zhpQhgha_KU$_$8,-1.0,-1.489260196685791,0.26757296919822693,0.29268765449523926,0.43973931670188904,vision,0.6000000238418579,0.5121951103210449,0.6734693646430969
267,iiK8YX8oH1E$_$3,-1.25,-0.7867398858070374,0.17651882767677307,0.38994932174682617,0.433531790971756,vision,0.2142857164144516,0.48148149251937866,0.46875
673,zhpQhgha_KU$_$12,-1.399999976158142,-1.0370278358459473,0.19272127747535706,0.41113153100013733,0.396147221326828,audio,0.3684210479259491,0.6200000047683716,0.5769230723381042
292,jUzDDGyPkXU$_$11,2.4000000953674316,0.9935486316680908,0.218858540058136,0.431975394487381,0.3491660952568054,audio,0.52173912525177,0.734375,0.5769230723381042
118,d3_k5Xpfmik$_$6,1.600000023841858,1.2925410270690918,0.30841827392578125,0.3094252049922943,0.38215649127960205,vision,0.6818181872367859,0.5569620132446289,0.625
648,yvsjCA6Y5Fc$_$16,-1.7999999523162842,-1.8008204698562622,0.29811936616897583,0.3236667513847351,0.37821394205093384,vision,0.6600000262260437,0.5714285969734192,0.6184210777282715
361,lXPQBPVc5Cw$_$18,-1.399999976158142,-0.0038823753129690886,0.20169639587402344,0.4179954528808594,0.3803081512451172,audio,0.3636363744735718,0.6000000238418579,0.5
519,tmZoasNr4rU$_$4,-0.800000011920929,-1.8789759874343872,0.34960418939590454,0.30852219462394714,0.3418736159801483,text,0.75,0.5602836608886719,0.5833333134651184
217,f9O3YtZ2VfI$_$11,-0.800000011920929,-1.6385596990585327,0.20131680369377136,0.34876731038093567,0.44991594552993774,vision,0.4444444477558136,0.5882353186607361,0.6666666865348816
398,ob23OKe5a9Q$_$10,1.25,0.9128267168998718,0.41289961338043213,0.2727625370025635,0.3143378496170044,text,0.699999988079071,0.3529411852359772,0.3499999940395355
8,c7UH_rxdZv4$_$28,-0.800000011920929,-1.1570910215377808,0.29123175144195557,0.34284695982933044,0.3659212291240692,vision,0.6363636255264282,0.5769230723381042,0.5483871102333069
454,rnaNMUZpvvg$_$5,-2.799999952316284,-1.5269180536270142,0.43674179911613464,0.21417531371116638,0.34908291697502136,text,0.8181818127632141,0.3333333432674408,0.5199999809265137
427,phBUpBr1hSo$_$11,2.0,0.5562013983726501,0.23926152288913727,0.29870444536209106,0.46203404664993286,vision,0.4444444477558136,0.4285714328289032,0.6000000238418579
239,f_pcplsH_V0$_$7,0.0,-1.8312952518463135,0.2888675928115845,0.3649125397205353,0.346219927072525,audio,0.6363636255264282,0.625,0.5517241358757019
484,tIrG4oNLFzE$_$7,-1.399999976158142,-1.347105860710144,0.3062317669391632,0.30565378069877625,0.38811442255973816,vision,0.7142857313156128,0.5849056839942932,0.6666666865348816
71,cW1FSBF59ik$_$19,0.20000000298023224,-0.8328703045845032,0.27301836013793945,0.2223593294620514,0.5046222805976868,vision,0.699999988079071,0.4583333432674408,0.7931034564971924
52,cW1FSBF59ik$_$22,-1.0,-0.5534257292747498,0.32286500930786133,0.34500911831855774,0.33212587237358093,audio,0.7599999904632568,0.656862735748291,0.5874999761581421
663,zhpQhgha_KU$_$2,1.600000023841858,0.8924368619918823,0.30205297470092773,0.28736522793769836,0.4105817973613739,vision,0.6875,0.53125,0.6666666865348816
536,v0zCBqDeKcE$_$7,1.399999976158142,-0.9875451922416687,0.28567013144493103,0.297203928232193,0.417125940322876,vision,0.6000000238418579,0.4888888895511627,0.6290322542190552
628,yvsjCA6Y5Fc$_$20,0.800000011920929,1.1070210933685303,0.3225765824317932,0.31262144446372986,0.3648020029067993,vision,0.6666666865348816,0.5199999809265137,0.5666666626930237
489,tStelxIAHjw$_$10,-0.4000000059604645,-0.8643650412559509,0.282891184091568,0.299348384141922,0.41776043176651,vision,0.7777777910232544,0.6666666865348816,0.761904776096344
18,c7UH_rxdZv4$_$8,-2.799999952316284,0.13759870827198029,0.3608974516391754,0.31342706084251404,0.32567545771598816,text,0.800000011920929,0.5955055952072144,0.5692307949066162
17,c7UH_rxdZv4$_$9,-0.4000000059604645,-1.296826958656311,0.21351897716522217,0.32312291860580444,0.4633580446243286,vision,0.48148149251937866,0.5625,0.7058823704719543
596,wMbj6ajWbic$_$12,1.600000023841858,-0.006919069215655327,0.28158122301101685,0.2874051034450531,0.43101367354393005,vision,0.6428571343421936,0.5199999809265137,0.6666666865348816
81,cXypl4FnoZo$_$28,-2.200000047683716,-0.13533106446266174,0.3368833363056183,0.34000980854034424,0.32310688495635986,audio,0.7272727489471436,0.6000000238418579,0.5333333611488342
479,tIrG4oNLFzE$_$1,2.799999952316284,0.9468553066253662,0.3645791709423065,0.2938508093357086,0.34157004952430725,text,0.8333333134651184,0.5975610017776489,0.6428571343421936
125,d6hH302o4v8$_$26,-2.5999999046325684,-2.0374810695648193,0.47665664553642273,0.22696731984615326,0.29637598991394043,text,1.0,0.5,0.6000000238418579
397,ob23OKe5a9Q$_$11,0.800000011920929,-0.14513346552848816,0.243873730301857,0.33779746294021606,0.41832882165908813,vision,0.5151515007019043,0.5413534045219421,0.6000000238418579
350,lXPQBPVc5Cw$_$9,-2.5999999046325684,-1.5637080669403076,0.3624590337276459,0.2792591452598572,0.35828179121017456,text,0.8125,0.5487805008888245,0.6326530575752258
213,f9O3YtZ2VfI$_$7,-1.2000000476837158,-1.4020240306854248,0.31170332431793213,0.342854380607605,0.3454423248767853,vision,0.6363636255264282,0.550000011920929,0.5
26,c7UH_rxdZv4$_$16,-2.0,-2.3689234256744385,0.3707653880119324,0.3439675569534302,0.28526702523231506,text,0.800000011920929,0.6363636255264282,0.5
477,tIrG4oNLFzE$_$16,-1.600000023841858,-0.6730905771255493,0.265428364276886,0.3523753881454468,0.38219621777534485,vision,0.5833333134651184,0.5930232405662537,0.5922330021858215
527,v0zCBqDeKcE$_$12,-0.4000000059604645,-0.9827382564544678,0.28187114000320435,0.3211498260498047,0.3969789743423462,vision,0.6000000238418579,0.5384615659713745,0.6153846383094788
62,cW1FSBF59ik$_$8,1.7999999523162842,0.6534761190414429,0.35688528418540955,0.25831469893455505,0.3848000168800354,vision,0.8571428656578064,0.5600000023841858,0.7096773982048035
207,f9O3YtZ2VfI$_$29,-2.0,0.8457071781158447,0.35494279861450195,0.2918722629547119,0.35318493843078613,text,0.75,0.5151515007019043,0.5569620132446289
253,fvVhgmXxadc$_$7,-1.0,-0.9688838124275208,0.1805340051651001,0.3114978075027466,0.5079681873321533,vision,0.42307692766189575,0.5714285969734192,0.7894737124443054
334,lXPQBPVc5Cw$_$25,-2.4000000953674316,-1.4440422058105469,0.3445945978164673,0.2837497293949127,0.3716557025909424,vision,0.8260869383811951,0.5932203531265259,0.6829268336296082
273,iiK8YX8oH1E$_$9,0.4000000059604645,-1.3600940704345703,0.3019340932369232,0.30907315015792847,0.3889927268028259,vision,0.6428571343421936,0.517241358757019,0.5588235259056091
354,lXPQBPVc5Cw$_$13,2.799999952316284,0.5308436155319214,0.2282189130783081,0.42734721302986145,0.34443387389183044,audio,0.5,0.6875,0.5555555820465088
464,rnaNMUZpvvg$_$15,-1.600000023841858,-1.3834859132766724,0.219524547457695,0.3703799545764923,0.4100955128669739,vision,0.4736842215061188,0.604938268661499,0.6161616444587708
23,c7UH_rxdZv4$_$15,-2.4000000953674316,-2.1897830963134766,0.4681791365146637,0.22280877828598022,0.3090120553970337,text,1.0,0.5,0.6000000238418579
482,tIrG4oNLFzE$_$5,0.4000000059604645,0.4661101996898651,0.1788710504770279,0.43836453557014465,0.38276436924934387,audio,0.4166666567325592,0.7333333492279053,0.6111111044883728
276,jUzDDGyPkXU$_$25,-2.0,-1.7054790258407593,0.17395687103271484,0.376073956489563,0.4499691426753998,vision,0.4117647111415863,0.6666666865348816,0.7115384340286255
676,zhpQhgha_KU$_$17,1.75,1.0269376039505005,0.2960309684276581,0.34290561079978943,0.3610633909702301,vision,0.692307710647583,0.6388888955116272,0.6285714507102966
408,ob23OKe5a9Q$_$6,0.0,-1.3472260236740112,0.26116707921028137,0.35478758811950684,0.38404539227485657,vision,0.6399999856948853,0.6538461446762085,0.6349206566810608
204,f9O3YtZ2VfI$_$22,1.399999976158142,0.6459417939186096,0.3564057946205139,0.31432947516441345,0.32926464080810547,text,0.8181818127632141,0.6206896305084229,0.5882353186607361
307,k5Y_838nuGo$_$21,-0.20000000298023224,-1.9423319101333618,0.22233176231384277,0.29229968786239624,0.4853684902191162,vision,0.5833333134651184,0.5909090638160706,0.8148148059844971
126,d6hH302o4v8$_$27,-2.5999999046325684,1.2306396961212158,0.3967633843421936,0.39718112349510193,0.20605547726154327,audio,0.800000011920929,0.6666666865348816,0.27272728085517883
641,yvsjCA6Y5Fc$_$11,2.0,-0.615604043006897,0.23705561459064484,0.3299512267112732,0.4329931437969208,vision,0.529411792755127,0.5609756112098694,0.6326530575752258
640,yvsjCA6Y5Fc$_$8,0.4000000059604645,-1.3573105335235596,0.29750683903694153,0.2666642367839813,0.43582895398139954,vision,0.6521739363670349,0.4571428596973419,0.650602400302887
376,nzpVDcQ0ywM$_$22,2.0,0.49968600273132324,0.5190571546554565,0.22307509183883667,0.2578677535057068,text,0.5555555820465088,0.0,0.0
405,ob23OKe5a9Q$_$5,-1.7999999523162842,-0.6293413639068604,0.22690220177173615,0.3899213969707489,0.38317635655403137,audio,0.5416666865348816,0.6695652008056641,0.6014492511749268
601,wMbj6ajWbic$_$19,-0.6000000238418579,-0.4178283214569092,0.30065789818763733,0.2776549160480499,0.42168718576431274,vision,0.6470588445663452,0.47999998927116394,0.6333333253860474
129,d6hH302o4v8$_$22,-1.0,-1.250269889831543,0.25518614053726196,0.3723085820674896,0.372505247592926,vision,0.6666666865348816,0.7297297120094299,0.7037037014961243
230,f_pcplsH_V0$_$13,1.600000023841858,-0.8317341208457947,0.2766773998737335,0.3671771287918091,0.356145441532135,audio,0.5454545617103577,0.5555555820465088,0.5
674,zhpQhgha_KU$_$15,-2.0,-1.9181102514266968,0.3341957926750183,0.2940501570701599,0.37175410985946655,vision,0.7027027010917664,0.5052631497383118,0.5806451439857483
274,iiK8YX8oH1E$_$8,-1.0,-1.1899670362472534,0.23432502150535583,0.346037894487381,0.41963711380958557,vision,0.5,0.5625,0.6052631735801697
329,k5Y_838nuGo$_$19,-0.6000000238418579,0.6306020021438599,0.21629947423934937,0.4081292748451233,0.37557128071784973,audio,0.5789473652839661,0.7714285850524902,0.6904761791229248
245,fvVhgmXxadc$_$13,0.20000000298023224,-0.4886680245399475,0.2965022921562195,0.38173481822013855,0.32176291942596436,audio,0.6499999761581421,0.6481481194496155,0.5230769515037537
202,f9O3YtZ2VfI$_$20,-0.4000000059604645,-0.7066749334335327,0.26582303643226624,0.3521873950958252,0.38198956847190857,vision,0.5,0.5151515007019043,0.5128205418586731
147,d6hH302o4v8$_$10,-1.2000000476837158,-1.4152626991271973,0.3598257601261139,0.3540799915790558,0.2860942780971527,text,0.8181818127632141,0.6842105388641357,0.5454545617103577
48,cM3Yna7AavY$_$8,-0.6000000238418579,-0.42466697096824646,0.3591199219226837,0.2383471578359604,0.4025329053401947,vision,0.8999999761581421,0.5714285969734192,0.800000011920929
181,etzxEpPuc6I$_$13,-2.200000047683716,-0.9102333784103394,0.30977168679237366,0.3617984652519226,0.32842984795570374,audio,0.6388888955116272,0.5757575631141663,0.46666666865348816
47,cM3Yna7AavY$_$9,-0.20000000298023224,-0.07754219323396683,0.3342278301715851,0.3757174611091614,0.2900547385215759,audio,0.7222222089767456,0.6575342416763306,0.5057471394538879
681,zhpQhgha_KU$_$30,-2.0,-2.293628215789795,0.1782926470041275,0.3444244861602783,0.477282851934433,vision,0.5714285969734192,0.7749999761581421,0.9166666865348816
280,jUzDDGyPkXU$_$21,-1.0,-0.519212007522583,0.4295656681060791,0.2599661648273468,0.3104681074619293,text,0.875,0.48571428656578064,0.5
298,jUzDDGyPkXU$_$17,-2.799999952316284,-1.822594165802002,0.25293296575546265,0.3992684483528137,0.34779852628707886,audio,0.5714285969734192,0.6666666865348816,0.5384615659713745
589,wMbj6ajWbic$_$7,-1.2000000476837158,-1.0924599170684814,0.1887783259153366,0.5027568936347961,0.30846479535102844,audio,0.38461539149284363,0.7407407164573669,0.44117647409439087
353,lXPQBPVc5Cw$_$10,-2.200000047683716,-2.022736072540283,0.31875112652778625,0.3382619023323059,0.34298697113990784,vision,0.6734693646430969,0.5789473652839661,0.562841534614563
480,tIrG4oNLFzE$_$3,2.5999999046325684,1.2490965127944946,0.33718252182006836,0.23029948770999908,0.43251797556877136,vision,0.7857142686843872,0.4615384638309479,0.7234042286872864
166,dq3Nf_lMPnE$_$13,-1.2000000476837158,0.9166824221611023,0.24585238099098206,0.40340086817741394,0.35074669122695923,audio,0.6000000238418579,0.7032257914543152,0.5721924901008606
463,rnaNMUZpvvg$_$12,-1.0,-1.0845686197280884,0.2241511344909668,0.3261532485485077,0.4496956467628479,vision,0.5,0.5625,0.6842105388641357
655,zhpQhgha_KU$_$20,-1.399999976158142,-1.311299204826355,0.27884534001350403,0.34742987155914307,0.3737248182296753,vision,0.6666666865348816,0.6428571343421936,0.625
38,cM3Yna7AavY$_$14,-2.5999999046325684,1.413251519203186,0.3327106833457947,0.24943672120571136,0.4178524911403656,vision,0.6666666865348816,0.3913043439388275,0.5925925970077515
