index,id,y_true,y_pred,w_text,w_audio,w_vision,selected_anchor,availability_text,availability_audio,availability_vision
148,d6hH302o4v8$_$13,-2.0,-0.1689639389514923,1.0,2.6754478632540213e-09,1.608861133206574e-08,text,0.3333333432674408,0.3947368562221527,0.3636363744735718
124,d6hH302o4v8$_$25,-1.600000023841858,0.2126711905002594,1.0,5.794833501937546e-09,4.6724025537514535e-08,text,0.6000000238418579,0.3076923191547394,0.5
436,phBUpBr1hSo$_$18,0.800000011920929,0.3764163851737976,1.0,6.510946448656796e-09,4.530617658815572e-08,text,0.75,0.5,0.6470588445663452
289,jUzDDGyPkXU$_$6,-1.600000023841858,0.0910237655043602,1.0,6.604881086502701e-09,3.065627751652755e-08,text,0.5806451439857483,0.4639175236225128,0.380952388048172
602,wMbj6ajWbic$_$18,-1.0,0.24845996499061584,1.0,5.804989378077607e-09,3.3440276325791274e-08,text,0.7647058963775635,0.5531914830207825,0.6122449040412903
325,k5Y_838nuGo$_$15,-0.800000011920929,0.46262097358703613,1.0,3.81791931403086e-09,3.060235442831072e-08,text,0.4583333432674408,0.42592594027519226,0.5846154093742371
234,f_pcplsH_V0$_$1,0.25,0.2201220989227295,1.0,7.801892465408855e-09,4.984592649748265e-08,text,0.625,0.4375,0.5263158082962036
246,fvVhgmXxadc$_$12,0.0,0.20740333199501038,1.0,2.7609494690494785e-09,1.858025200363045e-08,text,0.523809552192688,0.5454545617103577,0.5849056839942932
1,c7UH_rxdZv4$_$25,0.0,7.144361734390259e-05,1.0,4.870505776466416e-09,3.925157798789769e-08,text,0.3333333432674408,0.5,0.6399999856948853
230,f_pcplsH_V0$_$13,1.600000023841858,0.006179608404636383,1.0,2.819493971628617e-09,1.644556313351586e-08,text,0.4545454680919647,0.5,0.4545454680919647
406,ob23OKe5a9Q$_$4,-1.5,0.1690075397491455,1.0,6.19819440217384e-09,2.98511757534925e-08,text,0.800000011920929,0.5925925970077515,0.5151515007019043
577,wMbj6ajWbic$_$27,0.0,0.04211415350437164,1.0,2.9205691198797012e-09,1.847427455459183e-08,text,0.4444444477558136,0.47999998927116394,0.48275861144065857
267,iiK8YX8oH1E$_$3,-1.25,0.08757238835096359,1.0,6.210655545402233e-09,3.669545023399223e-08,text,0.1428571492433548,0.4444444477558136,0.4375
575,wMbj6ajWbic$_$25,2.0,0.6574897766113281,0.9999998807907104,1.0000645644936412e-08,6.06794543500655e-08,text,0.5833333134651184,0.52173912525177,0.5925925970077515
559,vyB00TXsimI$_$4,1.7999999523162842,0.5373361110687256,1.0,5.1218100871608385e-09,4.001475417680922e-08,text,0.7777777910232544,0.35483869910240173,0.5526315569877625
172,dq3Nf_lMPnE$_$2,-1.399999976158142,0.10978436470031738,1.0,5.828209470593038e-09,3.448303687036969e-08,text,0.6153846383094788,0.5625,0.6052631735801697
349,lXPQBPVc5Cw$_$6,-1.399999976158142,0.4841404855251312,1.0,3.446526397610228e-09,2.0962943381164223e-08,text,0.4166666567325592,0.4880000054836273,0.47999998927116394
280,jUzDDGyPkXU$_$21,-1.0,0.24723157286643982,1.0,4.334950620688005e-09,2.6497774641143224e-08,text,0.75,0.34285715222358704,0.4285714328289032
596,wMbj6ajWbic$_$12,1.600000023841858,0.19079622626304626,1.0,7.198579954348361e-09,5.359961363637922e-08,text,0.5714285969734192,0.4000000059604645,0.5666666626930237
233,f_pcplsH_V0$_$14,-1.0,-0.010331593453884125,1.0,2.205886140416169e-09,1.7033652710551905e-08,text,0.5,0.47311827540397644,0.5714285969734192
58,cW1FSBF59ik$_$4,1.600000023841858,0.43284842371940613,1.0,2.6233044625456614e-09,1.4346482224425472e-08,text,0.4166666567325592,0.4556961953639984,0.38461539149284363
430,phBUpBr1hSo$_$12,1.7999999523162842,0.7588298320770264,0.9999998807907104,1.2858802911352996e-08,6.867992397019407e-08,text,0.47999998927116394,0.5133333206176758,0.49444442987442017
442,phBUpBr1hSo$_$4,-0.800000011920929,0.23630094528198242,1.0,5.976786621175734e-09,3.446114149596724e-08,text,0.65625,0.38461539149284363,0.4375
379,nzpVDcQ0ywM$_$3,0.800000011920929,0.41276466846466064,1.0,8.301904053098497e-09,4.953940191398942e-08,text,0.5882353186607361,0.4637681245803833,0.5180723071098328
623,yDtzw_Y-7RU$_$14,2.200000047683716,0.3410240709781647,1.0,2.0122130628408286e-09,1.265599447464183e-08,text,0.5652173757553101,0.5280898809432983,0.5233644843101501
72,cW1FSBF59ik$_$18,2.5999999046325684,-0.08781019598245621,1.0,3.4560914130565834e-09,2.5166761119521652e-08,text,0.40909090638160706,0.5492957830429077,0.6279069781303406
391,nzpVDcQ0ywM$_$15,-0.6000000238418579,0.30071452260017395,1.0,8.130451867316424e-09,5.327102670094064e-08,text,0.5,0.3333333432674408,0.4545454680919647
63,cW1FSBF59ik$_$11,-1.0,0.09888623654842377,1.0,8.085080160924463e-09,3.9956564279464146e-08,text,0.529411792755127,0.5529412031173706,0.5048543810844421
650,yvsjCA6Y5Fc$_$18,-2.200000047683716,0.12154345214366913,1.0,2.5675945813929957e-09,1.3364691575645793e-08,text,0.5925925970077515,0.47297295928001404,0.42105263471603394
378,nzpVDcQ0ywM$_$1,0.0,0.2616662085056305,1.0,3.3511324826207556e-09,1.570549024165757e-08,text,0.5333333611488342,0.5208333134651184,0.4035087823867798
56,cW1FSBF59ik$_$2,3.0,0.19062215089797974,1.0,6.8539480757578986e-09,3.830613337640898e-08,text,0.6666666865348816,0.5046728849411011,0.5116279125213623
513,tmZoasNr4rU$_$18,0.0,0.23684313893318176,1.0,5.290919258271742e-09,3.265815706754438e-08,text,0.7777777910232544,0.6153846383094788,0.6666666865348816
202,f9O3YtZ2VfI$_$20,-0.4000000059604645,0.2961794137954712,1.0,2.9812923241223643e-09,2.0770828612626246e-08,text,0.3333333432674408,0.42424243688583374,0.4615384638309479
401,ob23OKe5a9Q$_$14,0.800000011920929,0.12104491889476776,1.0,6.541068575671716e-09,3.678241000670823e-08,text,0.5,0.44897958636283875,0.470085471868515
134,d6hH302o4v8$_$41,-2.4000000953674316,0.16491886973381042,1.0,1.2792606973732745e-08,4.262604846871909e-08,text,0.5,0.6315789222717285,0.3913043439388275
374,nzpVDcQ0ywM$_$20,0.20000000298023224,0.27412596344947815,1.0,9.860446681386748e-09,4.471382553106196e-08,text,0.6000000238418579,0.5454545617103577,0.4615384638309479
444,phBUpBr1hSo$_$6,1.600000023841858,1.2430710792541504,1.0,2.1268007355246255e-09,1.2317650899262844e-08,text,0.550000011920929,0.5106382966041565,0.45614033937454224
621,yDtzw_Y-7RU$_$12,-0.6666666865348816,0.11418516933917999,1.0,7.523383693808228e-09,5.6758977962090285e-08,text,0.5333333611488342,0.3877550959587097,0.5593220591545105
119,d3_k5Xpfmik$_$9,1.399999976158142,0.586915135383606,1.0,5.483937748351764e-09,2.7654149192812838e-08,text,0.9090909361839294,0.53125,0.5263158082962036
518,tmZoasNr4rU$_$5,-0.800000011920929,0.14532692730426788,1.0,6.950140907235891e-09,2.8831166787313123e-08,text,0.75,0.6666666865348816,0.5185185074806213
244,fvVhgmXxadc$_$10,0.0,0.16066831350326538,1.0,9.442848281082661e-09,4.946321041643387e-08,text,0.5,0.5416666865348816,0.5254237055778503
472,tIrG4oNLFzE$_$13,-2.0,0.22333937883377075,1.0,6.81576484140578e-09,3.856977315308541e-08,text,0.6000000238418579,0.4923076927661896,0.489130437374115
459,rnaNMUZpvvg$_$8,-1.600000023841858,0.305790513753891,1.0,5.735433017406422e-09,3.635318890360395e-08,text,0.8181818127632141,0.48275861144065857,0.5714285969734192
647,yvsjCA6Y5Fc$_$17,-0.6000000238418579,0.31945499777793884,1.0,2.7613762387801444e-09,1.4717601359848231e-08,text,0.46666666865348816,0.5102040767669678,0.4237288236618042
397,ob23OKe5a9Q$_$11,0.800000011920929,0.5796341300010681,0.9999998807907104,1.0945206518897521e-08,6.425135268273152e-08,text,0.4545454680919647,0.4661654233932495,0.5222222208976746
154,d6hH302o4v8$_$19,-2.799999952316284,0.1169123649597168,1.0,7.80208608830435e-09,4.2938658850744105e-08,text,0.6666666865348816,0.5666666626930237,0.5675675868988037
628,yvsjCA6Y5Fc$_$20,0.800000011920929,0.5487053990364075,1.0,7.040307448136218e-09,3.615107502241699e-08,text,0.6666666865348816,0.4399999976158142,0.4333333373069763
618,yDtzw_Y-7RU$_$11,-1.399999976158142,0.10352606326341629,1.0,3.5795097996782488e-09,1.802289162355919e-08,text,0.375,0.6176470518112183,0.5
209,f9O3YtZ2VfI$_$3,0.6000000238418579,1.0729153156280518,1.0,1.8874852791839203e-09,1.1159740687105568e-08,text,0.6666666865348816,0.5135135054588318,0.47727271914482117
384,nzpVDcQ0ywM$_$6,-1.399999976158142,0.2087845504283905,1.0,7.01797109314839e-09,4.728940439235885e-08,text,0.5454545617103577,0.40425533056259155,0.5
190,etzxEpPuc6I$_$3,-1.600000023841858,0.20614483952522278,1.0,4.22469748073695e-09,2.1387453585930416e-08,text,0.8181818127632141,0.4893617033958435,0.4464285671710968
497,tStelxIAHjw$_$2,-2.0,0.6325384378433228,1.0,2.0825956514869404e-09,1.3782726071553952e-08,text,0.550000011920929,0.5061728358268738,0.5317460298538208
10,c7UH_rxdZv4$_$1,-2.799999952316284,-0.042962975800037384,1.0,4.1520742399825394e-09,3.9994535683263166e-08,text,0.25,0.42424243688583374,0.6410256624221802
512,tmZoasNr4rU$_$19,0.20000000298023224,0.16208206117153168,1.0,5.693220561653334e-09,3.569972761852114e-08,text,0.6666666865348816,0.4931506812572479,0.5517241358757019
219,f9O3YtZ2VfI$_$13,-1.600000023841858,0.11269829422235489,1.0,8.248774996388875e-09,4.545080756201969e-08,text,0.5384615659713745,0.4861111044883728,0.4941176474094391
273,iiK8YX8oH1E$_$9,0.4000000059604645,0.7356641292572021,1.0,9.908975862060743e-09,4.672224207524778e-08,text,0.5,0.4482758641242981,0.4117647111415863
622,yDtzw_Y-7RU$_$15,0.6000000238418579,0.14382809400558472,1.0,4.229349759299339e-09,1.964274431998092e-08,text,0.4615384638309479,0.5714285969734192,0.4545454680919647
146,d6hH302o4v8$_$11,-1.0,0.16776776313781738,1.0,1.2967569240629473e-08,5.1445958604290354e-08,text,0.5,0.6285714507102966,0.46341463923454285
22,c7UH_rxdZv4$_$12,-2.799999952316284,0.19846051931381226,1.0,6.138264119215364e-09,3.049281716016594e-08,text,0.5714285969734192,0.39393940567970276,0.3333333432674408
236,f_pcplsH_V0$_$2,1.399999976158142,0.12257117033004761,1.0,8.97351970507998e-09,4.725667324123606e-08,text,0.6428571343421936,0.5862069129943848,0.5714285969734192
563,vyB00TXsimI$_$8,2.5999999046325684,1.1114364862442017,1.0,2.6379156636835432e-09,1.936578364336583e-08,text,0.44999998807907104,0.47999998927116394,0.5423728823661804
367,nbWiPyCm4g0$_$5,-1.399999976158142,0.08029434829950333,1.0,2.5102031564472327e-09,1.3866445769394886e-08,text,0.5555555820465088,0.5679012537002563,0.5104166865348816
403,ob23OKe5a9Q$_$3,-1.2000000476837158,0.11204971373081207,1.0,8.360762748793604e-09,5.227136767871343e-08,text,0.30000001192092896,0.5,0.5555555820465088
100,cXypl4FnoZo$_$19,0.800000011920929,0.42578548192977905,1.0,1.1937697053099328e-08,5.6159056072146996e-08,text,0.550000011920929,0.5844155550003052,0.5249999761581421
310,k5Y_838nuGo$_$28,2.0,0.203497052192688,0.9999998807907104,1.0239092240738046e-08,6.53396341476764e-08,text,0.5,0.4375,0.5263158082962036
484,tIrG4oNLFzE$_$7,-1.399999976158142,0.18808162212371826,1.0,5.929686519579036e-09,3.9540044127761576e-08,text,0.6428571343421936,0.4716981053352356,0.5714285969734192
85,cXypl4FnoZo$_$2,1.0,0.142210453748703,1.0,1.1475314032338702e-08,4.6604579750919584e-08,text,0.5,0.5483871102333069,0.4054054021835327
242,f_pcplsH_V0$_$8,0.800000011920929,0.11690744757652283,1.0,3.9934828777177245e-09,2.950520006095303e-08,text,0.75,0.3461538553237915,0.4838709533214569
538,v0zCBqDeKcE$_$9,1.7999999523162842,0.19737350940704346,0.9999998807907104,1.5662530827853516e-08,6.976054578444746e-08,text,0.4444444477558136,0.6190476417541504,0.5199999809265137
548,vvZ4IcEtiZc$_$7,1.399999976158142,0.13847193121910095,1.0,6.2089857699731965e-09,3.583077301527737e-08,text,0.6666666865348816,0.5185185074806213,0.5625
99,cXypl4FnoZo$_$16,-0.6000000238418579,0.0562741681933403,1.0,3.7046989920241913e-09,1.7149282882655825e-08,text,0.4482758641242981,0.5833333134651184,0.4482758641242981
141,d6hH302o4v8$_$6,-2.0,0.1903415322303772,1.0,1.2717142006124504e-08,5.885395992777376e-08,text,0.4285714328289032,0.5,0.4166666567325592
20,c7UH_rxdZv4$_$10,0.800000011920929,0.1908281445503235,1.0,6.051392276162915e-09,5.185559004416973e-08,text,0.6428571343421936,0.4324324429035187,0.6590909361839294
556,vyB00TXsimI$_$3,2.200000047683716,0.05832894146442413,1.0,2.2606019278725853e-09,1.3260687659055748e-08,text,0.5416666865348816,0.48571428656578064,0.4523809552192688
118,d3_k5Xpfmik$_$6,1.600000023841858,0.2789257764816284,1.0,7.86197418278789e-09,4.526894770151557e-08,text,0.6363636255264282,0.49367088079452515,0.5208333134651184
101,cXypl4FnoZo$_$18,-0.25,0.17340660095214844,1.0,7.268404988991506e-09,3.547890869981529e-08,text,0.6190476417541504,0.5890411138534546,0.5287356376647949
619,yDtzw_Y-7RU$_$10,-0.6000000238418579,0.20782503485679626,1.0,9.885944507459499e-09,3.2680649297844866e-08,text,0.6666666865348816,0.6521739363670349,0.40740740299224854
94,cXypl4FnoZo$_$13,-1.0,0.22492220997810364,1.0,8.835105091975493e-09,4.4761097939272076e-08,text,0.550000011920929,0.48571428656578064,0.46666666865348816
569,vyB00TXsimI$_$14,2.0,0.7837380170822144,1.0,1.5490122518002636e-09,1.2441091712389607e-08,text,0.5454545617103577,0.3199999928474426,0.4333333373069763
275,jUzDDGyPkXU$_$24,-1.0,0.16760438680648804,1.0,8.448126642690568e-09,3.3966884416258836e-08,text,0.6296296119689941,0.5416666865348816,0.3928571343421936
504,tmZoasNr4rU$_$11,-0.6000000238418579,0.3498443365097046,1.0,6.617163261779524e-09,4.1964067776234515e-08,text,0.800000011920929,0.5789473652839661,0.6666666865348816
585,wMbj6ajWbic$_$3,0.0,0.38830968737602234,1.0,4.2877257300233396e-09,1.971966234748379e-08,text,0.8888888955116272,0.4444444477558136,0.375
408,ob23OKe5a9Q$_$6,0.0,0.10524851083755493,1.0,8.12575517983305e-09,4.293366373531171e-08,text,0.5600000023841858,0.4615384638309479,0.460317462682724
255,fvVhgmXxadc$_$9,-0.4000000059604645,0.1999903917312622,1.0,1.0933105976107527e-08,3.456758790321146e-08,text,0.692307710647583,0.6969696879386902,0.44999998807907104
340,lXPQBPVc5Cw$_$23,-2.4000000953674316,0.1953423023223877,1.0,7.705704518912171e-09,3.8482106390347326e-08,text,0.5333333611488342,0.47826087474823,0.4285714328289032
672,zhpQhgha_KU$_$13,-1.0,0.2689330577850342,1.0,1.5172947342989573e-08,4.7163208449774174e-08,text,0.5,0.6875,0.42105263471603394
344,lXPQBPVc5Cw$_$3,-2.4000000953674316,0.2200610637664795,0.9999998807907104,8.294970044175898e-09,6.416036768541744e-08,text,0.5,0.38461539149284363,0.5483871102333069
103,d3_k5Xpfmik$_$10,0.4000000059604645,0.07541225105524063,1.0,3.5268790110620785e-09,2.277064758970937e-08,text,0.3571428656578064,0.5846154093742371,0.5844155550003052
157,d6hH302o4v8$_$30,-2.799999952316284,0.5492611527442932,1.0,8.366968451412049e-09,3.051242103424556e-08,text,0.6666666865348816,0.47058823704719543,0.30000001192092896
332,k5Y_838nuGo$_$30,1.600000023841858,0.3951660692691803,1.0,9.03281449637916e-09,4.3581163566841497e-08,text,0.6666666865348816,0.5142857432365417,0.4878048896789551
427,phBUpBr1hSo$_$11,2.0,0.16158318519592285,1.0,8.11494338393004e-09,5.254886659145086e-08,text,0.4444444477558136,0.380952388048172,0.47999998927116394
112,d3_k5Xpfmik$_$1,2.0,0.5627037286758423,1.0,6.221421156027418e-09,3.639155465862132e-08,text,0.6800000071525574,0.4285714328289032,0.488095223903656
598,wMbj6ajWbic$_$14,-0.800000011920929,0.23983287811279297,1.0,1.2009224725773038e-08,4.8965425492042414e-08,text,0.5,0.5151515007019043,0.4000000059604645
196,etzxEpPuc6I$_$9,-2.799999952316284,0.26618507504463196,1.0,8.918609850638859e-09,4.343552717500643e-08,text,0.6190476417541504,0.5555555820465088,0.5066666603088379
363,nbWiPyCm4g0$_$10,1.2000000476837158,0.7861911654472351,1.0,9.003865208967454e-09,3.884900579009809e-08,text,0.6363636255264282,0.5365853905677795,0.4375
327,k5Y_838nuGo$_$17,0.800000011920929,0.47032177448272705,0.9999998807907104,1.0420071028249822e-08,6.32432843872266e-08,text,0.625,0.5263158082962036,0.625
39,cM3Yna7AavY$_$16,-2.799999952316284,0.5021311640739441,1.0,9.892923813481502e-09,5.1445567805785686e-08,text,0.6000000238418579,0.5357142686843872,0.529411792755127
73,cXypl4FnoZo$_$24,0.20000000298023224,0.24434736371040344,0.9999998807907104,1.2542422211936355e-08,6.244213324180237e-08,text,0.46000000834465027,0.6168224215507507,0.5555555820465088
258,iiK8YX8oH1E$_$10,0.0,0.20718654990196228,1.0,7.649691546873782e-09,3.084484490045725e-08,text,0.7142857313156128,0.6000000238418579,0.43478259444236755
660,zhpQhgha_KU$_$29,-1.2000000476837158,0.5369112491607666,1.0,1.1191800375343064e-08,4.992670454839754e-08,text,0.5714285969734192,0.5416666865348816,0.46666666865348816
423,pLTX3ipuDJI$_$7,0.800000011920929,0.12264743447303772,1.0,6.150393971893209e-09,4.552020982373506e-08,text,0.6428571343421936,0.4047619104385376,0.5600000023841858
398,ob23OKe5a9Q$_$10,1.25,0.09831508994102478,1.0,1.3105964091764122e-09,1.0524396465427799e-08,text,0.5,0.23529411852359772,0.3499999940395355
464,rnaNMUZpvvg$_$15,-1.600000023841858,0.02860259637236595,1.0,3.630632905426978e-09,2.5284158766680775e-08,text,0.3684210479259491,0.43209877610206604,0.5151515007019043
150,d6hH302o4v8$_$15,-1.75,0.17717114090919495,1.0,5.2814614903695656e-09,2.2791068587935115e-08,text,0.75,0.4285714328289032,0.3125
318,k5Y_838nuGo$_$6,2.0,-0.033310987055301666,1.0,4.171188283663696e-09,1.924989234680652e-08,text,0.4444444477558136,0.625,0.4736842215061188
566,vyB00TXsimI$_$13,2.4000000953674316,0.6060402393341064,0.9999998807907104,8.834346587605069e-09,1.0522393267820007e-07,text,0.5555555820465088,0.3888888955116272,0.8095238208770752
434,phBUpBr1hSo$_$16,-1.600000023841858,0.37438666820526123,1.0,6.074358349650311e-09,3.6252579604934e-08,text,0.7200000286102295,0.3958333432674408,0.4482758641242981
53,cW1FSBF59ik$_$23,1.399999976158142,0.09242376685142517,1.0,8.298230547154617e-09,4.772033435074263e-08,text,0.4761904776096344,0.47311827540397644,0.5089285969734192
529,v0zCBqDeKcE$_$14,1.5,0.4643631875514984,1.0,6.935441998479064e-09,3.977772067287333e-08,text,0.75,0.5517241358757019,0.5882353186607361
183,etzxEpPuc6I$_$15,0.20000000298023224,0.2598172128200531,1.0,6.819679043701399e-09,4.8130306851135174e-08,text,0.625,0.4285714328289032,0.5625
658,zhpQhgha_KU$_$23,-0.5,0.2621499300003052,1.0,6.26613960719169e-09,2.7795287849130546e-08,text,0.8333333134651184,0.6000000238418579,0.5116279125213623
352,lXPQBPVc5Cw$_$11,-1.7999999523162842,0.25821566581726074,1.0,6.7368728373651265e-09,2.877919413890595e-08,text,0.6666666865348816,0.5714285969734192,0.4444444477558136
228,f_pcplsH_V0$_$11,-0.4000000059604645,0.13571041822433472,1.0,5.758133969635537e-09,2.136490628856791e-08,text,0.4285714328289032,0.574999988079071,0.3617021143436432
266,iiK8YX8oH1E$_$1,-2.5999999046325684,0.27966615557670593,1.0,8.886162028431954e-09,3.733871167810321e-08,text,0.5833333134651184,0.4871794879436493,0.3695652186870575
390,nzpVDcQ0ywM$_$12,-1.399999976158142,0.1550779938697815,1.0,1.14461755629236e-08,4.430624045426157e-08,text,0.46666666865348816,0.6153846383094788,0.42553192377090454
96,cXypl4FnoZo$_$15,0.0,0.35992470383644104,1.0,1.0072470857380722e-08,4.107657858298808e-08,text,0.5833333134651184,0.5529412031173706,0.4215686321258545
531,v0zCBqDeKcE$_$1,2.5999999046325684,0.11854609847068787,1.0,4.557300758989413e-09,2.728269699048269e-08,text,0.4000000059604645,0.4848484992980957,0.4871794879436493
160,d6hH302o4v8$_$35,-1.600000023841858,0.13042661547660828,0.9999998807907104,1.1278865841291008e-08,6.444416555950738e-08,text,0.5,0.5897436141967773,0.6170212626457214
182,etzxEpPuc6I$_$12,0.6666666865348816,0.1362268626689911,1.0,8.264176010186475e-09,4.7026400551430925e-08,text,0.5555555820465088,0.375,0.4000000059604645
133,d6hH302o4v8$_$40,-1.0,0.2707540690898895,1.0,2.173075053235607e-09,1.0928894234041309e-08,text,1.0,0.0,0.0
308,k5Y_838nuGo$_$22,0.4000000059604645,0.1488262563943863,1.0,6.934171903338893e-09,2.3278644789570535e-08,text,0.800000011920929,0.6875,0.44736841320991516
537,v0zCBqDeKcE$_$6,0.800000011920929,0.8259713053703308,1.0,8.902667936183661e-09,4.256787278222873e-08,text,0.6499999761581421,0.4736842215061188,0.43478259444236755
520,tmZoasNr4rU$_$7,-1.0,0.18558773398399353,1.0,9.099962561265329e-09,5.556134397011192e-08,text,0.517241358757019,0.4740259647369385,0.5380434989929199
25,c7UH_rxdZv4$_$17,-1.399999976158142,0.19137579202651978,1.0,7.766882248461116e-09,4.348874327320118e-08,text,0.625,0.5277777910232544,0.5348837375640869
679,zhpQhgha_KU$_$18,0.6000000238418579,0.7110617756843567,1.0,9.241115428437752e-09,4.9873694507596156e-08,text,0.6363636255264282,0.529411792755127,0.5365853905677795
357,lXPQBPVc5Cw$_$14,-2.200000047683716,0.21579915285110474,1.0,6.359077264761481e-09,3.346196919551403e-08,text,0.6363636255264282,0.4126984179019928,0.4000000059604645
253,fvVhgmXxadc$_$7,-1.0,0.25672051310539246,1.0,3.380328905677743e-09,3.2671177763177184e-08,text,0.38461539149284363,0.4285714328289032,0.6578947305679321
443,phBUpBr1hSo$_$7,-1.0,0.2635798454284668,0.9999998807907104,1.1394614141124748e-08,6.09827495168247e-08,text,0.4761904776096344,0.4583333432674408,0.4583333432674408
50,cW1FSBF59ik$_$20,2.5,0.8884223699569702,1.0,1.1958299239722692e-08,5.604124808655797e-08,text,0.5454545617103577,0.5614035129547119,0.5072463750839233
225,f9O3YtZ2VfI$_$19,-0.6000000238418579,0.24463459849357605,1.0,8.103529403058474e-09,4.761614036397077e-08,text,0.625,0.4545454680919647,0.5
583,wMbj6ajWbic$_$29,1.7999999523162842,0.9125949740409851,0.9999998807907104,1.0808821393482049e-08,6.794390117192961e-08,text,0.5,0.44736841320991516,0.5333333611488342
314,k5Y_838nuGo$_$2,1.2000000476837158,0.19015038013458252,1.0,5.991852791709107e-09,3.560473160746369e-08,text,0.7142857313156128,0.5416666865348816,0.5714285969734192
611,yDtzw_Y-7RU$_$2,0.800000011920929,0.10411576181650162,1.0,5.755059095946535e-09,3.3776942132135446e-08,text,0.5454545617103577,0.4555555582046509,0.49074074625968933
629,yvsjCA6Y5Fc$_$21,-1.7999999523162842,0.12416394054889679,1.0,9.24206755570367e-09,4.810662801446597e-08,text,0.5600000023841858,0.5113636255264282,0.5047619342803955
666,zhpQhgha_KU$_$7,1.0,0.21298271417617798,1.0,5.946857228877889e-09,2.7198577612352892e-08,text,0.7142857313156128,0.5384615659713745,0.4375
671,zhpQhgha_KU$_$10,0.6000000238418579,0.19768866896629333,1.0,9.652610266641659e-09,5.501656730189097e-08,text,0.47058823704719543,0.5148515105247498,0.5370370149612427
316,k5Y_838nuGo$_$4,1.0,0.17049188911914825,1.0,2.720411673706735e-09,1.2747862321305092e-08,text,0.4615384638309479,0.47999998927116394,0.3333333432674408
453,rnaNMUZpvvg$_$2,2.25,0.6684460639953613,1.0,3.2417468709411423e-09,1.862094478610743e-08,text,0.4444444477558136,0.47058823704719543,0.4285714328289032
129,d6hH302o4v8$_$22,-1.0,0.21407032012939453,1.0,9.031229986078415e-09,4.8283311571140075e-08,text,0.5555555820465088,0.6216216087341309,0.5925925970077515
95,cXypl4FnoZo$_$12,2.0,0.34654897451400757,0.9999998807907104,1.336810573349112e-08,7.163314563740641e-08,text,0.46666666865348816,0.5714285969734192,0.5714285969734192
496,tStelxIAHjw$_$3,0.5,0.1948554515838623,0.9999998807907104,1.3412596366890739e-08,7.340113938880677e-08,text,0.4000000059604645,0.5333333611488342,0.529411792755127
238,f_pcplsH_V0$_$4,0.5,0.6197290420532227,1.0,1.034028418445132e-08,4.8366540994493334e-08,text,0.5833333134651184,0.5733333230018616,0.5111111402511597
211,f9O3YtZ2VfI$_$5,-1.7999999523162842,-0.11876567453145981,1.0,2.7527307100427834e-09,1.400845395238548e-08,text,0.5714285969734192,0.517241358757019,0.43809524178504944
188,etzxEpPuc6I$_$18,1.399999976158142,0.17759117484092712,1.0,1.0038083253505192e-08,4.5807809101461316e-08,text,0.6000000238418579,0.5714285969734192,0.5
278,jUzDDGyPkXU$_$27,-2.0,0.18219497799873352,1.0,3.214949417795765e-09,2.201822368874673e-08,text,0.4166666567325592,0.5,0.5400000214576721
456,rnaNMUZpvvg$_$7,-0.4000000059604645,0.30021899938583374,1.0,7.885476271951575e-09,5.0731799206005235e-08,text,0.5555555820465088,0.48275861144065857,0.5588235259056091
653,zhpQhgha_KU$_$26,0.0,-0.12287885695695877,1.0,2.7364190913203856e-09,1.5826557842046896e-08,text,0.4615384638309479,0.6190476417541504,0.5600000023841858
62,cW1FSBF59ik$_$8,1.7999999523162842,0.3161833882331848,1.0,5.482693410385764e-09,4.7712507722508235e-08,text,0.7142857313156128,0.4000000059604645,0.6451612710952759
494,tStelxIAHjw$_$16,0.800000011920929,1.3840525150299072,1.0,5.914516432170558e-09,2.9007235724520797e-08,text,1.0,0.5555555820465088,0.5454545617103577
359,lXPQBPVc5Cw$_$16,0.20000000298023224,0.1608363389968872,1.0,8.810502549749799e-09,4.590979685303864e-08,text,0.5,0.6000000238418579,0.5555555820465088
149,d6hH302o4v8$_$12,1.399999976158142,0.15717822313308716,1.0,5.300656358286915e-09,5.7996462743403754e-08,text,0.6666666865348816,0.380952388048172,0.7200000286102295
495,tStelxIAHjw$_$1,0.0,0.31184831261634827,1.0,7.469465934661912e-09,4.844492451638871e-08,text,0.5833333134651184,0.47826087474823,0.5783132314682007
614,yDtzw_Y-7RU$_$7,-0.20000000298023224,0.2099139392375946,1.0,2.141883559403368e-09,1.955847928059029e-08,text,0.46666666865348816,0.41860464215278625,0.5961538553237915
643,yvsjCA6Y5Fc$_$13,-2.0,0.16907617449760437,1.0,3.909964796378063e-09,2.398719090024315e-08,text,0.8333333134651184,0.5106382966041565,0.5535714030265808
212,f9O3YtZ2VfI$_$4,-2.4000000953674316,0.08805089443922043,1.0,3.4037104246209537e-09,2.2185879799963004e-08,text,0.27272728085517883,0.375,0.3913043439388275
364,nbWiPyCm4g0$_$1,1.2000000476837158,0.13979670405387878,1.0,4.3939962779404595e-09,2.3080886535353784e-08,text,0.4000000059604645,0.6875,0.5897436141967773
288,jUzDDGyPkXU$_$7,-0.6000000238418579,0.20017120242118835,1.0,8.09705547055728e-09,4.510243911681755e-08,text,0.5263158082962036,0.5283018946647644,0.53125
12,c7UH_rxdZv4$_$2,-2.5999999046325684,0.19663354754447937,0.9999998807907104,1.0293764951541107e-08,6.874139302226467e-08,text,0.4000000059604645,0.380952388048172,0.47999998927116394
222,f9O3YtZ2VfI$_$14,1.2000000476837158,-0.04915464669466019,1.0,3.0191402711210458e-09,3.117880353897817e-08,text,0.4444444477558136,0.4000000059604645,0.6666666865348816
215,f9O3YtZ2VfI$_$9,-2.200000047683716,0.165581613779068,1.0,1.050291942306103e-08,5.9415089737058224e-08,text,0.5384615659713745,0.5,0.5365853905677795
498,tStelxIAHjw$_$5,-2.200000047683716,0.24128088355064392,0.9999998807907104,8.366392911796083e-09,6.276895447854258e-08,text,0.5714285969734192,0.47999998927116394,0.6333333253860474
654,zhpQhgha_KU$_$27,0.800000011920929,0.8615153431892395,1.0,2.7758984000314513e-09,2.3135145355013265e-08,text,0.5,0.5833333134651184,0.7142857313156128
400,ob23OKe5a9Q$_$12,2.799999952316284,0.9833414554595947,1.0,8.710348886609154e-09,5.4337558452743906e-08,text,0.6363636255264282,0.4285714328289032,0.529411792755127
540,vvZ4IcEtiZc$_$11,1.600000023841858,0.35197195410728455,1.0,7.184027150941574e-09,2.8927011896939803e-08,text,0.6666666865348816,0.4166666567325592,0.30000001192092896
366,nbWiPyCm4g0$_$2,-2.4000000953674316,0.1692105084657669,1.0,2.1677473149850357e-09,1.952288464224239e-08,text,0.5384615659713745,0.5,0.6666666865348816
479,tIrG4oNLFzE$_$1,2.799999952316284,0.4701978266239166,1.0,6.531867935422042e-09,3.822089311711352e-08,text,0.75,0.47560974955558777,0.5204081535339355
127,d6hH302o4v8$_$20,1.0,0.42643070220947266,1.0,2.7093043364345704e-09,1.5815151854781107e-08,text,0.5,0.5199999809265137,0.4833333194255829
35,cM3Yna7AavY$_$13,-1.600000023841858,0.1648818850517273,1.0,1.846028929719523e-08,5.694885274465378e-08,text,0.30000001192092896,0.7142857313156128,0.4375
19,c7UH_rxdZv4$_$11,1.0,0.17189133167266846,1.0,8.420745878368052e-09,3.929854841544511e-08,text,0.5833333134651184,0.4749999940395355,0.40425533056259155
517,tmZoasNr4rU$_$2,-2.0,0.19309762120246887,1.0,8.094585446372093e-09,3.818759353180212e-08,text,0.5714285969734192,0.5833333134651184,0.5
515,tmZoasNr4rU$_$1,0.0,0.1435825228691101,1.0,8.647181637400081e-09,5.065734853815229e-08,text,0.5454545617103577,0.4893617033958435,0.5263158082962036
659,zhpQhgha_KU$_$28,1.399999976158142,0.4951387941837311,1.0,8.990205913050886e-09,4.6106009676805115e-08,text,0.6363636255264282,0.5357142686843872,0.529411792755127
670,zhpQhgha_KU$_$11,-2.4000000953674316,1.2016561031341553,1.0,7.924770173417528e-09,5.653036083685947e-08,text,0.5833333134651184,0.4166666567325592,0.5535714030265808
594,wMbj6ajWbic$_$10,-1.7999999523162842,0.6905421018600464,1.0,3.1804043842953433e-09,1.750821354562504e-08,text,0.4545454680919647,0.5789473652839661,0.5
128,d6hH302o4v8$_$21,-2.4000000953674316,0.3857181668281555,1.0,7.606756113887059e-09,4.506890149968967e-08,text,0.6363636255264282,0.4482758641242981,0.5
153,d6hH302o4v8$_$16,-2.0,0.215326189994812,1.0,5.545967241005201e-09,5.1642587095557246e-08,text,0.5,0.1666666716337204,0.4285714328289032
683,zhpQhgha_KU$_$34,1.2000000476837158,0.3270986080169678,0.9999998807907104,8.582686561453556e-09,6.789558426589792e-08,text,0.5,0.3333333432674408,0.5454545617103577
493,tStelxIAHjw$_$14,-1.7999999523162842,0.19962942600250244,1.0,3.4887697175634003e-09,2.8409152363906287e-08,text,0.75,0.2857142984867096,0.47058823704719543
296,jUzDDGyPkXU$_$15,1.3333333730697632,0.13294628262519836,1.0,1.1697917301489724e-08,5.191209595523105e-08,text,0.529411792755127,0.5909090638160706,0.49056604504585266
552,vyB00TXsimI$_$20,2.200000047683716,0.356272429227829,1.0,8.476372492793871e-09,5.735556740660286e-08,text,0.6363636255264282,0.4838709533214569,0.5945945978164673
396,nzpVDcQ0ywM$_$18,1.2000000476837158,1.0038586854934692,1.0,9.062496530987119e-09,5.7908259520900174e-08,text,0.5833333134651184,0.4333333373069763,0.5555555820465088
365,nbWiPyCm4g0$_$3,-1.7999999523162842,0.11522187292575836,1.0,4.978840895120129e-09,2.4492136319054225e-08,text,0.4166666567325592,0.46666666865348816,0.4000000059604645
84,cXypl4FnoZo$_$3,1.7999999523162842,0.6548841595649719,0.9999998807907104,8.793813677243634e-09,9.92655344589366e-08,text,0.5714285969734192,0.4545454680919647,0.8571428656578064
24,c7UH_rxdZv4$_$14,1.2000000476837158,0.15649667382240295,1.0,1.1007133871032693e-08,5.717512863157026e-08,text,0.5,0.5625,0.5344827771186829
560,vyB00TXsimI$_$7,2.4000000953674316,0.6027747988700867,0.9999998807907104,1.3337798421275693e-08,6.56585825709044e-08,text,0.625,0.6756756901741028,0.644444465637207
624,yDtzw_Y-7RU$_$17,0.20000000298023224,0.892382800579071,1.0,9.224649488714931e-09,4.576135026468364e-08,text,0.6086956262588501,0.5180723071098328,0.49000000953674316
7,c7UH_rxdZv4$_$23,-0.6000000238418579,0.4251343011856079,1.0,4.958862653836604e-09,2.9203198081972914e-08,text,0.25,0.5666666626930237,0.5277777910232544
536,v0zCBqDeKcE$_$7,1.399999976158142,0.30867132544517517,1.0,7.030296789167778e-09,4.598191694071829e-08,text,0.6000000238418579,0.4444444477558136,0.5483871102333069
483,tIrG4oNLFzE$_$4,1.399999976158142,0.2468380630016327,1.0,1.0649674031526501e-08,5.792272972371393e-08,text,0.46666666865348816,0.3928571343421936,0.39393940567970276
415,pLTX3ipuDJI$_$15,-1.399999976158142,0.14984235167503357,1.0,7.181616634710508e-09,4.212558124550014e-08,text,0.5600000023841858,0.4545454680919647,0.5
76,cXypl4FnoZo$_$27,0.800000011920929,0.1975688338279724,1.0,4.801145703225984e-09,3.263804160269501e-08,text,0.7142857313156128,0.30000001192092896,0.4166666567325592
413,pLTX3ipuDJI$_$13,-1.399999976158142,0.665765106678009,1.0,7.833234505483233e-09,3.6307383766143175e-08,text,0.6875,0.5,0.44736841320991516
57,cW1FSBF59ik$_$5,2.0,0.15553662180900574,1.0,1.4153023641938489e-08,3.8200557384016065e-08,text,0.6666666865348816,0.8181818127632141,0.4615384638309479
31,c7UH_rxdZv4$_$33,-1.7999999523162842,0.2461709976196289,1.0,3.3668416943299917e-09,2.5760281019415743e-08,text,0.8333333134651184,0.3333333432674408,0.5
331,k5Y_838nuGo$_$31,-1.0,0.35451433062553406,0.9999998807907104,1.52556207666521e-08,6.695793075550682e-08,text,0.4615384638309479,0.6086956262588501,0.5185185074806213
570,vyB00TXsimI$_$17,1.399999976158142,-0.2622215747833252,1.0,3.3111366981586343e-09,2.0214580231936452e-08,text,0.3684210479259491,0.5531914830207825,0.5263158082962036
528,v0zCBqDeKcE$_$15,2.4000000953674316,0.16316965222358704,1.0,8.732806477951272e-09,4.830633670849238e-08,text,0.625,0.5,0.5
117,d3_k5Xpfmik$_$7,0.4000000059604645,0.35085076093673706,1.0,2.470211368788e-09,1.9429013065064282e-08,text,0.4375,0.42168673872947693,0.523809552192688
320,k5Y_838nuGo$_$8,-1.399999976158142,-0.09557198733091354,1.0,2.8017603792562795e-09,1.4562237637960607e-08,text,0.4285714328289032,0.5,0.4166666567325592
323,k5Y_838nuGo$_$13,0.6000000238418579,0.11943697929382324,1.0,3.2884726053339364e-09,1.175867492264615e-08,text,0.5714285969734192,0.7333333492279053,0.4444444477558136
508,tmZoasNr4rU$_$15,0.25,0.18941500782966614,1.0,7.624578302056761e-09,5.091307286875235e-08,text,0.5833333134651184,0.4615384638309479,0.5625
600,wMbj6ajWbic$_$16,-0.4000000059604645,0.16642160713672638,1.0,8.147046592910101e-09,3.231716760865311e-08,text,0.7200000286102295,0.5633803009986877,0.43529412150382996
264,iiK8YX8oH1E$_$16,0.0,0.2084566354751587,1.0,5.742690323273791e-09,4.729725233687532e-08,text,0.625,0.3571428656578064,0.5625
47,cM3Yna7AavY$_$9,-0.20000000298023224,0.5697325468063354,1.0,8.2962055003577e-09,3.811933169117765e-08,text,0.6666666865348816,0.534246563911438,0.4597701132297516
421,pLTX3ipuDJI$_$5,-2.0,0.15052470564842224,1.0,7.455829731384256e-09,3.824436944910303e-08,text,0.5666666626930237,0.5303030014038086,0.49367088079452515
92,cXypl4FnoZo$_$11,1.399999976158142,0.32212579250335693,1.0,1.073817657015752e-08,5.249617274216689e-08,text,0.5483871102333069,0.568965494632721,0.5306122303009033
410,ob23OKe5a9Q$_$8,0.6000000238418579,0.7010877132415771,1.0,8.881179347497437e-09,4.457825397707893e-08,text,0.6111111044883728,0.5327102541923523,0.49152541160583496
426,pLTX3ipuDJI$_$8,-2.0,0.06896641105413437,1.0,2.7118274292803335e-09,1.3361480810658577e-08,text,0.48148149251937866,0.5967742204666138,0.47297295928001404
198,f9O3YtZ2VfI$_$24,-2.5999999046325684,0.22234180569648743,1.0,6.672599361934317e-09,3.878695764569784e-08,text,0.6800000071525574,0.5096774101257324,0.5403226017951965
490,tStelxIAHjw$_$13,-1.600000023841858,0.09947249293327332,1.0,7.379417077402195e-09,5.625983945378721e-08,text,0.5714285969734192,0.380952388048172,0.5600000023841858
166,dq3Nf_lMPnE$_$13,-1.2000000476837158,0.8804030418395996,1.0,3.743424681346141e-09,1.7729062662397155e-08,text,0.4749999940395355,0.6129032373428345,0.48128342628479004
681,zhpQhgha_KU$_$30,-2.0,-0.284758985042572,1.0,2.078992089593612e-09,2.5701044847892263e-08,text,0.5714285969734192,0.574999988079071,0.9166666865348816
276,jUzDDGyPkXU$_$25,-2.0,0.016983073204755783,1.0,2.7543327618673175e-09,2.275024080233834e-08,text,0.4117647111415863,0.5476190447807312,0.6730769276618958
243,fvVhgmXxadc$_$11,-0.20000000298023224,0.15150493383407593,1.0,3.3245592945263525e-09,1.778647273908973e-08,text,0.6000000238418579,0.5384615659713745,0.5
191,etzxEpPuc6I$_$2,1.2000000476837158,0.20198789238929749,1.0,3.344230226076661e-09,1.5991171053997277e-08,text,0.42105263471603394,0.5869565010070801,0.4363636374473572
29,c7UH_rxdZv4$_$31,-1.399999976158142,1.1901246309280396,1.0,2.015274169764325e-09,1.3728914005639581e-08,text,0.5882353186607361,0.5280898809432983,0.5514018535614014
613,yDtzw_Y-7RU$_$4,-1.0,0.2317880392074585,0.9999998807907104,1.3063615966757425e-08,6.489128168141178e-08,text,0.4444444477558136,0.515625,0.4868420958518982
164,dq3Nf_lMPnE$_$11,-0.6000000238418579,1.1142992973327637,1.0,1.967550788961603e-09,1.1529767363072096e-08,text,0.5909090638160706,0.5714285969734192,0.5263158082962036
189,etzxEpPuc6I$_$1,0.4000000059604645,0.10872369259595871,1.0,8.582458299599693e-09,3.5193412628586884e-08,text,0.6666666865348816,0.5753424763679504,0.4367816150188446
652,zhpQhgha_KU$_$25,1.0,0.31303539872169495,1.0,1.9899879522000674e-09,1.2468601262582979e-08,text,0.5625,0.47058823704719543,0.45945945382118225
75,cXypl4FnoZo$_$26,0.6000000238418579,0.31954270601272583,1.0,8.939387896589324e-09,5.1247930343834014e-08,text,0.5714285969734192,0.46666666865348816,0.5
105,d3_k5Xpfmik$_$12,2.0,0.07892519235610962,1.0,7.51855022684822e-09,3.533877190875501e-08,text,0.625,0.5,0.43661972880363464
52,cW1FSBF59ik$_$22,-1.0,0.3759690523147583,1.0,7.204170593411163e-09,3.338495702109867e-08,text,0.7200000286102295,0.5098039507865906,0.44999998807907104
664,zhpQhgha_KU$_$5,-2.200000047683716,0.11235207319259644,1.0,8.169438459049161e-09,2.9169520132654725e-08,text,0.6086956262588501,0.5555555820465088,0.3488371968269348
197,etzxEpPuc6I$_$8,-1.0,-0.039196692407131195,1.0,2.263799148138901e-09,1.622002265833089e-08,text,0.46666666865348816,0.44186046719551086,0.5192307829856873
44,cM3Yna7AavY$_$4,0.6000000238418579,0.1743377298116684,1.0,9.146597257370104e-09,4.684422449940939e-08,text,0.4642857015132904,0.449438214302063,0.4375
335,lXPQBPVc5Cw$_$26,-2.799999952316284,0.17574936151504517,1.0,1.4211235743744055e-08,5.290659643719664e-08,text,0.4545454680919647,0.6785714030265808,0.4848484992980957
381,nzpVDcQ0ywM$_$5,-0.4000000059604645,0.19850295782089233,1.0,5.910953060350721e-09,3.019913563662158e-08,text,0.692307710647583,0.5227272510528564,0.48076921701431274
142,d6hH302o4v8$_$9,-2.4000000953674316,0.35244277119636536,1.0,6.153937803787812e-09,2.731232129349337e-08,text,0.875,0.625,0.5263158082962036
86,cXypl4FnoZo$_$5,1.7999999523162842,0.75468510389328,0.9999998807907104,1.0616675538699383e-08,7.354211817300893e-08,text,0.5625,0.5161290168762207,0.6486486196517944
159,d6hH302o4v8$_$36,-2.200000047683716,0.7319775223731995,1.0,2.5553072990902592e-09,1.5640084782830854e-08,text,0.5,0.5882353186607361,0.5609756112098694
338,lXPQBPVc5Cw$_$21,1.7999999523162842,0.3528618812561035,1.0,3.3808187360762076e-09,2.6555756704738087e-08,text,0.4166666567325592,0.4285714328289032,0.5600000023841858
333,lXPQBPVc5Cw$_$24,-1.399999976158142,0.22209390997886658,1.0,8.582900612452704e-09,4.376250117843483e-08,text,0.5714285969734192,0.5714285969734192,0.5199999809265137
441,phBUpBr1hSo$_$5,-1.399999976158142,0.23648977279663086,0.9999998807907104,1.1378196163036591e-08,8.565471176780193e-08,text,0.4117647111415863,0.4528301954269409,0.6315789222717285
328,k5Y_838nuGo$_$16,0.25,0.39946895837783813,1.0,7.629029852296298e-09,4.669391273637302e-08,text,0.625,0.4736842215061188,0.5454545617103577
324,k5Y_838nuGo$_$12,0.20000000298023224,0.366933673620224,1.0,7.827126502490955e-09,3.9295926512750157e-08,text,0.6315789222717285,0.5333333611488342,0.5
377,nzpVDcQ0ywM$_$23,2.0,0.17115280032157898,1.0,1.047640996176824e-08,3.518569613447653e-08,text,0.5,0.5789473652839661,0.3636363744735718
270,iiK8YX8oH1E$_$4,-2.0,0.1667899489402771,1.0,6.004631902811752e-09,4.4082607786322114e-08,text,0.6470588445663452,0.5681818127632141,0.7169811129570007
562,vyB00TXsimI$_$9,-0.25,0.10098252445459366,1.0,2.039111324236842e-09,2.2279255773582918e-08,text,0.5,0.3529411852359772,0.625
463,rnaNMUZpvvg$_$12,-1.0,0.15482309460639954,1.0,4.029697464602577e-09,2.9801567436038567e-08,text,0.5,0.4583333432674408,0.5964912176132202
120,d3_k5Xpfmik$_$8,2.200000047683716,0.6672036051750183,1.0,1.1666232424545342e-08,4.975416700858659e-08,text,0.5714285969734192,0.6111111044883728,0.523809552192688
305,k5Y_838nuGo$_$27,-0.800000011920929,0.10848746448755264,1.0,9.317894011928729e-09,4.636298456262011e-08,text,0.4848484992980957,0.4838709533214569,0.4464285671710968
509,tmZoasNr4rU$_$14,-2.0,0.17613670229911804,1.0,5.373193445734614e-09,4.2685684320531436e-08,text,0.6111111044883728,0.4333333373069763,0.604651153087616
565,vyB00TXsimI$_$10,1.3333333730697632,0.31181517243385315,1.0,1.6466938035364365e-08,5.49390719584153e-08,text,0.4545454680919647,0.6451612710952759,0.4054054021835327
489,tStelxIAHjw$_$10,-0.4000000059604645,0.19933965802192688,1.0,5.46680034574365e-09,4.9797936441109414e-08,text,0.6666666865348816,0.4444444477558136,0.7142857313156128
130,d6hH302o4v8$_$23,-2.5999999046325684,-0.06998100131750107,1.0,2.0003960710113233e-09,1.128762683322293e-08,text,0.6666666865348816,0.5,0.44999998807907104
491,tStelxIAHjw$_$12,-1.0,0.35531118512153625,1.0,8.802910400618202e-09,3.21026938365776e-08,text,0.75,0.6551724076271057,0.47058823704719543
428,phBUpBr1hSo$_$10,-1.399999976158142,0.24509769678115845,1.0,6.692712606337636e-09,5.514074175039241e-08,text,0.5555555820465088,0.30000001192092896,0.5142857432365417
388,nzpVDcQ0ywM$_$10,-1.0,0.12596353888511658,1.0,6.883346781449973e-09,3.655029701121748e-08,text,0.6000000238418579,0.5222222208976746,0.5
43,cM3Yna7AavY$_$5,2.799999952316284,0.16204236447811127,1.0,6.172370170531849e-09,4.003009834718796e-08,text,0.6666666865348816,0.4651162922382355,0.5384615659713745
38,cM3Yna7AavY$_$14,-2.5999999046325684,0.6937692165374756,1.0,1.4250749469368884e-09,1.2859540099441347e-08,text,0.5555555820465088,0.3478260934352875,0.5185185074806213
358,lXPQBPVc5Cw$_$17,-1.7999999523162842,0.4289138913154602,0.9999998807907104,1.23611423319403e-08,7.287690095836297e-08,text,0.5,0.52173912525177,0.5783132314682007
450,rnaNMUZpvvg$_$22,-2.200000047683716,0.14777833223342896,1.0,1.0651583615128857e-08,5.1824148528112346e-08,text,0.48275861144065857,0.5277777910232544,0.48275861144065857
83,cXypl4FnoZo$_$1,1.0,0.21297216415405273,1.0,5.7007620846150076e-09,2.2630835871950694e-08,text,0.7692307829856873,0.6086956262588501,0.40740740299224854
45,cM3Yna7AavY$_$7,3.0,0.9375357031822205,1.0,5.739832609208406e-09,3.219743760496385e-08,text,0.5555555820465088,0.47297295928001404,0.4749999940395355
348,lXPQBPVc5Cw$_$7,-2.799999952316284,-0.013499952852725983,1.0,3.6318585916461643e-09,2.1409370276614936e-08,text,0.36666667461395264,0.523809552192688,0.5064935088157654
581,wMbj6ajWbic$_$23,1.7999999523162842,0.484595388174057,1.0,4.3395669280243965e-09,3.641231316464655e-08,text,0.4000000059604645,0.517241358757019,0.6764705777168274
334,lXPQBPVc5Cw$_$25,-2.4000000953674316,0.17468398809432983,1.0,4.116903262740834e-09,3.0330170375236776e-08,text,0.8260869383811951,0.49152541160583496,0.6341463327407837
371,nbWiPyCm4g0$_$9,-1.399999976158142,0.1806144416332245,1.0,9.646941023788713e-09,5.669848945899503e-08,text,0.5,0.5957446694374084,0.625
386,nzpVDcQ0ywM$_$8,2.0,0.8286448121070862,1.0,1.246089809114892e-08,5.8200587460532915e-08,text,0.5714285969734192,0.5799999833106995,0.5166666507720947
179,etzxEpPuc6I$_$11,-1.600000023841858,0.3286239802837372,1.0,1.0393632621230608e-08,3.9839221699367044e-08,text,0.5789473652839661,0.6078431606292725,0.4354838728904724
617,yDtzw_Y-7RU$_$8,-1.5,0.1677865982055664,1.0,8.724515332403371e-09,3.1020366719758385e-08,text,0.7142857313156128,0.6875,0.4736842215061188
193,etzxEpPuc6I$_$4,0.800000011920929,0.41867244243621826,0.9999998807907104,1.151521633602215e-08,6.958579490401462e-08,text,0.5,0.49056604504585266,0.5645161271095276
439,phBUpBr1hSo$_$3,2.799999952316284,0.22778236865997314,1.0,6.497461679799699e-09,2.8324691925263323e-08,text,0.6428571343421936,0.6341463327407837,0.5306122303009033
131,d6hH302o4v8$_$28,-1.0,0.6020826101303101,1.0,2.5736497377693013e-09,1.54114747630274e-08,text,0.523809552192688,0.4583333432674408,0.4482758641242981
627,yDtzw_Y-7RU$_$18,-2.0,1.0587873458862305,1.0,2.1091270951956176e-09,1.4902850509201926e-08,text,0.5,0.3877550959587097,0.4482758641242981
54,cW1FSBF59ik$_$1,-2.5999999046325684,-0.18088841438293457,1.0,1.7659866902164367e-09,1.5238899919722826e-08,text,0.5,0.3913043439388275,0.5421686768531799
573,vyB00TXsimI$_$18,2.4000000953674316,0.3890593349933624,0.9999998807907104,1.3565965240047717e-08,6.307908506641979e-08,text,0.5,0.6111111044883728,0.5454545617103577
147,d6hH302o4v8$_$10,-1.2000000476837158,0.18761903047561646,1.0,4.646919737893995e-09,2.240047969337411e-08,text,0.7272727489471436,0.5263158082962036,0.4545454680919647
574,wMbj6ajWbic$_$24,1.399999976158142,0.17722254991531372,0.9999998807907104,1.1694903712111682e-08,6.851637834870417e-08,text,0.5,0.529411792755127,0.5714285969734192
475,tIrG4oNLFzE$_$14,-2.4000000953674316,0.06529554724693298,1.0,3.6332168384944907e-09,2.0599639327656405e-08,text,0.4888888895511627,0.45270270109176636,0.451977401971817
638,yvsjCA6Y5Fc$_$6,0.0,0.17269448935985565,1.0,5.1777679921372055e-09,2.9658103528618085e-08,text,0.7272727489471436,0.523809552192688,0.5416666865348816
375,nzpVDcQ0ywM$_$21,-1.399999976158142,0.1760234534740448,1.0,5.1202668771566096e-09,2.7817563363896625e-08,text,0.6000000238418579,0.5769230723381042,0.5714285969734192
438,phBUpBr1hSo$_$1,1.399999976158142,0.6468680500984192,0.9999998807907104,1.4003563642006611e-08,7.825831005447981e-08,text,0.5,0.5909090638160706,0.6296296119689941
336,lXPQBPVc5Cw$_$27,-2.799999952316284,0.18917426466941833,1.0,9.848342585883074e-09,4.342243542510005e-08,text,0.5,0.6451612710952759,0.5263158082962036
285,jUzDDGyPkXU$_$2,2.5999999046325684,0.9863533973693848,1.0,6.2827263391795896e-09,2.287267797385084e-08,text,0.8888888955116272,0.5600000023841858,0.3870967626571655
657,zhpQhgha_KU$_$22,0.6000000238418579,0.20746877789497375,1.0,8.909938564727327e-09,4.536255460152461e-08,text,0.6363636255264282,0.5555555820465088,0.523809552192688
203,f9O3YtZ2VfI$_$21,2.0,0.16359460353851318,1.0,6.58515775242563e-09,3.719349450648224e-08,text,0.6000000238418579,0.5526315569877625,0.5777778029441833
632,yvsjCA6Y5Fc$_$1,-2.0,0.19263780117034912,1.0,1.0301464570261487e-08,4.142947318541701e-08,text,0.40740740299224854,0.5555555820465088,0.40740740299224854
557,vyB00TXsimI$_$2,-2.4000000953674316,0.15819425880908966,1.0,3.4918055114019353e-09,2.554061317994183e-08,text,0.29629629850387573,0.4888888895511627,0.5648148059844971
462,rnaNMUZpvvg$_$13,-2.0,0.1437952220439911,1.0,6.0207909768905665e-09,2.4522471164800663e-08,text,0.75,0.47058823704719543,0.3333333432674408
249,fvVhgmXxadc$_$3,-2.200000047683716,0.17845097184181213,0.9999998807907104,1.0985361953430584e-08,7.59698579599899e-08,text,0.4000000059604645,0.3636363744735718,0.5
372,nbWiPyCm4g0$_$8,-2.200000047683716,0.20379620790481567,1.0,5.7233906503029175e-09,3.055551900388309e-08,text,0.6666666865348816,0.5263158082962036,0.489130437374115
93,cXypl4FnoZo$_$10,2.0,0.47705838084220886,1.0,1.081732037278016e-08,5.357457055765735e-08,text,0.5833333134651184,0.5151515007019043,0.4871794879436493
240,f_pcplsH_V0$_$6,1.600000023841858,0.2348245084285736,1.0,5.610078623874415e-09,3.2483836065466676e-08,text,0.6666666865348816,0.3333333432674408,0.3888888955116272
469,rnaNMUZpvvg$_$18,-2.200000047683716,0.2442726194858551,1.0,8.671659834647016e-09,4.379799278808605e-08,text,0.5813953280448914,0.525547444820404,0.4601227045059204
604,yDtzw_Y-7RU$_$24,-0.800000011920929,0.17502036690711975,1.0,5.585042206490698e-09,2.502975426921239e-08,text,0.7777777910232544,0.5625,0.44999998807907104
49,cW1FSBF59ik$_$24,0.0,0.4813622236251831,1.0,3.5518907814946488e-09,1.7932300977463456e-08,text,0.5,0.5517241358757019,0.4571428596973419
451,rnaNMUZpvvg$_$1,-2.5999999046325684,-0.32392820715904236,1.0,1.8675925250732917e-09,1.8963815406891626e-08,text,0.5,0.41860464215278625,0.6470588445663452
558,vyB00TXsimI$_$5,1.7999999523162842,0.8338739275932312,1.0,3.995395125855339e-09,3.330850617544456e-08,text,0.8571428656578064,0.30000001192092896,0.5454545617103577
126,d6hH302o4v8$_$27,-2.5999999046325684,0.22955745458602905,1.0,1.4101341427874559e-08,3.721279639989916e-08,text,0.4000000059604645,0.4444444477558136,0.09090909361839294
431,phBUpBr1hSo$_$15,-2.200000047683716,1.0174987316131592,0.9999998807907104,1.167059249240765e-08,6.139320163356388e-08,text,0.5400000214576721,0.4968944191932678,0.4845360815525055
500,tStelxIAHjw$_$7,1.399999976158142,0.26811861991882324,0.9999998807907104,1.7753322367752844e-08,6.271331187690521e-08,text,0.5,0.7647058963775635,0.550000011920929
519,tmZoasNr4rU$_$4,-0.800000011920929,0.1563407927751541,1.0,6.538785957133086e-09,3.936711934215964e-08,text,0.625,0.4751773178577423,0.5178571343421936
470,tIrG4oNLFzE$_$11,-1.600000023841858,0.1438140571117401,1.0,7.4135715344425535e-09,4.426164323945159e-08,text,0.5625,0.4649122953414917,0.5147058963775635
5,c7UH_rxdZv4$_$21,-0.800000011920929,0.25820308923721313,1.0,7.793578227222042e-09,3.6664733471525324e-08,text,0.6842105388641357,0.54347825050354,0.48275861144065857
231,f_pcplsH_V0$_$12,-0.800000011920929,0.21487069129943848,1.0,9.73642855228718e-09,5.508439571144663e-08,text,0.47999998927116394,0.4893617033958435,0.48860758543014526
298,jUzDDGyPkXU$_$17,-2.799999952316284,0.2408476173877716,0.9999998807907104,1.1907223651519416e-08,6.330230206685883e-08,text,0.4285714328289032,0.4761904776096344,0.4615384638309479
533,v0zCBqDeKcE$_$2,-0.4000000059604645,-0.05356519669294357,1.0,1.7470743740588546e-09,1.3164520140662717e-08,text,0.5454545617103577,0.3636363744735718,0.44999998807907104
502,tStelxIAHjw$_$9,-1.399999976158142,0.20393425226211548,1.0,2.6576225664598496e-08,5.3583153913905335e-08,text,0.4444444477558136,0.8666666746139526,0.3888888955116272
307,k5Y_838nuGo$_$21,-0.20000000298023224,0.19919666647911072,1.0,6.280689746063217e-09,4.784346074870882e-08,text,0.5833333134651184,0.5454545617103577,0.7037037014961243
16,c7UH_rxdZv4$_$6,-2.5999999046325684,0.05567843094468117,1.0,2.578214308712745e-09,1.4745671350624434e-08,text,0.5600000023841858,0.523809552192688,0.49000000953674316
422,pLTX3ipuDJI$_$4,-2.200000047683716,0.7528698444366455,1.0,2.789070530084814e-09,1.7764875792636303e-08,text,0.4722222089767456,0.5544554591178894,0.5593220591545105
151,d6hH302o4v8$_$14,-1.7999999523162842,0.21749398112297058,1.0,7.183520445153135e-09,4.332465053380474e-08,text,0.6428571343421936,0.517241358757019,0.5714285969734192
641,yvsjCA6Y5Fc$_$11,2.0,0.14911219477653503,1.0,9.046797977418919e-09,4.840382317183867e-08,text,0.529411792755127,0.5365853905677795,0.5510203838348389
204,f9O3YtZ2VfI$_$22,1.399999976158142,0.4705376625061035,1.0,6.645723527043401e-09,3.852125018966035e-08,text,0.7272727489471436,0.48275861144065857,0.529411792755127
329,k5Y_838nuGo$_$19,-0.6000000238418579,0.10317029058933258,1.0,4.678482490305669e-09,2.743606408728283e-08,text,0.3684210479259491,0.6857143044471741,0.6428571343421936
414,pLTX3ipuDJI$_$12,-2.0,0.26038867235183716,1.0,9.351972529714203e-09,4.988815760498255e-08,text,0.6388888955116272,0.5909090638160706,0.5862069129943848
485,tIrG4oNLFzE$_$6,1.25,0.3051956593990326,1.0,6.715179079463951e-09,5.264688240913529e-08,text,0.5384615659713745,0.32258063554763794,0.5135135054588318
351,lXPQBPVc5Cw$_$8,2.5999999046325684,0.5029998421669006,0.9999998807907104,1.0553220519682327e-08,7.685393654810468e-08,text,0.4545454680919647,0.46666666865348816,0.6285714507102966
393,nzpVDcQ0ywM$_$17,1.600000023841858,0.44407033920288086,1.0,1.5608307979420033e-09,1.4333846110048398e-08,text,0.5,0.30434781312942505,0.48148149251937866
337,lXPQBPVc5Cw$_$20,-1.7999999523162842,0.12572039663791656,1.0,3.1909954678610575e-09,1.9713871424187346e-08,text,0.39393940567970276,0.4343434274196625,0.44594594836235046
181,etzxEpPuc6I$_$13,-2.200000047683716,0.48407983779907227,1.0,1.0646282078141667e-08,4.5574246598789614e-08,text,0.5277777910232544,0.49494948983192444,0.39047619700431824
609,yDtzw_Y-7RU$_$1,0.800000011920929,0.6093336343765259,1.0,1.3561594514044373e-08,5.774403177838394e-08,text,0.4117647111415863,0.5555555820465088,0.446153849363327
488,tStelxIAHjw$_$11,-2.799999952316284,0.21481236815452576,1.0,6.986038414424911e-09,3.6887726651002595e-08,text,0.6666666865348816,0.47058823704719543,0.44999998807907104
60,cW1FSBF59ik$_$6,1.2000000476837158,0.4637826681137085,1.0,2.7423756598921045e-09,1.1660982401906494e-08,text,0.5,0.6153846383094788,0.4000000059604645
294,jUzDDGyPkXU$_$13,-0.6000000238418579,0.20357879996299744,0.9999998807907104,1.0492727575694971e-08,6.483400483148216e-08,text,0.5333333611488342,0.5098039507865906,0.5901639461517334
534,v0zCBqDeKcE$_$5,2.0,0.4687054753303528,1.0,9.027596448163422e-09,5.0498851322799965e-08,text,0.6666666865348816,0.5333333611488342,0.5833333134651184
347,lXPQBPVc5Cw$_$4,-1.2000000476837158,0.12653927505016327,1.0,8.625866243505698e-09,4.689992394446563e-08,text,0.4285714328289032,0.5,0.4893617033958435
610,yDtzw_Y-7RU$_$3,0.75,0.7695840001106262,1.0,3.838832363101119e-09,1.7771721871895352e-08,text,0.3571428656578064,0.5762711763381958,0.41428571939468384
269,iiK8YX8oH1E$_$5,-0.4000000059604645,0.2259860336780548,1.0,9.259022881735746e-09,4.78188297847737e-08,text,0.5428571701049805,0.4876033067703247,0.4749999940395355
612,yDtzw_Y-7RU$_$5,0.5,0.4492926299571991,1.0,8.599269740727777e-09,3.5670801423748344e-08,text,0.4736842215061188,0.5846154093742371,0.43589743971824646
281,jUzDDGyPkXU$_$22,-2.4000000953674316,0.14360342919826508,1.0,6.042730760213999e-09,3.8387394596384183e-08,text,0.6111111044883728,0.46000000834465027,0.5254237055778503
180,etzxEpPuc6I$_$10,-1.399999976158142,0.16722458600997925,1.0,1.868725618692224e-09,1.6908092703715738e-08,text,0.5,0.42500001192092896,0.5957446694374084
311,k5Y_838nuGo$_$29,-0.75,0.14273756742477417,1.0,7.724687556276422e-09,4.4837399570951675e-08,text,0.6000000238418579,0.5,0.5263158082962036
578,wMbj6ajWbic$_$20,-0.4000000059604645,1.5766456127166748,1.0,2.823987932387695e-09,1.3898140416301885e-08,text,0.46666666865348816,0.5952380895614624,0.45098039507865906
0,c7UH_rxdZv4$_$24,-1.7999999523162842,0.1714436411857605,1.0,8.508346915903076e-09,3.92309971175564e-08,text,0.4285714328289032,0.4848484992980957,0.41025641560554504
239,f_pcplsH_V0$_$7,0.0,-0.0084303617477417,1.0,3.0050761878896992e-09,1.6370327315939903e-08,text,0.5454545617103577,0.5,0.4482758641242981
376,nzpVDcQ0ywM$_$22,2.0,0.23672163486480713,1.0,4.496275352039447e-09,2.2855756398598714e-08,text,0.5555555820465088,0.0,0.0
446,phBUpBr1hSo$_$8,-2.200000047683716,0.46856454014778137,0.9999998807907104,1.2700050788794215e-08,6.203484304023732e-08,text,0.4399999976158142,0.5457317233085632,0.4855305552482605
676,zhpQhgha_KU$_$17,1.75,0.9006534814834595,1.0,9.791292221450476e-09,5.157988169912642e-08,text,0.5384615659713745,0.5277777910232544,0.5142857432365417
547,vvZ4IcEtiZc$_$4,2.200000047683716,0.2004634141921997,1.0,9.721805582785237e-09,5.246224077382067e-08,text,0.5,0.49038460850715637,0.5
116,d3_k5Xpfmik$_$4,-1.0,0.21342596411705017,1.0,3.6295597638513755e-09,2.631835904765012e-08,text,0.8333333134651184,0.40425533056259155,0.5357142686843872
46,cM3Yna7AavY$_$6,2.799999952316284,0.22299331426620483,1.0,9.63504387385683e-09,5.8686715931344224e-08,text,0.46666666865348816,0.4642857015132904,0.5259259343147278
532,v0zCBqDeKcE$_$3,0.6000000238418579,0.22925621271133423,0.9999998807907104,1.0213930146107941e-08,6.238725092089226e-08,text,0.5,0.47999998927116394,0.5333333611488342
524,v0zCBqDeKcE$_$11,1.600000023841858,0.18058110773563385,1.0,3.561089423342878e-09,1.9849814236749808e-08,text,0.4375,0.4864864945411682,0.45348837971687317
309,k5Y_838nuGo$_$23,-0.20000000298023224,0.6158429384231567,1.0,1.1212097916768471e-08,2.2356474005391647e-08,text,0.8333333134651184,0.8181818127632141,0.3571428656578064
108,d3_k5Xpfmik$_$17,1.600000023841858,0.16796481609344482,1.0,4.104515394232067e-09,3.4410632565595733e-08,text,0.5384615659713745,0.29729729890823364,0.5227272510528564
171,dq3Nf_lMPnE$_$3,-1.2000000476837158,0.1986631453037262,1.0,6.136988250915465e-09,4.40035599069688e-08,text,0.7142857313156128,0.47826087474823,0.6296296119689941
248,fvVhgmXxadc$_$1,-0.4000000059604645,0.1355871856212616,0.9999998807907104,1.2929064929778633e-08,6.015444853346708e-08,text,0.44999998807907104,0.5384615659713745,0.47727271914482117
82,cXypl4FnoZo$_$29,-1.399999976158142,0.1765240728855133,1.0,4.719053592339151e-09,3.505406453996329e-08,text,0.7142857313156128,0.4000000059604645,0.5454545617103577
14,c7UH_rxdZv4$_$4,1.600000023841858,0.8032679557800293,0.9999998807907104,1.337636934550801e-08,6.534425267545885e-08,text,0.5333333611488342,0.5490196347236633,0.5245901346206665
346,lXPQBPVc5Cw$_$5,-1.0,0.3028241693973541,1.0,8.067626566798936e-09,3.923765845570415e-08,text,0.6071428656578064,0.4868420958518982,0.44565218687057495
662,zhpQhgha_KU$_$3,-1.600000023841858,0.11296471953392029,1.0,4.505383621733472e-09,3.0228928693532e-08,text,0.44999998807907104,0.4482758641242981,0.5357142686843872
550,vvZ4IcEtiZc$_$9,2.200000047683716,0.861947238445282,1.0,2.756461059405524e-09,1.3536939569291917e-08,text,0.53125,0.5376344323158264,0.4324324429035187
407,ob23OKe5a9Q$_$7,0.6000000238418579,0.46590426564216614,1.0,8.522770045260586e-09,4.053078583865499e-08,text,0.6470588445663452,0.5625,0.5
162,d6hH302o4v8$_$33,-3.0,0.3512424826622009,1.0,5.9207581060150005e-09,2.7170164784706685e-08,text,0.800000011920929,0.4285714328289032,0.375
673,zhpQhgha_KU$_$12,-1.399999976158142,0.045878201723098755,1.0,3.3902400886631767e-09,1.950241568238198e-08,text,0.31578946113586426,0.5600000023841858,0.5
34,cM3Yna7AavY$_$10,1.600000023841858,0.470537006855011,1.0,5.9139635411042946e-09,4.503890949081324e-08,text,0.7142857313156128,0.42105263471603394,0.6086956262588501
330,k5Y_838nuGo$_$18,0.4000000059604645,0.21553859114646912,0.9999998807907104,1.519991243981167e-08,9.728561423116844e-08,text,0.5,0.6470588445663452,0.75
480,tIrG4oNLFzE$_$3,2.5999999046325684,0.9831947684288025,0.9999998807907104,8.19079648550769e-09,7.730645279480086e-08,text,0.5714285969734192,0.3589743673801422,0.6382978558540344
620,yDtzw_Y-7RU$_$13,-1.7999999523162842,0.09607772529125214,1.0,8.752232716346953e-09,4.6787612006937707e-08,text,0.52173912525177,0.5,0.489130437374115
257,iiK8YX8oH1E$_$11,1.0,0.1456756442785263,1.0,6.1388383265637e-09,3.641106616214529e-08,text,0.7307692170143127,0.4430379867553711,0.4893617033958435
28,c7UH_rxdZv4$_$18,-2.25,0.20090821385383606,1.0,4.441121692622119e-09,2.3589104003463035e-08,text,0.8666666746139526,0.517241358757019,0.49275362491607666
503,tStelxIAHjw$_$8,-2.0,0.6490573287010193,0.9999998807907104,2.192439296777593e-08,1.0190797183895484e-07,text,0.4444444477558136,0.7272727489471436,0.692307710647583
260,iiK8YX8oH1E$_$12,1.7999999523162842,0.3151742219924927,1.0,1.1339892580508604e-08,5.45994609524314e-08,text,0.6000000238418579,0.6666666865348816,0.6315789222717285
136,d6hH302o4v8$_$3,0.20000000298023224,0.8963566422462463,1.0,9.65470814406899e-09,4.882152992990996e-08,text,0.6111111044883728,0.5306122303009033,0.5
555,vyB00TXsimI$_$1,0.0,0.26680004596710205,0.9999998807907104,1.182804432175999e-08,7.258239520524512e-08,text,0.4000000059604645,0.40740740299224854,0.46875
272,iiK8YX8oH1E$_$6,0.20000000298023224,0.2984338402748108,1.0,8.73843841731059e-09,2.721300340624566e-08,text,0.7142857313156128,0.6000000238418579,0.3333333432674408
304,k5Y_838nuGo$_$26,2.0,0.24730640649795532,0.9999998807907104,9.635336972735331e-09,8.693987751939858e-08,text,0.5,0.44999998807907104,0.7083333134651184
137,d6hH302o4v8$_$2,-1.7999999523162842,0.21014052629470825,1.0,1.0279109119437635e-08,5.679417114379248e-08,text,0.5454545617103577,0.4545454680919647,0.4871794879436493
295,jUzDDGyPkXU$_$12,0.5,-0.0652989074587822,1.0,2.4149504618264928e-09,1.257543225108293e-08,text,0.6000000238418579,0.6000000238418579,0.5
256,fvVhgmXxadc$_$8,-0.5,0.24352288246154785,1.0,7.777763322280862e-09,4.384028429171849e-08,text,0.5714285969734192,0.4000000059604645,0.4166666567325592
241,f_pcplsH_V0$_$9,-2.4000000953674316,0.2779715359210968,1.0,7.400870138951632e-09,2.4606620740996732e-08,text,0.6666666865348816,0.47058823704719543,0.2380952388048172
437,phBUpBr1hSo$_$20,-1.25,0.17563363909721375,0.9999998807907104,1.0707946529464607e-08,7.411609459495594e-08,text,0.4583333432674408,0.5,0.6206896305084229
287,jUzDDGyPkXU$_$4,-1.600000023841858,0.14260715246200562,1.0,5.281844295268456e-09,3.672975878998841e-08,text,0.6315789222717285,0.3932584226131439,0.5
65,cW1FSBF59ik$_$13,2.0,0.15764595568180084,1.0,9.387662203153013e-09,5.389670576505523e-08,text,0.5789473652839661,0.5443037748336792,0.5744680762290955
487,tIrG4oNLFzE$_$8,-1.2000000476837158,0.4777759313583374,0.9999998807907104,1.1580081782369689e-08,6.959415799201452e-08,text,0.46000000834465027,0.5230769515037537,0.5555555820465088
412,pLTX3ipuDJI$_$10,-1.600000023841858,0.8459084630012512,1.0,3.874028653427786e-09,2.1819351658791675e-08,text,0.47826087474823,0.5245901346206665,0.4931506812572479
194,etzxEpPuc6I$_$7,-1.2000000476837158,0.0853760689496994,1.0,6.6439365120629645e-09,4.859957059011322e-08,text,0.625,0.4861111044883728,0.6290322542190552
268,iiK8YX8oH1E$_$2,1.2000000476837158,-0.13191920518875122,1.0,2.7248827638715056e-09,2.5452687069105195e-08,text,0.4285714328289032,0.4000000059604645,0.6052631735801697
429,phBUpBr1hSo$_$13,0.800000011920929,0.8051404356956482,1.0,6.646078354322071e-09,2.232477136487887e-08,text,0.5454545617103577,0.5789473652839661,0.3181818127632141
91,cXypl4FnoZo$_$8,1.399999976158142,0.9103714227676392,1.0,5.688260085179309e-09,4.106788509261605e-08,text,0.47826087474823,0.4084506928920746,0.5357142686843872
27,c7UH_rxdZv4$_$19,-1.7999999523162842,0.15111690759658813,0.9999998807907104,1.2184900199940785e-08,6.37794386193491e-08,text,0.4444444477558136,0.5111111402511597,0.5
213,f9O3YtZ2VfI$_$7,-1.2000000476837158,0.20694109797477722,1.0,5.140728731589661e-09,3.501190093402329e-08,text,0.6363636255264282,0.3499999940395355,0.4583333432674408
210,f9O3YtZ2VfI$_$2,1.25,0.42286840081214905,1.0,1.2484902889298155e-08,4.1055823629676524e-08,text,0.5714285969734192,0.5769230723381042,0.35483869910240173
639,yvsjCA6Y5Fc$_$9,-1.399999976158142,0.11062456667423248,1.0,8.410344420894944e-09,4.674140541283123e-08,text,0.5263158082962036,0.4736842215061188,0.4852941036224365
81,cXypl4FnoZo$_$28,-2.200000047683716,0.6564818024635315,1.0,9.670889866697507e-09,4.1987846088886727e-08,text,0.6363636255264282,0.5199999809265137,0.4333333373069763
674,zhpQhgha_KU$_$15,-2.0,0.1447235345840454,1.0,4.679213905234292e-09,3.333640918867786e-08,text,0.6216216087341309,0.34736841917037964,0.47311827540397644
265,iiK8YX8oH1E$_$18,-1.0,0.176412895321846,1.0,2.5547177706641833e-09,2.491068684662423e-08,text,0.4545454680919647,0.48148149251937866,0.6875
42,cM3Yna7AavY$_$2,2.5,1.1530189514160156,1.0,2.56990717595329e-09,1.2348749578450224e-08,text,0.5714285969734192,0.5769230723381042,0.4333333373069763
571,vyB00TXsimI$_$16,0.4000000059604645,0.458522766828537,1.0,9.449405702355307e-09,4.508893525212443e-08,text,0.6363636255264282,0.5106382966041565,0.47787609696388245
104,d3_k5Xpfmik$_$13,2.200000047683716,0.701144278049469,1.0,9.016719815235774e-09,2.774062757282536e-08,text,0.6666666865348816,0.523809552192688,0.2800000011920929
477,tIrG4oNLFzE$_$16,-1.600000023841858,0.4931311309337616,1.0,7.763031106833296e-09,4.66948044675064e-08,text,0.5833333134651184,0.43023255467414856,0.49514561891555786
394,nzpVDcQ0ywM$_$16,1.399999976158142,1.0042660236358643,1.0,7.286088621327735e-09,4.5450111230138646e-08,text,0.75,0.46341463923454285,0.5510203838348389
177,dq3Nf_lMPnE$_$9,-0.800000011920929,0.1342942863702774,1.0,5.563353333570831e-09,2.3584695085787644e-08,text,0.75,0.5652173757553101,0.4285714328289032
192,etzxEpPuc6I$_$5,0.0,0.6783244013786316,1.0,3.53429330246513e-09,2.6162751964875497e-08,text,0.3478260934352875,0.4444444477558136,0.5263158082962036
97,cXypl4FnoZo$_$14,-0.6000000238418579,0.14765959978103638,1.0,8.767386816543876e-09,4.764466510209786e-08,text,0.48275861144065857,0.47297295928001404,0.47191011905670166
677,zhpQhgha_KU$_$16,1.7999999523162842,1.2516348361968994,1.0,2.9431106440824806e-09,1.5792995355923267e-08,text,0.4375,0.5652173757553101,0.4727272689342499
259,iiK8YX8oH1E$_$13,-2.0,0.191631019115448,0.9999998807907104,8.567671905268526e-09,6.754334691549957e-08,text,0.5454545617103577,0.46666666865348816,0.6666666865348816
634,yvsjCA6Y5Fc$_$2,-1.2000000476837158,0.12762796878814697,1.0,6.4754885897855274e-09,1.846758124202097e-08,text,0.5833333134651184,0.6785714030265808,0.3529411852359772
306,k5Y_838nuGo$_$20,0.4000000059604645,0.17647656798362732,1.0,6.0596856421568646e-09,3.0690269881006316e-08,text,0.699999988079071,0.4736842215061188,0.4285714328289032
152,d6hH302o4v8$_$17,-2.0,0.3138834536075592,1.0,5.012744441756922e-09,2.0455477311998038e-08,text,0.8333333134651184,0.46666666865348816,0.3333333432674408
9,c7UH_rxdZv4$_$29,0.6000000238418579,0.13819026947021484,1.0,3.6294767191691335e-09,2.2362955931498618e-08,text,0.3333333432674408,0.5531914830207825,0.5263158082962036
582,wMbj6ajWbic$_$28,2.4000000953674316,0.6277272701263428,1.0,7.134214108361903e-09,4.565716338333914e-08,text,0.6315789222717285,0.36000001430511475,0.46666666865348816
568,vyB00TXsimI$_$15,2.5999999046325684,0.1930186152458191,0.9999998807907104,9.338354090004941e-09,6.794947182697797e-08,text,0.44999998807907104,0.47826087474823,0.6219512224197388
279,jUzDDGyPkXU$_$20,-2.200000047683716,0.21320325136184692,1.0,4.8083124148945444e-09,3.37558176966013e-08,text,0.699999988079071,0.37837839126586914,0.4888888895511627
66,cW1FSBF59ik$_$12,2.200000047683716,-0.030110113322734833,1.0,1.877854760579112e-09,1.7200582291820865e-08,text,0.47999998927116394,0.4027777910232544,0.5813953280448914
271,iiK8YX8oH1E$_$7,-1.600000023841858,0.4641808569431305,1.0,3.334542197919177e-09,1.9236017223533963e-08,text,0.4545454680919647,0.6000000238418579,0.5531914830207825
516,tmZoasNr4rU$_$3,-2.0,0.2066073715686798,1.0,6.6332117576450855e-09,4.575462853040335e-08,text,0.5,0.3076923191547394,0.4375
572,vyB00TXsimI$_$19,1.2000000476837158,0.27917659282684326,1.0,4.897819483318244e-09,3.911734935968525e-08,text,0.7142857313156128,0.3333333432674408,0.5454545617103577
158,d6hH302o4v8$_$37,-2.200000047683716,0.18818911910057068,1.0,3.947567606132907e-09,2.4111130869641784e-08,text,1.0,0.5,0.5555555820465088
283,jUzDDGyPkXU$_$1,2.799999952316284,0.18095779418945312,1.0,3.960629602062227e-09,3.071931686804419e-08,text,0.8571428656578064,0.4000000059604645,0.5882353186607361
684,zhpQhgha_KU$_$33,-0.4000000059604645,0.1976601481437683,1.0,7.0987464795280175e-09,4.295283062560884e-08,text,0.5625,0.5490196347236633,0.5901639461517334
15,c7UH_rxdZv4$_$7,-3.0,0.20010843873023987,0.9999998807907104,1.2058939624637333e-08,6.301510779849195e-08,text,0.5714285969734192,0.6875,0.6499999761581421
71,cW1FSBF59ik$_$19,0.20000000298023224,0.22798818349838257,0.9999998807907104,6.602776991826431e-09,7.629397202890686e-08,text,0.5,0.2916666567325592,0.6551724076271057
161,d6hH302o4v8$_$34,-3.0,0.31528207659721375,1.0,9.089103691906075e-09,4.899167649341507e-08,text,0.6000000238418579,0.4444444477558136,0.4545454680919647
466,rnaNMUZpvvg$_$17,-1.600000023841858,0.2039230465888977,0.9999998807907104,1.1719556880507298e-08,6.44248743242315e-08,text,0.4285714328289032,0.4761904776096344,0.47999998927116394
224,f9O3YtZ2VfI$_$16,-1.0,0.1284332126379013,1.0,4.340121595447499e-09,2.116971309362725e-08,text,0.5416666865348816,0.5185185074806213,0.45098039507865906
353,lXPQBPVc5Cw$_$10,-2.200000047683716,0.1470615267753601,1.0,7.809037860795343e-09,4.346303938973506e-08,text,0.5714285969734192,0.5,0.4972677528858185
425,pLTX3ipuDJI$_$9,0.0,0.15816941857337952,1.0,4.346641269137308e-09,2.5118085389408407e-08,text,0.59375,0.4848484992980957,0.5128205418586731
187,etzxEpPuc6I$_$19,-0.5,0.1553192436695099,1.0,8.121539885053153e-09,5.5479169702721265e-08,text,0.46000000834465027,0.4327485263347626,0.5196078419685364
59,cW1FSBF59ik$_$7,0.5,0.24297335743904114,0.9999998807907104,1.2266982096775791e-08,1.1794190868386067e-07,text,0.4000000059604645,0.47058823704719543,0.75
645,yvsjCA6Y5Fc$_$15,-2.0,0.11549121141433716,1.0,4.3865266974307815e-09,3.4305454477134845e-08,text,0.5,0.3684210479259491,0.5441176295280457
458,rnaNMUZpvvg$_$9,-1.399999976158142,0.09736943244934082,1.0,9.255967547971977e-09,4.1049869281550855e-08,text,0.550000011920929,0.5862069129943848,0.49275362491607666
606,yDtzw_Y-7RU$_$21,0.20000000298023224,0.35456517338752747,1.0,2.621514116896151e-09,1.922373193963267e-08,text,0.4000000059604645,0.4482758641242981,0.5142857432365417
607,yDtzw_Y-7RU$_$22,2.0,0.24299481511116028,1.0,6.6712000368340796e-09,4.184401802831417e-08,text,0.7142857313156128,0.5,0.5789473652839661
615,yDtzw_Y-7RU$_$6,-1.2000000476837158,0.198121577501297,1.0,7.775582844260498e-09,4.860949331941811e-08,text,0.6326530575752258,0.462184876203537,0.5244755148887634
468,rnaNMUZpvvg$_$19,-1.399999976158142,0.14444373548030853,1.0,7.732264606374883e-09,4.890634031085028e-08,text,0.5652173757553101,0.4150943458080292,0.484375
235,f_pcplsH_V0$_$3,0.800000011920929,0.15675710141658783,1.0,4.174156575942334e-09,1.9642220294713297e-08,text,0.9090909361839294,0.4761904776096344,0.40789473056793213
457,rnaNMUZpvvg$_$6,-2.5999999046325684,0.24074989557266235,1.0,1.1440326019851454e-08,5.123375856896928e-08,text,0.4000000059604645,0.5833333134651184,0.4642857015132904
409,ob23OKe5a9Q$_$9,-1.399999976158142,0.17091041803359985,1.0,7.031906168464275e-09,4.70208405545236e-08,text,0.6399999856948853,0.4900662302970886,0.5696202516555786
3,c7UH_rxdZv4$_$27,-1.7999999523162842,0.1728401482105255,1.0,6.796901708128189e-09,3.423812344749422e-08,text,0.6521739363670349,0.5066666603088379,0.47154471278190613
420,pLTX3ipuDJI$_$2,-1.7999999523162842,0.1464235484600067,1.0,2.3671977711359204e-09,1.5782095630356707e-08,text,0.42222222685813904,0.49242424964904785,0.5189873576164246
61,cW1FSBF59ik$_$9,-2.4000000953674316,0.1349564790725708,1.0,8.53122728017297e-09,4.551777976757876e-08,text,0.5333333611488342,0.4893617033958435,0.4821428656578064
315,k5Y_838nuGo$_$5,-1.3333333730697632,0.13161972165107727,1.0,5.12029618704446e-09,2.3312637154049298e-08,text,0.7272727489471436,0.4375,0.3499999940395355
419,pLTX3ipuDJI$_$3,-1.2000000476837158,1.1346920728683472,1.0,2.2738821936485465e-09,8.437416987305824e-09,text,0.52173912525177,0.5094339847564697,0.25
4,c7UH_rxdZv4$_$20,-1.7999999523162842,0.15478797256946564,1.0,6.033321398035696e-09,4.2870979655162955e-08,text,0.5416666865348816,0.4794520437717438,0.6022727489471436
454,rnaNMUZpvvg$_$5,-2.799999952316284,0.20305123925209045,1.0,2.9624789288362763e-09,1.9654587291029202e-08,text,0.8181818127632141,0.2380952388048172,0.3199999928474426
109,d3_k5Xpfmik$_$16,2.0,0.16407319903373718,1.0,1.1331092508726215e-08,2.6229306726577306e-08,text,0.5,0.695652186870575,0.2857142984867096
342,lXPQBPVc5Cw$_$29,-1.2000000476837158,0.36427000164985657,1.0,2.7018938197898024e-09,1.503013891124283e-08,text,0.4838709533214569,0.5714285969734192,0.5058823823928833
576,wMbj6ajWbic$_$26,1.7999999523162842,0.23112553358078003,1.0,4.488597937779559e-09,2.472720517232574e-08,text,0.8333333134651184,0.5,0.5
293,jUzDDGyPkXU$_$10,2.4000000953674316,0.8419126272201538,1.0,2.7609285968566155e-09,1.414150130329972e-08,text,0.4761904776096344,0.5423728823661804,0.43396225571632385
591,wMbj6ajWbic$_$9,-2.0,0.2265062928199768,1.0,8.254126271367568e-09,4.058679436980128e-08,text,0.699999988079071,0.5600000023841858,0.5333333611488342
593,wMbj6ajWbic$_$11,0.4000000059604645,0.14465303719043732,1.0,7.608337071474125e-09,3.8371069877030095e-08,text,0.5882353186607361,0.4615384638309479,0.42553192377090454
616,yDtzw_Y-7RU$_$9,-1.0,0.4578063189983368,1.0,4.409830722806873e-09,2.501133344878781e-08,text,0.40625,0.5,0.4830508530139923
78,cXypl4FnoZo$_$21,-0.6000000238418579,0.13491010665893555,1.0,7.545557956234461e-09,4.555008814577377e-08,text,0.6190476417541504,0.5161290168762207,0.5810810923576355
88,cXypl4FnoZo$_$7,-1.0,0.18788734078407288,1.0,3.874176535134666e-09,2.7491905640886216e-08,text,0.9166666865348816,0.5454545617103577,0.6666666865348816
263,iiK8YX8oH1E$_$17,1.600000023841858,1.0717194080352783,1.0,6.6439365120629645e-09,4.1302602227233365e-08,text,0.6666666865348816,0.4399999976158142,0.517241358757019
68,cW1FSBF59ik$_$14,-1.2000000476837158,0.19445762038230896,1.0,6.116876338779775e-09,4.506477324639491e-08,text,0.5652173757553101,0.4326923191547394,0.5714285969734192
601,wMbj6ajWbic$_$19,-0.6000000238418579,0.2943421006202698,1.0,2.161216094975771e-09,1.6614015052596187e-08,text,0.5882353186607361,0.3799999952316284,0.5
360,lXPQBPVc5Cw$_$19,-1.7999999523162842,0.3145737946033478,1.0,2.1606267885943e-09,1.3400222265147477e-08,text,0.5555555820465088,0.5,0.47999998927116394
584,wMbj6ajWbic$_$1,0.5,0.35753268003463745,0.9999998807907104,1.4660109570741042e-08,6.270063579449925e-08,text,0.5,0.6499999761581421,0.5416666865348816
511,tmZoasNr4rU$_$16,-1.399999976158142,0.14545398950576782,1.0,7.054286044194669e-09,3.2146932227306024e-08,text,0.6000000238418579,0.5,0.42105263471603394
175,dq3Nf_lMPnE$_$7,-2.0,0.21604382991790771,1.0,4.816839815902085e-09,2.639658269742995e-08,text,0.8571428656578064,0.5609756112098694,0.5510203838348389
633,yvsjCA6Y5Fc$_$3,-2.0,-0.04209262877702713,1.0,3.0274613926906113e-09,2.395633025287225e-08,text,0.3076923191547394,0.40816327929496765,0.508474588394165
2,c7UH_rxdZv4$_$26,-2.5999999046325684,0.16131708025932312,1.0,8.749895918924722e-09,4.617095683556727e-08,text,0.6363636255264282,0.5609756112098694,0.5400000214576721
588,wMbj6ajWbic$_$4,1.0,-0.10180305689573288,1.0,3.0579117016316104e-09,1.8189799888546077e-08,text,0.5,0.5,0.5
18,c7UH_rxdZv4$_$8,-2.799999952316284,0.1801432967185974,1.0,7.520055689269611e-09,4.221180205377095e-08,text,0.5,0.483146071434021,0.5076923370361328
176,dq3Nf_lMPnE$_$6,0.800000011920929,0.14634335041046143,1.0,6.511331474001736e-09,2.3882419597498483e-08,text,0.6666666865348816,0.44999998807907104,0.25
631,yvsjCA6Y5Fc$_$23,-1.2000000476837158,0.560030460357666,1.0,1.0302427355668442e-08,5.6051725039196754e-08,text,0.6000000238418579,0.567251443862915,0.5507246255874634
362,lXPQBPVc5Cw$_$30,-2.0,0.17266714572906494,1.0,3.513477508931828e-09,2.1581360698519347e-08,text,0.3333333432674408,0.5230769515037537,0.5
317,k5Y_838nuGo$_$7,-2.4000000953674316,0.10847766697406769,1.0,8.557955233357006e-09,4.654674867765607e-08,text,0.5,0.3888888955116272,0.40909090638160706
326,k5Y_838nuGo$_$14,-1.7999999523162842,0.06965689361095428,1.0,5.711928707796687e-09,2.7367127231059385e-08,text,0.3684210479259491,0.6122449040412903,0.5
165,dq3Nf_lMPnE$_$10,1.0,0.16668882966041565,1.0,7.012324498845146e-09,3.67632608799795e-08,text,0.6000000238418579,0.46875,0.44736841320991516
648,yvsjCA6Y5Fc$_$16,-1.7999999523162842,0.17702801525592804,1.0,7.928564471626487e-09,4.679725051914829e-08,text,0.5600000023841858,0.48677247762680054,0.5087719559669495
525,v0zCBqDeKcE$_$10,2.200000047683716,0.18679776787757874,1.0,7.044000494005331e-09,3.773038415033625e-08,text,0.5714285969734192,0.4545454680919647,0.4444444477558136
205,f9O3YtZ2VfI$_$23,1.600000023841858,0.1948821246623993,1.0,1.7118880757394095e-09,1.3825748546025807e-08,text,0.5833333134651184,0.4444444477558136,0.5625
36,cM3Yna7AavY$_$12,-1.0,0.12675899267196655,1.0,5.69530600458279e-09,2.512000385479496e-08,text,0.7142857313156128,0.5,0.4054054021835327
432,phBUpBr1hSo$_$14,-1.2000000476837158,0.11449241638183594,1.0,7.302241478157612e-09,2.9330641027058846e-08,text,0.75,0.625,0.4791666567325592
579,wMbj6ajWbic$_$21,1.600000023841858,0.5721418857574463,1.0,7.426323112014188e-09,4.828036281878667e-08,text,0.6470588445663452,0.43589743971824646,0.5319148898124695
123,d6hH302o4v8$_$24,-2.799999952316284,0.18207260966300964,1.0,7.035554805412403e-09,3.67509258580867e-08,text,0.625,0.43478259444236755,0.40740740299224854
580,wMbj6ajWbic$_$22,1.399999976158142,0.5442465543746948,1.0,3.2040772257602157e-09,2.1940836703038258e-08,text,0.4545454680919647,0.517241358757019,0.568965494632721
460,rnaNMUZpvvg$_$11,-2.5999999046325684,0.07804957032203674,1.0,3.82446474489484e-09,1.2868667020882185e-08,text,0.4166666567325592,0.6315789222717285,0.31111112236976624
319,k5Y_838nuGo$_$9,1.7999999523162842,-0.09047117084264755,1.0,2.9171449700271523e-09,1.69040603736903e-08,text,0.5,0.52173912525177,0.48148149251937866
368,nbWiPyCm4g0$_$4,-2.200000047683716,0.39756059646606445,1.0,9.661081712408759e-09,4.03089863709738e-08,text,0.5813953280448914,0.5433070659637451,0.41447368264198303
173,dq3Nf_lMPnE$_$5,1.2000000476837158,-0.3387191593647003,1.0,1.8078312180591638e-09,1.2274263383460493e-08,text,0.6000000238418579,0.5416666865348816,0.5769230723381042
530,v0zCBqDeKcE$_$16,0.0,0.8561877012252808,0.9999998807907104,9.175112225534576e-09,1.5738993397462764e-07,text,0.7142857313156128,0.3333333432674408,1.0
404,ob23OKe5a9Q$_$2,1.0,-0.014967411756515503,1.0,3.972432160992412e-09,1.502584012769148e-08,text,0.4285714328289032,0.6875,0.42105263471603394
277,jUzDDGyPkXU$_$26,-2.0,0.17184901237487793,1.0,4.477498816157777e-09,3.097667189422282e-08,text,0.6800000071525574,0.35555556416511536,0.4727272689342499
448,rnaNMUZpvvg$_$20,0.800000011920929,0.6388319730758667,1.0,1.0097900293715156e-08,2.508442875637229e-08,text,0.6200000047683716,0.49593496322631836,0.1111111119389534
67,cW1FSBF59ik$_$15,-2.5999999046325684,0.10659172385931015,1.0,8.468583168053101e-09,4.613583115542497e-08,text,0.5,0.4893617033958435,0.48672565817832947
474,tIrG4oNLFzE$_$15,-2.0,0.9446439743041992,1.0,8.504712489809663e-09,4.017688937096864e-08,text,0.625,0.5211267471313477,0.4642857015132904
445,phBUpBr1hSo$_$9,-2.0,0.4028758406639099,0.9999998807907104,9.89337589629713e-09,6.167947219637426e-08,text,0.5199999809265137,0.4154929518699646,0.47777777910232544
155,d6hH302o4v8$_$18,-2.0,0.23103532195091248,1.0,8.089506842168248e-09,3.923174318742895e-08,text,0.5454545617103577,0.6206896305084229,0.5428571701049805
608,yDtzw_Y-7RU$_$23,2.200000047683716,0.48565641045570374,1.0,2.709500845909929e-09,2.2341852812246543e-08,text,0.3333333432674408,0.40625,0.5263158082962036
440,phBUpBr1hSo$_$2,2.200000047683716,0.15592896938323975,1.0,6.6220873229383415e-09,3.025869332873299e-08,text,0.7142857313156128,0.44999998807907104,0.375
98,cXypl4FnoZo$_$17,-0.6000000238418579,0.16842049360275269,1.0,2.9402884571538834e-09,1.8097194853794463e-08,text,0.5384615659713745,0.48275861144065857,0.48571428656578064
13,c7UH_rxdZv4$_$5,-2.200000047683716,0.14214766025543213,1.0,8.859236011460325e-09,4.701482936297907e-08,text,0.5263158082962036,0.5740740895271301,0.5625
395,nzpVDcQ0ywM$_$19,-2.0,0.3780466616153717,1.0,1.739884791795987e-09,1.4969486983318347e-08,text,0.5,0.35185185074806213,0.5
237,f_pcplsH_V0$_$5,1.2000000476837158,0.07498209923505783,1.0,2.60898858073233e-09,1.4752902011139213e-08,text,0.5789473652839661,0.5591397881507874,0.5178571343421936
174,dq3Nf_lMPnE$_$4,-0.4000000059604645,0.2429254949092865,1.0,6.00037308728929e-09,4.1183977117498216e-08,text,0.5185185074806213,0.4523809552192688,0.5392156839370728
113,d3_k5Xpfmik$_$3,2.0,0.30276933312416077,1.0,9.997213723522691e-09,3.7448046441568295e-08,text,0.5384615659713745,0.4912280738353729,0.3382352888584137
646,yvsjCA6Y5Fc$_$14,-1.0,0.12993264198303223,1.0,3.2695910423541363e-09,1.5399368891166887e-08,text,0.6153846383094788,0.5675675868988037,0.4545454680919647
252,fvVhgmXxadc$_$4,-2.799999952316284,0.2343292534351349,1.0,1.0931374916367531e-08,4.158337318926897e-08,text,0.4545454680919647,0.53125,0.34210526943206787
286,jUzDDGyPkXU$_$5,-1.2000000476837158,0.19853058457374573,1.0,8.462560430189114e-09,4.6689191179893896e-08,text,0.5625,0.5813953280448914,0.5769230723381042
207,f9O3YtZ2VfI$_$29,-2.0,0.23673266172409058,1.0,6.033068267186081e-09,3.7888675308295205e-08,text,0.625,0.3787878751754761,0.4430379867553711
636,yvsjCA6Y5Fc$_$4,-0.20000000298023224,0.11293932050466537,1.0,8.301491938311756e-09,5.0254790551207407e-08,text,0.42105263471603394,0.38596490025520325,0.44117647409439087
132,d6hH302o4v8$_$29,-1.7999999523162842,0.15539218485355377,1.0,4.8910329120133156e-09,3.938153625426821e-08,text,0.7037037014961243,0.41428571939468384,0.6097561120986938
79,cXypl4FnoZo$_$22,0.20000000298023224,0.17283444106578827,0.9999998807907104,1.0587131171746478e-08,6.116773931807984e-08,text,0.5333333611488342,0.5094339847564697,0.5510203838348389
452,rnaNMUZpvvg$_$3,-0.800000011920929,0.20386943221092224,0.9999998807907104,1.1170919300695914e-08,6.173691247113311e-08,text,0.5454545617103577,0.5909090638160706,0.5925925970077515
121,d6hH302o4v8$_$42,-1.399999976158142,0.20257771015167236,1.0,7.611733465751058e-09,4.018922794557511e-08,text,0.6363636255264282,0.517241358757019,0.5
139,d6hH302o4v8$_$4,-1.600000023841858,-0.0592275932431221,1.0,5.987683238117825e-09,2.826478784356823e-08,text,0.25,0.529411792755127,0.4000000059604645
345,lXPQBPVc5Cw$_$2,-2.200000047683716,0.21121495962142944,1.0,1.1677207645277576e-08,5.010318915310563e-08,text,0.5384615659713745,0.625,0.5
433,phBUpBr1hSo$_$17,2.0,0.5616728663444519,1.0,1.0700719421663507e-08,4.79711133039018e-08,text,0.6000000238418579,0.5588235259056091,0.48148149251937866
467,rnaNMUZpvvg$_$16,-1.7999999523162842,0.15074463188648224,1.0,3.6749432386073977e-09,3.4871078469222994e-08,text,0.800000011920929,0.2857142984867096,0.5882353186607361
37,cM3Yna7AavY$_$15,-2.4000000953674316,0.2057974934577942,1.0,5.526042734516068e-09,2.580788738271167e-08,text,0.7272727489471436,0.53125,0.43589743971824646
274,iiK8YX8oH1E$_$8,-1.0,-0.25498929619789124,1.0,2.4370965245879006e-09,1.8115738242840962e-08,text,0.5,0.46875,0.5526315569877625
435,phBUpBr1hSo$_$19,2.0,0.4611814618110657,1.0,2.802128973300455e-09,2.4852978341982634e-08,text,1.0,0.30000001192092896,0.5833333134651184
549,vvZ4IcEtiZc$_$6,1.0,0.14291593432426453,1.0,4.275271692222304e-09,1.9454414967867706e-08,text,0.2916666567325592,0.5070422291755676,0.3499999940395355
476,tIrG4oNLFzE$_$17,-0.4000000059604645,0.2649146318435669,1.0,1.0535543104595035e-08,5.266405622705861e-08,text,0.5454545617103577,0.5360824465751648,0.49572649598121643
561,vyB00TXsimI$_$6,2.0,0.2591639757156372,1.0,7.803796719940692e-09,4.740472547837271e-08,text,0.6086956262588501,0.4868420958518982,0.554347813129425
247,fvVhgmXxadc$_$14,0.0,0.3095812499523163,1.0,8.142199803273797e-09,3.3798919218952506e-08,text,0.6842105388641357,0.5283018946647644,0.4126984179019928
23,c7UH_rxdZv4$_$15,-2.4000000953674316,0.250491201877594,1.0,4.409671294780537e-09,1.954509087909173e-08,text,1.0,0.5,0.4000000059604645
465,rnaNMUZpvvg$_$14,-2.5999999046325684,0.17787021398544312,1.0,3.883550370176181e-09,3.141261473160739e-08,text,0.75,0.3461538553237915,0.5322580933570862
521,tmZoasNr4rU$_$6,-1.7999999523162842,0.2414940893650055,1.0,6.073477720747178e-09,4.240781947828509e-08,text,0.6666666865348816,0.4794520437717438,0.6091954112052917
218,f9O3YtZ2VfI$_$10,-2.0,0.20300990343093872,1.0,1.356133605412424e-08,5.291719062938682e-08,text,0.5,0.5384615659713745,0.4000000059604645
651,zhpQhgha_KU$_$24,0.0,-0.030313640832901,1.0,2.0631989450237143e-09,9.27930088323592e-09,text,0.625,0.5909090638160706,0.40740740299224854
87,cXypl4FnoZo$_$4,-0.800000011920929,0.15606291592121124,1.0,6.739841573732974e-09,3.930746927949258e-08,text,0.625,0.5211267471313477,0.5529412031173706
542,vvZ4IcEtiZc$_$12,0.20000000298023224,0.484055757522583,1.0,9.16923514893142e-09,4.937648867553435e-08,text,0.6000000238418579,0.512499988079071,0.5121951103210449
522,tmZoasNr4rU$_$9,-0.6000000238418579,0.1924772560596466,1.0,7.0410854924318755e-09,3.448204921596698e-08,text,0.6399999856948853,0.550000011920929,0.4861111044883728
478,tIrG4oNLFzE$_$18,-2.200000047683716,0.11935269832611084,1.0,6.796215146209761e-09,3.225934008810327e-08,text,0.6800000071525574,0.6212121248245239,0.5443037748336792
220,f9O3YtZ2VfI$_$12,-1.7999999523162842,0.13993096351623535,1.0,7.444305172299437e-09,3.2798237015185805e-08,text,0.6666666865348816,0.6190476417541504,0.5199999809265137
216,f9O3YtZ2VfI$_$8,-1.7999999523162842,0.17962370812892914,1.0,9.28904064778635e-09,4.997014713126191e-08,text,0.6363636255264282,0.6060606241226196,0.6000000238418579
107,d3_k5Xpfmik$_$14,2.0,0.07354803383350372,1.0,2.5733211117540122e-09,1.8134269197389585e-08,text,0.52173912525177,0.460317462682724,0.5443037748336792
663,zhpQhgha_KU$_$2,1.600000023841858,1.0349770784378052,0.9999998807907104,9.142951284957235e-09,6.967849941474924e-08,text,0.5,0.4375,0.6153846383094788
589,wMbj6ajWbic$_$7,-1.2000000476837158,-0.009666405618190765,1.0,4.743998083256429e-09,1.972052743326458e-08,text,0.38461539149284363,0.5925925970077515,0.4117647111415863
297,jUzDDGyPkXU$_$14,0.800000011920929,1.4030873775482178,1.0,1.8637600351922856e-09,1.1213873385429451e-08,text,0.4615384638309479,0.3214285671710968,0.2857142984867096
6,c7UH_rxdZv4$_$22,-2.4000000953674316,0.25285065174102783,0.9999998807907104,9.294569558448984e-09,6.094705184978011e-08,text,0.5,0.4754098355770111,0.5753424763679504
370,nbWiPyCm4g0$_$6,0.0,0.16383019089698792,1.0,9.452254090547285e-09,5.0320011268922826e-08,text,0.5,0.5,0.4883720874786377
637,yvsjCA6Y5Fc$_$7,-1.7999999523162842,-0.04908788949251175,1.0,1.9656376526455688e-09,1.4869149467244824e-08,text,0.5,0.3333333432674408,0.4285714328289032
669,zhpQhgha_KU$_$8,-1.0,0.18222975730895996,1.0,5.913399991896995e-09,4.2843350200882924e-08,text,0.6000000238418579,0.46341463923454285,0.5918367505073547
527,v0zCBqDeKcE$_$12,-0.4000000059604645,0.16706496477127075,1.0,8.145524255098735e-09,5.4022780915374824e-08,text,0.5333333611488342,0.4307692348957062,0.5256410241127014
597,wMbj6ajWbic$_$15,2.0,0.12632085382938385,0.9999998807907104,8.801331219387976e-09,6.543017860849432e-08,text,0.47058823704719543,0.3913043439388275,0.5636363625526428
30,c7UH_rxdZv4$_$30,1.2000000476837158,0.41910094022750854,1.0,4.561266475633374e-09,2.270048149455306e-08,text,0.875,0.4333333373069763,0.4000000059604645
254,fvVhgmXxadc$_$6,-0.20000000298023224,0.17894220352172852,1.0,4.131747388669282e-09,2.530123666133477e-08,text,0.7200000286102295,0.4333333373069763,0.4861111044883728
313,k5Y_838nuGo$_$3,0.800000011920929,0.6681076288223267,1.0,8.429149822575255e-09,4.179807433501992e-08,text,0.6428571343421936,0.4888888895511627,0.4680851101875305
64,cW1FSBF59ik$_$10,-1.0,0.7235842943191528,1.0,2.209857186130648e-09,1.9662161676592405e-08,text,0.5,0.4583333432674408,0.6162790656089783
447,phBUpBr1hSo$_$21,0.800000011920929,0.008171018213033676,1.0,3.6505825029564676e-09,2.075126559475393e-08,text,0.3478260934352875,0.5686274766921997,0.5161290168762207
41,cM3Yna7AavY$_$3,1.0,0.12031655013561249,1.0,6.2022151858798225e-09,2.9174580973290176e-08,text,0.6875,0.5531914830207825,0.4482758641242981
282,jUzDDGyPkXU$_$23,1.2000000476837158,0.16922405362129211,1.0,1.1389509779746732e-08,4.963114008660341e-08,text,0.5714285969734192,0.5789473652839661,0.47826087474823
592,wMbj6ajWbic$_$8,-0.20000000298023224,0.26425015926361084,1.0,4.114077523098558e-09,2.4433111533994634e-08,text,0.875,0.4583333432674408,0.5
195,etzxEpPuc6I$_$6,0.4000000059604645,0.39259353280067444,1.0,1.8996135775495304e-09,1.6113302692133402e-08,text,0.6666666865348816,0.4722222089767456,0.6279069781303406
535,v0zCBqDeKcE$_$4,0.0,0.09706689417362213,1.0,5.446359807592671e-09,3.6725769092527116e-08,text,0.7058823704719543,0.4444444477558136,0.5714285969734192
402,ob23OKe5a9Q$_$1,1.2000000476837158,0.5528307557106018,1.0,9.197891337464625e-09,3.6249744539418316e-08,text,0.75,0.6206896305084229,0.47058823704719543
649,yvsjCA6Y5Fc$_$19,-1.600000023841858,0.13936969637870789,1.0,8.358338909886243e-09,5.344525888517637e-08,text,0.3636363744735718,0.46226415038108826,0.5370370149612427
115,d3_k5Xpfmik$_$5,2.200000047683716,0.11901891976594925,1.0,6.677717490077839e-09,3.637919832044645e-08,text,0.38461539149284363,0.5151515007019043,0.5
206,f9O3YtZ2VfI$_$28,1.2000000476837158,0.2751487195491791,1.0,4.774771245052989e-09,2.0556896629386756e-08,text,0.5,0.6129032373428345,0.44999998807907104
284,jUzDDGyPkXU$_$3,0.0,-0.10068608075380325,1.0,2.4710125057225696e-09,1.698858476117948e-08,text,0.5555555820465088,0.4444444477558136,0.5
292,jUzDDGyPkXU$_$11,2.4000000953674316,0.45033255219459534,1.0,3.513584978520612e-09,1.958800943668848e-08,text,0.43478259444236755,0.5625,0.5128205418586731
217,f9O3YtZ2VfI$_$11,-0.800000011920929,0.17241792380809784,1.0,8.914358140543754e-09,5.478942810555054e-08,text,0.4444444477558136,0.47058823704719543,0.523809552192688
156,d6hH302o4v8$_$31,-1.399999976158142,0.16356161236763,1.0,8.65142180117573e-09,4.2456704818505386e-08,text,0.529411792755127,0.5681818127632141,0.5094339847564697
167,dq3Nf_lMPnE$_$12,-1.600000023841858,0.07839184254407883,1.0,2.141601784799718e-09,1.1756341677937598e-08,text,0.6428571343421936,0.5,0.4516128897666931
138,d6hH302o4v8$_$5,-1.3333333730697632,0.15382994711399078,1.0,2.3780770685988273e-09,2.3579568519949134e-08,text,0.5714285969734192,0.6000000238418579,0.8333333134651184
682,zhpQhgha_KU$_$35,0.6000000238418579,0.9389500021934509,1.0,2.5738364772820432e-09,1.4455969754578746e-08,text,0.52173912525177,0.5714285969734192,0.511904776096344
186,etzxEpPuc6I$_$16,-2.4000000953674316,0.15807399153709412,1.0,4.6740047388027506e-09,3.423257410872793e-08,text,0.75,0.4444444477558136,0.5813953280448914
680,zhpQhgha_KU$_$31,-1.0,0.11907337605953217,1.0,6.996266233016968e-09,3.744326093624295e-08,text,0.5,0.4375,0.43103447556495667
482,tIrG4oNLFzE$_$5,0.4000000059604645,0.1867665946483612,1.0,3.3310016966936473e-09,1.4110247192888892e-08,text,0.4166666567325592,0.6333333253860474,0.4166666567325592
143,d6hH302o4v8$_$8,-2.200000047683716,0.23831823468208313,0.9999998807907104,1.0263612182370707e-08,6.283208620061487e-08,text,0.6666666865348816,0.6666666865348816,0.7272727489471436
567,vyB00TXsimI$_$12,0.20000000298023224,0.1436139941215515,1.0,3.823151573101313e-09,3.4005712024054446e-08,text,0.800000011920929,0.35483869910240173,0.6216216087341309
644,yvsjCA6Y5Fc$_$12,-0.6000000238418579,0.1392749547958374,1.0,1.0522308357963084e-08,5.53308012740672e-08,text,0.5,0.5210084319114685,0.5070422291755676
90,cXypl4FnoZo$_$9,1.2000000476837158,0.745326042175293,1.0,8.740438595111755e-09,4.1191359656522764e-08,text,0.5789473652839661,0.5102040767669678,0.4482758641242981
250,fvVhgmXxadc$_$2,-2.799999952316284,0.11938682198524475,1.0,6.250466810797661e-09,3.760451150469635e-08,text,0.3529411852359772,0.4883720874786377,0.5192307829856873
251,fvVhgmXxadc$_$5,0.0,0.010702650994062424,1.0,3.864891517935121e-09,1.994393095117175e-08,text,0.5384615659713745,0.5526315569877625,0.5
302,k5Y_838nuGo$_$24,0.6000000238418579,-0.03022247552871704,1.0,5.9825002729496646e-09,3.957429939305257e-08,text,0.2222222238779068,0.5714285969734192,0.6000000238418579
226,f9O3YtZ2VfI$_$18,-1.0,0.15989673137664795,1.0,7.43437267303193e-09,2.5123211955246916e-08,text,0.75,0.625,0.375
587,wMbj6ajWbic$_$5,0.20000000298023224,0.19725370407104492,1.0,8.171791243682947e-09,4.252105156865582e-08,text,0.5,0.41025641560554504,0.3958333432674408
339,lXPQBPVc5Cw$_$22,2.5999999046325684,0.6571296453475952,1.0,7.47163131364914e-09,5.478525011426427e-08,text,0.6153846383094788,0.4736842215061188,0.6222222447395325
261,iiK8YX8oH1E$_$15,0.6000000238418579,0.14643585681915283,1.0,9.360735298002965e-09,2.861875358917132e-08,text,0.5,0.5,0.2222222238779068
201,f9O3YtZ2VfI$_$27,1.600000023841858,0.5463014245033264,1.0,1.533746107895695e-08,5.9344980485320775e-08,text,0.4545454680919647,0.5416666865348816,0.3928571343421936
178,dq3Nf_lMPnE$_$8,0.6000000238418579,0.5797606110572815,1.0,8.285736541324695e-09,3.774542634005229e-08,text,0.699999988079071,0.5227272510528564,0.4423076808452606
299,jUzDDGyPkXU$_$16,1.2000000476837158,0.9679980278015137,1.0,2.729887205177306e-09,1.287576267827717e-08,text,0.4375,0.5890411138534546,0.4252873659133911
69,cW1FSBF59ik$_$17,2.4000000953674316,0.216302752494812,0.9999998807907104,1.1258018517423807e-08,6.889207782023732e-08,text,0.5,0.4615384638309479,0.5333333611488342
590,wMbj6ajWbic$_$6,1.7999999523162842,0.3526316285133362,1.0,9.073859885688762e-09,5.294020866131177e-08,text,0.5357142686843872,0.4264705777168274,0.46666666865348816
170,dq3Nf_lMPnE$_$1,0.0,0.3103155493736267,1.0,2.1562258645246857e-09,1.7785012573767744e-08,text,0.47826087474823,0.48275861144065857,0.604651153087616
102,d3_k5Xpfmik$_$11,2.4000000953674316,0.5601000785827637,1.0,2.789384501156178e-09,1.4685830329597138e-08,text,0.5625,0.508474588394165,0.4285714328289032
185,etzxEpPuc6I$_$17,-0.4000000059604645,0.2373110055923462,1.0,8.694314601598307e-09,3.0401757555864606e-08,text,0.625,0.625,0.4035087823867798
312,k5Y_838nuGo$_$1,-1.600000023841858,0.3531650900840759,1.0,5.190137652988369e-09,1.7261713836091985e-08,text,0.4444444477558136,0.6666666865348816,0.3636363744735718
543,vvZ4IcEtiZc$_$1,2.0,0.6275501847267151,1.0,5.4738120702779725e-09,3.397303771635052e-08,text,0.75,0.31578946113586426,0.43478259444236755
417,pLTX3ipuDJI$_$16,-1.600000023841858,0.08285065740346909,1.0,6.159762477864206e-09,3.313393648340934e-08,text,0.5142857432365417,0.48514851927757263,0.47999998927116394
553,vyB00TXsimI$_$21,1.2000000476837158,0.11805641651153564,1.0,1.1788541698365407e-08,5.016572401927988e-08,text,0.4545454680919647,0.5428571701049805,0.4285714328289032
169,dq3Nf_lMPnE$_$14,-1.7999999523162842,0.16445770859718323,1.0,3.4687710481762224e-09,2.438283353001225e-08,text,0.5333333611488342,0.375,0.48275861144065857
168,dq3Nf_lMPnE$_$15,1.0,-0.07455926388502121,1.0,3.401834813843152e-09,1.895886114766654e-08,text,0.4117647111415863,0.5423728823661804,0.5
392,nzpVDcQ0ywM$_$14,0.20000000298023224,0.1421596109867096,1.0,5.539951608568572e-09,3.41385479885048e-08,text,0.550000011920929,0.4545454680919647,0.52173912525177
11,c7UH_rxdZv4$_$3,-0.800000011920929,0.2305806279182434,1.0,3.947107973800712e-09,3.742783860616328e-08,text,0.7142857313156128,0.1818181872367859,0.4615384638309479
678,zhpQhgha_KU$_$19,-0.800000011920929,0.4702363610267639,1.0,3.295303807604455e-09,2.0060980432390352e-08,text,0.5625,0.4761904776096344,0.5
455,rnaNMUZpvvg$_$4,-2.4000000953674316,0.2494545876979828,1.0,1.075387601190414e-08,5.232264044252588e-08,text,0.3877550959587097,0.4964539110660553,0.42352941632270813
373,nzpVDcQ0ywM$_$24,1.600000023841858,0.4296302795410156,1.0,6.340728386788896e-09,3.0354016189448885e-08,text,0.7777777910232544,0.4642857015132904,0.42424243688583374
385,nzpVDcQ0ywM$_$9,-2.200000047683716,0.09960456937551498,1.0,7.991129535867003e-09,5.1003368639612745e-08,text,0.5600000023841858,0.4897959232330322,0.5641025900840759
499,tStelxIAHjw$_$4,-2.799999952316284,0.15039178729057312,1.0,5.7583311452447106e-09,2.8796931061947362e-08,text,0.7037037014961243,0.5061728358268738,0.4639175236225128
546,vvZ4IcEtiZc$_$5,1.2000000476837158,0.5527204871177673,1.0,1.09629239020137e-08,5.7393105379333065e-08,text,0.5384615659713745,0.5833333134651184,0.5581395626068115
630,yvsjCA6Y5Fc$_$22,-1.600000023841858,0.22578784823417664,1.0,1.0055694055211006e-08,4.436086342707313e-08,text,0.5714285969734192,0.5714285969734192,0.47058823704719543
599,wMbj6ajWbic$_$17,2.0,1.4108699560165405,1.0,6.845626288054518e-09,3.8003538094244504e-08,text,0.6818181872367859,0.43396225571632385,0.46875
110,d3_k5Xpfmik$_$19,0.20000000298023224,1.1894909143447876,1.0,2.5433797290475013e-09,1.529673454570002e-08,text,0.6176470518112183,0.48148149251937866,0.4806201457977295
227,f9O3YtZ2VfI$_$30,-1.0,0.1685442328453064,1.0,1.0459857868738709e-08,4.5421860050964824e-08,text,0.5,0.5799999833106995,0.44999998807907104
486,tIrG4oNLFzE$_$9,-1.0,0.1947384476661682,1.0,5.9407803121303004e-09,3.8569037741353895e-08,text,0.625,0.4137931168079376,0.5
675,zhpQhgha_KU$_$14,-1.5,0.2015722393989563,1.0,4.099719230765686e-09,3.795246783511175e-08,text,0.6666666865348816,0.3214285671710968,0.5757575631141663
163,d6hH302o4v8$_$32,-0.6000000238418579,0.21244877576828003,1.0,3.3106506425184534e-09,3.013336780099962e-08,text,0.8888888955116272,0.3333333432674408,0.5862069129943848
416,pLTX3ipuDJI$_$14,-2.0,0.19979926943778992,1.0,6.7998326969131995e-09,3.4250337677121934e-08,text,0.5833333134651184,0.40625,0.3589743673801422
354,lXPQBPVc5Cw$_$13,2.799999952316284,-0.0014517232775688171,1.0,5.586288764902747e-09,2.635638374215432e-08,text,0.375,0.5625,0.4444444477558136
114,d3_k5Xpfmik$_$2,0.0,0.22619730234146118,1.0,1.005233851714138e-08,5.086522136821259e-08,text,0.5,0.5,0.47058823704719543
640,yvsjCA6Y5Fc$_$8,0.4000000059604645,0.20114398002624512,1.0,6.726177392835098e-09,4.673570330737675e-08,text,0.5652173757553101,0.41428571939468384,0.5301204919815063
26,c7UH_rxdZv4$_$16,-2.0,0.2304188311100006,1.0,5.830477434187742e-09,2.3327535458861348e-08,text,0.800000011920929,0.5454545617103577,0.38461539149284363
303,k5Y_838nuGo$_$25,-0.20000000298023224,0.23480576276779175,1.0,7.234409071799064e-09,3.9211396796190456e-08,text,0.4285714328289032,0.5106382966041565,0.4912280738353729
70,cW1FSBF59ik$_$16,3.0,0.20426011085510254,1.0,6.427891108273798e-09,4.480303417153664e-08,text,0.5,0.45588234066963196,0.5731707215309143
635,yvsjCA6Y5Fc$_$5,0.4000000059604645,0.1864880621433258,1.0,5.787841761417667e-09,3.2796108939692203e-08,text,0.625,0.4375,0.4444444477558136
111,d3_k5Xpfmik$_$18,0.800000011920929,-0.018387526273727417,1.0,2.0953139223678363e-09,1.3929084552444237e-08,text,0.4285714328289032,0.37837839126586914,0.40909090638160706
551,vvZ4IcEtiZc$_$8,-1.5,0.13447724282741547,1.0,8.367511128426486e-09,3.730945152824461e-08,text,0.4375,0.6393442749977112,0.5270270109176636
656,zhpQhgha_KU$_$21,0.6000000238418579,0.2254869043827057,0.9999998807907104,1.0223538460252257e-08,6.429229415516602e-08,text,0.42105263471603394,0.5161290168762207,0.5675675868988037
595,wMbj6ajWbic$_$13,2.0,0.10445521026849747,1.0,8.529339901031108e-09,4.114518858955307e-08,text,0.5833333134651184,0.5614035129547119,0.5
223,f9O3YtZ2VfI$_$17,-2.0,0.13686546683311462,1.0,7.0768999549386535e-09,2.902505613633366e-08,text,0.7058823704719543,0.5205479264259338,0.38596490025520325
383,nzpVDcQ0ywM$_$7,-1.0,0.23590824007987976,1.0,2.925531150665961e-09,2.5400698433486468e-08,text,0.875,0.3636363744735718,0.5925925970077515
461,rnaNMUZpvvg$_$10,-2.5999999046325684,0.09435830265283585,1.0,2.438798274440046e-09,1.1411450451248584e-08,text,0.5384615659713745,0.5652173757553101,0.40740740299224854
523,tmZoasNr4rU$_$8,-2.0,0.23955181241035461,1.0,3.250191893400256e-09,1.970447272015008e-08,text,1.0,0.512499988079071,0.5520833134651184
232,f_pcplsH_V0$_$15,-1.0,0.1574248969554901,1.0,4.007286058538284e-09,2.424708611670212e-08,text,0.9166666865348816,0.5245901346206665,0.5714285969734192
361,lXPQBPVc5Cw$_$18,-1.399999976158142,0.1908019781112671,0.9999998807907104,1.3488895334035078e-08,7.615933839133504e-08,text,0.3636363744735718,0.4399999976158142,0.46666666865348816
369,nbWiPyCm4g0$_$7,-1.2000000476837158,0.2028745412826538,1.0,4.972482869902706e-09,2.6701167499254552e-08,text,0.7272727489471436,0.46875,0.44736841320991516
291,jUzDDGyPkXU$_$8,1.7999999523162842,0.4779825210571289,1.0,1.123766057986586e-08,3.877113385897246e-08,text,0.6363636255264282,0.625,0.4137931168079376
424,pLTX3ipuDJI$_$6,-1.399999976158142,0.7748077511787415,1.0,5.682892378899851e-09,4.021514499186196e-08,text,0.5,0.49056604504585266,0.609375
603,wMbj6ajWbic$_$30,0.800000011920929,0.7944000959396362,1.0,8.016318275849699e-09,4.330680525299613e-08,text,0.6153846383094788,0.4000000059604645,0.4166666567325592
48,cM3Yna7AavY$_$8,-0.6000000238418579,0.15778128802776337,1.0,5.819200676882019e-09,3.890098199121894e-08,text,0.800000011920929,0.5714285969734192,0.6800000071525574
514,tmZoasNr4rU$_$20,-1.0,0.2178398072719574,1.0,7.307284999313879e-09,4.3314571485097986e-08,text,0.6000000238418579,0.5384615659713745,0.5625
586,wMbj6ajWbic$_$2,-0.800000011920929,0.5183703899383545,1.0,1.9640038484425304e-09,1.670766458516937e-08,text,0.4285714328289032,0.3734939694404602,0.5199999809265137
144,d6hH302o4v8$_$39,-3.0,0.256247341632843,1.0,5.043606421395452e-09,3.2824207352177837e-08,text,0.7777777910232544,0.4642857015132904,0.5588235259056091
350,lXPQBPVc5Cw$_$9,-2.5999999046325684,0.11173407733440399,1.0,6.346584591199189e-09,4.128260044922172e-08,text,0.6875,0.46341463923454285,0.5510203838348389
380,nzpVDcQ0ywM$_$2,-1.600000023841858,0.25733447074890137,1.0,6.386206674591222e-09,4.028769495789675e-08,text,0.699999988079071,0.47058823704719543,0.5609756112098694
55,cW1FSBF59ik$_$3,-1.0,0.1967536211013794,1.0,4.3806740457341675e-09,3.56805962553608e-08,text,0.40909090638160706,0.4126984179019928,0.5909090638160706
245,fvVhgmXxadc$_$13,0.20000000298023224,0.3150064945220947,1.0,9.237097309267028e-09,4.033413603110603e-08,text,0.550000011920929,0.5185185074806213,0.4153846204280853
554,vyB00TXsimI$_$22,0.6000000238418579,0.4109598696231842,1.0,9.567942882426905e-09,3.3258420018000834e-08,text,0.75,0.6538461446762085,0.4516128897666931
655,zhpQhgha_KU$_$20,-1.399999976158142,0.39089226722717285,1.0,9.898228015003951e-09,3.932156644737006e-08,text,0.6666666865348816,0.5714285969734192,0.4375
382,nzpVDcQ0ywM$_$4,-1.600000023841858,0.21058794856071472,1.0,2.333869764115093e-09,1.5020194865655867e-08,text,0.46666666865348816,0.5,0.5116279125213623
411,pLTX3ipuDJI$_$11,0.6000000238418579,-0.14755350351333618,1.0,2.4262571951538803e-09,1.3338868676271431e-08,text,0.4117647111415863,0.42553192377090454,0.35087719559669495
389,nzpVDcQ0ywM$_$13,-1.0,0.15946590900421143,1.0,6.8203553915680004e-09,4.5544094717797634e-08,text,0.5882353186607361,0.3928571343421936,0.4852941036224365
492,tStelxIAHjw$_$15,0.4000000059604645,0.2993939220905304,1.0,1.112715697360045e-08,5.0174911336853256e-08,text,0.46666666865348816,0.5370370149612427,0.453125
356,lXPQBPVc5Cw$_$15,-2.799999952316284,-0.028443045914173126,1.0,1.8619976671629956e-09,1.3473957061194142e-08,text,0.5,0.4000000059604645,0.4583333432674408
449,rnaNMUZpvvg$_$21,-2.5999999046325684,0.14216454327106476,1.0,9.202576478628544e-09,4.783825957588306e-08,text,0.5909090638160706,0.5833333134651184,0.5555555820465088
668,zhpQhgha_KU$_$9,-1.0,0.1520749181509018,1.0,5.380484946471142e-09,3.107953006065145e-08,text,0.6470588445663452,0.4285714328289032,0.4651162922382355
51,cW1FSBF59ik$_$21,1.600000023841858,0.0502445288002491,1.0,3.4289275863130797e-09,2.0743668116551817e-08,text,0.38461539149284363,0.6206896305084229,0.5882353186607361
625,yDtzw_Y-7RU$_$16,0.6000000238418579,-0.01099364459514618,1.0,2.1634267710624044e-09,1.5327517033369986e-08,text,0.47058823704719543,0.3720930218696594,0.42718446254730225
32,c7UH_rxdZv4$_$32,-2.200000047683716,0.2300068438053131,1.0,7.790873723934055e-09,4.502783212956274e-08,text,0.6666666865348816,0.6000000238418579,0.6086956262588501
539,v0zCBqDeKcE$_$8,1.7999999523162842,0.18206989765167236,1.0,6.179909028958264e-09,3.467323850259163e-08,text,0.5333333611488342,0.5208333134651184,0.52173912525177
481,tIrG4oNLFzE$_$2,2.4000000953674316,0.18287235498428345,1.0,2.853137504033043e-09,2.2167563784591948e-08,text,0.3636363744735718,0.5,0.5833333134651184
541,vvZ4IcEtiZc$_$10,-2.0,0.12030348181724548,1.0,6.285015619056367e-09,1.8065740903239202e-08,text,0.6000000238418579,0.6458333134651184,0.3333333432674408
387,nzpVDcQ0ywM$_$11,0.0,0.7168735861778259,1.0,7.739155094554917e-09,5.590779394992751e-08,text,0.692307710647583,0.44117647409439087,0.6097561120986938
605,yDtzw_Y-7RU$_$20,-0.6000000238418579,0.19769984483718872,1.0,6.1543605767155896e-09,3.473970267009463e-08,text,0.6000000238418579,0.38461539149284363,0.4193548262119293
321,k5Y_838nuGo$_$11,0.5,0.45003828406333923,1.0,6.313443101646499e-09,2.6742144498825837e-08,text,0.875,0.529411792755127,0.4146341383457184
229,f_pcplsH_V0$_$10,1.2000000476837158,0.1987345814704895,1.0,5.772781364044022e-09,2.4868150205747952e-08,text,0.7272727489471436,0.5272727012634277,0.39393940567970276
642,yvsjCA6Y5Fc$_$10,-2.0,0.2694393992424011,1.0,3.6961798066670326e-09,1.7812375574521866e-08,text,0.523809552192688,0.5443037748336792,0.43617022037506104
77,cXypl4FnoZo$_$20,-1.0,0.30057159066200256,1.0,9.211287732568962e-09,5.006812742180955e-08,text,0.5,0.47457626461982727,0.48571428656578064
140,d6hH302o4v8$_$7,-2.799999952316284,0.051778342574834824,1.0,4.080434212738737e-09,2.138989962929827e-08,text,0.5555555820465088,0.4864864945411682,0.4545454680919647
184,etzxEpPuc6I$_$14,-1.2000000476837158,0.3510901927947998,0.9999998807907104,9.884190355080591e-09,6.607731961594254e-08,text,0.5199999809265137,0.46666666865348816,0.6000000238418579
300,jUzDDGyPkXU$_$19,2.200000047683716,0.16628479957580566,1.0,5.609147812890569e-09,2.2641284402880046e-08,text,0.8999999761581421,0.6000000238418579,0.46341463923454285
125,d6hH302o4v8$_$26,-2.5999999046325684,0.25217771530151367,1.0,4.8197894564339094e-09,2.7279730474560893e-08,text,0.875,0.5,0.5333333611488342
208,f9O3YtZ2VfI$_$1,-1.2000000476837158,0.22673872113227844,1.0,1.130747318001113e-08,5.436492145349803e-08,text,0.6666666865348816,0.7142857313156128,0.6470588445663452
80,cXypl4FnoZo$_$23,0.4000000059604645,0.011884447187185287,1.0,1.1142655687024217e-09,1.0881178624799759e-08,text,0.5714285969734192,0.20000000298023224,0.4166666567325592
545,vvZ4IcEtiZc$_$2,2.4000000953674316,0.8974584341049194,1.0,8.835089104763938e-09,4.987835566794274e-08,text,0.5,0.4117647111415863,0.44999998807907104
106,d3_k5Xpfmik$_$15,2.5999999046325684,0.17397242784500122,1.0,9.91481741152711e-09,5.642629830049373e-08,text,0.48571428656578064,0.53125,0.5526315569877625
510,tmZoasNr4rU$_$17,-1.399999976158142,0.23143264651298523,1.0,9.053978899942194e-09,5.167500205516262e-08,text,0.5384615659713745,0.48689138889312744,0.5249999761581421
661,zhpQhgha_KU$_$1,-1.600000023841858,0.425185889005661,1.0,1.1890839424211208e-08,5.020899607188767e-08,text,0.4444444477558136,0.6153846383094788,0.5
471,tIrG4oNLFzE$_$10,-1.7999999523162842,-0.008762083947658539,1.0,3.6278986481619313e-09,2.9296870707185008e-08,text,0.4000000059604645,0.40740740299224854,0.5625
221,f9O3YtZ2VfI$_$15,-1.2000000476837158,-0.08399870246648788,1.0,1.480851774537939e-09,1.0190346344529644e-08,text,0.699999988079071,0.4285714328289032,0.47999998927116394
74,cXypl4FnoZo$_$25,-1.2000000476837158,0.28211525082588196,1.0,9.601087036514855e-09,5.180694984119327e-08,text,0.6190476417541504,0.5714285969734192,0.5593220591545105
322,k5Y_838nuGo$_$10,2.0,0.6834357976913452,1.0,2.3845629915086874e-09,1.5696357991146215e-08,text,0.5454545617103577,0.517241358757019,0.529411792755127
685,zhpQhgha_KU$_$32,0.800000011920929,0.36379891633987427,1.0,2.8982778399466724e-09,2.171646684701045e-08,text,0.4000000059604645,0.460317462682724,0.5526315569877625
200,f9O3YtZ2VfI$_$26,1.399999976158142,0.5889329314231873,1.0,7.83762921230391e-09,4.5763531630882426e-08,text,0.7142857313156128,0.4375,0.5
301,jUzDDGyPkXU$_$18,-2.4000000953674316,0.27405643463134766,1.0,3.3966478518721033e-09,4.03997333364714e-08,text,0.8571428656578064,0.4166666567325592,0.7931034564971924
214,f9O3YtZ2VfI$_$6,-2.5999999046325684,0.17838862538337708,1.0,5.018561122227538e-09,3.908714063527441e-08,text,0.699999988079071,0.42105263471603394,0.5909090638160706
665,zhpQhgha_KU$_$4,-1.600000023841858,0.6440407037734985,1.0,1.205737731879708e-08,4.892332228223495e-08,text,0.625,0.5909090638160706,0.48148149251937866
626,yDtzw_Y-7RU$_$19,-1.600000023841858,0.21030235290527344,1.0,6.823191789351313e-09,4.7806516079162975e-08,text,0.5555555820465088,0.3333333432674408,0.4642857015132904
505,tmZoasNr4rU$_$10,-1.7999999523162842,0.18076395988464355,0.9999998807907104,1.2551061523424778e-08,7.615687280804195e-08,text,0.4166666567325592,0.5199999809265137,0.5714285969734192
290,jUzDDGyPkXU$_$9,2.799999952316284,0.9996873140335083,1.0,5.408770764603332e-09,3.1217361140534194e-08,text,0.8571428656578064,0.47826087474823,0.5357142686843872
667,zhpQhgha_KU$_$6,1.0,0.23813766241073608,0.9999998807907104,6.719867773341548e-09,7.032981841348374e-08,text,0.6000000238418579,0.3499999940395355,0.7083333134651184
418,pLTX3ipuDJI$_$1,-2.4000000953674316,0.13112398982048035,1.0,8.151600283667904e-09,3.6025181060495015e-08,text,0.5882353186607361,0.5892857313156128,0.4776119291782379
507,tmZoasNr4rU$_$12,-2.200000047683716,0.4573163688182831,0.9999998807907104,9.96549509579836e-09,5.985595663560161e-08,text,0.6000000238418579,0.5517241358757019,0.6285714507102966
145,d6hH302o4v8$_$38,-3.0,0.20694118738174438,1.0,3.467421461067488e-09,1.9311269028321476e-08,text,0.8571428656578064,0.4166666567325592,0.4137931168079376
341,lXPQBPVc5Cw$_$28,0.800000011920929,0.37413501739501953,1.0,6.775932703817489e-09,3.1734195715671376e-08,text,0.5882353186607361,0.5961538553237915,0.523809552192688
122,d6hH302o4v8$_$43,-2.5,-0.05562260001897812,1.0,2.455630143671783e-09,1.778040115141266e-08,text,0.5384615659713745,0.5,0.5789473652839661
262,iiK8YX8oH1E$_$14,-1.2000000476837158,0.04066359996795654,1.0,2.623089523368094e-09,1.4877149290271063e-08,text,0.6428571343421936,0.5,0.5
17,c7UH_rxdZv4$_$9,-0.4000000059604645,0.1484205722808838,1.0,5.538229874701983e-09,2.9845768523273364e-08,text,0.37037035822868347,0.53125,0.5
89,cXypl4FnoZo$_$6,-0.6000000238418579,0.5164024233818054,1.0,2.3148329919564503e-09,1.504551327968784e-08,text,0.5263158082962036,0.5098039507865906,0.5166666507720947
343,lXPQBPVc5Cw$_$1,0.20000000298023224,0.3543761074542999,1.0,6.113202388746686e-09,2.8994678658023076e-08,text,0.7222222089767456,0.44897958636283875,0.4067796468734741
199,f9O3YtZ2VfI$_$25,-1.399999976158142,0.8142043352127075,0.9999998807907104,1.192122223159231e-08,6.78867735359745e-08,text,0.5,0.4761904776096344,0.5199999809265137
8,c7UH_rxdZv4$_$28,-0.800000011920929,-0.12720799446105957,1.0,2.1581760822897422e-09,1.2033666507704766e-08,text,0.5454545617103577,0.5192307829856873,0.4516128897666931
21,c7UH_rxdZv4$_$13,-2.5999999046325684,0.3026465177536011,1.0,6.574941036063819e-09,2.7997637985777146e-08,text,0.8888888955116272,0.65625,0.5405405163764954
33,cM3Yna7AavY$_$11,2.0,0.2597280442714691,1.0,7.680729829928623e-09,4.718300061767877e-08,text,0.5555555820465088,0.4000000059604645,0.46666666865348816
399,ob23OKe5a9Q$_$13,1.25,0.342443585395813,0.9999998807907104,1.0090429825027059e-08,5.981167561230905e-08,text,0.47058823704719543,0.4615384638309479,0.5161290168762207
40,cM3Yna7AavY$_$1,2.200000047683716,0.12185455858707428,1.0,5.970770544649895e-09,3.2933765936604686e-08,text,0.6000000238418579,0.4300000071525574,0.43157893419265747
405,ob23OKe5a9Q$_$5,-1.7999999523162842,0.14697986841201782,1.0,9.143580115278382e-09,4.356769878199884e-08,text,0.5416666865348816,0.5565217137336731,0.4855072498321533
506,tmZoasNr4rU$_$13,-0.800000011920929,0.19589117169380188,1.0,7.715911465311365e-09,3.9476898194834575e-08,text,0.5,0.46000000834465027,0.4137931168079376
544,vvZ4IcEtiZc$_$3,1.399999976158142,0.1494174301624298,1.0,7.255869682865068e-09,4.449025325925504e-08,text,0.5416666865348816,0.41860464215278625,0.4757281541824341
501,tStelxIAHjw$_$6,1.600000023841858,0.5077564120292664,1.0,1.0215548407188635e-08,4.604835623922554e-08,text,0.7142857313156128,0.6428571343421936,0.5625
526,v0zCBqDeKcE$_$13,1.7999999523162842,0.02086535468697548,1.0,3.0246793958355056e-09,1.7528126505794717e-08,text,0.4399999976158142,0.44736841320991516,0.42391303181648254
473,tIrG4oNLFzE$_$12,-2.5999999046325684,0.18417896330356598,1.0,6.260799434443243e-09,3.9148698505186985e-08,text,0.6666666865348816,0.48148149251937866,0.53125
355,lXPQBPVc5Cw$_$12,-2.0,0.47452622652053833,1.0,2.3660873260666904e-09,1.819861417118318e-08,text,0.5384615659713745,0.5714285969734192,0.6666666865348816
135,d6hH302o4v8$_$1,-2.799999952316284,0.48233211040496826,1.0,5.556057836031414e-09,3.3048099368215844e-08,text,0.8333333134651184,0.4749999940395355,0.5416666865348816
564,vyB00TXsimI$_$11,-0.20000000298023224,0.1537075638771057,1.0,5.8643383482603895e-09,3.808117909898101e-08,text,0.3333333432674408,0.4054054021835327,0.46666666865348816
