index,id,y_true,y_pred,w_text,w_audio,w_vision,selected_anchor,availability_text,availability_audio,availability_vision
243,fvVhgmXxadc$_$11,-0.20000000298023224,0.14325422048568726,0.0785878449678421,0.7851724624633789,0.13623972237110138,audio,0.9200000166893005,0.9384615421295166,0.9285714030265808
629,yvsjCA6Y5Fc$_$21,-1.7999999523162842,-0.5826355814933777,0.07877882570028305,0.7803144454956055,0.14090678095817566,audio,0.8799999952316284,0.9090909361839294,0.9333333373069763
348,lXPQBPVc5Cw$_$7,-2.799999952316284,-2.0072875022888184,0.070543572306633,0.7591733932495117,0.17028307914733887,audio,0.8333333134651184,0.8888888955116272,0.8961039185523987
230,f_pcplsH_V0$_$13,1.600000023841858,0.5055269002914429,0.10720948129892349,0.7044854164123535,0.18830512464046478,audio,1.0,0.8333333134651184,0.8636363744735718
124,d6hH302o4v8$_$25,-1.600000023841858,-2.4008114337921143,0.11090832948684692,0.7601401805877686,0.1289515197277069,audio,1.0,0.9230769276618958,0.875
65,cW1FSBF59ik$_$13,2.0,1.2789945602416992,0.09039480239152908,0.7665597200393677,0.14304545521736145,audio,1.0,0.9113923907279968,0.957446813583374
396,nzpVDcQ0ywM$_$18,1.2000000476837158,0.8040586113929749,0.06756376475095749,0.7960923314094543,0.13634386658668518,audio,0.875,0.9333333373069763,0.9722222089767456
529,v0zCBqDeKcE$_$14,1.5,1.4372495412826538,0.10567656904459,0.7661131024360657,0.12821033596992493,audio,1.0,0.8620689511299133,0.8529411554336548
191,etzxEpPuc6I$_$2,1.2000000476837158,-1.1479380130767822,0.07008311152458191,0.787280261516571,0.14263661205768585,audio,0.8947368264198303,0.95652174949646,0.8363636136054993
141,d6hH302o4v8$_$6,-2.0,-0.7501797080039978,0.10021235793828964,0.7736398577690125,0.12614776194095612,audio,1.0,0.8999999761581421,0.7916666865348816
131,d6hH302o4v8$_$28,-1.0,-0.4713348150253296,0.08731337636709213,0.7907072305679321,0.12197945266962051,audio,0.9047619104385376,0.9166666865348816,0.8275862336158752
637,yvsjCA6Y5Fc$_$7,-1.7999999523162842,-1.5170693397521973,0.07532861828804016,0.7630864381790161,0.16158495843410492,audio,1.0,1.0,0.9285714030265808
174,dq3Nf_lMPnE$_$4,-0.4000000059604645,0.40667951107025146,0.08657322078943253,0.7499100565910339,0.16351675987243652,audio,0.9629629850387573,0.8928571343421936,0.9117646813392639
495,tStelxIAHjw$_$1,0.0,-0.8538377285003662,0.08667895942926407,0.7416976094245911,0.17162345349788666,audio,0.9166666865348816,0.8840579986572266,0.9156626462936401
579,wMbj6ajWbic$_$21,1.600000023841858,0.3026740550994873,0.09026620537042618,0.7445396780967712,0.1651940792798996,audio,0.9411764740943909,0.8461538553237915,0.914893627166748
546,vvZ4IcEtiZc$_$5,1.2000000476837158,2.1133270263671875,0.08390220999717712,0.8349317908287048,0.08116597682237625,audio,0.9230769276618958,0.9444444179534912,0.8604651093482971
311,k5Y_838nuGo$_$29,-0.75,-0.25027596950531006,0.09126324206590652,0.7255525588989258,0.18318413197994232,audio,1.0,0.875,0.9210526347160339
550,vvZ4IcEtiZc$_$9,2.200000047683716,1.6938308477401733,0.08298022300004959,0.8400814533233643,0.07693839073181152,audio,0.90625,0.8924731016159058,0.9009009003639221
542,vvZ4IcEtiZc$_$12,0.20000000298023224,1.1274694204330444,0.1049983873963356,0.8064709901809692,0.08853060752153397,audio,1.0,0.925000011920929,0.9268292784690857
642,yvsjCA6Y5Fc$_$10,-2.0,-1.6821976900100708,0.10130137205123901,0.7754884958267212,0.12321007996797562,audio,1.0,0.9240506291389465,0.8936170339584351
113,d3_k5Xpfmik$_$3,2.0,1.9174301624298096,0.07252652198076248,0.76002436876297,0.16744907200336456,audio,0.9230769276618958,0.8771929740905762,0.8529411554336548
166,dq3Nf_lMPnE$_$13,-1.2000000476837158,1.1751525402069092,0.07786417752504349,0.7698529362678528,0.15228289365768433,audio,0.8999999761581421,0.896774172782898,0.893048107624054
517,tmZoasNr4rU$_$2,-2.0,-2.2795326709747314,0.057381004095077515,0.7624156475067139,0.18020333349704742,audio,0.7857142686843872,0.9444444179534912,0.930232584476471
82,cXypl4FnoZo$_$29,-1.399999976158142,-0.9908193349838257,0.05857955291867256,0.7471258640289307,0.19429461658000946,audio,0.8571428656578064,1.0,1.0
545,vvZ4IcEtiZc$_$2,2.4000000953674316,2.309513807296753,0.1062193438410759,0.7854810953140259,0.10829956829547882,audio,1.0,0.8235294222831726,0.925000011920929
248,fvVhgmXxadc$_$1,-0.4000000059604645,0.5714581608772278,0.08899688720703125,0.8125050067901611,0.09849810600280762,audio,0.8999999761581421,0.9038461446762085,0.9318181872367859
78,cXypl4FnoZo$_$21,-0.6000000238418579,-0.952079713344574,0.07063531875610352,0.7551540732383728,0.17421063780784607,audio,0.9047619104385376,0.9354838728904724,0.9459459185600281
121,d6hH302o4v8$_$42,-1.399999976158142,-0.9964970946311951,0.09057601541280746,0.8450561761856079,0.06436783075332642,audio,1.0,1.0,0.9117646813392639
516,tmZoasNr4rU$_$3,-2.0,-0.9632987976074219,0.07035626471042633,0.6805416345596313,0.24910207092761993,audio,0.875,0.8461538553237915,1.0
364,nbWiPyCm4g0$_$1,1.2000000476837158,1.2054522037506104,0.09531066566705704,0.8220958709716797,0.08259343355894089,audio,0.8999999761581421,0.875,0.8974359035491943
231,f_pcplsH_V0$_$12,-0.800000011920929,-0.6356485486030579,0.09434685856103897,0.8215851783752441,0.08406799286603928,audio,0.8799999952316284,0.8814589381217957,0.8962025046348572
198,f9O3YtZ2VfI$_$24,-2.5999999046325684,-0.8539633750915527,0.07607994973659515,0.7316893935203552,0.19223062694072723,audio,0.8799999952316284,0.8870967626571655,0.9059139490127563
476,tIrG4oNLFzE$_$17,-0.4000000059604645,0.2193223387002945,0.08246728032827377,0.7415496706962585,0.1759830266237259,audio,0.8863636255264282,0.8350515365600586,0.8547008633613586
577,wMbj6ajWbic$_$27,0.0,-0.16437721252441406,0.07058925926685333,0.7645169496536255,0.16489379107952118,audio,0.8888888955116272,0.9200000166893005,0.9655172228813171
257,iiK8YX8oH1E$_$11,1.0,-0.03213348984718323,0.07029671967029572,0.7260400652885437,0.20366325974464417,audio,0.8846153616905212,0.8734177350997925,0.9255319237709045
76,cXypl4FnoZo$_$27,0.800000011920929,-0.25822514295578003,0.07673344016075134,0.7427611947059631,0.18050533533096313,audio,0.9285714030265808,0.8999999761581421,0.9166666865348816
62,cW1FSBF59ik$_$8,1.7999999523162842,2.174764394760132,0.0983400046825409,0.7529163360595703,0.1487436592578888,audio,1.0,0.8799999952316284,0.9677419066429138
48,cM3Yna7AavY$_$8,-0.6000000238418579,-1.8812918663024902,0.10466303676366806,0.8071767091751099,0.08816025406122208,audio,0.8999999761581421,0.761904776096344,0.9599999785423279
444,phBUpBr1hSo$_$6,1.600000023841858,0.9100374579429626,0.07416174560785294,0.7860909700393677,0.1397472321987152,audio,0.949999988079071,0.957446813583374,0.9298245906829834
501,tStelxIAHjw$_$6,1.600000023841858,1.2260632514953613,0.0673285499215126,0.7719525694847107,0.16071881353855133,audio,0.8571428656578064,0.9285714030265808,0.875
603,wMbj6ajWbic$_$30,0.800000011920929,0.5872689485549927,0.08810535073280334,0.7466732859611511,0.16522133350372314,audio,0.9230769276618958,0.8500000238418579,0.9166666865348816
319,k5Y_838nuGo$_$9,1.7999999523162842,1.1947021484375,0.1001364141702652,0.7370786666870117,0.16278496384620667,audio,1.0,0.8695651888847351,0.8518518805503845
598,wMbj6ajWbic$_$14,-0.800000011920929,-1.3966238498687744,0.07991351187229156,0.7802363634109497,0.13985015451908112,audio,0.875,0.939393937587738,0.8999999761581421
633,yvsjCA6Y5Fc$_$3,-2.0,-1.3866764307022095,0.08724529296159744,0.7656481862068176,0.14710648357868195,audio,0.9230769276618958,0.8979591727256775,0.9152542352676392
548,vvZ4IcEtiZc$_$7,1.399999976158142,-0.27574747800827026,0.08482333272695541,0.8324301838874817,0.0827464908361435,audio,0.9333333373069763,0.9259259104728699,0.90625
71,cW1FSBF59ik$_$19,0.20000000298023224,-0.09748678654432297,0.07517901808023453,0.8226528167724609,0.10216815769672394,audio,0.8999999761581421,0.9166666865348816,0.931034505367279
290,jUzDDGyPkXU$_$9,2.799999952316284,2.5928378105163574,0.08559831976890564,0.7734178304672241,0.14098386466503143,audio,1.0,0.9130434989929199,0.8928571343421936
552,vyB00TXsimI$_$20,2.200000047683716,1.203428864479065,0.06856398284435272,0.7632193565368652,0.16821661591529846,audio,0.8181818127632141,0.9032257795333862,0.9189189076423645
600,wMbj6ajWbic$_$16,-0.4000000059604645,-1.3317172527313232,0.08591616898775101,0.7845711708068848,0.12951262295246124,audio,0.9200000166893005,0.9014084339141846,0.8235294222831726
626,yDtzw_Y-7RU$_$19,-1.600000023841858,-2.260436534881592,0.10281867533922195,0.796423077583313,0.10075825452804565,audio,0.8888888955116272,0.8333333134651184,0.9642857313156128
60,cW1FSBF59ik$_$6,1.2000000476837158,0.21916328370571136,0.060918621718883514,0.8235447406768799,0.11553662270307541,audio,0.75,0.9230769276618958,0.9333333373069763
246,fvVhgmXxadc$_$12,0.0,0.3805788457393646,0.06735767424106598,0.772371232509613,0.1602710485458374,audio,0.8095238208770752,0.9318181872367859,0.9245283007621765
510,tmZoasNr4rU$_$17,-1.399999976158142,-0.7854653000831604,0.09911161661148071,0.742462158203125,0.15842615067958832,audio,0.9615384340286255,0.8876404762268066,0.893750011920929
601,wMbj6ajWbic$_$19,-0.6000000238418579,0.1719861924648285,0.06827423721551895,0.7897519469261169,0.14197373390197754,audio,0.8823529481887817,0.9399999976158142,0.9166666865348816
615,yDtzw_Y-7RU$_$6,-1.2000000476837158,-0.8646646738052368,0.0888226255774498,0.7587583661079407,0.15241895616054535,audio,0.9387755393981934,0.9075630307197571,0.8881118893623352
126,d6hH302o4v8$_$27,-2.5999999046325684,-2.1742262840270996,0.07505479454994202,0.7773624062538147,0.14758281409740448,audio,1.0,1.0,0.9090909361839294
402,ob23OKe5a9Q$_$1,1.2000000476837158,1.9260488748550415,0.09147078543901443,0.7651954293251038,0.1433337926864624,audio,1.0,0.931034505367279,0.8529411554336548
616,yDtzw_Y-7RU$_$9,-1.0,0.12131047248840332,0.07176608592271805,0.8358131647109985,0.09242074936628342,audio,0.75,0.9117646813392639,0.9491525292396545
330,k5Y_838nuGo$_$18,0.4000000059604645,0.19541925191879272,0.08358683437108994,0.7321397066116333,0.18427345156669617,audio,1.0,0.8823529481887817,0.8999999761581421
430,phBUpBr1hSo$_$12,1.7999999523162842,-0.44489985704421997,0.07577931135892868,0.7668001651763916,0.1574205756187439,audio,0.9200000166893005,0.9200000166893005,0.894444465637207
362,lXPQBPVc5Cw$_$30,-2.0,-1.5134174823760986,0.094813771545887,0.8331041932106018,0.07208200544118881,audio,0.9523809552192688,0.9230769276618958,0.9629629850387573
221,f9O3YtZ2VfI$_$15,-1.2000000476837158,-0.08703276515007019,0.07565385848283768,0.7163187265396118,0.20802736282348633,audio,0.8999999761581421,0.9047619104385376,0.8799999952316284
263,iiK8YX8oH1E$_$17,1.600000023841858,1.7889089584350586,0.07307057827711105,0.647849977016449,0.27907946705818176,audio,0.8666666746139526,0.800000011920929,1.0
20,c7UH_rxdZv4$_$10,0.800000011920929,-0.17633411288261414,0.08324769884347916,0.7504599690437317,0.16629232466220856,audio,0.9642857313156128,0.9189189076423645,0.8863636255264282
288,jUzDDGyPkXU$_$7,-0.6000000238418579,-1.0489481687545776,0.056905340403318405,0.7374629974365234,0.20563162863254547,audio,0.7894737124443054,0.9433962106704712,0.90625
273,iiK8YX8oH1E$_$9,0.4000000059604645,-0.21875996887683868,0.05628383159637451,0.7641209363937378,0.17959527671337128,audio,0.8571428656578064,0.8965517282485962,0.8823529481887817
623,yDtzw_Y-7RU$_$14,2.200000047683716,1.8490053415298462,0.06828156113624573,0.7633856534957886,0.1683328002691269,audio,0.8695651888847351,0.9101123809814453,0.9158878326416016
144,d6hH302o4v8$_$39,-3.0,-1.923400640487671,0.1067015528678894,0.7270258665084839,0.16627253592014313,audio,1.0,0.8928571343421936,0.9117646813392639
554,vyB00TXsimI$_$22,0.6000000238418579,-0.19961395859718323,0.08008169382810593,0.7361087203025818,0.1838095635175705,audio,1.0,0.9230769276618958,0.8709677457809448
388,nzpVDcQ0ywM$_$10,-1.0,-0.9623984694480896,0.0812218114733696,0.7818164825439453,0.1369616687297821,audio,0.9333333373069763,0.9666666388511658,0.9074074029922485
279,jUzDDGyPkXU$_$20,-2.200000047683716,-2.4807751178741455,0.08426102250814438,0.7512069940567017,0.16453194618225098,audio,0.8999999761581421,0.8648648858070374,0.8666666746139526
294,jUzDDGyPkXU$_$13,-0.6000000238418579,-0.9052699208259583,0.0795271024107933,0.7287998795509338,0.19167304039001465,audio,0.9333333373069763,0.8627451062202454,0.9016393423080444
630,yvsjCA6Y5Fc$_$22,-1.600000023841858,-1.2161004543304443,0.05973340570926666,0.7327399253845215,0.20752669870853424,audio,0.8571428656578064,1.0,0.8823529481887817
618,yDtzw_Y-7RU$_$11,-1.399999976158142,-0.1468770056962967,0.050539277493953705,0.8254848122596741,0.12397585809230804,audio,0.6875,0.9411764740943909,0.8809523582458496
216,f9O3YtZ2VfI$_$8,-1.7999999523162842,0.0609138198196888,0.08961005508899689,0.6744951605796814,0.23589478433132172,audio,1.0,0.8787878751754761,0.949999988079071
368,nbWiPyCm4g0$_$4,-2.200000047683716,-0.7292102575302124,0.09204190969467163,0.8306406736373901,0.07731737941503525,audio,0.8837209343910217,0.8582677245140076,0.9144737124443054
212,f9O3YtZ2VfI$_$4,-2.4000000953674316,-2.2677249908447266,0.09012427181005478,0.7409211993217468,0.16895456612110138,audio,1.0,0.925000011920929,0.9130434989929199
478,tIrG4oNLFzE$_$18,-2.200000047683716,-2.321232795715332,0.09850943088531494,0.7461042404174805,0.1553863137960434,audio,1.0,0.9242424368858337,0.8987341523170471
322,k5Y_838nuGo$_$10,2.0,0.3026125729084015,0.09092845022678375,0.7661511898040771,0.14292031526565552,audio,1.0,0.931034505367279,0.8823529481887817
446,phBUpBr1hSo$_$8,-2.200000047683716,-1.507750153541565,0.0769607275724411,0.8076561689376831,0.11538313329219818,audio,0.8799999952316284,0.9115853905677795,0.8745980858802795
340,lXPQBPVc5Cw$_$23,-2.4000000953674316,-0.7144156098365784,0.09857574850320816,0.8270882964134216,0.07433600723743439,audio,0.8666666746139526,0.8260869383811951,0.8571428656578064
367,nbWiPyCm4g0$_$5,-1.399999976158142,-0.48480749130249023,0.08048943430185318,0.8574109077453613,0.06209971010684967,audio,0.8888888955116272,0.9506173133850098,0.8854166865348816
97,cXypl4FnoZo$_$14,-0.6000000238418579,-1.1425998210906982,0.07862281054258347,0.7171965837478638,0.20418065786361694,audio,0.8965517282485962,0.8918918967247009,0.9101123809814453
200,f9O3YtZ2VfI$_$26,1.399999976158142,0.6455981731414795,0.07119342684745789,0.7345395684242249,0.19426698982715607,audio,0.8571428656578064,0.875,0.9473684430122375
538,v0zCBqDeKcE$_$9,1.7999999523162842,2.0379600524902344,0.06565902382135391,0.7833234071731567,0.15101757645606995,audio,0.8888888955116272,0.9523809552192688,0.8799999952316284
13,c7UH_rxdZv4$_$5,-2.200000047683716,0.09526823461055756,0.059175509959459305,0.7446066737174988,0.19621773064136505,audio,0.7894737124443054,0.9259259104728699,0.921875
497,tStelxIAHjw$_$2,-2.0,-2.122309923171997,0.09746352583169937,0.7419359087944031,0.16060057282447815,audio,0.8999999761581421,0.8518518805503845,0.89682537317276
536,v0zCBqDeKcE$_$7,1.399999976158142,-0.6619851589202881,0.10195036977529526,0.7464925050735474,0.15155714750289917,audio,0.8999999761581421,0.7777777910232544,0.8548387289047241
326,k5Y_838nuGo$_$14,-1.7999999523162842,-0.13183753192424774,0.08218526095151901,0.7460095286369324,0.1718052178621292,audio,0.8947368264198303,0.9387755393981934,0.925000011920929
643,yvsjCA6Y5Fc$_$13,-2.0,-1.7005960941314697,0.08302809298038483,0.7490321397781372,0.16793978214263916,audio,1.0,0.957446813583374,0.875
274,iiK8YX8oH1E$_$8,-1.0,-0.4905898869037628,0.0904022827744484,0.7152292728424072,0.19436846673488617,audio,1.0,0.84375,0.8947368264198303
321,k5Y_838nuGo$_$11,0.5,0.49908801913261414,0.08583426475524902,0.7547017335891724,0.15946398675441742,audio,1.0,0.9411764740943909,0.8780487775802612
540,vvZ4IcEtiZc$_$11,1.600000023841858,0.38759517669677734,0.07200272381305695,0.7818475961685181,0.14614969491958618,audio,0.9166666865348816,0.9166666865348816,0.8999999761581421
280,jUzDDGyPkXU$_$21,-1.0,-0.06440329551696777,0.09244542568922043,0.7853429913520813,0.12221154570579529,audio,1.0,0.8285714387893677,0.8333333134651184
59,cW1FSBF59ik$_$7,0.5,0.48738032579421997,0.06145709380507469,0.8234723806381226,0.11507054418325424,audio,0.800000011920929,0.8823529481887817,1.0
570,vyB00TXsimI$_$17,1.399999976158142,-0.9904543161392212,0.06048583984375,0.7064656019210815,0.23304858803749084,audio,0.7368420958518982,0.8297872543334961,0.9122806787490845
148,d6hH302o4v8$_$13,-2.0,-2.036667823791504,0.1108364686369896,0.7215341925621033,0.16762931644916534,audio,1.0,0.8684210777282715,0.8787878751754761
73,cXypl4FnoZo$_$24,0.20000000298023224,-0.9417672157287598,0.06754647195339203,0.7345426082611084,0.19791090488433838,audio,0.8399999737739563,0.9065420627593994,0.9259259104728699
345,lXPQBPVc5Cw$_$2,-2.200000047683716,-2.318408966064453,0.07127641141414642,0.8136903643608093,0.11503324657678604,audio,0.8461538553237915,0.949999988079071,0.875
211,f9O3YtZ2VfI$_$5,-1.7999999523162842,-2.031568765640259,0.08943306654691696,0.7901116013526917,0.12045532464981079,audio,0.8571428656578064,0.9080459475517273,0.9142857193946838
492,tStelxIAHjw$_$15,0.4000000059604645,0.5294095277786255,0.06571701169013977,0.7553191781044006,0.17896385490894318,audio,0.800000011920929,0.8888888955116272,0.859375
187,etzxEpPuc6I$_$19,-0.5,-1.5471317768096924,0.07186587899923325,0.751680850982666,0.17645324766635895,audio,0.8399999737739563,0.8888888955116272,0.9460784196853638
558,vyB00TXsimI$_$5,1.7999999523162842,1.3948702812194824,0.0943354144692421,0.6922129988670349,0.2134515941143036,audio,1.0,0.800000011920929,0.9090909361839294
527,v0zCBqDeKcE$_$12,-0.4000000059604645,-0.2886615991592407,0.07505825906991959,0.7718589901924133,0.15308275818824768,audio,0.8666666746139526,0.892307698726654,0.8974359035491943
534,v0zCBqDeKcE$_$5,2.0,1.5947751998901367,0.07900352776050568,0.7338867783546448,0.18710967898368835,audio,1.0,0.9333333373069763,0.9444444179534912
207,f9O3YtZ2VfI$_$29,-2.0,0.2503744065761566,0.10538576543331146,0.7023444175720215,0.19226983189582825,audio,1.0,0.8181818127632141,0.9240506291389465
206,f9O3YtZ2VfI$_$28,1.2000000476837158,1.036341905593872,0.04987915977835655,0.8071759939193726,0.1429448127746582,audio,0.75,1.0,0.8500000238418579
646,yvsjCA6Y5Fc$_$14,-1.0,-1.2654953002929688,0.0841716080904007,0.7303547263145447,0.1854737102985382,audio,1.0,0.9189189076423645,0.8636363744735718
149,d6hH302o4v8$_$12,1.399999976158142,0.835647702217102,0.07758460193872452,0.7197896838188171,0.20262573659420013,audio,0.8888888955116272,0.8571428656578064,0.9599999785423279
392,nzpVDcQ0ywM$_$14,0.20000000298023224,-0.6744474768638611,0.09927202761173248,0.7422113418579102,0.15851658582687378,audio,0.949999988079071,0.8961039185523987,0.9021739363670349
465,rnaNMUZpvvg$_$14,-2.5999999046325684,-1.5216344594955444,0.10472053289413452,0.7500015497207642,0.14527790248394012,audio,1.0,0.8653846383094788,0.8870967626571655
195,etzxEpPuc6I$_$6,0.4000000059604645,0.22073784470558167,0.08061042428016663,0.7553432583808899,0.16404637694358826,audio,0.9166666865348816,0.8611111044883728,0.8837209343910217
43,cM3Yna7AavY$_$5,2.799999952316284,-0.46820777654647827,0.09172990173101425,0.7706039547920227,0.13766618072986603,audio,0.9166666865348816,0.9069767594337463,0.9038461446762085
398,ob23OKe5a9Q$_$10,1.25,1.0878854990005493,0.078370600938797,0.7574689388275146,0.16416044533252716,audio,1.0,0.9411764740943909,1.0
320,k5Y_838nuGo$_$8,-1.399999976158142,-0.8224575519561768,0.08059678971767426,0.7525479793548584,0.16685524582862854,audio,1.0,0.8999999761581421,0.8888888955116272
283,jUzDDGyPkXU$_$1,2.799999952316284,2.524233341217041,0.06951934099197388,0.7869201302528381,0.14356055855751038,audio,1.0,0.9333333373069763,0.9411764740943909
638,yvsjCA6Y5Fc$_$6,0.0,0.2500072717666626,0.07358754426240921,0.7145707607269287,0.2118416130542755,audio,0.9090909361839294,0.9047619104385376,0.9583333134651184
677,zhpQhgha_KU$_$16,1.7999999523162842,1.2863911390304565,0.07781779021024704,0.8449981808662415,0.07718405872583389,audio,0.875,0.9130434989929199,0.8545454740524292
167,dq3Nf_lMPnE$_$12,-1.600000023841858,-0.6441569328308105,0.08823984861373901,0.7277149558067322,0.1840452253818512,audio,1.0,0.942307710647583,0.9516128897666931
352,lXPQBPVc5Cw$_$11,-1.7999999523162842,-1.700529932975769,0.0825202465057373,0.7623222470283508,0.15515753626823425,audio,1.0,0.8571428656578064,1.0
177,dq3Nf_lMPnE$_$9,-0.800000011920929,-0.574938178062439,0.09761082381010056,0.763343870639801,0.13904528319835663,audio,1.0,0.8913043737411499,0.8571428656578064
451,rnaNMUZpvvg$_$1,-2.5999999046325684,-2.289172887802124,0.10110022127628326,0.7066987752914429,0.1922009438276291,audio,1.0,0.8604651093482971,0.8823529481887817
50,cW1FSBF59ik$_$20,2.5,2.0102503299713135,0.06674634665250778,0.8360689282417297,0.09718475490808487,audio,0.8181818127632141,0.9298245906829834,0.8550724387168884
8,c7UH_rxdZv4$_$28,-0.800000011920929,0.010905055329203606,0.05638369172811508,0.8078784942626953,0.135737806558609,audio,0.7272727489471436,0.9230769276618958,0.8870967626571655
117,d3_k5Xpfmik$_$7,0.4000000059604645,-0.633702278137207,0.05608121678233147,0.7625815868377686,0.18133719265460968,audio,0.75,0.891566276550293,0.8928571343421936
162,d6hH302o4v8$_$33,-3.0,-1.962686538696289,0.07902412861585617,0.7844201326370239,0.1365557461977005,audio,1.0,1.0,1.0
415,pLTX3ipuDJI$_$15,-1.399999976158142,-1.419791340827942,0.07113832980394363,0.7629396915435791,0.16592200100421906,audio,0.800000011920929,0.8636363744735718,0.8333333134651184
395,nzpVDcQ0ywM$_$19,-2.0,0.45472750067710876,0.0813983678817749,0.7413965463638306,0.1772051304578781,audio,0.800000011920929,0.8518518805503845,0.984375
252,fvVhgmXxadc$_$4,-2.799999952316284,-1.5726302862167358,0.0843815952539444,0.8100563883781433,0.10556196421384811,audio,0.9090909361839294,0.96875,0.8421052694320679
41,cM3Yna7AavY$_$3,1.0,-0.43930917978286743,0.07481274008750916,0.8192563056945801,0.10593090206384659,audio,0.8125,0.8723404407501221,0.8965517282485962
225,f9O3YtZ2VfI$_$19,-0.6000000238418579,-0.8624307513237,0.0902988389134407,0.7360890507698059,0.1736120581626892,audio,0.875,0.8484848737716675,0.925000011920929
96,cXypl4FnoZo$_$15,0.0,-0.5311076641082764,0.07954952120780945,0.7494392395019531,0.171011283993721,audio,0.9583333134651184,0.9411764740943909,0.9117646813392639
45,cM3Yna7AavY$_$7,3.0,2.574080228805542,0.06843987852334976,0.8786625266075134,0.05289759114384651,audio,0.8333333134651184,0.8918918967247009,0.8500000238418579
127,d6hH302o4v8$_$20,1.0,-0.571555495262146,0.08516476303339005,0.7841586470603943,0.13067655265331268,audio,0.8571428656578064,0.8999999761581421,0.9166666865348816
528,v0zCBqDeKcE$_$15,2.4000000953674316,1.7956123352050781,0.06769091635942459,0.7498281598091125,0.18248087167739868,audio,1.0,1.0,1.0
178,dq3Nf_lMPnE$_$8,0.6000000238418579,0.8340438604354858,0.08093287795782089,0.7710132002830505,0.14805394411087036,audio,0.949999988079071,0.9090909361839294,0.8653846383094788
72,cW1FSBF59ik$_$18,2.5999999046325684,2.5841307640075684,0.08301038295030594,0.7815443873405457,0.1354452669620514,audio,0.9090909361839294,0.8873239159584045,0.9418604373931885
525,v0zCBqDeKcE$_$10,2.200000047683716,1.5082789659500122,0.07038069516420364,0.8076083064079285,0.12201095372438431,audio,0.8571428656578064,0.9545454382896423,0.7777777910232544
54,cW1FSBF59ik$_$1,-2.5999999046325684,-1.394450306892395,0.08420781791210175,0.8119977116584778,0.10379444807767868,audio,0.8636363744735718,0.8695651888847351,0.9156626462936401
233,f_pcplsH_V0$_$14,-1.0,-0.8801447153091431,0.08365283906459808,0.7496018409729004,0.1667453795671463,audio,0.9333333373069763,0.9032257795333862,0.875
270,iiK8YX8oH1E$_$4,-2.0,-0.6222301125526428,0.06877314299345016,0.7126011252403259,0.21862570941448212,audio,0.8823529481887817,0.8863636255264282,0.9811320900917053
165,dq3Nf_lMPnE$_$10,1.0,1.2041635513305664,0.055645059794187546,0.8234291672706604,0.12092580646276474,audio,0.800000011920929,0.96875,0.8421052694320679
80,cXypl4FnoZo$_$23,0.4000000059604645,-1.299778938293457,0.09241371601819992,0.7247357368469238,0.18285058438777924,audio,1.0,0.800000011920929,0.9166666865348816
450,rnaNMUZpvvg$_$22,-2.200000047683716,-1.4539730548858643,0.09537435322999954,0.7133879065513611,0.19123773276805878,audio,1.0,0.8888888955116272,0.9080459475517273
213,f9O3YtZ2VfI$_$7,-1.2000000476837158,-0.3239964544773102,0.06528332084417343,0.7424356937408447,0.19228096306324005,audio,0.9090909361839294,0.949999988079071,0.9583333134651184
662,zhpQhgha_KU$_$3,-1.600000023841858,-1.5330824851989746,0.1173909455537796,0.7340556979179382,0.14855331182479858,audio,1.0,0.8448275923728943,0.8214285969734192
146,d6hH302o4v8$_$11,-1.0,-0.9676007032394409,0.07629282772541046,0.7582682371139526,0.16543886065483093,audio,0.8999999761581421,0.9142857193946838,0.8292682766914368
164,dq3Nf_lMPnE$_$11,-0.6000000238418579,0.5073459148406982,0.07984184473752975,0.7698684930801392,0.15028968453407288,audio,0.9545454382896423,0.920634925365448,0.8947368264198303
670,zhpQhgha_KU$_$11,-2.4000000953674316,-2.4612724781036377,0.08256207406520844,0.7511926889419556,0.1662452071905136,audio,0.9166666865348816,0.875,0.9107142686843872
374,nzpVDcQ0ywM$_$20,0.20000000298023224,-0.4455816447734833,0.08725601434707642,0.724942684173584,0.187801331281662,audio,1.0,0.9090909361839294,1.0
454,rnaNMUZpvvg$_$5,-2.799999952316284,-0.8940695524215698,0.0891084149479866,0.7693590521812439,0.14153249561786652,audio,0.9090909361839294,0.8571428656578064,0.8399999737739563
412,pLTX3ipuDJI$_$10,-1.600000023841858,-1.6753411293029785,0.0867079570889473,0.7470321655273438,0.16625984013080597,audio,0.95652174949646,0.9180327653884888,0.9178082346916199
599,wMbj6ajWbic$_$17,2.0,1.1126153469085693,0.08163713663816452,0.7566120028495789,0.16175086796283722,audio,0.9545454382896423,0.849056601524353,0.921875
551,vvZ4IcEtiZc$_$8,-1.5,-1.197819709777832,0.07915392518043518,0.8221563100814819,0.0986897349357605,audio,0.875,0.9344262480735779,0.9189189076423645
291,jUzDDGyPkXU$_$8,1.7999999523162842,1.7291295528411865,0.06612908095121384,0.7797757387161255,0.15409520268440247,audio,0.9090909361839294,0.9583333134651184,0.8965517282485962
264,iiK8YX8oH1E$_$16,0.0,-1.7043700218200684,0.08542141318321228,0.7581908702850342,0.15638768672943115,audio,1.0,0.9285714030265808,0.9375
267,iiK8YX8oH1E$_$3,-1.25,-0.6655774116516113,0.07152016460895538,0.7196747660636902,0.20880503952503204,audio,0.9285714030265808,0.8888888955116272,0.9375
357,lXPQBPVc5Cw$_$14,-2.200000047683716,-2.565634250640869,0.08478311449289322,0.8102924227714539,0.10492447763681412,audio,0.8181818127632141,0.8730158805847168,0.8799999952316284
404,ob23OKe5a9Q$_$2,1.0,0.5413339138031006,0.08625100553035736,0.7670783996582031,0.1466706395149231,audio,1.0,0.9375,0.7894737124443054
500,tStelxIAHjw$_$7,1.399999976158142,0.37849152088165283,0.08056475967168808,0.7578431367874146,0.16159214079380035,audio,1.0,1.0,1.0
666,zhpQhgha_KU$_$7,1.0,-0.375588059425354,0.12148018926382065,0.7403373122215271,0.13818244636058807,audio,1.0,0.8461538553237915,1.0
204,f9O3YtZ2VfI$_$22,1.399999976158142,0.05947316437959671,0.08049752563238144,0.7255479693412781,0.19395451247692108,audio,0.9090909361839294,0.8620689511299133,0.8235294222831726
652,zhpQhgha_KU$_$25,1.0,-0.9869019985198975,0.07999172806739807,0.7552935481071472,0.16471470892429352,audio,0.875,0.8529411554336548,0.8918918967247009
443,phBUpBr1hSo$_$7,-1.0,0.22060653567314148,0.07126028090715408,0.7792901396751404,0.14944957196712494,audio,0.7857142686843872,0.875,0.8819444179534912
437,phBUpBr1hSo$_$20,-1.25,0.849459707736969,0.07975322008132935,0.7626731395721436,0.1575736254453659,audio,0.9583333134651184,0.9166666865348816,0.9482758641242981
590,wMbj6ajWbic$_$6,1.7999999523162842,0.5048842430114746,0.0795392170548439,0.778370201587677,0.14209051430225372,audio,0.9642857313156128,0.9411764740943909,0.8999999761581421
421,pLTX3ipuDJI$_$5,-2.0,-1.4133143424987793,0.0863206684589386,0.7552834153175354,0.15839596092700958,audio,0.9333333373069763,0.8787878751754761,0.9113923907279968
31,c7UH_rxdZv4$_$33,-1.7999999523162842,-0.700939416885376,0.10433759540319443,0.6915672421455383,0.20409516990184784,audio,1.0,0.6666666865348816,0.8333333134651184
459,rnaNMUZpvvg$_$8,-1.600000023841858,-1.1116981506347656,0.10299788415431976,0.7675676345825195,0.12943443655967712,audio,1.0,0.931034505367279,0.9142857193946838
227,f9O3YtZ2VfI$_$30,-1.0,-1.0366169214248657,0.06319323182106018,0.7734549045562744,0.1633518785238266,audio,0.7857142686843872,0.9399999976158142,0.8666666746139526
530,v0zCBqDeKcE$_$16,0.0,-0.21813088655471802,0.078974649310112,0.5448876619338989,0.3761376440525055,audio,0.8571428656578064,0.6666666865348816,1.0
453,rnaNMUZpvvg$_$2,2.25,1.6433244943618774,0.09198278188705444,0.7475833892822266,0.16043376922607422,audio,1.0,0.8823529481887817,0.8095238208770752
3,c7UH_rxdZv4$_$27,-1.7999999523162842,-0.9547475576400757,0.07287419587373734,0.7512942552566528,0.17583157122135162,audio,0.8695651888847351,0.8933333158493042,0.8861788511276245
549,vvZ4IcEtiZc$_$6,1.0,0.35929426550865173,0.08469202369451523,0.830672025680542,0.0846359059214592,audio,0.9166666865348816,0.9014084339141846,0.8833333253860474
285,jUzDDGyPkXU$_$2,2.5999999046325684,2.390035629272461,0.10664716362953186,0.7486286163330078,0.14472424983978271,audio,1.0,0.800000011920929,0.774193525314331
456,rnaNMUZpvvg$_$7,-0.4000000059604645,-0.447588175535202,0.08002782613039017,0.7678629755973816,0.15210916101932526,audio,0.8888888955116272,0.8620689511299133,0.8529411554336548
397,ob23OKe5a9Q$_$11,0.800000011920929,2.0354549884796143,0.08702756464481354,0.7479131817817688,0.16505925357341766,audio,0.9696969985961914,0.902255654335022,0.9333333373069763
70,cW1FSBF59ik$_$16,3.0,0.8919360637664795,0.08833511173725128,0.7975315451622009,0.11413338780403137,audio,0.9375,0.9117646813392639,0.9146341681480408
88,cXypl4FnoZo$_$7,-1.0,-0.6988285779953003,0.07950907945632935,0.7274729013442993,0.19301798939704895,audio,1.0,0.9545454382896423,0.9259259104728699
83,cXypl4FnoZo$_$1,1.0,-0.5951122641563416,0.08241309970617294,0.7296161651611328,0.18797069787979126,audio,0.9230769276618958,0.8695651888847351,0.8888888955116272
578,wMbj6ajWbic$_$20,-0.4000000059604645,-0.03900909423828125,0.07867775112390518,0.7898395657539368,0.13148272037506104,audio,0.9333333373069763,0.976190447807312,0.8823529481887817
589,wMbj6ajWbic$_$7,-1.2000000476837158,-0.4663330912590027,0.04365074634552002,0.8333783149719238,0.12297093868255615,audio,0.692307710647583,1.0,0.8235294222831726
569,vyB00TXsimI$_$14,2.0,1.5909079313278198,0.0848715528845787,0.7229285836219788,0.19219990074634552,audio,1.0,0.8799999952316284,0.8333333134651184
196,etzxEpPuc6I$_$9,-2.799999952316284,-2.0102248191833496,0.08835014700889587,0.7508565783500671,0.1607932597398758,audio,1.0,0.920634925365448,0.9200000166893005
483,tIrG4oNLFzE$_$4,1.399999976158142,0.0018728310242295265,0.11327791959047318,0.711324155330658,0.17539790272712708,audio,1.0,0.7857142686843872,0.8787878751754761
628,yvsjCA6Y5Fc$_$20,0.800000011920929,0.4764264225959778,0.09155558049678802,0.7414637804031372,0.16698069870471954,audio,1.0,0.9200000166893005,0.8999999761581421
112,d3_k5Xpfmik$_$1,2.0,1.520127296447754,0.08642812818288803,0.7870620489120483,0.12650981545448303,audio,1.0,0.9428571462631226,0.8809523582458496
583,wMbj6ajWbic$_$29,1.7999999523162842,2.790074110031128,0.07819978147745132,0.8005288243293762,0.12127138674259186,audio,0.9444444179534912,0.9210526347160339,0.8666666746139526
215,f9O3YtZ2VfI$_$9,-2.200000047683716,-1.903600811958313,0.06961694359779358,0.6439771056175232,0.2864059805870056,audio,0.8461538553237915,0.75,0.9024389982223511
26,c7UH_rxdZv4$_$16,-2.0,-1.784883975982666,0.12306679785251617,0.7591111660003662,0.1178220883011818,audio,1.0,0.8181818127632141,0.8846153616905212
627,yDtzw_Y-7RU$_$18,-2.0,-1.358809471130371,0.07666398584842682,0.7385424971580505,0.18479348719120026,audio,0.8999999761581421,0.8775510191917419,0.9137930870056152
22,c7UH_rxdZv4$_$12,-2.799999952316284,-1.8404715061187744,0.0743340253829956,0.7331089377403259,0.19255703687667847,audio,0.8571428656578064,0.8636363744735718,0.875
116,d3_k5Xpfmik$_$4,-1.0,-1.5129714012145996,0.09414630383253098,0.7415738701820374,0.16427984833717346,audio,1.0,0.8723404407501221,0.8214285969734192
660,zhpQhgha_KU$_$29,-1.2000000476837158,-1.7067439556121826,0.07695019245147705,0.7292338013648987,0.19381608068943024,audio,0.9285714030265808,0.9166666865348816,1.0
668,zhpQhgha_KU$_$9,-1.0,-1.1417384147644043,0.09201769530773163,0.7785477638244629,0.1294344812631607,audio,1.0,0.9714285731315613,0.8837209343910217
491,tStelxIAHjw$_$12,-1.0,-0.6801002025604248,0.08426884561777115,0.7129035592079163,0.202827587723732,audio,1.0,0.9655172228813171,0.970588207244873
120,d3_k5Xpfmik$_$8,2.200000047683716,2.400394916534424,0.06990938633680344,0.7549051642417908,0.1751854568719864,audio,1.0,0.8888888955116272,0.9523809552192688
171,dq3Nf_lMPnE$_$3,-1.2000000476837158,0.191279336810112,0.05319966375827789,0.7787902355194092,0.1680101454257965,audio,0.8571428656578064,0.9130434989929199,0.9629629850387573
418,pLTX3ipuDJI$_$1,-2.4000000953674316,-0.9131693840026855,0.06647815555334091,0.7758864164352417,0.15763543546199799,audio,0.8235294222831726,0.9107142686843872,0.8656716346740723
427,phBUpBr1hSo$_$11,2.0,-0.9753466844558716,0.08946700394153595,0.7235524654388428,0.18698060512542725,audio,0.8888888955116272,0.761904776096344,0.9200000166893005
636,yvsjCA6Y5Fc$_$4,-0.20000000298023224,-1.0452755689620972,0.07458005845546722,0.73739093542099,0.188028946518898,audio,0.8947368264198303,0.9122806787490845,0.9558823704719543
99,cXypl4FnoZo$_$16,-0.6000000238418579,-1.4420934915542603,0.06567685306072235,0.7423325777053833,0.19199059903621674,audio,0.8620689511299133,0.9166666865348816,0.9137930870056152
650,yvsjCA6Y5Fc$_$18,-2.200000047683716,-1.7747101783752441,0.0913112536072731,0.6765407919883728,0.2321479469537735,audio,0.9629629850387573,0.837837815284729,0.8947368264198303
667,zhpQhgha_KU$_$6,1.0,0.06106085330247879,0.10887507349252701,0.7661679983139038,0.12495693564414978,audio,1.0,0.8500000238418579,0.9583333134651184
602,wMbj6ajWbic$_$18,-1.0,0.4711589217185974,0.07655981928110123,0.7804232239723206,0.14301690459251404,audio,1.0,0.8723404407501221,0.8775510191917419
269,iiK8YX8oH1E$_$5,-0.4000000059604645,-0.48229095339775085,0.08035014569759369,0.7281419634819031,0.19150793552398682,audio,0.9428571462631226,0.8760330677032471,0.8999999761581421
535,v0zCBqDeKcE$_$4,0.0,-0.33435022830963135,0.10157525539398193,0.7335952520370483,0.16482950747013092,audio,1.0,0.8444444537162781,0.8571428656578064
284,jUzDDGyPkXU$_$3,0.0,-0.09510041028261185,0.06941283494234085,0.6870591640472412,0.24352796375751495,audio,0.7777777910232544,0.7777777910232544,1.0
125,d6hH302o4v8$_$26,-2.5999999046325684,-1.8041934967041016,0.1075698733329773,0.8288202881813049,0.06360984593629837,audio,1.0,0.9166666865348816,0.800000011920929
170,dq3Nf_lMPnE$_$1,0.0,0.8452942371368408,0.09118065237998962,0.7528699040412903,0.1559494435787201,audio,1.0,0.8793103694915771,0.930232584476471
156,d6hH302o4v8$_$31,-1.399999976158142,-0.8756828308105469,0.07488243281841278,0.7932528853416443,0.13186466693878174,audio,0.8823529481887817,0.9545454382896423,0.849056601524353
433,phBUpBr1hSo$_$17,2.0,1.568040370941162,0.08363977074623108,0.8007325530052185,0.11562765389680862,audio,1.0,0.970588207244873,0.8765432238578796
128,d6hH302o4v8$_$21,-2.4000000953674316,-2.5435128211975098,0.07579085230827332,0.7013885378837585,0.2228206843137741,audio,0.9090909361839294,0.931034505367279,0.970588207244873
647,yvsjCA6Y5Fc$_$17,-0.6000000238418579,-0.7966222763061523,0.09633393585681915,0.7596707344055176,0.14399534463882446,audio,0.8666666746139526,0.8571428656578064,0.9322034120559692
261,iiK8YX8oH1E$_$15,0.6000000238418579,0.14281252026557922,0.08852839469909668,0.7084746956825256,0.20299695432186127,audio,0.875,0.75,0.7777777910232544
455,rnaNMUZpvvg$_$4,-2.4000000953674316,-1.815077781677246,0.07279696315526962,0.7761770486831665,0.15102602541446686,audio,0.8775510191917419,0.9219858050346375,0.8647058606147766
104,d3_k5Xpfmik$_$13,2.200000047683716,0.5670652389526367,0.07593230158090591,0.8061327934265137,0.1179349347949028,audio,1.0,0.9047619104385376,0.8399999737739563
300,jUzDDGyPkXU$_$19,2.200000047683716,-0.8954939842224121,0.08018162101507187,0.7697386741638184,0.15007972717285156,audio,1.0,0.9428571462631226,0.8780487775802612
503,tStelxIAHjw$_$8,-2.0,0.7823888063430786,0.06600142270326614,0.7035324573516846,0.23046612739562988,audio,0.7777777910232544,0.8181818127632141,0.9230769276618958
336,lXPQBPVc5Cw$_$27,-2.799999952316284,-1.1493330001831055,0.07919098436832428,0.7613028287887573,0.159506157040596,audio,0.9375,0.9354838728904724,0.8947368264198303
408,ob23OKe5a9Q$_$6,0.0,-1.1962920427322388,0.07986689358949661,0.7574416995048523,0.16269132494926453,audio,0.9200000166893005,0.942307710647583,0.920634925365448
182,etzxEpPuc6I$_$12,0.6666666865348816,-1.4230257272720337,0.10043416917324066,0.7149763107299805,0.18458952009677887,audio,1.0,0.875,0.8999999761581421
502,tStelxIAHjw$_$9,-1.399999976158142,-1.475306510925293,0.06433028727769852,0.7926773428916931,0.142992302775383,audio,0.8888888955116272,1.0,0.8333333134651184
414,pLTX3ipuDJI$_$12,-2.0,-0.5137389898300171,0.08326992392539978,0.7798616886138916,0.13686835765838623,audio,0.9722222089767456,0.9318181872367859,0.8620689511299133
588,wMbj6ajWbic$_$4,1.0,-1.5277907848358154,0.07151184976100922,0.7405878901481628,0.18790027499198914,audio,0.8999999761581421,0.8999999761581421,1.0
222,f9O3YtZ2VfI$_$14,1.2000000476837158,-0.4195263683795929,0.07851008325815201,0.7129528522491455,0.20853708684444427,audio,0.8888888955116272,0.8666666746139526,0.9722222089767456
12,c7UH_rxdZv4$_$2,-2.5999999046325684,-2.180006980895996,0.06263800710439682,0.8032419681549072,0.13412003219127655,audio,0.800000011920929,0.9523809552192688,0.800000011920929
249,fvVhgmXxadc$_$3,-2.200000047683716,-1.5436280965805054,0.09308695048093796,0.8133634924888611,0.09354959428310394,audio,0.8999999761581421,0.9090909361839294,0.9615384340286255
153,d6hH302o4v8$_$16,-2.0,-2.3684380054473877,0.08459030836820602,0.7309345006942749,0.1844751536846161,audio,0.8333333134651184,0.8333333134651184,0.7857142686843872
332,k5Y_838nuGo$_$30,1.600000023841858,0.2933388352394104,0.07678960263729095,0.7467538118362427,0.17645661532878876,audio,0.9166666865348816,0.8857142925262451,0.8780487775802612
678,zhpQhgha_KU$_$19,-0.800000011920929,-1.6413865089416504,0.08173557370901108,0.7311768531799316,0.1870875507593155,audio,0.875,0.8730158805847168,1.0
532,v0zCBqDeKcE$_$3,0.6000000238418579,-0.7289955019950867,0.09663856774568558,0.7428001761436462,0.16056127846240997,audio,1.0,0.8999999761581421,0.9333333373069763
580,wMbj6ajWbic$_$22,1.399999976158142,0.8651118278503418,0.08049482107162476,0.7024392485618591,0.2170659601688385,audio,0.8636363744735718,0.7586206793785095,0.9137930870056152
69,cW1FSBF59ik$_$17,2.4000000953674316,1.6933516263961792,0.07412239909172058,0.7823008894920349,0.14357668161392212,audio,0.8333333134651184,0.8461538553237915,1.0
111,d3_k5Xpfmik$_$18,0.800000011920929,-0.004026942886412144,0.07811470329761505,0.742621898651123,0.17926336824893951,audio,0.9285714030265808,0.837837815284729,0.8863636255264282
385,nzpVDcQ0ywM$_$9,-2.200000047683716,-1.1205642223358154,0.10694830119609833,0.7455875873565674,0.14746412634849548,audio,1.0,0.8775510191917419,0.9145299196243286
30,c7UH_rxdZv4$_$30,1.2000000476837158,0.15050750970840454,0.07878835499286652,0.7669326663017273,0.15427905321121216,audio,1.0,0.9666666388511658,0.8571428656578064
559,vyB00TXsimI$_$4,1.7999999523162842,1.6181361675262451,0.09380011260509491,0.6708354353904724,0.23536446690559387,audio,1.0,0.8064516186714172,0.9473684430122375
422,pLTX3ipuDJI$_$4,-2.200000047683716,1.453261375427246,0.07717293500900269,0.811586320400238,0.11124079674482346,audio,0.8888888955116272,0.9009901285171509,0.9322034120559692
272,iiK8YX8oH1E$_$6,0.20000000298023224,0.6516725420951843,0.06770141422748566,0.7729230523109436,0.15937554836273193,audio,1.0,0.9333333373069763,0.8333333134651184
401,ob23OKe5a9Q$_$14,0.800000011920929,0.6958078145980835,0.07496144622564316,0.7559716105461121,0.16906693577766418,audio,0.8571428656578064,0.8775510191917419,0.9145299196243286
612,yDtzw_Y-7RU$_$5,0.5,-0.7248404026031494,0.0779557079076767,0.7595257759094238,0.1625184863805771,audio,0.9473684430122375,0.9384615421295166,0.8974359035491943
293,jUzDDGyPkXU$_$10,2.4000000953674316,1.3357770442962646,0.0663406252861023,0.7745075821876526,0.1591518223285675,audio,0.8571428656578064,0.9152542352676392,0.9056603908538818
386,nzpVDcQ0ywM$_$8,2.0,2.3167693614959717,0.06973446160554886,0.7910598516464233,0.1392057090997696,audio,0.9285714030265808,0.9599999785423279,0.8833333253860474
653,zhpQhgha_KU$_$26,0.0,-0.846005916595459,0.0776342898607254,0.70915287733078,0.21321281790733337,audio,0.9230769276618958,0.9047619104385376,0.9599999785423279
470,tIrG4oNLFzE$_$11,-1.600000023841858,-0.4866354465484619,0.10316111147403717,0.7976353168487549,0.09920351207256317,audio,0.875,0.8859649300575256,0.8676470518112183
586,wMbj6ajWbic$_$2,-0.800000011920929,0.8491109013557434,0.08733698725700378,0.7633340954780579,0.14932894706726074,audio,0.9523809552192688,0.9156626462936401,0.8999999761581421
152,d6hH302o4v8$_$17,-2.0,-2.229524850845337,0.11456330865621567,0.7345941066741943,0.15084253251552582,audio,1.0,0.8666666746139526,0.8888888955116272
9,c7UH_rxdZv4$_$29,0.6000000238418579,0.785014271736145,0.07377229630947113,0.7570964694023132,0.16913114488124847,audio,0.9166666865348816,0.936170220375061,0.8771929740905762
522,tmZoasNr4rU$_$9,-0.6000000238418579,-0.5115207433700562,0.09464576095342636,0.8266053795814514,0.07874885201454163,audio,0.9599999785423279,0.9333333373069763,0.8680555820465088
671,zhpQhgha_KU$_$10,0.6000000238418579,0.23985996842384338,0.08551205694675446,0.7213490605354309,0.19313886761665344,audio,0.8823529481887817,0.8514851331710815,0.9444444179534912
172,dq3Nf_lMPnE$_$2,-1.399999976158142,-1.0717318058013916,0.06266754120588303,0.7836248278617859,0.15370771288871765,audio,0.8461538553237915,0.9375,0.8684210777282715
245,fvVhgmXxadc$_$13,0.20000000298023224,-0.7377750873565674,0.08749676495790482,0.79664546251297,0.11585785448551178,audio,0.949999988079071,0.9444444179534912,0.9076923131942749
136,d6hH302o4v8$_$3,0.20000000298023224,0.1492677479982376,0.09145258367061615,0.7056718468666077,0.202875554561615,audio,0.9444444179534912,0.8571428656578064,0.9137930870056152
434,phBUpBr1hSo$_$16,-1.600000023841858,-0.24819526076316833,0.0839565321803093,0.7567389011383057,0.15930455923080444,audio,0.9599999785423279,0.8958333134651184,0.9137930870056152
21,c7UH_rxdZv4$_$13,-2.5999999046325684,-0.21011094748973846,0.08498811721801758,0.6914300322532654,0.22358185052871704,audio,1.0,0.875,0.9729729890823364
604,yDtzw_Y-7RU$_$24,-0.800000011920929,-0.26228517293930054,0.07256010919809341,0.7463725805282593,0.1810673028230667,audio,0.8888888955116272,0.9375,1.0
423,pLTX3ipuDJI$_$7,0.800000011920929,-1.533204436302185,0.0945800244808197,0.7038365602493286,0.2015833854675293,audio,0.9285714030265808,0.8095238208770752,0.9399999976158142
541,vvZ4IcEtiZc$_$10,-2.0,-0.5783970355987549,0.06417958438396454,0.7979604005813599,0.1378600299358368,audio,0.8500000238418579,0.9791666865348816,0.859649121761322
250,fvVhgmXxadc$_$2,-2.799999952316284,-1.408982753753662,0.06720932573080063,0.8280988335609436,0.10469182580709457,audio,0.7647058963775635,0.9069767594337463,0.8269230723381042
524,v0zCBqDeKcE$_$11,1.600000023841858,1.330865740776062,0.09154058992862701,0.7239023447036743,0.1845569908618927,audio,0.96875,0.8648648858070374,0.9069767594337463
23,c7UH_rxdZv4$_$15,-2.4000000953674316,-2.187957286834717,0.09938390552997589,0.746242344379425,0.15437375009059906,audio,1.0,0.875,0.8999999761581421
676,zhpQhgha_KU$_$17,1.75,1.4722061157226562,0.10833744704723358,0.7932702898979187,0.09839225560426712,audio,0.9230769276618958,0.8333333134651184,0.9142857193946838
382,nzpVDcQ0ywM$_$4,-1.600000023841858,-1.3721585273742676,0.07437682896852493,0.7418064475059509,0.18381667137145996,audio,0.8666666746139526,0.875,0.895348846912384
377,nzpVDcQ0ywM$_$23,2.0,1.4694361686706543,0.060105886310338974,0.7374558448791504,0.20243829488754272,audio,0.875,0.8947368264198303,0.9090909361839294
190,etzxEpPuc6I$_$3,-1.600000023841858,-1.5950099229812622,0.08821064978837967,0.7383445501327515,0.17344479262828827,audio,1.0,0.914893627166748,0.9285714030265808
46,cM3Yna7AavY$_$6,2.799999952316284,1.388690710067749,0.09464751929044724,0.7703685164451599,0.13498397171497345,audio,0.9333333373069763,0.875,0.8666666746139526
39,cM3Yna7AavY$_$16,-2.799999952316284,-1.6946330070495605,0.12424936890602112,0.7990565896034241,0.0766940712928772,audio,1.0,0.8571428656578064,0.8823529481887817
539,v0zCBqDeKcE$_$8,1.7999999523162842,0.41711658239364624,0.0817740336060524,0.7888348698616028,0.12939110398292542,audio,0.9333333373069763,0.9166666865348816,0.9130434989929199
268,iiK8YX8oH1E$_$2,1.2000000476837158,0.7510960698127747,0.058787085115909576,0.766873300075531,0.17433959245681763,audio,0.8571428656578064,0.9666666388511658,0.8684210777282715
680,zhpQhgha_KU$_$31,-1.0,-0.2608757019042969,0.09673777967691422,0.8013049960136414,0.10195723921060562,audio,0.9166666865348816,0.8958333134651184,0.9137930870056152
154,d6hH302o4v8$_$19,-2.799999952316284,-1.316703200340271,0.05487441271543503,0.7485015988349915,0.19662396609783173,audio,0.75,0.9333333373069763,0.9729729890823364
331,k5Y_838nuGo$_$31,-1.0,-1.6522349119186401,0.06574279814958572,0.7134383916854858,0.22081878781318665,audio,0.8461538553237915,0.8695651888847351,0.9629629850387573
105,d3_k5Xpfmik$_$12,2.0,1.61812162399292,0.0892414078116417,0.738123893737793,0.17263475060462952,audio,1.0,0.8666666746139526,0.9014084339141846
251,fvVhgmXxadc$_$5,0.0,-0.34883832931518555,0.0592406690120697,0.7737189531326294,0.16704043745994568,audio,0.8461538553237915,0.9473684430122375,0.8913043737411499
504,tmZoasNr4rU$_$11,-0.6000000238418579,-0.6339150667190552,0.07771993428468704,0.7655740976333618,0.15670602023601532,audio,1.0,0.9736841917037964,0.9111111164093018
234,f_pcplsH_V0$_$1,0.25,0.6713995933532715,0.10817725211381912,0.7436091899871826,0.14821356534957886,audio,1.0,0.875,0.8684210777282715
411,pLTX3ipuDJI$_$11,0.6000000238418579,-1.739152431488037,0.07456427812576294,0.7785263061523438,0.14690937101840973,audio,0.8823529481887817,0.914893627166748,0.8421052694320679
108,d3_k5Xpfmik$_$17,1.600000023841858,0.42312127351760864,0.08812717348337173,0.7916596531867981,0.12021316587924957,audio,1.0,0.9189189076423645,0.8409090638160706
185,etzxEpPuc6I$_$17,-0.4000000059604645,-2.0106797218322754,0.062129221856594086,0.7843156456947327,0.15355512499809265,audio,0.8125,0.9375,0.8771929740905762
567,vyB00TXsimI$_$12,0.20000000298023224,-0.07080097496509552,0.10617515444755554,0.7267354130744934,0.16708949208259583,audio,1.0,0.8387096524238586,0.9189189076423645
611,yDtzw_Y-7RU$_$2,0.800000011920929,-0.7009101510047913,0.09976773709058762,0.7877919673919678,0.112440325319767,audio,0.9545454382896423,0.8888888955116272,0.8888888955116272
325,k5Y_838nuGo$_$15,-0.800000011920929,1.9887917041778564,0.06446561217308044,0.7782580852508545,0.15727633237838745,audio,0.8333333134651184,0.9259259104728699,0.9076923131942749
512,tmZoasNr4rU$_$19,0.20000000298023224,-0.7523545026779175,0.10098083317279816,0.8131504654884338,0.085868701338768,audio,1.0,0.9452054500579834,0.9080459475517273
34,cM3Yna7AavY$_$10,1.600000023841858,1.214857578277588,0.11386220902204514,0.8070681095123291,0.07906971871852875,audio,1.0,0.8421052694320679,0.9130434989929199
5,c7UH_rxdZv4$_$21,-0.800000011920929,0.08929070085287094,0.07438748329877853,0.7654958367347717,0.16011671721935272,audio,0.8947368264198303,0.9239130616188049,0.8735632300376892
81,cXypl4FnoZo$_$28,-2.200000047683716,-1.293792963027954,0.094329833984375,0.7267824411392212,0.1788877248764038,audio,0.9090909361839294,0.800000011920929,0.8999999761581421
393,nzpVDcQ0ywM$_$17,1.600000023841858,0.29679954051971436,0.10910291224718094,0.7207251787185669,0.17017191648483276,audio,1.0,0.8695651888847351,0.8888888955116272
488,tStelxIAHjw$_$11,-2.799999952316284,-2.604100465774536,0.09612815827131271,0.7018487453460693,0.20202310383319855,audio,1.0,0.8823529481887817,0.8999999761581421
115,d3_k5Xpfmik$_$5,2.200000047683716,0.20553076267242432,0.05809473991394043,0.7787549495697021,0.1631503701210022,audio,0.7692307829856873,0.9090909361839294,0.875
67,cW1FSBF59ik$_$15,-2.5999999046325684,-1.7345380783081055,0.10116633027791977,0.7677184343338013,0.13111525774002075,audio,0.9583333134651184,0.8510638475418091,0.8938053250312805
464,rnaNMUZpvvg$_$15,-1.600000023841858,-1.6732940673828125,0.07959983497858047,0.75849848985672,0.16190166771411896,audio,0.8684210777282715,0.9012345671653748,0.9090909361839294
658,zhpQhgha_KU$_$23,-0.5,-0.9352899789810181,0.09004507958889008,0.732823371887207,0.1771315187215805,audio,1.0,0.8857142925262451,0.930232584476471
365,nbWiPyCm4g0$_$3,-1.7999999523162842,0.3039318025112152,0.1080327257514,0.8264577984809875,0.06550947576761246,audio,1.0,0.8666666746139526,0.800000011920929
208,f9O3YtZ2VfI$_$1,-1.2000000476837158,-1.3338971138000488,0.09331891685724258,0.7212251424789429,0.18545594811439514,audio,0.8888888955116272,0.8571428656578064,0.9411764740943909
159,d6hH302o4v8$_$36,-2.200000047683716,-2.4781079292297363,0.11869987845420837,0.7902501225471497,0.09104996174573898,audio,1.0,0.8823529481887817,0.8048780560493469
228,f_pcplsH_V0$_$11,-0.4000000059604645,-2.254633903503418,0.09138022363185883,0.8125714063644409,0.09604834765195847,audio,0.8571428656578064,0.8999999761581421,0.8085106611251831
639,yvsjCA6Y5Fc$_$9,-1.399999976158142,-2.0277018547058105,0.06936449557542801,0.7364482879638672,0.1941872090101242,audio,0.8421052694320679,0.9122806787490845,0.8970588445663452
16,c7UH_rxdZv4$_$6,-2.5999999046325684,-0.771240770816803,0.07751180231571198,0.7502877712249756,0.17220047116279602,audio,0.8799999952316284,0.8809523582458496,0.8500000238418579
25,c7UH_rxdZv4$_$17,-1.399999976158142,-0.6290571093559265,0.11304672807455063,0.760377824306488,0.12657541036605835,audio,0.875,0.75,0.930232584476471
241,f_pcplsH_V0$_$9,-2.4000000953674316,-1.5654526948928833,0.07830651104450226,0.8029745817184448,0.11871887743473053,audio,1.0,1.0,0.9047619104385376
519,tmZoasNr4rU$_$4,-0.800000011920929,-1.0132331848144531,0.07891209423542023,0.7456157207489014,0.1754721850156784,audio,0.875,0.8936170339584351,0.9285714030265808
669,zhpQhgha_KU$_$8,-1.0,-1.7345995903015137,0.07016141712665558,0.7474245429039001,0.18241403996944427,audio,0.800000011920929,0.9024389982223511,0.918367326259613
184,etzxEpPuc6I$_$14,-1.2000000476837158,-1.5943715572357178,0.08644422888755798,0.7214163541793823,0.1921394020318985,audio,0.9200000166893005,0.8399999737739563,0.9222221970558167
109,d3_k5Xpfmik$_$16,2.0,2.280008316040039,0.058835387229919434,0.8084937930107117,0.1326708197593689,audio,1.0,1.0,0.8571428656578064
672,zhpQhgha_KU$_$13,-1.0,-0.7672591209411621,0.060517434030771255,0.7663419246673584,0.17314063012599945,audio,0.75,0.9375,0.9473684430122375
337,lXPQBPVc5Cw$_$20,-1.7999999523162842,0.438637375831604,0.06390653550624847,0.7844533920288086,0.15164005756378174,audio,0.7575757503509521,0.8888888955116272,0.9054054021835327
232,f_pcplsH_V0$_$15,-1.0,-1.386933445930481,0.08885021507740021,0.7299978733062744,0.181151881814003,audio,1.0,0.9180327653884888,0.9714285731315613
253,fvVhgmXxadc$_$7,-1.0,-1.1134312152862549,0.0814841166138649,0.7392960786819458,0.1792198270559311,audio,0.8846153616905212,0.8714285492897034,0.9210526347160339
389,nzpVDcQ0ywM$_$13,-1.0,0.20749671757221222,0.09534043073654175,0.7767848372459412,0.1278747320175171,audio,1.0,0.9107142686843872,0.8382353186607361
405,ob23OKe5a9Q$_$5,-1.7999999523162842,-0.7062747478485107,0.08892299979925156,0.7686362862586975,0.14244073629379272,audio,1.0,0.939130425453186,0.9202898740768433
202,f9O3YtZ2VfI$_$20,-0.4000000059604645,0.5649125576019287,0.06437548249959946,0.7412800192832947,0.19434447586536407,audio,0.75,0.8787878751754761,0.8974359035491943
644,yvsjCA6Y5Fc$_$12,-0.6000000238418579,-1.140320062637329,0.0811372622847557,0.741445779800415,0.17741693556308746,audio,0.9523809552192688,0.924369752407074,0.8873239159584045
271,iiK8YX8oH1E$_$7,-1.600000023841858,-1.4278889894485474,0.0662965327501297,0.7233600616455078,0.2103433907032013,audio,0.9090909361839294,0.8999999761581421,0.936170220375061
242,f_pcplsH_V0$_$8,0.800000011920929,0.5716068148612976,0.09920699894428253,0.6757454872131348,0.2250474989414215,audio,1.0,0.807692289352417,0.9677419066429138
118,d3_k5Xpfmik$_$6,1.600000023841858,1.270249605178833,0.08842480182647705,0.7306147813796997,0.18096038699150085,audio,0.9545454382896423,0.8481012582778931,0.9479166865348816
1,c7UH_rxdZv4$_$25,0.0,-0.034526463598012924,0.054894085973501205,0.7721913456916809,0.17291457951068878,audio,0.6666666865348816,0.8571428656578064,0.8999999761581421
265,iiK8YX8oH1E$_$18,-1.0,-0.014396119862794876,0.0739687904715538,0.735563337802887,0.19046787917613983,audio,0.9090909361839294,0.8888888955116272,0.90625
458,rnaNMUZpvvg$_$9,-1.399999976158142,-1.2457975149154663,0.08920673280954361,0.7051438093185425,0.2056494504213333,audio,1.0,0.8965517282485962,0.95652174949646
301,jUzDDGyPkXU$_$18,-2.4000000953674316,-2.3614161014556885,0.09003536403179169,0.6808353662490845,0.22912929952144623,audio,1.0,0.8333333134651184,1.0
87,cXypl4FnoZo$_$4,-0.800000011920929,-0.7893666625022888,0.07665889710187912,0.7443417906761169,0.17899927496910095,audio,0.9166666865348816,0.9295774698257446,0.9411764740943909
608,yDtzw_Y-7RU$_$23,2.200000047683716,0.9777997732162476,0.07215801626443863,0.7360594868659973,0.19178250432014465,audio,0.8333333134651184,0.84375,0.9210526347160339
391,nzpVDcQ0ywM$_$15,-0.6000000238418579,0.6330017447471619,0.05991293117403984,0.877937376499176,0.06214975565671921,audio,0.875,1.0,0.9545454382896423
380,nzpVDcQ0ywM$_$2,-1.600000023841858,-0.052546367049217224,0.09649010747671127,0.7183295488357544,0.18518032133579254,audio,1.0,0.8529411554336548,0.9024389982223511
138,d6hH302o4v8$_$5,-1.3333333730697632,-1.1152881383895874,0.08412881195545197,0.7277378439903259,0.18813329935073853,audio,1.0,0.800000011920929,0.8333333134651184
135,d6hH302o4v8$_$1,-2.799999952316284,-2.209320068359375,0.10766559094190598,0.8004269599914551,0.09190749377012253,audio,1.0,0.949999988079071,0.8333333134651184
555,vyB00TXsimI$_$1,0.0,0.3776094317436218,0.08382552862167358,0.7371228337287903,0.17905166745185852,audio,1.0,0.8888888955116272,0.90625
663,zhpQhgha_KU$_$2,1.600000023841858,1.718977689743042,0.09784858673810959,0.7929452061653137,0.1092061772942543,audio,1.0,0.9375,0.8717948794364929
394,nzpVDcQ0ywM$_$16,1.399999976158142,1.3876789808273315,0.10537835210561752,0.8220734000205994,0.07254824042320251,audio,1.0,0.9024389982223511,0.8775510191917419
379,nzpVDcQ0ywM$_$3,0.800000011920929,1.9371904134750366,0.0998116284608841,0.8237496018409729,0.0764387920498848,audio,0.9411764740943909,0.8985507488250732,0.891566276550293
659,zhpQhgha_KU$_$28,1.399999976158142,0.8461406230926514,0.09314898401498795,0.7840302586555481,0.12282074242830276,audio,0.9090909361839294,0.8928571343421936,0.8823529481887817
98,cXypl4FnoZo$_$17,-0.6000000238418579,-1.3469650745391846,0.1152997687458992,0.7188235521316528,0.16587668657302856,audio,1.0,0.8275862336158752,0.8857142925262451
445,phBUpBr1hSo$_$9,-2.0,0.23820117115974426,0.07869327068328857,0.7553221583366394,0.16598458588123322,audio,0.8799999952316284,0.8591549396514893,0.8777777552604675
399,ob23OKe5a9Q$_$13,1.25,-1.861923336982727,0.08380796760320663,0.8058103919029236,0.1103816032409668,audio,0.9411764740943909,0.942307710647583,0.774193525314331
576,wMbj6ajWbic$_$26,1.7999999523162842,0.6036258339881897,0.08277290314435959,0.7771857976913452,0.1400412917137146,audio,1.0,0.949999988079071,0.9166666865348816
447,phBUpBr1hSo$_$21,0.800000011920929,1.3600257635116577,0.06797533482313156,0.761225163936615,0.17079944908618927,audio,0.8695651888847351,0.9215686321258545,0.8870967626571655
438,phBUpBr1hSo$_$1,1.399999976158142,2.3245482444763184,0.0870424434542656,0.7775114178657532,0.13544608652591705,audio,0.8999999761581421,0.8636363744735718,0.8888888955116272
584,wMbj6ajWbic$_$1,0.5,0.026134267449378967,0.07515621930360794,0.8082586526870728,0.1165851503610611,audio,0.8999999761581421,0.949999988079071,0.8333333134651184
403,ob23OKe5a9Q$_$3,-1.2000000476837158,-1.754936933517456,0.06821135431528091,0.7295265197753906,0.20226213335990906,audio,0.800000011920929,0.8421052694320679,0.9555555582046509
515,tmZoasNr4rU$_$1,0.0,0.338766485452652,0.07536493986845016,0.7577916979789734,0.16684332489967346,audio,0.9090909361839294,0.8723404407501221,0.8245614171028137
100,cXypl4FnoZo$_$19,0.800000011920929,-0.022354893386363983,0.08182677626609802,0.7446749210357666,0.17349834740161896,audio,0.925000011920929,0.8701298832893372,0.8500000238418579
493,tStelxIAHjw$_$14,-1.7999999523162842,-1.0043262243270874,0.09354370087385178,0.6755417585372925,0.23091454803943634,audio,1.0,0.8571428656578064,0.9411764740943909
218,f9O3YtZ2VfI$_$10,-2.0,-1.0855190753936768,0.06817507743835449,0.7169176340103149,0.21490731835365295,audio,0.875,1.0,0.9333333373069763
176,dq3Nf_lMPnE$_$6,0.800000011920929,-2.241941452026367,0.07946185767650604,0.783716082572937,0.13682204484939575,audio,0.8888888955116272,0.8999999761581421,0.75
92,cXypl4FnoZo$_$11,1.399999976158142,-1.026790738105774,0.0699557438492775,0.7452005743980408,0.18484365940093994,audio,0.8709677457809448,0.9137930870056152,0.918367326259613
226,f9O3YtZ2VfI$_$18,-1.0,-1.0584638118743896,0.10615528374910355,0.7324937582015991,0.16135096549987793,audio,1.0,0.875,0.8958333134651184
150,d6hH302o4v8$_$15,-1.75,-1.5641655921936035,0.09094686806201935,0.7288774847984314,0.18017566204071045,audio,1.0,0.9285714030265808,0.875
89,cXypl4FnoZo$_$6,-0.6000000238418579,-0.4012027084827423,0.07936298847198486,0.7455936074256897,0.17504341900348663,audio,0.9473684430122375,0.9411764740943909,0.8833333253860474
675,zhpQhgha_KU$_$14,-1.5,-2.315495729446411,0.12659944593906403,0.6932012438774109,0.18019931018352509,audio,1.0,0.7857142686843872,1.0
625,yDtzw_Y-7RU$_$16,0.6000000238418579,-0.7709790468215942,0.08297577500343323,0.7599826455116272,0.15704156458377838,audio,0.8823529481887817,0.8837209343910217,0.9223300814628601
143,d6hH302o4v8$_$8,-2.200000047683716,-1.557112216949463,0.07028062641620636,0.7387682199478149,0.1909511834383011,audio,1.0,0.8888888955116272,0.9090909361839294
656,zhpQhgha_KU$_$21,0.6000000238418579,-1.1271933317184448,0.07395679503679276,0.7618081569671631,0.16423507034778595,audio,0.8947368264198303,0.9354838728904724,0.9189189076423645
53,cW1FSBF59ik$_$23,1.399999976158142,1.4140703678131104,0.10829239338636398,0.7787477970123291,0.1129598319530487,audio,0.9523809552192688,0.8924731016159058,0.9017857313156128
68,cW1FSBF59ik$_$14,-1.2000000476837158,-0.8502650856971741,0.09404350817203522,0.7685877680778503,0.13736876845359802,audio,0.8260869383811951,0.875,0.8928571343421936
494,tStelxIAHjw$_$16,0.800000011920929,1.7990243434906006,0.09042349457740784,0.7092769145965576,0.20029959082603455,audio,1.0,0.8888888955116272,0.9090909361839294
318,k5Y_838nuGo$_$6,2.0,1.4987841844558716,0.0585620179772377,0.7523521780967712,0.18908576667308807,audio,0.7777777910232544,0.875,0.9473684430122375
147,d6hH302o4v8$_$10,-1.2000000476837158,-0.8307570219039917,0.08161977678537369,0.7957690358161926,0.12261120229959488,audio,0.9090909361839294,0.9473684430122375,0.8181818127632141
369,nbWiPyCm4g0$_$7,-1.2000000476837158,-1.3527657985687256,0.11365976184606552,0.8131788372993469,0.07316137850284576,audio,1.0,0.90625,0.8684210777282715
683,zhpQhgha_KU$_$34,1.2000000476837158,1.819443941116333,0.08685746043920517,0.8009892106056213,0.11215326935052872,audio,1.0,0.9444444179534912,1.0
485,tIrG4oNLFzE$_$6,1.25,0.06012997776269913,0.08324314653873444,0.7554123401641846,0.1613444983959198,audio,1.0,0.9354838728904724,0.9189189076423645
556,vyB00TXsimI$_$3,2.200000047683716,-0.0388033501803875,0.08666658401489258,0.7785186767578125,0.13481472432613373,audio,1.0,0.9285714030265808,0.8095238208770752
562,vyB00TXsimI$_$9,-0.25,-0.25106120109558105,0.07053077965974808,0.7626606822013855,0.16680853068828583,audio,0.8999999761581421,0.9117646813392639,0.8500000238418579
657,zhpQhgha_KU$_$22,0.6000000238418579,-1.0434693098068237,0.12396563589572906,0.7032122611999512,0.17282213270664215,audio,1.0,0.7777777910232544,0.9047619104385376
14,c7UH_rxdZv4$_$4,1.600000023841858,1.3624053001403809,0.08443934470415115,0.761613130569458,0.15394753217697144,audio,0.9333333373069763,0.8627451062202454,0.8852459192276001
457,rnaNMUZpvvg$_$6,-2.5999999046325684,-0.9535722732543945,0.06902092695236206,0.7635217905044556,0.1674572378396988,audio,0.8999999761581421,0.9583333134651184,0.9285714030265808
468,rnaNMUZpvvg$_$19,-1.399999976158142,-1.4338529109954834,0.0730607658624649,0.798953115940094,0.12798619270324707,audio,0.8695651888847351,0.9245283007621765,0.875
520,tmZoasNr4rU$_$7,-1.0,-1.2028154134750366,0.08881071954965591,0.764857828617096,0.14633147418498993,audio,0.9655172228813171,0.9025974273681641,0.9347826242446899
244,fvVhgmXxadc$_$10,0.0,0.21807584166526794,0.08973731100559235,0.7278921604156494,0.18237054347991943,audio,0.9375,0.875,0.9322034120559692
75,cXypl4FnoZo$_$26,0.6000000238418579,0.053780458867549896,0.08486121147871017,0.7407298684120178,0.1744089424610138,audio,1.0,0.9333333373069763,0.8888888955116272
188,etzxEpPuc6I$_$18,1.399999976158142,0.8238030076026917,0.07327644526958466,0.7794563174247742,0.14726723730564117,audio,0.949999988079071,0.9591836929321289,0.8620689511299133
489,tStelxIAHjw$_$10,-0.4000000059604645,0.24938112497329712,0.08092254400253296,0.765453577041626,0.15362390875816345,audio,1.0,0.9444444179534912,0.8571428656578064
571,vyB00TXsimI$_$16,0.4000000059604645,0.40189027786254883,0.08331930637359619,0.7564182877540588,0.1602623462677002,audio,0.8787878751754761,0.8936170339584351,0.8318583965301514
472,tIrG4oNLFzE$_$13,-2.0,-0.3923259675502777,0.08973139524459839,0.7869849801063538,0.12328364700078964,audio,0.9200000166893005,0.9115384817123413,0.8659420013427734
29,c7UH_rxdZv4$_$31,-1.399999976158142,-0.7053634524345398,0.07713407278060913,0.725197970867157,0.1976679414510727,audio,0.9411764740943909,0.9101123809814453,0.9439252614974976
370,nbWiPyCm4g0$_$6,0.0,-1.91657555103302,0.08060440421104431,0.8341692686080933,0.0852263793349266,audio,0.8333333134651184,0.8888888955116272,0.9534883499145508
383,nzpVDcQ0ywM$_$7,-1.0,-1.497571587562561,0.09101570397615433,0.7518975138664246,0.15708670020103455,audio,1.0,0.8636363744735718,0.8518518805503845
119,d3_k5Xpfmik$_$9,1.399999976158142,0.8366286754608154,0.09433266520500183,0.7248729467391968,0.1807943731546402,audio,1.0,0.84375,0.9736841917037964
514,tmZoasNr4rU$_$20,-1.0,-0.9867894053459167,0.07541263103485107,0.7191646099090576,0.20542269945144653,audio,0.8999999761581421,0.8974359035491943,0.9166666865348816
37,cM3Yna7AavY$_$15,-2.4000000953674316,-0.9550999402999878,0.09725767374038696,0.755121648311615,0.14762066304683685,audio,1.0,0.90625,0.8461538553237915
511,tmZoasNr4rU$_$16,-1.399999976158142,-0.6890648603439331,0.08120840042829514,0.8117234110832214,0.10706822574138641,audio,0.9333333373069763,0.96875,0.9473684430122375
591,wMbj6ajWbic$_$9,-2.0,-1.709672451019287,0.08289626240730286,0.689577579498291,0.22752611339092255,audio,0.8999999761581421,0.8399999737739563,0.9666666388511658
199,f9O3YtZ2VfI$_$25,-1.399999976158142,-2.3633177280426025,0.07622542232275009,0.7773013114929199,0.14647327363491058,audio,0.8999999761581421,0.9523809552192688,0.8399999737739563
24,c7UH_rxdZv4$_$14,1.2000000476837158,0.7729663252830505,0.08216310292482376,0.7466855049133301,0.17115134000778198,audio,0.875,0.8541666865348816,0.9137930870056152
378,nzpVDcQ0ywM$_$1,0.0,0.6460816860198975,0.07330287992954254,0.735549807548523,0.1911473274230957,audio,0.8666666746139526,0.8958333134651184,0.8771929740905762
619,yDtzw_Y-7RU$_$10,-0.6000000238418579,-0.923480749130249,0.10372862964868546,0.7581309080123901,0.13814043998718262,audio,1.0,0.8260869383811951,0.7777777910232544
304,k5Y_838nuGo$_$26,2.0,1.0108890533447266,0.10674995929002762,0.6847403645515442,0.20850972831249237,audio,1.0,0.8500000238418579,1.0
406,ob23OKe5a9Q$_$4,-1.5,-1.6425251960754395,0.10539417713880539,0.7129427790641785,0.18166306614875793,audio,1.0,0.8518518805503845,0.8787878751754761
479,tIrG4oNLFzE$_$1,2.799999952316284,2.0412919521331787,0.09292503446340561,0.7803180813789368,0.1267569214105606,audio,1.0,0.9756097793579102,0.9387755393981934
123,d6hH302o4v8$_$24,-2.799999952316284,-2.6533703804016113,0.07210143655538559,0.8295657634735107,0.09833282232284546,audio,0.75,0.9130434989929199,0.9259259104728699
163,d6hH302o4v8$_$32,-0.6000000238418579,-0.6371855735778809,0.1335284560918808,0.6781594157218933,0.18831214308738708,audio,1.0,0.7916666865348816,1.0
122,d6hH302o4v8$_$43,-2.5,0.7079651951789856,0.08448462188243866,0.7272781729698181,0.188237264752388,audio,0.9230769276618958,0.90625,0.9473684430122375
471,tIrG4oNLFzE$_$10,-1.7999999523162842,-0.9257062673568726,0.09301088005304337,0.6855006217956543,0.22148852050304413,audio,0.9333333373069763,0.8148148059844971,0.9375
79,cXypl4FnoZo$_$22,0.20000000298023224,-0.37468791007995605,0.07796309888362885,0.7632188200950623,0.1588180661201477,audio,0.9333333373069763,0.9339622855186462,0.8775510191917419
371,nbWiPyCm4g0$_$9,-1.399999976158142,-0.993404746055603,0.06902769953012466,0.8545022010803223,0.07647007703781128,audio,0.75,0.8936170339584351,0.8928571343421936
664,zhpQhgha_KU$_$5,-2.200000047683716,-2.1313765048980713,0.09862258285284042,0.7465522885322571,0.1548251211643219,audio,0.9130434989929199,0.8611111044883728,0.8837209343910217
110,d3_k5Xpfmik$_$19,0.20000000298023224,1.1025843620300293,0.07928645610809326,0.7942590117454529,0.12645450234413147,audio,0.970588207244873,0.9537037014961243,0.8837209343910217
350,lXPQBPVc5Cw$_$9,-2.5999999046325684,-2.373478889465332,0.0989166721701622,0.7329506278038025,0.1681327223777771,audio,0.9375,0.8048780560493469,0.9489796161651611
183,etzxEpPuc6I$_$15,0.20000000298023224,-0.9476933479309082,0.0602867528796196,0.7651041746139526,0.17460912466049194,audio,0.875,0.8571428656578064,0.9375
220,f9O3YtZ2VfI$_$12,-1.7999999523162842,-0.3449128270149231,0.08328261971473694,0.7447203993797302,0.1719970405101776,audio,0.9166666865348816,0.8571428656578064,0.8399999737739563
505,tmZoasNr4rU$_$10,-1.7999999523162842,-0.5348941683769226,0.08074803650379181,0.7611181139945984,0.1581338495016098,audio,0.9166666865348816,0.8799999952316284,0.8928571343421936
36,cM3Yna7AavY$_$12,-1.0,-0.8456524610519409,0.06984277069568634,0.8853675723075867,0.04478967562317848,audio,0.8571428656578064,0.95652174949646,0.8108108043670654
424,pLTX3ipuDJI$_$6,-1.399999976158142,-0.36320939660072327,0.07283299416303635,0.7858214378356934,0.14134559035301208,audio,0.8999999761581421,0.9433962106704712,0.875
526,v0zCBqDeKcE$_$13,1.7999999523162842,-0.2514791786670685,0.09696586430072784,0.8336665630340576,0.06936762481927872,audio,0.9599999785423279,0.9210526347160339,0.9239130616188049
531,v0zCBqDeKcE$_$1,2.5999999046325684,1.3650463819503784,0.06383401155471802,0.7941246032714844,0.1420413702726364,audio,0.800000011920929,0.939393937587738,0.8974359035491943
259,iiK8YX8oH1E$_$13,-2.0,-1.1566694974899292,0.051779795438051224,0.7230297327041626,0.22519052028656006,audio,0.8181818127632141,0.8666666746139526,0.9444444179534912
57,cW1FSBF59ik$_$5,2.0,0.7417701482772827,0.06135910004377365,0.758263349533081,0.18037757277488708,audio,0.8333333134651184,1.0,0.9230769276618958
44,cM3Yna7AavY$_$4,0.6000000238418579,0.10849261283874512,0.06326136738061905,0.8650845289230347,0.07165409624576569,audio,0.7857142686843872,0.9438202381134033,0.875
217,f9O3YtZ2VfI$_$11,-0.800000011920929,-1.794349193572998,0.07732278853654861,0.7532835602760315,0.1693936288356781,audio,0.8888888955116272,0.9411764740943909,0.9523809552192688
11,c7UH_rxdZv4$_$3,-0.800000011920929,-0.8469772934913635,0.08507594466209412,0.7188242673873901,0.19609980285167694,audio,1.0,0.9090909361839294,0.9230769276618958
563,vyB00TXsimI$_$8,2.5999999046325684,0.16626551747322083,0.06378695368766785,0.7556777596473694,0.18053531646728516,audio,0.8500000238418579,0.8999999761581421,0.8983050584793091
507,tmZoasNr4rU$_$12,-2.200000047683716,-0.9306776523590088,0.10401958227157593,0.6813982725143433,0.21458213031291962,audio,0.8999999761581421,0.8275862336158752,0.9714285731315613
193,etzxEpPuc6I$_$4,0.800000011920929,0.5278505682945251,0.07379211485385895,0.7493469715118408,0.17686094343662262,audio,0.8636363744735718,0.8867924809455872,0.9032257795333862
641,yvsjCA6Y5Fc$_$11,2.0,0.4849739968776703,0.06565412878990173,0.7372093200683594,0.19713658094406128,audio,0.8823529481887817,0.9024389982223511,0.918367326259613
581,wMbj6ajWbic$_$23,1.7999999523162842,1.328190803527832,0.09696215391159058,0.7461076974868774,0.15693022310733795,audio,1.0,0.8965517282485962,0.9117646813392639
496,tStelxIAHjw$_$3,0.5,-0.4200088381767273,0.03941844776272774,0.8080769181251526,0.152504563331604,audio,0.6000000238418579,1.0,0.8823529481887817
509,tmZoasNr4rU$_$14,-2.0,-0.8956378102302551,0.08724197745323181,0.7245112657546997,0.1882467418909073,audio,1.0,0.8777777552604675,0.8837209343910217
431,phBUpBr1hSo$_$15,-2.200000047683716,0.4457493722438812,0.07075182348489761,0.7646611928939819,0.16458696126937866,audio,0.8399999737739563,0.8695651888847351,0.9175257682800293
74,cXypl4FnoZo$_$25,-1.2000000476837158,0.06142769008874893,0.0827857106924057,0.7304054498672485,0.18680885434150696,audio,1.0,0.9591836929321289,0.8983050584793091
442,phBUpBr1hSo$_$4,-0.800000011920929,-0.4976329803466797,0.10084545612335205,0.7294366359710693,0.1697179228067398,audio,0.96875,0.8461538553237915,0.8660714030265808
157,d6hH302o4v8$_$30,-2.799999952316284,-2.369582414627075,0.10898542404174805,0.7076672315597534,0.18334731459617615,audio,1.0,0.8823529481887817,0.8999999761581421
169,dq3Nf_lMPnE$_$14,-1.7999999523162842,0.002583164721727371,0.11518070101737976,0.7254445552825928,0.15937471389770508,audio,1.0,0.7708333134651184,0.931034505367279
673,zhpQhgha_KU$_$12,-1.399999976158142,-1.195927381515503,0.07481637597084045,0.805449903011322,0.11973366886377335,audio,0.7894737124443054,0.9399999976158142,0.9615384340286255
568,vyB00TXsimI$_$15,2.5999999046325684,0.8739445209503174,0.07399574667215347,0.7122344970703125,0.21376974880695343,audio,0.8500000238418579,0.8260869383811951,0.9634146094322205
18,c7UH_rxdZv4$_$8,-2.799999952316284,1.0830481052398682,0.10080157220363617,0.7759741544723511,0.12322427332401276,audio,0.949999988079071,0.8764045238494873,0.8769230842590332
564,vyB00TXsimI$_$11,-0.20000000298023224,-0.590549111366272,0.09010615199804306,0.777437686920166,0.13245615363121033,audio,1.0,0.9729729890823364,0.9111111164093018
508,tmZoasNr4rU$_$15,0.25,-1.0062754154205322,0.07103542238473892,0.7258172631263733,0.20314733684062958,audio,0.8333333134651184,0.8461538553237915,0.875
107,d3_k5Xpfmik$_$14,2.0,-0.24324634671211243,0.09333360940217972,0.7626285552978516,0.1440378576517105,audio,0.95652174949646,0.8571428656578064,0.8734177350997925
134,d6hH302o4v8$_$41,-2.4000000953674316,-1.1940946578979492,0.11060202866792679,0.8034353852272034,0.08596254885196686,audio,1.0,0.9473684430122375,0.95652174949646
106,d3_k5Xpfmik$_$15,2.5999999046325684,1.049523115158081,0.07240725308656693,0.7543870806694031,0.17320562899112701,audio,0.9428571462631226,1.0,0.8947368264198303
312,k5Y_838nuGo$_$1,-1.600000023841858,-1.1436970233917236,0.06271350383758545,0.6975820064544678,0.2397044599056244,audio,0.7777777910232544,0.8888888955116272,0.9090909361839294
648,yvsjCA6Y5Fc$_$16,-1.7999999523162842,-1.5012755393981934,0.08417445421218872,0.7473528385162354,0.16847272217273712,audio,0.9399999976158142,0.920634925365448,0.8947368264198303
63,cW1FSBF59ik$_$11,-1.0,-1.4891548156738281,0.10554301738739014,0.7506388425827026,0.14381811022758484,audio,0.9411764740943909,0.8705882430076599,0.8737863898277283
66,cW1FSBF59ik$_$12,2.200000047683716,-1.5406904220581055,0.07994627207517624,0.7725699543952942,0.14748379588127136,audio,0.8799999952316284,0.8888888955116272,0.9186046719551086
286,jUzDDGyPkXU$_$5,-1.2000000476837158,-1.1451274156570435,0.08463026583194733,0.7319663166999817,0.1834033578634262,audio,1.0,0.930232584476471,0.9230769276618958
61,cW1FSBF59ik$_$9,-2.4000000953674316,-1.1205925941467285,0.09952464699745178,0.753554105758667,0.14692123234272003,audio,0.9333333373069763,0.8510638475418091,0.9107142686843872
499,tStelxIAHjw$_$4,-2.799999952316284,-1.504958152770996,0.0629134327173233,0.7558336853981018,0.18125294148921967,audio,0.7777777910232544,0.8765432238578796,0.8865979313850403
229,f_pcplsH_V0$_$10,1.2000000476837158,0.27233296632766724,0.1066339984536171,0.7192420959472656,0.1741238683462143,audio,1.0,0.8545454740524292,0.8787878751754761
256,fvVhgmXxadc$_$8,-0.5,-1.4979844093322754,0.09017481654882431,0.7294213175773621,0.18040378391742706,audio,1.0,0.8999999761581421,0.9166666865348816
28,c7UH_rxdZv4$_$18,-2.25,-1.9888619184494019,0.08867264539003372,0.7540257573127747,0.15730160474777222,audio,1.0,0.931034505367279,0.8985507488250732
452,rnaNMUZpvvg$_$3,-0.800000011920929,-0.9778753519058228,0.07977443933486938,0.7398807406425476,0.1803448647260666,audio,1.0,0.9090909361839294,0.9629629850387573
247,fvVhgmXxadc$_$14,0.0,-0.11351287364959717,0.09525107592344284,0.7742307186126709,0.13051818311214447,audio,0.9473684430122375,0.8867924809455872,0.8095238208770752
47,cM3Yna7AavY$_$9,-0.20000000298023224,0.1484314501285553,0.09346307814121246,0.8406244516372681,0.06591244041919708,audio,0.9444444179534912,0.8630136847496033,0.9195402264595032
317,k5Y_838nuGo$_$7,-2.4000000953674316,-2.380849599838257,0.10205631703138351,0.718271017074585,0.1796727329492569,audio,0.8999999761581421,0.8333333134651184,0.9090909361839294
376,nzpVDcQ0ywM$_$22,2.0,1.699043869972229,0.060496363788843155,0.8635806441307068,0.07592304795980453,audio,1.0,1.0,1.0
441,phBUpBr1hSo$_$5,-1.399999976158142,0.48870790004730225,0.06163020059466362,0.8032258749008179,0.1351439505815506,audio,0.8823529481887817,0.9433962106704712,0.8947368264198303
436,phBUpBr1hSo$_$18,0.800000011920929,-0.31246277689933777,0.0880233645439148,0.778450608253479,0.1335260421037674,audio,1.0,0.9285714030265808,0.8823529481887817
614,yDtzw_Y-7RU$_$7,-0.20000000298023224,0.08649690449237823,0.1013704463839531,0.693670928478241,0.20495860278606415,audio,1.0,0.7906976938247681,0.9615384340286255
324,k5Y_838nuGo$_$12,0.20000000298023224,0.04672212898731232,0.09994000196456909,0.7588412761688232,0.1412186622619629,audio,0.9473684430122375,0.8888888955116272,0.8703703880310059
175,dq3Nf_lMPnE$_$7,-2.0,-1.365994930267334,0.06599323451519012,0.794598400592804,0.13940833508968353,audio,0.8571428656578064,0.9512194991111755,0.8163265585899353
197,etzxEpPuc6I$_$8,-1.0,-1.5954015254974365,0.058078110218048096,0.7603912949562073,0.1815306395292282,audio,0.8333333134651184,0.930232584476471,0.9615384340286255
335,lXPQBPVc5Cw$_$26,-2.799999952316284,-0.585334300994873,0.09481309354305267,0.7220532298088074,0.18313370645046234,audio,1.0,0.8571428656578064,0.9090909361839294
237,f_pcplsH_V0$_$5,1.2000000476837158,0.977074921131134,0.08166875690221786,0.7769464254379272,0.14138482511043549,audio,0.8421052694320679,0.9032257795333862,0.9285714030265808
607,yDtzw_Y-7RU$_$22,2.0,1.812997579574585,0.08251461386680603,0.7762501835823059,0.14123518764972687,audio,1.0,0.9375,0.8421052694320679
140,d6hH302o4v8$_$7,-2.799999952316284,-0.3826965391635895,0.10074340552091599,0.7810088992118835,0.11824768781661987,audio,0.8888888955116272,0.8918918967247009,0.9090909361839294
86,cXypl4FnoZo$_$5,1.7999999523162842,1.1151700019836426,0.08891503512859344,0.7116154432296753,0.19946956634521484,audio,1.0,0.8709677457809448,0.9459459185600281
355,lXPQBPVc5Cw$_$12,-2.0,-2.1671338081359863,0.0848250612616539,0.7527170181274414,0.16245798766613007,audio,0.9230769276618958,0.9285714030265808,1.0
205,f9O3YtZ2VfI$_$23,1.600000023841858,1.0021849870681763,0.08231886476278305,0.685619056224823,0.23206204175949097,audio,0.9166666865348816,0.8148148059844971,0.9375
655,zhpQhgha_KU$_$20,-1.399999976158142,-0.9070791006088257,0.05450960248708725,0.6800843477249146,0.26540607213974,audio,0.7777777910232544,0.8571428656578064,1.0
56,cW1FSBF59ik$_$2,3.0,1.0400214195251465,0.07989633083343506,0.7738059759140015,0.14629767835140228,audio,0.9166666865348816,0.9252336621284485,0.9457364082336426
15,c7UH_rxdZv4$_$7,-3.0,-1.5535286664962769,0.08399097621440887,0.7313188910484314,0.18469010293483734,audio,1.0,0.9375,0.949999988079071
102,d3_k5Xpfmik$_$11,2.4000000953674316,2.0273594856262207,0.08645334094762802,0.764280378818512,0.14926625788211823,audio,1.0,0.8983050584793091,0.8857142925262451
561,vyB00TXsimI$_$6,2.0,0.5536192655563354,0.0697130411863327,0.7220820784568787,0.20820491015911102,audio,0.8695651888847351,0.8815789222717285,0.9347826242446899
679,zhpQhgha_KU$_$18,0.6000000238418579,1.648370623588562,0.11623842269182205,0.7705255746841431,0.11323598772287369,audio,1.0,0.8529411554336548,0.9024389982223511
299,jUzDDGyPkXU$_$16,1.2000000476837158,0.9098563194274902,0.06826084107160568,0.765300989151001,0.16643820703029633,audio,0.875,0.9178082346916199,0.8965517282485962
0,c7UH_rxdZv4$_$24,-1.7999999523162842,-1.8907599449157715,0.09207447618246078,0.7761449217796326,0.13178057968616486,audio,1.0,0.9090909361839294,0.8205128312110901
346,lXPQBPVc5Cw$_$5,-1.0,-0.22971457242965698,0.09851729869842529,0.7848888635635376,0.11659388989210129,audio,0.9285714030265808,0.8815789222717285,0.945652186870575
425,pLTX3ipuDJI$_$9,0.0,-0.5090222358703613,0.0921478271484375,0.7496536374092102,0.1581985503435135,audio,0.96875,0.9090909361839294,0.8974359035491943
323,k5Y_838nuGo$_$13,0.6000000238418579,-1.6954634189605713,0.05076330527663231,0.8078423738479614,0.14139431715011597,audio,0.7142857313156128,0.9666666388511658,0.8888888955116272
349,lXPQBPVc5Cw$_$6,-1.399999976158142,-1.902050495147705,0.0953294113278389,0.7880828976631165,0.11658765375614166,audio,0.9166666865348816,0.9200000166893005,0.8999999761581421
428,phBUpBr1hSo$_$10,-1.399999976158142,-1.3057360649108887,0.061226069927215576,0.7502727508544922,0.18850119411945343,audio,0.7777777910232544,0.8999999761581421,1.0
585,wMbj6ajWbic$_$3,0.0,0.12852849066257477,0.08776570856571198,0.7569687962532043,0.1552654653787613,audio,0.8888888955116272,0.8148148059844971,0.84375
210,f9O3YtZ2VfI$_$2,1.25,0.5383191108703613,0.05842461436986923,0.6979526877403259,0.24362270534038544,audio,0.8571428656578064,0.9615384340286255,0.9677419066429138
681,zhpQhgha_KU$_$30,-2.0,-1.4665989875793457,0.09690123796463013,0.8203074336051941,0.08279138058423996,audio,1.0,0.9750000238418579,1.0
155,d6hH302o4v8$_$18,-2.0,-1.3621302843093872,0.11496207863092422,0.7267794013023376,0.15825848281383514,audio,0.9090909361839294,0.7931034564971924,0.8571428656578064
139,d6hH302o4v8$_$4,-1.600000023841858,-2.030301332473755,0.06121743097901344,0.8000281453132629,0.1387544423341751,audio,0.75,0.9411764740943909,0.949999988079071
469,rnaNMUZpvvg$_$18,-2.200000047683716,-0.8259627819061279,0.09099404513835907,0.7369024157524109,0.17210356891155243,audio,0.9534883499145508,0.8613138794898987,0.9202454090118408
544,vvZ4IcEtiZc$_$3,1.399999976158142,-1.4138617515563965,0.06446676701307297,0.8549948930740356,0.08053837716579437,audio,0.7916666865348816,0.930232584476471,0.893203854560852
235,f_pcplsH_V0$_$3,0.800000011920929,-0.8731569051742554,0.11654192209243774,0.7755789756774902,0.10787906497716904,audio,1.0,0.9047619104385376,0.8815789222717285
94,cXypl4FnoZo$_$13,-1.0,-1.1765739917755127,0.07667702436447144,0.8015221357345581,0.12180084735155106,audio,0.8999999761581421,0.9357143044471741,0.6666666865348816
358,lXPQBPVc5Cw$_$17,-1.7999999523162842,0.19358697533607483,0.08261578530073166,0.7543495297431946,0.16303469240665436,audio,0.800000011920929,0.8405796885490417,0.9397590160369873
624,yDtzw_Y-7RU$_$17,0.20000000298023224,0.35611289739608765,0.08394350111484528,0.7725540399551392,0.14350245893001556,audio,0.9130434989929199,0.9156626462936401,0.8500000238418579
557,vyB00TXsimI$_$2,-2.4000000953674316,-1.073664903640747,0.05026460438966751,0.7259137034416199,0.2238217294216156,audio,0.7407407164573669,0.8666666746139526,0.9444444179534912
314,k5Y_838nuGo$_$2,1.2000000476837158,-0.29380011558532715,0.10242478549480438,0.7469477653503418,0.1506274789571762,audio,1.0,0.875,0.9285714030265808
572,vyB00TXsimI$_$19,1.2000000476837158,0.9221903681755066,0.0706961378455162,0.7416486144065857,0.1876552551984787,audio,0.8571428656578064,0.7777777910232544,0.7272727489471436
487,tIrG4oNLFzE$_$8,-1.2000000476837158,-1.2443588972091675,0.07937063276767731,0.78262859582901,0.1380006968975067,audio,0.8999999761581421,0.9333333373069763,0.8055555820465088
142,d6hH302o4v8$_$9,-2.4000000953674316,-1.1747047901153564,0.08828596770763397,0.7009143829345703,0.21079963445663452,audio,0.875,0.8125,0.8947368264198303
201,f9O3YtZ2VfI$_$27,1.600000023841858,0.8807279467582703,0.06024105101823807,0.789545476436615,0.15021349489688873,audio,0.8181818127632141,0.9583333134651184,0.8571428656578064
462,rnaNMUZpvvg$_$13,-2.0,-1.8926676511764526,0.09358395636081696,0.7802643775939941,0.1261516660451889,audio,1.0,1.0,0.8571428656578064
610,yDtzw_Y-7RU$_$3,0.75,-0.5453630685806274,0.07121115922927856,0.7783614993095398,0.15042734146118164,audio,0.8571428656578064,0.9152542352676392,0.8714285492897034
85,cXypl4FnoZo$_$2,1.0,0.7112410068511963,0.08448975533246994,0.7433099150657654,0.17220035195350647,audio,0.9285714030265808,0.9032257795333862,0.8918918967247009
353,lXPQBPVc5Cw$_$10,-2.200000047683716,-1.5090140104293823,0.09480096399784088,0.7865094542503357,0.11868952214717865,audio,0.9387755393981934,0.9144737124443054,0.8579235076904297
309,k5Y_838nuGo$_$23,-0.20000000298023224,0.25706741213798523,0.04480157792568207,0.8121308088302612,0.1430676132440567,audio,0.8333333134651184,1.0,0.8571428656578064
58,cW1FSBF59ik$_$4,1.600000023841858,0.8781723976135254,0.0933406800031662,0.7983789443969727,0.10828039795160294,audio,0.9583333134651184,0.8860759735107422,0.892307698726654
363,nbWiPyCm4g0$_$10,1.2000000476837158,2.3449902534484863,0.09572499245405197,0.8244520425796509,0.07982303947210312,audio,0.9090909361839294,0.9024389982223511,0.8541666865348816
77,cXypl4FnoZo$_$20,-1.0,-0.39113396406173706,0.09067350625991821,0.7255800366401672,0.18374644219875336,audio,1.0,0.9152542352676392,0.9142857193946838
400,ob23OKe5a9Q$_$12,2.799999952316284,2.412977457046509,0.07920950651168823,0.7447246313095093,0.1760658323764801,audio,0.9090909361839294,0.8571428656578064,0.9117646813392639
463,rnaNMUZpvvg$_$12,-1.0,0.3805021047592163,0.06940946727991104,0.7910449504852295,0.1395455300807953,audio,0.7727272510528564,0.875,0.9473684430122375
338,lXPQBPVc5Cw$_$21,1.7999999523162842,-0.055149488151073456,0.04739386588335037,0.8099129796028137,0.14269313216209412,audio,0.6666666865348816,0.9047619104385376,0.8799999952316284
460,rnaNMUZpvvg$_$11,-2.5999999046325684,-0.900932788848877,0.06607358902692795,0.7986185550689697,0.13530778884887695,audio,0.9166666865348816,1.0,0.8222222328186035
179,etzxEpPuc6I$_$11,-1.600000023841858,-1.2551051378250122,0.09330882132053375,0.7437174916267395,0.16297367215156555,audio,1.0,0.8823529481887817,0.9032257795333862
160,d6hH302o4v8$_$35,-1.600000023841858,-1.7997342348098755,0.07567153126001358,0.7639366388320923,0.16039176285266876,audio,0.8888888955116272,0.9230769276618958,0.8936170339584351
327,k5Y_838nuGo$_$17,0.800000011920929,0.568630039691925,0.08552738279104233,0.7252511978149414,0.1892213672399521,audio,1.0,0.8947368264198303,0.9583333134651184
381,nzpVDcQ0ywM$_$5,-0.4000000059604645,-0.6332113742828369,0.10474693775177002,0.7888023257255554,0.10645071417093277,audio,0.9230769276618958,0.8636363744735718,0.8846153616905212
282,jUzDDGyPkXU$_$23,1.2000000476837158,0.7600752711296082,0.07065974920988083,0.762467622756958,0.16687262058258057,audio,1.0,1.0,0.8695651888847351
6,c7UH_rxdZv4$_$22,-2.4000000953674316,-1.089879035949707,0.056825559586286545,0.7488344311714172,0.19433996081352234,audio,0.7142857313156128,0.8852459192276001,0.9041095972061157
278,jUzDDGyPkXU$_$27,-2.0,-2.3798089027404785,0.07444453239440918,0.7925006151199341,0.13305482268333435,audio,0.8333333134651184,0.8809523582458496,0.8399999737739563
55,cW1FSBF59ik$_$3,-1.0,-1.1921353340148926,0.08653614670038223,0.8434942960739136,0.06996958702802658,audio,0.9090909361839294,0.9047619104385376,0.9545454382896423
609,yDtzw_Y-7RU$_$1,0.800000011920929,0.9104676842689514,0.11199939996004105,0.814284086227417,0.07371658086776733,audio,1.0,0.9074074029922485,0.892307698726654
307,k5Y_838nuGo$_$21,-0.20000000298023224,-1.4796850681304932,0.07064937055110931,0.7556551694869995,0.17369544506072998,audio,0.8333333134651184,0.9545454382896423,1.0
635,yvsjCA6Y5Fc$_$5,0.4000000059604645,0.3499564528465271,0.09736812859773636,0.802737832069397,0.09989402443170547,audio,1.0,0.9375,0.8333333134651184
275,jUzDDGyPkXU$_$24,-1.0,-0.6973378658294678,0.08063909411430359,0.7634909749031067,0.1558699756860733,audio,0.9629629850387573,0.9166666865348816,0.8571428656578064
466,rnaNMUZpvvg$_$17,-1.600000023841858,-1.6888575553894043,0.08229515701532364,0.7582274675369263,0.1594773530960083,audio,0.8571428656578064,0.9047619104385376,0.9599999785423279
498,tStelxIAHjw$_$5,-2.200000047683716,-1.7045823335647583,0.0866757184267044,0.7877864241600037,0.12553788721561432,audio,1.0,1.0,0.8999999761581421
461,rnaNMUZpvvg$_$10,-2.5999999046325684,-1.0252163410186768,0.08323147892951965,0.7599576115608215,0.1568109542131424,audio,0.9230769276618958,0.9130434989929199,0.8518518805503845
409,ob23OKe5a9Q$_$9,-1.399999976158142,-1.3173725605010986,0.09134051948785782,0.7438876628875732,0.16477182507514954,audio,0.9599999785423279,0.8973509669303894,0.9240506291389465
296,jUzDDGyPkXU$_$15,1.3333333730697632,-0.24446769058704376,0.07272044569253922,0.7390445470809937,0.18823495507240295,audio,0.8823529481887817,0.8863636255264282,0.8867924809455872
298,jUzDDGyPkXU$_$17,-2.799999952316284,-2.258890151977539,0.08544475585222244,0.7985982894897461,0.11595695465803146,audio,1.0,0.9523809552192688,0.8846153616905212
565,vyB00TXsimI$_$10,1.3333333730697632,0.25712496042251587,0.053039729595184326,0.7577011585235596,0.18925917148590088,audio,0.8181818127632141,0.9677419066429138,0.9459459185600281
334,lXPQBPVc5Cw$_$25,-2.4000000953674316,-1.8687175512313843,0.09786312282085419,0.7454831600189209,0.1566537320613861,audio,0.95652174949646,0.8644067645072937,0.9268292784690857
315,k5Y_838nuGo$_$5,-1.3333333730697632,-1.2703999280929565,0.08626043796539307,0.7812891602516174,0.13245037198066711,audio,1.0,0.9375,0.75
238,f_pcplsH_V0$_$4,0.5,-1.050992488861084,0.08497446030378342,0.7555750012397766,0.15945051610469818,audio,0.9166666865348816,0.8933333158493042,0.9111111164093018
484,tIrG4oNLFzE$_$7,-1.399999976158142,-1.6418591737747192,0.08011826127767563,0.7423018217086792,0.17757995426654816,audio,0.9285714030265808,0.9056603908538818,0.920634925365448
449,rnaNMUZpvvg$_$21,-2.5999999046325684,-1.6711379289627075,0.08770528435707092,0.7631410956382751,0.14915362000465393,audio,0.9090909361839294,0.8833333253860474,0.9305555820465088
537,v0zCBqDeKcE$_$6,0.800000011920929,1.5686264038085938,0.08459380269050598,0.7200661301612854,0.19534000754356384,audio,0.949999988079071,0.8684210777282715,0.9130434989929199
651,zhpQhgha_KU$_$24,0.0,-0.6223491430282593,0.10366979241371155,0.7195607423782349,0.1767694652080536,audio,1.0,0.8636363744735718,0.9629629850387573
49,cW1FSBF59ik$_$24,0.0,-0.10365651547908783,0.09777579456567764,0.791674017906189,0.1105501800775528,audio,1.0,0.931034505367279,0.9142857193946838
19,c7UH_rxdZv4$_$11,1.0,-0.703457772731781,0.08100637048482895,0.7315059304237366,0.1874876767396927,audio,0.9166666865348816,0.8999999761581421,0.8510638475418091
342,lXPQBPVc5Cw$_$29,-1.2000000476837158,-0.9623881578445435,0.0937904492020607,0.7631097435951233,0.143099844455719,audio,0.9032257795333862,0.8857142925262451,0.9176470637321472
7,c7UH_rxdZv4$_$23,-0.6000000238418579,1.1709140539169312,0.03834349662065506,0.8000442385673523,0.16161222755908966,audio,0.6666666865348816,1.0,0.8888888955116272
426,pLTX3ipuDJI$_$8,-2.0,-2.246809482574463,0.06880468875169754,0.7795414328575134,0.15165382623672485,audio,0.8148148059844971,0.9032257795333862,0.8783783912658691
359,lXPQBPVc5Cw$_$16,0.20000000298023224,-1.9543946981430054,0.08844220638275146,0.7988510727882385,0.11270672082901001,audio,1.0,0.9666666388511658,0.9027777910232544
295,jUzDDGyPkXU$_$12,0.5,0.08773143589496613,0.06317629665136337,0.7632910013198853,0.17353267967700958,audio,0.8999999761581421,1.0,0.9666666388511658
594,wMbj6ajWbic$_$10,-1.7999999523162842,-0.7965105772018433,0.07153061032295227,0.721352756023407,0.20711663365364075,audio,0.8181818127632141,0.8421052694320679,0.9545454382896423
289,jUzDDGyPkXU$_$6,-1.600000023841858,-1.1401664018630981,0.07437591999769211,0.7505626082420349,0.17506146430969238,audio,0.9354838728904724,0.938144326210022,0.9047619104385376
42,cM3Yna7AavY$_$2,2.5,0.6766717433929443,0.10311990231275558,0.8108197450637817,0.08606037497520447,audio,0.9285714030265808,0.807692289352417,0.8333333134651184
674,zhpQhgha_KU$_$15,-2.0,-1.7486239671707153,0.10358598083257675,0.7600986361503601,0.13631536066532135,audio,0.9729729890823364,0.8842105269432068,0.8709677457809448
308,k5Y_838nuGo$_$22,0.4000000059604645,0.46735695004463196,0.08355384320020676,0.7547608017921448,0.16168536245822906,audio,1.0,0.9375,0.8947368264198303
287,jUzDDGyPkXU$_$4,-1.600000023841858,0.5399417877197266,0.08026576042175293,0.7458848357200623,0.17384938895702362,audio,0.9473684430122375,0.9101123809814453,0.96875
91,cXypl4FnoZo$_$8,1.399999976158142,-0.08043839782476425,0.07797260582447052,0.7425118088722229,0.17951560020446777,audio,0.9130434989929199,0.9154929518699646,0.9404761791229248
506,tmZoasNr4rU$_$13,-0.800000011920929,-1.2910714149475098,0.09718452394008636,0.790385365486145,0.11243011802434921,audio,1.0,0.9300000071525574,0.8620689511299133
606,yDtzw_Y-7RU$_$21,0.20000000298023224,-1.1475834846496582,0.08304280042648315,0.7134276628494263,0.20352952182292938,audio,0.9333333373069763,0.8965517282485962,1.0
347,lXPQBPVc5Cw$_$4,-1.2000000476837158,-0.7500952482223511,0.09573038667440414,0.7503333687782288,0.1539362370967865,audio,0.9285714030265808,0.8717948794364929,0.9042553305625916
410,ob23OKe5a9Q$_$8,0.6000000238418579,1.309725046157837,0.08114679157733917,0.7687804698944092,0.15007275342941284,audio,0.9444444179534912,0.9158878326416016,0.8983050584793091
266,iiK8YX8oH1E$_$1,-2.5999999046325684,-0.7209253907203674,0.06573931127786636,0.7738165855407715,0.16044409573078156,audio,0.8333333134651184,0.8974359035491943,0.804347813129425
223,f9O3YtZ2VfI$_$17,-2.0,-0.2429480403661728,0.08709879219532013,0.712863028049469,0.20003817975521088,audio,0.9411764740943909,0.9178082346916199,0.9122806787490845
682,zhpQhgha_KU$_$35,0.6000000238418579,2.0645999908447266,0.10944391041994095,0.7868955731391907,0.10366054624319077,audio,1.0,0.8857142925262451,0.9166666865348816
477,tIrG4oNLFzE$_$16,-1.600000023841858,-0.6941781044006348,0.09239358454942703,0.7437150478363037,0.16389137506484985,audio,0.9166666865348816,0.8720930218696594,0.9320388436317444
254,fvVhgmXxadc$_$6,-0.20000000298023224,-0.4590322971343994,0.0922149196267128,0.7076534628868103,0.2001315951347351,audio,0.9599999785423279,0.8333333134651184,0.9305555820465088
158,d6hH302o4v8$_$37,-2.200000047683716,-2.6140356063842773,0.12855857610702515,0.5583730340003967,0.3130683898925781,audio,1.0,0.625,0.8888888955116272
260,iiK8YX8oH1E$_$12,1.7999999523162842,1.7858017683029175,0.07206835597753525,0.7166368365287781,0.21129478514194489,audio,1.0,0.8666666746139526,0.9473684430122375
292,jUzDDGyPkXU$_$11,2.4000000953674316,1.1370625495910645,0.0656939223408699,0.7714926600456238,0.16281342506408691,audio,0.9130434989929199,0.953125,0.9102563858032227
416,pLTX3ipuDJI$_$14,-2.0,-2.1047496795654297,0.09059330821037292,0.7524095177650452,0.15699711441993713,audio,0.9166666865348816,0.8125,0.8205128312110901
168,dq3Nf_lMPnE$_$15,1.0,1.0273083448410034,0.08730711042881012,0.7793947458267212,0.1332981139421463,audio,0.9411764740943909,0.8644067645072937,0.75
360,lXPQBPVc5Cw$_$19,-1.7999999523162842,-1.911217212677002,0.07102382183074951,0.8104151487350464,0.1185610443353653,audio,0.8888888955116272,0.949999988079071,0.8399999737739563
654,zhpQhgha_KU$_$27,0.800000011920929,0.3591405749320984,0.08198235929012299,0.746536910533905,0.17148075997829437,audio,1.0,0.9166666865348816,0.9285714030265808
203,f9O3YtZ2VfI$_$21,2.0,0.19503772258758545,0.07599007338285446,0.7271780371665955,0.1968318670988083,audio,0.949999988079071,0.9473684430122375,0.9111111164093018
27,c7UH_rxdZv4$_$19,-1.7999999523162842,-0.8649686574935913,0.07501829415559769,0.8026787042617798,0.12230298668146133,audio,0.8888888955116272,0.9333333373069763,0.8148148059844971
665,zhpQhgha_KU$_$4,-1.600000023841858,-2.1611099243164062,0.07857924699783325,0.7622469663619995,0.15917380154132843,audio,1.0,1.0,0.9259259104728699
387,nzpVDcQ0ywM$_$11,0.0,-0.6918637752532959,0.0774640366435051,0.7522090673446655,0.17032688856124878,audio,0.9230769276618958,0.9411764740943909,0.9756097793579102
161,d6hH302o4v8$_$34,-3.0,-2.200704574584961,0.07298985868692398,0.7561795115470886,0.17083066701889038,audio,1.0,1.0,1.0
209,f9O3YtZ2VfI$_$3,0.6000000238418579,0.022435758262872696,0.10508538037538528,0.6917310953140259,0.20318347215652466,audio,1.0,0.8918918967247009,0.9318181872367859
90,cXypl4FnoZo$_$9,1.2000000476837158,0.5166996121406555,0.09219494462013245,0.7261699438095093,0.18163514137268066,audio,1.0,0.8775510191917419,0.8620689511299133
145,d6hH302o4v8$_$38,-3.0,-0.7452516555786133,0.08692403137683868,0.7227153778076172,0.19036062061786652,audio,1.0,0.9166666865348816,0.8965517282485962
661,zhpQhgha_KU$_$1,-1.600000023841858,-2.0432865619659424,0.05066189169883728,0.7865716218948364,0.1627664566040039,audio,0.7777777910232544,1.0,0.90625
84,cXypl4FnoZo$_$3,1.7999999523162842,1.2299931049346924,0.05153116211295128,0.7383286356925964,0.21014021337032318,audio,0.8571428656578064,0.9090909361839294,1.0
333,lXPQBPVc5Cw$_$24,-1.399999976158142,-2.275520086288452,0.06277978420257568,0.7625729441642761,0.17464731633663177,audio,0.7142857313156128,0.9047619104385376,0.9599999785423279
435,phBUpBr1hSo$_$19,2.0,1.30515456199646,0.09038402885198593,0.7322418093681335,0.1773741990327835,audio,1.0,0.800000011920929,0.9166666865348816
521,tmZoasNr4rU$_$6,-1.7999999523162842,-1.6010812520980835,0.10129375010728836,0.7120867371559143,0.18661952018737793,audio,1.0,0.8493150472640991,0.9080459475517273
413,pLTX3ipuDJI$_$13,-1.399999976158142,-0.555818498134613,0.07916545122861862,0.7651492357254028,0.15568529069423676,audio,1.0,0.96875,0.9473684430122375
632,yvsjCA6Y5Fc$_$1,-2.0,-1.4916841983795166,0.08469312638044357,0.7184234857559204,0.19688338041305542,audio,0.9259259104728699,0.875,0.8888888955116272
622,yDtzw_Y-7RU$_$15,0.6000000238418579,0.43577516078948975,0.0786740705370903,0.7600473165512085,0.161278635263443,audio,0.9230769276618958,0.8928571343421936,0.8787878751754761
240,f_pcplsH_V0$_$6,1.600000023841858,-0.3056701719760895,0.07424335181713104,0.8038908243179321,0.12186582386493683,audio,0.8888888955116272,0.800000011920929,0.6666666865348816
38,cM3Yna7AavY$_$14,-2.5999999046325684,-2.170356273651123,0.0844694972038269,0.8241208791732788,0.0914095938205719,audio,0.8888888955116272,0.8695651888847351,1.0
490,tStelxIAHjw$_$13,-1.600000023841858,-0.28805190324783325,0.07683613896369934,0.7106396555900574,0.21252425014972687,audio,0.8571428656578064,0.8571428656578064,0.9599999785423279
132,d6hH302o4v8$_$29,-1.7999999523162842,-0.49738574028015137,0.09073007851839066,0.7857584357261658,0.1235114261507988,audio,0.8518518805503845,0.8999999761581421,0.9268292784690857
473,tIrG4oNLFzE$_$12,-2.5999999046325684,-2.4859704971313477,0.09542679786682129,0.7270061373710632,0.17756710946559906,audio,1.0,0.9259259104728699,0.8125
236,f_pcplsH_V0$_$2,1.399999976158142,-0.06053338199853897,0.0864957943558693,0.7225551009178162,0.19094909727573395,audio,0.8571428656578064,0.8275862336158752,0.8571428656578064
547,vvZ4IcEtiZc$_$4,2.200000047683716,1.7912485599517822,0.05985330790281296,0.8864428997039795,0.05370374023914337,audio,0.807692289352417,0.9519230723381042,0.8867924809455872
372,nbWiPyCm4g0$_$8,-2.200000047683716,-1.9716100692749023,0.10482274740934372,0.8214675188064575,0.07370971143245697,audio,0.9523809552192688,0.8684210777282715,0.9021739363670349
566,vyB00TXsimI$_$13,2.4000000953674316,1.326560616493225,0.0944913998246193,0.7621957659721375,0.14331285655498505,audio,0.8888888955116272,0.8333333134651184,0.8571428656578064
373,nzpVDcQ0ywM$_$24,1.600000023841858,0.7878010869026184,0.07416260987520218,0.7802978157997131,0.1455395668745041,audio,0.8888888955116272,0.8928571343421936,0.7272727489471436
366,nbWiPyCm4g0$_$2,-2.4000000953674316,-0.372795969247818,0.12445525825023651,0.7761293053627014,0.09941543638706207,audio,1.0,0.8636363744735718,0.9629629850387573
103,d3_k5Xpfmik$_$10,0.4000000059604645,-0.16205108165740967,0.08582145720720291,0.771518349647522,0.1426602452993393,audio,1.0,0.9384615421295166,0.9090909361839294
133,d6hH302o4v8$_$40,-1.0,-2.119065999984741,0.07940953969955444,0.8148855566978455,0.1057049036026001,audio,1.0,1.0,0.5
649,yvsjCA6Y5Fc$_$19,-1.600000023841858,-0.7901695370674133,0.09263157844543457,0.7561981081962585,0.1511702686548233,audio,0.9696969985961914,0.8962264060974121,0.9074074029922485
419,pLTX3ipuDJI$_$3,-1.2000000476837158,-1.4401689767837524,0.06582839787006378,0.8290548920631409,0.10511674731969833,audio,0.8695651888847351,0.9811320900917053,0.75
95,cXypl4FnoZo$_$12,2.0,1.7080168724060059,0.08514256030321121,0.7415010333061218,0.17335636913776398,audio,1.0,0.9523809552192688,0.8163265585899353
173,dq3Nf_lMPnE$_$5,1.2000000476837158,-1.0264836549758911,0.05460018292069435,0.7730015516281128,0.17239828407764435,audio,0.8666666746139526,0.9166666865348816,0.9230769276618958
523,tmZoasNr4rU$_$8,-2.0,-1.63319730758667,0.10034951567649841,0.707720935344696,0.19192957878112793,audio,1.0,0.862500011920929,0.90625
574,wMbj6ajWbic$_$24,1.399999976158142,0.5585934519767761,0.08875205367803574,0.739585280418396,0.17166264355182648,audio,1.0,0.9411764740943909,0.9523809552192688
587,wMbj6ajWbic$_$5,0.20000000298023224,1.0862984657287598,0.06344720721244812,0.831381618976593,0.10517119616270065,audio,0.9375,0.9487179517745972,0.8541666865348816
316,k5Y_838nuGo$_$4,1.0,1.0078983306884766,0.0607164092361927,0.7234610915184021,0.2158225178718567,audio,0.8461538553237915,0.9200000166893005,1.0
634,yvsjCA6Y5Fc$_$2,-1.2000000476837158,-1.081644892692566,0.0952896773815155,0.6513882875442505,0.253322035074234,audio,1.0,0.8571428656578064,0.9117646813392639
214,f9O3YtZ2VfI$_$6,-2.5999999046325684,-0.16334247589111328,0.100188247859478,0.6946956515312195,0.20511607825756073,audio,1.0,0.7894737124443054,0.8636363744735718
620,yDtzw_Y-7RU$_$13,-1.7999999523162842,-1.3933570384979248,0.07932576537132263,0.7616409659385681,0.15903322398662567,audio,0.95652174949646,0.9230769276618958,0.9021739363670349
575,wMbj6ajWbic$_$25,2.0,0.12635472416877747,0.06657353788614273,0.764802098274231,0.1686243712902069,audio,0.8333333134651184,0.9130434989929199,0.9629629850387573
595,wMbj6ajWbic$_$13,2.0,1.3862134218215942,0.08799976110458374,0.7660480737686157,0.14595212042331696,audio,0.9583333134651184,0.8947368264198303,0.8970588445663452
645,yvsjCA6Y5Fc$_$15,-2.0,-0.681350827217102,0.0905805379152298,0.7301526069641113,0.17926688492298126,audio,1.0,0.8947368264198303,0.8382353186607361
480,tIrG4oNLFzE$_$3,2.5999999046325684,1.0185086727142334,0.07513934373855591,0.7170333862304688,0.20782725512981415,audio,0.9285714030265808,0.8974359035491943,0.957446813583374
573,vyB00TXsimI$_$18,2.4000000953674316,0.03746481239795685,0.07324869185686111,0.7538551092147827,0.17289619147777557,audio,0.875,0.9444444179534912,0.8181818127632141
429,phBUpBr1hSo$_$13,0.800000011920929,0.7942437529563904,0.09202686697244644,0.7427442073822021,0.16522888839244843,audio,1.0,0.8947368264198303,0.9545454382896423
432,phBUpBr1hSo$_$14,-1.2000000476837158,-0.8575587868690491,0.08803931623697281,0.7559723854064941,0.15598829090595245,audio,1.0,0.8999999761581421,0.875
130,d6hH302o4v8$_$23,-2.5999999046325684,-2.0501203536987305,0.11788478493690491,0.7422122955322266,0.13990287482738495,audio,1.0,0.8823529481887817,0.875
277,jUzDDGyPkXU$_$26,-2.0,-1.1683547496795654,0.07250247895717621,0.7980100512504578,0.12948746979236603,audio,0.9200000166893005,0.9555555582046509,0.8545454740524292
51,cW1FSBF59ik$_$21,1.600000023841858,1.3779311180114746,0.06995216757059097,0.8095629811286926,0.12048490345478058,audio,0.8461538553237915,0.931034505367279,0.9411764740943909
605,yDtzw_Y-7RU$_$20,-0.6000000238418579,0.20983374118804932,0.08400258421897888,0.7851871252059937,0.13081024587154388,audio,1.0,0.9230769276618958,0.9354838728904724
302,k5Y_838nuGo$_$24,0.6000000238418579,-0.015638096258044243,0.06295039504766464,0.7235928773880005,0.21345672011375427,audio,0.7777777910232544,0.9047619104385376,0.9599999785423279
32,c7UH_rxdZv4$_$32,-2.200000047683716,-1.6310248374938965,0.08103088289499283,0.7672208547592163,0.15174823999404907,audio,1.0,0.949999988079071,0.9130434989929199
181,etzxEpPuc6I$_$13,-2.200000047683716,-0.11881967633962631,0.08972614258527756,0.7510019540786743,0.15927186608314514,audio,0.9722222089767456,0.8787878751754761,0.8857142925262451
343,lXPQBPVc5Cw$_$1,0.20000000298023224,0.8626362681388855,0.07355841994285583,0.7813163995742798,0.14512518048286438,audio,0.8888888955116272,0.918367326259613,0.8813559412956238
329,k5Y_838nuGo$_$19,-0.6000000238418579,-0.3276538848876953,0.07770218700170517,0.7433604598045349,0.17893733084201813,audio,0.9473684430122375,0.8857142925262451,0.9285714030265808
448,rnaNMUZpvvg$_$20,0.800000011920929,0.7919881343841553,0.07507499307394028,0.6893497705459595,0.23557524383068085,audio,0.8999999761581421,0.8617886304855347,1.0
297,jUzDDGyPkXU$_$14,0.800000011920929,0.062042802572250366,0.0652010440826416,0.7251839637756348,0.20961503684520721,audio,0.7692307829856873,0.8214285969734192,0.9142857193946838
684,zhpQhgha_KU$_$33,-0.4000000059604645,-0.1221499964594841,0.08931321650743484,0.7578709125518799,0.15281589329242706,audio,0.875,0.8823529481887817,0.9344262480735779
186,etzxEpPuc6I$_$16,-2.4000000953674316,-2.0922369956970215,0.09083084017038345,0.7071936726570129,0.2019754946231842,audio,0.9166666865348816,0.8055555820465088,0.930232584476471
361,lXPQBPVc5Cw$_$18,-1.399999976158142,-0.2553340196609497,0.04199321195483208,0.8479311466217041,0.11007566750049591,audio,0.5454545617103577,0.9200000166893005,0.8999999761581421
439,phBUpBr1hSo$_$3,2.799999952316284,1.2284990549087524,0.05307462811470032,0.8113988637924194,0.13552647829055786,audio,0.7857142686843872,0.9756097793579102,0.8571428656578064
192,etzxEpPuc6I$_$5,0.0,0.5725637674331665,0.08362093567848206,0.7589572668075562,0.15742182731628418,audio,0.9130434989929199,0.8571428656578064,0.8815789222717285
258,iiK8YX8oH1E$_$10,0.0,-0.7799462676048279,0.08283910900354385,0.7385668754577637,0.17859400808811188,audio,1.0,0.8999999761581421,0.8695651888847351
35,cM3Yna7AavY$_$13,-1.600000023841858,-1.7239329814910889,0.08362782746553421,0.8441187143325806,0.07225347310304642,audio,1.0,1.0,0.9375
354,lXPQBPVc5Cw$_$13,2.799999952316284,0.31397297978401184,0.049865640699863434,0.8064913153648376,0.1436430811882019,audio,0.625,0.9375,0.9444444179534912
621,yDtzw_Y-7RU$_$12,-0.6666666865348816,-1.3360735177993774,0.08212219923734665,0.7599599957466125,0.1579178273677826,audio,0.9333333373069763,0.8979591727256775,0.8983050584793091
420,pLTX3ipuDJI$_$2,-1.7999999523162842,-0.8141220808029175,0.0872257798910141,0.7819876670837402,0.13078655302524567,audio,0.9333333373069763,0.9242424368858337,0.892405092716217
17,c7UH_rxdZv4$_$9,-0.4000000059604645,0.03613123670220375,0.09793481230735779,0.8030460476875305,0.09901914745569229,audio,0.8518518805503845,0.875,0.8823529481887817
582,wMbj6ajWbic$_$28,2.4000000953674316,2.4414987564086914,0.10007970035076141,0.7463878989219666,0.15353240072727203,audio,1.0,0.8399999737739563,0.8833333253860474
262,iiK8YX8oH1E$_$14,-1.2000000476837158,-0.5183887481689453,0.07729791849851608,0.7216804027557373,0.20102167129516602,audio,1.0,0.8947368264198303,0.9347826242446899
219,f9O3YtZ2VfI$_$13,-1.600000023841858,0.04698159173130989,0.10054366290569305,0.6977956295013428,0.20166069269180298,audio,1.0,0.8333333134651184,0.8941176533699036
481,tIrG4oNLFzE$_$2,2.4000000953674316,2.1101884841918945,0.06143646687269211,0.7566488981246948,0.18191459774971008,audio,0.8181818127632141,0.9333333373069763,0.9166666865348816
224,f9O3YtZ2VfI$_$16,-1.0,1.417934775352478,0.08563738316297531,0.7269291877746582,0.18743343651294708,audio,0.9583333134651184,0.8888888955116272,0.8823529481887817
440,phBUpBr1hSo$_$2,2.200000047683716,0.7056609392166138,0.10274776071310043,0.7621492147445679,0.1351030319929123,audio,1.0,0.8500000238418579,0.8333333134651184
592,wMbj6ajWbic$_$8,-0.20000000298023224,-0.23308506608009338,0.09542809426784515,0.7485297322273254,0.1560422033071518,audio,1.0,0.9166666865348816,0.8928571343421936
2,c7UH_rxdZv4$_$26,-2.5999999046325684,-1.2231165170669556,0.07029721885919571,0.7726919651031494,0.15701080858707428,audio,0.9090909361839294,0.9512194991111755,0.8600000143051147
151,d6hH302o4v8$_$14,-1.7999999523162842,-1.941940188407898,0.10758519172668457,0.7530539631843567,0.13936084508895874,audio,1.0,0.8965517282485962,0.8857142925262451
310,k5Y_838nuGo$_$28,2.0,0.7303410172462463,0.06495151668787003,0.7260124683380127,0.20903606712818146,audio,0.875,0.9375,0.9473684430122375
344,lXPQBPVc5Cw$_$3,-2.4000000953674316,-2.2972612380981445,0.07196562737226486,0.7327519059181213,0.1952824741601944,audio,0.875,0.8846153616905212,0.9354838728904724
101,cXypl4FnoZo$_$18,-0.25,-1.4498212337493896,0.07741816341876984,0.7545371651649475,0.16804465651512146,audio,0.9523809552192688,0.9589040875434875,0.9080459475517273
356,lXPQBPVc5Cw$_$15,-2.799999952316284,-1.7769031524658203,0.0728466585278511,0.7606549859046936,0.1664983183145523,audio,0.8333333134651184,0.8999999761581421,0.9166666865348816
339,lXPQBPVc5Cw$_$22,2.5999999046325684,1.7566370964050293,0.06617620587348938,0.8231626152992249,0.11066124588251114,audio,0.7692307829856873,0.9473684430122375,0.8666666746139526
239,f_pcplsH_V0$_$7,0.0,-1.2039449214935303,0.06968539953231812,0.8108880519866943,0.11942654103040695,audio,0.9090909361839294,1.0,0.8965517282485962
341,lXPQBPVc5Cw$_$28,0.800000011920929,0.8840406537055969,0.08824444562196732,0.7976781129837036,0.11407740414142609,audio,0.9411764740943909,0.9230769276618958,0.8571428656578064
482,tIrG4oNLFzE$_$5,0.4000000059604645,1.1049309968948364,0.0685332864522934,0.7371283173561096,0.19433841109275818,audio,0.9166666865348816,0.9333333373069763,0.9166666865348816
93,cXypl4FnoZo$_$10,2.0,0.2984085977077484,0.04814400523900986,0.7844008803367615,0.16745509207248688,audio,0.6666666865348816,0.939393937587738,0.8205128312110901
189,etzxEpPuc6I$_$1,0.4000000059604645,-1.6722426414489746,0.07984067499637604,0.7818930149078369,0.13826631009578705,audio,0.9629629850387573,0.9452054500579834,0.8620689511299133
390,nzpVDcQ0ywM$_$12,-1.399999976158142,0.15895047783851624,0.08511389791965485,0.8539696335792542,0.0609164722263813,audio,0.9333333373069763,0.9743589758872986,0.8723404407501221
194,etzxEpPuc6I$_$7,-1.2000000476837158,-1.0307321548461914,0.07376199960708618,0.7736144661903381,0.15262353420257568,audio,0.9166666865348816,0.9444444179534912,0.9193548560142517
543,vvZ4IcEtiZc$_$1,2.0,1.7106584310531616,0.07963617146015167,0.8438791632652283,0.07648463547229767,audio,0.875,0.9473684430122375,0.8260869383811951
384,nzpVDcQ0ywM$_$6,-1.399999976158142,-1.0122811794281006,0.0934627577662468,0.7002017498016357,0.20633548498153687,audio,1.0,0.8723404407501221,0.9285714030265808
593,wMbj6ajWbic$_$11,0.4000000059604645,-0.7834368944168091,0.08163956552743912,0.7452361583709717,0.17312420904636383,audio,1.0,0.9230769276618958,0.978723406791687
40,cM3Yna7AavY$_$1,2.200000047683716,-0.5127655267715454,0.08973225951194763,0.7969179153442383,0.11334981769323349,audio,0.9333333373069763,0.9100000262260437,0.8526315689086914
474,tIrG4oNLFzE$_$15,-2.0,0.8424330353736877,0.09148016571998596,0.7193314433097839,0.1891884058713913,audio,0.9583333134651184,0.8591549396514893,0.9285714030265808
486,tIrG4oNLFzE$_$9,-1.0,0.1597776710987091,0.08860639482736588,0.7443200945854187,0.16707350313663483,audio,0.9583333134651184,0.8850574493408203,0.8942307829856873
597,wMbj6ajWbic$_$15,2.0,-1.5475659370422363,0.0783592015504837,0.7698855996131897,0.151755228638649,audio,0.8823529481887817,0.8695651888847351,0.8909090757369995
640,yvsjCA6Y5Fc$_$8,0.4000000059604645,-0.7740728259086609,0.09396286308765411,0.7468168139457703,0.15922029316425323,audio,0.95652174949646,0.8714285492897034,0.891566276550293
33,cM3Yna7AavY$_$11,2.0,1.2563269138336182,0.12252753973007202,0.804222583770752,0.07324988394975662,audio,1.0,0.7599999904632568,0.8333333134651184
467,rnaNMUZpvvg$_$16,-1.7999999523162842,-0.6362999677658081,0.10577654093503952,0.650789737701416,0.24343374371528625,audio,1.0,0.7857142686843872,0.9411764740943909
276,jUzDDGyPkXU$_$25,-2.0,-1.5097295045852661,0.06624738872051239,0.7650596499443054,0.1686929315328598,audio,0.8823529481887817,0.9523809552192688,0.9230769276618958
351,lXPQBPVc5Cw$_$8,2.5999999046325684,2.5311930179595947,0.06853945553302765,0.7496381402015686,0.18182246387004852,audio,0.9090909361839294,0.9333333373069763,0.9428571462631226
475,tIrG4oNLFzE$_$14,-2.4000000953674316,-1.492401123046875,0.08415190875530243,0.75300133228302,0.16284677386283875,audio,0.9111111164093018,0.8783783912658691,0.8587570786476135
255,fvVhgmXxadc$_$9,-0.4000000059604645,-0.3182290196418762,0.08244886249303818,0.7810962796211243,0.13645482063293457,audio,1.0,0.9696969985961914,0.875
305,k5Y_838nuGo$_$27,-0.800000011920929,-0.16483666002750397,0.09080134332180023,0.7437760829925537,0.16542258858680725,audio,1.0,0.9139785170555115,0.9017857313156128
613,yDtzw_Y-7RU$_$4,-1.0,-1.1380304098129272,0.06679486483335495,0.8060612678527832,0.12714388966560364,audio,0.8333333134651184,0.921875,0.8421052694320679
303,k5Y_838nuGo$_$25,-0.20000000298023224,-0.616847038269043,0.11095353960990906,0.7865665555000305,0.10247992724180222,audio,0.9285714030265808,0.8510638475418091,0.9122806787490845
596,wMbj6ajWbic$_$12,1.600000023841858,0.24264231324195862,0.06797637790441513,0.7512710094451904,0.18075263500213623,audio,0.7857142686843872,0.8399999737739563,0.9666666388511658
375,nzpVDcQ0ywM$_$21,-1.399999976158142,-1.1145579814910889,0.08169113844633102,0.797756552696228,0.12055235356092453,audio,0.9333333373069763,0.942307710647583,0.8571428656578064
328,k5Y_838nuGo$_$16,0.25,-0.37973758578300476,0.07102758437395096,0.776996374130249,0.15197600424289703,audio,0.75,0.8947368264198303,0.9090909361839294
180,etzxEpPuc6I$_$10,-1.399999976158142,-0.9042835831642151,0.055848460644483566,0.7768941521644592,0.1672574281692505,audio,0.75,0.925000011920929,0.914893627166748
281,jUzDDGyPkXU$_$22,-2.4000000953674316,-1.6580170392990112,0.10350201278924942,0.6613373756408691,0.2351606786251068,audio,0.9444444179534912,0.7200000286102295,0.8983050584793091
129,d6hH302o4v8$_$22,-1.0,-2.483839988708496,0.0839809849858284,0.7730130553245544,0.14300598204135895,audio,0.8888888955116272,0.9459459185600281,0.8888888955116272
631,yvsjCA6Y5Fc$_$23,-1.2000000476837158,-0.6124584078788757,0.08711258322000504,0.7228734493255615,0.19001398980617523,audio,0.9800000190734863,0.9122806787490845,0.9130434989929199
407,ob23OKe5a9Q$_$7,0.6000000238418579,0.8858034610748291,0.08453106880187988,0.765889585018158,0.14957939088344574,audio,0.970588207244873,0.9270833134651184,0.9051724076271057
306,k5Y_838nuGo$_$20,0.4000000059604645,-0.6090524196624756,0.09319140762090683,0.7069104313850403,0.19989819824695587,audio,0.8999999761581421,0.7894737124443054,0.9047619104385376
114,d3_k5Xpfmik$_$2,0.0,0.023972630500793457,0.06895653903484344,0.7559835314750671,0.1750599592924118,audio,0.9166666865348816,0.9285714030265808,0.9411764740943909
417,pLTX3ipuDJI$_$16,-1.600000023841858,-0.44172602891921997,0.08401258289813995,0.7617537975311279,0.1542336642742157,audio,0.8857142925262451,0.8712871074676514,0.9200000166893005
4,c7UH_rxdZv4$_$20,-1.7999999523162842,-1.281479835510254,0.09825686365365982,0.816167414188385,0.08557575196027756,audio,0.9166666865348816,0.9178082346916199,0.9090909361839294
52,cW1FSBF59ik$_$22,-1.0,-0.09779936075210571,0.0985487550497055,0.7891586422920227,0.11229254305362701,audio,0.9599999785423279,0.8823529481887817,0.824999988079071
553,vyB00TXsimI$_$21,1.2000000476837158,-0.4195912182331085,0.06445469707250595,0.768761396408081,0.1667838990688324,audio,0.8181818127632141,0.8857142925262451,0.8571428656578064
10,c7UH_rxdZv4$_$1,-2.799999952316284,-1.6958208084106445,0.0745009258389473,0.6689578890800476,0.2565411925315857,audio,0.875,0.8181818127632141,1.0
137,d6hH302o4v8$_$2,-1.7999999523162842,-1.0942740440368652,0.0698399543762207,0.749381959438324,0.18077807128429413,audio,0.9090909361839294,0.9696969985961914,0.9487179517745972
513,tmZoasNr4rU$_$18,0.0,-0.7225142121315002,0.08174046874046326,0.7640558481216431,0.15420371294021606,audio,0.8888888955116272,0.8461538553237915,0.800000011920929
64,cW1FSBF59ik$_$10,-1.0,1.600672721862793,0.10324409604072571,0.800382137298584,0.09637384116649628,audio,1.0,0.8888888955116272,0.8720930218696594
617,yDtzw_Y-7RU$_$8,-1.5,-0.9654330015182495,0.07319153100252151,0.7490590214729309,0.1777494102716446,audio,0.8571428656578064,0.9375,0.9473684430122375
313,k5Y_838nuGo$_$3,0.800000011920929,1.3243393898010254,0.06494960933923721,0.751176118850708,0.18387430906295776,audio,0.7857142686843872,0.8666666746139526,0.8510638475418091
560,vyB00TXsimI$_$7,2.4000000953674316,1.4557749032974243,0.0690997913479805,0.7660002112388611,0.1649000197649002,audio,0.9375,0.9459459185600281,0.9111111164093018
533,v0zCBqDeKcE$_$2,-0.4000000059604645,-0.4466291069984436,0.07891067117452621,0.8129709362983704,0.10811834782361984,audio,0.8181818127632141,0.9090909361839294,0.925000011920929
685,zhpQhgha_KU$_$32,0.800000011920929,-0.3100159764289856,0.08886947482824326,0.7528011798858643,0.1583293229341507,audio,0.8999999761581421,0.8888888955116272,0.8684210777282715
518,tmZoasNr4rU$_$5,-0.800000011920929,-1.3747895956039429,0.07585830241441727,0.7338439226150513,0.19029781222343445,audio,0.9166666865348816,0.9111111164093018,0.8888888955116272
