index,id,y_true,y_pred,w_text,w_audio,w_vision,selected_anchor,availability_text,availability_audio,availability_vision
219,f9O3YtZ2VfI$_$13,-1.600000023841858,-0.2869265079498291,2.7621306131209167e-08,4.7916611123355324e-08,1.0,vision,0.38461539149284363,0.1111111119389534,0.0941176488995552
644,yvsjCA6Y5Fc$_$12,-0.6000000238418579,0.10714967548847198,3.227071943001647e-08,9.093007946603393e-08,0.9999998807907104,vision,0.1190476194024086,0.13445378839969635,0.0845070406794548
39,cM3Yna7AavY$_$16,-2.799999952316284,0.5176759362220764,1.6169767746987418e-08,2.9684249724937217e-08,1.0,vision,0.30000001192092896,0.0714285746216774,0.0882352963089943
187,etzxEpPuc6I$_$19,-0.5,0.650863766670227,4.304623857365186e-08,7.845888205793017e-08,0.9999998807907104,vision,0.25999999046325684,0.08187134563922882,0.09313725680112839
607,yDtzw_Y-7RU$_$22,2.0,0.4829373061656952,4.75859751603025e-09,1.2222283629625963e-08,1.0,vision,0.2857142984867096,0.1875,0.15789473056793213
533,v0zCBqDeKcE$_$2,-0.4000000059604645,0.27321359515190125,1.418794326468742e-08,2.7241721767268245e-08,1.0,vision,0.27272728085517883,0.06060606241226196,0.07500000298023224
171,dq3Nf_lMPnE$_$3,-1.2000000476837158,1.086548924446106,2.7070328201261873e-08,2.9867180728615494e-08,1.0,vision,0.5714285969734192,0.1304347813129425,0.14814814925193787
328,k5Y_838nuGo$_$16,0.25,-0.03339078649878502,1.096087576257787e-08,2.509801966255054e-08,1.0,vision,0.375,0.21052631735801697,0.09090909361839294
416,pLTX3ipuDJI$_$14,-2.0,0.35274311900138855,2.6689761511988763e-08,4.552403254365345e-08,1.0,vision,0.4166666567325592,0.15625,0.07692307978868484
101,cXypl4FnoZo$_$18,-0.25,-0.019503410905599594,2.028916945562287e-08,5.529429714101752e-08,1.0,vision,0.1428571492433548,0.10958904027938843,0.05747126415371895
620,yDtzw_Y-7RU$_$13,-1.7999999523162842,0.3557109534740448,1.6999541330164902e-08,4.365395867012012e-08,1.0,vision,0.17391304671764374,0.12820513546466827,0.17391304671764374
72,cW1FSBF59ik$_$18,2.5999999046325684,0.981387734413147,2.137053023432145e-08,4.424560628990548e-08,1.0,vision,0.13636364042758942,0.028169013559818268,0.1627907007932663
16,c7UH_rxdZv4$_$6,-2.5999999046325684,0.2419145554304123,2.5459728547616578e-08,5.1458716399110926e-08,1.0,vision,0.23999999463558197,0.0833333358168602,0.09000000357627869
310,k5Y_838nuGo$_$28,2.0,0.361145943403244,6.451301270971044e-09,1.191633547392712e-08,1.0,vision,0.25,0.0,0.05263157933950424
86,cXypl4FnoZo$_$5,1.7999999523162842,0.37399372458457947,2.6419547438649715e-08,6.00229910219241e-08,0.9999998807907104,vision,0.25,0.16129031777381897,0.10810811072587967
420,pLTX3ipuDJI$_$2,-1.7999999523162842,0.6438032388687134,2.1016068885160166e-08,5.350574028284427e-08,1.0,vision,0.1111111119389534,0.0833333358168602,0.08227848261594772
662,zhpQhgha_KU$_$3,-1.600000023841858,-0.5553909540176392,1.4448747975848164e-08,3.5721797075893846e-08,1.0,vision,0.20000000298023224,0.08620689809322357,0.0714285746216774
282,jUzDDGyPkXU$_$23,1.2000000476837158,-0.040854621678590775,3.978346096999985e-09,1.0241866910121189e-08,1.0,vision,0.2857142984867096,0.15789473056793213,0.260869562625885
387,nzpVDcQ0ywM$_$11,0.0,-0.2818763554096222,1.187424913950963e-08,2.4021346689551137e-08,1.0,vision,0.23076923191547394,0.029411764815449715,0.09756097197532654
299,jUzDDGyPkXU$_$16,1.2000000476837158,0.3368653357028961,1.6484912990222256e-08,3.874599485698127e-08,1.0,vision,0.1875,0.09589041024446487,0.09195402264595032
180,etzxEpPuc6I$_$10,-1.399999976158142,0.8864648342132568,2.328250836569623e-08,4.5949743565643075e-08,1.0,vision,0.25,0.10000000149011612,0.10638298094272614
94,cXypl4FnoZo$_$13,-1.0,-0.4283246099948883,2.4079692906298078e-08,6.674486030533444e-08,0.9999998807907104,vision,0.125,0.09285714477300644,0.06666667014360428
199,f9O3YtZ2VfI$_$25,-1.399999976158142,0.35943078994750977,2.563192147420068e-08,4.351845106498331e-08,1.0,vision,0.4000000059604645,0.1428571492433548,0.03999999910593033
97,cXypl4FnoZo$_$14,-0.6000000238418579,0.2341739535331726,2.7170525385145083e-08,5.909377520652015e-08,1.0,vision,0.2068965584039688,0.0810810774564743,0.10112359374761581
598,wMbj6ajWbic$_$14,-0.800000011920929,0.3980250954627991,2.775025897960859e-08,5.5372186835711545e-08,1.0,vision,0.25,0.09090909361839294,0.02500000037252903
55,cW1FSBF59ik$_$3,-1.0,-0.6022779941558838,1.4802142622727388e-08,4.079930704392609e-08,1.0,vision,0.13636364042758942,0.0793650820851326,0.13636364042758942
323,k5Y_838nuGo$_$13,0.6000000238418579,0.23396684229373932,5.027758209763533e-09,1.1113900022508005e-08,1.0,vision,0.2857142984867096,0.10000000149011612,0.0833333358168602
214,f9O3YtZ2VfI$_$6,-2.5999999046325684,0.5510224103927612,2.6213852422074524e-08,3.597691033974115e-08,1.0,vision,0.4000000059604645,0.05263157933950424,0.09090909361839294
170,dq3Nf_lMPnE$_$1,0.0,0.467620849609375,2.294678758119062e-08,5.134773317649888e-08,1.0,vision,0.17391304671764374,0.06896551698446274,0.06976744532585144
453,rnaNMUZpvvg$_$2,2.25,0.16036589443683624,9.756988994524818e-09,2.375136354260121e-08,1.0,vision,0.2222222238779068,0.11764705926179886,0.1428571492433548
424,pLTX3ipuDJI$_$6,-1.399999976158142,0.6949144601821899,2.3929157322299943e-08,5.5544710164667777e-08,1.0,vision,0.20000000298023224,0.1320754736661911,0.09375
530,v0zCBqDeKcE$_$16,0.0,-0.40887191891670227,1.6257750701242912e-08,2.158967760124142e-08,1.0,vision,0.4285714328289032,0.0,0.0
15,c7UH_rxdZv4$_$7,-3.0,0.011988434940576553,5.1643245235766244e-09,1.084827161434987e-08,1.0,vision,0.2857142984867096,0.0625,0.10000000149011612
659,zhpQhgha_KU$_$28,1.399999976158142,-0.47085651755332947,1.1675960642776317e-08,2.482123662161939e-08,1.0,vision,0.27272728085517883,0.0714285746216774,0.0882352963089943
398,ob23OKe5a9Q$_$10,1.25,0.7067865133285522,9.637156850317297e-09,1.7962216602995795e-08,1.0,vision,0.20000000298023224,0.0,0.15000000596046448
368,nbWiPyCm4g0$_$4,-2.200000047683716,-0.6254852414131165,2.1555770501890947e-08,6.006444408512834e-08,0.9999998807907104,vision,0.1627907007932663,0.11811023950576782,0.125
68,cW1FSBF59ik$_$14,-1.2000000476837158,0.5791453719139099,1.650045255985333e-08,3.693116568115329e-08,1.0,vision,0.1304347813129425,0.028846153989434242,0.125
324,k5Y_838nuGo$_$12,0.20000000298023224,-0.575137197971344,2.01786001241544e-08,5.062441488234981e-08,1.0,vision,0.21052631735801697,0.1111111119389534,0.0555555559694767
319,k5Y_838nuGo$_$9,1.7999999523162842,0.22243116796016693,1.4505133094644407e-08,2.6951115117412883e-08,1.0,vision,0.375,0.1304347813129425,0.03703703731298447
151,d6hH302o4v8$_$14,-1.7999999523162842,-0.5091888308525085,1.0685361928608472e-08,3.576604257204963e-08,1.0,vision,0.1428571492433548,0.17241379618644714,0.05714285746216774
262,iiK8YX8oH1E$_$14,-1.2000000476837158,0.40152639150619507,1.1970461955002065e-08,2.8507779248343468e-08,1.0,vision,0.1428571492433548,0.05263157933950424,0.1304347813129425
395,nzpVDcQ0ywM$_$19,-2.0,-0.5392513275146484,2.8100620497184536e-08,6.155207898927983e-08,0.9999998807907104,vision,0.25,0.09259258955717087,0.078125
481,tIrG4oNLFzE$_$2,2.4000000953674316,-0.22412516176700592,9.832501923767722e-09,2.2807419952641794e-08,1.0,vision,0.1818181872367859,0.03333333507180214,0.02777777798473835
651,zhpQhgha_KU$_$24,0.0,-0.07759346067905426,1.4120316471633032e-08,2.6252029883266914e-08,1.0,vision,0.375,0.13636364042758942,0.1111111119389534
128,d6hH302o4v8$_$21,-2.4000000953674316,-0.6372935771942139,2.4789821750914598e-08,3.967670991755767e-08,1.0,vision,0.3636363744735718,0.03448275849223137,0.05882352963089943
317,k5Y_838nuGo$_$7,-2.4000000953674316,0.8838798999786377,1.039946262437752e-08,2.131561416263139e-08,1.0,vision,0.20000000298023224,0.0555555559694767,0.13636364042758942
184,etzxEpPuc6I$_$14,-1.2000000476837158,0.6462186574935913,3.2171961095173174e-08,5.836377781065494e-08,1.0,vision,0.23999999463558197,0.0533333346247673,0.1111111119389534
288,jUzDDGyPkXU$_$7,-0.6000000238418579,-0.5375372767448425,2.0103920306269174e-08,4.521976038063258e-08,1.0,vision,0.21052631735801697,0.056603774428367615,0.09375
641,yvsjCA6Y5Fc$_$11,2.0,0.18915459513664246,2.405412402595175e-08,5.9802097496231e-08,0.9999998807907104,vision,0.1764705926179886,0.12195122241973877,0.16326530277729034
100,cXypl4FnoZo$_$19,0.800000011920929,0.4910174310207367,2.206122751147177e-08,5.81527608289889e-08,1.0,vision,0.10000000149011612,0.09090909361839294,0.15000000596046448
24,c7UH_rxdZv4$_$14,1.2000000476837158,1.0134990215301514,1.1475401962002252e-08,2.091872808307471e-08,1.0,vision,0.375,0.1458333283662796,0.06896551698446274
370,nbWiPyCm4g0$_$6,0.0,-0.5435366034507751,1.7112556705001225e-08,3.580583651796587e-08,1.0,vision,0.25,0.0555555559694767,0.06976744532585144
266,iiK8YX8oH1E$_$1,-2.5999999046325684,-0.2850976586341858,1.0288583318640576e-08,2.6610971204377165e-08,1.0,vision,0.1666666716337204,0.07692307978868484,0.021739130839705467
517,tmZoasNr4rU$_$2,-2.0,0.39429324865341187,1.731975629581939e-08,3.909228851739499e-08,1.0,vision,0.2142857164144516,0.0972222238779068,0.10465116053819656
106,d3_k5Xpfmik$_$15,2.5999999046325684,0.1213543713092804,3.1936696842649326e-08,8.867963430247983e-08,0.9999998807907104,vision,0.1428571492433548,0.15625,0.05263157933950424
417,pLTX3ipuDJI$_$16,-1.600000023841858,0.46527987718582153,3.286429617332942e-08,6.929282392320602e-08,0.9999998807907104,vision,0.20000000298023224,0.07920791953802109,0.1066666692495346
337,lXPQBPVc5Cw$_$20,-1.7999999523162842,0.5745892524719238,3.036744544715475e-08,6.822504872161517e-08,0.9999998807907104,vision,0.12121212482452393,0.05050504952669144,0.09459459781646729
515,tmZoasNr4rU$_$1,0.0,0.8008207678794861,2.0090388019866623e-08,3.547986082708121e-08,1.0,vision,0.27272728085517883,0.06382978707551956,0.15789473056793213
506,tmZoasNr4rU$_$13,-0.800000011920929,0.39451268315315247,1.3499604101241403e-08,3.294696071520775e-08,1.0,vision,0.125,0.03999999910593033,0.06896551698446274
121,d6hH302o4v8$_$42,-1.399999976158142,-0.4738365709781647,8.0235995625344e-09,1.9065437228960036e-08,1.0,vision,0.1818181872367859,0.03448275849223137,0.1764705926179886
402,ob23OKe5a9Q$_$1,1.2000000476837158,0.43003687262535095,3.432057127383814e-08,4.975520795369448e-08,1.0,vision,0.5,0.17241379618644714,0.05882352963089943
37,cM3Yna7AavY$_$15,-2.4000000953674316,-0.3476235866546631,2.5581078588743367e-08,4.3242096126050455e-08,1.0,vision,0.4545454680919647,0.15625,0.10256410390138626
79,cXypl4FnoZo$_$22,0.20000000298023224,0.0678720474243164,2.7759096354884605e-08,6.773493055334256e-08,0.9999998807907104,vision,0.13333334028720856,0.06603773683309555,0.08163265138864517
648,yvsjCA6Y5Fc$_$16,-1.7999999523162842,0.3156653046607971,2.2972093560724716e-08,6.292418675002409e-08,0.9999998807907104,vision,0.07999999821186066,0.08994708955287933,0.1315789520740509
322,k5Y_838nuGo$_$10,2.0,0.7195013761520386,2.2961016199474216e-08,3.2334799726640995e-08,1.0,vision,0.3636363744735718,0.03448275849223137,0.05882352963089943
50,cW1FSBF59ik$_$20,2.5,0.7242460250854492,1.617192602054729e-08,3.3625887851940206e-08,1.0,vision,0.27272728085517883,0.12280701845884323,0.08695652335882187
413,pLTX3ipuDJI$_$13,-1.399999976158142,0.3805435001850128,1.5119935525831352e-08,3.522443847714385e-08,1.0,vision,0.125,0.03125,0.05263157933950424
622,yDtzw_Y-7RU$_$15,0.6000000238418579,0.7317531108856201,1.1461556148617547e-08,3.3227223639187287e-08,1.0,vision,0.1538461595773697,0.1785714328289032,0.1818181872367859
215,f9O3YtZ2VfI$_$9,-2.200000047683716,0.027867404744029045,1.6782529144165892e-08,3.049462193871477e-08,1.0,vision,0.23076923191547394,0.0,0.024390242993831635
513,tmZoasNr4rU$_$18,0.0,1.0507075786590576,1.4327833142147028e-08,1.962802720356649e-08,1.0,vision,0.3333333432674408,0.0,0.13333334028720856
7,c7UH_rxdZv4$_$23,-0.6000000238418579,-0.21707414090633392,1.4826301075743231e-08,4.124678909533941e-08,1.0,vision,0.25,0.20000000298023224,0.0833333358168602
175,dq3Nf_lMPnE$_$7,-2.0,0.8025870323181152,2.0174443449150203e-08,3.3330241677731465e-08,1.0,vision,0.4285714328289032,0.17073170840740204,0.12244898080825806
257,iiK8YX8oH1E$_$11,1.0,0.3291946351528168,2.002248677968055e-08,4.272600406807214e-08,1.0,vision,0.19230769574642181,0.06329113990068436,0.11702127754688263
589,wMbj6ajWbic$_$7,-1.2000000476837158,0.7631220817565918,2.081465133585425e-08,4.747747794908719e-08,1.0,vision,0.23076923191547394,0.14814814925193787,0.0882352963089943
634,yvsjCA6Y5Fc$_$2,-1.2000000476837158,-0.5075268745422363,1.250508852024268e-08,3.515792101893567e-08,1.0,vision,0.1666666716337204,0.1071428582072258,0.0
645,yvsjCA6Y5Fc$_$15,-2.0,0.02170870080590248,1.0452897214463519e-08,2.4518403307638437e-08,1.0,vision,0.1428571492433548,0.035087719559669495,0.13235294818878174
124,d6hH302o4v8$_$25,-1.600000023841858,-0.10216671228408813,3.6836100836268315e-09,6.622479009621429e-09,1.0,vision,0.4000000059604645,0.07692307978868484,0.25
404,ob23OKe5a9Q$_$2,1.0,-0.05412260815501213,3.1012601375834947e-09,6.532304031026115e-09,1.0,vision,0.2857142984867096,0.0625,0.2631579041481018
301,jUzDDGyPkXU$_$18,-2.4000000953674316,0.8330180644989014,2.542726029730602e-08,3.431775397189085e-08,1.0,vision,0.4285714328289032,0.0833333358168602,0.1034482792019844
347,lXPQBPVc5Cw$_$4,-1.2000000476837158,-0.3212463855743408,2.3106082380763837e-08,5.876803399473829e-08,1.0,vision,0.1785714328289032,0.10256410390138626,0.07446808367967606
88,cXypl4FnoZo$_$7,-1.0,-0.35113033652305603,1.4511275736595053e-08,3.886582788936721e-08,1.0,vision,0.25,0.1818181872367859,0.07407407462596893
647,yvsjCA6Y5Fc$_$17,-0.6000000238418579,0.22607634961605072,1.7822367581743492e-08,4.738583569974253e-08,1.0,vision,0.20000000298023224,0.16326530277729034,0.050847455859184265
411,pLTX3ipuDJI$_$11,0.6000000238418579,0.08151376247406006,1.6769314825637593e-08,3.845173424110726e-08,1.0,vision,0.1764705926179886,0.06382978707551956,0.07017543911933899
95,cXypl4FnoZo$_$12,2.0,0.3361864686012268,1.9871329470788623e-08,4.5244000546063035e-08,1.0,vision,0.20000000298023224,0.095238097012043,0.08163265138864517
570,vyB00TXsimI$_$17,1.399999976158142,-0.5153197050094604,2.049187131092367e-08,5.3853238313195106e-08,1.0,vision,0.15789473056793213,0.08510638028383255,0.07017543911933899
462,rnaNMUZpvvg$_$13,-2.0,0.2575564384460449,6.824558251850021e-09,1.4509559775888192e-08,1.0,vision,0.25,0.05882352963089943,0.095238097012043
164,dq3Nf_lMPnE$_$11,-0.6000000238418579,0.010036405175924301,3.6126742486430885e-08,7.857494921381658e-08,0.9999998807907104,vision,0.22727273404598236,0.1111111119389534,0.06578947603702545
173,dq3Nf_lMPnE$_$5,1.2000000476837158,-0.3060746490955353,1.7750954484085923e-08,4.1293386487950556e-08,1.0,vision,0.3333333432674408,0.2083333283662796,0.19230769574642181
84,cXypl4FnoZo$_$3,1.7999999523162842,0.9703471064567566,4.342025849979336e-09,8.508054705202994e-09,1.0,vision,0.2857142984867096,0.09090909361839294,0.2857142984867096
166,dq3Nf_lMPnE$_$13,-1.2000000476837158,0.7115365266799927,2.3767084300629904e-08,6.08336989671443e-08,0.9999998807907104,vision,0.15000000596046448,0.12903225421905518,0.06951871514320374
270,iiK8YX8oH1E$_$4,-2.0,0.5699771642684937,2.8329660395343126e-08,6.221850412657659e-08,0.9999998807907104,vision,0.23529411852359772,0.13636364042758942,0.07547169923782349
273,iiK8YX8oH1E$_$9,0.4000000059604645,-0.20102377235889435,1.9228169279017493e-08,3.9391153450196725e-08,1.0,vision,0.2857142984867096,0.1034482792019844,0.11764705926179886
189,etzxEpPuc6I$_$1,0.4000000059604645,0.48474767804145813,2.847848179499124e-08,6.014595754777474e-08,0.9999998807907104,vision,0.2222222238779068,0.09589041024446487,0.09195402264595032
291,jUzDDGyPkXU$_$8,1.7999999523162842,0.5874567031860352,1.3312791757869036e-08,2.8268237528550344e-08,1.0,vision,0.1818181872367859,0.0416666679084301,0.06896551698446274
35,cM3Yna7AavY$_$13,-1.600000023841858,-0.4227897524833679,9.316258875458061e-09,2.6736431735230326e-08,1.0,vision,0.20000000298023224,0.1428571492433548,0.0625
631,yvsjCA6Y5Fc$_$23,-1.2000000476837158,0.44394421577453613,2.461323411750982e-08,7.129143853035202e-08,0.9999998807907104,vision,0.07999999821186066,0.11695906519889832,0.11594203114509583
528,v0zCBqDeKcE$_$15,2.4000000953674316,-0.13574770092964172,5.394841018357965e-09,1.5429357347329642e-08,1.0,vision,0.25,0.1818181872367859,0.05000000074505806
42,cM3Yna7AavY$_$2,2.5,-0.3895541727542877,1.064333776668036e-08,3.104368673234603e-08,1.0,vision,0.1428571492433548,0.11538461595773697,0.06666667014360428
165,dq3Nf_lMPnE$_$10,1.0,0.819043755531311,1.026369123025006e-08,2.0542627154895854e-08,1.0,vision,0.20000000298023224,0.03125,0.1315789520740509
542,vvZ4IcEtiZc$_$12,0.20000000298023224,0.23426026105880737,2.925180986323994e-08,5.4065662169477946e-08,1.0,vision,0.2666666805744171,0.0625,0.12195122241973877
244,fvVhgmXxadc$_$10,0.0,-0.31198030710220337,9.0293177379408e-09,2.7996836848842577e-08,1.0,vision,0.125,0.125,0.11864406615495682
188,etzxEpPuc6I$_$18,1.399999976158142,0.7251644134521484,2.4939877718566095e-08,5.052033102970199e-08,1.0,vision,0.20000000298023224,0.06122449040412903,0.03448275849223137
369,nbWiPyCm4g0$_$7,-1.2000000476837158,-0.5501558780670166,1.384350767352771e-08,3.469421372415127e-08,1.0,vision,0.27272728085517883,0.15625,0.07894736528396606
318,k5Y_838nuGo$_$6,2.0,-0.11155124008655548,8.013337549073185e-09,2.06694981130795e-08,1.0,vision,0.2222222238779068,0.125,0.05263157933950424
321,k5Y_838nuGo$_$11,0.5,0.20150496065616608,1.2776148139437282e-08,2.0306631043354173e-08,1.0,vision,0.375,0.05882352963089943,0.19512194395065308
148,d6hH302o4v8$_$13,-2.0,-0.388661652803421,1.0337187994480246e-08,2.4448635116414152e-08,1.0,vision,0.1666666716337204,0.02631578966975212,0.06060606241226196
250,fvVhgmXxadc$_$2,-2.799999952316284,-0.3327869176864624,1.4192219843778275e-08,2.9498052001031283e-08,1.0,vision,0.23529411852359772,0.04651162773370743,0.17307692766189575
661,zhpQhgha_KU$_$1,-1.600000023841858,-0.43065693974494934,2.2659387255430374e-08,5.452588425214344e-08,1.0,vision,0.2222222238779068,0.11538461595773697,0.0625
309,k5Y_838nuGo$_$23,-0.20000000298023224,-0.04235818609595299,3.813560134346972e-09,7.827574144414484e-09,1.0,vision,0.3333333432674408,0.09090909361839294,0.1428571492433548
237,f_pcplsH_V0$_$5,1.2000000476837158,0.5234166383743286,2.1568274277683486e-08,5.185262352824793e-08,1.0,vision,0.15789473056793213,0.09677419066429138,0.0803571417927742
354,lXPQBPVc5Cw$_$13,2.799999952316284,-0.12287890911102295,5.888436405143693e-09,1.945463878882947e-08,1.0,vision,0.25,0.25,0.1111111119389534
393,nzpVDcQ0ywM$_$17,1.600000023841858,-0.2611654996871948,5.5331406123571014e-09,1.4494733413528138e-08,1.0,vision,0.25,0.1304347813129425,0.1111111119389534
652,zhpQhgha_KU$_$25,1.0,0.22727049887180328,1.6380509393343345e-08,3.5667124365090785e-08,1.0,vision,0.25,0.11764705926179886,0.18918919563293457
168,dq3Nf_lMPnE$_$15,1.0,0.44048622250556946,1.1160230073414823e-08,3.110835322672756e-08,1.0,vision,0.11764705926179886,0.11864406615495682,0.25
494,tStelxIAHjw$_$16,0.800000011920929,0.8629605174064636,1.7421470488443447e-08,2.2347947492562525e-08,1.0,vision,0.5,0.1111111119389534,0.09090909361839294
240,f_pcplsH_V0$_$6,1.600000023841858,0.6579264402389526,1.4993718266964606e-08,2.8420153341812693e-08,1.0,vision,0.3333333432674408,0.13333334028720856,0.1111111119389534
285,jUzDDGyPkXU$_$2,2.5999999046325684,0.936998724937439,2.5984121521105408e-08,3.989214292232646e-08,1.0,vision,0.4444444477558136,0.1599999964237213,0.032258063554763794
0,c7UH_rxdZv4$_$24,-1.7999999523162842,0.4716281592845917,6.583185996333896e-09,1.3238699914097651e-08,1.0,vision,0.2857142984867096,0.06060606241226196,0.07692307978868484
194,etzxEpPuc6I$_$7,-1.2000000476837158,0.8232144713401794,1.5507986006468855e-08,4.8013220066422946e-08,1.0,vision,0.0833333358168602,0.1527777761220932,0.09677419066429138
514,tmZoasNr4rU$_$20,-1.0,0.12797075510025024,2.1603023370175833e-08,4.4985167590994024e-08,1.0,vision,0.30000001192092896,0.12820513546466827,0.0625
71,cW1FSBF59ik$_$19,0.20000000298023224,1.1011162996292114,1.217611877990521e-08,2.807501608970142e-08,1.0,vision,0.20000000298023224,0.125,0.06896551698446274
290,jUzDDGyPkXU$_$9,2.799999952316284,0.9334478378295898,9.453137828074887e-09,1.1477437666940205e-08,1.0,vision,0.4285714328289032,0.0,0.1071428582072258
110,d3_k5Xpfmik$_$19,0.20000000298023224,0.7561853528022766,3.183622254709917e-08,6.866277146855282e-08,0.9999998807907104,vision,0.1764705926179886,0.09259258955717087,0.10852713137865067
223,f9O3YtZ2VfI$_$17,-2.0,-0.6505865454673767,2.1624707358114392e-08,5.319294871242164e-08,1.0,vision,0.1764705926179886,0.06849315017461777,0.017543859779834747
331,k5Y_838nuGo$_$31,-1.0,-0.11052443087100983,1.042810549023443e-08,3.039694362882983e-08,1.0,vision,0.1538461595773697,0.1304347813129425,0.03703703731298447
361,lXPQBPVc5Cw$_$18,-1.399999976158142,-0.3441495895385742,8.806067874900236e-09,2.2626089446475817e-08,1.0,vision,0.1818181872367859,0.07999999821186066,0.03333333507180214
336,lXPQBPVc5Cw$_$27,-2.799999952316284,-0.2265181690454483,1.23218102388023e-08,4.313155343993458e-08,1.0,vision,0.125,0.19354838132858276,0.10526315867900848
249,fvVhgmXxadc$_$3,-2.200000047683716,-0.19874034821987152,6.517121065030551e-09,1.656433923358236e-08,1.0,vision,0.20000000298023224,0.09090909361839294,0.1538461595773697
612,yDtzw_Y-7RU$_$5,0.5,0.5105112791061401,2.2118193498954497e-08,5.4701093432640846e-08,1.0,vision,0.21052631735801697,0.1538461595773697,0.07692307978868484
390,nzpVDcQ0ywM$_$12,-1.399999976158142,0.3255493938922882,1.5157413102429018e-08,4.5516220126273765e-08,1.0,vision,0.13333334028720856,0.1538461595773697,0.06382978707551956
23,c7UH_rxdZv4$_$15,-2.4000000953674316,0.11513274908065796,9.01764884986278e-09,1.0298596642144275e-08,1.0,vision,0.6666666865348816,0.125,0.0
116,d3_k5Xpfmik$_$4,-1.0,-0.2809903919696808,2.192853543192541e-08,4.735773373454322e-08,1.0,vision,0.3333333432674408,0.1702127605676651,0.125
664,zhpQhgha_KU$_$5,-2.200000047683716,0.12774860858917236,1.895770296300725e-08,4.997281521923469e-08,1.0,vision,0.17391304671764374,0.1388888955116272,0.11627907305955887
204,f9O3YtZ2VfI$_$22,1.399999976158142,-0.3036506772041321,1.72712635304606e-08,3.726528419178976e-08,1.0,vision,0.27272728085517883,0.1034482792019844,0.05882352963089943
131,d6hH302o4v8$_$28,-1.0,-0.5000671148300171,1.3955251176867023e-08,4.0182172256209014e-08,1.0,vision,0.1428571492433548,0.1041666641831398,0.12068965286016464
353,lXPQBPVc5Cw$_$10,-2.200000047683716,0.12824882566928864,2.7334102981058095e-08,7.22091542115777e-08,0.9999998807907104,vision,0.12244898080825806,0.09868421405553818,0.1147540956735611
573,vyB00TXsimI$_$18,2.4000000953674316,0.9242476224899292,7.743067520493696e-09,1.4444476725827826e-08,1.0,vision,0.375,0.1666666716337204,0.22727273404598236
425,pLTX3ipuDJI$_$9,0.0,0.2501636743545532,2.726854120282951e-08,6.034612454186572e-08,0.9999998807907104,vision,0.1875,0.07575757801532745,0.06410256773233414
509,tmZoasNr4rU$_$14,-2.0,0.30191537737846375,1.911349833960685e-08,4.2060385396780475e-08,1.0,vision,0.2222222238779068,0.10000000149011612,0.1860465109348297
540,vvZ4IcEtiZc$_$11,1.600000023841858,0.06788337230682373,1.5887016147075883e-08,3.368635503875339e-08,1.0,vision,0.3333333432674408,0.1666666716337204,0.10000000149011612
531,v0zCBqDeKcE$_$1,2.5999999046325684,0.535440981388092,1.0749590551029087e-08,2.193585757481742e-08,1.0,vision,0.20000000298023224,0.03030303120613098,0.10256410390138626
508,tmZoasNr4rU$_$15,0.25,-0.011541374027729034,1.997876708514923e-08,4.402051700935772e-08,1.0,vision,0.25,0.11538461595773697,0.0625
500,tStelxIAHjw$_$7,1.399999976158142,0.20535458624362946,1.1253468379379683e-08,1.4284936789010771e-08,1.0,vision,0.5,0.05882352963089943,0.10000000149011612
409,ob23OKe5a9Q$_$9,-1.399999976158142,0.17732204496860504,2.0059143679418412e-08,4.942718234701715e-08,1.0,vision,0.1599999964237213,0.09271523356437683,0.16455696523189545
467,rnaNMUZpvvg$_$16,-1.7999999523162842,-0.44714680314064026,1.3055348802026856e-08,3.059430042640088e-08,1.0,vision,0.30000001192092896,0.1428571492433548,0.0
259,iiK8YX8oH1E$_$13,-2.0,-0.3777313232421875,1.1992263182492024e-08,2.4664933206963724e-08,1.0,vision,0.27272728085517883,0.06666667014360428,0.0555555559694767
588,wMbj6ajWbic$_$4,1.0,-0.48161765933036804,1.9288076913426266e-08,5.735961394748301e-08,1.0,vision,0.30000001192092896,0.2666666805744171,0.0
99,cXypl4FnoZo$_$16,-0.6000000238418579,0.20785273611545563,2.4896813499708514e-08,6.691502818512163e-08,0.9999998807907104,vision,0.13793103396892548,0.125,0.1034482792019844
268,iiK8YX8oH1E$_$2,1.2000000476837158,-0.4126662611961365,1.0377942949446606e-08,2.37856365714606e-08,1.0,vision,0.2142857164144516,0.06666667014360428,0.15789473056793213
76,cXypl4FnoZo$_$27,0.800000011920929,0.5767313241958618,1.4400930226088349e-08,3.997707054281818e-08,1.0,vision,0.1428571492433548,0.15000000596046448,0.0833333358168602
414,pLTX3ipuDJI$_$12,-2.0,0.5156164169311523,2.4426169531466257e-08,5.907653388703693e-08,1.0,vision,0.1944444477558136,0.13636364042758942,0.13793103396892548
196,etzxEpPuc6I$_$9,-2.799999952316284,0.7504817247390747,2.4390274688812497e-08,4.622840776846715e-08,1.0,vision,0.2857142984867096,0.1111111119389534,0.13333334028720856
484,tIrG4oNLFzE$_$7,-1.399999976158142,0.5730830430984497,3.459865638433257e-08,5.5259402387264345e-08,1.0,vision,0.3571428656578064,0.09433962404727936,0.0793650820851326
293,jUzDDGyPkXU$_$10,2.4000000953674316,0.7439964413642883,1.886043321519537e-08,4.723676028106638e-08,1.0,vision,0.1428571492433548,0.11864406615495682,0.09433962404727936
672,zhpQhgha_KU$_$13,-1.0,-0.11646240949630737,4.220380933617207e-09,1.0895218061079959e-08,1.0,vision,0.25,0.125,0.21052631735801697
511,tmZoasNr4rU$_$16,-1.399999976158142,-0.10389068722724915,3.32787202239615e-08,8.20581291804956e-08,0.9999998807907104,vision,0.2666666805744171,0.1875,0.02631578966975212
81,cXypl4FnoZo$_$28,-2.200000047683716,0.11468638479709625,1.8921976874253232e-08,4.371153394799876e-08,1.0,vision,0.27272728085517883,0.1599999964237213,0.06666667014360428
677,zhpQhgha_KU$_$16,1.7999999523162842,0.12315402925014496,1.2917161562597812e-08,3.9874112900406544e-08,1.0,vision,0.125,0.15217390656471252,0.09090909361839294
311,k5Y_838nuGo$_$29,-0.75,-0.022511105984449387,2.150813216417191e-08,4.700568823068352e-08,1.0,vision,0.2666666805744171,0.125,0.10526315867900848
292,jUzDDGyPkXU$_$11,2.4000000953674316,0.6041572093963623,2.3414237659835635e-08,5.4234636337469055e-08,1.0,vision,0.1304347813129425,0.0625,0.07692307978868484
635,yvsjCA6Y5Fc$_$5,0.4000000059604645,-0.4396475553512573,1.1921633458200631e-08,2.662366505035152e-08,1.0,vision,0.375,0.1875,0.0555555559694767
667,zhpQhgha_KU$_$6,1.0,0.041830528527498245,1.1558942247802406e-08,2.838607571220564e-08,1.0,vision,0.30000001192092896,0.20000000298023224,0.1666666716337204
683,zhpQhgha_KU$_$34,1.2000000476837158,0.5885942578315735,1.000551197449795e-08,1.5207977099862546e-08,1.0,vision,0.375,0.0555555559694767,0.27272728085517883
286,jUzDDGyPkXU$_$5,-1.2000000476837158,0.48640716075897217,1.8472194440732892e-08,4.071208792311154e-08,1.0,vision,0.1875,0.06976744532585144,0.11538461595773697
457,rnaNMUZpvvg$_$6,-2.5999999046325684,-0.22662176191806793,1.608587929524674e-08,3.216791100157934e-08,1.0,vision,0.30000001192092896,0.0833333358168602,0.0714285746216774
305,k5Y_838nuGo$_$27,-0.800000011920929,0.33546388149261475,2.4780648644195935e-08,6.096751548057e-08,0.9999998807907104,vision,0.1515151560306549,0.09677419066429138,0.1339285671710968
298,jUzDDGyPkXU$_$17,-2.799999952316284,1.3027900457382202,9.347763452183244e-09,2.3789855418954176e-08,1.0,vision,0.2857142984867096,0.2380952388048172,0.03846153989434242
304,k5Y_838nuGo$_$26,2.0,0.12587155401706696,5.219761511909837e-09,1.078767031259531e-08,1.0,vision,0.3333333432674408,0.10000000149011612,0.1666666716337204
169,dq3Nf_lMPnE$_$14,-1.7999999523162842,0.9113145470619202,2.3656960834728125e-08,4.673926667919659e-08,1.0,vision,0.20000000298023224,0.0625,0.0517241396009922
115,d3_k5Xpfmik$_$5,2.200000047683716,0.09236957132816315,1.7872475055469295e-08,4.785587393030255e-08,1.0,vision,0.23076923191547394,0.1818181872367859,0.07500000298023224
161,d6hH302o4v8$_$34,-3.0,0.851512610912323,1.6962035331857805e-08,1.4433185313578178e-08,1.0,vision,0.6000000238418579,0.0,0.09090909361839294
277,jUzDDGyPkXU$_$26,-2.0,0.6137232780456543,3.924671432287141e-08,5.54322063806012e-08,1.0,vision,0.36000001430511475,0.04444444552063942,0.09090909361839294
443,phBUpBr1hSo$_$7,-1.0,0.788837194442749,3.3381898134621224e-08,7.68228645142699e-08,0.9999998807907104,vision,0.1666666716337204,0.10833333432674408,0.0972222238779068
592,wMbj6ajWbic$_$8,-0.20000000298023224,0.9020558595657349,1.8953727476400672e-08,2.536269505526434e-08,1.0,vision,0.5,0.125,0.0714285746216774
130,d6hH302o4v8$_$23,-2.5999999046325684,0.060294054448604584,9.596857530880243e-09,2.4083462335511285e-08,1.0,vision,0.2222222238779068,0.11764705926179886,0.10000000149011612
367,nbWiPyCm4g0$_$5,-1.399999976158142,-0.5080655813217163,2.3324822961967584e-08,5.4230287815926204e-08,1.0,vision,0.1944444477558136,0.07407407462596893,0.1041666641831398
472,tIrG4oNLFzE$_$13,-2.0,0.6565039157867432,3.5250781849072155e-08,8.301558551693233e-08,0.9999998807907104,vision,0.18000000715255737,0.1269230842590332,0.10144927352666855
90,cXypl4FnoZo$_$9,1.2000000476837158,-0.40500348806381226,3.1921352672270586e-08,5.0057241907097705e-08,1.0,vision,0.3684210479259491,0.040816325694322586,0.0517241396009922
359,lXPQBPVc5Cw$_$16,0.20000000298023224,0.21699495613574982,1.7243943162270625e-08,4.31490789765121e-08,1.0,vision,0.15000000596046448,0.0833333358168602,0.1111111119389534
474,tIrG4oNLFzE$_$15,-2.0,0.8347375392913818,3.392104375166127e-08,6.710188671377182e-08,0.9999998807907104,vision,0.25,0.11267605423927307,0.0714285746216774
491,tStelxIAHjw$_$12,-1.0,0.7419717311859131,3.135622606009747e-08,2.1162364305382653e-08,1.0,vision,0.75,0.03448275849223137,0.05882352963089943
329,k5Y_838nuGo$_$19,-0.6000000238418579,0.43562838435173035,1.6801747548811363e-08,5.141819769960421e-08,1.0,vision,0.15789473056793213,0.20000000298023224,0.1428571492433548
220,f9O3YtZ2VfI$_$12,-1.7999999523162842,0.03097771853208542,3.898171740956968e-08,6.375705652317265e-08,0.9999998807907104,vision,0.4166666567325592,0.1428571492433548,0.03999999910593033
54,cW1FSBF59ik$_$1,-2.5999999046325684,-0.11018690466880798,1.8889954489509364e-08,4.647693074844028e-08,1.0,vision,0.13636364042758942,0.05797101557254791,0.10843373835086823
254,fvVhgmXxadc$_$6,-0.20000000298023224,-0.3949774205684662,1.9540991047506395e-08,5.880828979343278e-08,1.0,vision,0.1599999964237213,0.1666666716337204,0.1527777761220932
41,cM3Yna7AavY$_$3,1.0,-0.5128380060195923,1.6933782376327144e-08,4.141288201253701e-08,1.0,vision,0.25,0.12765957415103912,0.1034482792019844
241,f_pcplsH_V0$_$9,-2.4000000953674316,-0.15761761367321014,9.281779789205302e-09,1.1163209912012917e-08,1.0,vision,0.5,0.0,0.0
2,c7UH_rxdZv4$_$26,-2.5999999046325684,0.04676252603530884,2.4105476725821973e-08,3.695082284593809e-08,1.0,vision,0.4545454680919647,0.12195122241973877,0.07999999821186066
566,vyB00TXsimI$_$13,2.4000000953674316,0.02862315997481346,8.21570722564502e-09,1.5939859210334362e-08,1.0,vision,0.2222222238779068,0.0,0.095238097012043
297,jUzDDGyPkXU$_$14,0.800000011920929,0.3385889232158661,1.707392272010111e-08,3.483465249587425e-08,1.0,vision,0.23076923191547394,0.0714285746216774,0.11428571492433548
274,iiK8YX8oH1E$_$8,-1.0,0.07708495855331421,8.938757289911337e-09,2.4205869308957517e-08,1.0,vision,0.1666666716337204,0.125,0.15789473056793213
62,cW1FSBF59ik$_$8,1.7999999523162842,0.7638224959373474,1.3743377103025978e-08,2.1625904622624148e-08,1.0,vision,0.4285714328289032,0.11999999731779099,0.09677419066429138
362,lXPQBPVc5Cw$_$30,-2.0,-0.4716797173023224,1.7151442932572536e-08,4.1894729463365366e-08,1.0,vision,0.190476194024086,0.07692307978868484,0.09259258955717087
384,nzpVDcQ0ywM$_$6,-1.399999976158142,-0.20379222929477692,1.7936677920715738e-08,2.7294563054169885e-08,1.0,vision,0.3636363744735718,0.021276595070958138,0.1071428582072258
74,cXypl4FnoZo$_$25,-1.2000000476837158,-0.4658842980861664,3.318693586606969e-08,6.84936480865872e-08,0.9999998807907104,vision,0.2857142984867096,0.10204081982374191,0.033898305147886276
82,cXypl4FnoZo$_$29,-1.399999976158142,-0.08436721563339233,4.88323070868546e-09,9.161019498549194e-09,1.0,vision,0.2857142984867096,0.0,0.0
53,cW1FSBF59ik$_$23,1.399999976158142,0.620213508605957,2.91683512898544e-08,5.6330485165290156e-08,1.0,vision,0.2380952388048172,0.07526881992816925,0.0892857164144516
613,yDtzw_Y-7RU$_$4,-1.0,0.8384541869163513,1.9855116661915417e-08,4.392674668451946e-08,1.0,vision,0.1666666716337204,0.078125,0.1184210553765297
567,vyB00TXsimI$_$12,0.20000000298023224,-0.21143092215061188,1.2495980250548655e-08,2.5085338251074063e-08,1.0,vision,0.30000001192092896,0.09677419066429138,0.1621621549129486
21,c7UH_rxdZv4$_$13,-2.5999999046325684,0.7683677077293396,1.303812791064729e-08,2.134067322856481e-08,1.0,vision,0.3333333432674408,0.0625,0.10810811072587967
45,cM3Yna7AavY$_$7,3.0,0.6869231462478638,1.4403347847746772e-08,4.083722160430625e-08,1.0,vision,0.1111111119389534,0.12162162363529205,0.07500000298023224
67,cW1FSBF59ik$_$15,-2.5999999046325684,0.7992666363716125,2.275544908059146e-08,5.158922888881534e-08,1.0,vision,0.1666666716337204,0.08510638028383255,0.07079645991325378
296,jUzDDGyPkXU$_$15,1.3333333730697632,0.5212190747261047,2.4906791296075426e-08,4.650025076102793e-08,1.0,vision,0.29411765933036804,0.11363636702299118,0.15094339847564697
479,tIrG4oNLFzE$_$1,2.799999952316284,0.8677433729171753,2.2650917586020114e-08,4.117698537697834e-08,1.0,vision,0.25,0.060975611209869385,0.11224489659070969
356,lXPQBPVc5Cw$_$15,-2.799999952316284,-0.298321396112442,1.754277789700609e-08,3.91033978530686e-08,1.0,vision,0.25,0.10000000149011612,0.0833333358168602
376,nzpVDcQ0ywM$_$22,2.0,-0.35034462809562683,1.1449603043445222e-08,1.8589112471545377e-08,1.0,vision,0.3333333432674408,0.0,0.0
579,wMbj6ajWbic$_$21,1.600000023841858,0.8718587160110474,1.5550432053146324e-08,3.585196495237142e-08,1.0,vision,0.11764705926179886,0.05128205195069313,0.1489361673593521
498,tStelxIAHjw$_$5,-2.200000047683716,0.40803155303001404,5.3585580417347956e-09,1.1898916518759961e-08,1.0,vision,0.2857142984867096,0.11999999731779099,0.10000000149011612
349,lXPQBPVc5Cw$_$6,-1.399999976158142,-0.422891229391098,1.5303243117159582e-08,4.279018739339335e-08,1.0,vision,0.125,0.07999999821186066,0.11999999731779099
385,nzpVDcQ0ywM$_$9,-2.200000047683716,-0.421772301197052,1.8267856560783002e-08,5.396593039108666e-08,1.0,vision,0.11999999731779099,0.11224489659070969,0.12820513546466827
228,f_pcplsH_V0$_$11,-0.4000000059604645,0.23511680960655212,1.6146222137081168e-08,4.103742057282034e-08,1.0,vision,0.2142857164144516,0.15000000596046448,0.12765957415103912
326,k5Y_838nuGo$_$14,-1.7999999523162842,-0.04419020935893059,1.9972329567963243e-08,4.026334110562857e-08,1.0,vision,0.21052631735801697,0.040816325694322586,0.15000000596046448
569,vyB00TXsimI$_$14,2.0,0.2329641580581665,1.0136378847391825e-08,2.0452160853778878e-08,1.0,vision,0.1818181872367859,0.0,0.10000000149011612
433,phBUpBr1hSo$_$17,2.0,0.24429108202457428,1.813707228848216e-08,5.587112283933493e-08,1.0,vision,0.10000000149011612,0.14705882966518402,0.08641975373029709
480,tIrG4oNLFzE$_$3,2.5999999046325684,0.8452705144882202,1.1486066320287591e-08,2.470872395576862e-08,1.0,vision,0.1428571492433548,0.025641025975346565,0.12765957415103912
5,c7UH_rxdZv4$_$21,-0.800000011920929,0.06994859874248505,1.9660848948888088e-08,5.1643276322010934e-08,1.0,vision,0.21052631735801697,0.16304348409175873,0.09195402264595032
261,iiK8YX8oH1E$_$15,0.6000000238418579,-0.3176448941230774,1.322673615078429e-08,2.9540222712398645e-08,1.0,vision,0.1875,0.0357142873108387,0.1111111119389534
181,etzxEpPuc6I$_$13,-2.200000047683716,0.7249366044998169,2.7538609614907728e-08,7.122578438156779e-08,0.9999998807907104,vision,0.1944444477558136,0.1818181872367859,0.07619047909975052
422,pLTX3ipuDJI$_$4,-2.200000047683716,0.5780572891235352,2.2767778773413738e-08,5.128342905891259e-08,1.0,vision,0.1388888955116272,0.049504950642585754,0.11864406615495682
209,f9O3YtZ2VfI$_$3,0.6000000238418579,0.7319890260696411,3.771527445906031e-08,4.273244158525813e-08,1.0,vision,0.4166666567325592,0.0,0.06818182021379471
364,nbWiPyCm4g0$_$1,1.2000000476837158,-0.4238675534725189,1.3011422161923747e-08,3.0764759628709726e-08,1.0,vision,0.30000001192092896,0.15625,0.12820513546466827
382,nzpVDcQ0ywM$_$4,-1.600000023841858,0.38581764698028564,2.2262685916984992e-08,6.518789774645484e-08,0.9999998807907104,vision,0.10000000149011612,0.1388888955116272,0.11627907305955887
46,cM3Yna7AavY$_$6,2.799999952316284,-0.40631693601608276,9.893811103722783e-09,2.7678158431854172e-08,1.0,vision,0.13333334028720856,0.0803571417927742,0.10370370000600815
524,v0zCBqDeKcE$_$11,1.600000023841858,0.36427056789398193,2.5647716839216628e-08,5.523305546262236e-08,1.0,vision,0.1875,0.06306306272745132,0.058139536529779434
405,ob23OKe5a9Q$_$5,-1.7999999523162842,-0.07755862176418304,2.42098856517714e-08,5.403473579690399e-08,1.0,vision,0.2083333283662796,0.08695652335882187,0.07246376574039459
198,f9O3YtZ2VfI$_$24,-2.5999999046325684,0.424950510263443,2.574441460012622e-08,6.447244516039063e-08,0.9999998807907104,vision,0.11999999731779099,0.08064515888690948,0.1317204236984253
378,nzpVDcQ0ywM$_$1,0.0,-0.3103061020374298,1.2460969145422496e-08,3.6213258169937035e-08,1.0,vision,0.13333334028720856,0.1041666641831398,0.07017543911933899
373,nzpVDcQ0ywM$_$24,1.600000023841858,0.24979034066200256,1.792775172759775e-08,3.2746104494663086e-08,1.0,vision,0.3333333432674408,0.1071428582072258,0.06060606241226196
606,yDtzw_Y-7RU$_$21,0.20000000298023224,-0.22114644944667816,1.0563854679901397e-08,2.616390126775059e-08,1.0,vision,0.13333334028720856,0.03448275849223137,0.1428571492433548
486,tIrG4oNLFzE$_$9,-1.0,0.6092238426208496,3.1724688653866906e-08,6.062069246581814e-08,0.9999998807907104,vision,0.2083333283662796,0.05747126415371895,0.11538461595773697
666,zhpQhgha_KU$_$7,1.0,0.10166148841381073,4.5890420352634465e-09,1.1511045450163238e-08,1.0,vision,0.2857142984867096,0.1538461595773697,0.125
102,d3_k5Xpfmik$_$11,2.4000000953674316,0.8979573249816895,3.545293481010958e-08,4.760932981184851e-08,1.0,vision,0.375,0.050847455859184265,0.1428571492433548
553,vyB00TXsimI$_$21,1.2000000476837158,0.5053846836090088,1.1668235266881766e-08,3.110099555669876e-08,1.0,vision,0.1818181872367859,0.1428571492433548,0.0714285746216774
403,ob23OKe5a9Q$_$3,-1.2000000476837158,0.7197490930557251,1.8752499997276573e-08,4.316126123171671e-08,1.0,vision,0.30000001192092896,0.21052631735801697,0.1111111119389534
333,lXPQBPVc5Cw$_$24,-1.399999976158142,0.12208910286426544,4.075907167333526e-09,9.976221626573079e-09,1.0,vision,0.2857142984867096,0.1428571492433548,0.20000000298023224
238,f_pcplsH_V0$_$4,0.5,0.4170965254306793,1.8399477497155203e-08,5.049017914871001e-08,1.0,vision,0.125,0.11999999731779099,0.12222222238779068
85,cXypl4FnoZo$_$2,1.0,0.38519158959388733,2.470368087870156e-08,4.0963207936783874e-08,1.0,vision,0.2857142984867096,0.032258063554763794,0.054054055362939835
656,zhpQhgha_KU$_$21,0.6000000238418579,-0.6295914649963379,1.656045256481775e-08,6.283124065475931e-08,0.9999998807907104,vision,0.15789473056793213,0.25806450843811035,0.027027027681469917
471,tIrG4oNLFzE$_$10,-1.7999999523162842,0.7416930794715881,1.4385501678759738e-08,3.153141037159912e-08,1.0,vision,0.13333334028720856,0.03703703731298447,0.125
278,jUzDDGyPkXU$_$27,-2.0,0.9403151869773865,2.0608913686714914e-08,4.636899930687832e-08,1.0,vision,0.25,0.1666666716337204,0.14000000059604645
383,nzpVDcQ0ywM$_$7,-1.0,0.047059472650289536,1.5031430322665074e-08,1.989571707383675e-08,1.0,vision,0.5,0.09090909361839294,0.1111111119389534
294,jUzDDGyPkXU$_$13,-0.6000000238418579,0.29301100969314575,1.8409480162517866e-08,4.3962117501905595e-08,1.0,vision,0.20000000298023224,0.11764705926179886,0.09836065769195557
174,dq3Nf_lMPnE$_$4,-0.4000000059604645,0.8967527151107788,1.8229219023169208e-08,4.92560872089598e-08,1.0,vision,0.07407407462596893,0.095238097012043,0.13725490868091583
252,fvVhgmXxadc$_$4,-2.799999952316284,-0.3369390666484833,7.983481431494965e-09,2.243584162897605e-08,1.0,vision,0.1818181872367859,0.125,0.07894736528396606
637,yvsjCA6Y5Fc$_$7,-1.7999999523162842,0.22282636165618896,2.726682879483633e-08,4.840493161850645e-08,1.0,vision,0.4000000059604645,0.1666666716337204,0.0714285746216774
75,cXypl4FnoZo$_$26,0.6000000238418579,0.4557396471500397,9.998148087220216e-09,1.4404968773362725e-08,1.0,vision,0.4285714328289032,0.06666667014360428,0.1111111119389534
271,iiK8YX8oH1E$_$7,-1.600000023841858,0.31122907996177673,1.1157739621125984e-08,3.218153210582386e-08,1.0,vision,0.1818181872367859,0.17499999701976776,0.1702127605676651
222,f9O3YtZ2VfI$_$14,1.2000000476837158,-0.12039431929588318,9.044227589072307e-09,2.2095928642329454e-08,1.0,vision,0.2222222238779068,0.10000000149011612,0.0833333358168602
442,phBUpBr1hSo$_$4,-0.800000011920929,0.3306504189968109,4.1600504374628144e-08,6.598374113764294e-08,0.9999998807907104,vision,0.25,0.0,0.0535714291036129
210,f9O3YtZ2VfI$_$2,1.25,-0.1643894463777542,5.902638378074698e-09,1.5184355106612202e-08,1.0,vision,0.2857142984867096,0.1538461595773697,0.032258063554763794
233,f_pcplsH_V0$_$14,-1.0,0.4371317923069,1.8995709893943058e-08,4.885040283397757e-08,1.0,vision,0.13333334028720856,0.09677419066429138,0.1339285671710968
431,phBUpBr1hSo$_$15,-2.200000047683716,0.7041738033294678,3.034422491055011e-08,6.776943450859108e-08,0.9999998807907104,vision,0.1599999964237213,0.08074533939361572,0.10309278219938278
389,nzpVDcQ0ywM$_$13,-1.0,-0.13515619933605194,2.1682362572050806e-08,3.746333376852817e-08,1.0,vision,0.29411765933036804,0.0357142873108387,0.0882352963089943
205,f9O3YtZ2VfI$_$23,1.600000023841858,-0.31434887647628784,2.252120445689343e-08,3.954064808908697e-08,1.0,vision,0.3333333432674408,0.07407407462596893,0.09375
138,d6hH302o4v8$_$5,-1.3333333730697632,-0.1827518492937088,5.809419612035072e-09,8.069873658200777e-09,1.0,vision,0.4285714328289032,0.0,0.1666666716337204
255,fvVhgmXxadc$_$9,-0.4000000059604645,-0.29641664028167725,8.780858706813888e-09,2.1412391859598756e-08,1.0,vision,0.1538461595773697,0.03030303120613098,0.10000000149011612
576,wMbj6ajWbic$_$26,1.7999999523162842,0.9045374989509583,2.457753822682207e-08,3.29099663076704e-08,1.0,vision,0.3333333432674408,0.0,0.0833333358168602
327,k5Y_838nuGo$_$17,0.800000011920929,-0.06683072447776794,5.11197217889503e-09,1.3788616470833404e-08,1.0,vision,0.25,0.15789473056793213,0.0833333358168602
437,phBUpBr1hSo$_$20,-1.25,0.6845340728759766,2.790151576448352e-08,6.670057217661451e-08,0.9999998807907104,vision,0.1666666716337204,0.125,0.13793103396892548
256,fvVhgmXxadc$_$8,-0.5,-0.0685640424489975,2.8697781928599397e-09,8.041248555912262e-09,1.0,vision,0.2857142984867096,0.20000000298023224,0.25
464,rnaNMUZpvvg$_$15,-1.600000023841858,0.29715511202812195,2.508729757266792e-08,6.958978104876223e-08,0.9999998807907104,vision,0.1315789520740509,0.1358024626970291,0.09090909361839294
684,zhpQhgha_KU$_$33,-0.4000000059604645,0.391414076089859,1.0432879449240318e-08,2.994441317127894e-08,1.0,vision,0.125,0.11764705926179886,0.14754098653793335
626,yDtzw_Y-7RU$_$19,-1.600000023841858,-0.36566802859306335,1.9449183596975672e-08,2.9398522727319687e-08,1.0,vision,0.4444444477558136,0.0833333358168602,0.1071428582072258
339,lXPQBPVc5Cw$_$22,2.5999999046325684,-0.2731764316558838,1.182795550391802e-08,3.121307656783756e-08,1.0,vision,0.1538461595773697,0.07894736528396606,0.06666667014360428
575,wMbj6ajWbic$_$25,2.0,0.7961879968643188,1.1786270626146234e-08,2.7852070871858814e-08,1.0,vision,0.1666666716337204,0.08695652335882187,0.14814814925193787
582,wMbj6ajWbic$_$28,2.4000000953674316,0.6734352111816406,1.7020239440057594e-08,3.570469786495778e-08,1.0,vision,0.21052631735801697,0.07999999821186066,0.1666666716337204
654,zhpQhgha_KU$_$27,0.800000011920929,-0.1977420151233673,6.963555954087042e-09,1.4614603749407706e-08,1.0,vision,0.20000000298023224,0.0,0.0714285746216774
609,yDtzw_Y-7RU$_$1,0.800000011920929,-0.31620457768440247,1.196792798197066e-08,3.64462238167107e-08,1.0,vision,0.11764705926179886,0.1111111119389534,0.07692307978868484
231,f_pcplsH_V0$_$12,-0.800000011920929,-0.14981883764266968,2.3980325281058867e-08,6.411216446622348e-08,0.9999998807907104,vision,0.14000000059604645,0.10334346443414688,0.10126582533121109
92,cXypl4FnoZo$_$11,1.399999976158142,-0.06887370347976685,2.10145465473488e-08,5.1033339332207106e-08,1.0,vision,0.12903225421905518,0.0517241396009922,0.10204081982374191
458,rnaNMUZpvvg$_$9,-1.399999976158142,-0.0854240357875824,2.1680419237668502e-08,5.753196674618266e-08,1.0,vision,0.20000000298023224,0.1551724076271057,0.10144927352666855
427,phBUpBr1hSo$_$11,2.0,1.0263466835021973,1.0727858601455864e-08,2.2693296131137686e-08,1.0,vision,0.2222222238779068,0.095238097012043,0.1599999964237213
497,tStelxIAHjw$_$2,-2.0,0.06435249745845795,1.98196250522642e-08,4.4200394455629066e-08,1.0,vision,0.20000000298023224,0.07407407462596893,0.15079365670681
18,c7UH_rxdZv4$_$8,-2.799999952316284,0.3121833801269531,1.6371888733601736e-08,4.134760800411641e-08,1.0,vision,0.15000000596046448,0.08988764137029648,0.1230769231915474
452,rnaNMUZpvvg$_$3,-0.800000011920929,-0.4366190731525421,1.505211599805989e-08,2.941815502310874e-08,1.0,vision,0.27272728085517883,0.04545454680919647,0.0
357,lXPQBPVc5Cw$_$14,-2.200000047683716,-0.14632421731948853,1.4585753937979007e-08,3.2511298542203804e-08,1.0,vision,0.27272728085517883,0.1111111119389534,0.07999999821186066
520,tmZoasNr4rU$_$7,-1.0,0.6679278612136841,2.7809869962425182e-08,5.731936880692956e-08,1.0,vision,0.27586206793785095,0.1428571492433548,0.1195652186870575
608,yDtzw_Y-7RU$_$23,2.200000047683716,0.7583146095275879,1.1342055294960574e-08,2.764360118590048e-08,1.0,vision,0.1666666716337204,0.09375,0.1315789520740509
436,phBUpBr1hSo$_$18,0.800000011920929,0.7482215166091919,5.9347438075008085e-09,1.0467601008201655e-08,1.0,vision,0.25,0.0,0.1764705926179886
269,iiK8YX8oH1E$_$5,-0.4000000059604645,-0.1392042189836502,1.8955210734361572e-08,5.644028888696084e-08,1.0,vision,0.08571428805589676,0.09917355328798294,0.07500000298023224
419,pLTX3ipuDJI$_$3,-1.2000000476837158,0.6137946844100952,1.6252787560233628e-08,3.741363485687543e-08,1.0,vision,0.21739129722118378,0.1320754736661911,0.25
343,lXPQBPVc5Cw$_$1,0.20000000298023224,0.5285923480987549,2.8626285342170377e-08,6.392692597501082e-08,0.9999998807907104,vision,0.2222222238779068,0.12244898080825806,0.050847455859184265
445,phBUpBr1hSo$_$9,-2.0,0.7487882971763611,3.84689720078768e-08,8.920162031245127e-08,0.9999998807907104,vision,0.11999999731779099,0.07746478915214539,0.1111111119389534
306,k5Y_838nuGo$_$20,0.4000000059604645,0.680077850818634,2.232575013749738e-08,3.401109793799151e-08,1.0,vision,0.4000000059604645,0.10526315867900848,0.095238097012043
197,etzxEpPuc6I$_$8,-1.0,0.7504899501800537,2.4936595011126883e-08,5.703603633833154e-08,1.0,vision,0.10000000149011612,0.04651162773370743,0.1538461595773697
118,d3_k5Xpfmik$_$6,1.600000023841858,0.7356554865837097,2.212899552489489e-08,5.0206601542868157e-08,1.0,vision,0.1818181872367859,0.10126582533121109,0.125
541,vvZ4IcEtiZc$_$10,-2.0,0.2883703410625458,1.8233498266795323e-08,4.7578101458611854e-08,1.0,vision,0.15000000596046448,0.1041666641831398,0.017543859779834747
245,fvVhgmXxadc$_$13,0.20000000298023224,-0.30357617139816284,1.4118081814729067e-08,3.709537210738745e-08,1.0,vision,0.20000000298023224,0.12962962687015533,0.10769230872392654
122,d6hH302o4v8$_$43,-2.5,0.17223356664180756,1.4517032909111549e-08,3.015366445424661e-08,1.0,vision,0.23076923191547394,0.0625,0.10526315867900848
379,nzpVDcQ0ywM$_$3,0.800000011920929,-0.4144764244556427,1.173741015492169e-08,2.75720388742684e-08,1.0,vision,0.1764705926179886,0.043478261679410934,0.10843373835086823
3,c7UH_rxdZv4$_$27,-1.7999999523162842,-0.15628327429294586,2.0233558828408604e-08,4.80697543991937e-08,1.0,vision,0.21739129722118378,0.1066666692495346,0.08943089097738266
557,vyB00TXsimI$_$2,-2.4000000953674316,0.8859677910804749,2.0011261980812378e-08,5.48316663184778e-08,1.0,vision,0.07407407462596893,0.10000000149011612,0.1111111119389534
468,rnaNMUZpvvg$_$19,-1.399999976158142,0.6852501630783081,2.3449278074849644e-08,4.722027213688307e-08,1.0,vision,0.17391304671764374,0.03773584961891174,0.109375
242,f_pcplsH_V0$_$8,0.800000011920929,0.03930169716477394,1.0986243026422926e-08,1.8564984216595803e-08,1.0,vision,0.375,0.07692307978868484,0.16129031777381897
466,rnaNMUZpvvg$_$17,-1.600000023841858,0.8498119115829468,6.3550276152568586e-09,1.4168905160261147e-08,1.0,vision,0.2857142984867096,0.1428571492433548,0.11999999731779099
109,d3_k5Xpfmik$_$16,2.0,-0.27990415692329407,8.377187832309119e-09,2.3257831216483282e-08,1.0,vision,0.20000000298023224,0.1304347813129425,0.0
193,etzxEpPuc6I$_$4,0.800000011920929,0.7583646774291992,1.2802370719100509e-08,3.364461775845484e-08,1.0,vision,0.09090909361839294,0.07547169923782349,0.19354838132858276
61,cW1FSBF59ik$_$9,-2.4000000953674316,0.7880141735076904,2.140920685178571e-08,4.509589857093488e-08,1.0,vision,0.2666666805744171,0.1489361673593521,0.0892857164144516
629,yvsjCA6Y5Fc$_$21,-1.7999999523162842,0.05868746340274811,3.3313270364487835e-08,7.436318583131651e-08,0.9999998807907104,vision,0.20000000298023224,0.09090909361839294,0.07619047909975052
371,nbWiPyCm4g0$_$9,-1.399999976158142,-0.643481433391571,1.7069787361378985e-08,4.410910037222493e-08,1.0,vision,0.125,0.042553190141916275,0.1071428582072258
532,v0zCBqDeKcE$_$3,0.6000000238418579,0.6221417188644409,2.5025363115105392e-08,4.888321569751497e-08,1.0,vision,0.2857142984867096,0.11999999731779099,0.10000000149011612
646,yvsjCA6Y5Fc$_$14,-1.0,-0.2687312662601471,1.5853567347789976e-08,3.253331826158501e-08,1.0,vision,0.3076923191547394,0.10810811072587967,0.11363636702299118
248,fvVhgmXxadc$_$1,-0.4000000059604645,-0.2384832352399826,1.1257526466579293e-08,3.2000052385683375e-08,1.0,vision,0.10000000149011612,0.07692307978868484,0.13636364042758942
674,zhpQhgha_KU$_$15,-2.0,-0.1809689849615097,2.4660371522600144e-08,5.9363436832882144e-08,1.0,vision,0.1621621549129486,0.0736842080950737,0.06451612710952759
594,wMbj6ajWbic$_$10,-1.7999999523162842,0.9206774830818176,1.527259563260941e-08,2.5993141861135882e-08,1.0,vision,0.27272728085517883,0.05263157933950424,0.1818181872367859
57,cW1FSBF59ik$_$5,2.0,-0.17575015127658844,5.000759362161489e-09,1.509740066296672e-08,1.0,vision,0.3333333432674408,0.27272728085517883,0.07692307978868484
355,lXPQBPVc5Cw$_$12,-2.0,0.6085542440414429,9.699098413307183e-09,2.4590619318587414e-08,1.0,vision,0.1538461595773697,0.1071428582072258,0.3333333432674408
518,tmZoasNr4rU$_$5,-0.800000011920929,0.23105980455875397,2.3114058222972744e-08,5.973984684715106e-08,0.9999998807907104,vision,0.25,0.20000000298023224,0.09259258955717087
604,yDtzw_Y-7RU$_$24,-0.800000011920929,-0.19952325522899628,8.621555913634893e-09,2.011749877794955e-08,1.0,vision,0.2222222238779068,0.0625,0.0
410,ob23OKe5a9Q$_$8,0.6000000238418579,0.5707948803901672,1.5097141314868168e-08,3.680030502550835e-08,1.0,vision,0.1666666716337204,0.10280373692512512,0.18644067645072937
682,zhpQhgha_KU$_$35,0.6000000238418579,0.13675396144390106,1.6152473136799017e-08,4.2392940713398275e-08,1.0,vision,0.1304347813129425,0.08571428805589676,0.0833333358168602
167,dq3Nf_lMPnE$_$12,-1.600000023841858,0.6367900967597961,1.4811038617779104e-08,3.11373220540645e-08,1.0,vision,0.2142857164144516,0.07692307978868484,0.06451612710952759
34,cM3Yna7AavY$_$10,1.600000023841858,-0.1865263432264328,4.72118744099248e-09,1.2374520075297823e-08,1.0,vision,0.2857142984867096,0.15789473056793213,0.08695652335882187
522,tmZoasNr4rU$_$9,-0.6000000238418579,0.4404546022415161,2.8794783446528527e-08,6.885660752686817e-08,0.9999998807907104,vision,0.20000000298023224,0.13333334028720856,0.0763888880610466
147,d6hH302o4v8$_$10,-1.2000000476837158,-0.3631039261817932,7.799080492532084e-09,1.7005572061634666e-08,1.0,vision,0.1818181872367859,0.0,0.09090909361839294
446,phBUpBr1hSo$_$8,-2.200000047683716,0.8282991051673889,4.7650839718471616e-08,1.1485938955502206e-07,0.9999998807907104,vision,0.14000000059604645,0.11890243738889694,0.08360128849744797
316,k5Y_838nuGo$_$4,1.0,-0.24678610265254974,1.7933189155883156e-08,3.1321498283887195e-08,1.0,vision,0.3076923191547394,0.03999999910593033,0.06666667014360428
26,c7UH_rxdZv4$_$16,-2.0,-0.37198692560195923,1.5029796074372825e-08,2.1380682113658622e-08,1.0,vision,0.6000000238418579,0.1818181872367859,0.07692307978868484
9,c7UH_rxdZv4$_$29,0.6000000238418579,0.22829850018024445,1.0292803054312571e-08,2.716985214590295e-08,1.0,vision,0.1666666716337204,0.10638298094272614,0.17543859779834747
239,f_pcplsH_V0$_$7,0.0,0.5859022736549377,2.453823810810718e-08,4.171078771264547e-08,1.0,vision,0.4545454680919647,0.2083333283662796,0.17241379618644714
621,yDtzw_Y-7RU$_$12,-0.6666666865348816,0.632792055606842,3.203504306270588e-08,6.069890190474325e-08,0.9999998807907104,vision,0.2666666805744171,0.10204081982374191,0.11864406615495682
108,d3_k5Xpfmik$_$17,1.600000023841858,0.929155170917511,2.1918667769682543e-08,4.0599495321202994e-08,1.0,vision,0.23076923191547394,0.054054055362939835,0.06818182021379471
478,tIrG4oNLFzE$_$18,-2.200000047683716,0.7023181319236755,2.09833839193152e-08,5.2705356523574665e-08,1.0,vision,0.11999999731779099,0.09090909361839294,0.15189872682094574
246,fvVhgmXxadc$_$12,0.0,-0.09046918153762817,2.0704812087046776e-08,5.2139434103537496e-08,1.0,vision,0.190476194024086,0.11363636702299118,0.07547169923782349
163,d6hH302o4v8$_$32,-0.6000000238418579,-0.35059434175491333,2.3454690634139297e-08,3.2421073825616986e-08,1.0,vision,0.4444444477558136,0.0416666679084301,0.0
444,phBUpBr1hSo$_$6,1.600000023841858,-0.04549615457653999,2.9576415983001425e-08,6.377834438353602e-08,0.9999998807907104,vision,0.25,0.10638298094272614,0.017543859779834747
70,cW1FSBF59ik$_$16,3.0,1.0032696723937988,1.7629787407713593e-08,3.7305966316125705e-08,1.0,vision,0.1875,0.07352941483259201,0.0731707289814949
653,zhpQhgha_KU$_$26,0.0,-0.40916529297828674,9.19550657840773e-09,2.3304146168356965e-08,1.0,vision,0.1538461595773697,0.0476190485060215,0.11999999731779099
630,yvsjCA6Y5Fc$_$22,-1.600000023841858,-0.19700011610984802,5.082242626741618e-09,1.493062029567227e-08,1.0,vision,0.2857142984867096,0.2142857164144516,0.05882352963089943
218,f9O3YtZ2VfI$_$10,-2.0,-0.25728729367256165,5.9699276633295995e-09,1.6390043100500407e-08,1.0,vision,0.25,0.1538461595773697,0.06666667014360428
33,cM3Yna7AavY$_$11,2.0,-0.2274646908044815,9.604127271245488e-09,1.676905903025272e-08,1.0,vision,0.3333333432674408,0.03999999910593033,0.06666667014360428
680,zhpQhgha_KU$_$31,-1.0,0.14018645882606506,2.0462655569986055e-08,4.491066718514958e-08,1.0,vision,0.2083333283662796,0.0833333358168602,0.12068965286016464
313,k5Y_838nuGo$_$3,0.800000011920929,0.046504151076078415,1.3366374673751125e-08,2.7934108359772836e-08,1.0,vision,0.2142857164144516,0.04444444552063942,0.12765957415103912
265,iiK8YX8oH1E$_$18,-1.0,0.42534297704696655,1.0032360719947064e-08,2.661305487094978e-08,1.0,vision,0.1818181872367859,0.14814814925193787,0.15625
123,d6hH302o4v8$_$24,-2.799999952316284,-0.2034112811088562,6.799793617062733e-09,1.7842094024445032e-08,1.0,vision,0.25,0.1304347813129425,0.03703703731298447
649,yvsjCA6Y5Fc$_$19,-1.600000023841858,-0.3468790650367737,1.682515815559782e-08,5.369098587948429e-08,1.0,vision,0.09090909361839294,0.12264151126146317,0.09259258955717087
134,d6hH302o4v8$_$41,-2.4000000953674316,-0.07483641803264618,6.067411018051416e-09,1.8637786425301783e-08,1.0,vision,0.25,0.21052631735801697,0.043478261679410934
113,d3_k5Xpfmik$_$3,2.0,0.9440432786941528,1.537134508566851e-08,3.723317476556076e-08,1.0,vision,0.1538461595773697,0.10526315867900848,0.07352941483259201
555,vyB00TXsimI$_$1,0.0,0.587012767791748,1.6585994799811488e-08,2.707755974995507e-08,1.0,vision,0.30000001192092896,0.03703703731298447,0.09375
617,yDtzw_Y-7RU$_$8,-1.5,0.23210372030735016,1.2864397547218687e-08,2.1450285103696842e-08,1.0,vision,0.4285714328289032,0.125,0.05263157933950424
183,etzxEpPuc6I$_$15,0.20000000298023224,0.36606547236442566,9.15810183244048e-09,1.2863808684926425e-08,1.0,vision,0.375,0.0,0.125
89,cXypl4FnoZo$_$6,-0.6000000238418579,-0.03442789986729622,2.332865101095649e-08,5.819692461273007e-08,1.0,vision,0.21052631735801697,0.13725490868091583,0.0833333358168602
535,v0zCBqDeKcE$_$4,0.0,-0.24297510087490082,1.4291423156009841e-08,3.540158033388252e-08,1.0,vision,0.23529411852359772,0.13333334028720856,0.1428571492433548
80,cXypl4FnoZo$_$23,0.4000000059604645,-0.35405904054641724,1.7420704878645665e-08,2.8312269861885397e-08,1.0,vision,0.4285714328289032,0.10000000149011612,0.0
226,f9O3YtZ2VfI$_$18,-1.0,-0.09013110399246216,3.193170527993061e-08,5.160930527381424e-08,1.0,vision,0.4375,0.15000000596046448,0.125
439,phBUpBr1hSo$_$3,2.799999952316284,0.5340495109558105,1.533786964103001e-08,4.1816893059376525e-08,1.0,vision,0.2142857164144516,0.19512194395065308,0.12244898080825806
493,tStelxIAHjw$_$14,-1.7999999523162842,0.08214935660362244,9.183447780003462e-09,1.5453361257300458e-08,1.0,vision,0.375,0.0714285746216774,0.11764705926179886
96,cXypl4FnoZo$_$15,0.0,0.6556087732315063,1.7655901629609616e-08,4.531456099243769e-08,1.0,vision,0.125,0.0941176488995552,0.09803921729326248
587,wMbj6ajWbic$_$5,0.20000000298023224,0.8386547565460205,1.6950910008972642e-08,4.147176824176313e-08,1.0,vision,0.125,0.07692307978868484,0.0416666679084301
363,nbWiPyCm4g0$_$10,1.2000000476837158,-0.4005436599254608,1.508321112453359e-08,2.991912140259956e-08,1.0,vision,0.3636363744735718,0.12195122241973877,0.0625
502,tStelxIAHjw$_$9,-1.399999976158142,0.3590266704559326,2.164067502974376e-08,4.0623426400543394e-08,1.0,vision,0.3333333432674408,0.13333334028720856,0.0555555559694767
615,yDtzw_Y-7RU$_$6,-1.2000000476837158,0.25639739632606506,2.6527352758876077e-08,6.056890811123594e-08,0.9999998807907104,vision,0.16326530277729034,0.06722689419984818,0.09090909361839294
230,f_pcplsH_V0$_$13,1.600000023841858,-0.18408121168613434,9.19085962891586e-09,2.457964853874728e-08,1.0,vision,0.1818181872367859,0.1111111119389534,0.13636364042758942
149,d6hH302o4v8$_$12,1.399999976158142,0.5881375074386597,9.823840407818807e-09,1.4364800904331787e-08,1.0,vision,0.3333333432674408,0.0,0.20000000298023224
247,fvVhgmXxadc$_$14,0.0,-0.6190451979637146,2.4042064339369063e-08,4.938138786769741e-08,1.0,vision,0.31578946113586426,0.11320754885673523,0.095238097012043
192,etzxEpPuc6I$_$5,0.0,0.8004735708236694,2.960971734466966e-08,6.155055132239795e-08,0.9999998807907104,vision,0.17391304671764374,0.0634920671582222,0.09210526198148727
279,jUzDDGyPkXU$_$20,-2.200000047683716,0.7599844932556152,2.020667722035796e-08,3.5387202501624415e-08,1.0,vision,0.30000001192092896,0.0810810774564743,0.06666667014360428
492,tStelxIAHjw$_$15,0.4000000059604645,0.47416502237319946,1.6959285531470414e-08,4.514478391115517e-08,1.0,vision,0.13333334028720856,0.1111111119389534,0.109375
658,zhpQhgha_KU$_$23,-0.5,-0.35788941383361816,1.266869720240038e-08,3.3775076957454075e-08,1.0,vision,0.1666666716337204,0.08571428805589676,0.023255813866853714
450,rnaNMUZpvvg$_$22,-2.200000047683716,0.3491462767124176,2.4289482425388087e-08,6.122411377873505e-08,0.9999998807907104,vision,0.17241379618644714,0.125,0.06896551698446274
153,d6hH302o4v8$_$16,-2.0,-0.046543288975954056,3.332196296668144e-09,5.697218252720404e-09,1.0,vision,0.3333333432674408,0.0,0.2142857164144516
154,d6hH302o4v8$_$19,-2.799999952316284,-0.11458911001682281,1.2507211266665763e-08,2.3604091126117055e-08,1.0,vision,0.3333333432674408,0.10000000149011612,0.21621622145175934
40,cM3Yna7AavY$_$1,2.200000047683716,-0.11350491642951965,2.917341035413301e-08,6.170900945789981e-08,0.9999998807907104,vision,0.20000000298023224,0.05000000074505806,0.08421052992343903
616,yDtzw_Y-7RU$_$9,-1.0,-0.6313987374305725,3.6697752392456096e-08,8.711781873671498e-08,0.9999998807907104,vision,0.21875,0.10784313827753067,0.08474576473236084
14,c7UH_rxdZv4$_$4,1.600000023841858,0.6734743118286133,2.0404934630846583e-08,5.265762936801366e-08,1.0,vision,0.20000000298023224,0.1764705926179886,0.09836065769195557
348,lXPQBPVc5Cw$_$7,-2.799999952316284,0.20944064855575562,1.7283818820601482e-08,5.233651023672792e-08,1.0,vision,0.06666667014360428,0.1111111119389534,0.12987013161182404
602,wMbj6ajWbic$_$18,-1.0,0.7283005714416504,2.4441082047133023e-08,5.517314605185675e-08,1.0,vision,0.23529411852359772,0.1489361673593521,0.06122449040412903
392,nzpVDcQ0ywM$_$14,0.20000000298023224,-0.422529935836792,1.7937157537062376e-08,4.966362254776868e-08,1.0,vision,0.15000000596046448,0.10389610379934311,0.07608695328235626
391,nzpVDcQ0ywM$_$15,-0.6000000238418579,-0.14699266850948334,5.064737074178538e-09,1.1232475394251651e-08,1.0,vision,0.25,0.0555555559694767,0.04545454680919647
451,rnaNMUZpvvg$_$1,-2.5999999046325684,0.5851328372955322,1.0726201260524704e-08,2.37132482538982e-08,1.0,vision,0.1666666716337204,0.04651162773370743,0.19607843458652496
660,zhpQhgha_KU$_$29,-1.2000000476837158,-0.4826805293560028,2.037763380258184e-08,4.240054352067091e-08,1.0,vision,0.2857142984867096,0.0833333358168602,0.06666667014360428
158,d6hH302o4v8$_$37,-2.200000047683716,-0.39935925602912903,2.3213292621449e-08,2.144954969196533e-08,1.0,vision,0.75,0.125,0.1111111119389534
38,cM3Yna7AavY$_$14,-2.5999999046325684,-0.052231740206480026,9.356147856465213e-09,2.2138873845278795e-08,1.0,vision,0.2222222238779068,0.08695652335882187,0.03703703731298447
206,f9O3YtZ2VfI$_$28,1.2000000476837158,0.3625601530075073,7.167206828029293e-09,1.8792603029282873e-08,1.0,vision,0.25,0.16129031777381897,0.10000000149011612
449,rnaNMUZpvvg$_$21,-2.5999999046325684,0.7976500391960144,3.070438125973851e-08,5.8038075678723544e-08,1.0,vision,0.22727273404598236,0.06666667014360428,0.0833333358168602
560,vyB00TXsimI$_$7,2.4000000953674316,0.8184340596199036,1.8824351855073473e-08,5.611526177062842e-08,1.0,vision,0.25,0.29729729890823364,0.15555556118488312
591,wMbj6ajWbic$_$9,-2.0,0.7342982292175293,3.81420974804314e-08,4.858400259877271e-08,1.0,vision,0.5,0.11999999731779099,0.03333333507180214
426,pLTX3ipuDJI$_$8,-2.0,0.6652728915214539,2.9258613309934844e-08,6.559086784818646e-08,0.9999998807907104,vision,0.14814814925193787,0.06451612710952759,0.054054055362939835
47,cM3Yna7AavY$_$9,-0.20000000298023224,0.35861125588417053,2.4415548693923483e-08,4.8649745565398916e-08,1.0,vision,0.2777777910232544,0.10958904027938843,0.14942528307437897
217,f9O3YtZ2VfI$_$11,-0.800000011920929,-0.3448803424835205,9.319369276283851e-09,2.1319273457720556e-08,1.0,vision,0.2222222238779068,0.05882352963089943,0.0476190485060215
340,lXPQBPVc5Cw$_$23,-2.4000000953674316,-0.5481775999069214,2.0861788740944576e-08,3.9925708961163764e-08,1.0,vision,0.2666666805744171,0.043478261679410934,0.1071428582072258
267,iiK8YX8oH1E$_$3,-1.25,0.30373549461364746,1.293345697206405e-08,2.9729068984352125e-08,1.0,vision,0.1428571492433548,0.03703703731298447,0.0625
679,zhpQhgha_KU$_$18,0.6000000238418579,0.19591794908046722,1.2202344912282115e-08,2.982880786817077e-08,1.0,vision,0.27272728085517883,0.1764705926179886,0.17073170840740204
430,phBUpBr1hSo$_$12,1.7999999523162842,0.7286632061004639,3.96187047613239e-08,8.626329872640781e-08,0.9999998807907104,vision,0.1599999964237213,0.08666666597127914,0.11666666716337204
519,tmZoasNr4rU$_$4,-0.800000011920929,0.25498178601264954,1.9863449551849044e-08,4.521579199945336e-08,1.0,vision,0.2083333283662796,0.09929078072309494,0.1488095223903656
618,yDtzw_Y-7RU$_$11,-1.399999976158142,0.32403451204299927,1.322229703504263e-08,4.7028823502159867e-08,1.0,vision,0.125,0.23529411852359772,0.0714285746216774
117,d3_k5Xpfmik$_$7,0.4000000059604645,0.6448972225189209,2.37487345344789e-08,4.645043460982379e-08,1.0,vision,0.1875,0.03614457696676254,0.0833333358168602
381,nzpVDcQ0ywM$_$5,-0.4000000059604645,-0.1353740394115448,1.1262144106183314e-08,2.5882473053684407e-08,1.0,vision,0.23076923191547394,0.09090909361839294,0.09615384787321091
191,etzxEpPuc6I$_$2,1.2000000476837158,0.7004818916320801,2.6733827596103765e-08,6.330604662707628e-08,0.9999998807907104,vision,0.15789473056793213,0.10869564861059189,0.05454545468091965
182,etzxEpPuc6I$_$12,0.6666666865348816,-0.31752434372901917,8.274507301564427e-09,2.1680708783833325e-08,1.0,vision,0.2222222238779068,0.125,0.0
396,nzpVDcQ0ywM$_$18,1.2000000476837158,-0.05292670801281929,1.4192111486011072e-08,3.586940522382065e-08,1.0,vision,0.125,0.06666667014360428,0.1666666716337204
332,k5Y_838nuGo$_$30,1.600000023841858,0.5419537425041199,1.3961639844239926e-08,3.6989110441254525e-08,1.0,vision,0.1666666716337204,0.1428571492433548,0.09756097197532654
668,zhpQhgha_KU$_$9,-1.0,0.3455469608306885,1.4431809525206063e-08,3.041492391275824e-08,1.0,vision,0.1764705926179886,0.02857142873108387,0.11627907305955887
150,d6hH302o4v8$_$15,-1.75,-0.1562124490737915,4.982355861216092e-09,9.891848229415245e-09,1.0,vision,0.25,0.0,0.0625
447,phBUpBr1hSo$_$21,0.800000011920929,0.6773183941841125,3.236360868186239e-08,9.206495832358996e-08,0.9999998807907104,vision,0.17391304671764374,0.21568627655506134,0.09677419066429138
229,f_pcplsH_V0$_$10,1.2000000476837158,0.19087828695774078,2.596128290122124e-08,5.202192099318381e-08,1.0,vision,0.3636363744735718,0.1818181872367859,0.07575757801532745
501,tStelxIAHjw$_$6,1.600000023841858,0.41121089458465576,3.1137958877991423e-09,5.411164849533634e-09,1.0,vision,0.2857142984867096,0.0,0.375
58,cW1FSBF59ik$_$4,1.600000023841858,0.8255168199539185,1.6663300073105347e-08,4.9031502413754424e-08,1.0,vision,0.0833333358168602,0.1265822798013687,0.04615384712815285
399,ob23OKe5a9Q$_$13,1.25,0.466289758682251,1.725002896080241e-08,4.111812401674797e-08,1.0,vision,0.1764705926179886,0.09615384787321091,0.16129031777381897
63,cW1FSBF59ik$_$11,-1.0,0.6240899562835693,3.281588334402841e-08,4.9658222422976905e-08,1.0,vision,0.3529411852359772,0.07058823853731155,0.1456310749053955
418,pLTX3ipuDJI$_$1,-2.4000000953674316,-0.16813576221466064,2.1682570405801016e-08,4.982111434514991e-08,1.0,vision,0.23529411852359772,0.1071428582072258,0.04477611929178238
162,d6hH302o4v8$_$33,-3.0,0.2932833433151245,1.3730589998317555e-08,2.2594909054873824e-08,1.0,vision,0.6000000238418579,0.2857142984867096,0.125
351,lXPQBPVc5Cw$_$8,2.5999999046325684,0.14534372091293335,1.2485188882749299e-08,2.840926072167349e-08,1.0,vision,0.27272728085517883,0.13333334028720856,0.1428571492433548
583,wMbj6ajWbic$_$29,1.7999999523162842,0.766210675239563,2.0903931030602507e-08,4.6605379111497314e-08,1.0,vision,0.1666666716337204,0.07894736528396606,0.02222222276031971
137,d6hH302o4v8$_$2,-1.7999999523162842,-0.17630916833877563,1.642418290259684e-08,3.2237441160987146e-08,1.0,vision,0.27272728085517883,0.06060606241226196,0.1538461595773697
461,rnaNMUZpvvg$_$10,-2.5999999046325684,-0.24560512602329254,1.7596866186408988e-08,3.553539329459454e-08,1.0,vision,0.23076923191547394,0.043478261679410934,0.03703703731298447
523,tmZoasNr4rU$_$8,-2.0,0.5764561295509338,2.172541613276735e-08,3.772815304614596e-08,1.0,vision,0.30000001192092896,0.0625,0.1041666641831398
202,f9O3YtZ2VfI$_$20,-0.4000000059604645,0.24197928607463837,1.3361811213030705e-08,3.118207203556267e-08,1.0,vision,0.1666666716337204,0.06060606241226196,0.10256410390138626
548,vvZ4IcEtiZc$_$7,1.399999976158142,0.5391077399253845,2.3805469595572504e-08,5.5242221463913666e-08,1.0,vision,0.2666666805744171,0.18518517911434174,0.09375
475,tIrG4oNLFzE$_$14,-2.4000000953674316,0.7542968988418579,2.6776183048582425e-08,6.61916033095622e-08,0.9999998807907104,vision,0.13333334028720856,0.10135135054588318,0.08474576473236084
633,yvsjCA6Y5Fc$_$3,-2.0,0.6108875274658203,1.2415206640525867e-08,3.078236687770186e-08,1.0,vision,0.1538461595773697,0.08163265138864517,0.08474576473236084
406,ob23OKe5a9Q$_$4,-1.5,1.063125729560852,7.042334715379184e-09,1.261627513571284e-08,1.0,vision,0.4000000059604645,0.14814814925193787,0.12121212482452393
59,cW1FSBF59ik$_$7,0.5,0.31836363673210144,2.8823126108079578e-09,4.722835900139444e-09,1.0,vision,0.4000000059604645,0.05882352963089943,0.3499999940395355
525,v0zCBqDeKcE$_$10,2.200000047683716,0.39279910922050476,1.9607035994795297e-08,3.7238994110566637e-08,1.0,vision,0.2857142984867096,0.09090909361839294,0.1111111119389534
346,lXPQBPVc5Cw$_$5,-1.0,-0.5830764770507812,3.584662877642586e-08,6.498070348470719e-08,0.9999998807907104,vision,0.3214285671710968,0.06578947603702545,0.054347824305295944
397,ob23OKe5a9Q$_$11,0.800000011920929,-0.20127426087856293,1.689049256015096e-08,5.03394055328954e-08,1.0,vision,0.06060606241226196,0.06766917556524277,0.06666667014360428
572,vyB00TXsimI$_$19,1.2000000476837158,0.05213727429509163,6.199968094477981e-09,1.0224729507513075e-08,1.0,vision,0.4285714328289032,0.1111111119389534,0.27272728085517883
529,v0zCBqDeKcE$_$14,1.5,0.18591101467609406,6.205019609240026e-09,1.7210657787813943e-08,1.0,vision,0.25,0.17241379618644714,0.05882352963089943
596,wMbj6ajWbic$_$12,1.600000023841858,0.8649463653564453,1.4395602043748568e-08,2.731107073827843e-08,1.0,vision,0.2142857164144516,0.03999999910593033,0.1666666716337204
628,yvsjCA6Y5Fc$_$20,0.800000011920929,0.3663766086101532,6.04195848907807e-09,1.3611582971861935e-08,1.0,vision,0.3333333432674408,0.1599999964237213,0.06666667014360428
499,tStelxIAHjw$_$4,-2.799999952316284,0.8614661693572998,3.2428921770133456e-08,6.175633870952879e-08,0.9999998807907104,vision,0.18518517911434174,0.03703703731298447,0.10309278219938278
476,tIrG4oNLFzE$_$17,-0.4000000059604645,0.8366565704345703,2.7206564112702836e-08,6.910197924980821e-08,0.9999998807907104,vision,0.09090909361839294,0.0824742242693901,0.09401709586381912
593,wMbj6ajWbic$_$11,0.4000000059604645,0.8181895613670349,2.416365774138285e-08,6.129305063495849e-08,0.9999998807907104,vision,0.1764705926179886,0.1538461595773697,0.08510638028383255
12,c7UH_rxdZv4$_$2,-2.5999999046325684,0.04945661872625351,3.3931253362595726e-09,5.637398992064391e-09,1.0,vision,0.4000000059604645,0.0476190485060215,0.20000000298023224
639,yvsjCA6Y5Fc$_$9,-1.399999976158142,-0.42860540747642517,2.220476069680899e-08,4.81148845210555e-08,1.0,vision,0.2631579041481018,0.10526315867900848,0.10294117778539658
104,d3_k5Xpfmik$_$13,2.200000047683716,0.3664068281650543,2.2433702895341412e-08,3.859295460983958e-08,1.0,vision,0.4444444477558136,0.190476194024086,0.03999999910593033
112,d3_k5Xpfmik$_$1,2.0,0.6371803879737854,2.9552278846267654e-08,7.09544636379178e-08,0.9999998807907104,vision,0.1599999964237213,0.11428571492433548,0.0595238097012043
597,wMbj6ajWbic$_$15,2.0,0.8088074922561646,1.6088673504555118e-08,3.709204321467041e-08,1.0,vision,0.1764705926179886,0.10869564861059189,0.2545454502105713
563,vyB00TXsimI$_$8,2.5999999046325684,0.9112902879714966,2.1299113583950202e-08,4.8493369320112834e-08,1.0,vision,0.15000000596046448,0.07999999821186066,0.10169491171836853
260,iiK8YX8oH1E$_$12,1.7999999523162842,-0.3693099617958069,1.2407536331693336e-08,2.4091640682399884e-08,1.0,vision,0.30000001192092896,0.06666667014360428,0.10526315867900848
190,etzxEpPuc6I$_$3,-1.600000023841858,0.6231390237808228,2.178699709531884e-08,4.331639047450153e-08,1.0,vision,0.27272728085517883,0.10638298094272614,0.0714285746216774
4,c7UH_rxdZv4$_$20,-1.7999999523162842,0.12547403573989868,1.7101593030588447e-08,4.9454154549266605e-08,1.0,vision,0.125,0.13698630034923553,0.11363636702299118
178,dq3Nf_lMPnE$_$8,0.6000000238418579,0.7855302095413208,2.233324458700281e-08,4.7109800505040766e-08,1.0,vision,0.20000000298023224,0.09090909361839294,0.11538461595773697
360,lXPQBPVc5Cw$_$19,-1.7999999523162842,-0.21630768477916718,7.33983140932537e-09,2.2138365807222726e-08,1.0,vision,0.2222222238779068,0.20000000298023224,0.07999999821186066
539,v0zCBqDeKcE$_$8,1.7999999523162842,0.255580872297287,2.3028910334232933e-08,4.725586322251729e-08,1.0,vision,0.2666666805744171,0.1041666641831398,0.043478261679410934
412,pLTX3ipuDJI$_$10,-1.600000023841858,0.481112539768219,3.238392665139145e-08,7.161347070905322e-08,0.9999998807907104,vision,0.21739129722118378,0.1147540956735611,0.027397260069847107
201,f9O3YtZ2VfI$_$27,1.600000023841858,-0.27546292543411255,1.903655011403771e-08,3.598610476274189e-08,1.0,vision,0.3636363744735718,0.125,0.0357142873108387
125,d6hH302o4v8$_$26,-2.5999999046325684,-0.3384552597999573,1.6056821650067832e-08,3.180114660494837e-08,1.0,vision,0.5,0.25,0.06666667014360428
302,k5Y_838nuGo$_$24,0.6000000238418579,-0.29905053973197937,7.543096813833472e-09,2.5153036986580446e-08,1.0,vision,0.2222222238779068,0.2380952388048172,0.1599999964237213
470,tIrG4oNLFzE$_$11,-1.600000023841858,0.6077882647514343,3.248160140856271e-08,6.423211118544714e-08,0.9999998807907104,vision,0.21875,0.07017543911933899,0.07352941483259201
454,rnaNMUZpvvg$_$5,-2.799999952316284,-0.47381940484046936,1.830290585758121e-08,3.548046478840661e-08,1.0,vision,0.27272728085517883,0.0476190485060215,0.0
30,c7UH_rxdZv4$_$30,1.2000000476837158,-0.08465616405010223,4.427310518195782e-09,1.0820910389952587e-08,1.0,vision,0.25,0.10000000149011612,0.1428571492433548
408,ob23OKe5a9Q$_$6,0.0,0.3440558612346649,2.2909921071345707e-08,5.4549602168663114e-08,1.0,vision,0.1599999964237213,0.09615384787321091,0.1269841343164444
43,cM3Yna7AavY$_$5,2.799999952316284,0.46774449944496155,1.0691049823208232e-08,2.4012459576283618e-08,1.0,vision,0.1666666716337204,0.04651162773370743,0.17307692766189575
538,v0zCBqDeKcE$_$9,1.7999999523162842,-0.15529346466064453,1.0477129386288198e-08,2.236449070380786e-08,1.0,vision,0.3333333432674408,0.1428571492433548,0.07999999821186066
488,tStelxIAHjw$_$11,-2.799999952316284,0.9261243343353271,5.410947689910017e-09,1.0549316975527745e-08,1.0,vision,0.3333333432674408,0.11764705926179886,0.15000000596046448
547,vvZ4IcEtiZc$_$4,2.200000047683716,0.6060119271278381,2.9584764860146606e-08,7.009679592329121e-08,0.9999998807907104,vision,0.1538461595773697,0.09615384787321091,0.09433962404727936
307,k5Y_838nuGo$_$21,-0.20000000298023224,-0.29341933131217957,1.9442953913539895e-08,3.1986932214067565e-08,1.0,vision,0.3333333432674408,0.04545454680919647,0.18518517911434174
663,zhpQhgha_KU$_$2,1.600000023841858,0.46470507979393005,1.6650592016276278e-08,3.443735607788767e-08,1.0,vision,0.25,0.09375,0.1538461595773697
330,k5Y_838nuGo$_$18,0.4000000059604645,1.107746958732605,7.77157982412291e-09,2.130789056309368e-08,1.0,vision,0.25,0.23529411852359772,0.15000000596046448
287,jUzDDGyPkXU$_$4,-1.600000023841858,0.6090009212493896,2.7069397390278027e-08,7.200656426675778e-08,0.9999998807907104,vision,0.05263157933950424,0.056179776787757874,0.0625
429,phBUpBr1hSo$_$13,0.800000011920929,0.6837747097015381,2.1677070805026233e-08,4.4110446850709195e-08,1.0,vision,0.3636363744735718,0.21052631735801697,0.04545454680919647
632,yvsjCA6Y5Fc$_$1,-2.0,0.3073601722717285,1.5241662154608093e-08,4.3162987850564605e-08,1.0,vision,0.07407407462596893,0.0833333358168602,0.09259258955717087
119,d3_k5Xpfmik$_$9,1.399999976158142,1.0029953718185425,1.6440639072357044e-08,4.227392125244478e-08,1.0,vision,0.27272728085517883,0.25,0.10526315867900848
27,c7UH_rxdZv4$_$19,-1.7999999523162842,0.29040247201919556,1.0290840180005034e-08,2.3831091766624013e-08,1.0,vision,0.2222222238779068,0.08888889104127884,0.07407407462596893
415,pLTX3ipuDJI$_$15,-1.399999976158142,-0.2673149108886719,2.437157853307781e-08,4.895151306527623e-08,1.0,vision,0.23999999463558197,0.06060606241226196,0.1666666716337204
31,c7UH_rxdZv4$_$33,-1.7999999523162842,0.5398861169815063,5.7642433048954445e-09,1.0369929803744071e-08,1.0,vision,0.3333333432674408,0.06666667014360428,0.1111111119389534
487,tIrG4oNLFzE$_$8,-1.2000000476837158,0.11112840473651886,2.713256108677342e-08,8.549149299597048e-08,0.9999998807907104,vision,0.05999999865889549,0.1230769231915474,0.0555555559694767
263,iiK8YX8oH1E$_$17,1.600000023841858,-0.357234388589859,2.2286055667564142e-08,3.9814306518337617e-08,1.0,vision,0.3333333432674408,0.07999999821186066,0.03448275849223137
625,yDtzw_Y-7RU$_$16,0.6000000238418579,0.5700230598449707,1.9672253159797037e-08,4.014685828224174e-08,1.0,vision,0.23529411852359772,0.08139535039663315,0.10679611563682556
93,cXypl4FnoZo$_$10,2.0,0.39914825558662415,1.4642059120717477e-08,3.280843330344396e-08,1.0,vision,0.25,0.12121212482452393,0.12820513546466827
610,yDtzw_Y-7RU$_$3,0.75,0.22630290687084198,1.4053307850758756e-08,4.1590432431348745e-08,1.0,vision,0.1428571492433548,0.1525423675775528,0.08571428805589676
561,vyB00TXsimI$_$6,2.0,0.6836415529251099,1.7548634545505593e-08,4.248764895464774e-08,1.0,vision,0.1304347813129425,0.07894736528396606,0.1195652186870575
556,vyB00TXsimI$_$3,2.200000047683716,0.8267597556114197,2.006584054470295e-08,5.751232734496625e-08,1.0,vision,0.125,0.15714286267757416,0.0357142873108387
141,d6hH302o4v8$_$6,-2.0,-0.07101233303546906,4.5454338071238e-09,9.39471966887595e-09,1.0,vision,0.2857142984867096,0.05000000074505806,0.0416666679084301
120,d3_k5Xpfmik$_$8,2.200000047683716,0.6474342942237854,1.4380618473808227e-08,2.7141469516323014e-08,1.0,vision,0.4285714328289032,0.2222222238779068,0.095238097012043
365,nbWiPyCm4g0$_$3,-1.7999999523162842,-0.3310498893260956,7.546219649157138e-09,2.0802705336109284e-08,1.0,vision,0.1666666716337204,0.10000000149011612,0.20000000298023224
66,cW1FSBF59ik$_$12,2.200000047683716,0.31347420811653137,2.318086167463207e-08,4.591522539953985e-08,1.0,vision,0.20000000298023224,0.0416666679084301,0.11627907305955887
605,yDtzw_Y-7RU$_$20,-0.6000000238418579,-0.5164047479629517,2.1634980029716644e-08,3.88900787129387e-08,1.0,vision,0.3333333432674408,0.07692307978868484,0.09677419066429138
490,tStelxIAHjw$_$13,-1.600000023841858,0.940780520439148,1.530881910127846e-08,2.1943808548030574e-08,1.0,vision,0.4285714328289032,0.095238097012043,0.07999999821186066
17,c7UH_rxdZv4$_$9,-0.4000000059604645,0.16379407048225403,2.482852679008829e-08,7.673470747704414e-08,0.9999998807907104,vision,0.18518517911434174,0.234375,0.11764705926179886
64,cW1FSBF59ik$_$10,-1.0,0.7226996421813965,1.63898850047417e-08,3.776133894461964e-08,1.0,vision,0.1666666716337204,0.0833333358168602,0.151162788271904
526,v0zCBqDeKcE$_$13,1.7999999523162842,0.4302440881729126,2.8380551242435104e-08,6.051417500430034e-08,0.9999998807907104,vision,0.20000000298023224,0.07894736528396606,0.06521739065647125
308,k5Y_838nuGo$_$22,0.4000000059604645,0.44020578265190125,2.711398927601749e-08,5.995376284317899e-08,0.9999998807907104,vision,0.2666666805744171,0.15625,0.05263157933950424
10,c7UH_rxdZv4$_$1,-2.799999952316284,-0.027595166116952896,5.9094085180788625e-09,1.67229678993408e-08,1.0,vision,0.25,0.1818181872367859,0.07692307978868484
83,cXypl4FnoZo$_$1,1.0,0.663716733455658,2.3898824252910345e-08,5.2886615975467066e-08,1.0,vision,0.23076923191547394,0.1304347813129425,0.07407407462596893
673,zhpQhgha_KU$_$12,-1.399999976158142,-0.531126856803894,1.6974269101410755e-08,5.340297093425761e-08,1.0,vision,0.15789473056793213,0.1599999964237213,0.03846153989434242
599,wMbj6ajWbic$_$17,2.0,0.6345721483230591,2.813585986416456e-08,5.173407657821372e-08,1.0,vision,0.3181818127632141,0.1320754736661911,0.140625
512,tmZoasNr4rU$_$19,0.20000000298023224,-0.24893818795681,1.4707050688400614e-08,3.8351313236262285e-08,1.0,vision,0.20000000298023224,0.12328767031431198,0.1034482792019844
377,nzpVDcQ0ywM$_$23,2.0,-0.11407233774662018,4.8872745850303545e-09,1.191429088720497e-08,1.0,vision,0.25,0.10526315867900848,0.09090909361839294
681,zhpQhgha_KU$_$30,-2.0,0.7153433561325073,9.770881881365767e-09,3.0639032644330655e-08,1.0,vision,0.1428571492433548,0.20000000298023224,0.25
441,phBUpBr1hSo$_$5,-1.399999976158142,0.8531984090805054,1.536032456783687e-08,3.3311366109956e-08,1.0,vision,0.1764705926179886,0.07547169923782349,0.21052631735801697
186,etzxEpPuc6I$_$16,-2.4000000953674316,0.9373404383659363,2.3445833718938047e-08,4.1978317710800184e-08,1.0,vision,0.25,0.0555555559694767,0.06976744532585144
590,wMbj6ajWbic$_$6,1.7999999523162842,0.8847527503967285,3.224672440182985e-08,6.697568011304611e-08,0.9999998807907104,vision,0.1785714328289032,0.07352941483259201,0.06666667014360428
638,yvsjCA6Y5Fc$_$6,0.0,-0.26044967770576477,1.595342524751686e-08,3.3605754623522444e-08,1.0,vision,0.27272728085517883,0.095238097012043,0.125
505,tmZoasNr4rU$_$10,-1.7999999523162842,0.6861444115638733,2.471126947511948e-08,3.1429575386709985e-08,1.0,vision,0.4166666567325592,0.03999999910593033,0.1785714328289032
139,d6hH302o4v8$_$4,-1.600000023841858,-0.27022144198417664,5.378012257750697e-09,1.3817419208805859e-08,1.0,vision,0.25,0.11764705926179886,0.10000000149011612
49,cW1FSBF59ik$_$24,0.0,0.9345297813415527,1.7249863759616346e-08,3.186216801509545e-08,1.0,vision,0.30000001192092896,0.1034482792019844,0.11428571492433548
185,etzxEpPuc6I$_$17,-0.4000000059604645,0.733921468257904,2.3388974312865685e-08,4.7627857213683455e-08,1.0,vision,0.25,0.1041666641831398,0.05263157933950424
670,zhpQhgha_KU$_$11,-2.4000000953674316,-0.008439593017101288,1.522004922094311e-08,2.415495181651295e-08,1.0,vision,0.3333333432674408,0.02083333395421505,0.125
303,k5Y_838nuGo$_$25,-0.20000000298023224,-0.24327276647090912,1.4642673740183909e-08,4.094095018558619e-08,1.0,vision,0.1428571492433548,0.10638298094272614,0.05263157933950424
280,jUzDDGyPkXU$_$21,-1.0,0.8036805391311646,1.6792551349453788e-08,3.611241794487796e-08,1.0,vision,0.1875,0.08571428805589676,0.1428571492433548
69,cW1FSBF59ik$_$17,2.4000000953674316,1.211517333984375,7.903018683919072e-09,1.3220052608176047e-08,1.0,vision,0.3333333432674408,0.07692307978868484,0.06666667014360428
157,d6hH302o4v8$_$30,-2.799999952316284,-0.15004673600196838,1.2104568014592587e-08,1.7994588930037025e-08,1.0,vision,0.5,0.11764705926179886,0.05000000074505806
527,v0zCBqDeKcE$_$12,-0.4000000059604645,0.6361923813819885,2.5315525675750905e-08,4.4673669208350475e-08,1.0,vision,0.2666666805744171,0.0615384615957737,0.11538461595773697
496,tStelxIAHjw$_$3,0.5,0.5432226061820984,5.845643524793331e-09,1.0863843158404052e-08,1.0,vision,0.4000000059604645,0.13333334028720856,0.05882352963089943
565,vyB00TXsimI$_$10,1.3333333730697632,-0.18070010840892792,1.1260404164659121e-08,2.777053964564402e-08,1.0,vision,0.1818181872367859,0.06451612710952759,0.027027027681469917
352,lXPQBPVc5Cw$_$11,-1.7999999523162842,0.060779325664043427,7.972602134032059e-09,1.6112196021822456e-08,1.0,vision,0.5,0.2857142984867096,0.3333333432674408
503,tStelxIAHjw$_$8,-2.0,0.2060731053352356,7.0499415194547055e-09,1.600902344023325e-08,1.0,vision,0.2222222238779068,0.09090909361839294,0.23076923191547394
143,d6hH302o4v8$_$8,-2.200000047683716,-0.0053967684507369995,4.635517747431095e-09,9.949048696000773e-09,1.0,vision,0.3333333432674408,0.1111111119389534,0.09090909361839294
29,c7UH_rxdZv4$_$31,-1.399999976158142,-0.15104007720947266,2.126331288820893e-08,4.8066915780964337e-08,1.0,vision,0.23529411852359772,0.10112359374761581,0.08411215245723724
485,tIrG4oNLFzE$_$6,1.25,0.989715576171875,2.360863859962592e-08,4.131331721168863e-08,1.0,vision,0.23076923191547394,0.032258063554763794,0.10810811072587967
56,cW1FSBF59ik$_$2,3.0,0.5430382490158081,1.8009696844956125e-08,4.588090618540264e-08,1.0,vision,0.1666666716337204,0.13084112107753754,0.13953489065170288
455,rnaNMUZpvvg$_$4,-2.4000000953674316,0.3223627209663391,2.9546532331892195e-08,7.419006209374857e-08,0.9999998807907104,vision,0.12244898080825806,0.08510638028383255,0.08235294371843338
52,cW1FSBF59ik$_$22,-1.0,0.6825671792030334,3.185043695452805e-08,7.089670361892786e-08,0.9999998807907104,vision,0.1599999964237213,0.0784313753247261,0.08749999850988388
574,wMbj6ajWbic$_$24,1.399999976158142,0.7408584356307983,2.1198440336434032e-08,3.7333158786623244e-08,1.0,vision,0.4000000059604645,0.1764705926179886,0.1428571492433548
619,yDtzw_Y-7RU$_$10,-0.6000000238418579,0.7637212872505188,1.1503298757986613e-08,2.4890264072041646e-08,1.0,vision,0.2222222238779068,0.08695652335882187,0.07407407462596893
534,v0zCBqDeKcE$_$5,2.0,0.6607766151428223,1.1645290953765652e-08,1.8009215452252647e-08,1.0,vision,0.3333333432674408,0.03333333507180214,0.1388888955116272
546,vvZ4IcEtiZc$_$5,1.2000000476837158,0.3833898603916168,2.1368533609233964e-08,4.985096424547919e-08,1.0,vision,0.23076923191547394,0.1388888955116272,0.09302325546741486
459,rnaNMUZpvvg$_$8,-1.600000023841858,0.23440197110176086,1.1168577174203165e-08,3.8009339675681986e-08,1.0,vision,0.1818181872367859,0.24137930572032928,0.05714285746216774
543,vvZ4IcEtiZc$_$1,2.0,0.36961066722869873,7.141470526050853e-09,1.644926506116917e-08,1.0,vision,0.25,0.10526315867900848,0.043478261679410934
160,d6hH302o4v8$_$35,-1.600000023841858,-0.05376370623707771,1.9112114557628956e-08,4.3613010092258264e-08,1.0,vision,0.2222222238779068,0.10256410390138626,0.1489361673593521
380,nzpVDcQ0ywM$_$2,-1.600000023841858,0.16441449522972107,7.852427152954533e-09,2.1560953911148317e-08,1.0,vision,0.20000000298023224,0.14705882966518402,0.09756097197532654
300,jUzDDGyPkXU$_$19,2.200000047683716,0.8846959471702576,2.144419042338086e-08,3.477397569895402e-08,1.0,vision,0.30000001192092896,0.05714285746216774,0.0731707289814949
136,d6hH302o4v8$_$3,0.20000000298023224,0.358860582113266,1.7600457979938255e-08,3.553525829147475e-08,1.0,vision,0.2222222238779068,0.06122449040412903,0.13793103396892548
374,nzpVDcQ0ywM$_$20,0.20000000298023224,0.07341499626636505,4.62137528245421e-09,1.0033355479777128e-08,1.0,vision,0.4000000059604645,0.1818181872367859,0.07692307978868484
177,dq3Nf_lMPnE$_$9,-0.800000011920929,0.7893736362457275,2.234517637589306e-08,3.755433652941065e-08,1.0,vision,0.3125,0.08695652335882187,0.1428571492433548
375,nzpVDcQ0ywM$_$21,-1.399999976158142,0.20951078832149506,1.3824482891777734e-08,3.535286197120513e-08,1.0,vision,0.13333334028720856,0.07692307978868484,0.0793650820851326
580,wMbj6ajWbic$_$22,1.399999976158142,0.8409777879714966,1.860415288490458e-08,4.359587890689909e-08,1.0,vision,0.09090909361839294,0.03448275849223137,0.1034482792019844
665,zhpQhgha_KU$_$4,-1.600000023841858,-0.08066128194332123,5.052522400461612e-09,9.944058909638898e-09,1.0,vision,0.25,0.0,0.03703703731298447
6,c7UH_rxdZv4$_$22,-2.4000000953674316,0.22075483202934265,2.137444354843865e-08,4.3669782456845496e-08,1.0,vision,0.2857142984867096,0.1147540956735611,0.08219178020954132
685,zhpQhgha_KU$_$32,0.800000011920929,0.46086400747299194,1.78023231711677e-08,4.7257124435873266e-08,1.0,vision,0.10000000149011612,0.0793650820851326,0.07894736528396606
28,c7UH_rxdZv4$_$18,-2.25,0.626135528087616,1.666358606655649e-08,4.444479628773479e-08,1.0,vision,0.13333334028720856,0.12068965286016464,0.11594203114509583
281,jUzDDGyPkXU$_$22,-2.4000000953674316,0.8891372084617615,2.557727363239337e-08,4.4059238035742965e-08,1.0,vision,0.2222222238779068,0.019999999552965164,0.06779661029577255
264,iiK8YX8oH1E$_$16,0.0,-0.42947202920913696,1.544260719299473e-08,2.602454252098596e-08,1.0,vision,0.375,0.0714285746216774,0.0625
671,zhpQhgha_KU$_$10,0.6000000238418579,0.47136715054512024,2.006128596576673e-08,5.1255948818607067e-08,1.0,vision,0.14705882966518402,0.10891088843345642,0.1111111119389534
657,zhpQhgha_KU$_$22,0.6000000238418579,-0.25713542103767395,1.959458550970794e-08,3.528011305320433e-08,1.0,vision,0.3636363744735718,0.1111111119389534,0.1428571492433548
578,wMbj6ajWbic$_$20,-0.4000000059604645,0.697512686252594,2.3343694977029372e-08,5.42180877971532e-08,1.0,vision,0.20000000298023224,0.1190476194024086,0.019607843831181526
386,nzpVDcQ0ywM$_$8,2.0,-0.34207653999328613,1.2356736078800168e-08,3.6399470104697684e-08,1.0,vision,0.2142857164144516,0.18000000715255737,0.05000000074505806
172,dq3Nf_lMPnE$_$2,-1.399999976158142,0.9766489267349243,1.540821337187026e-08,3.3236414509474344e-08,1.0,vision,0.23076923191547394,0.125,0.18421052396297455
544,vvZ4IcEtiZc$_$3,1.399999976158142,0.6834694147109985,3.2972543806408794e-08,6.21204492290417e-08,0.9999998807907104,vision,0.2083333283662796,0.04651162773370743,0.09708737581968307
552,vyB00TXsimI$_$20,2.200000047683716,0.6658185124397278,8.476646939925558e-09,1.8652759337101088e-08,1.0,vision,0.1818181872367859,0.06451612710952759,0.2432432472705841
463,rnaNMUZpvvg$_$12,-1.0,0.2579684853553772,1.9498248349236746e-08,4.793534813529732e-08,1.0,vision,0.1818181872367859,0.125,0.19298245012760162
438,phBUpBr1hSo$_$1,1.399999976158142,0.6059492230415344,9.196172712222506e-09,2.3192447073938638e-08,1.0,vision,0.20000000298023224,0.13636364042758942,0.18518517911434174
142,d6hH302o4v8$_$9,-2.4000000953674316,-0.004232048988342285,6.335542312996267e-09,1.4062235820233582e-08,1.0,vision,0.25,0.0625,0.05263157933950424
176,dq3Nf_lMPnE$_$6,0.800000011920929,0.734279990196228,1.9351901414665917e-08,3.054421782167083e-08,1.0,vision,0.4444444477558136,0.15000000596046448,0.0416666679084301
208,f9O3YtZ2VfI$_$1,-1.2000000476837158,0.17887257039546967,2.1999040811238046e-08,3.4627966272182675e-08,1.0,vision,0.4444444477558136,0.1428571492433548,0.1764705926179886
11,c7UH_rxdZv4$_$3,-0.800000011920929,-0.19851510226726532,5.813864500936461e-09,1.3341057147897573e-08,1.0,vision,0.2857142984867096,0.09090909361839294,0.0
152,d6hH302o4v8$_$17,-2.0,-0.3026537299156189,1.0077063627988991e-08,1.1791915000003428e-08,1.0,vision,0.5,0.0,0.1666666716337204
536,v0zCBqDeKcE$_$7,1.399999976158142,0.6639657020568848,2.5758856381230544e-08,5.235708400164185e-08,1.0,vision,0.25,0.1111111119389534,0.11290322244167328
428,phBUpBr1hSo$_$10,-1.399999976158142,0.8606286644935608,1.0474551892514228e-08,2.0194308447685216e-08,1.0,vision,0.2222222238779068,0.03333333507180214,0.05714285746216774
585,wMbj6ajWbic$_$3,0.0,0.6966556906700134,2.475750271457855e-08,3.5030002010216776e-08,1.0,vision,0.4444444477558136,0.1111111119389534,0.0625
13,c7UH_rxdZv4$_$5,-2.200000047683716,0.01540752500295639,1.917604919299265e-08,5.011838410950986e-08,1.0,vision,0.15789473056793213,0.1111111119389534,0.046875
276,jUzDDGyPkXU$_$25,-2.0,0.7402914762496948,1.656424331031303e-08,4.396932951067356e-08,1.0,vision,0.11764705926179886,0.1190476194024086,0.13461539149284363
489,tStelxIAHjw$_$10,-0.4000000059604645,0.9469690322875977,1.403688631995692e-08,1.9244788873606922e-08,1.0,vision,0.3333333432674408,0.0,0.190476194024086
448,rnaNMUZpvvg$_$20,0.800000011920929,-0.5003553628921509,2.2272839572679004e-08,5.6293433914333946e-08,1.0,vision,0.1599999964237213,0.08130080997943878,0.1111111119389534
595,wMbj6ajWbic$_$13,2.0,0.4996413290500641,1.8454235473086555e-08,4.751870008590231e-08,1.0,vision,0.125,0.08771929889917374,0.0882352963089943
423,pLTX3ipuDJI$_$7,0.800000011920929,0.29022324085235596,2.3061041076744004e-08,4.2048032611319286e-08,1.0,vision,0.2857142984867096,0.0714285746216774,0.10000000149011612
516,tmZoasNr4rU$_$3,-2.0,0.32497334480285645,5.270191394401991e-09,1.1357295548464208e-08,1.0,vision,0.25,0.07692307978868484,0.1875
407,ob23OKe5a9Q$_$7,0.6000000238418579,0.35361728072166443,3.255590641515482e-08,6.822687481644607e-08,0.9999998807907104,vision,0.23529411852359772,0.1041666641831398,0.08620689809322357
315,k5Y_838nuGo$_$5,-1.3333333730697632,-0.47846719622612,1.9385666405469237e-08,3.7984406731084164e-08,1.0,vision,0.3636363744735718,0.125,0.05000000074505806
460,rnaNMUZpvvg$_$11,-2.5999999046325684,0.0333927646279335,2.306543933627836e-08,4.0411446633470405e-08,1.0,vision,0.3333333432674408,0.07894736528396606,0.04444444552063942
65,cW1FSBF59ik$_$13,2.0,0.7172703742980957,1.798841253730643e-08,3.865453734874791e-08,1.0,vision,0.21052631735801697,0.08860759437084198,0.13829787075519562
32,c7UH_rxdZv4$_$32,-2.200000047683716,0.47018224000930786,5.622129872762116e-09,1.0062563227108967e-08,1.0,vision,0.3333333432674408,0.05000000074505806,0.08695652335882187
8,c7UH_rxdZv4$_$28,-0.800000011920929,0.03721568360924721,2.8186725842260785e-08,4.0115857302680524e-08,1.0,vision,0.4545454680919647,0.09615384787321091,0.12903225421905518
482,tIrG4oNLFzE$_$5,0.4000000059604645,1.0324276685714722,1.2722527031883146e-08,2.9611754825964454e-08,1.0,vision,0.1666666716337204,0.10000000149011612,0.1944444477558136
73,cXypl4FnoZo$_$24,0.20000000298023224,-0.4743071496486664,2.56003538368077e-08,8.601586642953407e-08,0.9999998807907104,vision,0.11999999731779099,0.18691588938236237,0.1111111119389534
495,tStelxIAHjw$_$1,0.0,0.4848177134990692,1.8343131458209427e-08,4.3120035542187907e-08,1.0,vision,0.1666666716337204,0.08695652335882187,0.16867469251155853
611,yDtzw_Y-7RU$_$2,0.800000011920929,0.32550638914108276,2.4137129628343246e-08,4.545028531310891e-08,1.0,vision,0.27272728085517883,0.06666667014360428,0.06481481343507767
624,yDtzw_Y-7RU$_$17,0.20000000298023224,-0.14448608458042145,3.104119983277087e-08,5.4916863945209116e-08,1.0,vision,0.30434781312942505,0.0602409653365612,0.09000000357627869
401,ob23OKe5a9Q$_$14,0.800000011920929,0.48109960556030273,1.1254155829476531e-08,2.846284630209084e-08,1.0,vision,0.1428571492433548,0.08163265138864517,0.1794871836900711
135,d6hH302o4v8$_$1,-2.799999952316284,-0.255452960729599,1.1146275014084495e-08,1.731047660769036e-08,1.0,vision,0.5,0.125,0.1666666716337204
338,lXPQBPVc5Cw$_$21,1.7999999523162842,0.15430571138858795,1.8282914737710598e-08,3.809367399298935e-08,1.0,vision,0.25,0.095238097012043,0.11999999731779099
394,nzpVDcQ0ywM$_$16,1.399999976158142,-0.2873191833496094,1.8192610085066008e-08,3.9895034831261e-08,1.0,vision,0.25,0.09756097197532654,0.10204081982374191
207,f9O3YtZ2VfI$_$29,-2.0,0.03068939968943596,6.20790796546089e-09,1.4816124327410307e-08,1.0,vision,0.25,0.09090909361839294,0.07594936341047287
372,nbWiPyCm4g0$_$8,-2.200000047683716,-0.6219303011894226,1.569749485952343e-08,4.520147456332779e-08,1.0,vision,0.1428571492433548,0.10526315867900848,0.08695652335882187
253,fvVhgmXxadc$_$7,-1.0,-0.5292856693267822,1.929911697118314e-08,5.650222689723705e-08,1.0,vision,0.1538461595773697,0.12857143580913544,0.05263157933950424
275,jUzDDGyPkXU$_$24,-1.0,0.18910516798496246,1.5418883947404538e-08,3.703245354813589e-08,1.0,vision,0.1111111119389534,0.0416666679084301,0.1428571492433548
227,f9O3YtZ2VfI$_$30,-1.0,-0.09351608157157898,1.30662343167387e-08,4.609598391880354e-08,1.0,vision,0.1428571492433548,0.2199999988079071,0.0833333358168602
603,wMbj6ajWbic$_$30,0.800000011920929,0.6232441067695618,1.878973421298724e-08,4.367311134956253e-08,1.0,vision,0.23076923191547394,0.15000000596046448,0.125
216,f9O3YtZ2VfI$_$8,-1.7999999523162842,0.6287606954574585,1.6533942215346542e-08,3.806476556178495e-08,1.0,vision,0.27272728085517883,0.1818181872367859,0.22499999403953552
156,d6hH302o4v8$_$31,-1.399999976158142,0.5906937122344971,1.9835509235122117e-08,5.0457735767395206e-08,1.0,vision,0.1764705926179886,0.13636364042758942,0.09433962404727936
477,tIrG4oNLFzE$_$16,-1.600000023841858,0.7586318254470825,2.0166595504633733e-08,4.945443521364723e-08,1.0,vision,0.125,0.08139535039663315,0.08737864345312119
283,jUzDDGyPkXU$_$1,2.799999952316284,0.2634570002555847,4.990297064466631e-09,1.0350583501406163e-08,1.0,vision,0.2857142984867096,0.06666667014360428,0.05882352963089943
212,f9O3YtZ2VfI$_$4,-2.4000000953674316,0.08434617519378662,1.0881386458549969e-08,2.755406036669683e-08,1.0,vision,0.1818181872367859,0.10000000149011612,0.1304347813129425
469,rnaNMUZpvvg$_$18,-2.200000047683716,0.5429484248161316,4.762258143387044e-08,9.625495067666634e-08,0.9999998807907104,vision,0.20930232107639313,0.08759123831987381,0.07361963391304016
342,lXPQBPVc5Cw$_$29,-1.2000000476837158,-0.46791520714759827,1.9610737922448607e-08,5.7122804264508886e-08,1.0,vision,0.12903225421905518,0.11428571492433548,0.10588235408067703
600,wMbj6ajWbic$_$16,-0.4000000059604645,0.8230489492416382,2.5026695382734943e-08,6.46363318423937e-08,0.9999998807907104,vision,0.11999999731779099,0.11267605423927307,0.05882352963089943
678,zhpQhgha_KU$_$19,-0.800000011920929,-0.5043612718582153,1.62151359006657e-08,4.259654318161665e-08,1.0,vision,0.1875,0.095238097012043,0.0
650,yvsjCA6Y5Fc$_$18,-2.200000047683716,-0.13239435851573944,2.463206882907798e-08,5.984443163242759e-08,0.9999998807907104,vision,0.2222222238779068,0.14864864945411682,0.21052631735801697
91,cXypl4FnoZo$_$8,1.399999976158142,0.5101026296615601,1.959757689462549e-08,4.6100559814021835e-08,1.0,vision,0.1304347813129425,0.056338027119636536,0.1071428582072258
105,d3_k5Xpfmik$_$12,2.0,0.8622919321060181,1.9600902234628848e-08,5.245843937018435e-08,1.0,vision,0.0833333358168602,0.10000000149011612,0.09859155118465424
87,cXypl4FnoZo$_$4,-0.800000011920929,0.04815148562192917,2.01608276739762e-08,5.047333218044514e-08,1.0,vision,0.1666666716337204,0.09859155118465424,0.12941177189350128
627,yDtzw_Y-7RU$_$18,-2.0,-0.21232278645038605,2.8961570919250335e-08,5.9554416509399744e-08,1.0,vision,0.25,0.08163265138864517,0.03448275849223137
335,lXPQBPVc5Cw$_$26,-2.799999952316284,0.07646029442548752,1.0869168676208574e-08,3.00971230160485e-08,1.0,vision,0.1818181872367859,0.1428571492433548,0.09090909361839294
111,d3_k5Xpfmik$_$18,0.800000011920929,0.7826886773109436,1.7622559411734073e-08,3.9501603765756954e-08,1.0,vision,0.1428571492433548,0.054054055362939835,0.06818182021379471
146,d6hH302o4v8$_$11,-1.0,0.030505018308758736,1.0313555343088865e-08,2.8532584295248853e-08,1.0,vision,0.20000000298023224,0.1428571492433548,0.04878048598766327
213,f9O3YtZ2VfI$_$7,-1.2000000476837158,0.7458102703094482,1.0330920119372422e-08,1.9727261602042745e-08,1.0,vision,0.1818181872367859,0.0,0.1666666716337204
551,vvZ4IcEtiZc$_$8,-1.5,0.4663430452346802,1.8052135786206236e-08,3.6528689406623016e-08,1.0,vision,0.25,0.08196721225976944,0.13513512909412384
78,cXypl4FnoZo$_$21,-0.6000000238418579,0.2604433298110962,2.2070066663104626e-08,5.043743556143454e-08,1.0,vision,0.190476194024086,0.09677419066429138,0.1621621549129486
581,wMbj6ajWbic$_$23,1.7999999523162842,0.5373741984367371,2.184083669476422e-08,3.9791530070942827e-08,1.0,vision,0.2666666805744171,0.06896551698446274,0.1764705926179886
145,d6hH302o4v8$_$38,-3.0,-0.5136685967445374,2.0170173087308285e-08,2.631655071638761e-08,1.0,vision,0.5714285969734192,0.125,0.1034482792019844
211,f9O3YtZ2VfI$_$5,-1.7999999523162842,0.1157960295677185,1.4817932658672817e-08,4.596429548087144e-08,1.0,vision,0.095238097012043,0.12643678486347198,0.07619047909975052
554,vyB00TXsimI$_$22,0.6000000238418579,0.6421212553977966,1.2937700688553377e-08,3.764958123042561e-08,1.0,vision,0.1666666716337204,0.19230769574642181,0.09677419066429138
676,zhpQhgha_KU$_$17,1.75,0.23305243253707886,1.3177608337855418e-08,2.6405093223047515e-08,1.0,vision,0.23076923191547394,0.0555555559694767,0.17142857611179352
669,zhpQhgha_KU$_$8,-1.0,-0.05815352126955986,1.0852762244439873e-08,3.212493027149321e-08,1.0,vision,0.13333334028720856,0.12195122241973877,0.10204081982374191
320,k5Y_838nuGo$_$8,-1.399999976158142,0.20115286111831665,2.4547787802475796e-08,5.029650651522388e-08,1.0,vision,0.2142857164144516,0.06666667014360428,0.1111111119389534
114,d3_k5Xpfmik$_$2,0.0,0.17809028923511505,1.9195665501570147e-08,4.331705127924579e-08,1.0,vision,0.25,0.1428571492433548,0.11764705926179886
571,vyB00TXsimI$_$16,0.4000000059604645,-0.2803831100463867,2.7297373250689816e-08,5.900243849055187e-08,1.0,vision,0.21212121844291687,0.06382978707551956,0.08849557489156723
77,cXypl4FnoZo$_$20,-1.0,0.6171774864196777,1.464317556099104e-08,3.6793988300587444e-08,1.0,vision,0.1875,0.1355932205915451,0.17142857611179352
103,d3_k5Xpfmik$_$10,0.4000000059604645,0.8377681374549866,1.959331541456777e-08,4.6702375300355925e-08,1.0,vision,0.2142857164144516,0.1538461595773697,0.10389610379934311
22,c7UH_rxdZv4$_$12,-2.799999952316284,-0.43049558997154236,1.1601328786525755e-08,3.118207203556267e-08,1.0,vision,0.1428571492433548,0.06060606241226196,0.0833333358168602
236,f_pcplsH_V0$_$2,1.399999976158142,0.013899900019168854,2.611748328718022e-08,4.806379649835435e-08,1.0,vision,0.2857142984867096,0.06896551698446274,0.11428571492433548
675,zhpQhgha_KU$_$14,-1.5,0.6241978406906128,3.291228978241634e-08,4.06657569840263e-08,1.0,vision,0.5,0.1071428582072258,0.09090909361839294
521,tmZoasNr4rU$_$6,-1.7999999523162842,0.16677051782608032,2.1882200940126495e-08,4.0203794071658194e-08,1.0,vision,0.3333333432674408,0.10958904027938843,0.12643678486347198
434,phBUpBr1hSo$_$16,-1.600000023841858,0.450773149728775,3.4377308111288585e-08,5.694114335597078e-08,1.0,vision,0.2800000011920929,0.0416666679084301,0.06896551698446274
203,f9O3YtZ2VfI$_$21,2.0,-0.041933994740247726,1.3934078779698211e-08,4.528121166913479e-08,1.0,vision,0.10000000149011612,0.15789473056793213,0.13333334028720856
25,c7UH_rxdZv4$_$17,-1.399999976158142,0.40584155917167664,3.189536457171016e-08,5.805611991149817e-08,1.0,vision,0.3125,0.1111111119389534,0.04651162773370743
465,rnaNMUZpvvg$_$14,-2.5999999046325684,0.676471471786499,3.347435395539833e-08,4.3739387223240556e-08,1.0,vision,0.4375,0.07692307978868484,0.14516128599643707
44,cM3Yna7AavY$_$4,0.6000000238418579,-0.6018833518028259,1.6580427697476807e-08,4.554618016072709e-08,1.0,vision,0.1428571492433548,0.08988764137029648,0.1875
243,fvVhgmXxadc$_$11,-0.20000000298023224,-0.469824880361557,1.8714873206704397e-08,4.330813041519832e-08,1.0,vision,0.23999999463558197,0.10769230872392654,0.1428571492433548
577,wMbj6ajWbic$_$27,0.0,0.924645721912384,1.3397436937623297e-08,3.004928572636345e-08,1.0,vision,0.2222222238779068,0.11999999731779099,0.06896551698446274
159,d6hH302o4v8$_$36,-2.200000047683716,0.16366049647331238,2.2316935854860276e-08,4.920068974456626e-08,1.0,vision,0.25,0.11764705926179886,0.09756097197532654
350,lXPQBPVc5Cw$_$9,-2.5999999046325684,0.012693937867879868,2.5169928363766303e-08,5.639682143510072e-08,1.0,vision,0.1875,0.0731707289814949,0.1734693944454193
98,cXypl4FnoZo$_$17,-0.6000000238418579,-0.4285737872123718,2.5969107753098797e-08,5.5720324354524564e-08,1.0,vision,0.3076923191547394,0.13793103396892548,0.08571428805589676
224,f9O3YtZ2VfI$_$16,-1.0,-0.5723158717155457,1.6039006567325487e-08,4.2228794683296655e-08,1.0,vision,0.125,0.0555555559694767,0.09803921729326248
545,vvZ4IcEtiZc$_$2,2.4000000953674316,0.6116400957107544,2.2105959729401548e-08,4.091822702889658e-08,1.0,vision,0.25,0.05882352963089943,0.125
344,lXPQBPVc5Cw$_$3,-2.4000000953674316,0.8116558790206909,1.716407460605751e-08,2.380251906686226e-08,1.0,vision,0.375,0.03846153989434242,0.16129031777381897
642,yvsjCA6Y5Fc$_$10,-2.0,0.5957248210906982,2.7263707735869502e-08,5.6505889745039894e-08,1.0,vision,0.2380952388048172,0.1139240488409996,0.08510638028383255
636,yvsjCA6Y5Fc$_$4,-0.20000000298023224,0.2374451905488968,1.926866310952846e-08,5.0461299139215043e-08,1.0,vision,0.15789473056793213,0.12280701845884323,0.05882352963089943
510,tmZoasNr4rU$_$17,-1.399999976158142,0.7929266691207886,2.2171665392534123e-08,4.637191253209494e-08,1.0,vision,0.23076923191547394,0.10486891120672226,0.11874999850988388
388,nzpVDcQ0ywM$_$10,-1.0,-0.14617519080638885,2.6207752412688023e-08,5.911575584605089e-08,1.0,vision,0.23333333432674408,0.1111111119389534,0.1111111119389534
400,ob23OKe5a9Q$_$12,2.799999952316284,0.656217634677887,1.260271087488718e-08,2.9970010473334696e-08,1.0,vision,0.1818181872367859,0.1071428582072258,0.14705882966518402
235,f_pcplsH_V0$_$3,0.800000011920929,-0.4253510534763336,2.4270777387869202e-08,4.673828613022124e-08,1.0,vision,0.3636363744735718,0.1269841343164444,0.06578947603702545
60,cW1FSBF59ik$_$6,1.2000000476837158,0.5903851389884949,3.6291808669375314e-08,4.865086111749406e-08,1.0,vision,0.5,0.1538461595773697,0.13333334028720856
51,cW1FSBF59ik$_$21,1.600000023841858,0.8308155536651611,1.2513917013734499e-08,2.4491107808444212e-08,1.0,vision,0.23076923191547394,0.06896551698446274,0.20588235557079315
655,zhpQhgha_KU$_$20,-1.399999976158142,-0.3859506845474243,1.2226457180020134e-08,2.2634029761547936e-08,1.0,vision,0.3333333432674408,0.0714285746216774,0.0625
366,nbWiPyCm4g0$_$2,-2.4000000953674316,-0.40611809492111206,8.509482896101872e-09,1.6621875431610533e-08,1.0,vision,0.23076923191547394,0.0,0.18518517911434174
440,phBUpBr1hSo$_$2,2.200000047683716,0.3633248209953308,1.2404577809377315e-08,1.748108502397372e-08,1.0,vision,0.4285714328289032,0.05000000074505806,0.0833333358168602
221,f9O3YtZ2VfI$_$15,-1.2000000476837158,-0.47561904788017273,1.693817530679098e-08,3.506389845142621e-08,1.0,vision,0.30000001192092896,0.095238097012043,0.03999999910593033
200,f9O3YtZ2VfI$_$26,1.399999976158142,0.5241693258285522,1.0991670684745714e-08,1.9374724047338532e-08,1.0,vision,0.4285714328289032,0.15625,0.1315789520740509
435,phBUpBr1hSo$_$19,2.0,0.8068358898162842,6.9057151108609105e-09,1.045265829446862e-08,1.0,vision,0.3333333432674408,0.0,0.0833333358168602
232,f_pcplsH_V0$_$15,-1.0,0.45836159586906433,3.501818213180741e-08,4.460836677822044e-08,1.0,vision,0.5,0.10655737668275833,0.11428571492433548
643,yvsjCA6Y5Fc$_$13,-2.0,0.47358274459838867,2.208160232441969e-08,4.2890526685823716e-08,1.0,vision,0.3333333432674408,0.1489361673593521,0.1428571492433548
107,d3_k5Xpfmik$_$14,2.0,0.7065742611885071,2.2600426419217e-08,5.926896307073548e-08,1.0,vision,0.10869564861059189,0.1031746044754982,0.10126582533121109
559,vyB00TXsimI$_$4,1.7999999523162842,0.5084307789802551,1.3749485106018255e-08,2.312843783158769e-08,1.0,vision,0.3333333432674408,0.06451612710952759,0.07894736528396606
36,cM3Yna7AavY$_$12,-1.0,-0.15498799085617065,1.3518645758381354e-08,4.133309872145219e-08,1.0,vision,0.1428571492433548,0.15217390656471252,0.027027027681469917
483,tIrG4oNLFzE$_$4,1.399999976158142,0.872939944267273,2.8013822372940922e-08,3.720101560134026e-08,1.0,vision,0.3333333432674408,0.0,0.09090909361839294
504,tmZoasNr4rU$_$11,-0.6000000238418579,0.50468909740448,1.5210819270805587e-08,3.045282781499736e-08,1.0,vision,0.30000001192092896,0.1315789520740509,0.2222222238779068
144,d6hH302o4v8$_$39,-3.0,-0.5369630455970764,1.8734624518401688e-08,4.0259656941543653e-08,1.0,vision,0.3333333432674408,0.1428571492433548,0.029411764815449715
614,yDtzw_Y-7RU$_$7,-0.20000000298023224,0.7042938470840454,1.469373245299721e-08,3.611778964796031e-08,1.0,vision,0.20000000298023224,0.13953489065170288,0.1538461595773697
129,d6hH302o4v8$_$22,-1.0,-0.20244283974170685,6.475365132985189e-09,1.565034857264891e-08,1.0,vision,0.2222222238779068,0.0810810774564743,0.14814814925193787
584,wMbj6ajWbic$_$1,0.5,0.7747576236724854,9.223981578543317e-09,1.9308100007719986e-08,1.0,vision,0.20000000298023224,0.05000000074505806,0.125
456,rnaNMUZpvvg$_$7,-0.4000000059604645,0.05410318821668625,9.657121324835316e-09,2.039307034351623e-08,1.0,vision,0.2222222238779068,0.03448275849223137,0.05882352963089943
132,d6hH302o4v8$_$29,-1.7999999523162842,-0.7067850232124329,3.4974586782254846e-08,7.019259129492639e-08,0.9999998807907104,vision,0.25925925374031067,0.05714285746216774,0.04878048598766327
251,fvVhgmXxadc$_$5,0.0,-0.5730393528938293,1.5399633568335958e-08,3.5506058537748686e-08,1.0,vision,0.23076923191547394,0.07894736528396606,0.06521739065647125
295,jUzDDGyPkXU$_$12,0.5,0.6510618329048157,2.67209845361549e-08,4.5301078444026643e-08,1.0,vision,0.4000000059604645,0.1599999964237213,0.13333334028720856
562,vyB00TXsimI$_$9,-0.25,0.4041885435581207,1.0408451878163305e-08,2.2821605938361245e-08,1.0,vision,0.20000000298023224,0.05882352963089943,0.07500000298023224
432,phBUpBr1hSo$_$14,-1.2000000476837158,0.5795948505401611,1.4223384248168713e-08,3.127845360495485e-08,1.0,vision,0.25,0.125,0.1666666716337204
19,c7UH_rxdZv4$_$11,1.0,-0.02542899176478386,2.1895893098644592e-08,3.628218792073312e-08,1.0,vision,0.3333333432674408,0.05000000074505806,0.08510638028383255
550,vvZ4IcEtiZc$_$9,2.200000047683716,0.4448460042476654,1.7772398663851163e-08,4.831205302480157e-08,1.0,vision,0.09375,0.08602150529623032,0.10810811072587967
312,k5Y_838nuGo$_$1,-1.600000023841858,0.5426064133644104,2.529863074585137e-08,2.8545429131554556e-08,1.0,vision,0.4444444477558136,0.0,0.09090909361839294
568,vyB00TXsimI$_$15,2.5999999046325684,0.515379011631012,1.580788300259428e-08,4.349256244040589e-08,1.0,vision,0.10000000149011612,0.10144927352666855,0.10975609719753265
284,jUzDDGyPkXU$_$3,0.0,0.9583792090415955,8.642580873186034e-09,1.9093349123977532e-08,1.0,vision,0.2222222238779068,0.1111111119389534,0.25
133,d6hH302o4v8$_$40,-1.0,0.1007542610168457,8.105013549197793e-09,7.216423902889346e-09,1.0,vision,0.6666666865348816,0.0,0.0
473,tIrG4oNLFzE$_$12,-2.5999999046325684,-0.3321210741996765,1.1843125591326498e-08,2.2534955235187226e-08,1.0,vision,0.3333333432674408,0.07407407462596893,0.03125
234,f_pcplsH_V0$_$1,0.25,0.6780452132225037,1.0796748384223065e-08,1.550083084111975e-08,1.0,vision,0.375,0.03125,0.2368421107530594
564,vyB00TXsimI$_$11,-0.20000000298023224,0.705172061920166,1.324966358851043e-08,2.713561997325087e-08,1.0,vision,0.13333334028720856,0.0,0.15555556118488312
179,etzxEpPuc6I$_$11,-1.600000023841858,0.7020840644836426,2.75771920854595e-08,6.857809609073229e-08,0.9999998807907104,vision,0.21052631735801697,0.1764705926179886,0.08064515888690948
345,lXPQBPVc5Cw$_$2,-2.200000047683716,-0.3177286684513092,9.700504399745569e-09,3.0246170013015217e-08,1.0,vision,0.1538461595773697,0.15000000596046448,0.0357142873108387
640,yvsjCA6Y5Fc$_$8,0.4000000059604645,-0.2023622691631317,2.031623758114165e-08,4.4988510694565775e-08,1.0,vision,0.17391304671764374,0.04285714402794838,0.1325301229953766
586,wMbj6ajWbic$_$2,-0.800000011920929,0.6771894097328186,2.4930461250960434e-08,4.956586607818281e-08,1.0,vision,0.2380952388048172,0.08433734625577927,0.09000000357627869
48,cM3Yna7AavY$_$8,-0.6000000238418579,-0.08544011414051056,1.7482184588857308e-08,3.368860390651207e-08,1.0,vision,0.4000000059604645,0.190476194024086,0.20000000298023224
601,wMbj6ajWbic$_$19,-0.6000000238418579,0.8513786792755127,1.9017715402469548e-08,4.285070787091172e-08,1.0,vision,0.1764705926179886,0.10000000149011612,0.11666666716337204
272,iiK8YX8oH1E$_$6,0.20000000298023224,-0.06477248668670654,4.341587089840004e-09,1.2172659324960478e-08,1.0,vision,0.2857142984867096,0.20000000298023224,0.0555555559694767
623,yDtzw_Y-7RU$_$14,2.200000047683716,0.36041826009750366,1.7941811591981605e-08,5.242403133820517e-08,1.0,vision,0.17391304671764374,0.1910112351179123,0.13084112107753754
258,iiK8YX8oH1E$_$10,0.0,0.4983048141002655,1.446211950195675e-08,2.241668006774944e-08,1.0,vision,0.4285714328289032,0.10000000149011612,0.08695652335882187
289,jUzDDGyPkXU$_$6,-1.600000023841858,-0.5682382583618164,2.692105560697655e-08,6.13145658689973e-08,0.9999998807907104,vision,0.22580644488334656,0.0824742242693901,0.0476190485060215
155,d6hH302o4v8$_$18,-2.0,-0.5135254859924316,2.1510757619580545e-08,5.30790309483109e-08,1.0,vision,0.3636363744735718,0.24137930572032928,0.08571428805589676
358,lXPQBPVc5Cw$_$17,-1.7999999523162842,0.33362114429473877,2.440060065111993e-08,7.049231953715207e-08,0.9999998807907104,vision,0.10000000149011612,0.1304347813129425,0.1204819306731224
1,c7UH_rxdZv4$_$25,0.0,0.04931727051734924,1.3481978200502454e-08,2.7656785306362508e-08,1.0,vision,0.3333333432674408,0.1428571492433548,0.11999999731779099
140,d6hH302o4v8$_$7,-2.799999952316284,-0.5093023180961609,1.8149425073943348e-08,4.271809928013681e-08,1.0,vision,0.2222222238779068,0.0810810774564743,0.06818182021379471
334,lXPQBPVc5Cw$_$25,-2.4000000953674316,0.6442121863365173,2.4453624902776028e-08,4.5951932037269216e-08,1.0,vision,0.260869562625885,0.08474576473236084,0.2195121943950653
20,c7UH_rxdZv4$_$10,0.800000011920929,0.14786212146282196,2.877238713949737e-08,6.20701072762131e-08,0.9999998807907104,vision,0.2857142984867096,0.1621621549129486,0.20454545319080353
341,lXPQBPVc5Cw$_$28,0.800000011920929,-0.01731744036078453,2.0082765672668756e-08,5.643577338787509e-08,1.0,vision,0.1764705926179886,0.1538461595773697,0.0476190485060215
225,f9O3YtZ2VfI$_$19,-0.6000000238418579,-0.13136854767799377,5.967639271631242e-09,1.541185667974787e-08,1.0,vision,0.25,0.12121212482452393,0.10000000149011612
421,pLTX3ipuDJI$_$5,-2.0,0.7924078702926636,3.6935386305003703e-08,7.653562050791152e-08,0.9999998807907104,vision,0.1666666716337204,0.06060606241226196,0.050632912665605545
314,k5Y_838nuGo$_$2,1.2000000476837158,-0.35351741313934326,2.8653328598693406e-08,2.854221925474576e-08,1.0,vision,0.7142857313156128,0.125,0.0
195,etzxEpPuc6I$_$6,0.4000000059604645,0.7567258477210999,2.2348800143845438e-08,3.2947838235486415e-08,1.0,vision,0.3333333432674408,0.02777777798473835,0.09302325546741486
126,d6hH302o4v8$_$27,-2.5999999046325684,0.07582011818885803,5.476244790969531e-09,1.040595076773343e-08,1.0,vision,0.4000000059604645,0.1111111119389534,0.0
507,tmZoasNr4rU$_$12,-2.200000047683716,0.25292515754699707,1.6984698092414874e-08,3.311934193561683e-08,1.0,vision,0.30000001192092896,0.1034482792019844,0.08571428805589676
127,d6hH302o4v8$_$20,1.0,-0.40275195240974426,1.5021885957366976e-08,3.3200365123775555e-08,1.0,vision,0.2142857164144516,0.03999999910593033,0.06666667014360428
325,k5Y_838nuGo$_$15,-0.800000011920929,0.23220212757587433,1.877812572104176e-08,4.453601576415167e-08,1.0,vision,0.125,0.03703703731298447,0.10769230872392654
558,vyB00TXsimI$_$5,1.7999999523162842,-0.09475082159042358,8.33032753888574e-09,1.4256629654596509e-08,1.0,vision,0.4285714328289032,0.10000000149011612,0.0
549,vvZ4IcEtiZc$_$6,1.0,-0.1316969096660614,1.8064604034861986e-08,4.185870849937601e-08,1.0,vision,0.1666666716337204,0.056338027119636536,0.01666666753590107
537,v0zCBqDeKcE$_$6,0.800000011920929,0.6063952445983887,1.8257265921306498e-08,5.3246747455659715e-08,1.0,vision,0.10000000149011612,0.1315789520740509,0.06521739065647125
