index,id,y_true,y_pred,w_text,w_audio,w_vision,selected_anchor,availability_text,availability_audio,availability_vision
377,nzpVDcQ0ywM$_$23,2.0,0.3321557939052582,0.0002801083028316498,0.9957155585289001,0.004004271235316992,audio,0.5,0.7894737124443054,0.5
352,lXPQBPVc5Cw$_$11,-1.7999999523162842,-0.5721134543418884,0.0006349471514113247,0.9936299920082092,0.005735090933740139,audio,0.6666666865348816,0.5714285969734192,0.4444444477558136
477,tIrG4oNLFzE$_$16,-1.600000023841858,0.4501504898071289,0.00040124362567439675,0.9934333562850952,0.006165438797324896,audio,0.5833333134651184,0.5930232405662537,0.5922330021858215
518,tmZoasNr4rU$_$5,-0.800000011920929,-0.8030050992965698,0.00048122185398824513,0.9944550395011902,0.005063697230070829,audio,0.75,0.7333333492279053,0.5925925970077515
512,tmZoasNr4rU$_$19,0.20000000298023224,0.9987014532089233,0.0005779716302640736,0.9918614625930786,0.007560529746115208,audio,0.6666666865348816,0.6438356041908264,0.6551724076271057
257,iiK8YX8oH1E$_$11,1.0,-0.34466326236724854,0.000615837867371738,0.9925262928009033,0.006857809145003557,audio,0.7692307829856873,0.5696202516555786,0.6170212626457214
491,tStelxIAHjw$_$12,-1.0,0.7747379541397095,0.0003545262443367392,0.9956803321838379,0.0039650872349739075,audio,0.75,0.7931034564971924,0.5882353186607361
211,f9O3YtZ2VfI$_$5,-1.7999999523162842,-0.8907711505889893,0.0006002773880027235,0.9929308891296387,0.006468865089118481,audio,0.6666666865348816,0.6321839094161987,0.5523809790611267
529,v0zCBqDeKcE$_$14,1.5,1.0526456832885742,0.0005788701237179339,0.9929487705230713,0.00647238502278924,audio,0.75,0.6206896305084229,0.6176470518112183
392,nzpVDcQ0ywM$_$14,0.20000000298023224,0.0902365893125534,0.0005813852767460048,0.9914728403091431,0.007945701479911804,audio,0.6000000238418579,0.5714285969734192,0.6086956262588501
311,k5Y_838nuGo$_$29,-0.75,-0.3464769721031189,0.0004150963795837015,0.9935685396194458,0.006016380153596401,audio,0.6666666865348816,0.6875,0.6578947305679321
443,phBUpBr1hSo$_$7,-1.0,-0.9202578067779541,0.00032035380718298256,0.9939661622047424,0.005713541992008686,audio,0.5,0.5666666626930237,0.5625
572,vyB00TXsimI$_$19,1.2000000476837158,2.172417640686035,0.0010819371091201901,0.988713264465332,0.010204856283962727,audio,0.7142857313156128,0.4444444477558136,0.5454545617103577
173,dq3Nf_lMPnE$_$5,1.2000000476837158,-0.6247795820236206,0.0005540625425055623,0.990220308303833,0.009225647896528244,audio,0.6666666865348816,0.5833333134651184,0.7307692170143127
544,vvZ4IcEtiZc$_$3,1.399999976158142,-0.6232364177703857,0.00044653203804045916,0.9928841590881348,0.006669287569820881,audio,0.5416666865348816,0.5581395626068115,0.5631067752838135
513,tmZoasNr4rU$_$18,0.0,-0.2882158160209656,0.0005983688170090318,0.9922033548355103,0.007198259234428406,audio,0.7777777910232544,0.6153846383094788,0.6666666865348816
627,yDtzw_Y-7RU$_$18,-2.0,0.5573990941047668,0.00042824490810744464,0.9925035238265991,0.0070681883953511715,audio,0.5,0.4897959232330322,0.5517241358757019
82,cXypl4FnoZo$_$29,-1.399999976158142,-0.5470739006996155,0.0012841636780649424,0.9849082231521606,0.013807679526507854,audio,0.8571428656578064,0.4000000059604645,0.7272727489471436
496,tStelxIAHjw$_$3,0.5,0.6542285084724426,0.00025088872644118965,0.9936502575874329,0.006098875775933266,audio,0.4000000059604645,0.6666666865348816,0.6470588445663452
125,d6hH302o4v8$_$26,-2.5999999046325684,-0.8779605031013489,0.0012079667067155242,0.990833580493927,0.007958435453474522,audio,1.0,0.5,0.6000000238418579
618,yDtzw_Y-7RU$_$11,-1.399999976158142,0.7227692008018494,0.0002051178307738155,0.9946245551109314,0.005170304328203201,audio,0.4375,0.7941176295280457,0.6904761791229248
143,d6hH302o4v8$_$8,-2.200000047683716,-0.7261343598365784,0.0006176956230774522,0.9918789863586426,0.007503320463001728,audio,0.8333333134651184,0.6666666865348816,0.7272727489471436
287,jUzDDGyPkXU$_$4,-1.600000023841858,0.9137559533119202,0.0004992702160961926,0.9931935667991638,0.006307218689471483,audio,0.7105262875556946,0.5280898809432983,0.59375
269,iiK8YX8oH1E$_$5,-0.4000000059604645,-0.05558295547962189,0.0005317744798958302,0.9934316277503967,0.006036579143255949,audio,0.6857143044471741,0.5785123705863953,0.550000011920929
478,tIrG4oNLFzE$_$18,-2.200000047683716,-1.0210764408111572,0.0004190779000055045,0.9938399195671082,0.005740981083363295,audio,0.7599999904632568,0.7121211886405945,0.6962025165557861
682,zhpQhgha_KU$_$35,0.6000000238418579,0.3537329435348511,0.00043690475285984576,0.9936417937278748,0.00592136662453413,audio,0.6086956262588501,0.6857143044471741,0.5952380895614624
207,f9O3YtZ2VfI$_$29,-2.0,1.7446670532226562,0.0006755811045877635,0.9924705028533936,0.006853850558400154,audio,0.75,0.5151515007019043,0.5569620132446289
71,cW1FSBF59ik$_$19,0.20000000298023224,-0.3345819413661957,0.000584142399020493,0.9881207942962646,0.011295105330646038,audio,0.699999988079071,0.4583333432674408,0.7931034564971924
282,jUzDDGyPkXU$_$23,1.2000000476837158,0.9880248308181763,0.0005157346604391932,0.9943023920059204,0.005181862041354179,audio,0.7142857313156128,0.6315789222717285,0.52173912525177
31,c7UH_rxdZv4$_$33,-1.7999999523162842,-0.8743353486061096,0.0021825828589498997,0.9824771285057068,0.015340302139520645,audio,1.0,0.3333333432674408,0.6666666865348816
73,cXypl4FnoZo$_$24,0.20000000298023224,-1.4042527675628662,0.0004325539048295468,0.9920923113822937,0.00747512374073267,audio,0.5799999833106995,0.7196261882781982,0.7037037014961243
301,jUzDDGyPkXU$_$18,-2.4000000953674316,-1.239339828491211,0.0010092183947563171,0.9816973805427551,0.01729344204068184,audio,0.8571428656578064,0.4583333432674408,0.931034505367279
474,tIrG4oNLFzE$_$15,-2.0,1.3043349981307983,0.0004982026875950396,0.994025468826294,0.0054762898944318295,audio,0.75,0.6197183132171631,0.5833333134651184
215,f9O3YtZ2VfI$_$9,-2.200000047683716,-0.6772779226303101,0.0009050116059370339,0.9866929650306702,0.012402036227285862,audio,0.5384615659713745,0.5,0.6097561120986938
162,d6hH302o4v8$_$33,-3.0,0.7356522679328918,0.001614197390154004,0.9919410943984985,0.006444660481065512,audio,1.0,0.4285714328289032,0.375
437,phBUpBr1hSo$_$20,-1.25,-0.027083255350589752,0.0004176438960712403,0.9909393787384033,0.008642928674817085,audio,0.5416666865348816,0.5625,0.7068965435028076
28,c7UH_rxdZv4$_$18,-2.25,-0.9397488236427307,0.0007700424175709486,0.9923934936523438,0.00683647021651268,audio,0.8666666746139526,0.5862069129943848,0.6086956262588501
245,fvVhgmXxadc$_$13,0.20000000298023224,-0.3148593604564667,0.0004469775012694299,0.9944288730621338,0.005124168004840612,audio,0.6499999761581421,0.6481481194496155,0.5230769515037537
202,f9O3YtZ2VfI$_$20,-0.4000000059604645,-0.5728931427001953,0.00048013299237936735,0.9925507307052612,0.006969158537685871,audio,0.5,0.5151515007019043,0.5128205418586731
174,dq3Nf_lMPnE$_$4,-0.4000000059604645,-0.32734280824661255,0.00042840748210437596,0.9931459426879883,0.006425723433494568,audio,0.5925925970077515,0.5952380895614624,0.5980392098426819
676,zhpQhgha_KU$_$17,1.75,1.5843613147735596,0.0005084726144559681,0.9930424690246582,0.00644912151619792,audio,0.692307710647583,0.6388888955116272,0.6285714507102966
331,k5Y_838nuGo$_$31,-1.0,-0.8983851671218872,0.00036132821696810424,0.99302738904953,0.006611234974116087,audio,0.5384615659713745,0.695652186870575,0.6666666865348816
528,v0zCBqDeKcE$_$15,2.4000000953674316,0.8026091456413269,0.0006893854006193578,0.9927594661712646,0.006551134400069714,audio,0.875,0.6363636255264282,0.6499999761581421
588,wMbj6ajWbic$_$4,1.0,-0.43649765849113464,0.00029171767528168857,0.9953631162643433,0.0043451315723359585,audio,0.5,0.699999988079071,0.5
161,d6hH302o4v8$_$34,-3.0,1.2328742742538452,0.00041370317921973765,0.9931463003158569,0.006440069060772657,audio,0.6000000238418579,0.6666666865348816,0.6363636255264282
505,tmZoasNr4rU$_$10,-1.7999999523162842,0.004308775067329407,0.0004654262447729707,0.9904018044471741,0.009132740087807178,audio,0.5,0.5600000023841858,0.6785714030265808
462,rnaNMUZpvvg$_$13,-2.0,-0.05487564206123352,0.0006822224240750074,0.9934518337249756,0.005865953862667084,audio,0.75,0.529411792755127,0.4761904776096344
295,jUzDDGyPkXU$_$12,0.5,1.1220616102218628,0.0003368936013430357,0.9945299029350281,0.005133246071636677,audio,0.6000000238418579,0.6800000071525574,0.6000000238418579
354,lXPQBPVc5Cw$_$13,2.799999952316284,0.41077321767807007,0.00032658790587447584,0.9945306181907654,0.005142868030816317,audio,0.5,0.6875,0.5555555820465088
213,f9O3YtZ2VfI$_$7,-1.2000000476837158,-1.0341544151306152,0.0005670431419275701,0.9932399988174438,0.006192981731146574,audio,0.6363636255264282,0.550000011920929,0.5
471,tIrG4oNLFzE$_$10,-1.7999999523162842,-0.10790877044200897,0.0005143540329299867,0.9910261034965515,0.008459554053843021,audio,0.6000000238418579,0.5185185074806213,0.65625
191,etzxEpPuc6I$_$2,1.2000000476837158,0.5715941190719604,0.00035777041921392083,0.9953780174255371,0.0042642345651984215,audio,0.6315789222717285,0.739130437374115,0.5272727012634277
78,cXypl4FnoZo$_$21,-0.6000000238418579,-0.43217092752456665,0.000581698608584702,0.990916907787323,0.008501365780830383,audio,0.6666666865348816,0.5967742204666138,0.6891891956329346
570,vyB00TXsimI$_$17,1.399999976158142,-0.3072204887866974,0.00034315133234485984,0.9928566217422485,0.006800253875553608,audio,0.4736842215061188,0.6170212626457214,0.6315789222717285
198,f9O3YtZ2VfI$_$24,-2.5999999046325684,-0.6620665788650513,0.0005026246653869748,0.9931812882423401,0.006316118407994509,audio,0.7200000286102295,0.6096774339675903,0.6263440847396851
95,cXypl4FnoZo$_$12,2.0,1.7061713933944702,0.0004169435705989599,0.9939897060394287,0.00559341860935092,audio,0.6666666865348816,0.6666666865348816,0.6122449040412903
582,wMbj6ajWbic$_$28,2.4000000953674316,1.6996502876281738,0.0006523552583530545,0.9923977255821228,0.006949893198907375,audio,0.7368420958518982,0.41999998688697815,0.5333333611488342
395,nzpVDcQ0ywM$_$19,-2.0,0.9040701389312744,0.0005693812272511423,0.9909613728523254,0.008469248190522194,audio,0.6000000238418579,0.46296295523643494,0.609375
635,yvsjCA6Y5Fc$_$5,0.4000000059604645,-0.48263585567474365,0.0007426022202707827,0.9930158853530884,0.0062415204010903835,audio,0.75,0.5625,0.5
137,d6hH302o4v8$_$2,-1.7999999523162842,0.5627432465553284,0.0005638743168674409,0.9936680197715759,0.005768090020865202,audio,0.7272727489471436,0.5757575631141663,0.5384615659713745
91,cXypl4FnoZo$_$8,1.399999976158142,0.4362473487854004,0.0005060789990238845,0.9907474517822266,0.008746459148824215,audio,0.5652173757553101,0.4507042169570923,0.6309523582458496
624,yDtzw_Y-7RU$_$17,0.20000000298023224,0.5702998638153076,0.0004803136398550123,0.9937052130699158,0.005814509000629187,audio,0.739130437374115,0.5783132314682007,0.6000000238418579
332,k5Y_838nuGo$_$30,1.600000023841858,1.0752289295196533,0.0004729849752038717,0.9936018586158752,0.00592513382434845,audio,0.75,0.6857143044471741,0.6585366129875183
401,ob23OKe5a9Q$_$14,0.800000011920929,-0.21387827396392822,0.0004155639326199889,0.9918497800827026,0.00773471686989069,audio,0.5,0.5,0.6068376302719116
328,k5Y_838nuGo$_$16,0.25,-0.14584805071353912,0.0005737493047490716,0.9901873469352722,0.009238828904926777,audio,0.625,0.5263158082962036,0.6818181872367859
648,yvsjCA6Y5Fc$_$16,-1.7999999523162842,-1.0194566249847412,0.00047882721992209554,0.9928454756736755,0.006675747688859701,audio,0.6600000262260437,0.5714285969734192,0.6184210777282715
393,nzpVDcQ0ywM$_$17,1.600000023841858,0.4199145436286926,0.0009522336767986417,0.9865286350250244,0.01251912023872137,audio,0.75,0.47826087474823,0.7407407164573669
177,dq3Nf_lMPnE$_$9,-0.800000011920929,1.2874441146850586,0.0005475894431583583,0.9947250485420227,0.004727358929812908,audio,0.75,0.5869565010070801,0.4642857015132904
428,phBUpBr1hSo$_$10,-1.399999976158142,0.613241970539093,0.0003968014207202941,0.99338299036026,0.006220135372132063,audio,0.5555555820465088,0.5666666626930237,0.5714285969734192
600,wMbj6ajWbic$_$16,-0.4000000059604645,0.2589302361011505,0.0005104230949655175,0.9950230121612549,0.004466574173420668,audio,0.8399999737739563,0.6619718074798584,0.5411764979362488
163,d6hH302o4v8$_$32,-0.6000000238418579,0.7055271863937378,0.0011104759760200977,0.9899193048477173,0.008970222435891628,audio,0.8888888955116272,0.5,0.6206896305084229
630,yvsjCA6Y5Fc$_$22,-1.600000023841858,-0.9031301140785217,0.0007534274482168257,0.989744246006012,0.009502277709543705,audio,0.5714285969734192,0.5714285969734192,0.5882353186607361
490,tStelxIAHjw$_$13,-1.600000023841858,0.5357468724250793,0.0006318368250504136,0.987789511680603,0.011578595265746117,audio,0.5714285969734192,0.380952388048172,0.6800000071525574
226,f9O3YtZ2VfI$_$18,-1.0,0.9825530052185059,0.00041942999814637005,0.995600700378418,0.0039798603393137455,audio,0.75,0.75,0.5208333134651184
176,dq3Nf_lMPnE$_$6,0.800000011920929,-0.6602935194969177,0.0007044945377856493,0.9937605261802673,0.005534991156309843,audio,0.6666666865348816,0.5,0.375
651,zhpQhgha_KU$_$24,0.0,-0.15538212656974792,0.0006081425817683339,0.992863118648529,0.006528790108859539,audio,0.75,0.5909090638160706,0.5925925970077515
523,tmZoasNr4rU$_$8,-2.0,-0.8434575796127319,0.0009883642196655273,0.992280900478363,0.006730664987117052,audio,1.0,0.5874999761581421,0.6145833134651184
41,cM3Yna7AavY$_$3,1.0,-0.3944171071052551,0.0005530545022338629,0.9943287968635559,0.005118109751492739,audio,0.6875,0.6382978558540344,0.48275861144065857
459,rnaNMUZpvvg$_$8,-1.600000023841858,1.108158826828003,0.0005372550804167986,0.9942875504493713,0.005175268277525902,audio,0.8181818127632141,0.6206896305084229,0.5714285969734192
3,c7UH_rxdZv4$_$27,-1.7999999523162842,-0.8424896001815796,0.0005251883994787931,0.9931556582450867,0.006319154519587755,audio,0.695652186870575,0.6000000238418579,0.5934959053993225
361,lXPQBPVc5Cw$_$18,-1.399999976158142,0.6002930998802185,0.0002888990566134453,0.9942193031311035,0.005491752177476883,audio,0.3636363744735718,0.6000000238418579,0.5
96,cXypl4FnoZo$_$15,0.0,0.18216276168823242,0.0004457971081137657,0.9942886829376221,0.005265545565634966,audio,0.6666666865348816,0.6352941393852234,0.5490196347236633
340,lXPQBPVc5Cw$_$23,-2.4000000953674316,0.23778189718723297,0.000668293156195432,0.9915043711662292,0.007827376015484333,audio,0.5333333611488342,0.52173912525177,0.5
69,cW1FSBF59ik$_$17,2.4000000953674316,1.3416070938110352,0.00031072989804670215,0.9937900900840759,0.005899196024984121,audio,0.5,0.6153846383094788,0.6000000238418579
234,f_pcplsH_V0$_$1,0.25,1.2283964157104492,0.0005412484752014279,0.9932461977005005,0.006212547421455383,audio,0.75,0.59375,0.6052631735801697
508,tmZoasNr4rU$_$15,0.25,0.030668340623378754,0.0006611855933442712,0.9913572072982788,0.00798159558326006,audio,0.6666666865348816,0.5384615659713745,0.59375
431,phBUpBr1hSo$_$15,-2.200000047683716,-0.3553009629249573,0.0004411408444866538,0.9933056235313416,0.006253269035369158,audio,0.6800000071525574,0.5962733030319214,0.6288659572601318
185,etzxEpPuc6I$_$17,-0.4000000059604645,0.01758434623479843,0.00038645960739813745,0.9954082369804382,0.0042052739299833775,audio,0.6875,0.7291666865348816,0.5263158082962036
363,nbWiPyCm4g0$_$10,1.2000000476837158,1.4148238897323608,0.0006363959982991219,0.9915408492088318,0.00782280508428812,audio,0.6363636255264282,0.5853658318519592,0.6041666865348816
576,wMbj6ajWbic$_$26,1.7999999523162842,1.628269076347351,0.0007826353539712727,0.9918213486671448,0.007396037224680185,audio,0.9166666865348816,0.550000011920929,0.6666666865348816
25,c7UH_rxdZv4$_$17,-1.399999976158142,-0.09646343439817429,0.0005006365827284753,0.9928627610206604,0.006636590231209993,audio,0.625,0.5833333134651184,0.5813953280448914
472,tIrG4oNLFzE$_$13,-2.0,-0.1901761144399643,0.0005792523152194917,0.9932291507720947,0.0061916266568005085,audio,0.800000011920929,0.5961538553237915,0.6231883764266968
254,fvVhgmXxadc$_$6,-0.20000000298023224,-0.746529757976532,0.0007255118689499795,0.9912733435630798,0.008001127280294895,audio,0.7599999904632568,0.5,0.6111111044883728
253,fvVhgmXxadc$_$7,-1.0,-0.04399263858795166,0.00033748417627066374,0.9894906878471375,0.010171865113079548,audio,0.42307692766189575,0.5714285969734192,0.7894737124443054
239,f_pcplsH_V0$_$7,0.0,-0.8817065954208374,0.0004899277701042593,0.9935903549194336,0.005919790361076593,audio,0.6363636255264282,0.625,0.5517241358757019
302,k5Y_838nuGo$_$24,0.6000000238418579,-0.008103661239147186,0.0002534713421482593,0.9920564293861389,0.007690129801630974,audio,0.3333333432674408,0.6666666865348816,0.7200000286102295
507,tmZoasNr4rU$_$12,-2.200000047683716,-1.0466018915176392,0.0007072229054756463,0.9910882711410522,0.008204539306461811,audio,0.800000011920929,0.5862069129943848,0.6857143044471741
388,nzpVDcQ0ywM$_$10,-1.0,-1.2455967664718628,0.0005393843166530132,0.9928889274597168,0.006571663077920675,audio,0.6666666865348816,0.6000000238418579,0.5833333134651184
502,tStelxIAHjw$_$9,-1.399999976158142,-0.03591375797986984,0.00017334322910755873,0.9970225691795349,0.0028040579054504633,audio,0.4444444477558136,0.9333333373069763,0.5
7,c7UH_rxdZv4$_$23,-0.6000000238418579,1.0429407358169556,0.00030161734321154654,0.9941885471343994,0.005509809125214815,audio,0.5,0.699999988079071,0.6111111044883728
619,yDtzw_Y-7RU$_$10,-0.6000000238418579,0.6719567775726318,0.0006114585557952523,0.9949654936790466,0.004423024132847786,audio,0.8888888955116272,0.695652186870575,0.5185185074806213
656,zhpQhgha_KU$_$21,0.6000000238418579,-0.22977744042873383,0.0004249073681421578,0.9939270615577698,0.005648001562803984,audio,0.6315789222717285,0.6129032373428345,0.5675675868988037
403,ob23OKe5a9Q$_$3,-1.2000000476837158,-0.4059891700744629,0.0003060674061998725,0.9939435124397278,0.005750399548560381,audio,0.5,0.6842105388641357,0.6222222447395325
230,f_pcplsH_V0$_$13,1.600000023841858,0.8489104509353638,0.0004020952037535608,0.9940580129623413,0.005539854057133198,audio,0.5454545617103577,0.5555555820465088,0.5
373,nzpVDcQ0ywM$_$24,1.600000023841858,1.0755411386489868,0.0006476729759015143,0.9945477843284607,0.0048044961877167225,audio,0.7777777910232544,0.6428571343421936,0.4545454680919647
356,lXPQBPVc5Cw$_$15,-2.799999952316284,-0.9283323884010315,0.00044302866444922984,0.9934043288230896,0.006152668036520481,audio,0.5,0.574999988079071,0.5
51,cW1FSBF59ik$_$21,1.600000023841858,0.8100308179855347,0.0001706310868030414,0.9947007894515991,0.005128610413521528,audio,0.38461539149284363,0.7586206793785095,0.7058823704719543
296,jUzDDGyPkXU$_$15,1.3333333730697632,-0.27094054222106934,0.00039484407170675695,0.9945677518844604,0.005037415307015181,audio,0.5882353186607361,0.6818181872367859,0.5283018946647644
367,nbWiPyCm4g0$_$5,-1.399999976158142,-0.4573596715927124,0.0005741461645811796,0.9925623536109924,0.006863511633127928,audio,0.6388888955116272,0.604938268661499,0.5833333134651184
104,d3_k5Xpfmik$_$13,2.200000047683716,1.907883882522583,0.00032811984419822693,0.9965406060218811,0.003131259698420763,audio,0.6666666865348816,0.8095238208770752,0.4399999976158142
404,ob23OKe5a9Q$_$2,1.0,1.575514316558838,0.0002702319179661572,0.9956098198890686,0.004119936376810074,audio,0.4285714328289032,0.75,0.4736842215061188
156,d6hH302o4v8$_$31,-1.399999976158142,0.028982341289520264,0.0003836525429505855,0.9950373768806458,0.004578976891934872,audio,0.6470588445663452,0.7272727489471436,0.5471698045730591
501,tStelxIAHjw$_$6,1.600000023841858,2.0813424587249756,0.0004868115356657654,0.994150698184967,0.005362524185329676,audio,0.7142857313156128,0.6428571343421936,0.5625
262,iiK8YX8oH1E$_$14,-1.2000000476837158,-0.7401716113090515,0.0005617070710286498,0.9914067983627319,0.008031565696001053,audio,0.7142857313156128,0.6052631735801697,0.695652186870575
555,vyB00TXsimI$_$1,0.0,0.24794186651706696,0.0004991882015019655,0.9922199845314026,0.007280770223587751,audio,0.6000000238418579,0.5555555820465088,0.59375
57,cW1FSBF59ik$_$5,2.0,0.8793618679046631,0.0004395571886561811,0.9950424432754517,0.004517977591603994,audio,0.6666666865348816,0.8181818127632141,0.5384615659713745
35,cM3Yna7AavY$_$13,-1.600000023841858,1.6686519384384155,0.0003493225376587361,0.9954856038093567,0.004165038000792265,audio,0.5,0.7142857313156128,0.4375
665,zhpQhgha_KU$_$4,-1.600000023841858,0.9218367338180542,0.000424165598815307,0.9953719973564148,0.004203873686492443,audio,0.75,0.7727272510528564,0.5555555820465088
591,wMbj6ajWbic$_$9,-2.0,0.20896375179290771,0.0004710371431428939,0.9926806092262268,0.0068483720533549786,audio,0.699999988079071,0.6000000238418579,0.6666666865348816
565,vyB00TXsimI$_$10,1.3333333730697632,0.2591876685619354,0.00035344413481652737,0.9942798614501953,0.005366674158722162,audio,0.5454545617103577,0.6774193644523621,0.5675675868988037
218,f9O3YtZ2VfI$_$10,-2.0,0.5076533555984497,0.0006986839580349624,0.9920027256011963,0.007298667915165424,audio,0.625,0.6153846383094788,0.5333333611488342
45,cM3Yna7AavY$_$7,3.0,1.674551248550415,0.0005294712027534842,0.9921619296073914,0.007308637257665396,audio,0.5555555820465088,0.5675675868988037,0.574999988079071
455,rnaNMUZpvvg$_$4,-2.4000000953674316,-0.39249297976493835,0.00031917952583171427,0.9951558113098145,0.004524983931332827,audio,0.5510203838348389,0.6241135001182556,0.5
487,tIrG4oNLFzE$_$8,-1.2000000476837158,-0.4132860004901886,0.00041111657628789544,0.9926732182502747,0.006915701553225517,audio,0.5400000214576721,0.5846154093742371,0.6111111044883728
457,rnaNMUZpvvg$_$6,-2.5999999046325684,-0.42690548300743103,0.00033592709223739803,0.992766261100769,0.0068978434428572655,audio,0.5,0.6666666865348816,0.6785714030265808
293,jUzDDGyPkXU$_$10,2.4000000953674316,0.802682101726532,0.0003645400865934789,0.9941178560256958,0.0055175828747451305,audio,0.523809552192688,0.5932203531265259,0.5283018946647644
498,tStelxIAHjw$_$5,-2.200000047683716,-0.8387123942375183,0.00043543081847019494,0.9930023550987244,0.006562236230820417,audio,0.5714285969734192,0.7200000286102295,0.6333333253860474
460,rnaNMUZpvvg$_$11,-2.5999999046325684,0.26865625381469727,0.000220233341678977,0.995887815952301,0.0038919085636734962,audio,0.4166666567325592,0.7105262875556946,0.4888888895511627
683,zhpQhgha_KU$_$34,1.2000000476837158,1.8301832675933838,0.0005924763390794396,0.9893817901611328,0.010025705210864544,audio,0.625,0.4444444477558136,0.6818181872367859
165,dq3Nf_lMPnE$_$10,1.0,1.7206170558929443,0.00047662464203312993,0.9944379329681396,0.00508546270430088,audio,0.699999988079071,0.625,0.5263158082962036
110,d3_k5Xpfmik$_$19,0.20000000298023224,0.9951553344726562,0.0004100949445273727,0.994274914264679,0.0053149680607020855,audio,0.6764705777168274,0.6388888955116272,0.5891472697257996
568,vyB00TXsimI$_$15,2.5999999046325684,-0.49739331007003784,0.00046493380796164274,0.9913642406463623,0.008170799352228642,audio,0.550000011920929,0.6086956262588501,0.6707317233085632
193,etzxEpPuc6I$_$4,0.800000011920929,0.3321637809276581,0.0004637152887880802,0.9915762543678284,0.007960103452205658,audio,0.5454545617103577,0.49056604504585266,0.6129032373428345
561,vyB00TXsimI$_$6,2.0,0.4316469430923462,0.0004430976987350732,0.9933567643165588,0.006200151983648539,audio,0.6521739363670349,0.5921052694320679,0.6086956262588501
181,etzxEpPuc6I$_$13,-2.200000047683716,-0.07056543976068497,0.00043628393905237317,0.9947687387466431,0.004794958513230085,audio,0.6388888955116272,0.5757575631141663,0.46666666865348816
629,yvsjCA6Y5Fc$_$21,-1.7999999523162842,-0.8655131459236145,0.0004951176233589649,0.991999089717865,0.007505782414227724,audio,0.6000000238418579,0.5909090638160706,0.6380952596664429
684,zhpQhgha_KU$_$33,-0.4000000059604645,-0.03808150440454483,0.00040708811138756573,0.9933947920799255,0.006198100745677948,audio,0.625,0.6470588445663452,0.6393442749977112
470,tIrG4oNLFzE$_$11,-1.600000023841858,-0.9100276827812195,0.0005725289229303598,0.9923381805419922,0.007089219521731138,audio,0.65625,0.5789473652839661,0.595588207244873
221,f9O3YtZ2VfI$_$15,-1.2000000476837158,0.2452252209186554,0.0008762340294197202,0.9897650480270386,0.009358715265989304,audio,0.699999988079071,0.523809552192688,0.6000000238418579
17,c7UH_rxdZv4$_$9,-0.4000000059604645,-0.8213202357292175,0.0004900511703453958,0.9893913269042969,0.010118653066456318,audio,0.48148149251937866,0.5625,0.7058823704719543
344,lXPQBPVc5Cw$_$3,-2.4000000953674316,-0.7498705387115479,0.0006234008469618857,0.9892432689666748,0.010133298113942146,audio,0.625,0.4615384638309479,0.6774193644523621
333,lXPQBPVc5Cw$_$24,-1.399999976158142,-1.3098316192626953,0.00047239160630851984,0.9917342662811279,0.00779337715357542,audio,0.5714285969734192,0.5714285969734192,0.6399999856948853
166,dq3Nf_lMPnE$_$13,-1.2000000476837158,1.2524609565734863,0.0003026402846444398,0.9952530860900879,0.004444262012839317,audio,0.6000000238418579,0.7032257914543152,0.5721924901008606
519,tmZoasNr4rU$_$4,-0.800000011920929,-0.7003311514854431,0.0006774956127628684,0.9923667311668396,0.0069557297974824905,audio,0.75,0.5602836608886719,0.5833333134651184
235,f_pcplsH_V0$_$3,0.800000011920929,-0.012612059712409973,0.0008309817058034241,0.9935723543167114,0.005596738308668137,audio,0.9090909361839294,0.6190476417541504,0.5263158082962036
463,rnaNMUZpvvg$_$12,-1.0,-0.33984893560409546,0.00037119939224794507,0.991601288318634,0.008027490228414536,audio,0.5,0.5625,0.6842105388641357
425,pLTX3ipuDJI$_$9,0.0,-0.8820470571517944,0.00048070057528093457,0.9943349957466125,0.0051842364482581615,audio,0.75,0.6666666865348816,0.5769230723381042
607,yDtzw_Y-7RU$_$22,2.0,1.4411015510559082,0.0006065653869882226,0.9917506575584412,0.007642725948244333,audio,0.7142857313156128,0.5625,0.6315789222717285
12,c7UH_rxdZv4$_$2,-2.5999999046325684,0.6887668967247009,0.0005944301374256611,0.990688681602478,0.008716899901628494,audio,0.4000000059604645,0.4761904776096344,0.47999998927116394
76,cXypl4FnoZo$_$27,0.800000011920929,0.2615300118923187,0.0006741738761775196,0.9919270277023315,0.007398821413516998,audio,0.7142857313156128,0.550000011920929,0.5833333134651184
550,vvZ4IcEtiZc$_$9,2.200000047683716,0.767755389213562,0.0004401807673275471,0.9938641786575317,0.005695664323866367,audio,0.5625,0.6344085931777954,0.5315315127372742
420,pLTX3ipuDJI$_$2,-1.7999999523162842,-0.1348676085472107,0.00037677527870982885,0.9931815266609192,0.006441731937229633,audio,0.5333333611488342,0.5833333134651184,0.6012658476829529
586,wMbj6ajWbic$_$2,-0.800000011920929,0.5381629467010498,0.00043389364145696163,0.9924185276031494,0.0071475631557404995,audio,0.5714285969734192,0.46987950801849365,0.5899999737739563
587,wMbj6ajWbic$_$5,0.20000000298023224,0.2828272581100464,0.0003142067289445549,0.9950653910636902,0.004620485473424196,audio,0.5625,0.6410256624221802,0.5208333134651184
278,jUzDDGyPkXU$_$27,-2.0,0.8844786882400513,0.0003561349003575742,0.9928362965583801,0.006807524245232344,audio,0.5,0.5714285969734192,0.6200000047683716
238,f_pcplsH_V0$_$4,0.5,0.031231433153152466,0.0003607393882703036,0.9948610663414001,0.0047782184556126595,audio,0.6666666865348816,0.6933333277702332,0.5888888835906982
622,yDtzw_Y-7RU$_$15,0.6000000238418579,-0.22607320547103882,0.000384549202863127,0.9934078454971313,0.006207588128745556,audio,0.5384615659713745,0.6071428656578064,0.5757575631141663
680,zhpQhgha_KU$_$31,-1.0,-0.29561662673950195,0.0005600915173999965,0.9922692179679871,0.007170661352574825,audio,0.5416666865348816,0.5,0.5
199,f9O3YtZ2VfI$_$25,-1.399999976158142,1.9622840881347656,0.0004361209867056459,0.9932204484939575,0.006343414541333914,audio,0.6000000238418579,0.6190476417541504,0.6000000238418579
603,wMbj6ajWbic$_$30,0.800000011920929,0.20577538013458252,0.0004701511934399605,0.9926379919052124,0.006891803815960884,audio,0.6153846383094788,0.5,0.5833333134651184
614,yDtzw_Y-7RU$_$7,-0.20000000298023224,0.4515613913536072,0.00043513605487532914,0.9907968044281006,0.008768045343458652,audio,0.5333333611488342,0.4883720874786377,0.6730769276618958
631,yvsjCA6Y5Fc$_$23,-1.2000000476837158,-0.21191518008708954,0.0005090363556519151,0.9927635788917542,0.0067273457534611225,audio,0.7400000095367432,0.6315789222717285,0.6763284802436829
290,jUzDDGyPkXU$_$9,2.799999952316284,2.642045497894287,0.000713102170266211,0.9931612014770508,0.006125717889517546,audio,0.8571428656578064,0.5652173757553101,0.5714285969734192
19,c7UH_rxdZv4$_$11,1.0,0.4123847484588623,0.000678474607411772,0.993640124797821,0.0056813484989106655,audio,0.8333333134651184,0.625,0.5531914830207825
386,nzpVDcQ0ywM$_$8,2.0,1.4387714862823486,0.0004235254309605807,0.994300127029419,0.005276378709822893,audio,0.6428571343421936,0.6800000071525574,0.5666666626930237
286,jUzDDGyPkXU$_$5,-1.2000000476837158,-1.08859121799469,0.0003799314144998789,0.9929600358009338,0.006660035345703363,audio,0.5625,0.6511628031730652,0.6538461446762085
261,iiK8YX8oH1E$_$15,0.6000000238418579,0.456207811832428,0.00046374366502277553,0.995418906211853,0.004117351025342941,audio,0.5625,0.6071428656578064,0.3333333432674408
486,tIrG4oNLFzE$_$9,-1.0,-0.1774415522813797,0.0005914884386584163,0.9922448992729187,0.007163623813539743,audio,0.6666666865348816,0.5057471394538879,0.567307710647583
495,tStelxIAHjw$_$1,0.0,-0.17878635227680206,0.0005782715743407607,0.991741418838501,0.0076803527772426605,audio,0.7083333134651184,0.5507246255874634,0.650602400302887
581,wMbj6ajWbic$_$23,1.7999999523162842,0.5519434213638306,0.0002669288369361311,0.9926064014434814,0.007126710843294859,audio,0.4000000059604645,0.5862069129943848,0.6764705777168274
279,jUzDDGyPkXU$_$20,-2.200000047683716,-1.1634942293167114,0.0010927458060905337,0.9889513850212097,0.009955829940736294,audio,0.800000011920929,0.4054054021835327,0.5777778029441833
500,tStelxIAHjw$_$7,1.399999976158142,1.3184220790863037,0.00033901294227689505,0.9947615265846252,0.004899465478956699,audio,0.8333333134651184,0.8823529481887817,0.800000011920929
70,cW1FSBF59ik$_$16,3.0,0.9496500492095947,0.00028926628874614835,0.993249773979187,0.0064610326662659645,audio,0.5,0.6029411554336548,0.6707317233085632
330,k5Y_838nuGo$_$18,0.4000000059604645,1.4077374935150146,0.00037385267205536366,0.9909332990646362,0.008692903444170952,audio,0.625,0.7058823704719543,0.8500000238418579
122,d6hH302o4v8$_$43,-2.5,0.9587481617927551,0.0004941460210829973,0.9926565289497375,0.006849280558526516,audio,0.6153846383094788,0.53125,0.5789473652839661
585,wMbj6ajWbic$_$3,0.0,1.913001537322998,0.0010001638438552618,0.9929136633872986,0.0060862465761601925,audio,0.8888888955116272,0.4444444477558136,0.4375
419,pLTX3ipuDJI$_$3,-1.2000000476837158,-1.3242628574371338,0.0004294980317354202,0.9945224523544312,0.005048065911978483,audio,0.6086956262588501,0.6415094137191772,0.5
127,d6hH302o4v8$_$20,1.0,0.1474674940109253,0.0004911163705401123,0.9930872321128845,0.006421671714633703,audio,0.5714285969734192,0.6000000238418579,0.550000011920929
220,f9O3YtZ2VfI$_$12,-1.7999999523162842,-0.9496467709541321,0.0004624933935701847,0.9938695430755615,0.0056679742410779,audio,0.6666666865348816,0.7142857313156128,0.6000000238418579
212,f9O3YtZ2VfI$_$4,-2.4000000953674316,0.25934696197509766,0.0004035013262182474,0.9913186430931091,0.008277840912342072,audio,0.27272728085517883,0.42500001192092896,0.47826087474823
273,iiK8YX8oH1E$_$9,0.4000000059604645,-0.4755968451499939,0.0005926204030402005,0.992021918296814,0.0073854862712323666,audio,0.6428571343421936,0.517241358757019,0.5588235259056091
479,tIrG4oNLFzE$_$1,2.799999952316284,1.4496020078659058,0.0007013793801888824,0.99233478307724,0.0069638523273169994,audio,0.8333333134651184,0.5975610017776489,0.6428571343421936
138,d6hH302o4v8$_$5,-1.3333333730697632,1.6571719646453857,0.0004928350099362433,0.987930178642273,0.011576970107853413,audio,0.5714285969734192,0.6000000238418579,0.8333333134651184
200,f9O3YtZ2VfI$_$26,1.399999976158142,2.199993848800659,0.000770120823290199,0.9915210008621216,0.007708868011832237,audio,0.8571428656578064,0.5625,0.6578947305679321
24,c7UH_rxdZv4$_$14,1.2000000476837158,1.3587285280227661,0.00037245231214910746,0.9931328892707825,0.006494665052741766,audio,0.5,0.6666666865348816,0.6206896305084229
439,phBUpBr1hSo$_$3,2.799999952316284,0.9969927072525024,0.000371032627299428,0.9937946796417236,0.0058342996053397655,audio,0.7142857313156128,0.707317054271698,0.7142857313156128
510,tmZoasNr4rU$_$17,-1.399999976158142,-0.39367467164993286,0.0006369440816342831,0.9918455481529236,0.007517524994909763,audio,0.692307710647583,0.5805243253707886,0.6156250238418579
590,wMbj6ajWbic$_$6,1.7999999523162842,0.7425299286842346,0.0003557489544618875,0.9947133660316467,0.004930837545543909,audio,0.6071428656578064,0.5882353186607361,0.5333333611488342
315,k5Y_838nuGo$_$5,-1.3333333730697632,-0.5713518857955933,0.0007491405704058707,0.994468092918396,0.004782747011631727,audio,0.8181818127632141,0.5625,0.4000000059604645
669,zhpQhgha_KU$_$8,-1.0,0.16528645157814026,0.0005424513365142047,0.9903076887130737,0.009149938821792603,audio,0.6000000238418579,0.5121951103210449,0.6734693646430969
32,c7UH_rxdZv4$_$32,-2.200000047683716,-0.056200407445430756,0.0003438931598793715,0.9941019415855408,0.00555413868278265,audio,0.6666666865348816,0.75,0.695652186870575
605,yDtzw_Y-7RU$_$20,-0.6000000238418579,1.005059003829956,0.0007328420761041343,0.9910111427307129,0.008255989290773869,audio,0.6666666865348816,0.4615384638309479,0.5483871102333069
634,yvsjCA6Y5Fc$_$2,-1.2000000476837158,-0.7569132447242737,0.0006355911609716713,0.9947327375411987,0.004631619900465012,audio,0.6666666865348816,0.6785714030265808,0.38235294818878174
541,vvZ4IcEtiZc$_$10,-2.0,0.17792803049087524,0.0002758867049124092,0.9967753291130066,0.002948817564174533,audio,0.6000000238418579,0.8333333134651184,0.4385964870452881
441,phBUpBr1hSo$_$5,-1.399999976158142,0.6136890649795532,0.00029786929371766746,0.9933803081512451,0.0063218409195542336,audio,0.47058823704719543,0.6226415038108826,0.6315789222717285
348,lXPQBPVc5Cw$_$7,-2.799999952316284,-1.2366479635238647,0.000332735973643139,0.9933630228042603,0.006304267793893814,audio,0.46666666865348816,0.5873016119003296,0.5844155550003052
43,cM3Yna7AavY$_$5,2.799999952316284,0.9188278913497925,0.0006045973277650774,0.9907101988792419,0.00868515856564045,audio,0.6666666865348816,0.5348837375640869,0.6730769276618958
516,tmZoasNr4rU$_$3,-2.0,-0.5880565643310547,0.000489782658405602,0.9934694766998291,0.0060407258570194244,audio,0.5,0.5384615659713745,0.4375
167,dq3Nf_lMPnE$_$12,-1.600000023841858,0.703186571598053,0.0005235933931544423,0.9940005540847778,0.005475839599967003,audio,0.7142857313156128,0.5961538553237915,0.5322580933570862
248,fvVhgmXxadc$_$1,-0.4000000059604645,0.6393213272094727,0.000551302800886333,0.9924033880233765,0.007045348174870014,audio,0.6499999761581421,0.6346153616905212,0.6136363744735718
160,d6hH302o4v8$_$35,-1.600000023841858,-1.1423556804656982,0.00044083778630010784,0.9930156469345093,0.006543545052409172,audio,0.6666666865348816,0.692307710647583,0.6808510422706604
432,phBUpBr1hSo$_$14,-1.2000000476837158,0.5575464963912964,0.0004322124586906284,0.9945828318595886,0.004984917584806681,audio,0.75,0.699999988079071,0.6041666865348816
38,cM3Yna7AavY$_$14,-2.5999999046325684,1.2469327449798584,0.0009499393636360765,0.9879141449928284,0.011135979555547237,audio,0.6666666865348816,0.3913043439388275,0.5925925970077515
150,d6hH302o4v8$_$15,-1.75,-0.32490119338035583,0.0007372737745754421,0.993458092212677,0.005804689601063728,audio,0.75,0.5,0.4375
83,cXypl4FnoZo$_$1,1.0,0.9863784909248352,0.0004709843487944454,0.9960290193557739,0.0035000767093151808,audio,0.7692307829856873,0.782608687877655,0.4444444477558136
27,c7UH_rxdZv4$_$19,-1.7999999523162842,0.21694254875183105,0.0003647177654784173,0.9929656982421875,0.0066696288995444775,audio,0.4444444477558136,0.5777778029441833,0.5740740895271301
55,cW1FSBF59ik$_$3,-1.0,-0.6147170066833496,0.00038930235314182937,0.9921942949295044,0.00741638382896781,audio,0.4545454680919647,0.6349206566810608,0.6363636255264282
408,ob23OKe5a9Q$_$6,0.0,-0.4831755757331848,0.00040668772999197245,0.993565022945404,0.006028282456099987,audio,0.6399999856948853,0.6538461446762085,0.6349206566810608
2,c7UH_rxdZv4$_$26,-2.5999999046325684,1.370699405670166,0.0003822489525191486,0.9948365688323975,0.004781225696206093,audio,0.6363636255264282,0.6585366129875183,0.5400000214576721
317,k5Y_838nuGo$_$7,-2.4000000953674316,0.2701273262500763,0.0005852169706486166,0.9918871521949768,0.007527604233473539,audio,0.5,0.6666666865348816,0.5454545617103577
492,tStelxIAHjw$_$15,0.4000000059604645,0.7647160887718201,0.000500046880915761,0.9929688572883606,0.006531136110424995,audio,0.6666666865348816,0.6111111044883728,0.609375
74,cXypl4FnoZo$_$25,-1.2000000476837158,-0.27595430612564087,0.0004695331444963813,0.9927535653114319,0.006776896305382252,audio,0.7142857313156128,0.6530612111091614,0.694915235042572
260,iiK8YX8oH1E$_$12,1.7999999523162842,1.084345817565918,0.0003857227857224643,0.9916083216667175,0.008005945011973381,audio,0.6000000238418579,0.7333333492279053,0.7894737124443054
473,tIrG4oNLFzE$_$12,-2.5999999046325684,-0.6648550033569336,0.0005048735765740275,0.9933766722679138,0.006118440069258213,audio,0.6666666865348816,0.6666666865348816,0.59375
540,vvZ4IcEtiZc$_$11,1.600000023841858,-0.08058468997478485,0.0007441438501700759,0.9933431148529053,0.005912690423429012,audio,0.75,0.5416666865348816,0.44999998807907104
384,nzpVDcQ0ywM$_$6,-1.399999976158142,-0.13009266555309296,0.0006430877256207168,0.988896906375885,0.010459949262440205,audio,0.6363636255264282,0.44680851697921753,0.6785714030265808
402,ob23OKe5a9Q$_$1,1.2000000476837158,2.012817859649658,0.0004707389452960342,0.9953448176383972,0.004184383898973465,audio,0.75,0.7241379022598267,0.5
259,iiK8YX8oH1E$_$13,-2.0,-1.2985774278640747,0.0004335492558311671,0.9899951219558716,0.009571356698870659,audio,0.5454545617103577,0.6666666865348816,0.7777777910232544
132,d6hH302o4v8$_$29,-1.7999999523162842,-0.6618115901947021,0.0008042014087550342,0.9882460236549377,0.010949782095849514,audio,0.7407407164573669,0.5,0.7317073345184326
579,wMbj6ajWbic$_$21,1.600000023841858,-0.2141224443912506,0.0005849825101904571,0.9919630289077759,0.007451918907463551,audio,0.7647058963775635,0.5384615659713745,0.6595744490623474
398,ob23OKe5a9Q$_$10,1.25,1.3750487565994263,0.0009230896830558777,0.9923213124275208,0.006755662150681019,audio,0.699999988079071,0.3529411852359772,0.3499999940395355
305,k5Y_838nuGo$_$27,-0.800000011920929,-0.6350494623184204,0.0003885595069732517,0.9943605065345764,0.005250987131148577,audio,0.5757575631141663,0.6236559152603149,0.5267857313156128
289,jUzDDGyPkXU$_$6,-1.600000023841858,-0.8752192854881287,0.0005744774825870991,0.9943633079528809,0.005062250420451164,audio,0.7419354915618896,0.5876288414001465,0.4761904776096344
116,d3_k5Xpfmik$_$4,-1.0,-0.45478999614715576,0.0009256557677872479,0.9923561811447144,0.006718226708471775,audio,0.8888888955116272,0.5744680762290955,0.5535714030265808
349,lXPQBPVc5Cw$_$6,-1.399999976158142,-0.9443179965019226,0.00042199346353299916,0.9928440451622009,0.006733960937708616,audio,0.5,0.5920000076293945,0.5733333230018616
15,c7UH_rxdZv4$_$7,-3.0,-0.3442191481590271,0.0003236604097764939,0.9939004182815552,0.005775909870862961,audio,0.5714285969734192,0.8125,0.699999988079071
33,cM3Yna7AavY$_$11,2.0,0.7913613319396973,0.0014930784236639738,0.9869695901870728,0.011537313461303711,audio,0.7777777910232544,0.4399999976158142,0.5666666626930237
602,wMbj6ajWbic$_$18,-1.0,0.9769001007080078,0.0005363505915738642,0.9927746057510376,0.006689026951789856,audio,0.8235294222831726,0.6170212626457214,0.6938775777816772
466,rnaNMUZpvvg$_$17,-1.600000023841858,-0.5410661697387695,0.00043278184602968395,0.9932831525802612,0.0062840161845088005,audio,0.5714285969734192,0.5714285969734192,0.5600000023841858
563,vyB00TXsimI$_$8,2.5999999046325684,0.4766571819782257,0.0004476789035834372,0.9927735924720764,0.006778742652386427,audio,0.6000000238418579,0.5799999833106995,0.6101694703102112
410,ob23OKe5a9Q$_$8,0.6000000238418579,0.7910870313644409,0.0003743114648386836,0.9939596652984619,0.0056659746915102005,audio,0.6111111044883728,0.644859790802002,0.6101694703102112
645,yvsjCA6Y5Fc$_$15,-2.0,-0.62729412317276,0.0004569536540657282,0.9911174774169922,0.008425538428127766,audio,0.5,0.4912280738353729,0.6176470518112183
660,zhpQhgha_KU$_$29,-1.2000000476837158,0.551670253276825,0.0004492589214351028,0.9925797581672668,0.006970994174480438,audio,0.6428571343421936,0.625,0.6666666865348816
520,tmZoasNr4rU$_$7,-1.0,-1.2313251495361328,0.0005745552480220795,0.9916788935661316,0.007746516261249781,audio,0.6551724076271057,0.5779221057891846,0.635869562625885
49,cW1FSBF59ik$_$24,0.0,0.7678059339523315,0.0005601465818472207,0.994125247001648,0.005314589012414217,audio,0.800000011920929,0.6551724076271057,0.5714285969734192
551,vvZ4IcEtiZc$_$8,-1.5,-0.7056569457054138,0.0002970659697894007,0.9940335154533386,0.005669484380632639,audio,0.4375,0.7049180269241333,0.5945945978164673
444,phBUpBr1hSo$_$6,1.600000023841858,0.3850347399711609,0.0003341086267028004,0.9950196743011475,0.004646207671612501,audio,0.6499999761581421,0.7234042286872864,0.5964912176132202
34,cM3Yna7AavY$_$10,1.600000023841858,1.2118713855743408,0.000748161633964628,0.9905328750610352,0.008718954399228096,audio,0.7142857313156128,0.5789473652839661,0.6521739363670349
536,v0zCBqDeKcE$_$7,1.399999976158142,-0.5733175873756409,0.0005939912516623735,0.9905371069908142,0.008868956938385963,audio,0.6000000238418579,0.4888888895511627,0.6290322542190552
105,d3_k5Xpfmik$_$12,2.0,-0.08970573544502258,0.0005330418352968991,0.993507981300354,0.00595897575840354,audio,0.7083333134651184,0.6333333253860474,0.577464759349823
204,f9O3YtZ2VfI$_$22,1.399999976158142,1.3987137079238892,0.0006111534312367439,0.9935963153839111,0.005792520474642515,audio,0.8181818127632141,0.6206896305084229,0.5882353186607361
306,k5Y_838nuGo$_$20,0.4000000059604645,0.11959688365459442,0.0006207070546224713,0.992928683757782,0.0064506614580750465,audio,0.699999988079071,0.5263158082962036,0.523809552192688
36,cM3Yna7AavY$_$12,-1.0,-1.0738399028778076,0.0006780973635613918,0.9940641522407532,0.005257803946733475,audio,0.7142857313156128,0.6086956262588501,0.4324324429035187
664,zhpQhgha_KU$_$5,-2.200000047683716,-1.2839351892471313,0.0006044002366252244,0.9930885434150696,0.00630710506811738,audio,0.6521739363670349,0.5833333134651184,0.5116279125213623
184,etzxEpPuc6I$_$14,-1.2000000476837158,-1.1466299295425415,0.00047592713963240385,0.9915292263031006,0.00799478217959404,audio,0.6399999856948853,0.5866666436195374,0.699999988079071
552,vyB00TXsimI$_$20,2.200000047683716,1.0906386375427246,0.0005952726351097226,0.9901891350746155,0.009215566329658031,audio,0.6363636255264282,0.5161290168762207,0.6756756901741028
556,vyB00TXsimI$_$3,2.200000047683716,0.12650930881500244,0.00044509227154776454,0.9943273663520813,0.005227543413639069,audio,0.6666666865348816,0.6142857074737549,0.5357142686843872
601,wMbj6ajWbic$_$19,-0.6000000238418579,-0.5303372144699097,0.0005882239784114063,0.990799069404602,0.008612743578851223,audio,0.6470588445663452,0.47999998927116394,0.6333333253860474
480,tIrG4oNLFzE$_$3,2.5999999046325684,2.2772974967956543,0.0006889092619530857,0.989788830280304,0.009522219188511372,audio,0.7857142686843872,0.4615384638309479,0.7234042286872864
284,jUzDDGyPkXU$_$3,0.0,0.18552878499031067,0.0005229439702816308,0.9924651384353638,0.007011892274022102,audio,0.5555555820465088,0.4444444477558136,0.5
368,nbWiPyCm4g0$_$4,-2.200000047683716,-0.535281240940094,0.0004913076409138739,0.9939484596252441,0.005560255143791437,audio,0.604651153087616,0.6220472455024719,0.5065789222717285
374,nzpVDcQ0ywM$_$20,0.20000000298023224,1.3049100637435913,0.0004741851589642465,0.9936803579330444,0.00584549643099308,audio,0.6000000238418579,0.6363636255264282,0.5384615659713745
534,v0zCBqDeKcE$_$5,2.0,2.2052667140960693,0.0005132314981892705,0.9919102787971497,0.007576445117592812,audio,0.6666666865348816,0.6000000238418579,0.6666666865348816
86,cXypl4FnoZo$_$5,1.7999999523162842,1.71474027633667,0.000570676987990737,0.9908174276351929,0.008611934259533882,audio,0.6875,0.6451612710952759,0.7297297120094299
52,cW1FSBF59ik$_$22,-1.0,0.5177452564239502,0.00040956574957817793,0.9948691129684448,0.004721267148852348,audio,0.7599999904632568,0.656862735748291,0.5874999761581421
621,yDtzw_Y-7RU$_$12,-0.6666666865348816,-0.9123453497886658,0.0004985763225704432,0.9907081127166748,0.008793247863650322,audio,0.6000000238418579,0.5102040767669678,0.6779661178588867
391,nzpVDcQ0ywM$_$15,-0.6000000238418579,0.9319266080856323,0.0009687426500022411,0.9903005361557007,0.008730686269700527,audio,0.625,0.4444444477558136,0.4545454680919647
323,k5Y_838nuGo$_$13,0.6000000238418579,0.939826488494873,0.00026319889002479613,0.9956557750701904,0.0040810066275298595,audio,0.5714285969734192,0.800000011920929,0.5833333134651184
378,nzpVDcQ0ywM$_$1,0.0,1.2158502340316772,0.00040856903069652617,0.9932135343551636,0.0063778734765946865,audio,0.5333333611488342,0.6041666865348816,0.5789473652839661
677,zhpQhgha_KU$_$16,1.7999999523162842,1.0881410837173462,0.000381352350814268,0.9930190443992615,0.0065995450131595135,audio,0.5625,0.6521739363670349,0.6545454263687134
241,f_pcplsH_V0$_$9,-2.4000000953674316,-0.8473472595214844,0.0007753793615847826,0.9921255707740784,0.0070990887470543385,audio,0.6666666865348816,0.529411792755127,0.4761904776096344
139,d6hH302o4v8$_$4,-1.600000023841858,0.11664661765098572,0.00014922997797839344,0.9951123595237732,0.004738433752208948,audio,0.25,0.8235294222831726,0.6499999761581421
299,jUzDDGyPkXU$_$16,1.2000000476837158,1.4407758712768555,0.00030064262682572007,0.9953638315200806,0.004335529636591673,audio,0.5625,0.7123287916183472,0.540229856967926
223,f9O3YtZ2VfI$_$17,-2.0,-0.2805444896221161,0.00048756756586954,0.9945724606513977,0.004939998500049114,audio,0.7058823704719543,0.6301369667053223,0.5087719559669495
119,d3_k5Xpfmik$_$9,1.399999976158142,1.4576369524002075,0.0006665828404948115,0.9919788837432861,0.0073545146733522415,audio,0.9090909361839294,0.625,0.7368420958518982
190,etzxEpPuc6I$_$3,-1.600000023841858,-0.5326842069625854,0.000768550205975771,0.9936848282814026,0.005546545144170523,audio,0.9090909361839294,0.5957446694374084,0.5357142686843872
383,nzpVDcQ0ywM$_$7,-1.0,-0.2669302821159363,0.0012503304751589894,0.9884309768676758,0.010318685322999954,audio,0.875,0.5,0.6296296119689941
179,etzxEpPuc6I$_$11,-1.600000023841858,-0.47295835614204407,0.0004592589393723756,0.9942208528518677,0.005319906864315271,audio,0.7368420958518982,0.6666666865348816,0.5967742204666138
430,phBUpBr1hSo$_$12,1.7999999523162842,-0.9746227860450745,0.00041828223038464785,0.9935113787651062,0.006070392671972513,audio,0.6200000047683716,0.6200000047683716,0.6000000238418579
22,c7UH_rxdZv4$_$12,-2.799999952316284,-1.0208039283752441,0.0006361289415508509,0.993838369846344,0.005525519605726004,audio,0.6428571343421936,0.4545454680919647,0.375
197,etzxEpPuc6I$_$8,-1.0,-0.9717041850090027,0.0004288189229555428,0.9922357201576233,0.00733542675152421,audio,0.5333333611488342,0.5813953280448914,0.6153846383094788
188,etzxEpPuc6I$_$18,1.399999976158142,0.6677398085594177,0.0003830876958090812,0.9950094223022461,0.004607522394508123,audio,0.6499999761581421,0.6938775777816772,0.5344827771186829
506,tmZoasNr4rU$_$13,-0.800000011920929,-1.0721254348754883,0.0006913928082212806,0.9928473830223083,0.006461291573941708,audio,0.6875,0.5600000023841858,0.5
325,k5Y_838nuGo$_$15,-0.800000011920929,0.602535605430603,0.0003757668018806726,0.9926286935806274,0.0069955638609826565,audio,0.5416666865348816,0.5370370149612427,0.6307692527770996
397,ob23OKe5a9Q$_$11,0.800000011920929,0.4801655113697052,0.0003849028144031763,0.9927091598510742,0.006905953865498304,audio,0.5151515007019043,0.5413534045219421,0.6000000238418579
88,cXypl4FnoZo$_$7,-1.0,-0.1503828465938568,0.0008452520123682916,0.9903980493545532,0.00875675119459629,audio,0.9166666865348816,0.5909090638160706,0.7407407164573669
225,f9O3YtZ2VfI$_$19,-0.6000000238418579,-0.6971247792243958,0.0008352872100658715,0.9931094646453857,0.006055277306586504,audio,0.875,0.5757575631141663,0.5249999761581421
503,tStelxIAHjw$_$8,-2.0,1.6590946912765503,0.00026835475000552833,0.9912022352218628,0.00852939859032631,audio,0.4444444477558136,0.7272727489471436,0.8461538553237915
170,dq3Nf_lMPnE$_$1,0.0,0.6008896827697754,0.0004966868436895311,0.9915438890457153,0.007959430105984211,audio,0.695652186870575,0.5862069129943848,0.7209302186965942
610,yDtzw_Y-7RU$_$3,0.75,0.35673537850379944,0.00024787953589111567,0.9948917627334595,0.004860314540565014,audio,0.3571428656578064,0.6440678238868713,0.5
547,vvZ4IcEtiZc$_$4,2.200000047683716,0.006641954183578491,0.0005199749721214175,0.9921389222145081,0.007341085467487574,audio,0.5769230723381042,0.6057692170143127,0.6037735939025879
126,d6hH302o4v8$_$27,-2.5999999046325684,1.9371097087860107,0.0006421987782232463,0.9961349964141846,0.003222803585231304,audio,0.800000011920929,0.6666666865348816,0.27272728085517883
242,f_pcplsH_V0$_$8,0.800000011920929,0.9054167866706848,0.0007802803884260356,0.9902501702308655,0.008969579823315144,audio,0.75,0.42307692766189575,0.6129032373428345
433,phBUpBr1hSo$_$17,2.0,-0.11725057661533356,0.0005169007927179337,0.9937883019447327,0.005694819614291191,audio,0.75,0.6323529481887817,0.5925925970077515
545,vvZ4IcEtiZc$_$2,2.4000000953674316,1.634839653968811,0.0005490855546668172,0.993115246295929,0.006335668731480837,audio,0.6666666865348816,0.6176470518112183,0.574999988079071
152,d6hH302o4v8$_$17,-2.0,0.8314468860626221,0.0009936775313690305,0.9934695959091187,0.0055367304012179375,audio,0.8333333134651184,0.5333333611488342,0.3888888955116272
549,vvZ4IcEtiZc$_$6,1.0,1.08958101272583,0.00043210535659454763,0.9938737154006958,0.005694165825843811,audio,0.5,0.5633803009986877,0.46666666865348816
451,rnaNMUZpvvg$_$1,-2.5999999046325684,-1.0527501106262207,0.0005090337945148349,0.9887372255325317,0.01075376570224762,audio,0.5833333134651184,0.5116279125213623,0.7647058963775635
558,vyB00TXsimI$_$5,1.7999999523162842,2.852613925933838,0.0021847670432180166,0.9857182502746582,0.012097034603357315,audio,1.0,0.30000001192092896,0.5454545617103577
264,iiK8YX8oH1E$_$16,0.0,-0.9418608546257019,0.00044501261436380446,0.9920932650566101,0.007461715489625931,audio,0.625,0.6428571343421936,0.6875
316,k5Y_838nuGo$_$4,1.0,0.9518317580223083,0.0004840324982069433,0.9949595928192139,0.004556325729936361,audio,0.692307710647583,0.6399999856948853,0.46666666865348816
427,phBUpBr1hSo$_$11,2.0,1.341489553451538,0.0004812756960745901,0.989973783493042,0.009544971399009228,audio,0.4444444477558136,0.4285714328289032,0.6000000238418579
381,nzpVDcQ0ywM$_$5,-0.4000000059604645,0.3317299485206604,0.0005813342286273837,0.9936473965644836,0.005771269090473652,audio,0.692307710647583,0.6136363744735718,0.5192307829856873
447,phBUpBr1hSo$_$21,0.800000011920929,-0.1725245863199234,0.00027044344460591674,0.9936259984970093,0.0061036148108541965,audio,0.43478259444236755,0.6666666865348816,0.6451612710952759
182,etzxEpPuc6I$_$12,0.6666666865348816,0.08407417684793472,0.0006468486390076578,0.9926262497901917,0.006726919207721949,audio,0.6666666865348816,0.5,0.5
334,lXPQBPVc5Cw$_$25,-2.4000000953674316,-0.5416744351387024,0.0006193072767928243,0.9922330379486084,0.007147597149014473,audio,0.8260869383811951,0.5932203531265259,0.6829268336296082
650,yvsjCA6Y5Fc$_$18,-2.200000047683716,-1.0581032037734985,0.0007507281261496246,0.9915374517440796,0.007711801212280989,audio,0.7407407164573669,0.5270270109176636,0.5789473652839661
21,c7UH_rxdZv4$_$13,-2.5999999046325684,0.6494624614715576,0.000571089331060648,0.9941768646240234,0.005252062808722258,audio,0.8888888955116272,0.75,0.6486486196517944
497,tStelxIAHjw$_$2,-2.0,0.723975419998169,0.0005358889466151595,0.9924348592758179,0.007029290311038494,audio,0.699999988079071,0.5802469253540039,0.6349206566810608
1,c7UH_rxdZv4$_$25,0.0,0.38860011100769043,0.0004213852807879448,0.9887891411781311,0.01078951545059681,audio,0.4444444477558136,0.5714285969734192,0.7599999904632568
9,c7UH_rxdZv4$_$29,0.6000000238418579,-0.6768319010734558,0.00029351687408052385,0.994097113609314,0.005609367974102497,audio,0.4166666567325592,0.6595744490623474,0.5614035129547119
158,d6hH302o4v8$_$37,-2.200000047683716,0.33199894428253174,0.001484687440097332,0.9893052577972412,0.00921002309769392,audio,1.0,0.625,0.6666666865348816
543,vvZ4IcEtiZc$_$1,2.0,2.258662223815918,0.0010480225319042802,0.9903075695037842,0.008644480258226395,audio,0.75,0.4736842215061188,0.52173912525177
285,jUzDDGyPkXU$_$2,2.5999999046325684,2.370100259780884,0.0005667285295203328,0.9958488941192627,0.0035844130907207727,audio,0.8888888955116272,0.7200000286102295,0.4516128897666931
322,k5Y_838nuGo$_$10,2.0,0.7507789134979248,0.00037265289574861526,0.9933919310569763,0.006235375069081783,audio,0.6363636255264282,0.6551724076271057,0.6764705777168274
346,lXPQBPVc5Cw$_$5,-1.0,-0.17499257624149323,0.0006341713014990091,0.9927079081535339,0.006657889578491449,audio,0.7142857313156128,0.5921052694320679,0.5760869383811951
217,f9O3YtZ2VfI$_$11,-0.800000011920929,-0.5817584991455078,0.00035163050051778555,0.9917702674865723,0.007878147065639496,audio,0.4444444477558136,0.5882353186607361,0.6666666865348816
584,wMbj6ajWbic$_$1,0.5,1.272446632385254,0.0003135749720968306,0.9941391944885254,0.0055472636595368385,audio,0.6000000238418579,0.699999988079071,0.6666666865348816
476,tIrG4oNLFzE$_$17,-0.4000000059604645,-0.6528858542442322,0.0004132666508667171,0.9935365319252014,0.006050214171409607,audio,0.5909090638160706,0.5979381203651428,0.5811966061592102
435,phBUpBr1hSo$_$19,2.0,2.476872444152832,0.0016951109282672405,0.9850577712059021,0.013247104361653328,audio,1.0,0.30000001192092896,0.6666666865348816
542,vvZ4IcEtiZc$_$12,0.20000000298023224,0.8364182710647583,0.0005369302816689014,0.9918491840362549,0.007613852620124817,audio,0.6666666865348816,0.6000000238418579,0.6707317233085632
304,k5Y_838nuGo$_$26,2.0,1.9799587726593018,0.00033557586721144617,0.9913779497146606,0.008286488242447376,audio,0.5,0.6000000238418579,0.75
481,tIrG4oNLFzE$_$2,2.4000000953674316,0.9772100448608398,0.00026800588238984346,0.9940856695175171,0.005646323319524527,audio,0.4545454680919647,0.6333333253860474,0.6111111044883728
280,jUzDDGyPkXU$_$21,-1.0,0.2328365296125412,0.0009558626916259527,0.992265522480011,0.0067785377614200115,audio,0.875,0.48571428656578064,0.5
231,f_pcplsH_V0$_$12,-0.800000011920929,-0.5908489227294922,0.00039614533307030797,0.993309497833252,0.006294331979006529,audio,0.5400000214576721,0.5896656513214111,0.5822784900665283
148,d6hH302o4v8$_$13,-2.0,-0.9065525531768799,0.0003885022597387433,0.9953889846801758,0.0042225029319524765,audio,0.5833333134651184,0.6315789222717285,0.42424243688583374
372,nbWiPyCm4g0$_$8,-2.200000047683716,-1.2265740633010864,0.0006653760792687535,0.9913097620010376,0.008024808950722218,audio,0.7142857313156128,0.6184210777282715,0.6630434989929199
250,fvVhgmXxadc$_$2,-2.799999952316284,-0.952741265296936,0.0004329871735535562,0.9909573793411255,0.008609664626419544,audio,0.4117647111415863,0.5581395626068115,0.6153846383094788
118,d3_k5Xpfmik$_$6,1.600000023841858,1.9939707517623901,0.0006023558089509606,0.9917049407958984,0.007692649029195309,audio,0.6818181872367859,0.5569620132446289,0.625
327,k5Y_838nuGo$_$17,0.800000011920929,0.20775805413722992,0.0004448394465725869,0.9918041229248047,0.007751063443720341,audio,0.625,0.6315789222717285,0.7083333134651184
387,nzpVDcQ0ywM$_$11,0.0,0.6316578984260559,0.0006403062725439668,0.9898597598075867,0.009499942883849144,audio,0.692307710647583,0.529411792755127,0.707317054271698
417,pLTX3ipuDJI$_$16,-1.600000023841858,-0.5681818723678589,0.00037808556226082146,0.9937304258346558,0.005891532637178898,audio,0.6000000238418579,0.6336633563041687,0.6133333444595337
128,d6hH302o4v8$_$21,-2.4000000953674316,0.990766167640686,0.0006479533039964736,0.9900194406509399,0.009332587942481041,audio,0.6363636255264282,0.48275861144065857,0.6470588445663452
129,d6hH302o4v8$_$22,-1.0,-1.1722410917282104,0.0004875492013525218,0.9924485683441162,0.007063827943056822,audio,0.6666666865348816,0.7297297120094299,0.7037037014961243
577,wMbj6ajWbic$_$27,0.0,0.13203024864196777,0.00039287409163080156,0.9933105707168579,0.006296571809798479,audio,0.6666666865348816,0.6800000071525574,0.6896551847457886
426,pLTX3ipuDJI$_$8,-2.0,-0.41566935181617737,0.0003572789719328284,0.9943861961364746,0.005256526172161102,audio,0.6296296119689941,0.6774193644523621,0.6081081032752991
265,iiK8YX8oH1E$_$18,-1.0,-0.6932675838470459,0.00031522763310931623,0.9908130764961243,0.008871668949723244,audio,0.4545454680919647,0.6296296119689941,0.78125
37,cM3Yna7AavY$_$15,-2.4000000953674316,-0.5307748317718506,0.0007535287295468152,0.9946371912956238,0.004609256982803345,audio,0.9090909361839294,0.625,0.4615384638309479
266,iiK8YX8oH1E$_$1,-2.5999999046325684,0.1471872478723526,0.0006347569287754595,0.9934176206588745,0.005947689525783062,audio,0.75,0.5641025900840759,0.52173912525177
436,phBUpBr1hSo$_$18,0.800000011920929,0.89765465259552,0.00042923016007989645,0.9928146600723267,0.0067560370080173016,audio,0.75,0.7142857313156128,0.7647058963775635
423,pLTX3ipuDJI$_$7,0.800000011920929,-0.7837652564048767,0.0006819457630626857,0.9894071221351624,0.00991096068173647,audio,0.7142857313156128,0.4761904776096344,0.699999988079071
566,vyB00TXsimI$_$13,2.4000000953674316,1.376513957977295,0.0007426377269439399,0.9852455258369446,0.014011852443218231,audio,0.6666666865348816,0.5555555820465088,0.8571428656578064
371,nbWiPyCm4g0$_$9,-1.399999976158142,-0.9278536438941956,0.0003998648899141699,0.9919700026512146,0.007630194537341595,audio,0.5416666865348816,0.6808510422706604,0.7142857313156128
396,nzpVDcQ0ywM$_$18,1.2000000476837158,1.6748043298721313,0.0005778062040917575,0.9898778796195984,0.00954436045140028,audio,0.625,0.5333333611488342,0.6944444179534912
612,yDtzw_Y-7RU$_$5,0.5,0.7668192386627197,0.0002964611630886793,0.9950834512710571,0.004620106425136328,audio,0.5263158082962036,0.6769230961799622,0.5384615659713745
135,d6hH302o4v8$_$1,-2.799999952316284,1.1376087665557861,0.0009285812266170979,0.9900919198989868,0.008979525417089462,audio,0.8333333134651184,0.550000011920929,0.6666666865348816
303,k5Y_838nuGo$_$25,-0.20000000298023224,-0.22562183439731598,0.0007401529001072049,0.9916803240776062,0.007579497992992401,audio,0.7142857313156128,0.5319148898124695,0.5614035129547119
144,d6hH302o4v8$_$39,-3.0,-0.6504697203636169,0.0009906095219776034,0.9900924563407898,0.008916952647268772,audio,0.8888888955116272,0.5714285969734192,0.6764705777168274
654,zhpQhgha_KU$_$27,0.800000011920929,-0.17721915245056152,0.00039866811130195856,0.9911585450172424,0.008442798629403114,audio,0.6000000238418579,0.6666666865348816,0.7857142686843872
145,d6hH302o4v8$_$38,-3.0,-0.8088948130607605,0.0012431435752660036,0.991358757019043,0.007398155517876148,audio,1.0,0.5,0.5517241358757019
341,lXPQBPVc5Cw$_$28,0.800000011920929,0.7435173988342285,0.0005203098990023136,0.9928560256958008,0.006623598746955395,audio,0.7058823704719543,0.6153846383094788,0.6349206566810608
320,k5Y_838nuGo$_$8,-1.399999976158142,-0.8295636177062988,0.00043706828728318214,0.9931229948997498,0.006439952179789543,audio,0.5,0.6000000238418579,0.5277777910232544
596,wMbj6ajWbic$_$12,1.600000023841858,1.0916073322296143,0.00047824784996919334,0.9917037487030029,0.007817970588803291,audio,0.6428571343421936,0.5199999809265137,0.6666666865348816
210,f9O3YtZ2VfI$_$2,1.25,2.1583914756774902,0.00048429856542497873,0.9952753782272339,0.004240356385707855,audio,0.5714285969734192,0.7307692170143127,0.3870967626571655
149,d6hH302o4v8$_$12,1.399999976158142,0.8361746072769165,0.0007023499347269535,0.9883590936660767,0.010938594117760658,audio,0.7777777910232544,0.523809552192688,0.800000011920929
270,iiK8YX8oH1E$_$4,-2.0,-0.9591618180274963,0.0004565764975268394,0.9920907020568848,0.00745275616645813,audio,0.7058823704719543,0.6818181872367859,0.7547169923782349
237,f_pcplsH_V0$_$5,1.2000000476837158,-0.2619044780731201,0.00047356003778986633,0.9933617115020752,0.0061646560207009315,audio,0.6842105388641357,0.6236559152603149,0.6160714030265808
673,zhpQhgha_KU$_$12,-1.399999976158142,-0.016938194632530212,0.00036360009107738733,0.9924314022064209,0.007205010857433081,audio,0.3684210479259491,0.6200000047683716,0.5769230723381042
639,yvsjCA6Y5Fc$_$9,-1.399999976158142,-0.8263555765151978,0.0005695789586752653,0.9917901754379272,0.0076402463018894196,audio,0.5789473652839661,0.5263158082962036,0.5588235259056091
606,yDtzw_Y-7RU$_$21,0.20000000298023224,0.27268892526626587,0.0003464360779616982,0.9933823347091675,0.0062712691724300385,audio,0.46666666865348816,0.5862069129943848,0.5714285969734192
409,ob23OKe5a9Q$_$9,-1.399999976158142,-0.7745497822761536,0.0005558074917644262,0.9913482069969177,0.008096006698906422,audio,0.7400000095367432,0.5860927104949951,0.7215189933776855
525,v0zCBqDeKcE$_$10,2.200000047683716,1.0949257612228394,0.00047263805754482746,0.9941682815551758,0.0053590708412230015,audio,0.5714285969734192,0.5454545617103577,0.4444444477558136
115,d3_k5Xpfmik$_$5,2.200000047683716,0.16291770339012146,0.00030830551986582577,0.9933919310569763,0.006299697794020176,audio,0.38461539149284363,0.6363636255264282,0.574999988079071
229,f_pcplsH_V0$_$10,1.2000000476837158,-0.16824039816856384,0.000888025970198214,0.9930047392845154,0.006107272580265999,audio,0.8181818127632141,0.6000000238418579,0.4848484992980957
672,zhpQhgha_KU$_$13,-1.0,0.48010870814323425,0.00030872938805259764,0.9954105019569397,0.004280814900994301,audio,0.5,0.6875,0.4736842215061188
560,vyB00TXsimI$_$7,2.4000000953674316,1.438416838645935,0.0003614314482547343,0.9938215017318726,0.005817067343741655,audio,0.6875,0.7297297120094299,0.7111111283302307
370,nbWiPyCm4g0$_$6,0.0,0.9622225761413574,0.0005450836033560336,0.9909979104995728,0.008457042276859283,audio,0.5833333134651184,0.5555555820465088,0.6511628031730652
192,etzxEpPuc6I$_$5,0.0,0.8598588109016418,0.0003701412642840296,0.9924145340919495,0.007215349934995174,audio,0.47826087474823,0.523809552192688,0.6052631735801697
151,d6hH302o4v8$_$14,-1.7999999523162842,-1.2557148933410645,0.0005982141010463238,0.9926797151565552,0.006722087040543556,audio,0.7857142686843872,0.6551724076271057,0.6571428775787354
318,k5Y_838nuGo$_$6,2.0,1.9155608415603638,0.0002818795619532466,0.9943641424179077,0.0053539271466434,audio,0.4444444477558136,0.6875,0.5789473652839661
23,c7UH_rxdZv4$_$15,-2.4000000953674316,0.3315429985523224,0.0021505658514797688,0.9861651659011841,0.011684294790029526,audio,1.0,0.5,0.6000000238418579
553,vyB00TXsimI$_$21,1.2000000476837158,0.5243950486183167,0.000354777934262529,0.9937642812728882,0.005880958400666714,audio,0.5454545617103577,0.6285714507102966,0.5952380895614624
578,wMbj6ajWbic$_$20,-0.4000000059604645,1.1292824745178223,0.00029718122095800936,0.9954505562782288,0.004252319224178791,audio,0.6000000238418579,0.6904761791229248,0.5490196347236633
569,vyB00TXsimI$_$14,2.0,1.0966118574142456,0.0007291455403901637,0.9905033111572266,0.008767524734139442,audio,0.6363636255264282,0.47999998927116394,0.5666666626930237
530,v0zCBqDeKcE$_$16,0.0,1.0277626514434814,0.0015711456071585417,0.9703055620193481,0.028123322874307632,audio,0.8571428656578064,0.3333333432674408,1.0
632,yvsjCA6Y5Fc$_$1,-2.0,0.2222028523683548,0.00031673177727498114,0.9947550296783447,0.004928248934447765,audio,0.5185185074806213,0.6527777910232544,0.5370370149612427
628,yvsjCA6Y5Fc$_$20,0.800000011920929,1.9615135192871094,0.0006308912998065352,0.9920185208320618,0.007350604981184006,audio,0.6666666865348816,0.5199999809265137,0.5666666626930237
53,cW1FSBF59ik$_$23,1.399999976158142,1.274303913116455,0.0003446897608228028,0.9935230016708374,0.0061323256231844425,audio,0.523809552192688,0.602150559425354,0.6071428656578064
617,yDtzw_Y-7RU$_$8,-1.5,-0.789802074432373,0.00041613142821006477,0.9947080612182617,0.004875750746577978,audio,0.7142857313156128,0.6875,0.5789473652839661
394,nzpVDcQ0ywM$_$16,1.399999976158142,0.8917140364646912,0.0010277308756485581,0.9888650178909302,0.010107277892529964,audio,0.8333333134651184,0.5121951103210449,0.6734693646430969
186,etzxEpPuc6I$_$16,-2.4000000953674316,-0.6521450281143188,0.0007578806253150105,0.9908968806266785,0.00834525004029274,audio,0.8333333134651184,0.5277777910232544,0.6744186282157898
446,phBUpBr1hSo$_$8,-2.200000047683716,-0.644112765789032,0.0003114572027698159,0.9940616488456726,0.005626910366117954,audio,0.5199999809265137,0.6310975551605225,0.5980707406997681
84,cXypl4FnoZo$_$3,1.7999999523162842,2.1243016719818115,0.0006695492775179446,0.986466109752655,0.012864336371421814,audio,0.7142857313156128,0.5454545617103577,0.8571428656578064
117,d3_k5Xpfmik$_$7,0.4000000059604645,-0.29387983679771423,0.0004057810001540929,0.9920454025268555,0.007548753172159195,audio,0.5,0.5421686768531799,0.6190476417541504
258,iiK8YX8oH1E$_$10,0.0,0.4457399845123291,0.0006871226360090077,0.9945834279060364,0.004729434847831726,audio,0.8571428656578064,0.6499999761581421,0.47826087474823
272,iiK8YX8oH1E$_$6,0.20000000298023224,1.7394518852233887,0.0008846432901918888,0.9954103827476501,0.0037049532402306795,audio,1.0,0.7333333492279053,0.3888888955116272
227,f9O3YtZ2VfI$_$30,-1.0,-0.5803737640380859,0.0004484528035391122,0.993949294090271,0.005602226592600346,audio,0.5714285969734192,0.6399999856948853,0.5166666507720947
319,k5Y_838nuGo$_$9,1.7999999523162842,0.24774213135242462,0.0004002682107966393,0.9928323030471802,0.006767455022782087,audio,0.5,0.6086956262588501,0.5925925970077515
103,d3_k5Xpfmik$_$10,0.4000000059604645,-0.14908312261104584,0.00031872998806647956,0.9937618374824524,0.005919428542256355,audio,0.5714285969734192,0.6615384817123413,0.6623376607894897
657,zhpQhgha_KU$_$22,0.6000000238418579,-0.4553346037864685,0.0004648228641599417,0.9931662678718567,0.006368920672684908,audio,0.6363636255264282,0.6666666865348816,0.6190476417541504
112,d3_k5Xpfmik$_$1,2.0,1.517564058303833,0.000560554675757885,0.9934539794921875,0.005985456518828869,audio,0.7599999904632568,0.5571428537368774,0.5714285969734192
604,yDtzw_Y-7RU$_$24,-0.800000011920929,-0.21732300519943237,0.0005409021978266537,0.9939464926719666,0.005512585397809744,audio,0.7777777910232544,0.6875,0.6000000238418579
201,f9O3YtZ2VfI$_$27,1.600000023841858,1.5002354383468628,0.0004526744596660137,0.9955877065658569,0.003959584981203079,audio,0.7272727489471436,0.7083333134651184,0.4642857015132904
249,fvVhgmXxadc$_$3,-2.200000047683716,-0.7141072154045105,0.0007409971440210938,0.9884042739868164,0.010854745283722878,audio,0.6000000238418579,0.5,0.6538461446762085
111,d3_k5Xpfmik$_$18,0.800000011920929,1.5580166578292847,0.0004521821974776685,0.9915030002593994,0.00804481003433466,audio,0.4285714328289032,0.4324324429035187,0.5227272510528564
324,k5Y_838nuGo$_$12,0.20000000298023224,0.4731177091598511,0.0005499649560078979,0.9918095469474792,0.007640508469194174,audio,0.6842105388641357,0.5555555820465088,0.6481481194496155
482,tIrG4oNLFzE$_$5,0.4000000059604645,1.4236003160476685,0.0002103372971760109,0.995058536529541,0.004731127060949802,audio,0.4166666567325592,0.7333333492279053,0.6111111044883728
405,ob23OKe5a9Q$_$5,-1.7999999523162842,-0.008726492524147034,0.0003337447124067694,0.9940832257270813,0.005582986865192652,audio,0.5416666865348816,0.6695652008056641,0.6014492511749268
4,c7UH_rxdZv4$_$20,-1.7999999523162842,-0.8169604539871216,0.0005988835473544896,0.9905691146850586,0.008831932209432125,audio,0.6666666865348816,0.6301369667053223,0.7159090638160706
679,zhpQhgha_KU$_$18,0.6000000238418579,1.2568094730377197,0.0006410588975995779,0.9927869439125061,0.006571934558451176,audio,0.8181818127632141,0.6176470518112183,0.6341463327407837
46,cM3Yna7AavY$_$6,2.799999952316284,0.5970451235771179,0.0005314360605552793,0.9919732809066772,0.007495315279811621,audio,0.6000000238418579,0.5446428656578064,0.6000000238418579
583,wMbj6ajWbic$_$29,1.7999999523162842,1.7979497909545898,0.00032848340924829245,0.9941127896308899,0.0055587380193173885,audio,0.6111111044883728,0.6578947305679321,0.644444465637207
468,rnaNMUZpvvg$_$19,-1.399999976158142,-1.135351300239563,0.0004917015321552753,0.9938477873802185,0.005660457070916891,audio,0.6521739363670349,0.5660377144813538,0.515625
169,dq3Nf_lMPnE$_$14,-1.7999999523162842,0.7533614635467529,0.0007735544932074845,0.9911634922027588,0.008063013665378094,audio,0.7333333492279053,0.4791666567325592,0.568965494632721
102,d3_k5Xpfmik$_$11,2.4000000953674316,-0.017033502459526062,0.0005227543879300356,0.9925274848937988,0.006949725095182657,audio,0.625,0.5423728823661804,0.5714285969734192
638,yvsjCA6Y5Fc$_$6,0.0,-0.6100976467132568,0.0005210607196204364,0.9926809668540955,0.0067979092709720135,audio,0.8181818127632141,0.7142857313156128,0.75
136,d6hH302o4v8$_$3,0.20000000298023224,0.11185918748378754,0.0004170887405052781,0.9935338497161865,0.0060490029864013195,audio,0.7222222089767456,0.6734693646430969,0.6896551847457886
464,rnaNMUZpvvg$_$15,-1.600000023841858,-1.3686857223510742,0.00030734663596376777,0.9934512376785278,0.006241375580430031,audio,0.4736842215061188,0.604938268661499,0.6161616444587708
434,phBUpBr1hSo$_$16,-1.600000023841858,0.12109151482582092,0.0006460524746216834,0.9927957653999329,0.006558212451636791,audio,0.7200000286102295,0.5416666865348816,0.5344827771186829
281,jUzDDGyPkXU$_$22,-2.4000000953674316,-0.9371725916862488,0.0006338636158034205,0.9912477731704712,0.008118349127471447,audio,0.7222222089767456,0.5199999809265137,0.6440678238868713
131,d6hH302o4v8$_$28,-1.0,0.3135799765586853,0.0005985067109577358,0.9926302433013916,0.006771196611225605,audio,0.6666666865348816,0.5416666865348816,0.5517241358757019
100,cXypl4FnoZo$_$19,0.800000011920929,-0.5399527549743652,0.0004405570507515222,0.9939379692077637,0.005621511954814196,audio,0.675000011920929,0.6623376607894897,0.6000000238418579
559,vyB00TXsimI$_$4,1.7999999523162842,1.4157344102859497,0.0009802597342059016,0.9872130751609802,0.011806663125753403,audio,0.7777777910232544,0.3870967626571655,0.6842105388641357
337,lXPQBPVc5Cw$_$20,-1.7999999523162842,0.10884952545166016,0.0003519267193041742,0.9947380423545837,0.00491001270711422,audio,0.5151515007019043,0.6161616444587708,0.4864864945411682
351,lXPQBPVc5Cw$_$8,2.5999999046325684,1.9147710800170898,0.00038467839476652443,0.9920811653137207,0.00753417331725359,audio,0.5454545617103577,0.6000000238418579,0.6857143044471741
240,f_pcplsH_V0$_$6,1.600000023841858,0.406657338142395,0.000733321881853044,0.993003785610199,0.006262906827032566,audio,0.7777777910232544,0.5333333611488342,0.5
424,pLTX3ipuDJI$_$6,-1.399999976158142,-0.7503445148468018,0.0004906521062366664,0.9924565553665161,0.007052801549434662,audio,0.699999988079071,0.6037735939025879,0.671875
124,d6hH302o4v8$_$25,-1.600000023841858,-1.1039214134216309,0.0013680002884939313,0.9860143661499023,0.01261767279356718,audio,0.800000011920929,0.38461539149284363,0.625
271,iiK8YX8oH1E$_$7,-1.600000023841858,0.8763200044631958,0.0003984998620580882,0.9930006265640259,0.0066008856520056725,audio,0.5454545617103577,0.6499999761581421,0.6170212626457214
140,d6hH302o4v8$_$7,-2.799999952316284,-0.4727284908294678,0.0004805430071428418,0.9938341379165649,0.005685276351869106,audio,0.6111111044883728,0.6216216087341309,0.5227272510528564
350,lXPQBPVc5Cw$_$9,-2.5999999046325684,-0.8121690154075623,0.000671395449899137,0.9921395182609558,0.007189077325165272,audio,0.8125,0.5487805008888245,0.6326530575752258
29,c7UH_rxdZv4$_$31,-1.399999976158142,0.17340776324272156,0.00039600470336154103,0.9936829805374146,0.005921039264649153,audio,0.6470588445663452,0.6404494643211365,0.6355140209197998
283,jUzDDGyPkXU$_$1,2.799999952316284,1.0392727851867676,0.0007987237768247724,0.9911908507347107,0.008010408841073513,audio,0.8571428656578064,0.5333333611488342,0.6470588445663452
294,jUzDDGyPkXU$_$13,-0.6000000238418579,-0.6844775080680847,0.0003895344561897218,0.9915609955787659,0.008049421943724155,audio,0.5333333611488342,0.6078431606292725,0.7049180269241333
56,cW1FSBF59ik$_$2,3.0,0.9166610240936279,0.0004952895105816424,0.9935479760169983,0.005956695415079594,audio,0.75,0.5887850522994995,0.6124030947685242
671,zhpQhgha_KU$_$10,0.6000000238418579,0.49488377571105957,0.00037541406345553696,0.9936320185661316,0.005992563907057047,audio,0.5882353186607361,0.6138613820075989,0.6111111044883728
485,tIrG4oNLFzE$_$6,1.25,0.8460747003555298,0.0004928363487124443,0.9925583600997925,0.006948854308575392,audio,0.6153846383094788,0.4838709533214569,0.5675675868988037
228,f_pcplsH_V0$_$11,-0.4000000059604645,0.3417668342590332,0.0004177721275482327,0.9949567914009094,0.004625394474714994,audio,0.5714285969734192,0.699999988079071,0.4680851101875305
598,wMbj6ajWbic$_$14,-0.800000011920929,-0.39790841937065125,0.00045492275967262685,0.9920070171356201,0.007538033649325371,audio,0.5625,0.5757575631141663,0.625
522,tmZoasNr4rU$_$9,-0.6000000238418579,-0.4063093066215515,0.0005930634215474129,0.9928170442581177,0.006589926779270172,audio,0.7200000286102295,0.6583333611488342,0.6180555820465088
623,yDtzw_Y-7RU$_$14,2.200000047683716,-0.2639746367931366,0.0003374609223101288,0.9945529103279114,0.005109661724418402,audio,0.6086956262588501,0.6741573214530945,0.5981308221817017
298,jUzDDGyPkXU$_$17,-2.799999952316284,-0.477416455745697,0.0003541652113199234,0.99469393491745,0.004951892886310816,audio,0.5714285969734192,0.6666666865348816,0.5384615659713745
574,wMbj6ajWbic$_$24,1.399999976158142,2.084500551223755,0.00038750452222302556,0.9939548373222351,0.005657691042870283,audio,0.6000000238418579,0.5882353186607361,0.5714285969734192
670,zhpQhgha_KU$_$11,-2.4000000953674316,1.670439600944519,0.0005165161564946175,0.9924271702766418,0.0070563373155891895,audio,0.6666666865348816,0.5625,0.625
58,cW1FSBF59ik$_$4,1.600000023841858,1.413543462753296,0.00031772334477864206,0.994834303855896,0.0048479908145964146,audio,0.5416666865348816,0.6455696225166321,0.5384615659713745
369,nbWiPyCm4g0$_$7,-1.2000000476837158,-0.9013584852218628,0.0009445391478948295,0.9914951324462891,0.0075603355653584,audio,0.8181818127632141,0.59375,0.5789473652839661
546,vvZ4IcEtiZc$_$5,1.2000000476837158,1.2812139987945557,0.00047373969573527575,0.992830216884613,0.006696032360196114,audio,0.6153846383094788,0.6666666865348816,0.6279069781303406
421,pLTX3ipuDJI$_$5,-2.0,-1.1396478414535522,0.000405386759666726,0.9933933615684509,0.006201225332915783,audio,0.6000000238418579,0.6818181872367859,0.6329113841056824
134,d6hH302o4v8$_$41,-2.4000000953674316,-0.8472639322280884,0.0005601096781902015,0.9937887787818909,0.005651052109897137,audio,0.75,0.6315789222717285,0.5652173757553101
611,yDtzw_Y-7RU$_$2,0.800000011920929,0.3232429623603821,0.0005300790071487427,0.9923918843269348,0.007078077644109726,audio,0.6363636255264282,0.5222222208976746,0.5833333134651184
87,cXypl4FnoZo$_$4,-0.800000011920929,-0.9798001646995544,0.0005751699209213257,0.9927985668182373,0.006626273039728403,audio,0.7083333134651184,0.6056337952613831,0.6000000238418579
389,nzpVDcQ0ywM$_$13,-1.0,-0.7040891647338867,0.0007232483476400375,0.9916826486587524,0.007594135124236345,audio,0.7058823704719543,0.5357142686843872,0.5735294222831726
154,d6hH302o4v8$_$19,-2.799999952316284,-1.0361096858978271,0.0004454804875422269,0.9937194585800171,0.0058350046165287495,audio,0.6666666865348816,0.699999988079071,0.6216216087341309
658,zhpQhgha_KU$_$23,-0.5,0.8796741962432861,0.000517675478477031,0.9937772750854492,0.0057051172479987144,audio,0.8333333134651184,0.7142857313156128,0.6744186282157898
61,cW1FSBF59ik$_$9,-2.4000000953674316,-0.9054915904998779,0.0004057159530930221,0.993445634841919,0.006148680113255978,audio,0.6000000238418579,0.5744680762290955,0.5892857313156128
146,d6hH302o4v8$_$11,-1.0,0.25540441274642944,0.0002791245060507208,0.9956707954406738,0.004050110466778278,audio,0.5,0.7142857313156128,0.4878048896789551
633,yvsjCA6Y5Fc$_$3,-2.0,-1.3218024969100952,0.0005443322588689625,0.992133617401123,0.007322011049836874,audio,0.6153846383094788,0.5714285969734192,0.5932203531265259
416,pLTX3ipuDJI$_$14,-2.0,-1.0052344799041748,0.0008448268054053187,0.9921846985816956,0.006970482878386974,audio,0.75,0.4375,0.4615384638309479
599,wMbj6ajWbic$_$17,2.0,1.1609357595443726,0.00045056393719278276,0.9947958588600159,0.00475359195843339,audio,0.7272727489471436,0.6037735939025879,0.515625
109,d3_k5Xpfmik$_$16,2.0,2.091661214828491,0.0003560816985554993,0.9968670010566711,0.002776955720037222,audio,0.6000000238418579,0.739130437374115,0.2857142984867096
106,d3_k5Xpfmik$_$15,2.5999999046325684,-0.09126703441143036,0.0004094418545719236,0.9926924109458923,0.006898198742419481,audio,0.5428571701049805,0.65625,0.6315789222717285
453,rnaNMUZpvvg$_$2,2.25,2.4087913036346436,0.0008038074593059719,0.9930578470230103,0.006138307973742485,audio,0.7777777910232544,0.529411792755127,0.4761904776096344
659,zhpQhgha_KU$_$28,1.399999976158142,1.2219122648239136,0.0005541989230550826,0.9920253753662109,0.007420426234602928,audio,0.6363636255264282,0.5714285969734192,0.6176470518112183
77,cXypl4FnoZo$_$20,-1.0,0.7746966481208801,0.0005704326322302222,0.9938522577285767,0.0055773453786969185,audio,0.75,0.6101694703102112,0.5428571701049805
233,f_pcplsH_V0$_$14,-1.0,-0.8430280685424805,0.00035875049070455134,0.9930967688560486,0.006544525735080242,audio,0.5666666626930237,0.6236559152603149,0.6607142686843872
314,k5Y_838nuGo$_$2,1.2000000476837158,1.1446977853775024,0.0006008367636241019,0.9907575249671936,0.008641650900244713,audio,0.7142857313156128,0.5833333134651184,0.7142857313156128
307,k5Y_838nuGo$_$21,-0.20000000298023224,-1.2481675148010254,0.0005101578426547348,0.9883412718772888,0.011148522607982159,audio,0.5833333134651184,0.5909090638160706,0.8148148059844971
469,rnaNMUZpvvg$_$18,-2.200000047683716,0.32083216309547424,0.0004637058882508427,0.9941387176513672,0.005397600121796131,audio,0.7209302186965942,0.6204379796981812,0.5766870975494385
567,vyB00TXsimI$_$12,0.20000000298023224,1.022821068763733,0.0014682788169011474,0.9833112955093384,0.015220385044813156,audio,0.8999999761581421,0.4516128897666931,0.7837837934494019
589,wMbj6ajWbic$_$7,-1.2000000476837158,-0.3316754996776581,0.0001961778471013531,0.9964391589164734,0.003364680800586939,audio,0.38461539149284363,0.7407407164573669,0.44117647409439087
243,fvVhgmXxadc$_$11,-0.20000000298023224,0.35500380396842957,0.0006025456823408604,0.9936384558677673,0.005758931860327721,audio,0.800000011920929,0.6153846383094788,0.5714285969734192
526,v0zCBqDeKcE$_$13,1.7999999523162842,-0.2229221612215042,0.0006662911036983132,0.9924581050872803,0.006875591352581978,audio,0.6800000071525574,0.5131579041481018,0.52173912525177
59,cW1FSBF59ik$_$7,0.5,0.6041355729103088,0.00046011744416318834,0.9898681640625,0.00967175792902708,audio,0.6000000238418579,0.6470588445663452,0.800000011920929
246,fvVhgmXxadc$_$12,0.0,0.5424626469612122,0.00027853960637003183,0.9934024214744568,0.00631899805739522,audio,0.523809552192688,0.6818181872367859,0.7169811129570007
357,lXPQBPVc5Cw$_$14,-2.200000047683716,0.5304807424545288,0.0006637598271481693,0.9932186007499695,0.00611761212348938,audio,0.7272727489471436,0.5396825671195984,0.5066666603088379
133,d6hH302o4v8$_$40,-1.0,0.6645371317863464,0.000699927331879735,0.9981038570404053,0.001196216675452888,audio,1.0,1.0,0.0
187,etzxEpPuc6I$_$19,-0.5,-0.4712187647819519,0.00040803541196510196,0.9930023550987244,0.006589639000594616,audio,0.6000000238418579,0.5730994343757629,0.6225489974021912
575,wMbj6ajWbic$_$25,2.0,1.1516519784927368,0.00046596824540756643,0.9941092729568481,0.005424736067652702,audio,0.75,0.6086956262588501,0.5925925970077515
515,tmZoasNr4rU$_$1,0.0,0.22713392972946167,0.0004072629672009498,0.992385745048523,0.007206970825791359,audio,0.5454545617103577,0.5744680762290955,0.6315789222717285
504,tmZoasNr4rU$_$11,-0.6000000238418579,0.7483266592025757,0.0005677074077539146,0.9935012459754944,0.005931024439632893,audio,0.8999999761581421,0.6578947305679321,0.6888889074325562
335,lXPQBPVc5Cw$_$26,-2.799999952316284,-1.12893807888031,0.00032970233587548137,0.9950838685035706,0.004586454480886459,audio,0.6363636255264282,0.7857142686843872,0.6060606241226196
538,v0zCBqDeKcE$_$9,1.7999999523162842,0.9144906997680664,0.00034345558378845453,0.9931315779685974,0.006524974480271339,audio,0.5555555820465088,0.6666666865348816,0.6800000071525574
616,yDtzw_Y-7RU$_$9,-1.0,-0.6047519445419312,0.0004638743121176958,0.9917730689048767,0.007763052824884653,audio,0.53125,0.5588235259056091,0.6186440587043762
79,cXypl4FnoZo$_$22,0.20000000298023224,-0.827135443687439,0.00045529863564297557,0.9928105473518372,0.006734167225658894,audio,0.6000000238418579,0.6132075190544128,0.6122449040412903
214,f9O3YtZ2VfI$_$6,-2.5999999046325684,-0.8787000179290771,0.0008699377067387104,0.9873129725456238,0.01181711908429861,audio,0.699999988079071,0.42105263471603394,0.6818181872367859
147,d6hH302o4v8$_$10,-1.2000000476837158,-0.9908297061920166,0.0006267009885050356,0.994170069694519,0.005203219596296549,audio,0.8181818127632141,0.6842105388641357,0.5454545617103577
647,yvsjCA6Y5Fc$_$17,-0.6000000238418579,-0.5575041770935059,0.0005745550151914358,0.9935566782951355,0.005868749693036079,audio,0.800000011920929,0.6530612111091614,0.6101694703102112
196,etzxEpPuc6I$_$9,-2.799999952316284,-0.5689353346824646,0.0004177899390924722,0.9933769106864929,0.006205352488905191,audio,0.6190476417541504,0.6190476417541504,0.6133333444595337
440,phBUpBr1hSo$_$2,2.200000047683716,1.6901288032531738,0.0006435344694182277,0.994870662689209,0.004485868848860264,audio,0.8571428656578064,0.6000000238418579,0.4583333432674408
625,yDtzw_Y-7RU$_$16,0.6000000238418579,0.2702222466468811,0.0004694773815572262,0.9928903579711914,0.006640142761170864,audio,0.5882353186607361,0.5116279125213623,0.553398072719574
429,phBUpBr1hSo$_$13,0.800000011920929,1.616833209991455,0.0003858681593555957,0.996376097202301,0.0032380230259150267,audio,0.7272727489471436,0.6842105388641357,0.40909090638160706
62,cW1FSBF59ik$_$8,1.7999999523162842,1.5318938493728638,0.0006238695932552218,0.9919049739837646,0.007471079006791115,audio,0.8571428656578064,0.5600000023841858,0.7096773982048035
594,wMbj6ajWbic$_$10,-1.7999999523162842,0.6510826945304871,0.0003283988335169852,0.9930457472801208,0.006625874899327755,audio,0.5454545617103577,0.6315789222717285,0.6818181872367859
300,jUzDDGyPkXU$_$19,2.200000047683716,-1.0638706684112549,0.0005712156998924911,0.9946330785751343,0.0047956788912415504,audio,0.8999999761581421,0.7714285850524902,0.6097561120986938
168,dq3Nf_lMPnE$_$15,1.0,0.24186106026172638,0.00035472624585963786,0.9946718811988831,0.0049734278582036495,audio,0.529411792755127,0.6271186470985413,0.5
347,lXPQBPVc5Cw$_$4,-1.2000000476837158,-1.4651257991790771,0.0004234828520566225,0.9919031262397766,0.007673437707126141,audio,0.5,0.5384615659713745,0.6170212626457214
309,k5Y_838nuGo$_$23,-0.20000000298023224,1.7263092994689941,0.00041126611176878214,0.9960461258888245,0.003542616730555892,audio,0.8333333134651184,0.9090909361839294,0.5714285969734192
268,iiK8YX8oH1E$_$2,1.2000000476837158,0.1700124442577362,0.0003834608069155365,0.9911207556724548,0.008495778776705265,audio,0.4285714328289032,0.5666666626930237,0.6578947305679321
449,rnaNMUZpvvg$_$21,-2.5999999046325684,-0.5495462417602539,0.0003424165479373187,0.9944943785667419,0.005163188092410564,audio,0.6363636255264282,0.699999988079071,0.625
164,dq3Nf_lMPnE$_$11,-0.6000000238418579,0.7588980793952942,0.0004268668999429792,0.9942143559455872,0.005358764436095953,audio,0.6818181872367859,0.6666666865348816,0.5921052694320679
142,d6hH302o4v8$_$9,-2.4000000953674316,-0.1994541734457016,0.0007704541203565896,0.9936894178390503,0.005540058016777039,audio,0.875,0.625,0.5263158082962036
291,jUzDDGyPkXU$_$8,1.7999999523162842,0.5915622115135193,0.00034180236980319023,0.9952235817909241,0.0044346959330141544,audio,0.6363636255264282,0.7083333134651184,0.5517241358757019
313,k5Y_838nuGo$_$3,0.800000011920929,1.4399384260177612,0.000458099995739758,0.9935777187347412,0.005964159034192562,audio,0.6428571343421936,0.6000000238418579,0.5744680762290955
121,d6hH302o4v8$_$42,-1.399999976158142,-1.426855444908142,0.000671074609272182,0.9937908053398132,0.005538090132176876,audio,0.8181818127632141,0.6896551847457886,0.5588235259056091
94,cXypl4FnoZo$_$13,-1.0,-1.021497368812561,0.0004815359425265342,0.9936180114746094,0.005900489632040262,audio,0.625,0.5857142806053162,0.5333333611488342
10,c7UH_rxdZv4$_$1,-2.799999952316284,-1.1444958448410034,0.00034319472615607083,0.9924359917640686,0.007220834027975798,audio,0.5,0.6666666865348816,0.692307710647583
252,fvVhgmXxadc$_$4,-2.799999952316284,0.360202431678772,0.00041450164280831814,0.9958567023277283,0.00372873991727829,audio,0.6363636255264282,0.6875,0.3947368562221527
172,dq3Nf_lMPnE$_$2,-1.399999976158142,-0.2214919477701187,0.0004645543813239783,0.9937329888343811,0.005802499130368233,audio,0.692307710647583,0.65625,0.6052631735801697
171,dq3Nf_lMPnE$_$3,-1.2000000476837158,1.4617348909378052,0.0007055976311676204,0.9892591834068298,0.010035289451479912,audio,0.7142857313156128,0.52173912525177,0.7037037014961243
641,yvsjCA6Y5Fc$_$11,2.0,0.24402029812335968,0.00043872196692973375,0.9917278289794922,0.007833451963961124,audio,0.529411792755127,0.5609756112098694,0.6326530575752258
11,c7UH_rxdZv4$_$3,-0.800000011920929,-0.37503114342689514,0.0018165276851505041,0.983863115310669,0.014320326037704945,audio,0.8571428656578064,0.3636363744735718,0.6153846383094788
336,lXPQBPVc5Cw$_$27,-2.799999952316284,-1.0252652168273926,0.00038007632247172296,0.9941235184669495,0.00549645721912384,audio,0.625,0.7419354915618896,0.6315789222717285
509,tmZoasNr4rU$_$14,-2.0,-0.38992446660995483,0.0005643123295158148,0.9905829429626465,0.008852745406329632,audio,0.6666666865348816,0.5444444417953491,0.6976743936538696
203,f9O3YtZ2VfI$_$21,2.0,-0.11504640430212021,0.0004246801545377821,0.9925011992454529,0.007074089255183935,audio,0.6000000238418579,0.6315789222717285,0.6666666865348816
20,c7UH_rxdZv4$_$10,0.800000011920929,-0.2898930013179779,0.0006569137331098318,0.9896053075790405,0.009737793356180191,audio,0.75,0.5405405163764954,0.75
353,lXPQBPVc5Cw$_$10,-2.200000047683716,-1.2616902589797974,0.0005595397087745368,0.9930388331413269,0.006401629652827978,audio,0.6734693646430969,0.5789473652839661,0.562841534614563
662,zhpQhgha_KU$_$3,-1.600000023841858,-0.5012490153312683,0.0005011245957575738,0.9926912188529968,0.006807710975408554,audio,0.6000000238418579,0.568965494632721,0.5714285969734192
90,cXypl4FnoZo$_$9,1.2000000476837158,0.8674700260162354,0.00044340561726130545,0.9946944117546082,0.0048621827736496925,audio,0.7368420958518982,0.6734693646430969,0.568965494632721
68,cW1FSBF59ik$_$14,-1.2000000476837158,-0.4578312933444977,0.00037307929596863687,0.9924817085266113,0.007145277690142393,audio,0.5652173757553101,0.5480769276618958,0.6607142686843872
580,wMbj6ajWbic$_$22,1.399999976158142,1.3481601476669312,0.00037241936661303043,0.9919697642326355,0.007657861802726984,audio,0.5,0.5517241358757019,0.6551724076271057
640,yvsjCA6Y5Fc$_$8,0.4000000059604645,-1.3214263916015625,0.0006579468608833849,0.9896838665008545,0.009658238850533962,audio,0.6521739363670349,0.4571428596973419,0.650602400302887
400,ob23OKe5a9Q$_$12,2.799999952316284,2.3406999111175537,0.0005650380626320839,0.9922332763671875,0.007201666012406349,audio,0.7272727489471436,0.5714285969734192,0.6470588445663452
674,zhpQhgha_KU$_$15,-2.0,-1.2335478067398071,0.0006675301119685173,0.9916804432868958,0.00765204057097435,audio,0.7027027010917664,0.5052631497383118,0.5806451439857483
224,f9O3YtZ2VfI$_$16,-1.0,0.4236106276512146,0.0003817665856331587,0.9950761198997498,0.004542113747447729,audio,0.6666666865348816,0.7037037014961243,0.5490196347236633
593,wMbj6ajWbic$_$11,0.4000000059604645,-1.057294487953186,0.0006340623367577791,0.9907159805297852,0.008649937808513641,audio,0.7058823704719543,0.5128205418586731,0.6595744490623474
514,tmZoasNr4rU$_$20,-1.0,-0.27871575951576233,0.0005841060192324221,0.9924978613853455,0.006918048020452261,audio,0.699999988079071,0.5897436141967773,0.6041666865348816
360,lXPQBPVc5Cw$_$19,-1.7999999523162842,-0.732166588306427,0.0007487143739126623,0.9940165281295776,0.005234693642705679,audio,0.8888888955116272,0.6499999761581421,0.5199999809265137
99,cXypl4FnoZo$_$16,-0.6000000238418579,-0.6618896722793579,0.000351567636243999,0.9934927821159363,0.0061556254513561726,audio,0.48275861144065857,0.6458333134651184,0.5862069129943848
643,yvsjCA6Y5Fc$_$13,-2.0,-0.42790448665618896,0.0007826951332390308,0.9931843876838684,0.006032915785908699,audio,0.9166666865348816,0.6170212626457214,0.5892857313156128
67,cW1FSBF59ik$_$15,-2.5999999046325684,-0.43462854623794556,0.0003262497775722295,0.9946014881134033,0.0050722272135317326,audio,0.5416666865348816,0.6170212626457214,0.5398229956626892
18,c7UH_rxdZv4$_$8,-2.799999952316284,1.098560094833374,0.0006417892873287201,0.993361234664917,0.005996976047754288,audio,0.800000011920929,0.5955055952072144,0.5692307949066162
376,nzpVDcQ0ywM$_$22,2.0,0.5873644351959229,0.0028776158578693867,0.9861546158790588,0.010967743583023548,audio,0.5555555820465088,0.0,0.0
663,zhpQhgha_KU$_$2,1.600000023841858,1.1723129749298096,0.0005769480485469103,0.9912282228469849,0.00819486379623413,audio,0.6875,0.53125,0.6666666865348816
263,iiK8YX8oH1E$_$17,1.600000023841858,1.3806368112564087,0.0007485855021513999,0.9886301755905151,0.01062122080475092,audio,0.7333333492279053,0.47999998927116394,0.7241379022598267
418,pLTX3ipuDJI$_$1,-2.4000000953674316,-0.5155206322669983,0.0004106470732949674,0.9943534135818481,0.005235957447439432,audio,0.6470588445663452,0.6607142686843872,0.5671641826629639
366,nbWiPyCm4g0$_$2,-2.4000000953674316,0.9023720026016235,0.0006496516871266067,0.9900447726249695,0.009305564686655998,audio,0.692307710647583,0.6363636255264282,0.7407407164573669
251,fvVhgmXxadc$_$5,0.0,-0.19283446669578552,0.0004415090079419315,0.9925946593284607,0.006963849533349276,audio,0.6153846383094788,0.6315789222717285,0.6521739363670349
92,cXypl4FnoZo$_$11,1.399999976158142,0.3096667230129242,0.0003659756912384182,0.9944339394569397,0.00520015275105834,audio,0.6451612710952759,0.6896551847457886,0.6122449040412903
573,vyB00TXsimI$_$18,2.4000000953674316,1.890440821647644,0.00040158553747460246,0.9928694367408752,0.006728945299983025,audio,0.5,0.6111111044883728,0.5909090638160706
297,jUzDDGyPkXU$_$14,0.800000011920929,1.1307340860366821,0.0004657398967538029,0.993101954460144,0.006432311609387398,audio,0.4615384638309479,0.4285714328289032,0.4285714328289032
595,wMbj6ajWbic$_$13,2.0,0.3836791515350342,0.00028807451599277556,0.9952599406242371,0.00445195846259594,audio,0.5833333134651184,0.7017543911933899,0.5735294222831726
413,pLTX3ipuDJI$_$13,-1.399999976158142,0.46029847860336304,0.0004944807151332498,0.9933077096939087,0.006197764538228512,audio,0.6875,0.625,0.6052631735801697
531,v0zCBqDeKcE$_$1,2.5999999046325684,0.8530313372612,0.00036384552367962897,0.9927859902381897,0.006850161124020815,audio,0.5,0.5757575631141663,0.6153846383094788
533,v0zCBqDeKcE$_$2,-0.4000000059604645,0.5095874071121216,0.0005520011764019728,0.9936855435371399,0.005762399174273014,audio,0.6363636255264282,0.6060606241226196,0.5
442,phBUpBr1hSo$_$4,-0.800000011920929,-0.40720483660697937,0.0006277029169723392,0.9935378432273865,0.005834410898387432,audio,0.78125,0.5384615659713745,0.5267857313156128
5,c7UH_rxdZv4$_$21,-0.800000011920929,0.33235982060432434,0.0005397983477450907,0.9934919476509094,0.00596826383844018,audio,0.6842105388641357,0.6413043737411499,0.5632184147834778
465,rnaNMUZpvvg$_$14,-2.5999999046325684,-1.1486506462097168,0.0006309589953161776,0.991817057132721,0.007551954127848148,audio,0.75,0.48076921701431274,0.6129032373428345
189,etzxEpPuc6I$_$1,0.4000000059604645,-0.10791990160942078,0.0004578173684421927,0.9943554401397705,0.00518674636259675,audio,0.7037037014961243,0.6575342416763306,0.5632184147834778
93,cXypl4FnoZo$_$10,2.0,0.6846773624420166,0.00046041767927818,0.9938850998878479,0.005654502660036087,audio,0.6666666865348816,0.6060606241226196,0.5641025900840759
489,tStelxIAHjw$_$10,-0.4000000059604645,-0.6893156170845032,0.0005932155181653798,0.9910327792167664,0.008374020457267761,audio,0.7777777910232544,0.6666666865348816,0.761904776096344
236,f_pcplsH_V0$_$2,1.399999976158142,0.11111672222614288,0.00045607078936882317,0.9940202236175537,0.005523772444576025,audio,0.7142857313156128,0.6551724076271057,0.6000000238418579
359,lXPQBPVc5Cw$_$16,0.20000000298023224,0.22816163301467896,0.0002908462192863226,0.9940038323402405,0.0057053049094974995,audio,0.550000011920929,0.7166666388511658,0.6805555820465088
26,c7UH_rxdZv4$_$16,-2.0,-0.8593534827232361,0.0009225626708939672,0.9927564263343811,0.006321082357317209,audio,0.800000011920929,0.6363636255264282,0.5
80,cXypl4FnoZo$_$23,0.4000000059604645,1.2173643112182617,0.0018017685506492853,0.9883056879043579,0.009892561472952366,audio,0.8571428656578064,0.30000001192092896,0.4166666567325592
527,v0zCBqDeKcE$_$12,-0.4000000059604645,-0.753828763961792,0.0005998660926707089,0.9909460544586182,0.008454132825136185,audio,0.6000000238418579,0.5384615659713745,0.6153846383094788
97,cXypl4FnoZo$_$14,-0.6000000238418579,-0.42403510212898254,0.0003987762320321053,0.9938485026359558,0.005752710625529289,audio,0.5517241358757019,0.5945945978164673,0.5393258333206177
412,pLTX3ipuDJI$_$10,-1.600000023841858,-0.5440486669540405,0.0004763611941598356,0.9927936792373657,0.006729933898895979,audio,0.695652186870575,0.6065573692321777,0.6575342416763306
380,nzpVDcQ0ywM$_$2,-1.600000023841858,0.7105300426483154,0.0006324996356852353,0.9917685985565186,0.007598940283060074,audio,0.699999988079071,0.529411792755127,0.6097561120986938
608,yDtzw_Y-7RU$_$23,2.200000047683716,1.5160958766937256,0.00033908229670487344,0.9922837615013123,0.007377156056463718,audio,0.5,0.59375,0.6842105388641357
206,f9O3YtZ2VfI$_$28,1.2000000476837158,1.439927577972412,0.00028380585717968643,0.995521068572998,0.004195069428533316,audio,0.5,0.7096773982048035,0.5
338,lXPQBPVc5Cw$_$21,1.7999999523162842,-0.1216326430439949,0.00041407759999856353,0.9910057783126831,0.0085801612585783,audio,0.5,0.5714285969734192,0.6800000071525574
247,fvVhgmXxadc$_$14,0.0,0.4155837297439575,0.0004553907783702016,0.9955062866210938,0.004038351587951183,audio,0.7368420958518982,0.698113203048706,0.4761904776096344
379,nzpVDcQ0ywM$_$3,0.800000011920929,1.332685947418213,0.0006040635635145009,0.9909576177597046,0.008438258431851864,audio,0.5882353186607361,0.5507246255874634,0.6144578456878662
0,c7UH_rxdZv4$_$24,-1.7999999523162842,1.8768317699432373,0.0004952617455273867,0.9919173121452332,0.007587399333715439,audio,0.5714285969734192,0.5757575631141663,0.6153846383094788
60,cW1FSBF59ik$_$6,1.2000000476837158,1.0470211505889893,0.00028058537282049656,0.9955450296401978,0.004174394998699427,audio,0.5,0.6153846383094788,0.46666666865348816
399,ob23OKe5a9Q$_$13,1.25,0.474065363407135,0.00040060427272692323,0.994010865688324,0.005588531028479338,audio,0.5882353186607361,0.5961538553237915,0.5483871102333069
175,dq3Nf_lMPnE$_$7,-2.0,-0.6962740421295166,0.0005750401760451496,0.9931200742721558,0.006304956506937742,audio,0.8571428656578064,0.6829268336296082,0.6938775777816772
414,pLTX3ipuDJI$_$12,-2.0,-0.7767921686172485,0.0004164456622675061,0.9940926432609558,0.005490856245160103,audio,0.6944444179534912,0.6704545617103577,0.6206896305084229
13,c7UH_rxdZv4$_$5,-2.200000047683716,-0.4712260365486145,0.0003814013907685876,0.9923070073127747,0.007311556488275528,audio,0.5263158082962036,0.6666666865348816,0.6875
493,tStelxIAHjw$_$14,-1.7999999523162842,0.5631181001663208,0.0010837344452738762,0.9876115918159485,0.011304706335067749,audio,0.875,0.4285714328289032,0.7058823704719543
484,tIrG4oNLFzE$_$7,-1.399999976158142,-0.4208259582519531,0.0005486393929459155,0.9920294284820557,0.007421890739351511,audio,0.7142857313156128,0.5849056839942932,0.6666666865348816
47,cM3Yna7AavY$_$9,-0.20000000298023224,0.6766019463539124,0.0005705703515559435,0.9943354725837708,0.005093925632536411,audio,0.7222222089767456,0.6575342416763306,0.5057471394538879
277,jUzDDGyPkXU$_$26,-2.0,-0.9318952560424805,0.0006795599474571645,0.9926527738571167,0.006667634937912226,audio,0.800000011920929,0.6000000238418579,0.6000000238418579
274,iiK8YX8oH1E$_$8,-1.0,0.3032788038253784,0.0004398594319354743,0.9918668866157532,0.0076932115480303764,audio,0.5,0.5625,0.6052631735801697
375,nzpVDcQ0ywM$_$21,-1.399999976158142,-0.07249651849269867,0.0005200918531045318,0.9940555095672607,0.005424430128186941,audio,0.800000011920929,0.7307692170143127,0.6349206566810608
130,d6hH302o4v8$_$23,-2.5999999046325684,-1.0306264162063599,0.0005891873734071851,0.9933666586875916,0.006044156849384308,audio,0.6666666865348816,0.5588235259056091,0.5
609,yDtzw_Y-7RU$_$1,0.800000011920929,0.508765459060669,0.0005505236913450062,0.993862509727478,0.005586972460150719,audio,0.6470588445663452,0.6111111044883728,0.4923076927661896
308,k5Y_838nuGo$_$22,0.4000000059604645,1.1128543615341187,0.0006801803829148412,0.9946369528770447,0.0046828743070364,audio,0.9333333373069763,0.71875,0.5526315569877625
461,rnaNMUZpvvg$_$10,-2.5999999046325684,-0.0483877994120121,0.00026034805341623724,0.9963638186454773,0.0033758762292563915,audio,0.6153846383094788,0.782608687877655,0.5185185074806213
256,fvVhgmXxadc$_$8,-0.5,-0.8964179158210754,0.0005457291845232248,0.9936374425888062,0.005816902499645948,audio,0.7142857313156128,0.699999988079071,0.5833333134651184
101,cXypl4FnoZo$_$18,-0.25,-0.7245792746543884,0.0003825346357189119,0.9941980838775635,0.005419426131993532,audio,0.6190476417541504,0.6849315166473389,0.5977011322975159
499,tStelxIAHjw$_$4,-2.799999952316284,-1.3848145008087158,0.0005030836327932775,0.9939146637916565,0.005582274869084358,audio,0.7037037014961243,0.6296296119689941,0.5567010045051575
64,cW1FSBF59ik$_$10,-1.0,0.564154863357544,0.0003838851989712566,0.9932140111923218,0.00640210323035717,audio,0.6666666865348816,0.5833333134651184,0.6744186282157898
355,lXPQBPVc5Cw$_$12,-2.0,0.028183750808238983,0.0004402258200570941,0.9894870519638062,0.010072741657495499,audio,0.6153846383094788,0.6071428656578064,0.8333333134651184
342,lXPQBPVc5Cw$_$29,-1.2000000476837158,-0.14774541556835175,0.0004435689770616591,0.9938250780105591,0.0057313283905386925,audio,0.6451612710952759,0.6714285612106323,0.6000000238418579
668,zhpQhgha_KU$_$9,-1.0,0.4411492347717285,0.0004637758247554302,0.9940369129180908,0.005499339196830988,audio,0.7058823704719543,0.6285714507102966,0.5813953280448914
107,d3_k5Xpfmik$_$14,2.0,-0.2783069610595703,0.0004766696074511856,0.9923513531684875,0.007172028534114361,audio,0.6304348111152649,0.5634920597076416,0.6329113841056824
276,jUzDDGyPkXU$_$25,-2.0,-1.3532435894012451,0.00027725167456083,0.9924083948135376,0.007314333692193031,audio,0.4117647111415863,0.6666666865348816,0.7115384340286255
219,f9O3YtZ2VfI$_$13,-1.600000023841858,-0.290241003036499,0.0004370023380033672,0.9933189153671265,0.006244047079235315,audio,0.6153846383094788,0.5833333134651184,0.5882353186607361
615,yDtzw_Y-7RU$_$6,-1.2000000476837158,-1.0554661750793457,0.00047986514982767403,0.9931291341781616,0.006390975322574377,audio,0.6734693646430969,0.5798319578170776,0.6013985872268677
195,etzxEpPuc6I$_$6,0.4000000059604645,0.8622616529464722,0.000589647563174367,0.9915236234664917,0.007886786013841629,audio,0.75,0.5277777910232544,0.6744186282157898
597,wMbj6ajWbic$_$15,2.0,-0.7400417327880859,0.00041195552330464125,0.9924461245536804,0.007141884416341782,audio,0.529411792755127,0.54347825050354,0.6000000238418579
321,k5Y_838nuGo$_$11,0.5,2.0361621379852295,0.0006760109681636095,0.9942392110824585,0.005084732547402382,audio,0.875,0.5882353186607361,0.5121951103210449
564,vyB00TXsimI$_$11,-0.20000000298023224,-0.4130813181400299,0.0005565353203564882,0.9905654191970825,0.00887812115252018,audio,0.46666666865348816,0.5405405163764954,0.5777778029441833
216,f9O3YtZ2VfI$_$8,-1.7999999523162842,-0.550370991230011,0.0004146407882217318,0.9933364391326904,0.006248914171010256,audio,0.6363636255264282,0.6666666865348816,0.6499999761581421
155,d6hH302o4v8$_$18,-2.0,-1.2347512245178223,0.0004968556459061801,0.9931235909461975,0.006379576399922371,audio,0.6363636255264282,0.6551724076271057,0.6000000238418579
636,yvsjCA6Y5Fc$_$4,-0.20000000298023224,-0.6538999676704407,0.0004944996908307076,0.9913414120674133,0.00816406775265932,audio,0.5263158082962036,0.4736842215061188,0.5882353186607361
626,yDtzw_Y-7RU$_$19,-1.600000023841858,0.1880853772163391,0.0006885601906105876,0.990522563457489,0.008788851089775562,audio,0.5555555820465088,0.4583333432674408,0.5357142686843872
385,nzpVDcQ0ywM$_$9,-2.200000047683716,-0.8069732189178467,0.0005488275783136487,0.9931319355964661,0.0063192653469741344,audio,0.7200000286102295,0.6020408272743225,0.5982906222343445
661,zhpQhgha_KU$_$1,-1.600000023841858,1.0349781513214111,0.00023628184862900525,0.9952995777130127,0.004464125260710716,audio,0.5,0.807692289352417,0.625
571,vyB00TXsimI$_$16,0.4000000059604645,0.5759201049804688,0.0005974827217869461,0.9931231141090393,0.0062793861143291,audio,0.6666666865348816,0.6063829660415649,0.5398229956626892
438,phBUpBr1hSo$_$1,1.399999976158142,1.788698434829712,0.0004360865568742156,0.993278443813324,0.006285491399466991,audio,0.699999988079071,0.6363636255264282,0.6666666865348816
592,wMbj6ajWbic$_$8,-0.20000000298023224,0.9475889205932617,0.000641602382529527,0.9941873550415039,0.005170977674424648,audio,0.875,0.5833333134651184,0.5357142686843872
339,lXPQBPVc5Cw$_$22,2.5999999046325684,1.8880717754364014,0.0005756480386480689,0.9907241463661194,0.008700215257704258,audio,0.692307710647583,0.5263158082962036,0.7111111283302307
494,tStelxIAHjw$_$16,0.800000011920929,2.7097744941711426,0.001012708293274045,0.9928972721099854,0.006090010516345501,audio,1.0,0.5555555820465088,0.5454545617103577
14,c7UH_rxdZv4$_$4,1.600000023841858,1.3827662467956543,0.000325978035107255,0.9930777549743652,0.006596297957003117,audio,0.5333333611488342,0.6666666865348816,0.688524603843689
54,cW1FSBF59ik$_$1,-2.5999999046325684,-0.9399154782295227,0.0005659163580276072,0.9907626509666443,0.008671388030052185,audio,0.5909090638160706,0.52173912525177,0.6385542154312134
40,cM3Yna7AavY$_$1,2.200000047683716,-0.02266708016395569,0.0006047041970305145,0.9934964179992676,0.005898892879486084,audio,0.699999988079071,0.5600000023841858,0.5052631497383118
30,c7UH_rxdZv4$_$30,1.2000000476837158,1.7561469078063965,0.0007479599444195628,0.9946451187133789,0.004606971051543951,audio,0.875,0.5666666626930237,0.4285714328289032
288,jUzDDGyPkXU$_$7,-0.6000000238418579,-0.49422961473464966,0.0004979119403287768,0.9925748109817505,0.006927283015102148,audio,0.6315789222717285,0.5849056839942932,0.609375
511,tmZoasNr4rU$_$16,-1.399999976158142,-1.5795849561691284,0.0009517862345091999,0.9928604960441589,0.006187676452100277,audio,0.8666666746139526,0.59375,0.5
275,jUzDDGyPkXU$_$24,-1.0,-0.0654623955488205,0.0007049358100630343,0.9940496683120728,0.0052453819662332535,audio,0.8148148059844971,0.5625,0.4642857015132904
108,d3_k5Xpfmik$_$17,1.600000023841858,1.0400707721710205,0.0006941080209799111,0.9885140061378479,0.010791868902742863,audio,0.6153846383094788,0.4324324429035187,0.6590909361839294
646,yvsjCA6Y5Fc$_$14,-1.0,-0.9537479281425476,0.0005253988783806562,0.9940190315246582,0.005455622915178537,audio,0.7692307829856873,0.6756756901741028,0.5909090638160706
554,vyB00TXsimI$_$22,0.6000000238418579,0.8971952795982361,0.0006640256033279002,0.9938149452209473,0.005521012470126152,audio,0.8333333134651184,0.7307692170143127,0.5806451439857483
488,tStelxIAHjw$_$11,-2.799999952316284,-0.7838692665100098,0.000918547622859478,0.9897253513336182,0.009356091730296612,audio,0.8333333134651184,0.47058823704719543,0.6499999761581421
329,k5Y_838nuGo$_$19,-0.6000000238418579,0.6914039254188538,0.0003039153525605798,0.9941218495368958,0.005574197508394718,audio,0.5789473652839661,0.7714285850524902,0.6904761791229248
407,ob23OKe5a9Q$_$7,0.6000000238418579,-0.47969526052474976,0.0004317173734307289,0.9940529465675354,0.00551535002887249,audio,0.7058823704719543,0.6770833134651184,0.6206896305084229
358,lXPQBPVc5Cw$_$17,-1.7999999523162842,-0.33855462074279785,0.00047048856504261494,0.9918417930603027,0.007687714416533709,audio,0.6000000238418579,0.5652173757553101,0.650602400302887
649,yvsjCA6Y5Fc$_$19,-1.600000023841858,-0.30561235547065735,0.000410251144785434,0.9919093251228333,0.007680381648242474,audio,0.5757575631141663,0.5754716992378235,0.6851851940155029
44,cM3Yna7AavY$_$4,0.6000000238418579,-0.6051257848739624,0.0004308184143155813,0.9921040534973145,0.007465052418410778,audio,0.5,0.5955055952072144,0.625
120,d3_k5Xpfmik$_$8,2.200000047683716,2.3176872730255127,0.00044470152352005243,0.9920542240142822,0.00750105082988739,audio,0.5714285969734192,0.6666666865348816,0.6666666865348816
141,d6hH302o4v8$_$6,-2.0,0.7215924263000488,0.0004960255464538932,0.9912180304527283,0.008285870775580406,audio,0.4285714328289032,0.5,0.5416666865348816
157,d6hH302o4v8$_$30,-2.799999952316284,-0.5527713298797607,0.00043815962271764874,0.9962126016616821,0.0033492243383079767,audio,0.6666666865348816,0.7058823704719543,0.3499999940395355
343,lXPQBPVc5Cw$_$1,0.20000000298023224,1.1364548206329346,0.0006404565647244453,0.9937851428985596,0.005574384704232216,audio,0.7777777910232544,0.5306122303009033,0.49152541160583496
113,d3_k5Xpfmik$_$3,2.0,1.5283626317977905,0.0003923951298929751,0.9947329759597778,0.0048746587708592415,audio,0.6153846383094788,0.6491228342056274,0.5147058963775635
458,rnaNMUZpvvg$_$9,-1.399999976158142,-0.22543925046920776,0.00034913644776679575,0.9936529397964478,0.005997873842716217,audio,0.6000000238418579,0.6896551847457886,0.6666666865348816
345,lXPQBPVc5Cw$_$2,-2.200000047683716,-0.5297743082046509,0.00025988652487285435,0.9954355359077454,0.004304572939872742,audio,0.5384615659713745,0.800000011920929,0.5892857313156128
114,d3_k5Xpfmik$_$2,0.0,1.168576955795288,0.0004891983699053526,0.9910412430763245,0.008469542488455772,audio,0.5,0.5714285969734192,0.6176470518112183
255,fvVhgmXxadc$_$9,-0.4000000059604645,0.5477293729782104,0.0005074395448900759,0.994778037071228,0.0047145746648311615,audio,0.8461538553237915,0.8181818127632141,0.625
415,pLTX3ipuDJI$_$15,-1.399999976158142,-0.16497570276260376,0.0005002941470593214,0.9916492700576782,0.007850484922528267,audio,0.6399999856948853,0.560606062412262,0.6666666865348816
666,zhpQhgha_KU$_$7,1.0,0.9210566282272339,0.0006891975644975901,0.9928217530250549,0.006489083636552095,audio,0.7142857313156128,0.692307710647583,0.5625
153,d6hH302o4v8$_$16,-2.0,0.4079911708831787,0.0009107545483857393,0.9897524118423462,0.009336884133517742,audio,0.6666666865348816,0.3333333432674408,0.5
208,f9O3YtZ2VfI$_$1,-1.2000000476837158,-0.8849278092384338,0.00065941724460572,0.9925698637962341,0.006770756095647812,audio,0.7777777910232544,0.7142857313156128,0.6470588445663452
42,cM3Yna7AavY$_$2,2.5,0.6167104244232178,0.0006740392418578267,0.9951328635215759,0.00419313320890069,audio,0.8571428656578064,0.6538461446762085,0.4333333373069763
675,zhpQhgha_KU$_$14,-1.5,-1.177419900894165,0.0011125889141112566,0.9839748740196228,0.014912575483322144,audio,0.75,0.4285714328289032,0.7575757503509521
524,v0zCBqDeKcE$_$11,1.600000023841858,-0.5102270841598511,0.00034493592102080584,0.9938050508499146,0.0058500198647379875,audio,0.5,0.5855855941772461,0.5581395626068115
382,nzpVDcQ0ywM$_$4,-1.600000023841858,-0.9440565705299377,0.0004899413324892521,0.9916616678237915,0.00784838106483221,audio,0.5666666626930237,0.5555555820465088,0.6279069781303406
89,cXypl4FnoZo$_$6,-0.6000000238418579,-0.42356348037719727,0.00035816195304505527,0.9943481087684631,0.005293694790452719,audio,0.5789473652839661,0.686274528503418,0.5833333134651184
183,etzxEpPuc6I$_$15,0.20000000298023224,-0.5081647038459778,0.0006518558948300779,0.9918164610862732,0.007531638257205486,audio,0.75,0.5714285969734192,0.625
85,cXypl4FnoZo$_$2,1.0,0.7448590993881226,0.00032010028371587396,0.9946382641792297,0.005041585769504309,audio,0.5,0.6774193644523621,0.5405405163764954
652,zhpQhgha_KU$_$25,1.0,-0.42335835099220276,0.0005297094467096031,0.9923126101493835,0.0071576181799173355,audio,0.625,0.5588235259056091,0.5945945978164673
50,cW1FSBF59ik$_$20,2.5,1.8125486373901367,0.00030371651519089937,0.9953047037124634,0.004391605034470558,audio,0.6363636255264282,0.6842105388641357,0.5797101259231567
123,d6hH302o4v8$_$24,-2.799999952316284,-0.9538050293922424,0.0006359707331284881,0.9932699799537659,0.006094010081142187,audio,0.625,0.52173912525177,0.4444444477558136
390,nzpVDcQ0ywM$_$12,-1.399999976158142,0.3419346511363983,0.0003097105072811246,0.994301438331604,0.005388802383095026,audio,0.46666666865348816,0.692307710647583,0.5744680762290955
292,jUzDDGyPkXU$_$11,2.4000000953674316,1.5220218896865845,0.0002697271993383765,0.9951947331428528,0.004535562824457884,audio,0.52173912525177,0.734375,0.5769230723381042
532,v0zCBqDeKcE$_$3,0.6000000238418579,-0.6580565571784973,0.0007682404830120504,0.9917405843734741,0.007491152733564377,audio,0.7857142686843872,0.5600000023841858,0.6000000238418579
613,yDtzw_Y-7RU$_$4,-1.0,0.5414329171180725,0.00034601916559040546,0.9939237236976624,0.005730257369577885,audio,0.5,0.609375,0.5526315569877625
456,rnaNMUZpvvg$_$7,-0.4000000059604645,1.2733490467071533,0.000631061615422368,0.9913390278816223,0.008029925636947155,audio,0.7777777910232544,0.517241358757019,0.6764705777168274
655,zhpQhgha_KU$_$20,-1.399999976158142,-0.5007107853889465,0.0005080593982711434,0.9928072690963745,0.00668469350785017,audio,0.6666666865348816,0.6428571343421936,0.625
312,k5Y_838nuGo$_$1,-1.600000023841858,1.2194472551345825,0.00048693089047446847,0.9945158362388611,0.0049972450360655785,audio,0.5555555820465088,0.7222222089767456,0.4545454680919647
362,lXPQBPVc5Cw$_$30,-2.0,-0.3315547704696655,0.0003382504510227591,0.9936914443969727,0.005970296449959278,audio,0.4285714328289032,0.6461538672447205,0.5555555820465088
637,yvsjCA6Y5Fc$_$7,-1.7999999523162842,-1.1841920614242554,0.0008310956181958318,0.9903981685638428,0.008770779706537724,audio,0.699999988079071,0.5,0.5714285969734192
535,v0zCBqDeKcE$_$4,0.0,0.5944579839706421,0.0006140816258266568,0.9931449890136719,0.006240882910788059,audio,0.7647058963775635,0.5777778029441833,0.5714285969734192
411,pLTX3ipuDJI$_$11,0.6000000238418579,-1.1457092761993408,0.00030654107104055583,0.994827926158905,0.00486554903909564,audio,0.4117647111415863,0.6170212626457214,0.45614033937454224
537,v0zCBqDeKcE$_$6,0.800000011920929,1.2552517652511597,0.0005733395228162408,0.993712842464447,0.005713780876249075,audio,0.75,0.5789473652839661,0.54347825050354
244,fvVhgmXxadc$_$10,0.0,0.32414525747299194,0.0004879860207438469,0.9918198585510254,0.007692182902246714,audio,0.625,0.5833333134651184,0.6610169410705566
557,vyB00TXsimI$_$2,-2.4000000953674316,-1.1751959323883057,0.0003096023283433169,0.9916184544563293,0.00807199440896511,audio,0.37037035822868347,0.5888888835906982,0.6666666865348816
467,rnaNMUZpvvg$_$16,-1.7999999523162842,1.1685996055603027,0.0006628622650168836,0.9920624494552612,0.0072747147642076015,audio,0.800000011920929,0.5714285969734192,0.6470588445663452
653,zhpQhgha_KU$_$26,0.0,-0.7653102874755859,0.0003569057444110513,0.9933019876480103,0.006341101136058569,audio,0.5384615659713745,0.6666666865348816,0.6399999856948853
48,cM3Yna7AavY$_$8,-0.6000000238418579,-0.1539781093597412,0.0010291881626471877,0.9877281188964844,0.01124274916946888,audio,0.8999999761581421,0.5714285969734192,0.800000011920929
620,yDtzw_Y-7RU$_$13,-1.7999999523162842,0.2091534286737442,0.00039940973510965705,0.9930980801582336,0.006502472795546055,audio,0.5652173757553101,0.5897436141967773,0.6086956262588501
644,yvsjCA6Y5Fc$_$12,-0.6000000238418579,-0.9609766602516174,0.00039570205262862146,0.9933345317840576,0.006269702687859535,audio,0.6190476417541504,0.6302521228790283,0.6408450603485107
65,cW1FSBF59ik$_$13,2.0,1.403525710105896,0.0005142969894222915,0.9931085109710693,0.00637719314545393,audio,0.7894737124443054,0.5822784900665283,0.6595744490623474
445,phBUpBr1hSo$_$9,-2.0,-0.12072630971670151,0.0005148028722032905,0.9924184083938599,0.007066810969263315,audio,0.6399999856948853,0.49295774102211,0.5777778029441833
364,nbWiPyCm4g0$_$1,1.2000000476837158,0.31232476234436035,0.00032484502298757434,0.9924046397209167,0.007270478643476963,audio,0.5,0.71875,0.7435897588729858
180,etzxEpPuc6I$_$10,-1.399999976158142,-0.9950432777404785,0.0006243567331694067,0.9890934228897095,0.010282187722623348,audio,0.6666666865348816,0.5,0.7234042286872864
681,zhpQhgha_KU$_$30,-2.0,-1.365753173828125,0.0003650036233011633,0.9898777604103088,0.009757306426763535,audio,0.5714285969734192,0.7749999761581421,0.9166666865348816
205,f9O3YtZ2VfI$_$23,1.600000023841858,1.202433705329895,0.0005366880213841796,0.9904472827911377,0.00901607796549797,audio,0.6666666865348816,0.5185185074806213,0.71875
222,f9O3YtZ2VfI$_$14,1.2000000476837158,0.4631871283054352,0.0006987804663367569,0.9889326095581055,0.010368654504418373,audio,0.7777777910232544,0.5333333611488342,0.7777777910232544
562,vyB00TXsimI$_$9,-0.25,0.28182873129844666,0.0004612381162587553,0.9895942211151123,0.009944550693035126,audio,0.5,0.5,0.699999988079071
365,nbWiPyCm4g0$_$3,-1.7999999523162842,-0.5872896313667297,0.0005876536015421152,0.993934690952301,0.0054777017794549465,audio,0.5833333134651184,0.5666666626930237,0.4000000059604645
483,tIrG4oNLFzE$_$4,1.399999976158142,0.1819833219051361,0.0005033987108618021,0.9931074976921082,0.006389187648892403,audio,0.6000000238418579,0.5,0.5151515007019043
63,cW1FSBF59ik$_$11,-1.0,-1.1517771482467651,0.00039932617801241577,0.993637204170227,0.0059634544886648655,audio,0.5882353186607361,0.6235294342041016,0.5922330021858215
475,tIrG4oNLFzE$_$14,-2.4000000953674316,-1.0974888801574707,0.00045767464325763285,0.9937785267829895,0.00576375238597393,audio,0.6888889074325562,0.5743243098258972,0.5762711763381958
454,rnaNMUZpvvg$_$5,-2.799999952316284,-0.5705118775367737,0.0012567390222102404,0.9887201189994812,0.010023152455687523,audio,0.8181818127632141,0.3333333432674408,0.5199999809265137
232,f_pcplsH_V0$_$15,-1.0,-0.8042516112327576,0.0007893986767157912,0.9911717772483826,0.008038848638534546,audio,0.9166666865348816,0.5819672346115112,0.7142857313156128
98,cXypl4FnoZo$_$17,-0.6000000238418579,-0.3916547894477844,0.00047700287541374564,0.992739737033844,0.00678325816988945,audio,0.6153846383094788,0.5862069129943848,0.6000000238418579
548,vvZ4IcEtiZc$_$7,1.399999976158142,0.559695839881897,0.0008137571276165545,0.9904401302337646,0.00874606054276228,audio,0.800000011920929,0.6296296119689941,0.6875
16,c7UH_rxdZv4$_$6,-2.5999999046325684,0.34294426441192627,0.00048587180208414793,0.9936913251876831,0.005822804290801287,audio,0.6800000071525574,0.6071428656578064,0.5699999928474426
39,cM3Yna7AavY$_$16,-2.799999952316284,0.49424803256988525,0.0007256594253703952,0.992669939994812,0.006604416761547327,audio,0.800000011920929,0.6071428656578064,0.5882353186607361
66,cW1FSBF59ik$_$12,2.200000047683716,-0.4501323103904724,0.00048028913442976773,0.9919242262840271,0.00759553536772728,audio,0.6399999856948853,0.5277777910232544,0.6511628031730652
521,tmZoasNr4rU$_$6,-1.7999999523162842,-0.7041215300559998,0.0006251540617085993,0.9914125204086304,0.00796232745051384,audio,0.75,0.6027397513389587,0.6896551847457886
450,rnaNMUZpvvg$_$22,-2.200000047683716,0.28841423988342285,0.00044553432962857187,0.9934945702552795,0.006059924140572548,audio,0.6551724076271057,0.5972222089767456,0.5977011322975159
81,cXypl4FnoZo$_$28,-2.200000047683716,0.6592254638671875,0.0005469734314829111,0.9939330220222473,0.005520012229681015,audio,0.7272727489471436,0.6000000238418579,0.5333333611488342
667,zhpQhgha_KU$_$6,1.0,0.7079135179519653,0.0005983894225209951,0.9920255541801453,0.0073760454542934895,audio,0.800000011920929,0.6499999761581421,0.7083333134651184
326,k5Y_838nuGo$_$14,-1.7999999523162842,-0.10631172358989716,0.00030584612977690995,0.9933813810348511,0.006312756333500147,audio,0.4736842215061188,0.6734693646430969,0.6499999761581421
75,cXypl4FnoZo$_$26,0.6000000238418579,1.6852631568908691,0.0005786272813566029,0.9933238625526428,0.006097518373280764,audio,0.7142857313156128,0.6000000238418579,0.5555555820465088
209,f9O3YtZ2VfI$_$3,0.6000000238418579,0.8965187072753906,0.0006498458096757531,0.9927216172218323,0.006628565955907106,audio,0.8333333134651184,0.5945945978164673,0.6363636255264282
685,zhpQhgha_KU$_$32,0.800000011920929,0.2022475004196167,0.0004569143638946116,0.9925711750984192,0.006971944123506546,audio,0.6000000238418579,0.5396825671195984,0.6052631735801697
422,pLTX3ipuDJI$_$4,-2.200000047683716,0.5037517547607422,0.0005093292566016316,0.9914155602455139,0.008075127378106117,audio,0.6111111044883728,0.6138613820075989,0.6779661178588867
539,v0zCBqDeKcE$_$8,1.7999999523162842,0.15332552790641785,0.00043500354513525963,0.9930436611175537,0.0065213767811656,audio,0.6000000238418579,0.6041666865348816,0.6086956262588501
267,iiK8YX8oH1E$_$3,-1.25,-0.1465870440006256,0.0003577395691536367,0.9917524456977844,0.007889818400144577,audio,0.2142857164144516,0.48148149251937866,0.46875
406,ob23OKe5a9Q$_$4,-1.5,-0.5613951683044434,0.0005282776546664536,0.9940055012702942,0.005466203670948744,audio,0.800000011920929,0.6666666865348816,0.6060606241226196
8,c7UH_rxdZv4$_$28,-0.800000011920929,-0.627666711807251,0.0005819800426252186,0.9926578402519226,0.006760215386748314,audio,0.6363636255264282,0.5769230723381042,0.5483871102333069
517,tmZoasNr4rU$_$2,-2.0,-1.199225664138794,0.0004931038711220026,0.9930474162101746,0.00645946990698576,audio,0.7142857313156128,0.6527777910232544,0.6511628031730652
178,dq3Nf_lMPnE$_$8,0.6000000238418579,2.434229612350464,0.0005794985918328166,0.9940125346183777,0.005408007651567459,audio,0.800000011920929,0.6136363744735718,0.557692289352417
194,etzxEpPuc6I$_$7,-1.2000000476837158,-0.7779703736305237,0.0004223979776725173,0.992547333240509,0.00703025097027421,audio,0.6666666865348816,0.6388888955116272,0.7096773982048035
72,cW1FSBF59ik$_$18,2.5999999046325684,1.017809271812439,0.0002902157139033079,0.9927138686180115,0.00699584698304534,audio,0.5,0.5633803009986877,0.6976743936538696
310,k5Y_838nuGo$_$28,2.0,1.382179856300354,0.0004717124393209815,0.9872987866401672,0.01222952175885439,audio,0.5,0.625,0.8421052694320679
678,zhpQhgha_KU$_$19,-0.800000011920929,-0.6522752642631531,0.0004943923559039831,0.9943939447402954,0.005111591424793005,audio,0.6875,0.60317462682724,0.5
452,rnaNMUZpvvg$_$3,-0.800000011920929,-0.9838368892669678,0.0007418115274049342,0.9912501573562622,0.008008060976862907,audio,0.8181818127632141,0.5909090638160706,0.6666666865348816
448,rnaNMUZpvvg$_$20,0.800000011920929,-0.4748719036579132,0.0004872404388152063,0.9965413212776184,0.002971440786495805,audio,0.6800000071525574,0.5853658318519592,0.2222222238779068
6,c7UH_rxdZv4$_$22,-2.4000000953674316,-1.3283756971359253,0.00039549721986986697,0.9918428659439087,0.007761667482554913,audio,0.5,0.5901639461517334,0.6575342416763306
159,d6hH302o4v8$_$36,-2.200000047683716,-1.129286289215088,0.0005280484328977764,0.9923904538154602,0.007081514224410057,audio,0.625,0.6176470518112183,0.6097561120986938
642,yvsjCA6Y5Fc$_$10,-2.0,0.46185922622680664,0.00036983995232731104,0.994419276714325,0.005210868548601866,audio,0.5714285969734192,0.6329113841056824,0.542553186416626
