index,id,y_true,y_pred,w_text,w_audio,w_vision,pred_text_center,pred_audio_center,pred_vision_center,err_text_center,err_audio_center,err_vision_center,oracle_w_text,oracle_w_audio,oracle_w_vision,router_selected_anchor,oracle_selected_anchor,router_oracle_match,availability_text,availability_audio,availability_vision
329,k5Y_838nuGo$_$19,-0.6000000238418579,0.4719218611717224,0.1866990625858307,0.3506940007209778,0.4626069962978363,-0.15198147296905518,0.17525142431259155,-0.04294760525226593,0.44801855087280273,0.7752514481544495,0.5570524334907532,0.49231213331222534,0.16539502143859863,0.342292845249176,vision,text,0,0.3684210479259491,0.6857143044471741,0.6428571343421936
299,jUzDDGyPkXU$_$16,1.2000000476837158,1.2519336938858032,0.2421056032180786,0.372262567281723,0.3856317698955536,0.5695917010307312,0.9408169388771057,0.6737450361251831,0.6304083466529846,0.2591831088066101,0.5262550115585327,0.17059698700904846,0.5879966616630554,0.24140635132789612,vision,audio,0,0.4375,0.5890411138534546,0.4252873659133911
180,etzxEpPuc6I$_$10,-1.399999976158142,0.2520824670791626,0.2692965865135193,0.23855261504650116,0.49215075373649597,-0.2942957282066345,-0.06823834031820297,-0.2519344389438629,1.1057043075561523,1.3317615985870361,1.1480655670166016,0.42753005027770996,0.2012404054403305,0.37122949957847595,vision,text,0,0.5,0.42500001192092896,0.5957446694374084
217,f9O3YtZ2VfI$_$11,-0.800000011920929,0.13948145508766174,0.2565710246562958,0.2849124073982239,0.45851653814315796,-0.36099645495414734,-0.22253215312957764,-0.41232067346572876,0.4390035569667816,0.5774678587913513,0.3876793384552002,0.35500091314315796,0.2237597107887268,0.42123931646347046,vision,vision,1,0.4444444477558136,0.47058823704719543,0.523809552192688
56,cW1FSBF59ik$_$2,3.0,0.32635366916656494,0.3507327139377594,0.2583630383014679,0.3909042477607727,-0.20222696661949158,0.04581981524825096,-0.10184139758348465,3.2022268772125244,2.9541802406311035,3.101841449737549,0.21351781487464905,0.48811087012290955,0.2983713150024414,vision,audio,0,0.6666666865348816,0.5046728849411011,0.5116279125213623
187,etzxEpPuc6I$_$19,-0.5,0.09882549196481705,0.2705763280391693,0.26421883702278137,0.46520477533340454,-0.5162544250488281,-0.3006433844566345,-0.5050036907196045,0.016254425048828125,0.19935661554336548,0.005003690719604492,0.387389600276947,0.21041680872440338,0.4021935760974884,vision,vision,1,0.46000000834465027,0.4327485263347626,0.5196078419685364
86,cXypl4FnoZo$_$5,1.7999999523162842,0.883140504360199,0.25011396408081055,0.25310763716697693,0.4967783987522125,0.1985999345779419,0.6160937547683716,0.3402925729751587,1.6014000177383423,1.1839061975479126,1.4597073793411255,0.15093982219696045,0.6069990396499634,0.242061048746109,vision,audio,0,0.5625,0.5161290168762207,0.6486486196517944
644,yvsjCA6Y5Fc$_$12,-0.6000000238418579,0.03494738042354584,0.29519122838974,0.2854680120944977,0.4193407893180847,-0.5332383513450623,-0.3843800723552704,-0.5445923805236816,0.06676167249679565,0.21561995148658752,0.05540764331817627,0.3777269124984741,0.22997653484344482,0.39229658246040344,vision,vision,1,0.5,0.5210084319114685,0.5070422291755676
539,v0zCBqDeKcE$_$8,1.7999999523162842,0.3654782772064209,0.2838119864463806,0.2905116379261017,0.4256763458251953,-0.15191590785980225,0.10922057181596756,-0.04676554352045059,1.9519158601760864,1.6907793283462524,1.8467655181884766,0.2079963982105255,0.4966947138309479,0.295308917760849,vision,audio,0,0.5333333611488342,0.5208333134651184,0.52173912525177
441,phBUpBr1hSo$_$5,-1.399999976158142,0.5363631844520569,0.22079460322856903,0.25506243109703064,0.5241429805755615,-0.025582915171980858,0.2783483862876892,0.10706498473882675,1.3744170665740967,1.6783483028411865,1.507064938545227,0.4985698163509369,0.18102574348449707,0.32040441036224365,vision,text,0,0.4117647111415863,0.4528301954269409,0.6315789222717285
244,fvVhgmXxadc$_$10,0.0,0.3345978260040283,0.2819661498069763,0.2975674569606781,0.4204663336277008,-0.2798089385032654,0.005642779171466827,-0.18020737171173096,0.2798089385032654,0.005642779171466827,0.18020737171173096,0.204592764377594,0.5102539658546448,0.28515323996543884,vision,audio,0,0.5,0.5416666865348816,0.5254237055778503
149,d6hH302o4v8$_$12,1.399999976158142,0.2645023465156555,0.2988591492176056,0.18127374351024628,0.5198671221733093,-0.24265442788600922,-0.030160285532474518,-0.189157634973526,1.6426544189453125,1.4301602840423584,1.5891575813293457,0.2366430014371872,0.4805186986923218,0.2828383445739746,vision,audio,0,0.6666666865348816,0.380952388048172,0.7200000286102295
327,k5Y_838nuGo$_$17,0.800000011920929,1.188427448272705,0.27844876050949097,0.2594408094882965,0.46211040019989014,0.4515928328037262,0.9166828393936157,0.59259432554245,0.34840717911720276,0.11668282747268677,0.207405686378479,0.20986407995224,0.4543530344963074,0.3357829451560974,vision,audio,0,0.625,0.5263158082962036,0.625
483,tIrG4oNLFzE$_$4,1.399999976158142,0.4875298738479614,0.3198105990886688,0.28092509508132935,0.39926430583000183,-0.05621809512376785,0.33430856466293335,0.077645443379879,1.4562181234359741,1.0656914710998535,1.3223545551300049,0.16030456125736237,0.5892384648323059,0.2504569888114929,vision,audio,0,0.46666666865348816,0.3928571343421936,0.39393940567970276
260,iiK8YX8oH1E$_$12,1.7999999523162842,1.3715834617614746,0.24199767410755157,0.3251996636390686,0.43280264735221863,0.5728839635848999,1.0472584962844849,0.7628811001777649,1.2271159887313843,0.7527414560317993,1.037118911743164,0.12911753356456757,0.6276429295539856,0.24323950707912445,vision,audio,0,0.6000000238418579,0.6666666865348816,0.6315789222717285
526,v0zCBqDeKcE$_$13,1.7999999523162842,-0.0731235072016716,0.3193902373313904,0.28028640151023865,0.40032336115837097,-0.7347366809844971,-0.6462345719337463,-0.7142964005470276,2.5347366333007812,2.4462344646453857,2.514296293258667,0.2929420471191406,0.39346083998680115,0.3135971128940582,vision,audio,0,0.4399999976158142,0.44736841320991516,0.42391303181648254
370,nbWiPyCm4g0$_$6,0.0,0.6363797187805176,0.3264878988265991,0.27250146865844727,0.4010106325149536,-0.18622641265392303,0.2983202338218689,-0.05636562779545784,0.18622641265392303,0.2983202338218689,0.05636562779545784,0.309607595205307,0.21307826042175293,0.47731414437294006,vision,vision,1,0.5,0.5,0.4883720874786377
106,d3_k5Xpfmik$_$15,2.5999999046325684,0.2528124451637268,0.26314592361450195,0.28308117389678955,0.4537728726863861,-0.3830607533454895,-0.1626533567905426,-0.33445069193840027,2.983060598373413,2.762653350830078,2.934450626373291,0.2347012162208557,0.4893138110637665,0.2759850025177002,vision,audio,0,0.48571428656578064,0.53125,0.5526315569877625
462,rnaNMUZpvvg$_$13,-2.0,0.6353397369384766,0.43329891562461853,0.2674436867237091,0.2992573380470276,0.07227468490600586,0.4664755165576935,0.2001180648803711,2.072274684906006,2.466475486755371,2.200118064880371,0.520355224609375,0.13984143733978271,0.3398033380508423,text,text,1,0.75,0.47058823704719543,0.3333333432674408
127,d6hH302o4v8$_$20,1.0,0.14603999257087708,0.34106510877609253,0.2711830735206604,0.38775181770324707,-0.5642616748809814,-0.3298366963863373,-0.44944286346435547,1.5642616748809814,1.3298367261886597,1.4494428634643555,0.21501469612121582,0.46971338987350464,0.31527188420295715,vision,audio,0,0.5,0.5199999809265137,0.4833333194255829
30,c7UH_rxdZv4$_$30,1.2000000476837158,0.9923511743545532,0.48915567994117737,0.21743535995483398,0.29340893030166626,0.3454763889312744,0.8148981332778931,0.49038732051849365,0.8545236587524414,0.38510191440582275,0.7096127271652222,0.13509103655815125,0.645927906036377,0.2189810425043106,text,audio,0,0.875,0.4333333373069763,0.4000000059604645
632,yvsjCA6Y5Fc$_$1,-2.0,0.065958172082901,0.27032357454299927,0.34354379773139954,0.3861326277256012,-0.4960711598396301,-0.32619771361351013,-0.497580885887146,1.5039288997650146,1.6738022565841675,1.502419114112854,0.3886967897415161,0.22064509987831116,0.39065802097320557,vision,vision,1,0.40740740299224854,0.5555555820465088,0.40740740299224854
510,tmZoasNr4rU$_$17,-1.399999976158142,0.2080344557762146,0.3465469479560852,0.24361975491046906,0.4098333418369293,-0.535175085067749,-0.29816627502441406,-0.41800540685653687,0.8648248910903931,1.101833701133728,0.9819945693016052,0.4693721532821655,0.2130158692598343,0.317611962556839,vision,text,0,0.5384615659713745,0.48689138889312744,0.5249999761581421
559,vyB00TXsimI$_$4,1.7999999523162842,0.7697162628173828,0.4187205135822296,0.18174852430820465,0.39953091740608215,0.13755126297473907,0.6074205040931702,0.2906472682952881,1.6624486446380615,1.1925795078277588,1.509352684020996,0.13414917886257172,0.6423819065093994,0.22346888482570648,text,audio,0,0.7777777910232544,0.35483869910240173,0.5526315569877625
354,lXPQBPVc5Cw$_$13,2.799999952316284,0.1814499795436859,0.2852955758571625,0.3235192596912384,0.3911851644515991,-0.5539273619651794,-0.33396056294441223,-0.44286128878593445,3.3539273738861084,3.133960485458374,3.242861270904541,0.22075870633125305,0.45957091450691223,0.3196704089641571,vision,audio,0,0.375,0.5625,0.4444444477558136
276,jUzDDGyPkXU$_$25,-2.0,0.042663685977458954,0.20925885438919067,0.27438169717788696,0.5163595080375671,-0.5088667273521423,-0.40664154291152954,-0.565281331539154,1.491133213043213,1.5933585166931152,1.4347186088562012,0.3426854908466339,0.24373020231723785,0.4135843515396118,vision,vision,1,0.4117647111415863,0.5476190447807312,0.6730769276618958
303,k5Y_838nuGo$_$25,-0.20000000298023224,0.6361200213432312,0.28429725766181946,0.2953532040119171,0.42034944891929626,-0.11159667372703552,0.3450309932231903,0.011747561395168304,0.08840332925319672,0.5450310111045837,0.21174755692481995,0.5315914154052734,0.11602237075567245,0.3523862361907959,vision,text,0,0.4285714328289032,0.5106382966041565,0.4912280738353729
121,d6hH302o4v8$_$42,-1.399999976158142,-0.014467161148786545,0.39597564935684204,0.2453174889087677,0.35870686173439026,-0.7656170129776001,-0.6375280022621155,-0.6736495494842529,0.634382963180542,0.7624719738960266,0.7263504266738892,0.4186793267726898,0.27318301796913147,0.3081377148628235,text,text,1,0.6363636255264282,0.517241358757019,0.5
37,cM3Yna7AavY$_$15,-2.4000000953674316,-0.007011262699961662,0.41390782594680786,0.2612048089504242,0.32488736510276794,-0.5763997435569763,-0.42786478996276855,-0.5688389539718628,1.8236002922058105,1.972135305404663,1.8311611413955688,0.38690534234046936,0.23581871390342712,0.3772759437561035,text,text,1,0.7272727489471436,0.53125,0.43589743971824646
410,ob23OKe5a9Q$_$8,0.6000000238418579,1.0126005411148071,0.3086114823818207,0.30272534489631653,0.38866323232650757,0.44796881079673767,0.8478949069976807,0.5690504312515259,0.15203121304512024,0.24789488315582275,0.03094959259033203,0.31020331382751465,0.22535622119903564,0.4644404351711273,vision,vision,1,0.6111111044883728,0.5327102541923523,0.49152541160583496
475,tIrG4oNLFzE$_$14,-2.4000000953674316,0.05415348708629608,0.31416085362434387,0.27615249156951904,0.4096866548061371,-0.4939342141151428,-0.3530229330062866,-0.5194605588912964,1.9060659408569336,2.0469770431518555,1.8805395364761353,0.3684598207473755,0.23035646975040436,0.40118369460105896,vision,vision,1,0.4888888895511627,0.45270270109176636,0.451977401971817
642,yvsjCA6Y5Fc$_$10,-2.0,0.6361121535301208,0.3201654851436615,0.30059614777565,0.3792383670806885,-0.14005325734615326,0.3411312997341156,0.0029550865292549133,1.8599467277526855,2.3411312103271484,2.002955198287964,0.5488677024841309,0.11037778109312057,0.34075453877449036,vision,text,0,0.523809552192688,0.5443037748336792,0.43617022037506104
134,d6hH302o4v8$_$41,-2.4000000953674316,0.3945883512496948,0.29832375049591064,0.3657531440258026,0.33592313528060913,-0.2131257951259613,0.09087280929088593,-0.11103065311908722,2.1868743896484375,2.490872859954834,2.2889695167541504,0.4820314645767212,0.17498166859149933,0.3429868519306183,audio,text,0,0.5,0.6315789222717285,0.3913043439388275
521,tmZoasNr4rU$_$6,-1.7999999523162842,0.3777504861354828,0.3489918112754822,0.22336293756961823,0.4276452660560608,-0.23427045345306396,0.10077457129955292,-0.11971581727266312,1.5657294988632202,1.9007744789123535,1.6802841424942017,0.4975326359272003,0.1628524512052536,0.3396148681640625,vision,text,0,0.6666666865348816,0.4794520437717438,0.6091954112052917
313,k5Y_838nuGo$_$3,0.800000011920929,0.5016170144081116,0.35038331151008606,0.2707656919956207,0.3788510262966156,-0.047320276498794556,0.28557711839675903,0.08702448755502701,0.8473203182220459,0.5144228935241699,0.7129755020141602,0.17862848937511444,0.5418374538421631,0.2795340120792389,vision,audio,0,0.6428571343421936,0.4888888895511627,0.4680851101875305
603,wMbj6ajWbic$_$30,0.800000011920929,0.4450004994869232,0.36358049511909485,0.25436732172966003,0.3820521831512451,-0.057739872485399246,0.2673404812812805,0.07045125216245651,0.8577398657798767,0.5326595306396484,0.7295487523078918,0.18220177292823792,0.5384613871574402,0.2793368697166443,vision,audio,0,0.6153846383094788,0.4000000059604645,0.4166666567325592
12,c7UH_rxdZv4$_$2,-2.5999999046325684,0.16527166962623596,0.26986631751060486,0.2471475452184677,0.48298606276512146,-0.395619660615921,-0.2580535411834717,-0.3947846591472626,2.2043802738189697,2.3419463634490967,2.2052152156829834,0.38031232357025146,0.24043241143226624,0.3792552947998047,vision,text,0,0.4000000059604645,0.380952388048172,0.47999998927116394
4,c7UH_rxdZv4$_$20,-1.7999999523162842,0.08428540080785751,0.3163849115371704,0.2281845360994339,0.4554305374622345,-0.6033281683921814,-0.42974281311035156,-0.5465050339698792,1.196671724319458,1.3702571392059326,1.2534949779510498,0.41873958706855774,0.23477588593959808,0.34648457169532776,vision,text,0,0.5416666865348816,0.4794520437717438,0.6022727489471436
563,vyB00TXsimI$_$8,2.5999999046325684,0.7138528227806091,0.2610073983669281,0.27813369035720825,0.46085885167121887,0.03292097523808479,0.46893590688705444,0.17606285214424133,2.5670788288116455,2.131063938140869,2.4239370822906494,0.14515863358974457,0.6209245920181274,0.23391686379909515,vision,audio,0,0.44999998807907104,0.47999998927116394,0.5423728823661804
508,tmZoasNr4rU$_$15,0.25,0.12936580181121826,0.3169568181037903,0.23324930667877197,0.44979390501976013,-0.4788234829902649,-0.2781956195831299,-0.4218498766422272,0.7288234829902649,0.5281956195831299,0.6718498468399048,0.2403292953968048,0.4690781533718109,0.2905925214290619,vision,audio,0,0.5833333134651184,0.4615384638309479,0.5625
466,rnaNMUZpvvg$_$17,-1.600000023841858,0.5691068172454834,0.2536013126373291,0.30322250723838806,0.44317612051963806,-0.00900767371058464,0.3844582736492157,0.16059470176696777,1.5909923315048218,1.984458327293396,1.7605947256088257,0.5441977381706238,0.14660753309726715,0.3091947138309479,vision,text,0,0.4285714328289032,0.4761904776096344,0.47999998927116394
155,d6hH302o4v8$_$18,-2.0,-0.15871456265449524,0.320275217294693,0.2890029847621918,0.3907218873500824,-0.8658198714256287,-0.8394837379455566,-0.8288640379905701,1.1341800689697266,1.1605162620544434,1.1711359024047852,0.3571358323097229,0.3271206021308899,0.31574350595474243,vision,text,0,0.5454545617103577,0.6206896305084229,0.5428571701049805
419,pLTX3ipuDJI$_$3,-1.2000000476837158,0.8282889127731323,0.33233407139778137,0.35765475034713745,0.3100111782550812,0.2867245674133301,0.6547937989234924,0.37998002767562866,1.486724615097046,1.8547937870025635,1.5799801349639893,0.4935776889324188,0.14471742510795593,0.36170491576194763,audio,text,0,0.52173912525177,0.5094339847564697,0.25
302,k5Y_838nuGo$_$24,0.6000000238418579,0.09074385464191437,0.1798398643732071,0.3095470070838928,0.5106130838394165,-0.5927101969718933,-0.45285093784332275,-0.5501365065574646,1.1927101612091064,1.0528509616851807,1.1501364707946777,0.26692312955856323,0.4254544675350189,0.30762237310409546,vision,audio,0,0.2222222238779068,0.5714285969734192,0.6000000238418579
439,phBUpBr1hSo$_$3,2.799999952316284,0.5550313591957092,0.30377450585365295,0.3193363547325134,0.376889169216156,-0.01828555017709732,0.35754841566085815,0.13381892442703247,2.8182854652404785,2.4424514770507812,2.6661810874938965,0.16232748329639435,0.568155825138092,0.26951664686203003,vision,audio,0,0.6428571343421936,0.6341463327407837,0.5306122303009033
637,yvsjCA6Y5Fc$_$7,-1.7999999523162842,0.2533610463142395,0.3292072117328644,0.24115917086601257,0.42963358759880066,-0.290017694234848,-0.0703762099146843,-0.23129874467849731,1.5099822282791138,1.729623794555664,1.5687012672424316,0.4341948628425598,0.20879539847373962,0.35700979828834534,vision,text,0,0.5,0.3333333432674408,0.4285714328289032
81,cXypl4FnoZo$_$28,-2.200000047683716,0.27742961049079895,0.36249953508377075,0.28226330876350403,0.3552371561527252,-0.328085720539093,-0.018748991191387177,-0.21539491415023804,1.8719143867492676,2.181251049041748,1.984605073928833,0.4893662631511688,0.17451120913028717,0.3361224830150604,text,text,1,0.6363636255264282,0.5199999809265137,0.4333333373069763
504,tmZoasNr4rU$_$11,-0.6000000238418579,0.5863379836082458,0.3463960289955139,0.23678819835186005,0.41681575775146484,0.01836061105132103,0.3804923892021179,0.1522790491580963,0.6183606386184692,0.9804924130439758,0.7522790431976318,0.515731692314148,0.15423552691936493,0.3300327658653259,vision,text,0,0.800000011920929,0.5789473652839661,0.6666666865348816
334,lXPQBPVc5Cw$_$25,-2.4000000953674316,0.34859710931777954,0.4177319407463074,0.19419783353805542,0.3880702555179596,-0.25938916206359863,0.024802975356578827,-0.17749784886837006,2.140610933303833,2.4248030185699463,2.2225022315979004,0.46535465121269226,0.18045711517333984,0.35418829321861267,text,text,1,0.8260869383811951,0.49152541160583496,0.6341463327407837
36,cM3Yna7AavY$_$12,-1.0,0.0641728863120079,0.42907512187957764,0.2547190189361572,0.31620582938194275,-0.5404314398765564,-0.35199210047721863,-0.49089252948760986,0.4595685601234436,0.648007869720459,0.5091074705123901,0.4199260175228119,0.2240675687789917,0.3560064733028412,text,text,1,0.7142857313156128,0.5,0.4054054021835327
574,wMbj6ajWbic$_$24,1.399999976158142,0.5947985053062439,0.24703331291675568,0.2981022596359253,0.4548644423484802,0.07016406953334808,0.4328829050064087,0.20763814449310303,1.3298358917236328,0.9671170711517334,1.192361831665039,0.16858738660812378,0.5648254752159119,0.2665870785713196,vision,audio,0,0.5,0.529411792755127,0.5714285969734192
58,cW1FSBF59ik$_$4,1.600000023841858,0.47521907091140747,0.2775765359401703,0.32259663939476013,0.39982688426971436,-0.03614319488406181,0.28534066677093506,0.12961965799331665,1.6361432075500488,1.3146593570709229,1.4703803062438965,0.17674864828586578,0.5161210894584656,0.30713021755218506,vision,audio,0,0.4166666567325592,0.4556961953639984,0.38461539149284363
246,fvVhgmXxadc$_$12,0.0,0.5140225887298584,0.2763783037662506,0.2791616916656494,0.4444599747657776,-0.10472744703292847,0.2640121877193451,0.024988122284412384,0.10472744703292847,0.2640121877193451,0.024988122284412384,0.345719575881958,0.20329922437667847,0.4509812295436859,vision,vision,1,0.523809552192688,0.5454545617103577,0.5849056839942932
169,dq3Nf_lMPnE$_$14,-1.7999999523162842,0.5200911164283752,0.30527445673942566,0.24453206360340118,0.45019346475601196,0.00012801587581634521,0.30600035190582275,0.11792080849409103,1.8001279830932617,2.1060004234313965,1.917920708656311,0.49115467071533203,0.17718322575092316,0.33166205883026123,vision,text,0,0.5333333611488342,0.375,0.48275861144065857
592,wMbj6ajWbic$_$8,-0.20000000298023224,0.1976528763771057,0.45403873920440674,0.21251334249973297,0.3334479033946991,-0.25809797644615173,-0.047788240015506744,-0.20746904611587524,0.058097973465919495,0.1522117555141449,0.007469043135643005,0.34310397505760193,0.25071603059768677,0.4061800539493561,text,vision,0,0.875,0.4583333432674408,0.5
551,vvZ4IcEtiZc$_$8,-1.5,0.27535560727119446,0.2505190968513489,0.3442651629447937,0.4052157700061798,-0.362972229719162,-0.07140793651342392,-0.25794273614883423,1.1370277404785156,1.4285920858383179,1.2420573234558105,0.48007932305336,0.1816479116678238,0.3382727801799774,vision,text,0,0.4375,0.6393442749977112,0.5270270109176636
222,f9O3YtZ2VfI$_$14,1.2000000476837158,0.290581077337265,0.2435150444507599,0.2134900540113449,0.5429948568344116,-0.35649731755256653,-0.08207764476537704,-0.29850083589553833,1.55649733543396,1.282077670097351,1.4985008239746094,0.21234214305877686,0.5300288200378418,0.25762903690338135,vision,audio,0,0.4444444477558136,0.4000000059604645,0.6666666865348816
325,k5Y_838nuGo$_$15,-0.800000011920929,0.8223491311073303,0.2562486529350281,0.2466062605381012,0.4971451163291931,0.1892687827348709,0.6166160106658936,0.3371349573135376,0.9892687797546387,1.4166159629821777,1.1371350288391113,0.5401052832603455,0.12996606528759003,0.3299286961555481,vision,text,0,0.4583333432674408,0.42592594027519226,0.5846154093742371
573,vyB00TXsimI$_$18,2.4000000953674316,0.37590906023979187,0.2554355561733246,0.3230946958065033,0.4214698076248169,-0.24354597926139832,0.026299379765987396,-0.14625459909439087,2.6435461044311523,2.3737006187438965,2.5462546348571777,0.20655159652233124,0.5077733993530273,0.2856749892234802,vision,audio,0,0.5,0.6111111044883728,0.5454545617103577
442,phBUpBr1hSo$_$4,-0.800000011920929,0.5124973654747009,0.3937152326107025,0.23101574182510376,0.3752690553665161,-0.03046363592147827,0.341836154460907,0.12438949197530746,0.7695363759994507,1.141836166381836,0.9243894815444946,0.5302528142929077,0.15329353511333466,0.3164536952972412,text,text,1,0.65625,0.38461539149284363,0.4375
115,d3_k5Xpfmik$_$5,2.200000047683716,0.3357497453689575,0.24559327960014343,0.3129054307937622,0.4415012300014496,-0.28615960478782654,-0.002877533435821533,-0.18699967861175537,2.486159563064575,2.2028775215148926,2.3869996070861816,0.20150505006313324,0.5180584192276001,0.28043654561042786,vision,audio,0,0.38461539149284363,0.5151515007019043,0.5
91,cXypl4FnoZo$_$8,1.399999976158142,0.5090318322181702,0.27782630920410156,0.2519333064556122,0.47024038434028625,0.016071151942014694,0.32683128118515015,0.13250380754470825,1.3839287757873535,1.0731687545776367,1.267496109008789,0.18897387385368347,0.5324427485466003,0.2785833775997162,vision,audio,0,0.47826087474823,0.4084506928920746,0.5357142686843872
420,pLTX3ipuDJI$_$2,-1.7999999523162842,0.261007159948349,0.27460601925849915,0.280240923166275,0.44515299797058105,-0.38169124722480774,-0.10635291785001755,-0.28676164150238037,1.4183087348937988,1.693647027015686,1.5132383108139038,0.46989309787750244,0.1876748651266098,0.34243208169937134,vision,text,0,0.42222222685813904,0.49242424964904785,0.5189873576164246
213,f9O3YtZ2VfI$_$7,-1.2000000476837158,0.32877427339553833,0.37767258286476135,0.220009446144104,0.40231794118881226,-0.17917676270008087,0.07894691824913025,-0.10252070426940918,1.0208232402801514,1.2789469957351685,1.0974793434143066,0.4550623595714569,0.1924857348203659,0.3524518609046936,vision,text,0,0.6363636255264282,0.3499999940395355,0.4583333432674408
49,cW1FSBF59ik$_$24,0.0,0.8346433043479919,0.28333574533462524,0.32742851972579956,0.3892357349395752,0.1144503653049469,0.6024083495140076,0.2692056894302368,0.1144503653049469,0.6024083495140076,0.2692056894302368,0.557536780834198,0.10961803048849106,0.33284518122673035,vision,text,0,0.5,0.5517241358757019,0.4571428596973419
293,jUzDDGyPkXU$_$10,2.4000000953674316,0.7612767815589905,0.2711349129676819,0.33934077620506287,0.38952431082725525,0.17736506462097168,0.5743845105171204,0.3027675151824951,2.22263503074646,1.825615644454956,2.0972325801849365,0.15936017036437988,0.5985825061798096,0.24205732345581055,vision,audio,0,0.4761904776096344,0.5423728823661804,0.43396225571632385
73,cXypl4FnoZo$_$24,0.20000000298023224,-0.10127157717943192,0.23895038664340973,0.32412827014923096,0.4369213581085205,-0.7603638768196106,-0.6793438196182251,-0.786734938621521,0.9603638648986816,0.8793438076972961,0.986734926700592,0.30999088287353516,0.406104177236557,0.28390488028526306,vision,audio,0,0.46000000834465027,0.6168224215507507,0.5555555820465088
662,zhpQhgha_KU$_$3,-1.600000023841858,0.16289854049682617,0.27571436762809753,0.25677087903022766,0.4675147533416748,-0.45670652389526367,-0.2466878890991211,-0.4001348614692688,1.1432934999465942,1.3533121347427368,1.1998651027679443,0.4301638901233673,0.2135998159646988,0.3562363088130951,vision,text,0,0.44999998807907104,0.4482758641242981,0.5357142686843872
428,phBUpBr1hSo$_$10,-1.399999976158142,0.23960959911346436,0.32713961601257324,0.2066015601158142,0.46625882387161255,-0.29071858525276184,-0.06342826038599014,-0.2388508915901184,1.1092814207077026,1.3365716934204102,1.161149024963379,0.43289992213249207,0.20293231308460236,0.36416780948638916,vision,text,0,0.5555555820465088,0.30000001192092896,0.5142857432365417
522,tmZoasNr4rU$_$9,-0.6000000238418579,0.006870914250612259,0.4065564274787903,0.24637353420257568,0.34706997871398926,-0.7340356111526489,-0.6098517775535583,-0.6651557683944702,0.13403558731079102,0.00985175371170044,0.0651557445526123,0.2651906907558441,0.40117397904396057,0.3336353302001953,text,audio,0,0.6399999856948853,0.550000011920929,0.4861111044883728
677,zhpQhgha_KU$_$16,1.7999999523162842,0.7664397358894348,0.2523568272590637,0.34191837906837463,0.40572476387023926,0.13491129875183105,0.5610611438751221,0.2963517904281616,1.6650886535644531,1.238938808441162,1.5036481618881226,0.14594288170337677,0.6040847897529602,0.2499723732471466,vision,audio,0,0.4375,0.5652173757553101,0.4727272689342499
547,vvZ4IcEtiZc$_$4,2.200000047683716,0.24513530731201172,0.33843037486076355,0.2565678656101227,0.40500181913375854,-0.48375120759010315,-0.23457902669906616,-0.35050636529922485,2.683751344680786,2.4345791339874268,2.550506353378296,0.206024169921875,0.47275036573410034,0.32122549414634705,vision,audio,0,0.5,0.49038460850715637,0.5
176,dq3Nf_lMPnE$_$6,0.800000011920929,0.36262398958206177,0.4201452434062958,0.2860773205757141,0.2937774956226349,-0.1641295701265335,0.08303280174732208,-0.06687811017036438,0.9641295671463013,0.7169672250747681,0.8668781518936157,0.2144911289215088,0.4888925552368164,0.2966163456439972,text,audio,0,0.6666666865348816,0.44999998807907104,0.25
215,f9O3YtZ2VfI$_$9,-2.200000047683716,0.008766848593950272,0.3063197135925293,0.2520526647567749,0.441627562046051,-0.5259935259819031,-0.49115097522735596,-0.6379027366638184,1.674006462097168,1.7088490724563599,1.5620973110198975,0.2991792559623718,0.2663739323616028,0.4344468116760254,vision,vision,1,0.5384615659713745,0.5,0.5365853905677795
330,k5Y_838nuGo$_$18,0.4000000059604645,0.8375352025032043,0.20140722393989563,0.289843887090683,0.5087488889694214,0.14216424524784088,0.590733528137207,0.28130972385406494,0.2578357458114624,0.19073352217674255,0.11869028210639954,0.2603626251220703,0.3256259560585022,0.4140114486217499,vision,vision,1,0.5,0.6470588445663452,0.75
147,d6hH302o4v8$_$10,-1.2000000476837158,0.06494230031967163,0.41703590750694275,0.25649580359458923,0.326468288898468,-0.5735992789268494,-0.3738807737827301,-0.49780452251434326,0.6264007687568665,0.8261193037033081,0.7021955251693726,0.43655937910079956,0.22434742748737335,0.33909323811531067,text,text,1,0.7272727489471436,0.5263158082962036,0.4545454680919647
604,yDtzw_Y-7RU$_$24,-0.800000011920929,0.2683618664741516,0.4314853549003601,0.26008230447769165,0.30843231081962585,-0.3771117329597473,-0.06958913058042526,-0.2693426012992859,0.42288827896118164,0.7304108738899231,0.5306574106216431,0.4861489236354828,0.17441537976264954,0.33943575620651245,text,text,1,0.7777777910232544,0.5625,0.44999998807907104
454,rnaNMUZpvvg$_$5,-2.799999952316284,0.22042548656463623,0.5200770497322083,0.1724451184272766,0.3074778616428375,-0.27079999446868896,-0.0710216537117958,-0.19868287444114685,2.5292000770568848,2.728978395462036,2.6013171672821045,0.4347602427005768,0.2233785092830658,0.34186121821403503,text,text,1,0.8181818127632141,0.2380952388048172,0.3199999928474426
531,v0zCBqDeKcE$_$1,2.5999999046325684,0.5090444087982178,0.2443849891424179,0.30575764179229736,0.44985729455947876,-0.12978826463222504,0.23756173253059387,0.029399923980236053,2.729788064956665,2.362438201904297,2.5706000328063965,0.16386838257312775,0.5575559139251709,0.27857571840286255,vision,audio,0,0.4000000059604645,0.4848484992980957,0.4871794879436493
476,tIrG4oNLFzE$_$17,-0.4000000059604645,0.3403775990009308,0.30774393677711487,0.29498952627182007,0.39726653695106506,-0.25704026222229004,0.023940041661262512,-0.15359064936637878,0.14295974373817444,0.4239400625228882,0.2464093565940857,0.4761230945587158,0.18662017583847046,0.3372567296028137,vision,text,0,0.5454545617103577,0.5360824465751648,0.49572649598121643
387,nzpVDcQ0ywM$_$11,0.0,0.4177832305431366,0.3609537184238434,0.20993469655513763,0.4291115403175354,-0.2195919007062912,0.1593397855758667,-0.09646058082580566,0.2195919007062912,0.1593397855758667,0.09646058082580566,0.2681031823158264,0.3277372717857361,0.4041595160961151,vision,vision,1,0.692307710647583,0.44117647409439087,0.6097561120986938
331,k5Y_838nuGo$_$31,-1.0,0.2502892017364502,0.25133204460144043,0.33745667338371277,0.4112113118171692,-0.3266817033290863,-0.06911342591047287,-0.2559167146682739,0.6733182668685913,0.9308865666389465,0.7440832853317261,0.45174381136894226,0.19143609702587128,0.35682013630867004,vision,text,0,0.4615384638309479,0.6086956262588501,0.5185185074806213
497,tStelxIAHjw$_$2,-2.0,0.7200330495834351,0.29269516468048096,0.2780604958534241,0.4292443096637726,0.13439121842384338,0.5490698218345642,0.2798066735267639,2.1343913078308105,2.549069881439209,2.279806613922119,0.535652756690979,0.13445425033569336,0.32989296317100525,vision,text,0,0.550000011920929,0.5061728358268738,0.5317460298538208
601,wMbj6ajWbic$_$19,-0.6000000238418579,0.5707224607467651,0.330006867647171,0.23076993227005005,0.4392232894897461,0.006376028060913086,0.35268330574035645,0.1396554410457611,0.606376051902771,0.9526833295822144,0.7396554946899414,0.5111023187637329,0.16113008558750153,0.32776761054992676,vision,text,0,0.5882353186607361,0.3799999952316284,0.5
11,c7UH_rxdZv4$_$3,-0.800000011920929,0.1977880895137787,0.451995313167572,0.1423311084508896,0.4056735932826996,-0.3351522982120514,-0.12812918424606323,-0.3641612231731415,0.46484771370887756,0.6718708276748657,0.4358387887477875,0.3841627538204193,0.1926720142364502,0.4231652617454529,text,vision,0,0.7142857313156128,0.1818181872367859,0.4615384638309479
381,nzpVDcQ0ywM$_$5,-0.4000000059604645,0.256879985332489,0.39317306876182556,0.2554585039615631,0.35136839747428894,-0.38996654748916626,-0.10080117732286453,-0.27800968289375305,0.010033458471298218,0.29919883608818054,0.12199032306671143,0.4831050634384155,0.184260293841362,0.3326345682144165,text,text,1,0.692307710647583,0.5227272510528564,0.48076921701431274
78,cXypl4FnoZo$_$21,-0.6000000238418579,0.21778807044029236,0.31894224882125854,0.2564653158187866,0.42459243535995483,-0.3990587890148163,-0.17107108235359192,-0.3302350640296936,0.20094123482704163,0.428928941488266,0.2697649598121643,0.44195255637168884,0.20669487118721008,0.3513525724411011,vision,text,0,0.6190476417541504,0.5161290168762207,0.5810810923576355
416,pLTX3ipuDJI$_$14,-2.0,0.3292471766471863,0.3676871061325073,0.2740040719509125,0.3583087921142578,-0.18940046429634094,0.09303582459688187,-0.08043254911899567,1.8105995655059814,2.093035936355591,1.9195674657821655,0.4795038104057312,0.18703530728816986,0.33346083760261536,text,text,1,0.5833333134651184,0.40625,0.3589743673801422
335,lXPQBPVc5Cw$_$26,-2.799999952316284,-0.10380281507968903,0.23736241459846497,0.3799217939376831,0.3827158212661743,-0.5733612179756165,-0.5512855052947998,-0.6899054646492004,2.2266387939453125,2.2487144470214844,2.1100945472717285,0.29378965497016907,0.2729472219944,0.4332631230354309,vision,vision,1,0.4545454680919647,0.6785714030265808,0.4848484992980957
89,cXypl4FnoZo$_$6,-0.6000000238418579,0.21528542041778564,0.305014431476593,0.2764587700366974,0.4185267686843872,-0.4190123975276947,-0.16070061922073364,-0.3272688388824463,0.1809876263141632,0.43929940462112427,0.2727311849594116,0.46312427520751953,0.19577306509017944,0.341102659702301,vision,text,0,0.5263158082962036,0.5098039507865906,0.5166666507720947
447,phBUpBr1hSo$_$21,0.800000011920929,0.3786371648311615,0.22057417035102844,0.3370436131954193,0.44238224625587463,-0.21208471059799194,0.09838421642780304,-0.10561735183000565,1.012084722518921,0.7016158103942871,0.905617356300354,0.19080916047096252,0.5370922088623047,0.2720986604690552,vision,audio,0,0.3478260934352875,0.5686274766921997,0.5161290168762207
415,pLTX3ipuDJI$_$15,-1.399999976158142,0.4074641764163971,0.3048534691333771,0.26818153262138367,0.42696496844291687,-0.10701260715723038,0.15985286235809326,-0.013770177960395813,1.29298734664917,1.5598528385162354,1.3862297534942627,0.466484397649765,0.1916504204273224,0.3418651819229126,vision,text,0,0.5600000023841858,0.4545454680919647,0.5
53,cW1FSBF59ik$_$23,1.399999976158142,0.24730268120765686,0.29803231358528137,0.26931628584861755,0.4326513707637787,-0.4247768819332123,-0.1361631453037262,-0.3021731972694397,1.8247768878936768,1.536163091659546,1.7021732330322266,0.1952410787343979,0.5109546184539795,0.29380422830581665,vision,audio,0,0.4761904776096344,0.47311827540397644,0.5089285969734192
407,ob23OKe5a9Q$_$7,0.6000000238418579,0.3338595926761627,0.33155861496925354,0.2926217317581177,0.3758196234703064,-0.16880328953266144,0.05173344537615776,-0.09326766431331635,0.7688032984733582,0.548266589641571,0.6932677030563354,0.22872526943683624,0.47706085443496704,0.2942138612270355,vision,audio,0,0.6470588445663452,0.5625,0.5
177,dq3Nf_lMPnE$_$9,-0.800000011920929,1.248471736907959,0.377178430557251,0.29626134037971497,0.32656025886535645,0.5826548337936401,1.0112240314483643,0.7144191861152649,1.3826549053192139,1.8112239837646484,1.5144191980361938,0.5307304859161377,0.12719109654426575,0.34207841753959656,text,text,1,0.75,0.5652173757553101,0.4285714328289032
321,k5Y_838nuGo$_$11,0.5,0.6870602369308472,0.4472144544124603,0.25338101387023926,0.2994045317173004,0.09550762176513672,0.5209001302719116,0.2646053433418274,0.4044923782348633,0.02090013027191162,0.2353946566581726,0.157508984208107,0.5657336115837097,0.27675747871398926,text,audio,0,0.875,0.529411792755127,0.4146341383457184
306,k5Y_838nuGo$_$20,0.4000000059604645,0.29806914925575256,0.39440837502479553,0.2546899616718292,0.35090160369873047,-0.21877950429916382,0.03275824338197708,-0.14215272665023804,0.6187795400619507,0.367241770029068,0.5421527624130249,0.21721148490905762,0.5023669004440308,0.2804216146469116,text,audio,0,0.699999988079071,0.4736842215061188,0.4285714328289032
492,tStelxIAHjw$_$15,0.4000000059604645,0.7015925049781799,0.26192113757133484,0.32758501172065735,0.4104938209056854,0.07115451991558075,0.45386284589767456,0.2161967158317566,0.3288455009460449,0.05386283993721008,0.18380329012870789,0.19521741569042206,0.48819878697395325,0.3165837824344635,vision,audio,0,0.46666666865348816,0.5370370149612427,0.453125
175,dq3Nf_lMPnE$_$7,-2.0,0.1930931806564331,0.40858373045921326,0.2372608631849289,0.35415539145469666,-0.3227959871292114,-0.13146361708641052,-0.2936633229255676,1.6772040128707886,1.868536353111267,1.7063367366790771,0.41052183508872986,0.21694734692573547,0.37253084778785706,text,text,1,0.8571428656578064,0.5609756112098694,0.5510203838348389
567,vyB00TXsimI$_$12,0.20000000298023224,0.7708704471588135,0.41862642765045166,0.1665600836277008,0.41481345891952515,0.019844967871904373,0.5341909527778625,0.16497263312339783,0.18015503883361816,0.3341909646987915,0.03502736985683441,0.3105024993419647,0.18581265211105347,0.5036848783493042,text,vision,0,0.800000011920929,0.35483869910240173,0.6216216087341309
668,zhpQhgha_KU$_$9,-1.0,-0.013465220108628273,0.36621177196502686,0.24508550763130188,0.38870272040367126,-0.527489185333252,-0.42908966541290283,-0.5531355738639832,0.47251081466674805,0.5709103345870972,0.44686442613601685,0.3559209704399109,0.2563927173614502,0.3876863420009613,vision,vision,1,0.6470588445663452,0.4285714328289032,0.4651162922382355
141,d6hH302o4v8$_$6,-2.0,0.05903790891170502,0.32589808106422424,0.2919021546840668,0.3821997344493866,-0.6799444556236267,-0.532402515411377,-0.5733590126037598,1.3200554847717285,1.467597484588623,1.4266409873962402,0.4324335753917694,0.26444196701049805,0.3031245172023773,vision,text,0,0.4285714328289032,0.5,0.4166666567325592
525,v0zCBqDeKcE$_$10,2.200000047683716,0.8586602210998535,0.3333975076675415,0.2731790542602539,0.3934234082698822,0.20825746655464172,0.6465595960617065,0.34616929292678833,1.9917426109313965,1.5534404516220093,1.8538308143615723,0.1450556516647339,0.6252330541610718,0.22971129417419434,vision,audio,0,0.5714285969734192,0.4545454680919647,0.4444444477558136
654,zhpQhgha_KU$_$27,0.800000011920929,0.2587060332298279,0.22172415256500244,0.26944074034690857,0.5088350772857666,-0.285412073135376,-0.07577378302812576,-0.24078649282455444,1.0854120254516602,0.8757737874984741,1.0407865047454834,0.23970985412597656,0.48213452100753784,0.27815568447113037,vision,audio,0,0.5,0.5833333134651184,0.7142857313156128
405,ob23OKe5a9Q$_$5,-1.7999999523162842,-0.07123778760433197,0.2959892451763153,0.30135679244995117,0.4026539921760559,-0.5679710507392883,-0.5250062942504883,-0.6595590710639954,1.2320289611816406,1.274993658065796,1.1404409408569336,0.3102131485939026,0.26882049441337585,0.42096632719039917,vision,vision,1,0.5416666865348816,0.5565217137336731,0.4855072498321533
311,k5Y_838nuGo$_$29,-0.75,0.08537544310092926,0.3345395624637604,0.25984862446784973,0.4056118428707123,-0.5244883298873901,-0.32659563422203064,-0.4754680097103119,0.22551167011260986,0.42340436577796936,0.2745319902896881,0.422603040933609,0.21850107610225677,0.358895868062973,vision,text,0,0.6000000238418579,0.5,0.5263158082962036
69,cW1FSBF59ik$_$17,2.4000000953674316,0.996811032295227,0.25759756565093994,0.2823373079299927,0.460065096616745,0.32722243666648865,0.7698559761047363,0.4820713996887207,2.07277774810791,1.6301441192626953,1.917928695678711,0.14187276363372803,0.6204071044921875,0.23772011697292328,vision,audio,0,0.5,0.4615384638309479,0.5333333611488342
685,zhpQhgha_KU$_$32,0.800000011920929,0.1882619857788086,0.2518925964832306,0.26587769389152527,0.48222967982292175,-0.4712110459804535,-0.2542656362056732,-0.4045061767101288,1.27121102809906,1.0542656183242798,1.2045061588287354,0.23202255368232727,0.4781794250011444,0.2897980213165283,vision,audio,0,0.4000000059604645,0.460317462682724,0.5526315569877625
678,zhpQhgha_KU$_$19,-0.800000011920929,0.18388143181800842,0.3134038746356964,0.26975443959236145,0.41684168577194214,-0.32401248812675476,-0.1377265751361847,-0.33326175808906555,0.4759875237941742,0.6622734069824219,0.4667382538318634,0.38929545879364014,0.20921985805034637,0.40148472785949707,vision,vision,1,0.5625,0.4761904776096344,0.5
290,jUzDDGyPkXU$_$9,2.799999952316284,1.9969556331634521,0.38692155480384827,0.2418823391199112,0.37119609117507935,1.2576651573181152,1.7239763736724854,1.5329993963241577,1.542334794998169,1.0760235786437988,1.2670005559921265,0.12142059206962585,0.5745752453804016,0.30400413274765015,text,audio,0,0.8571428656578064,0.47826087474823,0.5357142686843872
635,yvsjCA6Y5Fc$_$5,0.4000000059604645,-0.0412658154964447,0.4026259183883667,0.226298525929451,0.37107551097869873,-0.6600428223609924,-0.555413007736206,-0.6434295177459717,1.0600428581237793,0.9554129838943481,1.0434294939041138,0.28783124685287476,0.40794837474823,0.30422037839889526,text,audio,0,0.625,0.4375,0.4444444477558136
555,vyB00TXsimI$_$1,0.0,0.43342918157577515,0.2536098062992096,0.28092077374458313,0.4654694199562073,-0.10119997709989548,0.1413254290819168,0.0010608434677124023,0.10119997709989548,0.1413254290819168,0.0010608434677124023,0.3057106137275696,0.26743796467781067,0.4268515110015869,vision,vision,1,0.4000000059604645,0.40740740299224854,0.46875
277,jUzDDGyPkXU$_$26,-2.0,0.10387442260980606,0.3891857862472534,0.21428817510604858,0.396526038646698,-0.3649164140224457,-0.21220237016677856,-0.38544169068336487,1.635083556175232,1.7877976894378662,1.6145583391189575,0.3742682635784149,0.22496071457862854,0.40077105164527893,vision,vision,1,0.6800000071525574,0.35555556416511536,0.4727272689342499
131,d6hH302o4v8$_$28,-1.0,0.4024215340614319,0.3503284156322479,0.26292452216148376,0.3867470622062683,-0.30609557032585144,0.02521509677171707,-0.17213702201843262,0.6939043998718262,1.0252151489257812,0.8278629779815674,0.50728839635849,0.1681254655122757,0.3245861530303955,vision,text,0,0.523809552192688,0.4583333432674408,0.4482758641242981
148,d6hH302o4v8$_$13,-2.0,0.08409933745861053,0.26510730385780334,0.3042527139186859,0.43064001202583313,-0.43038102984428406,-0.32846933603286743,-0.4947054982185364,1.5696189403533936,1.6715307235717773,1.5052945613861084,0.3388548791408539,0.24125775694847107,0.41988733410835266,vision,vision,1,0.3333333432674408,0.3947368562221527,0.3636363744735718
255,fvVhgmXxadc$_$9,-0.4000000059604645,0.36474570631980896,0.3465293347835541,0.3448997437953949,0.3085709512233734,-0.21791833639144897,0.07985280454158783,-0.11868760734796524,0.1820816695690155,0.4798527956008911,0.28131240606307983,0.47869932651519775,0.17741692066192627,0.3438837230205536,text,text,1,0.692307710647583,0.6969696879386902,0.44999998807907104
532,v0zCBqDeKcE$_$3,0.6000000238418579,0.26817092299461365,0.28782373666763306,0.2705199420452118,0.4416564106941223,-0.3534274995326996,-0.07741422206163406,-0.261209636926651,0.9534275531768799,0.6774142384529114,0.8612096309661865,0.20536929368972778,0.5153540968894958,0.27927663922309875,vision,audio,0,0.5,0.47999998927116394,0.5333333611488342
159,d6hH302o4v8$_$36,-2.200000047683716,0.4858834147453308,0.3081875145435333,0.2862532138824463,0.4055593013763428,-0.2874760031700134,0.040029220283031464,-0.14833059906959534,1.9125239849090576,2.2400293350219727,2.0516693592071533,0.5090280175209045,0.1708555668592453,0.32011646032333374,vision,text,0,0.5,0.5882353186607361,0.5609756112098694
628,yvsjCA6Y5Fc$_$20,0.800000011920929,1.120998501777649,0.3846322000026703,0.25458455085754395,0.36078324913978577,0.38793376088142395,0.9295796155929565,0.5581716299057007,0.412066251039505,0.1295796036720276,0.24182838201522827,0.1876906007528305,0.4812644422054291,0.3310450315475464,text,audio,0,0.6666666865348816,0.4399999976158142,0.4333333373069763
179,etzxEpPuc6I$_$11,-1.600000023841858,0.4725691080093384,0.30383503437042236,0.34414365887641907,0.35202133655548096,-0.010983001440763474,0.2890312671661377,0.11415832489728928,1.5890170335769653,1.8890312910079956,1.714158296585083,0.4933905005455017,0.181499645113945,0.32510989904403687,vision,text,0,0.5789473652839661,0.6078431606292725,0.4354838728904724
464,rnaNMUZpvvg$_$15,-1.600000023841858,-0.02685086987912655,0.2461981177330017,0.2779933512210846,0.47580859065055847,-0.5851489901542664,-0.5029275417327881,-0.6377997398376465,1.0148510932922363,1.0970724821090698,0.9622002840042114,0.338739275932312,0.25753599405288696,0.4037247896194458,vision,vision,1,0.3684210479259491,0.43209877610206604,0.5151515007019043
5,c7UH_rxdZv4$_$21,-0.800000011920929,0.43805763125419617,0.3524005711078644,0.2761966288089752,0.3714027404785156,-0.0890452116727829,0.20152845978736877,0.028980709612369537,0.7109547853469849,1.0015285015106201,0.8289807438850403,0.4867677688598633,0.1847878098487854,0.32844439148902893,vision,text,0,0.6842105388641357,0.54347825050354,0.48275861144065857
157,d6hH302o4v8$_$30,-2.799999952316284,0.04400736838579178,0.40602949261665344,0.28338316082954407,0.3105873167514801,-0.4245860278606415,-0.2672821879386902,-0.4288010597229004,2.3754138946533203,2.532717704772949,2.371198892593384,0.3837164044380188,0.22713793814182281,0.3891456723213196,text,vision,0,0.6666666865348816,0.47058823704719543,0.30000001192092896
540,vvZ4IcEtiZc$_$11,1.600000023841858,0.5232769846916199,0.4210158586502075,0.27042505145072937,0.3085590898990631,-0.07816503942012787,0.32303738594055176,0.06802698224782944,1.678165078163147,1.2769626379013062,1.5319730043411255,0.15535593032836914,0.5917360186576843,0.25290802121162415,text,audio,0,0.6666666865348816,0.4166666567325592,0.30000001192092896
643,yvsjCA6Y5Fc$_$13,-2.0,0.3194033205509186,0.4476799964904785,0.2066221535205841,0.34569787979125977,-0.3179066479206085,-0.007644183933734894,-0.22361552715301514,1.6820933818817139,1.9923558235168457,1.7763844728469849,0.47943115234375,0.17044155299663544,0.35012733936309814,text,text,1,0.8333333134651184,0.5106382966041565,0.5535714030265808
653,zhpQhgha_KU$_$26,0.0,0.22504708170890808,0.24619455635547638,0.3260948956012726,0.42771056294441223,-0.3672957718372345,-0.13767603039741516,-0.31617432832717896,0.3672957718372345,0.13767603039741516,0.31617432832717896,0.23064659535884857,0.4958561360836029,0.27349725365638733,vision,audio,0,0.4615384638309479,0.6190476417541504,0.5600000023841858
254,fvVhgmXxadc$_$6,-0.20000000298023224,0.12402244657278061,0.40805044770240784,0.22460989654064178,0.36733970046043396,-0.429731160402298,-0.2266610860824585,-0.41021621227264404,0.22973115742206573,0.026661083102226257,0.2102162092924118,0.24783264100551605,0.48767736554145813,0.2644900381565094,text,audio,0,0.7200000286102295,0.4333333373069763,0.4861111044883728
610,yDtzw_Y-7RU$_$3,0.75,0.7374129891395569,0.23133884370326996,0.37425753474235535,0.3944036066532135,0.06108784303069115,0.4991607069969177,0.22515299916267395,0.6889121532440186,0.2508392930030823,0.5248470306396484,0.14214913547039032,0.6122370958328247,0.24561381340026855,vision,audio,0,0.3571428656578064,0.5762711763381958,0.41428571939468384
252,fvVhgmXxadc$_$4,-2.799999952316284,-0.0817631259560585,0.3245040476322174,0.3327353298664093,0.3427606225013733,-0.7174376249313354,-0.6327770352363586,-0.7001051902770996,2.0825624465942383,2.1672229766845703,2.0998947620391846,0.3706471025943756,0.2795129418373108,0.3498399257659912,vision,text,0,0.4545454680919647,0.53125,0.34210526943206787
553,vyB00TXsimI$_$21,1.2000000476837158,0.6784777045249939,0.27275699377059937,0.33752936124801636,0.3897136449813843,0.05663182958960533,0.4728345572948456,0.20220109820365906,1.1433682441711426,0.7271654605865479,0.9977989196777344,0.1508581042289734,0.6040652394294739,0.24507664144039154,vision,audio,0,0.4545454680919647,0.5428571701049805,0.4285714328289032
193,etzxEpPuc6I$_$4,0.800000011920929,0.495627760887146,0.2578413486480713,0.2779451906681061,0.464213490486145,-0.012140080332756042,0.31172746419906616,0.13182491064071655,0.8121401071548462,0.4882725477218628,0.6681751012802124,0.17987988889217377,0.5294548273086548,0.29066529870033264,vision,audio,0,0.5,0.49056604504585266,0.5645161271095276
403,ob23OKe5a9Q$_$3,-1.2000000476837158,-0.04224306717514992,0.2053833156824112,0.3010229766368866,0.493593692779541,-0.6075529456138611,-0.5429503917694092,-0.6547058820724487,0.5924471020698547,0.6570496559143066,0.5452941656112671,0.33596867322921753,0.2708800137042999,0.39315128326416016,vision,vision,1,0.30000001192092896,0.5,0.5555555820465088
620,yDtzw_Y-7RU$_$13,-1.7999999523162842,0.3762444257736206,0.3161281645298004,0.27860477566719055,0.4052670896053314,-0.2584384083747864,0.06923577189445496,-0.13376712799072266,1.5415616035461426,1.8692357540130615,1.6662328243255615,0.5011462569236755,0.16811546683311462,0.33073827624320984,vision,text,0,0.52173912525177,0.5,0.489130437374115
124,d6hH302o4v8$_$25,-1.600000023841858,0.4284675419330597,0.40271127223968506,0.17444026470184326,0.4228484034538269,-0.24796459078788757,0.10892748832702637,-0.1802464723587036,1.352035403251648,1.7089275121688843,1.4197535514831543,0.47567710280418396,0.14476309716701508,0.3795597553253174,vision,text,0,0.6000000238418579,0.3076923191547394,0.5
64,cW1FSBF59ik$_$10,-1.0,0.8450305461883545,0.24554316699504852,0.25595027208328247,0.49850648641586304,0.22379881143569946,0.6530472040176392,0.40226006507873535,1.2237987518310547,1.6530472040176392,1.4022600650787354,0.5584269165992737,0.13352593779563904,0.3080471158027649,vision,text,0,0.5,0.4583333432674408,0.6162790656089783
576,wMbj6ajWbic$_$26,1.7999999523162842,0.920472264289856,0.40637317299842834,0.246064692735672,0.34756210446357727,0.3975823223590851,0.8409244418144226,0.5490968227386475,1.4024176597595215,0.9590755105018616,1.2509031295776367,0.14203758537769318,0.6225966811180115,0.23536570370197296,text,audio,0,0.8333333134651184,0.5,0.5
490,tStelxIAHjw$_$13,-1.600000023841858,0.8894602656364441,0.2941790521144867,0.2240140289068222,0.4818069636821747,0.2606613337993622,0.6745243072509766,0.40130385756492615,1.8606613874435425,2.274524211883545,2.0013039112091064,0.5326399803161621,0.13406206667423248,0.333297997713089,vision,text,0,0.5714285969734192,0.380952388048172,0.5600000023841858
638,yvsjCA6Y5Fc$_$6,0.0,-0.18249601125717163,0.362060010433197,0.2447340339422226,0.3932059109210968,-0.6576046347618103,-0.7064440250396729,-0.7950165271759033,0.6576046347618103,0.7064440250396729,0.7950165271759033,0.4028545618057251,0.3423308730125427,0.2548145651817322,vision,text,0,0.7272727489471436,0.523809552192688,0.5416666865348816
398,ob23OKe5a9Q$_$10,1.25,0.3310317099094391,0.3531174659729004,0.23240666091442108,0.41447582840919495,-0.16303132474422455,0.06290843337774277,-0.1009068489074707,1.4130313396453857,1.187091588973999,1.3509068489074707,0.229688361287117,0.48777589201927185,0.28253576159477234,vision,audio,0,0.5,0.23529411852359772,0.3499999940395355
362,lXPQBPVc5Cw$_$30,-2.0,-0.13772118091583252,0.2619367241859436,0.29639703035354614,0.4416661858558655,-0.8514272570610046,-0.8224737644195557,-0.8188075423240662,1.1485726833343506,1.1775262355804443,1.181192398071289,0.35651013255119324,0.3237108886241913,0.3197789788246155,vision,text,0,0.3333333432674408,0.5230769515037537,0.5
605,yDtzw_Y-7RU$_$20,-0.6000000238418579,0.10225047916173935,0.39994245767593384,0.22557319700717926,0.3744843304157257,-0.5892745852470398,-0.3961207866668701,-0.5085424184799194,0.010725438594818115,0.2038792371749878,0.09145760536193848,0.43680909276008606,0.22944201529026031,0.3337489366531372,text,text,1,0.6000000238418579,0.38461539149284363,0.4193548262119293
295,jUzDDGyPkXU$_$12,0.5,0.6716315150260925,0.293414443731308,0.32178738713264465,0.3847981095314026,0.1376616656780243,0.5144152641296387,0.24739044904708862,0.3623383343219757,0.014415264129638672,0.2526095509529114,0.17759691178798676,0.5663770437240601,0.2560260593891144,vision,audio,0,0.6000000238418579,0.6000000238418579,0.5
402,ob23OKe5a9Q$_$1,1.2000000476837158,1.0188617706298828,0.35815513134002686,0.3154233992099762,0.3264215290546417,0.39837321639060974,0.8599256277084351,0.5565208196640015,0.8016268014907837,0.34007441997528076,0.6434792280197144,0.13602209091186523,0.6335412859916687,0.23043665289878845,text,audio,0,0.75,0.6206896305084229,0.47058823704719543
587,wMbj6ajWbic$_$5,0.20000000298023224,0.8216924071311951,0.30600637197494507,0.29118794202804565,0.4028056561946869,0.20641064643859863,0.6358972191810608,0.3315313458442688,0.006410643458366394,0.43589723110198975,0.13153134286403656,0.5268990993499756,0.12588730454444885,0.34721359610557556,vision,text,0,0.5,0.41025641560554504,0.3958333432674408
618,yDtzw_Y-7RU$_$11,-1.399999976158142,0.5491213798522949,0.21472138166427612,0.36964520812034607,0.4156334102153778,-0.06386825442314148,0.2783823609352112,0.07919294387102127,1.3361316919326782,1.678382396697998,1.4791929721832275,0.515390932559967,0.164694145321846,0.319914847612381,vision,text,0,0.375,0.6176470518112183,0.5
101,cXypl4FnoZo$_$18,-0.25,0.05599578469991684,0.3185773491859436,0.29129332304000854,0.39012935757637024,-0.4929163455963135,-0.3734176754951477,-0.5268564820289612,0.24291634559631348,0.1234176754951477,0.2768564820289612,0.2956511080265045,0.4403231739997864,0.2640256881713867,vision,audio,0,0.6190476417541504,0.5890411138534546,0.5287356376647949
477,tIrG4oNLFzE$_$16,-1.600000023841858,0.6794547438621521,0.3242266774177551,0.2590812146663666,0.4166921079158783,0.12218768894672394,0.5335581302642822,0.27136093378067017,1.7221877574920654,2.1335582733154297,1.8713610172271729,0.5370575189590454,0.13630163669586182,0.32664090394973755,vision,text,0,0.5833333134651184,0.43023255467414856,0.49514561891555786
227,f9O3YtZ2VfI$_$30,-1.0,-0.022046562284231186,0.30818042159080505,0.3149375319480896,0.37688207626342773,-0.6117420792579651,-0.4841981530189514,-0.6017861366271973,0.3882579207420349,0.5158018469810486,0.39821386337280273,0.3815290629863739,0.24939563870429993,0.3690752685070038,vision,text,0,0.5,0.5799999833106995,0.44999998807907104
392,nzpVDcQ0ywM$_$14,0.20000000298023224,0.2327597439289093,0.3393026292324066,0.24340413510799408,0.4172931909561157,-0.45133069157600403,-0.16108062863349915,-0.3230285048484802,0.6513307094573975,0.3610806465148926,0.5230284929275513,0.19360916316509247,0.509455144405365,0.29693570733070374,vision,audio,0,0.550000011920929,0.4545454680919647,0.52173912525177
672,zhpQhgha_KU$_$13,-1.0,0.2921592891216278,0.2563970685005188,0.40237125754356384,0.34123170375823975,-0.26531749963760376,-0.020627759397029877,-0.19065280258655548,0.7346825003623962,0.9793722629547119,0.8093472123146057,0.45003876090049744,0.19907887279987335,0.3508823812007904,audio,text,0,0.5,0.6875,0.42105263471603394
198,f9O3YtZ2VfI$_$24,-2.5999999046325684,-0.04287463426589966,0.36200496554374695,0.2414032220840454,0.39659178256988525,-0.7363253235816956,-0.5681796073913574,-0.7189326882362366,1.8636746406555176,2.031820297241211,1.8810672760009766,0.39767685532569885,0.22704629600048065,0.3752768337726593,vision,text,0,0.6800000071525574,0.5096774101257324,0.5403226017951965
278,jUzDDGyPkXU$_$27,-2.0,0.5186024904251099,0.23467977344989777,0.2927265167236328,0.472593754529953,-0.0669112354516983,0.2582492530345917,0.09750037640333176,1.933088779449463,2.258249282836914,2.0975003242492676,0.5218207240104675,0.17652375996112823,0.30165547132492065,vision,text,0,0.4166666567325592,0.5,0.5400000214576721
133,d6hH302o4v8$_$40,-1.0,0.2693697512149811,0.7477107048034668,0.09737169742584229,0.15491756796836853,-0.2613528370857239,-0.02255622297525406,-0.3057907223701477,0.7386471629142761,0.9774437546730042,0.6942092776298523,0.38302522897720337,0.17279605567455292,0.4441787004470825,text,vision,0,1.0,0.0,0.0
34,cM3Yna7AavY$_$10,1.600000023841858,0.8491232395172119,0.37125709652900696,0.19867579638957977,0.4300670623779297,0.09203138947486877,0.6263379454612732,0.279205322265625,1.5079686641693115,0.9736620783805847,1.320794701576233,0.11360878497362137,0.674372673034668,0.21201860904693604,vision,audio,0,0.7142857313156128,0.42105263471603394,0.6086956262588501
341,lXPQBPVc5Cw$_$28,0.800000011920929,0.42320653796195984,0.3190397620201111,0.2987004816532135,0.3822597563266754,-0.2378113567829132,0.10410530120134354,-0.11252371966838837,1.0378113985061646,0.695894718170166,0.9125237464904785,0.17717142403125763,0.5538200736045837,0.2690085768699646,vision,audio,0,0.5882353186607361,0.5961538553237915,0.523809552192688
648,yvsjCA6Y5Fc$_$16,-1.7999999523162842,0.04406950622797012,0.3317180871963501,0.25753650069236755,0.41074538230895996,-0.660676896572113,-0.42171144485473633,-0.5883702635765076,1.1393229961395264,1.3782885074615479,1.2116296291351318,0.4470862150192261,0.201582670211792,0.35133111476898193,vision,text,0,0.5600000023841858,0.48677247762680054,0.5087719559669495
487,tIrG4oNLFzE$_$8,-1.2000000476837158,0.06730114668607712,0.26162654161453247,0.2840487062931061,0.45432478189468384,-0.6106377243995667,-0.3631221354007721,-0.5403468608856201,0.5893623232841492,0.8368779420852661,0.6596531867980957,0.44856441020965576,0.1965663880109787,0.35486921668052673,vision,text,0,0.46000000834465027,0.5230769515037537,0.5555555820465088
656,zhpQhgha_KU$_$21,0.6000000238418579,0.26219916343688965,0.23470591008663177,0.2819048762321472,0.4833892285823822,-0.3723202049732208,-0.14904087781906128,-0.3106139302253723,0.9723201990127563,0.7490409016609192,0.9106139540672302,0.23077304661273956,0.4857524037361145,0.28347453474998474,vision,audio,0,0.42105263471603394,0.5161290168762207,0.5675675868988037
373,nzpVDcQ0ywM$_$24,1.600000023841858,0.6408312916755676,0.4264408349990845,0.2364373654127121,0.33712178468704224,0.045880500227212906,0.45831212401390076,0.17989328503608704,1.5541194677352905,1.1416878700256348,1.4201067686080933,0.15343697369098663,0.606716513633728,0.23984646797180176,text,audio,0,0.7777777910232544,0.4642857015132904,0.42424243688583374
107,d3_k5Xpfmik$_$14,2.0,0.14782968163490295,0.3090861141681671,0.24790368974208832,0.4430101811885834,-0.496227890253067,-0.2668260931968689,-0.4310469627380371,2.496227979660034,2.2668261528015137,2.431046962738037,0.2277400940656662,0.4892520010471344,0.2830079197883606,vision,audio,0,0.52173912525177,0.460317462682724,0.5443037748336792
520,tmZoasNr4rU$_$7,-1.0,-0.009514566510915756,0.3217778503894806,0.24405716359615326,0.43416500091552734,-0.6818126440048218,-0.5705026984214783,-0.6413410305976868,0.3181873559951782,0.42949730157852173,0.35865896940231323,0.3900430500507355,0.2691379189491272,0.3408190608024597,vision,text,0,0.517241358757019,0.4740259647369385,0.5380434989929199
273,iiK8YX8oH1E$_$9,0.4000000059604645,0.4309482276439667,0.30772602558135986,0.2950511574745178,0.3972228169441223,-0.07967782765626907,0.192183256149292,0.03347828984260559,0.47967782616615295,0.20781674981117249,0.3665217161178589,0.20271287858486176,0.5016958713531494,0.29559126496315,vision,audio,0,0.5,0.4482758641242981,0.4117647111415863
562,vyB00TXsimI$_$9,-0.25,0.5565376281738281,0.27663037180900574,0.20376957952976227,0.5196000337600708,-0.09558551758527756,0.27280792593955994,0.029126115143299103,0.15441447496414185,0.5228079557418823,0.2791261076927185,0.5120960474014282,0.14998479187488556,0.337919145822525,vision,text,0,0.5,0.3529411852359772,0.625
631,yvsjCA6Y5Fc$_$23,-1.2000000476837158,0.21822583675384521,0.31170016527175903,0.2763429582118988,0.41195693612098694,-0.4496534764766693,-0.11560115963220596,-0.31210893392562866,0.7503465414047241,1.084398865699768,0.8878911137580872,0.510035514831543,0.16749823093414307,0.32246625423431396,vision,text,0,0.6000000238418579,0.567251443862915,0.5507246255874634
136,d6hH302o4v8$_$3,0.20000000298023224,0.8523595929145813,0.34606996178627014,0.27709946036338806,0.3768306076526642,0.10438817739486694,0.6217828392982483,0.27191078662872314,0.0956118255853653,0.42178285121917725,0.0719107836484909,0.41333329677581787,0.13935403525829315,0.44731268286705017,vision,vision,1,0.6111111044883728,0.5306122303009033,0.5
188,etzxEpPuc6I$_$18,1.399999976158142,0.8088143467903137,0.3043616712093353,0.3074045777320862,0.3882337808609009,0.20047613978385925,0.6225865483283997,0.3228813111782074,1.1995238065719604,0.7774134278297424,1.0771186351776123,0.15179894864559174,0.6199207305908203,0.22828032076358795,vision,audio,0,0.6000000238418579,0.5714285969734192,0.5
460,rnaNMUZpvvg$_$11,-2.5999999046325684,0.4530384838581085,0.2525840401649475,0.42603638768196106,0.32137957215309143,-0.04371407628059387,0.22285646200180054,0.06923080235719681,2.556285858154297,2.8228564262390137,2.6692306995391846,0.47675469517707825,0.19606244564056396,0.3271828293800354,audio,text,0,0.4166666567325592,0.6315789222717285,0.31111112236976624
294,jUzDDGyPkXU$_$13,-0.6000000238418579,0.40073147416114807,0.2706027626991272,0.27028343081474304,0.459113746881485,-0.15905536711215973,0.11534252017736435,-0.05984208360314369,0.4409446716308594,0.7153425216674805,0.5401579141616821,0.47190603613853455,0.18907058238983154,0.3390234112739563,vision,text,0,0.5333333611488342,0.5098039507865906,0.5901639461517334
608,yDtzw_Y-7RU$_$23,2.200000047683716,0.39439839124679565,0.22689388692378998,0.26892054080963135,0.5041855573654175,-0.15441368520259857,0.10123441368341446,-0.04626666009426117,2.3544137477874756,2.0987656116485596,2.2462666034698486,0.2092602252960205,0.4906539022922516,0.3000859320163727,vision,audio,0,0.3333333432674408,0.40625,0.5263158082962036
122,d6hH302o4v8$_$43,-2.5,0.8188232183456421,0.29855281114578247,0.25556644797325134,0.4458807706832886,0.07696212828159332,0.5631715655326843,0.23512142896652222,2.5769622325897217,3.063171625137329,2.735121488571167,0.559278666973114,0.11060331761837006,0.33011797070503235,vision,text,0,0.5384615659713745,0.5,0.5789473652839661
607,yDtzw_Y-7RU$_$22,2.0,0.6637870669364929,0.34549322724342346,0.24657773971557617,0.407929003238678,0.05784084275364876,0.4958512783050537,0.19309988617897034,1.9421591758728027,1.5041487216949463,1.806900143623352,0.14543810486793518,0.626272439956665,0.228289395570755,vision,audio,0,0.7142857313156128,0.5,0.5789473652839661
100,cXypl4FnoZo$_$19,0.800000011920929,0.05277593433856964,0.29436612129211426,0.3045029938220978,0.40113088488578796,-0.49929437041282654,-0.34888747334480286,-0.5142531991004944,1.299294352531433,1.1488875150680542,1.3142532110214233,0.277599036693573,0.45830443501472473,0.26409658789634705,vision,audio,0,0.550000011920929,0.5844155550003052,0.5249999761581421
626,yDtzw_Y-7RU$_$19,-1.600000023841858,0.10899821668863297,0.3952612280845642,0.20146003365516663,0.4032786786556244,-0.5996543765068054,-0.4232017993927002,-0.49125388264656067,1.0003457069396973,1.1767982244491577,1.1087461709976196,0.4440328776836395,0.24658913910388947,0.3093779981136322,vision,text,0,0.5555555820465088,0.3333333432674408,0.4642857015132904
591,wMbj6ajWbic$_$9,-2.0,0.6490176916122437,0.3362885117530823,0.28387337923049927,0.37983813881874084,0.12158910930156708,0.5229107141494751,0.22085002064704895,2.121589183807373,2.5229105949401855,2.2208499908447266,0.504862368106842,0.1324954479932785,0.36264216899871826,vision,text,0,0.699999988079071,0.5600000023841858,0.5333333611488342
251,fvVhgmXxadc$_$5,0.0,0.08564718812704086,0.31137847900390625,0.2913958728313446,0.39722564816474915,-0.5236994624137878,-0.3386947214603424,-0.49150240421295166,0.5236994624137878,0.3386947214603424,0.49150240421295166,0.25213906168937683,0.46715599298477173,0.28070497512817383,vision,audio,0,0.5384615659713745,0.5526315569877625,0.5
579,wMbj6ajWbic$_$21,1.600000023841858,0.43696334958076477,0.3374978303909302,0.2413049191236496,0.42119723558425903,-0.06202850863337517,0.2523045837879181,0.06841956824064255,1.6620285511016846,1.3476954698562622,1.5315804481506348,0.18532244861125946,0.528410792350769,0.2862667739391327,vision,audio,0,0.6470588445663452,0.43589743971824646,0.5319148898124695
473,tIrG4oNLFzE$_$12,-2.5999999046325684,0.08319682627916336,0.3459247350692749,0.23834185302257538,0.41573336720466614,-0.422281950712204,-0.28575706481933594,-0.419768750667572,2.177717924118042,2.3142428398132324,2.1802310943603516,0.3807995915412903,0.24157750606536865,0.37762290239334106,vision,text,0,0.6666666865348816,0.48148149251937866,0.53125
196,etzxEpPuc6I$_$9,-2.799999952316284,0.49706166982650757,0.3151577413082123,0.29654771089553833,0.3882945775985718,-0.011039000004529953,0.3266756236553192,0.12202329188585281,2.7889609336853027,3.126675605773926,2.922023296356201,0.5086002945899963,0.16500027477741241,0.32639941573143005,vision,text,0,0.6190476417541504,0.5555555820465088,0.5066666603088379
263,iiK8YX8oH1E$_$17,1.600000023841858,1.6381548643112183,0.33256998658180237,0.24018682539463043,0.4272432327270508,0.7484806180000305,1.24276864528656,1.0013318061828613,0.8515194058418274,0.35723137855529785,0.5986682176589966,0.11740414798259735,0.609872043132782,0.27272382378578186,vision,audio,0,0.6666666865348816,0.4399999976158142,0.517241358757019
472,tIrG4oNLFzE$_$13,-2.0,0.06675201654434204,0.35432666540145874,0.2584490478038788,0.3872242569923401,-0.6433396339416504,-0.36577895283699036,-0.5316122174263,1.3566603660583496,1.634221076965332,1.4683878421783447,0.4794984757900238,0.19009773433208466,0.33040380477905273,vision,text,0,0.6000000238418579,0.4923076927661896,0.489130437374115
190,etzxEpPuc6I$_$3,-1.600000023841858,0.31343451142311096,0.4393852651119232,0.2385025918483734,0.322112113237381,-0.13785985112190247,0.09270131587982178,-0.05817802995443344,1.4621402025222778,1.6927013397216797,1.5418219566345215,0.4483436644077301,0.2078927755355835,0.343763530254364,text,text,1,0.8181818127632141,0.4893617033958435,0.4464285671710968
543,vvZ4IcEtiZc$_$1,2.0,1.0700262784957886,0.4303957521915436,0.20668379962444305,0.36292049288749695,0.4743131101131439,0.9545676708221436,0.6027733683586121,1.5256868600845337,1.0454323291778564,1.3972265720367432,0.1334804892539978,0.6616944074630737,0.20482511818408966,text,audio,0,0.75,0.31578946113586426,0.43478259444236755
664,zhpQhgha_KU$_$5,-2.200000047683716,-0.1405622363090515,0.3719199597835541,0.3148850202560425,0.31319501996040344,-0.6784344911575317,-0.6459468007087708,-0.7195243835449219,1.521565556526184,1.5540533065795898,1.480475664138794,0.3284984529018402,0.2947830259799957,0.37671858072280884,text,vision,0,0.6086956262588501,0.5555555820465088,0.3488371968269348
501,tStelxIAHjw$_$6,1.600000023841858,1.0920782089233398,0.3077986538410187,0.3119586408138275,0.3802427053451538,0.4527970254421234,0.8775129318237305,0.5832816362380981,1.147202968597412,0.7224870920181274,1.0167183876037598,0.1500525325536728,0.6181337237358093,0.23181366920471191,vision,audio,0,0.7142857313156128,0.6428571343421936,0.5625
412,pLTX3ipuDJI$_$10,-1.600000023841858,0.4581466019153595,0.26548752188682556,0.3071765601634979,0.42733585834503174,-0.09378297626972198,0.1979312002658844,0.032820992171764374,1.5062170028686523,1.79793119430542,1.632820963859558,0.49166446924209595,0.1859385073184967,0.32239702343940735,vision,text,0,0.47826087474823,0.5245901346206665,0.4931506812572479
578,wMbj6ajWbic$_$20,-0.4000000059604645,1.5730366706848145,0.24059586226940155,0.3709206283092499,0.38848352432250977,0.7976284027099609,1.2157236337661743,0.9792331457138062,1.197628378868103,1.6157236099243164,1.3792331218719482,0.5573976039886475,0.13832807540893555,0.3042743504047394,vision,text,0,0.46666666865348816,0.5952380895614624,0.45098039507865906
351,lXPQBPVc5Cw$_$8,2.5999999046325684,1.2112302780151367,0.21572892367839813,0.2644406259059906,0.5198305249214172,0.5442687273025513,0.9826449155807495,0.7071762084960938,2.0557312965393066,1.6173549890518188,1.8928236961364746,0.14219549298286438,0.6130567193031311,0.24474778771400452,vision,audio,0,0.4545454680919647,0.46666666865348816,0.6285714507102966
185,etzxEpPuc6I$_$17,-0.4000000059604645,0.6128724813461304,0.32313069701194763,0.3501763641834259,0.32669296860694885,0.09539858996868134,0.459450364112854,0.23106300830841064,0.4953985810279846,0.8594503402709961,0.6310629844665527,0.5172312259674072,0.1536971777677536,0.329071581363678,audio,text,0,0.625,0.625,0.4035087823867798
237,f_pcplsH_V0$_$5,1.2000000476837158,0.3579588830471039,0.33332762122154236,0.28054097294807434,0.3861313462257385,-0.3163882791996002,-0.009764805436134338,-0.20367491245269775,1.5163882970809937,1.209764838218689,1.4036749601364136,0.19102232158184052,0.5308440923690796,0.2781335413455963,vision,audio,0,0.5789473652839661,0.5591397881507874,0.5178571343421936
570,vyB00TXsimI$_$17,1.399999976158142,-0.03554133325815201,0.23648764193058014,0.31620410084724426,0.4473082721233368,-0.6496922373771667,-0.5597066879272461,-0.6584720611572266,2.049692153930664,1.9597066640853882,2.058472156524658,0.3011186122894287,0.4064478874206543,0.292433500289917,vision,audio,0,0.3684210479259491,0.5531914830207825,0.5263158082962036
27,c7UH_rxdZv4$_$19,-1.7999999523162842,0.15994766354560852,0.28195545077323914,0.2886195778846741,0.429424911737442,-0.49521565437316895,-0.24417179822921753,-0.40359365940093994,1.3047842979431152,1.5558280944824219,1.3964062929153442,0.4608480632305145,0.1995881199836731,0.3395638167858124,vision,text,0,0.4444444477558136,0.5111111402511597,0.5
249,fvVhgmXxadc$_$3,-2.200000047683716,-0.10896237939596176,0.3047255277633667,0.22578732669353485,0.4694872200489044,-0.8343496918678284,-0.7982606291770935,-0.7850393652915955,1.3656504154205322,1.4017393589019775,1.4149606227874756,0.3656189441680908,0.3241787850856781,0.3102022111415863,vision,text,0,0.4000000059604645,0.3636363744735718,0.5
60,cW1FSBF59ik$_$6,1.2000000476837158,0.6280481815338135,0.2678245007991791,0.3771473169326782,0.3550281822681427,0.08197136223316193,0.4317886233329773,0.22941115498542786,1.1180286407470703,0.7682114243507385,0.9705889225006104,0.1711149364709854,0.5491616129875183,0.2797234058380127,audio,audio,1,0.5,0.6153846383094788,0.4000000059604645
20,c7UH_rxdZv4$_$10,0.800000011920929,0.027726586908102036,0.3265117406845093,0.19641834497451782,0.4770699441432953,-0.5857774019241333,-0.46910595893859863,-0.6022215485572815,1.385777473449707,1.2691059112548828,1.4022215604782104,0.29222455620765686,0.43113771080970764,0.2766377031803131,vision,audio,0,0.6428571343421936,0.4324324429035187,0.6590909361839294
496,tStelxIAHjw$_$3,0.5,0.24158191680908203,0.22208410501480103,0.31501835584640503,0.46289753913879395,-0.26240500807762146,-0.07015722244977951,-0.21360963582992554,0.7624050378799438,0.5701572299003601,0.7136096358299255,0.24541836977005005,0.46581587195396423,0.2887657582759857,vision,audio,0,0.4000000059604645,0.5333333611488342,0.529411792755127
328,k5Y_838nuGo$_$16,0.25,1.0085113048553467,0.32337042689323425,0.25438523292541504,0.4222443997859955,0.34467634558677673,0.8221902251243591,0.4903795123100281,0.09467634558677673,0.5721902251243591,0.24037951231002808,0.5497958064079285,0.11192557960748672,0.33827856183052063,vision,text,0,0.625,0.4736842215061188,0.5454545617103577
332,k5Y_838nuGo$_$30,1.600000023841858,0.8111075758934021,0.35502102971076965,0.2746534049510956,0.37032559514045715,0.16341638565063477,0.6392323970794678,0.3054749369621277,1.4365836381912231,0.9607676267623901,1.294525146484375,0.13350987434387207,0.652120053768158,0.21437005698680878,vision,audio,0,0.6666666865348816,0.5142857432365417,0.4878048896789551
684,zhpQhgha_KU$_$33,-0.4000000059604645,0.05793580412864685,0.29531100392341614,0.26973941922187805,0.4349495768547058,-0.5582212805747986,-0.38628190755844116,-0.5212538242340088,0.1582212746143341,0.013718098402023315,0.12125381827354431,0.26667192578315735,0.43168511986732483,0.3016429543495178,vision,audio,0,0.5625,0.5490196347236633,0.5901639461517334
417,pLTX3ipuDJI$_$16,-1.600000023841858,0.4895585775375366,0.28999048471450806,0.29093512892723083,0.4190743565559387,-0.015196595340967178,0.254846453666687,0.1013740673661232,1.5848034620285034,1.854846477508545,1.7013740539550781,0.4797225594520569,0.19501271843910217,0.3252647817134857,vision,text,0,0.5142857432365417,0.48514851927757263,0.47999998927116394
164,dq3Nf_lMPnE$_$11,-0.6000000238418579,1.1884883642196655,0.28121933341026306,0.3030427098274231,0.41573798656463623,0.48005589842796326,0.8903192281723022,0.6296210885047913,1.0800559520721436,1.4903192520141602,1.229621171951294,0.537015974521637,0.1367950290441513,0.3261890113353729,vision,text,0,0.5909090638160706,0.5714285969734192,0.5263158082962036
670,zhpQhgha_KU$_$11,-2.4000000953674316,1.057865023612976,0.31182193756103516,0.24153657257556915,0.4466415047645569,0.4116694927215576,0.91444331407547,0.583901047706604,2.8116695880889893,3.314443349838257,2.983901023864746,0.5713157057762146,0.1069144681096077,0.3217698633670807,vision,text,0,0.5833333134651184,0.4166666567325592,0.5535714030265808
264,iiK8YX8oH1E$_$16,0.0,0.20371383428573608,0.3319287896156311,0.2110871821641922,0.4569839835166931,-0.32769331336021423,-0.1431730091571808,-0.3077019155025482,0.32769331336021423,0.1431730091571808,0.3077019155025482,0.2551872730255127,0.4720408022403717,0.27277183532714844,vision,audio,0,0.625,0.3571428656578064,0.5625
117,d3_k5Xpfmik$_$7,0.4000000059604645,0.3765835464000702,0.2642159163951874,0.25637635588645935,0.47940775752067566,-0.20381022989749908,0.04821155592799187,-0.12438550591468811,0.6038102507591248,0.3517884612083435,0.5243855118751526,0.21646712720394135,0.501453697681427,0.28207919001579285,vision,audio,0,0.4375,0.42168673872947693,0.523809552192688
374,nzpVDcQ0ywM$_$20,0.20000000298023224,0.3918846845626831,0.3164069354534149,0.30040356516838074,0.38318943977355957,-0.193791002035141,0.10353255271911621,-0.06380458176136017,0.3937910199165344,0.09646745026111603,0.2638045847415924,0.19096872210502625,0.5144962072372437,0.2945350110530853,vision,audio,0,0.6000000238418579,0.5454545617103577,0.4615384638309479
288,jUzDDGyPkXU$_$7,-0.6000000238418579,0.07214009016752243,0.30009666085243225,0.28316789865493774,0.41673538088798523,-0.5590525269508362,-0.38006502389907837,-0.5271883606910706,0.04094749689102173,0.21993499994277954,0.07281166315078735,0.4081800580024719,0.22477127611637115,0.3670486509799957,vision,text,0,0.5263158082962036,0.5283018946647644,0.53125
178,dq3Nf_lMPnE$_$8,0.6000000238418579,1.5183559656143188,0.3496309518814087,0.2919398546218872,0.3584291934967041,0.8173944354057312,1.228637456893921,1.000319480895996,0.2173944115638733,0.628637433052063,0.4003194570541382,0.5563629269599915,0.14126121997833252,0.30237579345703125,vision,text,0,0.699999988079071,0.5227272510528564,0.4423076808452606
680,zhpQhgha_KU$_$31,-1.0,0.07120554894208908,0.31750816106796265,0.2793821692466736,0.40310969948768616,-0.4840163290500641,-0.30503198504447937,-0.4684014320373535,0.5159837007522583,0.6949679851531982,0.5315985679626465,0.4000072479248047,0.22027316689491272,0.3797195851802826,vision,text,0,0.5,0.4375,0.43103447556495667
28,c7UH_rxdZv4$_$18,-2.25,0.23178857564926147,0.45557039976119995,0.22519764304161072,0.31923192739486694,-0.3515543043613434,-0.11686470359563828,-0.2973366975784302,1.898445725440979,2.1331353187561035,1.9526633024215698,0.4362967014312744,0.199541836977005,0.3641614615917206,text,text,1,0.8666666746139526,0.517241358757019,0.49275362491607666
499,tStelxIAHjw$_$4,-2.799999952316284,-0.004666311666369438,0.38225024938583374,0.2612381875514984,0.35651153326034546,-0.5196149945259094,-0.41387975215911865,-0.5681965947151184,2.2803850173950195,2.386120319366455,2.2318034172058105,0.347372829914093,0.2441903054714203,0.4084368944168091,text,vision,0,0.7037037014961243,0.5061728358268738,0.4639175236225128
104,d3_k5Xpfmik$_$13,2.200000047683716,0.8368903398513794,0.37861359119415283,0.32537737488746643,0.29600903391838074,0.2124323546886444,0.6222450733184814,0.3439464867115021,1.987567663192749,1.5777549743652344,1.8560535907745361,0.15455949306488037,0.6058432459831238,0.23959726095199585,text,audio,0,0.6666666865348816,0.523809552192688,0.2800000011920929
380,nzpVDcQ0ywM$_$2,-1.600000023841858,0.9261469841003418,0.37643781304359436,0.22347435355186462,0.40008780360221863,0.17292582988739014,0.6773655414581299,0.32063162326812744,1.772925853729248,2.2773656845092773,1.9206316471099854,0.5563938617706299,0.10354546457529068,0.34006062150001526,vision,text,0,0.699999988079071,0.47058823704719543,0.5609756112098694
627,yDtzw_Y-7RU$_$18,-2.0,0.5014588832855225,0.3250044286251068,0.2515999972820282,0.423395574092865,-0.0855511873960495,0.27828386425971985,0.051773689687252045,1.914448857307434,2.2782838344573975,2.0517737865448,0.5181148052215576,0.15407100319862366,0.3278142213821411,vision,text,0,0.5,0.3877550959587097,0.4482758641242981
297,jUzDDGyPkXU$_$14,0.800000011920929,1.2953288555145264,0.32469475269317627,0.2911611795425415,0.38414403796195984,0.6450541615486145,1.0468370914459229,0.7845141887664795,0.15494585037231445,0.2468370795249939,0.015485823154449463,0.30048391222953796,0.22120510041713715,0.4783109724521637,vision,vision,1,0.4615384638309479,0.3214285671710968,0.2857142984867096
364,nbWiPyCm4g0$_$1,1.2000000476837158,0.14662006497383118,0.2395954728126526,0.3363730311393738,0.4240315556526184,-0.5936606526374817,-0.3813530504703522,-0.4785597324371338,1.7936606407165527,1.5813530683517456,1.6785597801208496,0.222372367978096,0.4512605667114258,0.326367050409317,vision,audio,0,0.4000000059604645,0.6875,0.5897436141967773
676,zhpQhgha_KU$_$17,1.75,0.6821420788764954,0.30220910906791687,0.28637751936912537,0.411413311958313,-0.03707676753401756,0.4662766754627228,0.14069756865501404,1.787076711654663,1.2837233543395996,1.6093024015426636,0.1225091964006424,0.6559146046638489,0.2215762883424759,vision,audio,0,0.5384615659713745,0.5277777910232544,0.5142857432365417
511,tmZoasNr4rU$_$16,-1.399999976158142,-0.055315714329481125,0.41156452894210815,0.2521372139453888,0.33629828691482544,-0.7872521281242371,-0.6965060234069824,-0.6970849633216858,0.612747848033905,0.7034939527511597,0.7029150128364563,0.4033260941505432,0.29804906249046326,0.29862481355667114,text,text,1,0.6000000238418579,0.5,0.42105263471603394
99,cXypl4FnoZo$_$16,-0.6000000238418579,0.12975981831550598,0.2621637284755707,0.34263545274734497,0.39520084857940674,-0.4006352424621582,-0.23391371965408325,-0.4134526550769806,0.1993647813796997,0.36608630418777466,0.18654736876487732,0.3820732533931732,0.21917575597763062,0.3987509608268738,vision,vision,1,0.4482758641242981,0.5833333134651184,0.4482758641242981
304,k5Y_838nuGo$_$26,2.0,1.5792958736419678,0.22013509273529053,0.22949376702308655,0.5503711700439453,0.7552801370620728,1.2489351034164429,1.004220962524414,1.2447198629379272,0.7510648965835571,0.9957790374755859,0.1179724931716919,0.6115322709083557,0.27049514651298523,vision,audio,0,0.5,0.44999998807907104,0.7083333134651184
184,etzxEpPuc6I$_$14,-1.2000000476837158,0.5499093532562256,0.26202473044395447,0.25693830847740173,0.4810369908809662,0.048307787626981735,0.39006713032722473,0.17925089597702026,1.2483078241348267,1.5900671482086182,1.3792510032653809,0.5085474848747253,0.16277365386486053,0.3286789059638977,vision,text,0,0.5199999809265137,0.46666666865348816,0.6000000238418579
431,phBUpBr1hSo$_$15,-2.200000047683716,0.5293826460838318,0.2934504449367523,0.29232144355773926,0.4142282009124756,-0.14878571033477783,0.2813014090061188,0.10795304924249649,2.0512142181396484,2.4813015460968018,2.307953119277954,0.6011826992034912,0.14334791898727417,0.2554693818092346,vision,text,0,0.5400000214576721,0.4968944191932678,0.4845360815525055
93,cXypl4FnoZo$_$10,2.0,0.7310144305229187,0.3131548762321472,0.2894345223903656,0.39741063117980957,0.09209498763084412,0.5457338094711304,0.254412978887558,1.9079049825668335,1.4542661905288696,1.7455869913101196,0.1378510445356369,0.6253447532653809,0.23680420219898224,vision,audio,0,0.5833333134651184,0.5151515007019043,0.4871794879436493
436,phBUpBr1hSo$_$18,0.800000011920929,0.7859283685684204,0.34040337800979614,0.22585608065128326,0.4337405562400818,0.1345965564250946,0.5935308337211609,0.2682413160800934,0.6654034852981567,0.20646917819976807,0.5317586660385132,0.13930661976337433,0.6432017683982849,0.21749162673950195,vision,audio,0,0.75,0.5,0.6470588445663452
557,vyB00TXsimI$_$2,-2.4000000953674316,0.0337432324886322,0.20743663609027863,0.29190292954444885,0.5006604194641113,-0.5933297276496887,-0.47005409002304077,-0.5934735536575317,1.8066704273223877,1.929945945739746,1.8065265417099,0.3754429221153259,0.2489340752363205,0.37562304735183716,vision,vision,1,0.29629629850387573,0.4888888895511627,0.5648148059844971
516,tmZoasNr4rU$_$3,-2.0,-0.025508640334010124,0.34829220175743103,0.21026960015296936,0.4414382576942444,-0.6135427951812744,-0.5933850407600403,-0.6302756071090698,1.3864572048187256,1.4066150188446045,1.3697243928909302,0.33418259024620056,0.3124657869338989,0.3533516228199005,vision,vision,1,0.5,0.3076923191547394,0.4375
586,wMbj6ajWbic$_$2,-0.800000011920929,0.78780198097229,0.26666998863220215,0.24989226460456848,0.48343774676322937,0.16800692677497864,0.5935090780258179,0.31412026286125183,0.96800696849823,1.3935091495513916,1.1141202449798584,0.5386319160461426,0.1304110884666443,0.33095696568489075,vision,text,0,0.4285714328289032,0.3734939694404602,0.5199999809265137
8,c7UH_rxdZv4$_$28,-0.800000011920929,-0.01341971755027771,0.33752238750457764,0.2785901427268982,0.38388749957084656,-0.6089509129524231,-0.49248504638671875,-0.6026314496994019,0.19104909896850586,0.3075149655342102,0.1973685622215271,0.3763049840927124,0.25523391366004944,0.36846110224723816,vision,text,0,0.5454545617103577,0.5192307829856873,0.4516128897666931
165,dq3Nf_lMPnE$_$10,1.0,0.39206042885780334,0.33601152896881104,0.2782096564769745,0.3857787549495697,-0.09136548638343811,0.16525417566299438,0.005973227322101593,1.0913654565811157,0.8347458243370056,0.994026780128479,0.21116653084754944,0.49672961235046387,0.2921038269996643,vision,audio,0,0.6000000238418579,0.46875,0.44736841320991516
564,vyB00TXsimI$_$11,-0.20000000298023224,0.35001233220100403,0.2651890218257904,0.273966908454895,0.4608440697193146,-0.3581019341945648,-0.069550059735775,-0.24548855423927307,0.15810193121433258,0.13044995069503784,0.04548855125904083,0.2815239429473877,0.3087064027786255,0.4097696840763092,vision,vision,1,0.3333333432674408,0.4054054021835327,0.46666666865348816
584,wMbj6ajWbic$_$1,0.5,0.6664739847183228,0.23528875410556793,0.3581250011920929,0.406586229801178,0.0933375209569931,0.47775208950042725,0.2354881465435028,0.4066624641418457,0.022247910499572754,0.2645118534564972,0.16108882427215576,0.5801795721054077,0.2587316036224365,vision,audio,0,0.5,0.6499999761581421,0.5416666865348816
326,k5Y_838nuGo$_$14,-1.7999999523162842,-0.15244266390800476,0.2289140522480011,0.34617841243743896,0.42490753531455994,-0.7096320390701294,-0.690841794013977,-0.7695948481559753,1.0903679132461548,1.1091581583023071,1.030405044555664,0.31640172004699707,0.2971920967102051,0.38640618324279785,vision,vision,1,0.3684210479259491,0.6122449040412903,0.5
390,nzpVDcQ0ywM$_$12,-1.399999976158142,0.16453295946121216,0.3154166340827942,0.3353620767593384,0.3492213487625122,-0.5373032093048096,-0.29477688670158386,-0.41257286071777344,0.8626967668533325,1.1052230596542358,0.9874271154403687,0.47497034072875977,0.2116282880306244,0.31340140104293823,vision,text,0,0.46666666865348816,0.6153846383094788,0.42553192377090454
298,jUzDDGyPkXU$_$17,-2.799999952316284,0.10170335322618484,0.2582903504371643,0.31292209029197693,0.42878755927085876,-0.39958834648132324,-0.22704535722732544,-0.4073329269886017,2.400411605834961,2.5729546546936035,2.392667055130005,0.38628309965133667,0.217332124710083,0.3963848054409027,vision,vision,1,0.4285714328289032,0.4761904776096344,0.4615384638309479
225,f9O3YtZ2VfI$_$19,-0.6000000238418579,0.0341324582695961,0.36939361691474915,0.23782745003700256,0.3927789032459259,-0.6122000217437744,-0.4696776866912842,-0.5760822892189026,0.012199997901916504,0.13032233715057373,0.023917734622955322,0.3793306350708008,0.25586941838264465,0.3647999167442322,vision,text,0,0.625,0.4545454680919647,0.5
468,rnaNMUZpvvg$_$19,-1.399999976158142,0.32306143641471863,0.3198978900909424,0.25134387612342834,0.42875826358795166,-0.17740431427955627,0.04585932567715645,-0.09597588330507278,1.2225956916809082,1.4458593130111694,1.30402410030365,0.4469476342201233,0.21234863996505737,0.3407037854194641,vision,text,0,0.5652173757553101,0.4150943458080292,0.484375
350,lXPQBPVc5Cw$_$9,-2.5999999046325684,0.1560785472393036,0.37118804454803467,0.2277141958475113,0.40109771490097046,-0.3957941234111786,-0.1729395091533661,-0.365847647190094,2.2042057514190674,2.42706036567688,2.234152317047119,0.420034795999527,0.1998344212770462,0.380130797624588,vision,text,0,0.6875,0.46341463923454285,0.5510203838348389
211,f9O3YtZ2VfI$_$5,-1.7999999523162842,0.11137174814939499,0.35405847430229187,0.2762692868709564,0.36967217922210693,-0.5414057374000549,-0.3554607629776001,-0.4976910948753357,1.258594274520874,1.444539189338684,1.3023087978363037,0.4162422716617584,0.22395634651184082,0.35980141162872314,vision,text,0,0.5714285969734192,0.517241358757019,0.43809524178504944
649,yvsjCA6Y5Fc$_$19,-1.600000023841858,0.17789563536643982,0.25075072050094604,0.26764553785324097,0.4816037118434906,-0.47527560591697693,-0.25821423530578613,-0.44143450260162354,1.1247243881225586,1.3417857885360718,1.1585655212402344,0.4204578995704651,0.20393604040145874,0.3756060302257538,vision,text,0,0.3636363744735718,0.46226415038108826,0.5370370149612427
17,c7UH_rxdZv4$_$9,-0.4000000059604645,0.05104296654462814,0.2635788321495056,0.2950291931629181,0.44139203429222107,-0.6228548884391785,-0.4727383255958557,-0.575186014175415,0.222854882478714,0.07273831963539124,0.17518600821495056,0.2616719901561737,0.43159180879592896,0.30673620104789734,vision,audio,0,0.37037035822868347,0.53125,0.5
527,v0zCBqDeKcE$_$12,-0.4000000059604645,0.03864716738462448,0.3355279266834259,0.2315957248210907,0.432876318693161,-0.6336237788200378,-0.4960852861404419,-0.5699554085731506,0.23362377285957336,0.09608528017997742,0.16995540261268616,0.2619125247001648,0.41425102949142456,0.32383644580841064,vision,audio,0,0.5333333611488342,0.4307692348957062,0.5256410241127014
291,jUzDDGyPkXU$_$8,1.7999999523162842,0.9662474393844604,0.3207443654537201,0.34904491901397705,0.33021071553230286,0.353841632604599,0.7639926671981812,0.5060907006263733,1.4461582899093628,1.036007285118103,1.2939093112945557,0.1518520563840866,0.5959023237228394,0.25224563479423523,audio,audio,1,0.6363636255264282,0.625,0.4137931168079376
345,lXPQBPVc5Cw$_$2,-2.200000047683716,0.027395043522119522,0.2757580578327179,0.33564576506614685,0.38859617710113525,-0.5244808197021484,-0.4057430028915405,-0.5561880469322205,1.6755192279815674,1.7942570447921753,1.6438119411468506,0.35911479592323303,0.24173685908317566,0.3991483449935913,vision,vision,1,0.5384615659713745,0.625,0.5
281,jUzDDGyPkXU$_$22,-2.4000000953674316,0.21294578909873962,0.3254493474960327,0.25047072768211365,0.42407992482185364,-0.32305070757865906,-0.10702528804540634,-0.26979896426200867,2.07694935798645,2.2929747104644775,2.1302011013031006,0.43028008937835693,0.20942217111587524,0.3602977693080902,vision,text,0,0.6111111044883728,0.46000000834465027,0.5254237055778503
253,fvVhgmXxadc$_$7,-1.0,0.31276053190231323,0.23922297358512878,0.2270066738128662,0.5337703227996826,-0.4122271239757538,-0.08605127781629562,-0.2760341763496399,0.5877728462219238,0.9139487147331238,0.7239658236503601,0.507037878036499,0.1709434539079666,0.3220185935497284,vision,text,0,0.38461539149284363,0.4285714328289032,0.6578947305679321
292,jUzDDGyPkXU$_$11,2.4000000953674316,0.49745017290115356,0.2388743907213211,0.3234504163265228,0.4376751482486725,-0.032461658120155334,0.23594120144844055,0.08219417184591293,2.432461738586426,2.1640589237213135,2.3178060054779053,0.20358188450336456,0.4980719983577728,0.2983461320400238,vision,audio,0,0.43478259444236755,0.5625,0.5128205418586731
399,ob23OKe5a9Q$_$13,1.25,0.25839146971702576,0.28049737215042114,0.2740609645843506,0.44544169306755066,-0.3424776494503021,-0.08423089236021042,-0.24510255455970764,1.5924776792526245,1.334230899810791,1.4951025247573853,0.210590198636055,0.49806782603263855,0.2913419306278229,vision,audio,0,0.47058823704719543,0.4615384638309479,0.5161290168762207
72,cW1FSBF59ik$_$18,2.5999999046325684,0.30784934759140015,0.21283388137817383,0.28936767578125,0.4977984130382538,-0.2816997468471527,-0.007095463573932648,-0.1662694215774536,2.881699562072754,2.60709547996521,2.7662692070007324,0.2013321816921234,0.5028557181358337,0.2958121597766876,vision,audio,0,0.40909090638160706,0.5492957830429077,0.6279069781303406
113,d3_k5Xpfmik$_$3,2.0,0.5144920945167542,0.3276863396167755,0.3260621130466461,0.346251517534256,-0.01628156006336212,0.2697179615497589,0.10246735066175461,2.0162816047668457,1.7302820682525635,1.8975327014923096,0.19685214757919312,0.510701060295105,0.2924467921257019,vision,audio,0,0.5384615659713745,0.4912280738353729,0.3382352888584137
126,d6hH302o4v8$_$27,-2.5999999046325684,0.13085469603538513,0.32328036427497864,0.4012293815612793,0.27549025416374207,-0.32774636149406433,-0.17653876543045044,-0.3201671242713928,2.2722535133361816,2.4234611988067627,2.2798328399658203,0.38772520422935486,0.23422256112098694,0.378052294254303,audio,text,0,0.4000000059604645,0.4444444477558136,0.09090909361839294
230,f_pcplsH_V0$_$13,1.600000023841858,0.4614037871360779,0.27352049946784973,0.31133437156677246,0.4151450991630554,-0.10639774054288864,0.22719734907150269,0.018091239035129547,1.7063977718353271,1.372802734375,1.5819088220596313,0.1800277680158615,0.5473535060882568,0.27261877059936523,vision,audio,0,0.4545454680919647,0.5,0.4545454680919647
666,zhpQhgha_KU$_$7,1.0,0.19570592045783997,0.41389986872673035,0.25152748823165894,0.3345726430416107,-0.3654429018497467,-0.13635343313217163,-0.293820321559906,1.3654428720474243,1.1363534927368164,1.2938203811645508,0.2264644354581833,0.486005038022995,0.2875305712223053,text,audio,0,0.7142857313156128,0.5384615659713745,0.4375
189,etzxEpPuc6I$_$1,0.4000000059604645,0.31669503450393677,0.35155367851257324,0.30829715728759766,0.3401491641998291,-0.14049626886844635,0.10236680507659912,-0.0466872975230217,0.540496289730072,0.29763320088386536,0.4466873109340668,0.2167322039604187,0.48697173595428467,0.29629603028297424,text,audio,0,0.6666666865348816,0.5753424763679504,0.4367816150188446
384,nzpVDcQ0ywM$_$6,-1.399999976158142,0.04394882172346115,0.3220221996307373,0.24438560009002686,0.43359217047691345,-0.5349366664886475,-0.4048944115638733,-0.554055392742157,0.8650633096694946,0.9951055645942688,0.8459445834159851,0.36845216155052185,0.2388502061367035,0.39269760251045227,vision,vision,1,0.5454545617103577,0.40425533056259155,0.5
609,yDtzw_Y-7RU$_$1,0.800000011920929,0.48084592819213867,0.2803839445114136,0.32817763090133667,0.39143845438957214,-0.22269198298454285,0.14445093274116516,-0.08453406393527985,1.0226919651031494,0.6555490493774414,0.8845340609550476,0.1670837253332138,0.5681040287017822,0.26481229066848755,vision,audio,0,0.4117647111415863,0.5555555820465088,0.446153849363327
651,zhpQhgha_KU$_$24,0.0,0.12399803847074509,0.3552152216434479,0.3171961009502411,0.32758864760398865,-0.4426587224006653,-0.2086232304573059,-0.37671512365341187,0.4426587224006653,0.2086232304573059,0.37671512365341187,0.22585737705230713,0.49275994300842285,0.2813827395439148,text,audio,0,0.625,0.5909090638160706,0.40740740299224854
616,yDtzw_Y-7RU$_$9,-1.0,0.03692100942134857,0.29724493622779846,0.28243210911750793,0.4203229546546936,-0.6776215434074402,-0.5219435691833496,-0.601329505443573,0.3223784565925598,0.4780564308166504,0.398670494556427,0.4218318462371826,0.25105708837509155,0.3271110951900482,vision,text,0,0.40625,0.5,0.4830508530139923
221,f9O3YtZ2VfI$_$15,-1.2000000476837158,0.2535267472267151,0.4017724096775055,0.21347284317016602,0.3847547173500061,-0.27830052375793457,-0.053859882056713104,-0.21670210361480713,0.9216995239257812,1.146140217781067,0.9832979440689087,0.4371339678764343,0.20687280595302582,0.35599324107170105,text,text,1,0.699999988079071,0.4285714328289032,0.47999998927116394
385,nzpVDcQ0ywM$_$9,-2.200000047683716,0.14342251420021057,0.31973540782928467,0.24878837168216705,0.4314762353897095,-0.49973151087760925,-0.28322580456733704,-0.44983556866645813,1.7002685070037842,1.9167742729187012,1.75016450881958,0.4286864101886749,0.20831257104873657,0.3630010187625885,vision,text,0,0.5600000023841858,0.4897959232330322,0.5641025900840759
279,jUzDDGyPkXU$_$20,-2.200000047683716,0.14656293392181396,0.38388901948928833,0.2112402766942978,0.40487074851989746,-0.3479754626750946,-0.16098198294639587,-0.3102363646030426,1.8520245552062988,2.039018154144287,1.8897637128829956,0.41357192397117615,0.22174306213855743,0.36468505859375,vision,text,0,0.699999988079071,0.37837839126586914,0.4888888895511627
21,c7UH_rxdZv4$_$13,-2.5999999046325684,0.30763933062553406,0.4058457612991333,0.2631456255912781,0.33100858330726624,-0.23713460564613342,-0.03152681142091751,-0.20037850737571716,2.3628652095794678,2.5684731006622314,2.3996214866638184,0.4186559319496155,0.21096442639827728,0.37037965655326843,text,text,1,0.8888888955116272,0.65625,0.5405405163764954
143,d6hH302o4v8$_$8,-2.200000047683716,0.03836842626333237,0.2671651840209961,0.2812795639038086,0.4515552222728729,-0.5542065501213074,-0.43626540899276733,-0.5738585591316223,1.6457934379577637,1.7637345790863037,1.6261415481567383,0.36461272835731506,0.2460903525352478,0.38929688930511475,vision,vision,1,0.6666666865348816,0.6666666865348816,0.7272727489471436
624,yDtzw_Y-7RU$_$17,0.20000000298023224,0.6711181998252869,0.33259472250938416,0.28311821818351746,0.38428711891174316,0.062072303146123886,0.512789249420166,0.22167617082595825,0.13792769610881805,0.31278926134109497,0.021676167845726013,0.32985955476760864,0.18415819108486176,0.4859822392463684,vision,vision,1,0.6086956262588501,0.5180723071098328,0.49000000953674316
558,vyB00TXsimI$_$5,1.7999999523162842,1.4861801862716675,0.44802534580230713,0.16967631876468658,0.38229838013648987,0.7460740208625793,1.3003829717636108,0.9677902460098267,1.0539259910583496,0.49961698055267334,0.8322097063064575,0.10594184696674347,0.6722208261489868,0.2218373715877533,text,audio,0,0.8571428656578064,0.30000001192092896,0.5454545617103577
606,yDtzw_Y-7RU$_$21,0.20000000298023224,0.6539885401725769,0.25022557377815247,0.28206557035446167,0.46770891547203064,0.018966887146234512,0.4508364498615265,0.17574471235275269,0.18103311955928802,0.25083643198013306,0.024255290627479553,0.28745517134666443,0.22778204083442688,0.4847627580165863,vision,vision,1,0.4000000059604645,0.4482758641242981,0.5142857432365417
128,d6hH302o4v8$_$21,-2.4000000953674316,0.30952468514442444,0.39043885469436646,0.22050654888153076,0.3890545964241028,-0.348906934261322,-0.050377897918224335,-0.284566193819046,2.051093101501465,2.3496222496032715,2.115433931350708,0.4594201445579529,0.16984190046787262,0.3707379996776581,text,text,1,0.6363636255264282,0.4482758641242981,0.5
16,c7UH_rxdZv4$_$6,-2.5999999046325684,0.40705326199531555,0.3116523027420044,0.2862698435783386,0.40207788348197937,-0.18866993486881256,0.11652066558599472,-0.0755549967288971,2.411329984664917,2.7165205478668213,2.524444818496704,0.4884120523929596,0.1765948086977005,0.3349931240081787,vision,text,0,0.5600000023841858,0.523809552192688,0.49000000953674316
650,yvsjCA6Y5Fc$_$18,-2.200000047683716,0.09810128062963486,0.3503721356391907,0.2689371109008789,0.3806907832622528,-0.40938112139701843,-0.26544058322906494,-0.41945400834083557,1.790618896484375,1.9345594644546509,1.7805460691452026,0.3769243657588959,0.23328079283237457,0.38979482650756836,vision,vision,1,0.5925925970077515,0.47297295928001404,0.42105263471603394
458,rnaNMUZpvvg$_$9,-1.399999976158142,0.2944687604904175,0.2894101142883301,0.32078635692596436,0.38980352878570557,-0.22510051727294922,0.021831102669239044,-0.15090642869472504,1.1748994588851929,1.4218311309814453,1.2490935325622559,0.45045819878578186,0.19778083264827728,0.35176095366477966,vision,text,0,0.550000011920929,0.5862069129943848,0.49275362491607666
39,cM3Yna7AavY$_$16,-2.799999952316284,0.6829835772514343,0.33411848545074463,0.2703576982021332,0.3955238461494446,-0.06202062964439392,0.4226817488670349,0.08168748766183853,2.7379794120788574,3.222681760787964,2.8816874027252197,0.550011932849884,0.10931842774152756,0.3406696617603302,vision,text,0,0.6000000238418579,0.5357142686843872,0.529411792755127
386,nzpVDcQ0ywM$_$8,2.0,0.5920450091362,0.30505749583244324,0.30357715487480164,0.39136531949043274,-0.0924878641963005,0.34960344433784485,0.04973209649324417,2.0924878120422363,1.6503965854644775,1.9502679109573364,0.1434391736984253,0.62612384557724,0.23043695092201233,vision,audio,0,0.5714285969734192,0.5799999833106995,0.5166666507720947
266,iiK8YX8oH1E$_$1,-2.5999999046325684,0.33785226941108704,0.35195717215538025,0.29930728673934937,0.3487355709075928,-0.16456836462020874,0.10696222633123398,-0.05411990359425545,2.435431480407715,2.7069621086120605,2.545880079269409,0.47698402404785156,0.1929403841495514,0.33007562160491943,text,text,1,0.5833333134651184,0.4871794879436493,0.3695652186870575
269,iiK8YX8oH1E$_$5,-0.4000000059604645,0.4408124089241028,0.3071343004703522,0.28254228830337524,0.4103233516216278,-0.08835951238870621,0.19455133378505707,0.013174913823604584,0.31164050102233887,0.5945513248443604,0.41317492723464966,0.4756650924682617,0.18524476885795593,0.33909013867378235,vision,text,0,0.5428571701049805,0.4876033067703247,0.4749999940395355
205,f9O3YtZ2VfI$_$23,1.600000023841858,0.1704460084438324,0.3165688216686249,0.23581525683403015,0.44761598110198975,-0.4001738429069519,-0.1904447078704834,-0.37858060002326965,2.000173807144165,1.7904447317123413,1.9785805940628052,0.2447042018175125,0.49232903122901917,0.2629667818546295,vision,audio,0,0.5833333134651184,0.4444444477558136,0.5625
241,f_pcplsH_V0$_$9,-2.4000000953674316,0.11394072324037552,0.43531644344329834,0.29774489998817444,0.26693862676620483,-0.49956658482551575,-0.241323322057724,-0.3995109796524048,1.9004335403442383,2.158676862716675,2.0004892349243164,0.46746066212654114,0.19765132665634155,0.3348880112171173,text,text,1,0.6666666865348816,0.47058823704719543,0.2380952388048172
129,d6hH302o4v8$_$22,-1.0,-0.0799308568239212,0.30990228056907654,0.27999165654182434,0.41010603308677673,-0.7859982848167419,-0.7096266746520996,-0.726908802986145,0.21400171518325806,0.2903733253479004,0.273091197013855,0.3851386308670044,0.29857802391052246,0.31628334522247314,vision,text,0,0.5555555820465088,0.6216216087341309,0.5925925970077515
621,yDtzw_Y-7RU$_$12,-0.6666666865348816,0.2570870816707611,0.3020041286945343,0.2252659946680069,0.4727298319339752,-0.32110342383384705,-0.0950731709599495,-0.2701985239982605,0.34556326270103455,0.5715935230255127,0.3964681625366211,0.432025283575058,0.20337466895580292,0.3646000623703003,vision,text,0,0.5333333611488342,0.3877550959587097,0.5593220591545105
418,pLTX3ipuDJI$_$1,-2.4000000953674316,1.072092056274414,0.2903749644756317,0.33006933331489563,0.37955567240715027,0.4350105822086334,0.8390684127807617,0.5751475691795349,2.8350107669830322,3.2390685081481934,2.9751477241516113,0.5299816131591797,0.1378246694803238,0.3321937322616577,vision,text,0,0.5882353186607361,0.5892857313156128,0.4776119291782379
97,cXypl4FnoZo$_$14,-0.6000000238418579,0.31252992153167725,0.2854318618774414,0.2892930507659912,0.4252750277519226,-0.20823940634727478,0.03964854031801224,-0.1301308572292328,0.39176061749458313,0.6396485567092896,0.4698691666126251,0.45280808210372925,0.19817988574504852,0.3490120470523834,vision,text,0,0.48275861144065857,0.47297295928001404,0.47191011905670166
305,k5Y_838nuGo$_$27,-0.800000011920929,-0.09968511015176773,0.310113787651062,0.2875502109527588,0.4023360013961792,-0.6673881411552429,-0.6249754428863525,-0.7156634330749512,0.13261187076568604,0.17502456903457642,0.08433657884597778,0.32864993810653687,0.28532177209854126,0.38602834939956665,vision,vision,1,0.4848484992980957,0.4838709533214569,0.4464285671710968
500,tStelxIAHjw$_$7,1.399999976158142,0.45014047622680664,0.2197025716304779,0.40272584557533264,0.37757155299186707,-0.12124645709991455,0.1560395061969757,0.0013041496276855469,1.5212464332580566,1.2439604997634888,1.3986958265304565,0.19901955127716064,0.5015430450439453,0.29943734407424927,audio,audio,1,0.5,0.7647058963775635,0.550000011920929
7,c7UH_rxdZv4$_$23,-0.6000000238418579,0.7552092671394348,0.17270033061504364,0.35500580072402954,0.47229382395744324,0.11604103446006775,0.5082643628120422,0.26059070229530334,0.716041088104248,1.108264446258545,0.8605906963348389,0.529613196849823,0.14327071607112885,0.32711607217788696,vision,text,0,0.25,0.5666666626930237,0.5277777910232544
546,vvZ4IcEtiZc$_$5,1.2000000476837158,1.0180165767669678,0.2762673497200012,0.30465424060821533,0.4190784692764282,0.3135738670825958,0.7714712619781494,0.4572311043739319,0.8864262104034424,0.4285287857055664,0.7427689433097839,0.1385912299156189,0.6376907825469971,0.22371800243854523,vision,audio,0,0.5384615659713745,0.5833333134651184,0.5581395626068115
612,yDtzw_Y-7RU$_$5,0.5,0.34448572993278503,0.2859676480293274,0.34058499336242676,0.37344732880592346,-0.24741065502166748,0.042665742337703705,-0.1484414041042328,0.7474106550216675,0.4573342502117157,0.6484414339065552,0.19917695224285126,0.523802638053894,0.2770203948020935,vision,audio,0,0.4736842215061188,0.5846154093742371,0.43589743971824646
580,wMbj6ajWbic$_$22,1.399999976158142,1.0124858617782593,0.22985929250717163,0.3014630377292633,0.4686776399612427,0.39773938059806824,0.8258278369903564,0.5248235464096069,1.0022605657577515,0.5741721391677856,0.8751764297485352,0.1493988335132599,0.6223986744880676,0.2282024621963501,vision,audio,0,0.4545454680919647,0.517241358757019,0.568965494632721
430,phBUpBr1hSo$_$12,1.7999999523162842,0.15680554509162903,0.2680109143257141,0.29863226413726807,0.43335679173469543,-0.4590764343738556,-0.20493459701538086,-0.40037310123443604,2.2590763568878174,2.004934549331665,2.2003731727600098,0.21982382237911224,0.5128409266471863,0.26733529567718506,vision,audio,0,0.47999998927116394,0.5133333206176758,0.49444442987442017
599,wMbj6ajWbic$_$17,2.0,0.8991759419441223,0.36740511655807495,0.2518731653690338,0.380721777677536,0.3799969255924225,0.8061950206756592,0.504962682723999,1.6200031042099,1.1938049793243408,1.495037317276001,0.1502273678779602,0.6219192743301392,0.2278534173965454,vision,audio,0,0.6818181872367859,0.43396225571632385,0.46875
537,v0zCBqDeKcE$_$6,0.800000011920929,0.8782014846801758,0.3614085018634796,0.27520954608917236,0.363381952047348,0.24873587489128113,0.7269226908683777,0.4184369146823883,0.5512641668319702,0.07307732105255127,0.38156309723854065,0.13014370203018188,0.6407217383384705,0.22913452982902527,vision,audio,0,0.6499999761581421,0.4736842215061188,0.43478259444236755
191,etzxEpPuc6I$_$2,1.2000000476837158,0.348204106092453,0.2457554042339325,0.3631276786327362,0.3911168873310089,-0.18190784752368927,0.0785260796546936,-0.08268709480762482,1.3819079399108887,1.121474027633667,1.2826871871948242,0.20945030450820923,0.4989965856075287,0.2915530800819397,vision,audio,0,0.42105263471603394,0.5869565010070801,0.4363636374473572
449,rnaNMUZpvvg$_$21,-2.5999999046325684,0.16926240921020508,0.28864309191703796,0.30144327878952026,0.4099136292934418,-0.31599608063697815,-0.10036737471818924,-0.27702760696411133,2.284003734588623,2.4996325969696045,2.322972297668457,0.4227360188961029,0.2060224562883377,0.3712415099143982,vision,text,0,0.5909090638160706,0.5833333134651184,0.5555555820465088
394,nzpVDcQ0ywM$_$16,1.399999976158142,1.359480857849121,0.38000211119651794,0.23308661580085754,0.3869112730026245,0.6589934825897217,1.171876311302185,0.8254734873771667,0.7410064935684204,0.22812366485595703,0.5745264887809753,0.12093906104564667,0.6684062480926514,0.21065467596054077,vision,audio,0,0.75,0.46341463923454285,0.5510203838348389
429,phBUpBr1hSo$_$13,0.800000011920929,1.334397792816162,0.3051871061325073,0.3755994439125061,0.31921347975730896,0.6338980197906494,1.0600695610046387,0.7829568386077881,0.16610199213027954,0.2600695490837097,0.01704317331314087,0.29632773995399475,0.21664083003997803,0.4870314598083496,audio,vision,0,0.5454545617103577,0.5789473652839661,0.3181818127632141
59,cW1FSBF59ik$_$7,0.5,0.19883975386619568,0.20483486354351044,0.2223580926656723,0.5728070139884949,-0.5344313979148865,-0.3531303107738495,-0.4784645140171051,1.0344314575195312,0.8531303405761719,0.9784644842147827,0.24782341718673706,0.45352640748023987,0.29865020513534546,vision,audio,0,0.4000000059604645,0.47058823704719543,0.75
9,c7UH_rxdZv4$_$29,0.6000000238418579,0.10561185330152512,0.2224656343460083,0.31875544786453247,0.45877885818481445,-0.48203393816947937,-0.3115541934967041,-0.4993413984775543,1.0820339918136597,0.911554217338562,1.0993413925170898,0.2696039378643036,0.47590580582618713,0.2544902563095093,vision,audio,0,0.3333333432674408,0.5531914830207825,0.5263158082962036
170,dq3Nf_lMPnE$_$1,0.0,0.8368721008300781,0.23995807766914368,0.2644067108631134,0.4956352114677429,0.24074772000312805,0.6319396495819092,0.3466060161590576,0.24074772000312805,0.6319396495819092,0.3466060161590576,0.5065532922744751,0.1375044882297516,0.3559423089027405,vision,text,0,0.47826087474823,0.48275861144065857,0.604651153087616
421,pLTX3ipuDJI$_$5,-2.0,0.0479959174990654,0.32309088110923767,0.2836501896381378,0.3932588994503021,-0.5372837781906128,-0.3643386662006378,-0.5226545929908752,1.4627162218093872,1.6356613636016846,1.4773454666137695,0.3977287709712982,0.22347208857536316,0.3787991404533386,vision,text,0,0.5666666626930237,0.5303030014038086,0.49367088079452515
652,zhpQhgha_KU$_$25,1.0,0.18372318148612976,0.3417391777038574,0.26906299591064453,0.38919776678085327,-0.4265004098415375,-0.18552720546722412,-0.34243565797805786,1.4265004396438599,1.1855272054672241,1.342435598373413,0.21948175132274628,0.490052729845047,0.29046550393104553,vision,audio,0,0.5625,0.47058823704719543,0.45945945382118225
340,lXPQBPVc5Cw$_$23,-2.4000000953674316,0.21985971927642822,0.36203131079673767,0.25649383664131165,0.38147488236427307,-0.442170113325119,-0.20889762043952942,-0.3872263431549072,1.9578299522399902,2.1911025047302246,2.0127737522125244,0.4362686574459076,0.20047375559806824,0.36325761675834656,vision,text,0,0.5333333611488342,0.47826087474823,0.4285714328289032
538,v0zCBqDeKcE$_$9,1.7999999523162842,0.33078449964523315,0.23633968830108643,0.33792153000831604,0.42573875188827515,-0.31462228298187256,-0.07779564708471298,-0.22926130890846252,2.114622116088867,1.8777955770492554,2.029261350631714,0.2206888347864151,0.4859837293624878,0.2933274507522583,vision,audio,0,0.4444444477558136,0.6190476417541504,0.5199999809265137
57,cW1FSBF59ik$_$5,2.0,0.7092105150222778,0.2944217622280121,0.394954115152359,0.3106241822242737,0.0025451891124248505,0.42672252655029297,0.09778489917516708,1.9974547624588013,1.573277473449707,1.9022151231765747,0.15418531000614166,0.6340192556381226,0.2117953598499298,audio,audio,1,0.6666666865348816,0.8181818127632141,0.4615384638309479
120,d3_k5Xpfmik$_$8,2.200000047683716,1.0648950338363647,0.2636651396751404,0.32905182242393494,0.4072830080986023,0.3625979423522949,0.7632700204849243,0.496846079826355,1.837402105331421,1.4367300271987915,1.7031539678573608,0.15707065165042877,0.5972102284431458,0.24571910500526428,vision,audio,0,0.5714285969734192,0.6111111044883728,0.523809552192688
480,tIrG4oNLFzE$_$3,2.5999999046325684,1.2800227403640747,0.27075687050819397,0.21039889752864838,0.5188443064689636,0.6552635431289673,1.095069408416748,0.8242623805999756,1.944736361503601,1.5049304962158203,1.7757375240325928,0.14107419550418854,0.611127495765686,0.24779833853244781,vision,audio,0,0.5714285969734192,0.3589743673801422,0.6382978558540344
45,cM3Yna7AavY$_$7,3.0,1.0868611335754395,0.34063488245010376,0.26394203305244446,0.39542311429977417,0.2975476384162903,0.80548495054245,0.43148207664489746,2.7024524211883545,2.1945149898529053,2.5685179233551025,0.12501265108585358,0.6796236038208008,0.19536373019218445,vision,audio,0,0.5555555820465088,0.47297295928001404,0.4749999940395355
411,pLTX3ipuDJI$_$11,0.6000000238418579,-0.0041326601058244705,0.30192020535469055,0.3102344870567322,0.3878452181816101,-0.551381528377533,-0.43416327238082886,-0.590719997882843,1.151381492614746,1.034163236618042,1.1907200813293457,0.29804834723472595,0.44053202867507935,0.2614196240901947,vision,audio,0,0.4117647111415863,0.42553192377090454,0.35087719559669495
202,f9O3YtZ2VfI$_$20,-0.4000000059604645,0.13632112741470337,0.24951273202896118,0.27990078926086426,0.47058647871017456,-0.4396001994609833,-0.26894086599349976,-0.46853625774383545,0.0396001935005188,0.13105913996696472,0.06853625178337097,0.3780323565006256,0.27869462966918945,0.3432730734348297,vision,text,0,0.3333333432674408,0.42424243688583374,0.4615384638309479
234,f_pcplsH_V0$_$1,0.25,0.9960094690322876,0.3315233290195465,0.24749568104743958,0.42098096013069153,0.3615315854549408,0.8221620321273804,0.5110970139503479,0.1115315854549408,0.5721620321273804,0.2610970139503479,0.5486149787902832,0.11815083771944046,0.33323416113853455,vision,text,0,0.625,0.4375,0.5263158082962036
125,d6hH302o4v8$_$26,-2.5999999046325684,0.4761701822280884,0.44110408425331116,0.21905073523521423,0.3398451507091522,-0.0911395400762558,0.2728844881057739,0.0419316366314888,2.5088603496551514,2.8728842735290527,2.6419315338134766,0.5157505869865417,0.1532713770866394,0.3309780955314636,text,text,1,0.875,0.5,0.5333333611488342
479,tIrG4oNLFzE$_$1,2.799999952316284,0.7926774621009827,0.42075467109680176,0.2220306247472763,0.35721468925476074,0.04965870454907417,0.5554792284965515,0.20667988061904907,2.7503411769866943,2.244520664215088,2.59332013130188,0.12367084622383118,0.667602002620697,0.20872712135314941,text,audio,0,0.75,0.47560974955558777,0.5204081535339355
613,yDtzw_Y-7RU$_$4,-1.0,0.5422247648239136,0.2599467635154724,0.3136616349220276,0.4263915717601776,-0.04552739858627319,0.3235172629356384,0.09491080790758133,0.9544726014137268,1.3235173225402832,1.0949108600616455,0.5212615132331848,0.1523382067680359,0.3264002501964569,vision,text,0,0.4444444477558136,0.515625,0.4868420958518982
544,vvZ4IcEtiZc$_$3,1.399999976158142,0.3171302378177643,0.34777384996414185,0.2441685050725937,0.40805765986442566,-0.32419317960739136,-0.019767962396144867,-0.2116391658782959,1.7241930961608887,1.41976797580719,1.611639142036438,0.19179397821426392,0.5290971994400024,0.27910879254341125,vision,audio,0,0.5416666865348816,0.41860464215278625,0.4757281541824341
565,vyB00TXsimI$_$10,1.3333333730697632,0.20829129219055176,0.2565458416938782,0.3837621510028839,0.3596919775009155,-0.3615667521953583,-0.13937309384346008,-0.31478992104530334,1.6949001550674438,1.4727064371109009,1.6481232643127441,0.23441028594970703,0.49162599444389343,0.2739637494087219,audio,audio,1,0.4545454680919647,0.6451612710952759,0.4054054021835327
145,d6hH302o4v8$_$38,-3.0,0.4835004210472107,0.4993663728237152,0.2007487714290619,0.2998849153518677,-0.13085687160491943,0.23430365324020386,-0.016280852258205414,2.869143009185791,3.2343037128448486,2.9837191104888916,0.5054062008857727,0.14962922036647797,0.3449645936489105,text,text,1,0.8571428656578064,0.4166666567325592,0.4137931168079376
333,lXPQBPVc5Cw$_$24,-1.399999976158142,-0.08815555274486542,0.30598923563957214,0.2950672507286072,0.39894354343414307,-0.6526558995246887,-0.5918954610824585,-0.6768193244934082,0.7473440766334534,0.8081045150756836,0.7231806516647339,0.34476396441459656,0.2815542221069336,0.37368181347846985,vision,vision,1,0.5714285969734192,0.5714285969734192,0.5199999809265137
382,nzpVDcQ0ywM$_$4,-1.600000023841858,0.2581010162830353,0.29080283641815186,0.2807806134223938,0.42841652035713196,-0.4143098294734955,-0.1239982321858406,-0.29923930764198303,1.18569016456604,1.4760017395019531,1.3007607460021973,0.48511213064193726,0.18432021141052246,0.33056768774986267,vision,text,0,0.46666666865348816,0.5,0.5116279125213623
513,tmZoasNr4rU$_$18,0.0,-0.10868857055902481,0.3402215838432312,0.24856652319431305,0.41121187806129456,-0.6536725163459778,-0.6082873940467834,-0.7353028655052185,0.6536725163459778,0.6082873940467834,0.7353028655052185,0.34186819195747375,0.3977043926715851,0.2604273855686188,vision,audio,0,0.7777777910232544,0.6153846383094788,0.6666666865348816
433,phBUpBr1hSo$_$17,2.0,0.4952129125595093,0.31916990876197815,0.30587515234947205,0.3749549090862274,-0.051897138357162476,0.2936538755893707,0.08884943276643753,2.0518970489501953,1.7063461542129517,1.911150574684143,0.17353162169456482,0.549053430557251,0.277415007352829,vision,audio,0,0.6000000238418579,0.5588235259056091,0.48148149251937866
534,v0zCBqDeKcE$_$5,2.0,1.0507044792175293,0.315839022397995,0.2623847723007202,0.4217762351036072,0.32229235768318176,0.7885519862174988,0.46789926290512085,1.6777076721191406,1.2114479541778564,1.5321006774902344,0.13594256341457367,0.643184244632721,0.22087322175502777,vision,audio,0,0.6666666865348816,0.5333333611488342,0.5833333134651184
0,c7UH_rxdZv4$_$24,-1.7999999523162842,0.2442188262939453,0.29349127411842346,0.3157855272293091,0.39072322845458984,-0.38963207602500916,-0.07903290539979935,-0.2753649950027466,1.4103678464889526,1.7209670543670654,1.5246349573135376,0.49059009552001953,0.17421288788318634,0.3351970314979553,vision,text,0,0.4285714328289032,0.4848484992980957,0.41025641560554504
453,rnaNMUZpvvg$_$2,2.25,1.1108300685882568,0.2733536958694458,0.3064163327217102,0.4202300012111664,0.32435178756713867,0.7883322834968567,0.482726514339447,1.9256482124328613,1.461667776107788,1.7672734260559082,0.135301873087883,0.6353079080581665,0.22939017415046692,vision,audio,0,0.4444444477558136,0.47058823704719543,0.4285714328289032
646,yvsjCA6Y5Fc$_$14,-1.0,0.37998396158218384,0.3539279103279114,0.29064756631851196,0.35542455315589905,-0.23274511098861694,0.05304253101348877,-0.1579943299293518,0.7672548890113831,1.0530425310134888,0.8420056700706482,0.4618564546108246,0.1781504899263382,0.3599930703639984,vision,text,0,0.6153846383094788,0.5675675868988037,0.4545454680919647
29,c7UH_rxdZv4$_$31,-1.399999976158142,0.7545504570007324,0.2998872399330139,0.2761431932449341,0.4239695966243744,0.16133497655391693,0.5601375102996826,0.2828947901725769,1.5613349676132202,1.9601374864578247,1.6828947067260742,0.5177335739135742,0.13701888918876648,0.3452475368976593,vision,text,0,0.5882353186607361,0.5280898809432983,0.5514018535614014
220,f9O3YtZ2VfI$_$12,-1.7999999523162842,0.059664055705070496,0.33282172679901123,0.2907748520374298,0.37640345096588135,-0.42375659942626953,-0.2893620729446411,-0.5069562792778015,1.3762433528900146,1.510637879371643,1.293043613433838,0.3380067050457001,0.21595798432826996,0.4460352957248688,vision,vision,1,0.6666666865348816,0.6190476417541504,0.5199999809265137
581,wMbj6ajWbic$_$23,1.7999999523162842,0.7266891002655029,0.19205543398857117,0.274247407913208,0.5336971282958984,0.14282171428203583,0.5337403416633606,0.2939581871032715,1.657178282737732,1.2662596702575684,1.5060417652130127,0.15784002840518951,0.5809380412101746,0.26122188568115234,vision,audio,0,0.4000000059604645,0.517241358757019,0.6764705777168274
413,pLTX3ipuDJI$_$13,-1.399999976158142,1.416560173034668,0.35424286127090454,0.28550782799720764,0.3602493107318878,0.7391842007637024,1.1790176630020142,0.9028576016426086,2.1391842365264893,2.5790176391601562,2.3028576374053955,0.5523861050605774,0.12750244140625,0.3201114535331726,vision,text,0,0.6875,0.5,0.44736841320991516
71,cW1FSBF59ik$_$19,0.20000000298023224,0.0318484902381897,0.26260530948638916,0.18253469467163086,0.55485999584198,-0.5811834931373596,-0.48930561542510986,-0.6069909334182739,0.7811834812164307,0.6893056035041809,0.806990921497345,0.30525898933410645,0.4146439731121063,0.28009697794914246,vision,audio,0,0.5,0.2916666567325592,0.6551724076271057
575,wMbj6ajWbic$_$25,2.0,0.779298722743988,0.27385151386260986,0.27510812878608704,0.4510403573513031,0.2267788052558899,0.6381711363792419,0.36573874950408936,1.7732212543487549,1.3618288040161133,1.6342612504959106,0.15314747393131256,0.6034780144691467,0.2433745265007019,vision,audio,0,0.5833333134651184,0.52173912525177,0.5925925970077515
371,nbWiPyCm4g0$_$9,-1.399999976158142,0.25051242113113403,0.29830288887023926,0.2655365467071533,0.43616050481796265,-0.5315947532653809,-0.3270083963871002,-0.4123082160949707,0.8684052228927612,1.0729916095733643,0.9876917600631714,0.45923295617103577,0.2322009801864624,0.30856606364250183,vision,text,0,0.5,0.5957446694374084,0.625
615,yDtzw_Y-7RU$_$6,-1.2000000476837158,0.17286863923072815,0.3506682217121124,0.24477143585681915,0.4045603275299072,-0.41668030619621277,-0.1557627022266388,-0.3532789647579193,0.7833197116851807,1.0442373752593994,0.8467210531234741,0.4487188160419464,0.1880430430173874,0.363238126039505,vision,text,0,0.6326530575752258,0.462184876203537,0.5244755148887634
207,f9O3YtZ2VfI$_$29,-2.0,0.4086001515388489,0.3714328408241272,0.23248015344142914,0.39608702063560486,-0.16175399720668793,0.1397533416748047,-0.0503283366560936,1.8382459878921509,2.1397533416748047,1.9496716260910034,0.4864308834075928,0.17805103957653046,0.3355180621147156,vision,text,0,0.625,0.3787878751754761,0.4430379867553711
640,yvsjCA6Y5Fc$_$8,0.4000000059604645,0.1623033583164215,0.32383430004119873,0.23469401895999908,0.44147175550460815,-0.39842095971107483,-0.19823652505874634,-0.38829219341278076,0.7984209656715393,0.5982365608215332,0.7882921695709229,0.2510499358177185,0.48927924036979675,0.25967079401016235,vision,audio,0,0.5652173757553101,0.41428571939468384,0.5301204919815063
383,nzpVDcQ0ywM$_$7,-1.0,0.19592741131782532,0.45179253816604614,0.15821978449821472,0.38998764753341675,-0.4655880331993103,-0.25543877482414246,-0.3876739740371704,0.5344119668006897,0.7445611953735352,0.6123260259628296,0.4409928023815155,0.21888160705566406,0.34012559056282043,text,text,1,0.875,0.3636363744735718,0.5925925970077515
171,dq3Nf_lMPnE$_$3,-1.2000000476837158,0.6500189900398254,0.32265403866767883,0.2308565378189087,0.4464893639087677,0.05311216041445732,0.46586307883262634,0.18984845280647278,1.2531121969223022,1.6658631563186646,1.3898484706878662,0.5300605893135071,0.13390827178955078,0.33603110909461975,vision,text,0,0.7142857313156128,0.47826087474823,0.6296296119689941
590,wMbj6ajWbic$_$6,1.7999999523162842,0.6652058362960815,0.3052718937397003,0.2713852822780609,0.42334285378456116,0.15578106045722961,0.5403010249137878,0.2856658399105072,1.644218921661377,1.2596988677978516,1.5143340826034546,0.16274245083332062,0.5863415002822876,0.2509160339832306,vision,audio,0,0.5357142686843872,0.4264705777168274,0.46666666865348816
571,vyB00TXsimI$_$16,0.4000000059604645,0.611086905002594,0.3925956189632416,0.25130200386047363,0.3561022877693176,-0.18050268292427063,0.2729688882827759,-0.05828356742858887,0.5805026888847351,0.1270311176776886,0.45828357338905334,0.14211103320121765,0.6443102359771729,0.2135787457227707,text,audio,0,0.6363636255264282,0.5106382966041565,0.47787609696388245
142,d6hH302o4v8$_$9,-2.4000000953674316,0.28027477860450745,0.4333876371383667,0.260021448135376,0.3065909445285797,-0.3238964378833771,-0.01556253433227539,-0.2118670642375946,2.076103687286377,2.3844375610351562,2.1881330013275146,0.48871827125549316,0.17486363649368286,0.33641815185546875,text,text,1,0.875,0.625,0.5263158082962036
457,rnaNMUZpvvg$_$6,-2.5999999046325684,-0.09844490885734558,0.23629900813102722,0.3526681065559387,0.41103291511535645,-0.597122311592102,-0.5752424001693726,-0.6907103061676025,2.002877712249756,2.0247573852539062,1.9092895984649658,0.3034197688102722,0.282078355550766,0.4145018458366394,vision,vision,1,0.4000000059604645,0.5833333134651184,0.4642857015132904
108,d3_k5Xpfmik$_$17,1.600000023841858,0.6516053676605225,0.31564727425575256,0.20777370035648346,0.47657904028892517,0.07132124900817871,0.48659849166870117,0.19715750217437744,1.5286787748336792,1.1134015321731567,1.4028425216674805,0.1535392552614212,0.6129074096679688,0.23355330526828766,vision,audio,0,0.5384615659713745,0.29729729890823364,0.5227272510528564
523,tmZoasNr4rU$_$8,-2.0,0.18822845816612244,0.544481098651886,0.17247365415096283,0.28304523229599,-0.5515192747116089,-0.3095465302467346,-0.42149919271469116,1.4484807252883911,1.6904535293579102,1.578500747680664,0.47739875316619873,0.21310314536094666,0.3094981014728546,text,text,1,1.0,0.512499988079071,0.5520833134651184
444,phBUpBr1hSo$_$6,1.600000023841858,0.4590836763381958,0.3121669888496399,0.2968393564224243,0.3909936249256134,-0.0807533785700798,0.23391088843345642,0.05589541047811508,1.6807533502578735,1.366089105606079,1.5441045761108398,0.1841142773628235,0.5255457758903503,0.29033997654914856,vision,audio,0,0.550000011920929,0.5106382966041565,0.45614033937454224
130,d6hH302o4v8$_$23,-2.5999999046325684,0.060429684817790985,0.4096625745296478,0.2442605048418045,0.34607696533203125,-0.5998788475990295,-0.4149577021598816,-0.5288332104682922,2.0001211166381836,2.185042142868042,2.071166753768921,0.42936575412750244,0.23180708289146423,0.3388271927833557,text,text,1,0.6666666865348816,0.5,0.44999998807907104
94,cXypl4FnoZo$_$13,-1.0,-0.0009713545441627502,0.3265758156776428,0.2781987488269806,0.3952254056930542,-0.5716741681098938,-0.4618840217590332,-0.6030310988426208,0.4283258318901062,0.5381159782409668,0.39696890115737915,0.35667070746421814,0.24736027419567108,0.39596906304359436,vision,vision,1,0.550000011920929,0.48571428656578064,0.46666666865348816
160,d6hH302o4v8$_$35,-1.600000023841858,0.07019737362861633,0.268009215593338,0.2784003019332886,0.4535905420780182,-0.6075018644332886,-0.4205080270767212,-0.536572277545929,0.9924981594085693,1.1794919967651367,1.0634276866912842,0.42999565601348877,0.230548694729805,0.33945566415786743,vision,text,0,0.5,0.5897436141967773,0.6170212626457214
337,lXPQBPVc5Cw$_$20,-1.7999999523162842,0.17614272236824036,0.2862372100353241,0.27443161606788635,0.4393312335014343,-0.48461610078811646,-0.24115118384361267,-0.4108280837535858,1.3153839111328125,1.5588487386703491,1.389171838760376,0.4492114782333374,0.19952601194381714,0.35126253962516785,vision,text,0,0.39393940567970276,0.4343434274196625,0.44594594836235046
317,k5Y_838nuGo$_$7,-2.4000000953674316,0.46949297189712524,0.32912224531173706,0.25085383653640747,0.42002397775650024,-0.16447873413562775,0.173051655292511,-0.05693535506725311,2.2355213165283203,2.573051691055298,2.343064785003662,0.4942277669906616,0.16043604910373688,0.3453361690044403,vision,text,0,0.5,0.3888888955116272,0.40909090638160706
343,lXPQBPVc5Cw$_$1,0.20000000298023224,1.3036346435546875,0.3900141417980194,0.2674548327922821,0.3425310254096985,0.6929763555526733,1.11742103099823,0.8441466093063354,0.4929763674736023,0.9174210429191589,0.6441466212272644,0.5413775444030762,0.1315387487411499,0.3270837068557739,text,text,1,0.7222222089767456,0.44897958636283875,0.4067796468734741
339,lXPQBPVc5Cw$_$22,2.5999999046325684,1.3669089078903198,0.321208119392395,0.22838228940963745,0.45040956139564514,0.5147559642791748,1.087332010269165,0.7257062792778015,2.0852439403533936,1.5126678943634033,1.874293565750122,0.10242026299238205,0.690676212310791,0.20690353214740753,vision,audio,0,0.6153846383094788,0.4736842215061188,0.6222222447395325
414,pLTX3ipuDJI$_$12,-2.0,0.41382724046707153,0.30102843046188354,0.28310856223106384,0.4158630073070526,-0.0977342277765274,0.15290847420692444,-0.0005623027682304382,1.9022657871246338,2.1529085636138916,1.999437689781189,0.46360987424850464,0.20105278491973877,0.335337370634079,vision,text,0,0.6388888955116272,0.5909090638160706,0.5862069129943848
361,lXPQBPVc5Cw$_$18,-1.399999976158142,0.04464637488126755,0.2595129907131195,0.2913467288017273,0.4491402506828308,-0.5759732723236084,-0.43445539474487305,-0.5670223832130432,0.8240267038345337,0.965544581413269,0.8329775929450989,0.38542646169662476,0.24047692120075226,0.3740966320037842,vision,text,0,0.3636363744735718,0.4399999976158142,0.46666666865348816
369,nbWiPyCm4g0$_$7,-1.2000000476837158,0.3546798825263977,0.4596298038959503,0.21272054314613342,0.32764965295791626,-0.37664034962654114,-0.11385544389486313,-0.27264127135276794,0.8233597278594971,1.0861445665359497,0.9273587465286255,0.4709184765815735,0.19612173736095428,0.33295977115631104,text,text,1,0.7272727489471436,0.46875,0.44736841320991516
48,cM3Yna7AavY$_$8,-0.6000000238418579,0.4782540202140808,0.383808434009552,0.20973724126815796,0.40645426511764526,-0.28105002641677856,0.06815630197525024,-0.16526170074939728,0.31894999742507935,0.6681563258171082,0.4347383379936218,0.5020017623901367,0.15673907101154327,0.3412591814994812,vision,text,0,0.800000011920929,0.5714285969734192,0.6800000071525574
162,d6hH302o4v8$_$33,-3.0,0.5659393668174744,0.47533443570137024,0.2216721475124359,0.30299341678619385,-0.17597605288028717,0.3334084153175354,-0.01725558191537857,2.824023962020874,3.3334083557128906,2.9827444553375244,0.5642663836479187,0.10329396277666092,0.33243969082832336,text,text,1,0.800000011920929,0.4285714328289032,0.375
488,tStelxIAHjw$_$11,-2.799999952316284,0.20283934473991394,0.36301642656326294,0.2592262923717499,0.37775734066963196,-0.2773030698299408,-0.04828289896249771,-0.25653964281082153,2.5226969718933105,2.7517170906066895,2.5434603691101074,0.41680407524108887,0.19426365196704865,0.3889322578907013,vision,text,0,0.6666666865348816,0.47058823704719543,0.44999998807907104
62,cW1FSBF59ik$_$8,1.7999999523162842,0.9084122180938721,0.3264906704425812,0.20058917999267578,0.47292017936706543,0.27444782853126526,0.7293675541877747,0.45054399967193604,1.5255521535873413,1.0706324577331543,1.3494559526443481,0.13597393035888672,0.6194685697555542,0.24455752968788147,vision,audio,0,0.7142857313156128,0.4000000059604645,0.6451612710952759
166,dq3Nf_lMPnE$_$13,-1.2000000476837158,0.9144654870033264,0.2430102825164795,0.3581772446632385,0.3988124430179596,0.321211576461792,0.672500491142273,0.4621683359146118,1.5212116241455078,1.8725005388259888,1.6621683835983276,0.5167529582977295,0.1602286845445633,0.3230183720588684,vision,text,0,0.4749999940395355,0.6129032373428345,0.48128342628479004
524,v0zCBqDeKcE$_$11,1.600000023841858,0.17016631364822388,0.2857378423213959,0.29867273569107056,0.4155893623828888,-0.3845243453979492,-0.17299789190292358,-0.3523731231689453,1.9845243692398071,1.7729978561401367,1.9523731470108032,0.24171234667301178,0.48923182487487793,0.2690558135509491,vision,audio,0,0.4375,0.4864864945411682,0.45348837971687317
285,jUzDDGyPkXU$_$2,2.5999999046325684,1.5989874601364136,0.4421318769454956,0.28180956840515137,0.276058554649353,0.925104558467865,1.3822637796401978,1.1457582712173462,1.6748952865600586,1.2177361249923706,1.4542416334152222,0.13026811182498932,0.5979208946228027,0.27181097865104675,text,audio,0,0.8888888955116272,0.5600000023841858,0.3870967626571655
507,tmZoasNr4rU$_$12,-2.200000047683716,0.397369921207428,0.2852109968662262,0.2576341927051544,0.4571548104286194,-0.2239527404308319,0.0570666566491127,-0.15537616610527039,1.9760472774505615,2.2570667266845703,2.044623851776123,0.4571297764778137,0.1791522353887558,0.3637179732322693,vision,text,0,0.6000000238418579,0.5517241358757019,0.6285714507102966
200,f9O3YtZ2VfI$_$26,1.399999976158142,0.8288654088973999,0.3713146448135376,0.2353885918855667,0.3932966887950897,0.19807592034339905,0.6541531085968018,0.3492751121520996,1.2019240856170654,0.7458468675613403,1.0507248640060425,0.13833695650100708,0.6326704621315002,0.22899262607097626,vision,audio,0,0.7142857313156128,0.4375,0.5
595,wMbj6ajWbic$_$13,2.0,0.4262544810771942,0.3055672347545624,0.30608847737312317,0.38834428787231445,-0.10811580717563629,0.1921604573726654,0.025593020021915436,2.1081159114837646,1.8078395128250122,1.9744069576263428,0.18930914998054504,0.5150699019432068,0.29562094807624817,vision,audio,0,0.5833333134651184,0.5614035129547119,0.5
137,d6hH302o4v8$_$2,-1.7999999523162842,0.5507960915565491,0.3360021114349365,0.25835278630256653,0.4056451618671417,-0.13594120740890503,0.31019583344459534,0.0033419206738471985,1.6640586853027344,2.1101958751678467,1.8033418655395508,0.5391966700553894,0.12187017500400543,0.33893319964408875,vision,text,0,0.5454545617103577,0.4545454680919647,0.4871794879436493
66,cW1FSBF59ik$_$12,2.200000047683716,0.05600160360336304,0.26729804277420044,0.23576369881629944,0.49693819880485535,-0.45391252636909485,-0.319760799407959,-0.502753734588623,2.6539125442504883,2.519760847091675,2.702753782272339,0.2929423749446869,0.4581277668476105,0.2489299178123474,vision,audio,0,0.47999998927116394,0.4027777910232544,0.5813953280448914
19,c7UH_rxdZv4$_$11,1.0,0.04855205863714218,0.3698372542858124,0.27250030636787415,0.35766246914863586,-0.5477046370506287,-0.3719898462295532,-0.5155046582221985,1.5477046966552734,1.3719898462295532,1.5155045986175537,0.25578176975250244,0.4594549536705017,0.28476330637931824,text,audio,0,0.5833333134651184,0.4749999940395355,0.40425533056259155
286,jUzDDGyPkXU$_$5,-1.2000000476837158,-0.05933736637234688,0.2823757231235504,0.2872265577316284,0.43039774894714355,-0.6091839671134949,-0.570888876914978,-0.6812859773635864,0.590816080570221,0.6291111707687378,0.5187140703201294,0.3172747492790222,0.27925288677215576,0.4034723937511444,vision,vision,1,0.5625,0.5813953280448914,0.5769230723381042
214,f9O3YtZ2VfI$_$6,-2.5999999046325684,0.012731827795505524,0.3527965247631073,0.20438827574253082,0.44281521439552307,-0.4924103021621704,-0.40157997608184814,-0.562563419342041,2.1075897216796875,2.1984200477600098,2.0374364852905273,0.33308711647987366,0.24607497453689575,0.420837938785553,vision,vision,1,0.699999988079071,0.42105263471603394,0.5909090638160706
61,cW1FSBF59ik$_$9,-2.4000000953674316,0.48827093839645386,0.2905042767524719,0.29140856862068176,0.4180871248245239,-0.04474359378218651,0.2856099307537079,0.12100014835596085,2.3552565574645996,2.685610055923462,2.5210001468658447,0.52410888671875,0.17425525188446045,0.30163586139678955,vision,text,0,0.5333333611488342,0.4893617033958435,0.4821428656578064
114,d3_k5Xpfmik$_$2,0.0,0.4752610921859741,0.27949243783950806,0.2949032485485077,0.42560437321662903,-0.1689247041940689,0.07926410436630249,-0.07112834602594376,0.1689247041940689,0.07926410436630249,0.07112834602594376,0.2678286135196686,0.3611220121383667,0.3710493743419647,vision,vision,1,0.5,0.5,0.47058823704719543
226,f9O3YtZ2VfI$_$18,-1.0,0.5286900997161865,0.39983537793159485,0.31572186946868896,0.2844427525997162,-0.04945503920316696,0.3426491320133209,0.08138488978147507,0.9505449533462524,1.3426491022109985,1.0813848972320557,0.5216052532196045,0.14116045832633972,0.3372343182563782,text,text,1,0.75,0.625,0.375
660,zhpQhgha_KU$_$29,-1.2000000476837158,0.30094286799430847,0.3167226314544678,0.29734957218170166,0.38592782616615295,-0.2863827049732208,-0.02262016385793686,-0.22511601448059082,0.9136173725128174,1.177379846572876,0.974884033203125,0.44835156202316284,0.18611584603786469,0.36553260684013367,vision,text,0,0.5714285969734192,0.5416666865348816,0.46666666865348816
88,cXypl4FnoZo$_$7,-1.0,0.48161518573760986,0.405521035194397,0.20590679347515106,0.38857215642929077,-0.07103182375431061,0.2456083595752716,0.0444302037358284,0.9289681911468506,1.2456083297729492,1.0444302558898926,0.4929589629173279,0.17156441509723663,0.33547666668891907,text,text,1,0.9166666865348816,0.5454545617103577,0.6666666865348816
204,f9O3YtZ2VfI$_$22,1.399999976158142,0.5970022082328796,0.3776363730430603,0.2316172868013382,0.3907463848590851,-0.04095723479986191,0.4014025926589966,0.0804039016366005,1.4409571886062622,0.9985973834991455,1.3195960521697998,0.14561127126216888,0.6361744999885559,0.2182142436504364,vision,audio,0,0.7272727489471436,0.48275861144065857,0.529411792755127
323,k5Y_838nuGo$_$13,0.6000000238418579,0.07839534431695938,0.2894947826862335,0.390554815530777,0.3199504613876343,-0.4643253982067108,-0.24395480751991272,-0.4155093729496002,1.0643254518508911,0.8439548015594482,1.0155093669891357,0.23467068374156952,0.48919054865837097,0.2761387825012207,audio,audio,1,0.5714285969734192,0.7333333492279053,0.4444444477558136
389,nzpVDcQ0ywM$_$13,-1.0,-0.03438716381788254,0.3979473412036896,0.211424320936203,0.3906283378601074,-0.7478207945823669,-0.6437344551086426,-0.6726517081260681,0.25217920541763306,0.3562655448913574,0.3273482918739319,0.40238216519355774,0.28441882133483887,0.313198983669281,text,text,1,0.5882353186607361,0.3928571343421936,0.4852941036224365
548,vvZ4IcEtiZc$_$7,1.399999976158142,0.21745598316192627,0.3696865141391754,0.2395704835653305,0.3907429873943329,-0.44025108218193054,-0.15906399488449097,-0.31512129306793213,1.840251088142395,1.5590639114379883,1.7151212692260742,0.1972149908542633,0.5035006999969482,0.29928427934646606,vision,audio,0,0.6666666865348816,0.5185185074806213,0.5625
289,jUzDDGyPkXU$_$6,-1.600000023841858,0.10107425600290298,0.3536272346973419,0.28687503933906555,0.3594978153705597,-0.3752315044403076,-0.22438958287239075,-0.4095352292060852,1.2247685194015503,1.3756104707717896,1.190464735031128,0.36684179306030273,0.22187718749046326,0.41128095984458923,vision,vision,1,0.5806451439857483,0.4639175236225128,0.380952388048172
10,c7UH_rxdZv4$_$1,-2.799999952316284,0.22020873427391052,0.17462687194347382,0.24378305673599243,0.5815900564193726,-0.3802560567855835,-0.22030329704284668,-0.4079435467720032,2.4197440147399902,2.5796966552734375,2.392056465148926,0.37265828251838684,0.21865305304527283,0.40868866443634033,vision,vision,1,0.25,0.42424243688583374,0.6410256624221802
617,yDtzw_Y-7RU$_$8,-1.5,0.3111616373062134,0.3464263677597046,0.3254670798778534,0.328106552362442,-0.24558712542057037,0.004694648087024689,-0.192826047539711,1.2544128894805908,1.5046947002410889,1.3071739673614502,0.43996334075927734,0.1910277158021927,0.36900895833969116,text,text,1,0.7142857313156128,0.6875,0.4736842215061188
348,lXPQBPVc5Cw$_$7,-2.799999952316284,-0.04237644374370575,0.23394885659217834,0.31636670231819153,0.4496845006942749,-0.5715987682342529,-0.5186454057693481,-0.6578110456466675,2.2284011840820312,2.2813544273376465,2.1421890258789062,0.31534677743911743,0.26432040333747864,0.4203328490257263,vision,vision,1,0.36666667461395264,0.523809552192688,0.5064935088157654
146,d6hH302o4v8$_$11,-1.0,0.5995588898658752,0.25666311383247375,0.3640836775302887,0.3792531490325928,0.005869578570127487,0.37940093874931335,0.1502377688884735,1.0058696269989014,1.3794009685516357,1.150237798690796,0.5246767997741699,0.15106016397476196,0.3242631256580353,vision,text,0,0.5,0.6285714507102966,0.46341463923454285
360,lXPQBPVc5Cw$_$19,-1.7999999523162842,0.21778598427772522,0.30688825249671936,0.28883418440818787,0.40427759289741516,-0.3096122443675995,-0.10126114636659622,-0.2793128788471222,1.4903876781463623,1.6987388134002686,1.5206871032714844,0.41610196232795715,0.20776893198490143,0.37612906098365784,vision,text,0,0.5555555820465088,0.5,0.47999998927116394
448,rnaNMUZpvvg$_$20,0.800000011920929,0.24091339111328125,0.4069790244102478,0.3544475734233856,0.23857331275939941,-0.23973235487937927,0.07956451177597046,-0.0895438864827156,1.0397323369979858,0.7204355001449585,0.889543890953064,0.18022461235523224,0.5224485993385315,0.29732680320739746,text,audio,0,0.6200000047683716,0.49593496322631836,0.1111111119389534
471,tIrG4oNLFzE$_$10,-1.7999999523162842,0.17344549298286438,0.2529882788658142,0.23974846303462982,0.5072632431983948,-0.47703513503074646,-0.28632479906082153,-0.4322483539581299,1.3229647874832153,1.5136752128601074,1.3677515983581543,0.41825535893440247,0.2214929759502411,0.36025169491767883,vision,text,0,0.4000000059604645,0.40740740299224854,0.5625
218,f9O3YtZ2VfI$_$10,-2.0,0.7909789681434631,0.3004029393196106,0.31730085611343384,0.3822961747646332,0.11160269379615784,0.5251445770263672,0.18846958875656128,2.111602783203125,2.525144577026367,2.188469648361206,0.49359986186027527,0.12436893582344055,0.38203126192092896,vision,text,0,0.5,0.5384615659713745,0.4000000059604645
192,etzxEpPuc6I$_$5,0.0,0.41770708560943604,0.22211626172065735,0.28684502840042114,0.4910386800765991,-0.07805176079273224,0.19838058948516846,0.050406359136104584,0.07805176079273224,0.19838058948516846,0.050406359136104584,0.36151766777038574,0.24206706881523132,0.39641526341438293,vision,vision,1,0.3478260934352875,0.4444444477558136,0.5263158082962036
622,yDtzw_Y-7RU$_$15,0.6000000238418579,0.4664759635925293,0.26825404167175293,0.34161245822906494,0.3901335597038269,-0.16519634425640106,0.13949453830718994,-0.05671093612909317,0.7651963829994202,0.46050548553466797,0.6567109823226929,0.19242721796035767,0.5313145518302917,0.2762582004070282,vision,audio,0,0.4615384638309479,0.5714285969734192,0.4545454680919647
231,f_pcplsH_V0$_$12,-0.800000011920929,0.16502836346626282,0.2967728078365326,0.2795991599559784,0.4236280024051666,-0.5388261079788208,-0.22013652324676514,-0.41355904936790466,0.26117390394210815,0.5798634886741638,0.3864409625530243,0.49892371892929077,0.17245814204216003,0.3286180794239044,vision,text,0,0.47999998927116394,0.4893617033958435,0.48860758543014526
434,phBUpBr1hSo$_$16,-1.600000023841858,0.5084782242774963,0.40680432319641113,0.21769052743911743,0.37550514936447144,-0.07594133913516998,0.25630566477775574,0.05258820205926895,1.5240586996078491,1.856305718421936,1.6525882482528687,0.5045620203018188,0.1667008101940155,0.3287372291088104,text,text,1,0.7200000286102295,0.3958333432674408,0.4482758641242981
51,cW1FSBF59ik$_$21,1.600000023841858,0.6438297629356384,0.19469816982746124,0.34259405732154846,0.4627077877521515,0.06805281341075897,0.43974247574806213,0.23288565874099731,1.5319472551345825,1.1602575778961182,1.3671143054962158,0.16169901192188263,0.5581915974617004,0.28010931611061096,vision,audio,0,0.38461539149284363,0.6206896305084229,0.5882353186607361
265,iiK8YX8oH1E$_$18,-1.0,0.2187109887599945,0.22457773983478546,0.23713967204093933,0.538282573223114,-0.3608745336532593,-0.13921242952346802,-0.33383530378341675,0.6391254663467407,0.860787570476532,0.6661646962165833,0.4181540608406067,0.1997319459915161,0.3821140229701996,vision,text,0,0.4545454680919647,0.48148149251937866,0.6875
282,jUzDDGyPkXU$_$23,1.2000000476837158,0.13549917936325073,0.31508517265319824,0.30715322494506836,0.3777616322040558,-0.4576984643936157,-0.25860026478767395,-0.4138411283493042,1.6576985120773315,1.4586002826690674,1.61384117603302,0.24394379556179047,0.47371140122413635,0.2823447585105896,vision,audio,0,0.5714285969734192,0.5789473652839661,0.47826087474823
395,nzpVDcQ0ywM$_$19,-2.0,0.8914760947227478,0.32502004504203796,0.2287522852420807,0.44622766971588135,0.1831848919391632,0.7053933143615723,0.32697057723999023,2.183184862136841,2.7053933143615723,2.3269705772399902,0.5572197437286377,0.09773549437522888,0.34504473209381104,vision,text,0,0.5,0.35185185074806213,0.5
625,yDtzw_Y-7RU$_$16,0.6000000238418579,0.4354809522628784,0.3202498257160187,0.25886061787605286,0.4208895266056061,-0.1363508403301239,0.21936780214309692,-0.007167324423789978,0.7363508939743042,0.380632221698761,0.6071673631668091,0.1720794439315796,0.5632283091545105,0.2646922767162323,vision,audio,0,0.47058823704719543,0.3720930218696594,0.42718446254730225
243,fvVhgmXxadc$_$11,-0.20000000298023224,0.3446737229824066,0.33541685342788696,0.2795813977718353,0.38500168919563293,-0.24897195398807526,0.029898881912231445,-0.17079192399978638,0.04897195100784302,0.22989888489246368,0.029208078980445862,0.3823774755001068,0.20920580625534058,0.4084166884422302,vision,vision,1,0.6000000238418579,0.5384615659713745,0.5
536,v0zCBqDeKcE$_$7,1.399999976158142,0.4143785536289215,0.3439152240753174,0.23052246868610382,0.42556232213974,-0.2508717179298401,0.06946336477994919,-0.15267647802829742,1.650871753692627,1.3305366039276123,1.5526764392852783,0.18881577253341675,0.5492510199546814,0.26193317770957947,vision,audio,0,0.6000000238418579,0.4444444477558136,0.5483871102333069
206,f9O3YtZ2VfI$_$28,1.2000000476837158,0.9011583924293518,0.25601062178611755,0.3668619692325592,0.37712743878364563,0.25623491406440735,0.6639785170555115,0.3649975657463074,0.9437651634216309,0.5360215306282043,0.8350024819374084,0.15798181295394897,0.6150018572807312,0.2270163893699646,vision,audio,0,0.5,0.6129032373428345,0.44999998807907104
183,etzxEpPuc6I$_$15,0.20000000298023224,0.2582208514213562,0.3183288872241974,0.23679807782173157,0.4448729455471039,-0.2765170633792877,-0.08931604772806168,-0.2499445080757141,0.47651708126068115,0.2893160581588745,0.44994449615478516,0.2525889277458191,0.4714282155036926,0.2759828269481659,vision,audio,0,0.625,0.4285714328289032,0.5625
258,iiK8YX8oH1E$_$10,0.0,0.15638041496276855,0.3649843633174896,0.3076772689819336,0.32733839750289917,-0.34822502732276917,-0.15899240970611572,-0.3222769796848297,0.34822502732276917,0.15899240970611572,0.3222769796848297,0.25192657113075256,0.47338682413101196,0.27468666434288025,text,audio,0,0.7142857313156128,0.6000000238418579,0.43478259444236755
519,tmZoasNr4rU$_$4,-0.800000011920929,-0.0017572864890098572,0.3868352770805359,0.22929036617279053,0.38387438654899597,-0.6746900081634521,-0.5207470655441284,-0.6048809289932251,0.1253100037574768,0.27925294637680054,0.19511908292770386,0.4182342290878296,0.2503596544265747,0.3314061462879181,text,text,1,0.625,0.4751773178577423,0.5178571343421936
52,cW1FSBF59ik$_$22,-1.0,0.673896074295044,0.381516695022583,0.2691449820995331,0.3493383228778839,0.14123207330703735,0.5385212302207947,0.2840539813041687,1.1412320137023926,1.5385212898254395,1.2840540409088135,0.5298834443092346,0.1409435272216797,0.3291730284690857,text,text,1,0.7200000286102295,0.5098039507865906,0.44999998807907104
518,tmZoasNr4rU$_$5,-0.800000011920929,-0.11290442198514938,0.37345656752586365,0.2897864580154419,0.33675700426101685,-0.6708076596260071,-0.6047375202178955,-0.6766039729118347,0.12919235229492188,0.19526249170303345,0.12339603900909424,0.35437867045402527,0.28432905673980713,0.3612922430038452,text,vision,0,0.75,0.6666666865348816,0.5185185074806213
336,lXPQBPVc5Cw$_$27,-2.799999952316284,-0.16618332266807556,0.27004456520080566,0.3338361382484436,0.39611929655075073,-0.7393547892570496,-0.7316195368766785,-0.7665027379989624,2.06064510345459,2.068380355834961,2.0334973335266113,0.3258115351200104,0.3175181746482849,0.3566703498363495,vision,vision,1,0.5,0.6451612710952759,0.5263158082962036
135,d6hH302o4v8$_$1,-2.799999952316284,0.9760423898696899,0.4762040674686432,0.19229359924793243,0.33150237798690796,0.031149286776781082,0.5627138018608093,0.14836978912353516,2.8311493396759033,3.3627138137817383,2.9483697414398193,0.5415438413619995,0.09206943213939667,0.3663867115974426,text,text,1,0.8333333134651184,0.4749999940395355,0.5416666865348816
15,c7UH_rxdZv4$_$7,-3.0,0.21579673886299133,0.24454687535762787,0.30664488673210144,0.4488082528114319,-0.35828596353530884,-0.17546001076698303,-0.360358327627182,2.641714096069336,2.82453989982605,2.639641761779785,0.39206477999687195,0.21315257251262665,0.394782692193985,vision,vision,1,0.5714285969734192,0.6875,0.6499999761581421
300,jUzDDGyPkXU$_$19,2.200000047683716,0.49757128953933716,0.4429478645324707,0.2643561065196991,0.2926959991455078,-0.04648704454302788,0.2724151611328125,0.07067353278398514,2.2464871406555176,1.9275848865509033,2.129326581954956,0.18612140417099,0.5388336777687073,0.27504491806030273,text,audio,0,0.8999999761581421,0.6000000238418579,0.46341463923454285
82,cXypl4FnoZo$_$29,-1.399999976158142,0.36505797505378723,0.3663075268268585,0.21091531217098236,0.4227771759033203,-0.18924930691719055,0.05471241846680641,-0.07941538095474243,1.210750699043274,1.4547123908996582,1.3205845355987549,0.4679766595363617,0.2075168937444687,0.32450640201568604,vision,text,0,0.7142857313156128,0.4000000059604645,0.5454545617103577
95,cXypl4FnoZo$_$12,2.0,0.8728265166282654,0.2436988204717636,0.3083016574382782,0.4479995667934418,0.13632383942604065,0.583091139793396,0.30842065811157227,1.8636761903762817,1.416908860206604,1.6915793418884277,0.13872702419757843,0.6150679588317871,0.24620495736598969,vision,audio,0,0.46666666865348816,0.5714285969734192,0.5714285969734192
437,phBUpBr1hSo$_$20,-1.25,0.16779941320419312,0.24333389103412628,0.26382675766944885,0.4928393065929413,-0.4493430554866791,-0.2446189522743225,-0.4062463045120239,0.8006569147109985,1.0053811073303223,0.8437536954879761,0.42165958881378174,0.21310488879680634,0.3652355372905731,vision,text,0,0.4583333432674408,0.5,0.6206896305084229
639,yvsjCA6Y5Fc$_$9,-1.399999976158142,0.12597346305847168,0.318421870470047,0.25640055537223816,0.42517757415771484,-0.49196621775627136,-0.3507877588272095,-0.4868426024913788,0.9080337285995483,1.0492122173309326,0.9131573438644409,0.38348013162612915,0.2395334243774414,0.37698644399642944,vision,text,0,0.5263158082962036,0.4736842215061188,0.4852941036224365
556,vyB00TXsimI$_$3,2.200000047683716,0.219769686460495,0.326131671667099,0.282871812582016,0.3909965455532074,-0.3251333236694336,-0.0912967398762703,-0.2684176564216614,2.5251333713531494,2.2912967205047607,2.4684176445007324,0.22787414491176605,0.4968303442001343,0.27529552578926086,vision,audio,0,0.5416666865348816,0.48571428656578064,0.4523809552192688
256,fvVhgmXxadc$_$8,-0.5,0.029647521674633026,0.3511538803577423,0.25096821784973145,0.39787784218788147,-0.49485504627227783,-0.3882754445075989,-0.5310540199279785,0.005144953727722168,0.11172455549240112,0.031054019927978516,0.3819347620010376,0.2677314579486847,0.3503337502479553,vision,text,0,0.5714285969734192,0.4000000059604645,0.4166666567325592
123,d6hH302o4v8$_$24,-2.799999952316284,0.060816988348960876,0.42239463329315186,0.2394276112318039,0.33817771077156067,-0.6072115302085876,-0.38434523344039917,-0.49187910556793213,2.1927883625030518,2.4156546592712402,2.3081207275390625,0.4636995792388916,0.22059950232505798,0.3157009780406952,text,text,1,0.625,0.43478259444236755,0.40740740299224854
491,tStelxIAHjw$_$12,-1.0,0.41951099038124084,0.3531727194786072,0.3216477036476135,0.3251795470714569,-0.12910832464694977,0.20516622066497803,0.02317500114440918,0.8708916902542114,1.205166220664978,1.0231750011444092,0.5181095600128174,0.17002379894256592,0.3118666410446167,text,text,1,0.75,0.6551724076271057,0.47058823704719543
312,k5Y_838nuGo$_$1,-1.600000023841858,1.0924737453460693,0.25767987966537476,0.3991180956363678,0.34320199489593506,0.2331693470478058,0.6829184293746948,0.35789352655410767,1.8331693410873413,2.2829184532165527,1.9578936100006104,0.5310213565826416,0.11858600378036499,0.3503926694393158,audio,text,0,0.4444444477558136,0.6666666865348816,0.3636363744735718
404,ob23OKe5a9Q$_$2,1.0,0.14917296171188354,0.23939312994480133,0.3979964256286621,0.36261045932769775,-0.4233265519142151,-0.24556666612625122,-0.397857129573822,1.4233264923095703,1.2455666065216064,1.3978571891784668,0.25659650564193726,0.4640711545944214,0.27933233976364136,audio,audio,1,0.4285714328289032,0.6875,0.42105263471603394
6,c7UH_rxdZv4$_$22,-2.4000000953674316,0.2532414495944977,0.27309080958366394,0.2524273693561554,0.47448182106018066,-0.35664066672325134,-0.1319250762462616,-0.3091749846935272,2.0433595180511475,2.2680749893188477,2.090825080871582,0.429834246635437,0.20323199033737183,0.3669337332248688,vision,text,0,0.5,0.4754098355770111,0.5753424763679504
474,tIrG4oNLFzE$_$15,-2.0,0.5526880621910095,0.3501737713813782,0.2828271985054016,0.3669990003108978,-0.04399630054831505,0.35990381240844727,0.10369429737329483,1.9560036659240723,2.3599038124084473,2.103694200515747,0.534356415271759,0.13903546333312988,0.32660815119743347,vision,text,0,0.625,0.5211267471313477,0.4642857015132904
596,wMbj6ajWbic$_$12,1.600000023841858,0.9276907444000244,0.2889251708984375,0.2427593320608139,0.468315452337265,0.34894153475761414,0.7860695719718933,0.4840404987335205,1.2510584592819214,0.8139304518699646,1.1159595251083374,0.14572393894195557,0.6256600618362427,0.22861599922180176,vision,audio,0,0.5714285969734192,0.4000000059604645,0.5666666626930237
228,f_pcplsH_V0$_$11,-0.4000000059604645,-0.2692021131515503,0.29419565200805664,0.3511925935745239,0.35461172461509705,-0.8378810286521912,-0.8706914782524109,-0.8876588940620422,0.4378810226917267,0.4706914722919464,0.48765888810157776,0.36449670791625977,0.3267349302768707,0.3087683320045471,vision,text,0,0.4285714328289032,0.574999988079071,0.3617021143436432
18,c7UH_rxdZv4$_$8,-2.799999952316284,0.4098323583602905,0.28375062346458435,0.2835231125354767,0.43272626399993896,-0.14911524951457977,0.14447259902954102,-0.04943161457777023,2.6508846282958984,2.944472551345825,2.750568389892578,0.477757066488266,0.1795540153980255,0.3426889479160309,vision,text,0,0.5,0.483146071434021,0.5076923370361328
465,rnaNMUZpvvg$_$14,-2.5999999046325684,0.29276275634765625,0.4087825417518616,0.18949079513549805,0.40172669291496277,-0.20926305651664734,0.026507176458835602,-0.12381787598133087,2.3907368183135986,2.626507043838501,2.476181983947754,0.4529270827770233,0.20640301704406738,0.3406699001789093,text,text,1,0.75,0.3461538553237915,0.5322580933570862
493,tStelxIAHjw$_$14,-1.7999999523162842,0.0935395136475563,0.4339085519313812,0.1765686273574829,0.38952285051345825,-0.42319321632385254,-0.2817055583000183,-0.42635631561279297,1.3768067359924316,1.518294334411621,1.3736436367034912,0.3795662224292755,0.2368444949388504,0.38358932733535767,text,vision,0,0.75,0.2857142984867096,0.47058823704719543
512,tmZoasNr4rU$_$19,0.20000000298023224,0.7880062460899353,0.38800331950187683,0.22520849108695984,0.38678812980651855,-0.11223912239074707,0.4144591987133026,0.013965524733066559,0.3122391104698181,0.21445919573307037,0.18603447079658508,0.2558642327785492,0.35445451736450195,0.38968130946159363,text,vision,0,0.6666666865348816,0.4931506812572479,0.5517241358757019
42,cM3Yna7AavY$_$2,2.5,0.7702311873435974,0.3157127797603607,0.3277677297592163,0.3565194606781006,0.0816848874092102,0.5690211653709412,0.24477320909500122,2.4183151721954346,1.930978775024414,2.2552268505096436,0.1282397359609604,0.6509002447128296,0.2208600491285324,vision,audio,0,0.5714285969734192,0.5769230723381042,0.4333333373069763
376,nzpVDcQ0ywM$_$22,2.0,0.25801005959510803,0.5535277724266052,0.17174860835075378,0.2747235596179962,-0.22343088686466217,0.0018672868609428406,-0.27650192379951477,2.223430871963501,1.9981327056884766,2.2765018939971924,0.25271886587142944,0.5355378985404968,0.21174320578575134,text,audio,0,0.5555555820465088,0.0,0.0
443,phBUpBr1hSo$_$7,-1.0,-0.05593392252922058,0.30178502202033997,0.28164947032928467,0.4165654182434082,-0.6223909258842468,-0.53203284740448,-0.6567972898483276,0.3776090741157532,0.46796715259552,0.34320271015167236,0.34947216510772705,0.2585865557193756,0.39194124937057495,vision,vision,1,0.4761904776096344,0.4583333432674408,0.4583333432674408
379,nzpVDcQ0ywM$_$3,0.800000011920929,1.5175938606262207,0.34542316198349,0.2499612718820572,0.4046156406402588,0.6219897866249084,1.202025294303894,0.7928293943405151,0.1780102252960205,0.4020252823829651,0.007170617580413818,0.3085237145423889,0.146215558052063,0.5452607274055481,vision,vision,1,0.5882353186607361,0.4637681245803833,0.5180723071098328
80,cXypl4FnoZo$_$23,0.4000000059604645,0.007419764995574951,0.41666078567504883,0.17483489215373993,0.40850427746772766,-0.6772913336753845,-0.5879980325698853,-0.6471859216690063,1.0772913694381714,0.9879980087280273,1.0471858978271484,0.2896668016910553,0.3900893032550812,0.3202438950538635,text,audio,0,0.5714285969734192,0.20000000298023224,0.4166666567325592
502,tStelxIAHjw$_$9,-1.399999976158142,0.2903682589530945,0.20222607254981995,0.5141745209693909,0.2835994362831116,-0.22136355936527252,0.004997633397579193,-0.15577293932437897,1.1786364316940308,1.4049975872039795,1.2442270517349243,0.43978410959243774,0.20679885149002075,0.35341697931289673,audio,text,0,0.4444444477558136,0.8666666746139526,0.3888888955116272
67,cW1FSBF59ik$_$15,-2.5999999046325684,0.3130083680152893,0.284409761428833,0.2943936288356781,0.4211965501308441,-0.185716450214386,0.07289797067642212,-0.060370322316884995,2.414283514022827,2.6728978157043457,2.5396296977996826,0.4805898666381836,0.2029513120651245,0.3164588510990143,vision,text,0,0.5,0.4893617033958435,0.48672565817832947
172,dq3Nf_lMPnE$_$2,-1.399999976158142,0.9485888481140137,0.28152549266815186,0.2781561315059662,0.44031834602355957,0.29110342264175415,0.7385559678077698,0.43659859895706177,1.691103458404541,2.1385560035705566,1.8365986347198486,0.5432596802711487,0.12225136905908585,0.33448895812034607,vision,text,0,0.6153846383094788,0.5625,0.6052631735801697
77,cXypl4FnoZo$_$20,-1.0,0.6158832907676697,0.28388863801956177,0.2858768105506897,0.4302345812320709,-0.0244222953915596,0.40355443954467773,0.14738884568214417,0.975577712059021,1.4035544395446777,1.1473888158798218,0.5542852878570557,0.13309863209724426,0.3126160204410553,vision,text,0,0.5,0.47457626461982727,0.48571428656578064
498,tStelxIAHjw$_$5,-2.200000047683716,0.09945308417081833,0.2800302505493164,0.22658556699752808,0.4933842718601227,-0.4409619867801666,-0.34084582328796387,-0.4330317974090576,1.7590380907058716,1.859154224395752,1.7669682502746582,0.3717241883277893,0.26624903082847595,0.36202681064605713,vision,text,0,0.5714285969734192,0.47999998927116394,0.6333333253860474
554,vyB00TXsimI$_$22,0.6000000238418579,0.7545076608657837,0.3660205900669098,0.31677907705307007,0.31720033288002014,0.019322428852319717,0.5095375180244446,0.17388269305229187,0.5806775689125061,0.09046250581741333,0.42611733078956604,0.12822876870632172,0.6571195721626282,0.2146516889333725,text,audio,0,0.75,0.6538461446762085,0.4516128897666931
679,zhpQhgha_KU$_$18,0.6000000238418579,1.0068793296813965,0.3196929395198822,0.2787069082260132,0.401600182056427,0.3426951766014099,0.8284572958946228,0.5019354820251465,0.257304847240448,0.2284572720527649,0.09806454181671143,0.2630729675292969,0.2896258533000946,0.4473012089729309,vision,vision,1,0.6363636255264282,0.529411792755127,0.5365853905677795
485,tIrG4oNLFzE$_$6,1.25,0.5831831693649292,0.30622896552085876,0.21552662551403046,0.478244423866272,0.027066823095083237,0.382523775100708,0.16629457473754883,1.2229331731796265,0.867476224899292,1.0837054252624512,0.17062555253505707,0.5579825639724731,0.2713918685913086,vision,audio,0,0.5384615659713745,0.32258063554763794,0.5135135054588318
659,zhpQhgha_KU$_$28,1.399999976158142,0.7820638418197632,0.3492983281612396,0.2571897506713867,0.39351192116737366,-0.013779845088720322,0.5214170217514038,0.1729258894920349,1.413779854774475,0.8785829544067383,1.227074146270752,0.11341898888349533,0.6752467751502991,0.2113342434167862,vision,audio,0,0.6363636255264282,0.5357142686843872,0.529411792755127
566,vyB00TXsimI$_$13,2.4000000953674316,0.5803328156471252,0.273074746131897,0.1645406186580658,0.5623846650123596,-0.2276672124862671,0.19070178270339966,-0.10071604698896408,2.6276674270629883,2.2092983722686768,2.500716209411621,0.15243878960609436,0.6148183941841125,0.23274286091327667,vision,audio,0,0.5555555820465088,0.3888888955116272,0.8095238208770752
674,zhpQhgha_KU$_$15,-2.0,-0.04164469614624977,0.3815421760082245,0.21224258840084076,0.40621528029441833,-0.604329526424408,-0.545536458492279,-0.6445262432098389,1.3956704139709473,1.4544634819030762,1.3554737567901611,0.3372213542461395,0.27720651030540466,0.3855721950531006,vision,vision,1,0.6216216087341309,0.34736841917037964,0.47311827540397644
138,d6hH302o4v8$_$5,-1.3333333730697632,0.30677735805511475,0.2482963651418686,0.2243829369544983,0.5273206830024719,-0.47664088010787964,-0.23658061027526855,-0.356271356344223,0.8566924929618835,1.0967527627944946,0.9770619869232178,0.4719800055027008,0.21203172206878662,0.31598830223083496,vision,text,0,0.5714285969734192,0.6000000238418579,0.8333333134651184
168,dq3Nf_lMPnE$_$15,1.0,0.4083555340766907,0.23502475023269653,0.32592663168907166,0.4390486180782318,-0.06501976400613785,0.16449320316314697,0.01303669810295105,1.0650197267532349,0.835506796836853,0.9869632720947266,0.22490808367729187,0.48334696888923645,0.2917449176311493,vision,audio,0,0.4117647111415863,0.5423728823661804,0.5
506,tmZoasNr4rU$_$13,-0.800000011920929,-0.12340988218784332,0.355008602142334,0.26598215103149414,0.3790092468261719,-0.8107131123542786,-0.7463437914848328,-0.7650081515312195,0.01071310043334961,0.05365622043609619,0.03499186038970947,0.3585658073425293,0.31074368953704834,0.33069050312042236,vision,text,0,0.5,0.46000000834465027,0.4137931168079376
173,dq3Nf_lMPnE$_$5,1.2000000476837158,0.30787619948387146,0.2891862094402313,0.2806847095489502,0.4301289916038513,-0.2102328985929489,-0.006508983671665192,-0.1599106788635254,1.4102329015731812,1.206508994102478,1.3599107265472412,0.24069176614284515,0.4746589958667755,0.28464919328689575,vision,audio,0,0.6000000238418579,0.5416666865348816,0.5769230723381042
181,etzxEpPuc6I$_$13,-2.200000047683716,0.2623438537120819,0.3156210482120514,0.31118229031562805,0.37319663166999817,-0.1831061840057373,0.030046485364437103,-0.12466055899858475,2.0168938636779785,2.230046510696411,2.0753395557403564,0.43208158016204834,0.21232233941555023,0.35559606552124023,vision,text,0,0.5277777910232544,0.49494948983192444,0.39047619700431824
478,tIrG4oNLFzE$_$18,-2.200000047683716,0.0861147865653038,0.3315572142601013,0.29388001561164856,0.3745627701282501,-0.4122633635997772,-0.23649510741233826,-0.41616278886795044,1.7877366542816162,1.9635049104690552,1.7838373184204102,0.3891518712043762,0.2166050225496292,0.3942430913448334,vision,vision,1,0.6800000071525574,0.6212121248245239,0.5443037748336792
614,yDtzw_Y-7RU$_$7,-0.20000000298023224,0.5407016277313232,0.2631836235523224,0.24048194289207458,0.496334433555603,-0.056284692138433456,0.317181259393692,0.07765311747789383,0.14371530711650848,0.5171812772750854,0.27765312790870667,0.5187090039253235,0.14937448501586914,0.33191657066345215,vision,text,0,0.46666666865348816,0.41860464215278625,0.5961538553237915
35,cM3Yna7AavY$_$13,-1.600000023841858,0.003192458301782608,0.2038130909204483,0.4184442162513733,0.3777426481246948,-0.6218360066413879,-0.5455446243286133,-0.6191393136978149,0.97816401720047,1.0544553995132446,0.980860710144043,0.36146658658981323,0.2803013324737549,0.3582320213317871,audio,text,0,0.30000001192092896,0.7142857313156128,0.4375
641,yvsjCA6Y5Fc$_$11,2.0,0.8156112432479858,0.2731955647468567,0.28604835271835327,0.4407561123371124,0.1192745566368103,0.5557411909103394,0.23931941390037537,1.880725383758545,1.4442588090896606,1.7606805562973022,0.14757852256298065,0.63222736120224,0.22019413113594055,vision,audio,0,0.529411792755127,0.5365853905677795,0.5510203838348389
517,tmZoasNr4rU$_$2,-2.0,-0.07468191534280777,0.3118554353713989,0.30326589941978455,0.38487860560417175,-0.6489519476890564,-0.5742151737213135,-0.687311053276062,1.3510479927062988,1.4257848262786865,1.312688946723938,0.3429493010044098,0.2673236131668091,0.38972699642181396,vision,vision,1,0.5714285969734192,0.5833333134651184,0.5
55,cW1FSBF59ik$_$3,-1.0,-0.10600567609071732,0.2963542938232422,0.21652843058109283,0.4871172308921814,-0.868060290813446,-0.842656135559082,-0.8056943416595459,0.13193970918655396,0.15734386444091797,0.1943056583404541,0.36615219712257385,0.33642274141311646,0.29742512106895447,vision,text,0,0.40909090638160706,0.4126984179019928,0.5909090638160706
208,f9O3YtZ2VfI$_$1,-1.2000000476837158,0.19282755255699158,0.3029261827468872,0.2920416593551636,0.4050322473049164,-0.46779701113700867,-0.21846047043800354,-0.39706656336784363,0.7322030067443848,0.9815396070480347,0.8029334545135498,0.4493323266506195,0.19571134448051453,0.3549562990665436,vision,text,0,0.6666666865348816,0.7142857313156128,0.6470588445663452
161,d6hH302o4v8$_$34,-3.0,0.43389979004859924,0.3368033468723297,0.2549695670604706,0.4082270860671997,-0.15858890116214752,0.12578390538692474,-0.058204445987939835,2.8414111137390137,3.125783920288086,2.941795587539673,0.475474089384079,0.18427018821239471,0.3402557671070099,vision,text,0,0.6000000238418579,0.4444444477558136,0.4545454680919647
301,jUzDDGyPkXU$_$18,-2.4000000953674316,0.3365817964076996,0.3481251001358032,0.15765316784381866,0.4942217171192169,-0.20586545765399933,0.013151966035366058,-0.13042518496513367,2.1941347122192383,2.413151979446411,2.2695748805999756,0.4425678849220276,0.21326524019241333,0.3441668450832367,vision,text,0,0.8571428656578064,0.4166666567325592,0.7931034564971924
665,zhpQhgha_KU$_$4,-1.600000023841858,0.5948425531387329,0.31984061002731323,0.3167632222175598,0.36339619755744934,-0.026081129908561707,0.4163912832736969,0.1498863399028778,1.5739189386367798,2.0163912773132324,1.749886393547058,0.5602120757102966,0.12817642092704773,0.31161147356033325,vision,text,0,0.625,0.5909090638160706,0.48148149251937866
422,pLTX3ipuDJI$_$4,-2.200000047683716,0.5068906545639038,0.273788183927536,0.28698185086250305,0.43922990560531616,-0.1659044623374939,0.18310344219207764,-0.046075012534856796,2.034095525741577,2.383103370666504,2.1539249420166016,0.5042517781257629,0.15754584968090057,0.3382023572921753,vision,text,0,0.4722222089767456,0.5544554591178894,0.5593220591545105
636,yvsjCA6Y5Fc$_$4,-0.20000000298023224,0.18300718069076538,0.3003705143928528,0.2568788230419159,0.4427506625652313,-0.43333038687705994,-0.22834575176239014,-0.406381756067276,0.2333303838968277,0.028345748782157898,0.20638175308704376,0.24543769657611847,0.4860566556453705,0.26850566267967224,vision,audio,0,0.42105263471603394,0.38596490025520325,0.44117647409439087
397,ob23OKe5a9Q$_$11,0.800000011920929,0.649254322052002,0.25218337774276733,0.2887498736381531,0.4590667188167572,0.10967069864273071,0.5012503266334534,0.2526792287826538,0.6903293132781982,0.2987496852874756,0.5473207831382751,0.15874503552913666,0.5855576395988464,0.2556973397731781,vision,audio,0,0.4545454680919647,0.4661654233932495,0.5222222208976746
153,d6hH302o4v8$_$16,-2.0,0.3969852924346924,0.3642897307872772,0.17058178782463074,0.46512848138809204,-0.21200954914093018,0.10579554736614227,-0.11532701551914215,1.7879904508590698,2.1057956218719482,1.884672999382019,0.482816606760025,0.1673833131790161,0.34980008006095886,vision,text,0,0.5,0.1666666716337204,0.4285714328289032
238,f_pcplsH_V0$_$4,0.5,0.7269342541694641,0.3021787106990814,0.30476295948028564,0.3930583596229553,0.07242865860462189,0.5209490656852722,0.23012682795524597,0.4275713562965393,0.020949065685272217,0.26987317204475403,0.15220890939235687,0.5903182029724121,0.2574729323387146,vision,audio,0,0.5833333134651184,0.5733333230018616,0.5111111402511597
363,nbWiPyCm4g0$_$10,1.2000000476837158,1.4315805435180664,0.3893299400806427,0.27895277738571167,0.33171728253364563,0.48485663533210754,1.0798064470291138,0.6355758905410767,0.7151434421539307,0.12019360065460205,0.5644241571426392,0.100822813808918,0.7325493693351746,0.16662776470184326,text,audio,0,0.6363636255264282,0.5365853905677795,0.4375
33,cM3Yna7AavY$_$11,2.0,0.4535250663757324,0.3576194643974304,0.2249203324317932,0.41746023297309875,-0.28631606698036194,0.0838540717959404,-0.17357808351516724,2.286316156387329,1.916145920753479,2.1735780239105225,0.1697576940059662,0.5830500721931458,0.2471921443939209,vision,audio,0,0.5555555820465088,0.4000000059604645,0.46666666865348816
70,cW1FSBF59ik$_$16,3.0,0.09074679017066956,0.2738338112831116,0.25215014815330505,0.4740160405635834,-0.4808540344238281,-0.29647722840309143,-0.46990805864334106,3.480854034423828,3.2964773178100586,3.4699079990386963,0.2573302388191223,0.47577691078186035,0.26689279079437256,vision,audio,0,0.5,0.45588234066963196,0.5731707215309143
396,nzpVDcQ0ywM$_$18,1.2000000476837158,1.1583020687103271,0.31665873527526855,0.24360762536525726,0.4397336542606354,0.421146959066391,0.9400191307067871,0.5504097938537598,0.7788530588150024,0.2599809169769287,0.649590253829956,0.12229642271995544,0.689537763595581,0.1881658434867859,vision,audio,0,0.5833333134651184,0.4333333373069763,0.5555555820465088
320,k5Y_838nuGo$_$8,-1.399999976158142,0.13869473338127136,0.2733534872531891,0.3186853528022766,0.4079611301422119,-0.42596355080604553,-0.2419949173927307,-0.408027708530426,0.974036455154419,1.1580049991607666,0.9919722676277161,0.40264692902565,0.21807336807250977,0.3792797327041626,vision,text,0,0.4285714328289032,0.5,0.4166666567325592
408,ob23OKe5a9Q$_$6,0.0,0.07486528903245926,0.32541218400001526,0.270995169878006,0.40359261631965637,-0.43030646443367004,-0.2912324070930481,-0.46456843614578247,0.43030646443367004,0.2912324070930481,0.46456843614578247,0.28720536828041077,0.4565862715244293,0.2562083303928375,vision,audio,0,0.5600000023841858,0.4615384638309479,0.460317462682724
248,fvVhgmXxadc$_$1,-0.4000000059604645,0.5918201804161072,0.2913020849227905,0.3013586401939392,0.40733927488327026,-0.20352284610271454,0.2431383728981018,-0.0720740556716919,0.19647715985774994,0.6431384086608887,0.3279259502887726,0.5345168709754944,0.12060161679983139,0.34488144516944885,vision,text,0,0.44999998807907104,0.5384615659713745,0.47727271914482117
54,cW1FSBF59ik$_$1,-2.5999999046325684,0.20488956570625305,0.30466899275779724,0.22928400337696075,0.4660469889640808,-0.41553184390068054,-0.1747319996356964,-0.34951168298721313,2.1844680309295654,2.4252679347991943,2.25048828125,0.4443264901638031,0.1991172730922699,0.3565562665462494,vision,text,0,0.5,0.3913043439388275,0.5421686768531799
44,cM3Yna7AavY$_$4,0.6000000238418579,0.10999583452939987,0.3265097439289093,0.2717370390892029,0.4017532169818878,-0.5579272508621216,-0.3347797095775604,-0.4742950201034546,1.1579272747039795,0.9347797632217407,1.0742950439453125,0.22596436738967896,0.4754217267036438,0.29861387610435486,vision,audio,0,0.4642857015132904,0.449438214302063,0.4375
494,tStelxIAHjw$_$16,0.800000011920929,1.5981109142303467,0.44169938564300537,0.22866655886173248,0.32963407039642334,0.8566669821739197,1.333293080329895,1.043684482574463,0.05666697025299072,0.5332930684089661,0.24368447065353394,0.574612557888031,0.11732437461614609,0.3080630302429199,text,text,1,1.0,0.5555555820465088,0.5454545617103577
235,f_pcplsH_V0$_$3,0.800000011920929,0.3934536576271057,0.5132272243499756,0.21293021738529205,0.27384254336357117,-0.19549460709095,0.1341138482093811,-0.07907712459564209,0.9954946041107178,0.6658861637115479,0.879077136516571,0.18266966938972473,0.5480541586875916,0.2692761719226837,text,audio,0,0.9090909361839294,0.4761904776096344,0.40789473056793213
116,d3_k5Xpfmik$_$4,-1.0,0.38630595803260803,0.4368849992752075,0.19113558530807495,0.37197935581207275,-0.12357668578624725,0.15331614017486572,-0.015973322093486786,0.8764232993125916,1.1533161401748657,0.9840266704559326,0.477114200592041,0.18957403302192688,0.33331170678138733,text,text,1,0.8333333134651184,0.40425533056259155,0.5357142686843872
132,d6hH302o4v8$_$29,-1.7999999523162842,0.028013065457344055,0.4172753393650055,0.17027057707309723,0.4124540090560913,-0.7326875329017639,-0.6319597959518433,-0.6628327369689941,1.067312479019165,1.168040156364441,1.13716721534729,0.3988722264766693,0.28511205315589905,0.31601572036743164,text,text,1,0.7037037014961243,0.41428571939468384,0.6097561120986938
232,f_pcplsH_V0$_$15,-1.0,0.01868777722120285,0.4589807093143463,0.20533283054828644,0.33568641543388367,-0.5269994139671326,-0.3816196918487549,-0.5384216904640198,0.47300058603286743,0.6183803081512451,0.4615783095359802,0.37668296694755554,0.23201563954353333,0.3913014233112335,text,vision,0,0.9166666865348816,0.5245901346206665,0.5714285969734192
31,c7UH_rxdZv4$_$33,-1.7999999523162842,0.49706512689590454,0.4752900004386902,0.17206424474716187,0.35264572501182556,-0.16893808543682098,0.2398836314678192,-0.05651632696390152,1.6310619115829468,2.039883613586426,1.7434836626052856,0.5145548582077026,0.13170485198497772,0.35374027490615845,text,text,1,0.8333333134651184,0.3333333432674408,0.5
310,k5Y_838nuGo$_$28,2.0,0.5832879543304443,0.28185996413230896,0.25262829661369324,0.4655117392539978,-0.06721444427967072,0.31335654854774475,0.07029690593481064,2.0672144889831543,1.6866434812545776,1.9297031164169312,0.1629391610622406,0.5793731808662415,0.25768762826919556,vision,audio,0,0.5,0.4375,0.5263158082962036
229,f_pcplsH_V0$_$10,1.2000000476837158,0.17936205863952637,0.43037062883377075,0.2647826671600342,0.30484670400619507,-0.433215856552124,-0.16784849762916565,-0.34491869807243347,1.6332159042358398,1.367848515510559,1.5449187755584717,0.20990189909934998,0.5083641409873962,0.28173404932022095,text,audio,0,0.7272727489471436,0.5272727012634277,0.39393940567970276
367,nbWiPyCm4g0$_$5,-1.399999976158142,0.10650696605443954,0.3516676723957062,0.2763209939002991,0.37201130390167236,-0.6328664422035217,-0.4560428857803345,-0.5080594420433044,0.7671335339546204,0.9439570903778076,0.8919405341148376,0.45160624384880066,0.25048497319221497,0.2979087829589844,vision,text,0,0.5555555820465088,0.5679012537002563,0.5104166865348816
96,cXypl4FnoZo$_$15,0.0,0.4442071318626404,0.33853277564048767,0.30753543972969055,0.35393181443214417,-0.16597262024879456,0.17927488684654236,-0.034496940672397614,0.16597262024879456,0.17927488684654236,0.034496940672397614,0.2851746082305908,0.2728058993816376,0.44201943278312683,vision,vision,1,0.5833333134651184,0.5529412031173706,0.4215686321258545
261,iiK8YX8oH1E$_$15,0.6000000238418579,0.6347940564155579,0.3369026780128479,0.3592070937156677,0.3038901686668396,0.0767531543970108,0.4689245820045471,0.2068246304988861,0.5232468843460083,0.1310754418373108,0.3931753933429718,0.16028955578804016,0.5924225449562073,0.24728797376155853,audio,audio,1,0.5,0.5,0.2222222238779068
319,k5Y_838nuGo$_$9,1.7999999523162842,0.49429160356521606,0.2839016020298004,0.30643701553344727,0.4096614122390747,-0.061109188944101334,0.27676787972450256,0.07152958959341049,1.8611091375350952,1.523232102394104,1.7284703254699707,0.17730163037776947,0.5468140840530396,0.2758842706680298,vision,audio,0,0.5,0.52173912525177,0.48148149251937866
79,cXypl4FnoZo$_$22,0.20000000298023224,0.17465999722480774,0.2921994924545288,0.27279990911483765,0.43500062823295593,-0.41594403982162476,-0.2032073438167572,-0.3730901777744293,0.6159440279006958,0.40320736169815063,0.5730901956558228,0.23890532553195953,0.4855049252510071,0.2755897343158722,vision,audio,0,0.5333333611488342,0.5094339847564697,0.5510203838348389
46,cM3Yna7AavY$_$6,2.799999952316284,0.3518560826778412,0.2977353632450104,0.2625237703323364,0.4397408366203308,-0.33841243386268616,-0.012531839311122894,-0.22179371118545532,3.1384124755859375,2.8125317096710205,3.0217936038970947,0.18388086557388306,0.5448755621910095,0.27124354243278503,vision,audio,0,0.46666666865348816,0.4642857015132904,0.5259259343147278
391,nzpVDcQ0ywM$_$15,-0.6000000238418579,0.048717617988586426,0.3544985353946686,0.21310296654701233,0.43239855766296387,-0.6269580721855164,-0.4886668920516968,-0.5555691123008728,0.026958048343658447,0.11133313179016113,0.04443091154098511,0.3706091642379761,0.27975040674209595,0.3496403694152832,vision,text,0,0.5,0.3333333432674408,0.4545454680919647
287,jUzDDGyPkXU$_$4,-1.600000023841858,0.2513596713542938,0.3542419373989105,0.23042240738868713,0.41533568501472473,-0.20991045236587524,-0.006575934588909149,-0.18026912212371826,1.390089511871338,1.5934240818023682,1.4197309017181396,0.41430824995040894,0.2103617638349533,0.3753300607204437,vision,text,0,0.6315789222717285,0.3932584226131439,0.5
629,yvsjCA6Y5Fc$_$21,-1.7999999523162842,0.05615346133708954,0.3594934046268463,0.2521083354949951,0.38839831948280334,-0.6287310123443604,-0.450577974319458,-0.5419675707817078,1.1712689399719238,1.3494219779968262,1.2580323219299316,0.43458330631256104,0.23997724056243896,0.325439453125,vision,text,0,0.5600000023841858,0.5113636255264282,0.5047619342803955
368,nbWiPyCm4g0$_$4,-2.200000047683716,0.3068154752254486,0.38467738032341003,0.2857286334037781,0.3295939564704895,-0.3974114656448364,-0.12548577785491943,-0.2707841992378235,1.8025885820388794,2.074514389038086,1.929215908050537,0.4855211675167084,0.19613508880138397,0.31834375858306885,text,text,1,0.5813953280448914,0.5433070659637451,0.41447368264198303
250,fvVhgmXxadc$_$2,-2.799999952316284,-0.05570802837610245,0.2577839493751526,0.28066298365592957,0.4615531265735626,-0.7333700656890869,-0.6436189413070679,-0.6971029043197632,2.0666298866271973,2.156381130218506,2.1028971672058105,0.38058075308799744,0.2821750044822693,0.3372442126274109,vision,text,0,0.3529411852359772,0.4883720874786377,0.5192307829856873
550,vvZ4IcEtiZc$_$9,2.200000047683716,0.6660223603248596,0.3458583652973175,0.2974206507205963,0.35672101378440857,-0.10288643836975098,0.3391919434070587,0.027393177151679993,2.302886486053467,1.8608081340789795,2.172606945037842,0.14474451541900635,0.6317948698997498,0.2234606295824051,vision,audio,0,0.53125,0.5376344323158264,0.4324324429035187
658,zhpQhgha_KU$_$23,-0.5,0.7077154517173767,0.40907779335975647,0.2682771384716034,0.3226450979709625,0.07392451167106628,0.5516777634620667,0.2271910011768341,0.5739245414733887,1.0516777038574219,0.7271909713745117,0.5545153021812439,0.1127963587641716,0.33268842101097107,text,text,1,0.8333333134651184,0.6000000238418579,0.5116279125213623
233,f_pcplsH_V0$_$14,-1.0,0.5880319476127625,0.27964505553245544,0.2588638365268707,0.4614911675453186,-0.046451859176158905,0.36540502309799194,0.10613875836133957,0.9535481333732605,1.3654050827026367,1.1061387062072754,0.5391713976860046,0.13661640882492065,0.3242122232913971,vision,text,0,0.5,0.47311827540397644,0.5714285969734192
209,f9O3YtZ2VfI$_$3,0.6000000238418579,0.8960295915603638,0.360440194606781,0.25697851181030273,0.38258132338523865,0.12018302083015442,0.6048401594161987,0.2831462621688843,0.4798170030117035,0.00484013557434082,0.31685376167297363,0.13171212375164032,0.6415420770645142,0.22674575448036194,vision,audio,0,0.6666666865348816,0.5135135054588318,0.47727271914482117
150,d6hH302o4v8$_$15,-1.75,0.12569382786750793,0.4570717215538025,0.2459314614534378,0.2969968318939209,-0.387829452753067,-0.22065269947052002,-0.3797619342803955,1.3621705770492554,1.52934730052948,1.3702380657196045,0.3927351236343384,0.22495031356811523,0.382314532995224,text,text,1,0.75,0.4285714328289032,0.3125
349,lXPQBPVc5Cw$_$6,-1.399999976158142,0.06100226193666458,0.2987356185913086,0.27876710891723633,0.42249730229377747,-0.6486528515815735,-0.46565234661102295,-0.5614929795265198,0.7513471245765686,0.9343476295471191,0.8385069966316223,0.43644964694976807,0.23714491724967957,0.32640543580055237,vision,text,0,0.4166666567325592,0.4880000054836273,0.47999998927116394
427,phBUpBr1hSo$_$11,2.0,0.7402644157409668,0.2683767080307007,0.2666017711162567,0.4650214910507202,0.129679337143898,0.5575200915336609,0.27290141582489014,1.8703206777572632,1.4424798488616943,1.7270985841751099,0.14761294424533844,0.6144513487815857,0.23793573677539825,vision,audio,0,0.4444444477558136,0.380952388048172,0.47999998927116394
393,nzpVDcQ0ywM$_$17,1.600000023841858,0.26315969228744507,0.328358918428421,0.20556411147117615,0.46607697010040283,-0.3454028069972992,-0.13838419318199158,-0.28719091415405273,1.9454028606414795,1.7383842468261719,1.8871909379959106,0.23764348030090332,0.4738229215145111,0.2885335683822632,vision,audio,0,0.5,0.30434781312942505,0.48148149251937866
655,zhpQhgha_KU$_$20,-1.399999976158142,0.19082972407341003,0.35752859711647034,0.302957147359848,0.33951419591903687,-0.374986857175827,-0.12601441144943237,-0.30646616220474243,1.0250130891799927,1.2739856243133545,1.0935337543487549,0.4480501115322113,0.1953897774219513,0.3565601408481598,text,text,1,0.6666666865348816,0.5714285969734192,0.4375
182,etzxEpPuc6I$_$12,0.6666666865348816,0.0871109664440155,0.34585264325141907,0.258696585893631,0.3954508304595947,-0.3606342375278473,-0.2247523069381714,-0.41801977157592773,1.0273009538650513,0.891418993473053,1.084686517715454,0.29421916604042053,0.46278607845306396,0.2429947406053543,vision,audio,0,0.5555555820465088,0.375,0.4000000059604645
505,tmZoasNr4rU$_$10,-1.7999999523162842,-0.030983585864305496,0.2607909142971039,0.2770285904407501,0.4621805250644684,-0.7102927565574646,-0.5807027816772461,-0.6657335162162781,1.0897071361541748,1.219297170639038,1.1342663764953613,0.3982153832912445,0.25853365659713745,0.3432510197162628,vision,text,0,0.4166666567325592,0.5199999809265137,0.5714285969734192
560,vyB00TXsimI$_$7,2.4000000953674316,1.471265196800232,0.25547394156455994,0.3240441083908081,0.42048195004463196,0.7144851684570312,1.1859480142593384,0.858669638633728,1.6855149269104004,1.2140520811080933,1.5413304567337036,0.13456888496875763,0.6478239297866821,0.21760714054107666,vision,audio,0,0.625,0.6756756901741028,0.644444465637207
322,k5Y_838nuGo$_$10,2.0,0.8557443022727966,0.27139779925346375,0.28877562284469604,0.4398265779018402,0.19429437816143036,0.6059128642082214,0.3510051965713501,1.8057056665420532,1.3940870761871338,1.64899480342865,0.15084116160869598,0.5948379635810852,0.2543208599090576,vision,audio,0,0.5454545617103577,0.517241358757019,0.529411792755127
152,d6hH302o4v8$_$17,-2.0,0.3762403726577759,0.518223762512207,0.21337120234966278,0.2684050500392914,-0.27934059500694275,0.08880844712257385,-0.18404890596866608,1.7206593751907349,2.088808536529541,1.8159511089324951,0.4948074519634247,0.14503931999206543,0.3601531684398651,text,text,1,0.8333333134651184,0.46666666865348816,0.3333333432674408
533,v0zCBqDeKcE$_$2,-0.4000000059604645,0.10726761072874069,0.360715389251709,0.23055720329284668,0.4087274372577667,-0.5325784087181091,-0.3020969033241272,-0.4490513801574707,0.13257840275764465,0.09790310263633728,0.049051374197006226,0.29039591550827026,0.3259778618812561,0.38362619280815125,vision,vision,1,0.5454545617103577,0.3636363744735718,0.44999998807907104
682,zhpQhgha_KU$_$35,0.6000000238418579,0.5309711694717407,0.28438466787338257,0.3117210566997528,0.4038943350315094,-0.10586276650428772,0.2766781449317932,0.045840658247470856,0.7058627605438232,0.3233218789100647,0.5541593432426453,0.16032584011554718,0.5738363862037659,0.26583775877952576,vision,audio,0,0.52173912525177,0.5714285969734192,0.511904776096344
357,lXPQBPVc5Cw$_$14,-2.200000047683716,0.36940518021583557,0.41598108410835266,0.2361961305141449,0.34782272577285767,-0.30248764157295227,0.050431158393621445,-0.17235085368156433,1.897512435913086,2.2504312992095947,2.027649164199829,0.5111331343650818,0.15762744843959808,0.33123940229415894,text,text,1,0.6363636255264282,0.4126984179019928,0.4000000059604645
268,iiK8YX8oH1E$_$2,1.2000000476837158,0.38456985354423523,0.2429080754518509,0.22907602787017822,0.5280158519744873,-0.2635013461112976,0.001464150846004486,-0.17307107150554657,1.4635014533996582,1.1985359191894531,1.3730710744857788,0.2096230536699295,0.5070092678070068,0.28336772322654724,vision,audio,0,0.4285714328289032,0.4000000059604645,0.6052631735801697
463,rnaNMUZpvvg$_$12,-1.0,0.2869030833244324,0.26521798968315125,0.251849889755249,0.48293212056159973,-0.2397613823413849,-0.005154356360435486,-0.17258383333683014,0.7602386474609375,0.9948456287384033,0.827416181564331,0.4430945813655853,0.20270667970180511,0.354198694229126,vision,text,0,0.5,0.4583333432674408,0.5964912176132202
22,c7UH_rxdZv4$_$12,-2.799999952316284,0.010332919657230377,0.3848111629486084,0.26093757152557373,0.3542512357234955,-0.5086103081703186,-0.41035497188568115,-0.5532758831977844,2.2913897037506104,2.3896450996398926,2.2467241287231445,0.3470715582370758,0.2501380443572998,0.4027903378009796,text,vision,0,0.5714285969734192,0.39393940567970276,0.3333333432674408
158,d6hH302o4v8$_$37,-2.200000047683716,0.15797460079193115,0.5338945388793945,0.16349247097969055,0.30261296033859253,-0.40983155369758606,-0.21187373995780945,-0.4375045597553253,1.7901685237884521,1.988126277923584,1.762495517730713,0.3826204240322113,0.19778582453727722,0.4195937514305115,text,vision,0,1.0,0.5,0.5555555820465088
87,cXypl4FnoZo$_$4,-0.800000011920929,0.010895662009716034,0.34541407227516174,0.2506726086139679,0.403913289308548,-0.6042705774307251,-0.4693373441696167,-0.5838199853897095,0.19572943449020386,0.33066266775131226,0.21618002653121948,0.38882166147232056,0.24797886610031128,0.36319950222969055,vision,text,0,0.625,0.5211267471313477,0.5529412031173706
344,lXPQBPVc5Cw$_$3,-2.4000000953674316,-0.09484662115573883,0.2869504988193512,0.23111222684383392,0.4819372892379761,-0.6323351263999939,-0.6162877082824707,-0.714259684085846,1.767664909362793,1.783712387084961,1.6857404708862305,0.30656784772872925,0.29059988260269165,0.4028322994709015,vision,vision,1,0.5,0.38461539149284363,0.5483871102333069
597,wMbj6ajWbic$_$15,2.0,0.07962518185377121,0.27747681736946106,0.23478582501411438,0.4877373278141022,-0.5254665613174438,-0.3749144375324249,-0.525048017501831,2.5254664421081543,2.3749144077301025,2.525048017501831,0.27373600006103516,0.4521457850933075,0.27411818504333496,vision,audio,0,0.47058823704719543,0.3913043439388275,0.5636363625526428
561,vyB00TXsimI$_$6,2.0,0.6849629282951355,0.32059821486473083,0.25434648990631104,0.42505523562431335,0.11525776982307434,0.5295857191085815,0.24330097436904907,1.884742259979248,1.4704142808914185,1.7566990852355957,0.15357175469398499,0.6111005544662476,0.2353276163339615,vision,audio,0,0.6086956262588501,0.4868420958518982,0.554347813129425
568,vyB00TXsimI$_$15,2.5999999046325684,0.06772050261497498,0.25920867919921875,0.2455175369977951,0.49527379870414734,-0.6133707165718079,-0.4413851499557495,-0.5527658462524414,3.2133705615997314,3.0413851737976074,3.1527657508850098,0.25012803077697754,0.44374844431877136,0.3061235249042511,vision,audio,0,0.44999998807907104,0.47826087474823,0.6219512224197388
545,vvZ4IcEtiZc$_$2,2.4000000953674316,1.0975269079208374,0.3252098858356476,0.2640969753265381,0.41069313883781433,0.37748363614082336,0.8664133548736572,0.5110753774642944,2.0225164890289307,1.5335867404937744,1.8889247179031372,0.13048620522022247,0.6658291220664978,0.2036847174167633,vision,audio,0,0.5,0.4117647111415863,0.44999998807907104
195,etzxEpPuc6I$_$6,0.4000000059604645,1.1928308010101318,0.304055780172348,0.23831798136234283,0.4576261639595032,0.5937396883964539,1.022463321685791,0.7219520807266235,0.19373968243598938,0.6224633455276489,0.32195207476615906,0.528611421585083,0.12661801278591156,0.34477055072784424,vision,text,0,0.6666666865348816,0.4722222089767456,0.6279069781303406
467,rnaNMUZpvvg$_$16,-1.7999999523162842,0.43743836879730225,0.41424083709716797,0.14819692075252533,0.4375622272491455,-0.09832939505577087,0.20159633457660675,-0.01265445351600647,1.701670527458191,2.001596212387085,1.7873455286026,0.4717990458011627,0.17360819876194,0.35459277033805847,vision,text,0,0.800000011920929,0.2857142984867096,0.5882353186607361
98,cXypl4FnoZo$_$17,-0.6000000238418579,0.19443336129188538,0.30698829889297485,0.27914494276046753,0.41386678814888,-0.3727216422557831,-0.16841256618499756,-0.3515452742576599,0.22727838158607483,0.43158745765686035,0.248454749584198,0.4101821780204773,0.20759128034114838,0.3822265863418579,vision,text,0,0.5384615659713745,0.48275861144065857,0.48571428656578064
372,nbWiPyCm4g0$_$8,-2.200000047683716,-0.1464262306690216,0.41431722044944763,0.233708456158638,0.35197433829307556,-0.8725844621658325,-0.8556981086730957,-0.8184221386909485,1.3274155855178833,1.3443019390106201,1.381577968597412,0.3597011864185333,0.340013712644577,0.3002850413322449,text,text,1,0.6666666865348816,0.5263158082962036,0.489130437374115
85,cXypl4FnoZo$_$2,1.0,0.2673044204711914,0.29861289262771606,0.3376847207546234,0.3637023866176605,-0.316887229681015,-0.0305742546916008,-0.22037315368652344,1.3168872594833374,1.0305742025375366,1.2203731536865234,0.2009427547454834,0.5218587517738342,0.27719852328300476,vision,audio,0,0.5,0.5483871102333069,0.4054054021835327
358,lXPQBPVc5Cw$_$17,-1.7999999523162842,0.2627882957458496,0.27302372455596924,0.2744632065296173,0.45251309871673584,-0.33332425355911255,-0.076564259827137,-0.25596898794174194,1.4666757583618164,1.723435640335083,1.5440309047698975,0.45503661036491394,0.19335182011127472,0.3516116142272949,vision,text,0,0.5,0.52173912525177,0.5783132314682007
623,yDtzw_Y-7RU$_$14,2.200000047683716,0.5068296194076538,0.316570520401001,0.2759723365306854,0.4074572026729584,-0.1711171418428421,0.24032455682754517,-0.0015012472867965698,2.371117115020752,1.9596755504608154,2.2015013694763184,0.1492253541946411,0.5881190896034241,0.2626555562019348,vision,audio,0,0.5652173757553101,0.5280898809432983,0.5233644843101501
26,c7UH_rxdZv4$_$16,-2.0,0.0013950802385807037,0.4824601113796234,0.23591621220111847,0.2816236913204193,-0.6265596747398376,-0.47823894023895264,-0.5489590764045715,1.3734402656555176,1.5217610597610474,1.4510409832000732,0.4198128283023834,0.25605863332748413,0.32412847876548767,text,text,1,0.800000011920929,0.5454545617103577,0.38461539149284363
223,f9O3YtZ2VfI$_$17,-2.0,0.18052423000335693,0.41384392976760864,0.26760435104370117,0.3185517489910126,-0.41341862082481384,-0.17685648798942566,-0.35268157720565796,1.5865813493728638,1.823143482208252,1.6473183631896973,0.4402901828289032,0.20011530816555023,0.35959455370903015,text,text,1,0.7058823704719543,0.5205479264259338,0.38596490025520325
308,k5Y_838nuGo$_$22,0.4000000059604645,0.816119372844696,0.392133504152298,0.32067814469337463,0.28718841075897217,0.12949314713478088,0.6223975419998169,0.286487877368927,0.2705068588256836,0.22239753603935242,0.11351212859153748,0.2589631974697113,0.3040068745613098,0.4370299279689789,text,vision,0,0.800000011920929,0.6875,0.44736841320991516
669,zhpQhgha_KU$_$8,-1.0,0.19518306851387024,0.3171359598636627,0.23580217361450195,0.4470619559288025,-0.40383055806159973,-0.16183698177337646,-0.3277415633201599,0.5961694717407227,0.8381630182266235,0.6722584366798401,0.4499777853488922,0.20084893703460693,0.34917327761650085,vision,text,0,0.6000000238418579,0.46341463923454285,0.5918367505073547
366,nbWiPyCm4g0$_$2,-2.4000000953674316,0.7329229116439819,0.29893168807029724,0.21962320804595947,0.4814450442790985,-0.20987313985824585,0.27887392044067383,-0.07175782322883606,2.190126895904541,2.6788740158081055,2.328242301940918,0.5473048090934753,0.10732363164424896,0.34537163376808167,vision,text,0,0.5384615659713745,0.5,0.6666666865348816
630,yvsjCA6Y5Fc$_$22,-1.600000023841858,-0.09340978413820267,0.3065747916698456,0.2973596751689911,0.39606547355651855,-0.5749062299728394,-0.6278133392333984,-0.6769803762435913,1.0250937938690186,0.9721866846084595,0.9230196475982666,0.2779199182987213,0.3315206468105316,0.39055943489074707,vision,vision,1,0.5714285969734192,0.5714285969734192,0.47058823704719543
110,d3_k5Xpfmik$_$19,0.20000000298023224,0.6928160190582275,0.35243871808052063,0.2586301565170288,0.38893112540245056,-0.02699894830584526,0.4684239625930786,0.1533750593662262,0.2269989550113678,0.26842397451400757,0.04662494361400604,0.2706054151058197,0.23570434749126434,0.49369022250175476,vision,vision,1,0.6176470518112183,0.48148149251937866,0.4806201457977295
242,f_pcplsH_V0$_$8,0.800000011920929,0.7357033491134644,0.4115523397922516,0.20212477445602417,0.38632288575172424,0.19243204593658447,0.6133462190628052,0.33311307430267334,0.6075679659843445,0.18665379285812378,0.4668869376182556,0.15001794695854187,0.6102092862129211,0.2397727519273758,text,audio,0,0.75,0.3461538553237915,0.4838709533214569
139,d6hH302o4v8$_$4,-1.600000023841858,0.10906683653593063,0.23540855944156647,0.35566794872283936,0.408923476934433,-0.5669028759002686,-0.3809071183204651,-0.5037153363227844,1.0330971479415894,1.219092845916748,1.0962846279144287,0.42588892579078674,0.22910788655281067,0.3450031578540802,vision,text,0,0.25,0.529411792755127,0.4000000059604645
280,jUzDDGyPkXU$_$21,-1.0,0.6833597421646118,0.43075984716415405,0.2141423374414444,0.35509780049324036,0.13370148837566376,0.5625698566436768,0.2578543722629547,1.1337014436721802,1.5625698566436768,1.2578543424606323,0.5261721611022949,0.1259729266166687,0.347854882478714,text,text,1,0.75,0.34285715222358704,0.4285714328289032
594,wMbj6ajWbic$_$10,-1.7999999523162842,0.6026403307914734,0.23650850355625153,0.3424641489982605,0.4210273027420044,0.05687249079346657,0.4124966859817505,0.1932096779346466,1.8568724393844604,2.212496757507324,1.9932096004486084,0.5153543949127197,0.15750236809253693,0.32714322209358215,vision,text,0,0.4545454680919647,0.5789473652839661,0.5
324,k5Y_838nuGo$_$12,0.20000000298023224,0.46929967403411865,0.33695951104164124,0.2805666923522949,0.38247379660606384,-0.09273973107337952,0.24240905046463013,0.023982085287570953,0.29273974895477295,0.04240904748439789,0.1760179102420807,0.2092432826757431,0.4819948077201843,0.30876192450523376,vision,audio,0,0.6315789222717285,0.5333333611488342,0.5
47,cM3Yna7AavY$_$9,-0.20000000298023224,0.8796275854110718,0.39471879601478577,0.264717698097229,0.34056356549263,0.09899139404296875,0.5931253433227539,0.23105108737945557,0.2989913821220398,0.793125331401825,0.4310510754585266,0.544510006904602,0.10487543046474457,0.3506145179271698,text,text,1,0.6666666865348816,0.534246563911438,0.4597701132297516
76,cXypl4FnoZo$_$27,0.800000011920929,0.18495571613311768,0.42862850427627563,0.1935761719942093,0.3777953088283539,-0.3080752193927765,-0.13955315947532654,-0.25611254572868347,1.1080752611160278,0.9395531415939331,1.05611252784729,0.2536245286464691,0.444786936044693,0.30158859491348267,text,audio,0,0.7142857313156128,0.30000001192092896,0.4166666567325592
495,tStelxIAHjw$_$1,0.0,1.0549362897872925,0.28581520915031433,0.26103898882865906,0.4531458020210266,0.4560549557209015,0.8709855079650879,0.6022592782974243,0.4560549557209015,0.8709855079650879,0.6022592782974243,0.5361778736114502,0.13447308540344238,0.3293490409851074,vision,text,0,0.5833333134651184,0.47826087474823,0.5783132314682007
673,zhpQhgha_KU$_$12,-1.399999976158142,0.08349891752004623,0.2316519170999527,0.3283292055130005,0.44001880288124084,-0.5750229954719543,-0.3941143751144409,-0.5182350873947144,0.8249769806861877,1.0058856010437012,0.8817648887634277,0.4211065173149109,0.23040930926799774,0.34848418831825256,vision,text,0,0.31578946113586426,0.5600000023841858,0.5
83,cXypl4FnoZo$_$1,1.0,0.2747839391231537,0.4067123830318451,0.295987069606781,0.2973005473613739,-0.2351660579442978,0.031883127987384796,-0.14805194735527039,1.235166072845459,0.9681168794631958,1.1480519771575928,0.20953533053398132,0.5103294253349304,0.28013527393341064,text,audio,0,0.7692307829856873,0.6086956262588501,0.40740740299224854
212,f9O3YtZ2VfI$_$4,-2.4000000953674316,0.11161921173334122,0.2581012547016144,0.27644744515419006,0.4654512405395508,-0.5058466196060181,-0.3909977078437805,-0.5066232085227966,1.8941534757614136,2.009002447128296,1.8933768272399902,0.37250593304634094,0.25402259826660156,0.3734714984893799,vision,vision,1,0.27272728085517883,0.375,0.3913043439388275
68,cW1FSBF59ik$_$14,-1.2000000476837158,0.16065675020217896,0.31741589307785034,0.2317591905593872,0.45082494616508484,-0.45755261182785034,-0.19982928037643433,-0.37938886880874634,0.7424474358558655,1.0001707077026367,0.8206111788749695,0.45575034618377686,0.19303426146507263,0.35121533274650574,vision,text,0,0.5652173757553101,0.4326923191547394,0.5714285969734192
529,v0zCBqDeKcE$_$14,1.5,0.4373597502708435,0.35656771063804626,0.25495603680610657,0.38847631216049194,-0.11222167313098907,0.23110774159431458,0.02461424469947815,1.6122217178344727,1.2688922882080078,1.4753857851028442,0.17486818134784698,0.5492004752159119,0.27593129873275757,vision,audio,0,0.75,0.5517241358757019,0.5882353186607361
359,lXPQBPVc5Cw$_$16,0.20000000298023224,0.14622104167938232,0.2775067985057831,0.304250031709671,0.41824308037757874,-0.4708477258682251,-0.23563158512115479,-0.4031885266304016,0.6708477139472961,0.43563157320022583,0.6031885147094727,0.22505688667297363,0.49294960498809814,0.28199347853660583,vision,audio,0,0.5,0.6000000238418579,0.5555555820465088
199,f9O3YtZ2VfI$_$25,-1.399999976158142,1.1906259059906006,0.2692738175392151,0.2846275866031647,0.44609856605529785,0.48067376017570496,0.9383177757263184,0.6299949288368225,1.8806737661361694,2.33831787109375,2.0299949645996094,0.5478187799453735,0.11915966868400574,0.33302152156829834,vision,text,0,0.5,0.4761904776096344,0.5199999809265137
514,tmZoasNr4rU$_$20,-1.0,-0.1851629614830017,0.32871147990226746,0.25464969873428345,0.4166388511657715,-0.7964702248573303,-0.8088793754577637,-0.8333097696304321,0.20352977514266968,0.19112062454223633,0.16669023036956787,0.3151703178882599,0.3284803628921509,0.356349378824234,vision,vision,1,0.6000000238418579,0.5384615659713745,0.5625
267,iiK8YX8oH1E$_$3,-1.25,0.1782587170600891,0.17541423439979553,0.33120760321617126,0.493378221988678,-0.41191211342811584,-0.306033730506897,-0.4520265460014343,0.8380879163742065,0.943966269493103,0.7979734539985657,0.3514080047607422,0.24690911173820496,0.40168285369873047,vision,vision,1,0.1428571492433548,0.4444444477558136,0.4375
347,lXPQBPVc5Cw$_$4,-1.2000000476837158,-0.1997300386428833,0.2915688455104828,0.28407683968544006,0.42435431480407715,-0.8437725901603699,-0.8447548151016235,-0.8589802980422974,0.35622745752334595,0.3552452325820923,0.34101974964141846,0.32730239629745483,0.32837581634521484,0.3443218171596527,vision,vision,1,0.4285714328289032,0.5,0.4893617033958435
346,lXPQBPVc5Cw$_$5,-1.0,0.12851154804229736,0.3978278636932373,0.2493436336517334,0.3528285026550293,-0.5341275930404663,-0.2868400514125824,-0.4136523902416229,0.4658724069595337,0.7131599187850952,0.5863475799560547,0.4744272530078888,0.2080579400062561,0.3175148069858551,text,text,1,0.6071428656578064,0.4868420958518982,0.44565218687057495
426,pLTX3ipuDJI$_$8,-2.0,0.37514516711235046,0.262704461812973,0.3449780344963074,0.3923175632953644,-0.14247870445251465,0.12145727872848511,-0.027540620416402817,1.8575212955474854,2.12145733833313,1.9724594354629517,0.4769633412361145,0.1978783756494522,0.32515832781791687,vision,text,0,0.48148149251937866,0.5967742204666138,0.47297295928001404
92,cXypl4FnoZo$_$11,1.399999976158142,0.1991395652294159,0.28866493701934814,0.29402878880500793,0.4173063039779663,-0.37996307015419006,-0.16315290331840515,-0.3369429409503937,1.7799630165100098,1.5631529092788696,1.7369428873062134,0.2372940182685852,0.4888230562210083,0.2738829255104065,vision,audio,0,0.5483871102333069,0.568965494632721,0.5306122303009033
296,jUzDDGyPkXU$_$15,1.3333333730697632,0.05202741175889969,0.2800551950931549,0.329990029335022,0.3899547755718231,-0.45934024453163147,-0.3430650234222412,-0.5024741888046265,1.7926735877990723,1.6763983964920044,1.8358075618743896,0.2994464635848999,0.4412093460559845,0.2593441605567932,vision,audio,0,0.529411792755127,0.5909090638160706,0.49056604504585266
663,zhpQhgha_KU$_$2,1.600000023841858,0.9597256779670715,0.2616831958293915,0.24622291326522827,0.49209386110305786,0.32838764786720276,0.791102409362793,0.4915837049484253,1.2716124057769775,0.8088976144790649,1.1084163188934326,0.13516107201576233,0.6319750547409058,0.2328639179468155,vision,audio,0,0.5,0.4375,0.6153846383094788
401,ob23OKe5a9Q$_$14,0.800000011920929,0.6196069121360779,0.289434015750885,0.28205350041389465,0.4285125136375427,0.04229414090514183,0.43520331382751465,0.19700008630752563,0.7577058672904968,0.3647966980934143,0.6029999256134033,0.15674376487731934,0.580743670463562,0.26251253485679626,vision,audio,0,0.5,0.44897958636283875,0.470085471868515
445,phBUpBr1hSo$_$9,-2.0,0.22821000218391418,0.299291729927063,0.26398569345474243,0.4367225468158722,-0.3597906529903412,-0.06860872358083725,-0.2564809322357178,1.6402093172073364,1.9313912391662598,1.7435190677642822,0.4790366291999817,0.18148458003997803,0.3394787609577179,vision,text,0,0.5199999809265137,0.4154929518699646,0.47777777910232544
406,ob23OKe5a9Q$_$4,-1.5,0.21182504296302795,0.3857130706310272,0.27032315731048584,0.3439638316631317,-0.2817123234272003,-0.046617425978183746,-0.21291619539260864,1.218287706375122,1.4533826112747192,1.2870838642120361,0.4440872073173523,0.2028307020664215,0.3530820310115814,text,text,1,0.800000011920929,0.5925925970077515,0.5151515007019043
683,zhpQhgha_KU$_$34,1.2000000476837158,0.5826455950737,0.29172420501708984,0.22257372736930847,0.48570212721824646,-0.03125319629907608,0.37613993883132935,0.13300776481628418,1.2312532663345337,0.8238601088523865,1.0669922828674316,0.15111884474754333,0.5875983834266663,0.2612827718257904,vision,audio,0,0.5,0.3333333432674408,0.5454545617103577
32,c7UH_rxdZv4$_$32,-2.200000047683716,0.0764586552977562,0.30472683906555176,0.2822655439376831,0.41300755739212036,-0.45094236731529236,-0.2818516492843628,-0.4659464657306671,1.749057650566101,1.918148398399353,1.734053611755371,0.3816179931163788,0.21719256043434143,0.4011894166469574,vision,vision,1,0.6666666865348816,0.6000000238418579,0.6086956262588501
542,vvZ4IcEtiZc$_$12,0.20000000298023224,0.6813513040542603,0.35447531938552856,0.2575923502445221,0.38793236017227173,-0.09071813523769379,0.41093242168426514,0.04199085384607315,0.290718138217926,0.2109324187040329,0.1580091416835785,0.2589966356754303,0.3379059135913849,0.4030974805355072,vision,vision,1,0.6000000238418579,0.512499988079071,0.5121951103210449
105,d3_k5Xpfmik$_$12,2.0,0.5448586940765381,0.36718660593032837,0.27108508348464966,0.3617282807826996,-0.13254590332508087,0.28962385654449463,0.01693131774663925,2.1325459480285645,1.7103761434555054,1.9830687046051025,0.14857763051986694,0.6068856716156006,0.24453666806221008,text,audio,0,0.625,0.5,0.43661972880363464
352,lXPQBPVc5Cw$_$11,-1.7999999523162842,-0.16296446323394775,0.3815496861934662,0.28936800360679626,0.32908231019973755,-0.8099213242530823,-0.8157286047935486,-0.8295294642448425,0.9900786280632019,0.9842713475227356,0.9704704880714417,0.32392963767051697,0.3302612900733948,0.34580910205841064,text,vision,0,0.6666666865348816,0.5714285969734192,0.4444444477558136
400,ob23OKe5a9Q$_$12,2.799999952316284,1.3611398935317993,0.31357038021087646,0.2503063976764679,0.43612319231033325,0.6612430214881897,1.1096796989440918,0.8439316749572754,2.1387569904327393,1.6903202533721924,1.9560682773590088,0.13704420626163483,0.6109970808029175,0.25195878744125366,vision,audio,0,0.6363636255264282,0.4285714328289032,0.529411792755127
63,cW1FSBF59ik$_$11,-1.0,0.1339382827281952,0.30333760380744934,0.29446056485176086,0.4022018015384674,-0.4708820581436157,-0.26133641600608826,-0.4087158739566803,0.5291179418563843,0.7386635541915894,0.5912841558456421,0.43286702036857605,0.21528120338916779,0.3518517017364502,vision,text,0,0.529411792755127,0.5529412031173706,0.5048543810844421
41,cM3Yna7AavY$_$3,1.0,0.3674706816673279,0.40692418813705444,0.2650601267814636,0.32801568508148193,-0.29735249280929565,0.014339834451675415,-0.1986149549484253,1.2973525524139404,0.985660195350647,1.1986149549484253,0.191715270280838,0.5418480634689331,0.2664366662502289,text,audio,0,0.6875,0.5531914830207825,0.4482758641242981
440,phBUpBr1hSo$_$2,2.200000047683716,0.9515788555145264,0.40221473574638367,0.26733413338661194,0.3304511606693268,0.37606725096702576,0.8062857985496521,0.5372539758682251,1.8239327669143677,1.393714189529419,1.6627460718154907,0.14477922022342682,0.6074512600898743,0.2477695345878601,text,audio,0,0.7142857313156128,0.44999998807907104,0.375
482,tIrG4oNLFzE$_$5,0.4000000059604645,0.5120617747306824,0.237839475274086,0.3930547833442688,0.369105726480484,-0.030405275523662567,0.27028295397758484,0.10818880051374435,0.43040528893470764,0.12971705198287964,0.2918111979961395,0.18826226890087128,0.5129252672195435,0.29881250858306885,audio,audio,1,0.4166666567325592,0.6333333253860474,0.4166666567325592
1,c7UH_rxdZv4$_$25,0.0,0.3934822678565979,0.1852150708436966,0.26501619815826416,0.5497687458992004,-0.24030953645706177,-0.03949213773012161,-0.19442099332809448,0.24030953645706177,0.03949213773012161,0.19442099332809448,0.2428169548511505,0.4742331802845001,0.282949835062027,vision,audio,0,0.3333333432674408,0.5,0.6399999856948853
23,c7UH_rxdZv4$_$15,-2.4000000953674316,0.1633676290512085,0.5466899275779724,0.2001495510339737,0.2531605064868927,-0.4082925021648407,-0.20455139875411987,-0.3510625660419464,1.9917075634002686,2.195448637008667,2.0489375591278076,0.4285629391670227,0.21730466187000275,0.35413238406181335,text,text,1,1.0,0.5,0.4000000059604645
140,d6hH302o4v8$_$7,-2.799999952316284,0.04864580184221268,0.3548913300037384,0.26617708802223206,0.37893155217170715,-0.631486177444458,-0.4663392901420593,-0.5606573820114136,2.168513774871826,2.33366060256958,2.23934268951416,0.4225877821445465,0.24369263648986816,0.33371952176094055,vision,text,0,0.5555555820465088,0.4864864945411682,0.4545454680919647
102,d3_k5Xpfmik$_$11,2.4000000953674316,0.8689532279968262,0.3123401999473572,0.3109264075756073,0.3767333924770355,0.2636508047580719,0.6954378485679626,0.40438464283943176,2.1363492012023926,1.7045621871948242,1.9956154823303223,0.1467076987028122,0.618769109249115,0.234523206949234,vision,audio,0,0.5625,0.508474588394165,0.4285714328289032
425,pLTX3ipuDJI$_$9,0.0,0.08550933748483658,0.3231566846370697,0.263943076133728,0.4129002094268799,-0.4123237431049347,-0.2762407958507538,-0.4537855088710785,0.4123237431049347,0.2762407958507538,0.4537855088710785,0.2902839183807373,0.4569021761417389,0.2528139352798462,vision,audio,0,0.59375,0.4848484992980957,0.5128205418586731
43,cM3Yna7AavY$_$5,2.799999952316284,0.026190251111984253,0.37663042545318604,0.22535718977451324,0.39801231026649475,-0.5836634039878845,-0.4141567349433899,-0.5417641997337341,3.3836634159088135,3.2141566276550293,3.341764211654663,0.255795419216156,0.45006877183914185,0.29413580894470215,vision,audio,0,0.6666666865348816,0.4651162922382355,0.5384615659713745
111,d3_k5Xpfmik$_$18,0.800000011920929,0.7591676115989685,0.27861499786376953,0.28266721963882446,0.438717782497406,0.1328202337026596,0.5529394745826721,0.252934068441391,0.6671797633171082,0.24706053733825684,0.5470659732818604,0.1526903361082077,0.6194360256195068,0.22787363827228546,vision,audio,0,0.4285714328289032,0.37837839126586914,0.40909090638160706
186,etzxEpPuc6I$_$16,-2.4000000953674316,0.22322270274162292,0.37874019145965576,0.21142102777957916,0.4098387360572815,-0.29742640256881714,-0.03870830684900284,-0.21780917048454285,2.1025736331939697,2.3612918853759766,2.1821908950805664,0.4568178355693817,0.19284571707248688,0.3503364026546478,vision,text,0,0.75,0.4444444477558136,0.5813953280448914
274,iiK8YX8oH1E$_$8,-1.0,0.0842009112238884,0.2823064625263214,0.2572658061981201,0.4604277014732361,-0.5096503496170044,-0.3612344264984131,-0.5105962157249451,0.4903496503829956,0.6387655735015869,0.48940378427505493,0.3827165961265564,0.2333582490682602,0.3839251399040222,vision,vision,1,0.5,0.46875,0.5526315569877625
154,d6hH302o4v8$_$19,-2.799999952316284,0.4298059642314911,0.3485172390937805,0.26240065693855286,0.38908207416534424,-0.22659388184547424,0.13766103982925415,-0.09334608912467957,2.5734059810638428,2.9376609325408936,2.7066538333892822,0.515911877155304,0.15320122241973877,0.3308868706226349,vision,text,0,0.6666666865348816,0.5666666626930237,0.5675675868988037
365,nbWiPyCm4g0$_$3,-1.7999999523162842,-0.14097966253757477,0.33677610754966736,0.27940982580184937,0.3838140666484833,-0.8541184663772583,-0.8189877271652222,-0.7938647866249084,0.9458814859390259,0.981012225151062,1.0061352252960205,0.3693399429321289,0.32852572202682495,0.30213436484336853,vision,text,0,0.4166666567325592,0.46666666865348816,0.4000000059604645
503,tStelxIAHjw$_$8,-2.0,1.0750223398208618,0.17394623160362244,0.35173434019088745,0.4743195176124573,0.38298800587654114,0.7882716655731201,0.5296018719673157,2.3829879760742188,2.78827166557312,2.529601812362671,0.5340707898139954,0.1383218765258789,0.32760733366012573,vision,text,0,0.4444444477558136,0.7272727489471436,0.692307710647583
667,zhpQhgha_KU$_$6,1.0,0.21734043955802917,0.3006655275821686,0.17841161787509918,0.5209228992462158,-0.5131663084030151,-0.24975043535232544,-0.3950705826282501,1.5131663084030151,1.2497503757476807,1.3950705528259277,0.20455770194530487,0.49220889806747437,0.3032333254814148,vision,audio,0,0.6000000238418579,0.3499999940395355,0.7083333134651184
388,nzpVDcQ0ywM$_$10,-1.0,0.2999162971973419,0.3339320123195648,0.2753889858722687,0.3906790018081665,-0.2720631957054138,-0.0034099817276000977,-0.1806136816740036,0.7279368042945862,0.9965900182723999,0.8193863034248352,0.46606001257896423,0.19033843278884888,0.3436015844345093,vision,text,0,0.6000000238418579,0.5222222208976746,0.5
577,wMbj6ajWbic$_$27,0.0,0.3452777564525604,0.25990772247314453,0.302511602640152,0.43758073449134827,-0.18007582426071167,0.052496328949928284,-0.09801647067070007,0.18007582426071167,0.052496328949928284,0.09801647067070007,0.2601054906845093,0.3979603350162506,0.3419342339038849,vision,audio,0,0.4444444477558136,0.47999998927116394,0.48275861144065857
470,tIrG4oNLFzE$_$11,-1.600000023841858,-0.06727080047130585,0.35344910621643066,0.23839761316776276,0.4081532955169678,-0.743863046169281,-0.6585583686828613,-0.7104448080062866,0.8561369776725769,0.9414416551589966,0.8895552158355713,0.37777334451675415,0.28427591919898987,0.3379507064819336,vision,text,0,0.5625,0.4649122953414917,0.5147058963775635
284,jUzDDGyPkXU$_$3,0.0,0.5719609260559082,0.3011190891265869,0.26813358068466187,0.43074730038642883,0.06555752456188202,0.4201975464820862,0.19987645745277405,0.06555752456188202,0.4201975464820862,0.19987645745277405,0.5139535069465637,0.15759041905403137,0.3284560441970825,vision,text,0,0.5555555820465088,0.4444444477558136,0.5
423,pLTX3ipuDJI$_$7,0.800000011920929,0.23503544926643372,0.3403775691986084,0.2157328724861145,0.4438895583152771,-0.29090067744255066,-0.08439306169748306,-0.2658785879611969,1.0909006595611572,0.8843930959701538,1.0658786296844482,0.2452525496482849,0.4881618916988373,0.2665855586528778,vision,audio,0,0.6428571343421936,0.4047619104385376,0.5600000023841858
50,cW1FSBF59ik$_$20,2.5,1.7132350206375122,0.2614906132221222,0.3317743241786957,0.40673503279685974,0.8848675489425659,1.3873730897903442,1.152298927307129,1.615132451057434,1.1126269102096558,1.347701072692871,0.11392730474472046,0.6082457900047302,0.2778269648551941,vision,audio,0,0.5454545617103577,0.5614035129547119,0.5072463750839233
552,vyB00TXsimI$_$20,2.200000047683716,0.7573820352554321,0.3165007531642914,0.24066850543022156,0.44283074140548706,0.04157121106982231,0.5270403027534485,0.22358429431915283,2.158428907394409,1.672959804534912,1.976415753364563,0.12692700326442719,0.6402397155761719,0.23283329606056213,vision,audio,0,0.6363636255264282,0.4838709533214569,0.5945945978164673
647,yvsjCA6Y5Fc$_$17,-0.6000000238418579,0.3756585419178009,0.29999515414237976,0.30905523896217346,0.3909495770931244,-0.2634541690349579,0.05257018655538559,-0.18280029296875,0.3365458548069,0.6525701880455017,0.4171997308731079,0.47325950860977173,0.16504687070846558,0.3616936504840851,vision,text,0,0.46666666865348816,0.5102040767669678,0.4237288236618042
528,v0zCBqDeKcE$_$15,2.4000000953674316,1.2072371244430542,0.318573921918869,0.2777489721775055,0.4036771059036255,0.5136522650718689,0.956244945526123,0.6588951349258423,1.886347770690918,1.4437551498413086,1.7411049604415894,0.14295582473278046,0.6250578761100769,0.23198634386062622,vision,audio,0,0.625,0.5,0.5
355,lXPQBPVc5Cw$_$12,-2.0,0.4630948305130005,0.2537284791469574,0.2661060690879822,0.4801654815673828,-0.12078474462032318,0.19683197140693665,-0.004010498523712158,1.8792152404785156,2.1968319416046143,1.9959895610809326,0.49395766854286194,0.171353280544281,0.33468911051750183,vision,text,0,0.5384615659713745,0.5714285969734192,0.6666666865348816
338,lXPQBPVc5Cw$_$21,1.7999999523162842,0.3817518353462219,0.24652841687202454,0.25390198826789856,0.4995696544647217,-0.2340422421693802,0.018871881067752838,-0.1551421880722046,2.0340421199798584,1.7811280488967896,1.9551421403884888,0.21625079214572906,0.5024446249008179,0.28130462765693665,vision,audio,0,0.4166666567325592,0.4285714328289032,0.5600000023841858
40,cM3Yna7AavY$_$1,2.200000047683716,-0.0032147057354450226,0.3796272575855255,0.24774736166000366,0.37262535095214844,-0.586096465587616,-0.4703487157821655,-0.6062530279159546,2.7860965728759766,2.670348644256592,2.806252956390381,0.29361262917518616,0.4318539798259735,0.2745334208011627,text,audio,0,0.6000000238418579,0.4300000071525574,0.43157893419265747
469,rnaNMUZpvvg$_$18,-2.200000047683716,0.41623079776763916,0.3237408399581909,0.2932444214820862,0.3830147385597229,-0.10414938628673553,0.20198523998260498,0.02639797329902649,2.095850706100464,2.4019851684570312,2.22639799118042,0.49810805916786194,0.17953483760356903,0.32235702872276306,vision,text,0,0.5813953280448914,0.525547444820404,0.4601227045059204
38,cM3Yna7AavY$_$14,-2.5999999046325684,1.1595937013626099,0.3641999065876007,0.20385947823524475,0.43194055557250977,0.2359836995601654,0.8171278238296509,0.36315682530403137,2.8359835147857666,3.4171276092529297,2.9631567001342773,0.5559890866279602,0.0801260843873024,0.3638848662376404,vision,text,0,0.5555555820465088,0.3478260934352875,0.5185185074806213
353,lXPQBPVc5Cw$_$10,-2.200000047683716,-0.043856777250766754,0.3692089915275574,0.24979586899280548,0.38099515438079834,-0.7263177633285522,-0.5955327749252319,-0.6587280035018921,1.4736822843551636,1.6044672727584839,1.5412720441818237,0.4090101718902588,0.2644863426685333,0.3265034854412079,vision,text,0,0.5714285969734192,0.5,0.4972677528858185
245,fvVhgmXxadc$_$13,0.20000000298023224,0.5140491127967834,0.32476937770843506,0.30926018953323364,0.3659704327583313,-0.06549332290887833,0.3083306550979614,0.07324989885091782,0.26549333333969116,0.10833065211772919,0.12675011157989502,0.23383264243602753,0.394840270280838,0.3713270425796509,vision,audio,0,0.550000011920929,0.5185185074806213,0.4153846204280853
409,ob23OKe5a9Q$_$9,-1.399999976158142,0.054025210440158844,0.3265340328216553,0.2443360835313797,0.4291298985481262,-0.5514622330665588,-0.32076647877693176,-0.5173864960670471,0.8485377430915833,1.0792335271835327,0.882613480091095,0.4244282841682434,0.19671523571014404,0.37885645031929016,vision,text,0,0.6399999856948853,0.4900662302970886,0.5696202516555786
74,cXypl4FnoZo$_$25,-1.2000000476837158,0.40338677167892456,0.31838706135749817,0.2780563235282898,0.40355661511421204,-0.15849685668945312,0.11989801377058029,-0.07712066173553467,1.0415031909942627,1.319898009300232,1.1228793859481812,0.46344074606895447,0.18322154879570007,0.35333776473999023,vision,text,0,0.6190476417541504,0.5714285969734192,0.5593220591545105
318,k5Y_838nuGo$_$6,2.0,1.8049274682998657,0.21562203764915466,0.3823789060115814,0.4019991159439087,0.8970956206321716,1.3725773096084595,1.1355448961257935,1.1029043197631836,0.6274226903915405,0.8644551038742065,0.12356270104646683,0.6028613448143005,0.27357593178749084,vision,audio,0,0.4444444477558136,0.625,0.4736842215061188
634,yvsjCA6Y5Fc$_$2,-1.2000000476837158,-0.09838100522756577,0.3269490897655487,0.36132121086120605,0.31172963976860046,-0.5687021613121033,-0.5455800294876099,-0.6385985612869263,0.6312978863716125,0.654420018196106,0.5614014863967896,0.3136577606201172,0.29039114713668823,0.3959510624408722,audio,vision,0,0.5833333134651184,0.6785714030265808,0.3529411852359772
481,tIrG4oNLFzE$_$2,2.4000000953674316,0.3500446081161499,0.21024100482463837,0.2896214723587036,0.5001375079154968,-0.18833445012569427,0.04566553980112076,-0.11441774666309357,2.588334560394287,2.354334592819214,2.514417886734009,0.2241715043783188,0.48902401328086853,0.2868044674396515,vision,audio,0,0.3636363744735718,0.5,0.5833333134651184
619,yDtzw_Y-7RU$_$10,-0.6000000238418579,0.20073524117469788,0.3530600666999817,0.3364260792732239,0.31051382422447205,-0.3890765607357025,-0.11985569447278976,-0.29483509063720703,0.2109234631061554,0.48014432191848755,0.3051649332046509,0.4677169919013977,0.19065403938293457,0.34162890911102295,text,text,1,0.6666666865348816,0.6521739363670349,0.40740740299224854
24,c7UH_rxdZv4$_$14,1.2000000476837158,0.3122268319129944,0.28624457120895386,0.2896113097667694,0.4241441786289215,-0.36770716309547424,-0.07948847860097885,-0.2621026039123535,1.5677071809768677,1.2794885635375977,1.4621026515960693,0.19858883321285248,0.5190317630767822,0.2823793888092041,vision,audio,0,0.5,0.5625,0.5344827771186829
174,dq3Nf_lMPnE$_$4,-0.4000000059604645,0.1008990928530693,0.28926393389701843,0.25456491112709045,0.45617109537124634,-0.38876375555992126,-0.23776599764823914,-0.4264702796936035,0.011236250400543213,0.16223400831222534,0.026470273733139038,0.39138874411582947,0.2366010546684265,0.37201017141342163,vision,text,0,0.5185185074806213,0.4523809552192688,0.5392156839370728
675,zhpQhgha_KU$_$14,-1.5,-0.15691599249839783,0.377615362405777,0.16628636419773102,0.4560982882976532,-0.7783727049827576,-0.8392847180366516,-0.8296731114387512,0.7216272950172424,0.6607152819633484,0.6703268885612488,0.29311642050743103,0.3591032028198242,0.34778037667274475,vision,audio,0,0.6666666865348816,0.3214285671710968,0.5757575631141663
671,zhpQhgha_KU$_$10,0.6000000238418579,0.1614125370979309,0.2706623077392578,0.28540343046188354,0.44393429160118103,-0.40528932213783264,-0.19481492042541504,-0.3731977045536041,1.0052893161773682,0.794814944267273,0.9731976985931396,0.24213995039463043,0.48838168382644653,0.26947838068008423,vision,audio,0,0.47058823704719543,0.5148515105247498,0.5370370149612427
509,tmZoasNr4rU$_$14,-2.0,0.21316123008728027,0.3057584762573242,0.22679175436496735,0.46744978427886963,-0.33163371682167053,-0.1404537558555603,-0.3200954794883728,1.6683663129806519,1.859546184539795,1.6799044609069824,0.40144434571266174,0.21225805580615997,0.38629764318466187,vision,text,0,0.6111111044883728,0.4333333373069763,0.604651153087616
194,etzxEpPuc6I$_$7,-1.2000000476837158,0.20852115750312805,0.2995946407318115,0.23562093079090118,0.4647844433784485,-0.2825223207473755,-0.09868454188108444,-0.2731393575668335,0.9174777269363403,1.1013154983520508,0.9268606901168823,0.3982408344745636,0.21578112244606018,0.3859780728816986,vision,text,0,0.625,0.4861111044883728,0.6290322542190552
593,wMbj6ajWbic$_$11,0.4000000059604645,0.1915716826915741,0.3432699739933014,0.28134748339653015,0.37538251280784607,-0.28374406695365906,-0.06445453315973282,-0.24451184272766113,0.6837440729141235,0.4644545316696167,0.6445118188858032,0.23714689910411835,0.4925742447376251,0.27027884125709534,vision,audio,0,0.5882353186607361,0.4615384638309479,0.42553192377090454
240,f_pcplsH_V0$_$6,1.600000023841858,0.03579019010066986,0.4228004515171051,0.21923598647117615,0.35796356201171875,-0.5204931497573853,-0.3944079875946045,-0.5423662662506104,2.120493173599243,1.9944080114364624,2.142366409301758,0.2896806597709656,0.44100797176361084,0.26931139826774597,text,audio,0,0.6666666865348816,0.3333333432674408,0.3888888955116272
314,k5Y_838nuGo$_$2,1.2000000476837158,0.40296825766563416,0.3674205243587494,0.23952944576740265,0.39305004477500916,-0.3171420991420746,0.026017911732196808,-0.18570753931999207,1.5171421766281128,1.1739821434020996,1.3857076168060303,0.17578814923763275,0.5517783164978027,0.2724335193634033,vision,audio,0,0.7142857313156128,0.5416666865348816,0.5714285969734192
224,f9O3YtZ2VfI$_$16,-1.0,0.018857207149267197,0.32303586602211,0.2772582173347473,0.3997058868408203,-0.49447572231292725,-0.44591856002807617,-0.546297550201416,0.5055242776870728,0.5540814399719238,0.453702449798584,0.3290427029132843,0.27987146377563477,0.3910858631134033,vision,vision,1,0.5416666865348816,0.5185185074806213,0.45098039507865906
272,iiK8YX8oH1E$_$6,0.20000000298023224,1.1604982614517212,0.3762405514717102,0.3328518569469452,0.290907621383667,0.3817855417728424,0.8337441682815552,0.5098735690116882,0.18178553879261017,0.6337441802024841,0.3098735809326172,0.5335702300071716,0.11828085780143738,0.3481489419937134,text,text,1,0.7142857313156128,0.6000000238418579,0.3333333432674408
262,iiK8YX8oH1E$_$14,-1.2000000476837158,-0.08907436579465866,0.3512994349002838,0.2639865279197693,0.3847140669822693,-0.6312780380249023,-0.5751261115074158,-0.6851834654808044,0.5687220096588135,0.6248739361763,0.5148165822029114,0.3304539620876312,0.27404555678367615,0.3955005407333374,vision,vision,1,0.6428571343421936,0.5,0.5
270,iiK8YX8oH1E$_$4,-2.0,0.2045884132385254,0.2756807208061218,0.24211440980434418,0.4822048842906952,-0.292012482881546,-0.11821893602609634,-0.29769274592399597,1.7079875469207764,1.8817811012268066,1.7023072242736816,0.38768723607063293,0.2172149121761322,0.3950978219509125,vision,vision,1,0.6470588445663452,0.5681818127632141,0.7169811129570007
569,vyB00TXsimI$_$14,2.0,0.8529993295669556,0.3543452322483063,0.23188497126102448,0.41376978158950806,0.18544511497020721,0.686639666557312,0.3470894396305084,1.8145549297332764,1.313360333442688,1.652910590171814,0.12453940510749817,0.6620033383369446,0.21345727145671844,vision,audio,0,0.5454545617103577,0.3199999928474426,0.4333333373069763
203,f9O3YtZ2VfI$_$21,2.0,0.4351988434791565,0.3111118972301483,0.252469539642334,0.4364185929298401,-0.22211183607578278,0.08965862542390823,-0.13337530195713043,2.222111940383911,1.9103413820266724,2.133375406265259,0.19337721168994904,0.5466877818107605,0.2599349319934845,vision,audio,0,0.6000000238418579,0.5526315569877625,0.5777778029441833
239,f_pcplsH_V0$_$7,0.0,0.42651882767677307,0.31198376417160034,0.2952499985694885,0.3927662968635559,-0.1318267434835434,0.1777333915233612,-0.010656528174877167,0.1318267434835434,0.1777333915233612,0.010656528174877167,0.29799455404281616,0.2557123005390167,0.44629308581352234,vision,vision,1,0.5454545617103577,0.5,0.4482758641242981
541,vvZ4IcEtiZc$_$10,-2.0,0.06595771014690399,0.3397619426250458,0.3679756224155426,0.29226237535476685,-0.4172476828098297,-0.2508176565170288,-0.4264400899410248,1.5827523469924927,1.7491823434829712,1.5735598802566528,0.38382968306541443,0.22039741277694702,0.39577290415763855,audio,vision,0,0.6000000238418579,0.6458333134651184,0.3333333432674408
257,iiK8YX8oH1E$_$11,1.0,0.49577027559280396,0.39781269431114197,0.23097428679466248,0.37121307849884033,-0.03646162897348404,0.2863464951515198,0.08253804594278336,1.036461591720581,0.7136535048484802,0.9174619317054749,0.18450653553009033,0.5411583185195923,0.27433517575263977,text,audio,0,0.7307692170143127,0.4430379867553711,0.4893617033958435
375,nzpVDcQ0ywM$_$21,-1.399999976158142,0.15086162090301514,0.3318314254283905,0.26540932059288025,0.40275925397872925,-0.5337240695953369,-0.2921864688396454,-0.4452926814556122,0.8662759065628052,1.1078134775161743,0.9547072649002075,0.45625972747802734,0.20396271347999573,0.3397775888442993,vision,text,0,0.6000000238418579,0.5769230723381042,0.5714285969734192
118,d3_k5Xpfmik$_$6,1.600000023841858,1.2784624099731445,0.3260071575641632,0.2678723633289337,0.4061204791069031,0.5663295388221741,1.04587984085083,0.7370617389678955,1.033670425415039,0.5541201829910278,0.8629382848739624,0.12966299057006836,0.6412628293037415,0.2290741503238678,vision,audio,0,0.6363636255264282,0.49367088079452515,0.5208333134651184
259,iiK8YX8oH1E$_$13,-2.0,0.09132037311792374,0.25762680172920227,0.2273404896259308,0.5150327086448669,-0.5050848722457886,-0.40196681022644043,-0.5499431490898132,1.4949151277542114,1.5980331897735596,1.450056791305542,0.34838244318962097,0.24704590439796448,0.40457165241241455,vision,vision,1,0.5454545617103577,0.46666666865348816,0.6666666865348816
461,rnaNMUZpvvg$_$10,-2.5999999046325684,0.179205060005188,0.3035717010498047,0.3330516517162323,0.363376647233963,-0.32280972599983215,-0.1262741982936859,-0.30859315395355225,2.2771902084350586,2.4737257957458496,2.2914066314697266,0.4043511748313904,0.21001212298870087,0.38563665747642517,vision,text,0,0.5384615659713745,0.5652173757553101,0.40740740299224854
377,nzpVDcQ0ywM$_$23,2.0,0.7272809743881226,0.2967497706413269,0.3667282462120056,0.3365219533443451,0.08347025513648987,0.5246484875679016,0.20932531356811523,1.9165297746658325,1.4753515720367432,1.7906746864318848,0.14549587666988373,0.6331718564033508,0.22133222222328186,audio,audio,1,0.5,0.5789473652839661,0.3636363744735718
356,lXPQBPVc5Cw$_$15,-2.799999952316284,-0.03359048813581467,0.327331006526947,0.24813614785671234,0.42453277111053467,-0.6110491156578064,-0.5233578085899353,-0.6237942576408386,2.188950777053833,2.276642084121704,2.176205635070801,0.3584306240081787,0.2675832211971283,0.3739861845970154,vision,vision,1,0.5,0.4000000059604645,0.4583333432674408
13,c7UH_rxdZv4$_$5,-2.200000047683716,0.18020474910736084,0.2833939492702484,0.27714866399765015,0.43945735692977905,-0.4558769762516022,-0.2757502794265747,-0.4183243215084076,1.744123101234436,1.9242497682571411,1.7816756963729858,0.41136643290519714,0.22566747665405273,0.3629660904407501,vision,text,0,0.5263158082962036,0.5740740895271301,0.5625
602,wMbj6ajWbic$_$18,-1.0,0.9537268280982971,0.3377079963684082,0.26079583168029785,0.40149617195129395,0.36819973587989807,0.8227251768112183,0.5064408183097839,1.3681997060775757,1.8227251768112183,1.5064408779144287,0.540375292301178,0.1187688410282135,0.3408559262752533,vision,text,0,0.7647058963775635,0.5531914830207825,0.6122449040412903
435,phBUpBr1hSo$_$19,2.0,0.7774153351783752,0.5064813494682312,0.13715842366218567,0.35636022686958313,0.15639707446098328,0.6132547855377197,0.2986532151699066,1.8436028957366943,1.3867452144622803,1.701346755027771,0.1390429139137268,0.637555718421936,0.22340135276317596,text,audio,0,1.0,0.30000001192092896,0.5833333134651184
342,lXPQBPVc5Cw$_$29,-1.2000000476837158,0.4425894021987915,0.29463255405426025,0.3034617304801941,0.40190571546554565,-0.27012020349502563,0.09190493822097778,-0.11738649010658264,0.9298798441886902,1.2919049263000488,1.0826135873794556,0.5262613296508789,0.15744048357009888,0.316298246383667,vision,text,0,0.4838709533214569,0.5714285969734192,0.5058823823928833
219,f9O3YtZ2VfI$_$13,-1.600000023841858,0.33122894167900085,0.308383971452713,0.2749398350715637,0.41667625308036804,-0.21998196840286255,0.037577755749225616,-0.15445402264595032,1.3800179958343506,1.637577772140503,1.44554603099823,0.44892048835754395,0.190245121717453,0.36083436012268066,vision,text,0,0.5384615659713745,0.4861111044883728,0.4941176474094391
90,cXypl4FnoZo$_$9,1.2000000476837158,0.5858665108680725,0.3140127956867218,0.2985418736934662,0.3874453604221344,0.030924279242753983,0.37791407108306885,0.1632574200630188,1.1690757274627686,0.822085976600647,1.0367426872253418,0.17440927028656006,0.5544834733009338,0.2711072862148285,vision,audio,0,0.5789473652839661,0.5102040767669678,0.4482758641242981
438,phBUpBr1hSo$_$1,1.399999976158142,1.504300594329834,0.21545924246311188,0.3118602931499481,0.4726804494857788,0.7319305539131165,1.1828891038894653,0.9542593955993652,0.6680694222450256,0.21711087226867676,0.44574058055877686,0.13167831301689148,0.5920297503471375,0.2762919068336487,vision,audio,0,0.5,0.5909090638160706,0.6296296119689941
2,c7UH_rxdZv4$_$26,-2.5999999046325684,0.9050658941268921,0.3153601884841919,0.2841992974281311,0.4004405438899994,0.22879040241241455,0.6789347529411316,0.39826148748397827,2.8287901878356934,3.2789347171783447,2.9982614517211914,0.5582109689712524,0.12449373304843903,0.31729525327682495,vision,text,0,0.6363636255264282,0.5609756112098694,0.5400000214576721
486,tIrG4oNLFzE$_$9,-1.0,0.5523713231086731,0.365167498588562,0.22888420522212982,0.405948281288147,-0.06904734671115875,0.3417600393295288,0.05610775202512741,0.9309526681900024,1.3417600393295288,1.056107759475708,0.5226926803588867,0.13290517032146454,0.34440216422080994,vision,text,0,0.625,0.4137931168079376,0.5
65,cW1FSBF59ik$_$13,2.0,0.7597355246543884,0.2879776358604431,0.2836281657218933,0.4283941686153412,0.1446494311094284,0.5812800526618958,0.309487909078598,1.8553506135940552,1.418720006942749,1.6905120611190796,0.1424771398305893,0.6107067465782166,0.24681608378887177,vision,audio,0,0.5789473652839661,0.5443037748336792,0.5744680762290955
109,d3_k5Xpfmik$_$16,2.0,1.1419222354888916,0.2607214152812958,0.45523184537887573,0.2840467691421509,0.3851928114891052,0.8099880218505859,0.49013495445251465,1.61480712890625,1.190011978149414,1.5098650455474854,0.15292081236839294,0.6301160454750061,0.21696314215660095,audio,audio,1,0.5,0.695652186870575,0.2857142984867096
611,yDtzw_Y-7RU$_$2,0.800000011920929,0.5934067368507385,0.34454256296157837,0.2514441907405853,0.40401333570480347,-0.13540934026241302,0.30956733226776123,-0.0036071166396141052,0.9354093670845032,0.4904326796531677,0.8036071062088013,0.1436997503042221,0.6333236694335938,0.22297661006450653,vision,audio,0,0.5454545617103577,0.4555555582046509,0.49074074625968933
119,d3_k5Xpfmik$_$9,1.399999976158142,0.877707302570343,0.4335050582885742,0.2333880513906479,0.3331068754196167,0.3639392554759979,0.761210024356842,0.49342578649520874,1.0360606908798218,0.6387899518013,0.9065741896629333,0.15875372290611267,0.5968047380447388,0.24444149434566498,text,audio,0,0.9090909361839294,0.53125,0.5263158082962036
582,wMbj6ajWbic$_$28,2.4000000953674316,1.1182644367218018,0.3540852963924408,0.2342575043439865,0.4116572141647339,0.5369686484336853,0.9606859683990479,0.6737943887710571,1.8630313873291016,1.4393141269683838,1.7262057065963745,0.1496189534664154,0.6142994165420532,0.23608161509037018,vision,audio,0,0.6315789222717285,0.36000001430511475,0.46666666865348816
156,d6hH302o4v8$_$31,-1.399999976158142,0.30889350175857544,0.3080105483531952,0.2989121079444885,0.39307740330696106,-0.37384822964668274,-0.05276567488908768,-0.2510280907154083,1.0261517763137817,1.3472342491149902,1.1489719152450562,0.49826541543006897,0.17086227238178253,0.3308722674846649,vision,text,0,0.529411792755127,0.5681818127632141,0.5094339847564697
588,wMbj6ajWbic$_$4,1.0,0.00959126278758049,0.27612659335136414,0.2879801392555237,0.4358932077884674,-0.5083289742469788,-0.44394922256469727,-0.5973389744758606,1.508328914642334,1.4439492225646973,1.5973389148712158,0.3352743685245514,0.4155273139476776,0.24919834733009338,vision,audio,0,0.5,0.5,0.5
572,vyB00TXsimI$_$19,1.2000000476837158,1.265880823135376,0.36064213514328003,0.1950259804725647,0.4443318247795105,0.556556761264801,1.0057295560836792,0.7396630048751831,0.6434432864189148,0.19427049160003662,0.4603370428085327,0.13679082691669464,0.6113658547401428,0.25184330344200134,vision,audio,0,0.7142857313156128,0.3333333432674408,0.5454545617103577
681,zhpQhgha_KU$_$30,-2.0,-0.13015776872634888,0.2335374802350998,0.18674595654010773,0.5797165036201477,-0.8721091151237488,-0.8993091583251953,-0.8727952241897583,1.1278908252716064,1.1006908416748047,1.1272047758102417,0.32287296652793884,0.3535148501396179,0.32361215353012085,vision,audio,0,0.5714285969734192,0.574999988079071,0.9166666865348816
657,zhpQhgha_KU$_$22,0.6000000238418579,0.28828802704811096,0.3348785936832428,0.2786938548088074,0.3864276111125946,-0.29794755578041077,-0.008451662957668304,-0.19353656470775604,0.8979475498199463,0.6084516644477844,0.7935366034507751,0.19837193191051483,0.5206770896911621,0.28095099329948425,vision,audio,0,0.6363636255264282,0.5555555820465088,0.523809552192688
210,f9O3YtZ2VfI$_$2,1.25,1.185884714126587,0.32751861214637756,0.3346443474292755,0.33783701062202454,0.403049111366272,0.8432180881500244,0.5079149007797241,0.846950888633728,0.4067819118499756,0.7420850992202759,0.1480245292186737,0.6420125961303711,0.209962859749794,vision,audio,0,0.5714285969734192,0.5769230723381042,0.35483869910240173
535,v0zCBqDeKcE$_$4,0.0,0.41253918409347534,0.35587435960769653,0.2252843976020813,0.4188412129878998,-0.11955398321151733,0.19151270389556885,-0.005956307053565979,0.11955398321151733,0.19151270389556885,0.005956307053565979,0.3079708218574524,0.24229176342487335,0.44973745942115784,vision,vision,1,0.7058823704719543,0.4444444477558136,0.5714285969734192
112,d3_k5Xpfmik$_$1,2.0,1.5421725511550903,0.35035648941993713,0.2497204840183258,0.3999229967594147,0.8503193259239197,1.3037229776382446,1.07275390625,1.1496806144714355,0.6962770223617554,0.92724609375,0.13103072345256805,0.5939392447471619,0.2750300168991089,vision,audio,0,0.6800000071525574,0.4285714328289032,0.488095223903656
446,phBUpBr1hSo$_$8,-2.200000047683716,0.14743691682815552,0.2533552348613739,0.3201044201850891,0.42654040455818176,-0.4173116981983185,-0.1802234649658203,-0.3890244662761688,1.7826883792877197,2.0197765827178955,1.8109755516052246,0.4230601489543915,0.19194726645946503,0.3849925994873047,vision,text,0,0.4399999976158142,0.5457317233085632,0.4855305552482605
549,vvZ4IcEtiZc$_$6,1.0,0.12906238436698914,0.2645857632160187,0.35083863139152527,0.38457566499710083,-0.48704656958580017,-0.25743693113327026,-0.4120432436466217,1.4870465993881226,1.257436990737915,1.4120432138442993,0.22553911805152893,0.48485952615737915,0.28960129618644714,vision,audio,0,0.2916666567325592,0.5070422291755676,0.3499999940395355
515,tmZoasNr4rU$_$1,0.0,0.3838861882686615,0.2952345907688141,0.27274128794670105,0.4320240616798401,-0.12441679835319519,0.1288338005542755,-0.024781346321105957,0.12441679835319519,0.1288338005542755,0.024781346321105957,0.29591912031173706,0.29159408807754517,0.41248682141304016,vision,vision,1,0.5454545617103577,0.4893617033958435,0.5263158082962036
484,tIrG4oNLFzE$_$7,-1.399999976158142,0.18230542540550232,0.33298367261886597,0.2346036583185196,0.43241262435913086,-0.3833816349506378,-0.15538790822029114,-0.3263190686702728,1.0166183710098267,1.2446120977401733,1.0736808776855469,0.43583187460899353,0.2038281410932541,0.3603399991989136,vision,text,0,0.6428571343421936,0.4716981053352356,0.5714285969734192
14,c7UH_rxdZv4$_$4,1.600000023841858,0.7131208777427673,0.27598220109939575,0.30356699228286743,0.4204508364200592,0.0956159234046936,0.5257156491279602,0.2367876172065735,1.5043840408325195,1.074284315109253,1.3632123470306396,0.14716804027557373,0.6172292232513428,0.2356027215719223,vision,audio,0,0.5333333611488342,0.5490196347236633,0.5245901346206665
201,f9O3YtZ2VfI$_$27,1.600000023841858,0.9114676713943481,0.2665535509586334,0.35584670305252075,0.3775997757911682,0.2879506051540375,0.710359513759613,0.4245108366012573,1.312049388885498,0.8896405100822449,1.1754891872406006,0.15005140006542206,0.6133940815925598,0.23655454814434052,vision,audio,0,0.4545454680919647,0.5416666865348816,0.3928571343421936
84,cXypl4FnoZo$_$3,1.7999999523162842,0.8865978121757507,0.20328781008720398,0.18908220529556274,0.6076300144195557,0.2541689872741699,0.6881763935089111,0.3830293118953705,1.5458309650421143,1.111823558807373,1.4169706106185913,0.14737147092819214,0.6261861324310303,0.22644244134426117,vision,audio,0,0.5714285969734192,0.4545454680919647,0.8571428656578064
489,tStelxIAHjw$_$10,-0.4000000059604645,0.042734064161777496,0.293609082698822,0.20375731587409973,0.5026335120201111,-0.5067232251167297,-0.42072147130966187,-0.5749238133430481,0.10672321915626526,0.020721465349197388,0.17492380738258362,0.3196275532245636,0.4257400333881378,0.25463244318962097,vision,audio,0,0.6666666865348816,0.4444444477558136,0.7142857313156128
25,c7UH_rxdZv4$_$17,-1.399999976158142,-0.01961415261030197,0.33985328674316406,0.257377564907074,0.40276917815208435,-0.608060359954834,-0.5261528491973877,-0.6290624737739563,0.7919396162033081,0.8738471269607544,0.7709375023841858,0.35290926694869995,0.2685900032520294,0.378500759601593,vision,vision,1,0.625,0.5277777910232544,0.5348837375640869
600,wMbj6ajWbic$_$16,-0.4000000059604645,0.4449183940887451,0.38345861434936523,0.29003673791885376,0.32650455832481384,-0.052387677133083344,0.2593099772930145,0.06328868120908737,0.34761232137680054,0.659309983253479,0.46328869462013245,0.4916754364967346,0.17396023869514465,0.33436429500579834,text,text,1,0.7200000286102295,0.5633803009986877,0.43529412150382996
3,c7UH_rxdZv4$_$27,-1.7999999523162842,0.4119472801685333,0.3767812252044678,0.25934550166130066,0.36387327313423157,-0.2350011169910431,0.0989036113023758,-0.12233676016330719,1.5649988651275635,1.8989036083221436,1.6776632070541382,0.49615979194641113,0.1630215346813202,0.3408186733722687,text,text,1,0.6521739363670349,0.5066666603088379,0.47154471278190613
378,nzpVDcQ0ywM$_$1,0.0,0.44067031145095825,0.33907148241996765,0.3051319718360901,0.35579660534858704,-0.18707264959812164,0.1878061592578888,-0.05979252606630325,0.18707264959812164,0.1878061592578888,0.05979252606630325,0.2836052477359772,0.2829127013683319,0.4334820508956909,vision,vision,1,0.5333333611488342,0.5208333134651184,0.4035087823867798
307,k5Y_838nuGo$_$21,-0.20000000298023224,-0.04315752536058426,0.29182979464530945,0.22739048302173615,0.4807797074317932,-0.7302599549293518,-0.6433671116828918,-0.695536732673645,0.5302599668502808,0.4433671236038208,0.495536744594574,0.2891294062137604,0.3862625062465668,0.32460808753967285,vision,audio,0,0.5833333134651184,0.5454545617103577,0.7037037014961243
585,wMbj6ajWbic$_$3,0.0,1.247491717338562,0.48461538553237915,0.2278219312429428,0.28756266832351685,0.6470876932144165,1.0752253532409668,0.793103039264679,0.6470876932144165,1.0752253532409668,0.793103039264679,0.5391887426376343,0.12940412759780884,0.3314071595668793,text,text,1,0.8888888955116272,0.4444444477558136,0.375
452,rnaNMUZpvvg$_$3,-0.800000011920929,0.21091440320014954,0.25372546911239624,0.30355989933013916,0.442714661359787,-0.3595203161239624,-0.18580913543701172,-0.3429102301597595,0.44047969579696655,0.6141908764839172,0.45708978176116943,0.39895063638687134,0.2235870063304901,0.37746232748031616,vision,text,0,0.5454545617103577,0.5909090638160706,0.5925925970077515
583,wMbj6ajWbic$_$29,1.7999999523162842,1.559236764907837,0.2581976652145386,0.27858051657676697,0.46322181820869446,0.8365439176559448,1.271426796913147,1.0256454944610596,0.9634560346603394,0.5285731554031372,0.7743544578552246,0.14006198942661285,0.5968671441078186,0.26307088136672974,vision,audio,0,0.5,0.44736841320991516,0.5333333611488342
589,wMbj6ajWbic$_$7,-1.2000000476837158,0.13255879282951355,0.23997469246387482,0.3786677122116089,0.3813576102256775,-0.35080745816230774,-0.1574435830116272,-0.35380908846855164,0.8491926193237305,1.0425565242767334,0.8461909294128418,0.3944840729236603,0.2070649415254593,0.39845097064971924,vision,vision,1,0.38461539149284363,0.5925925970077515,0.4117647111415863
283,jUzDDGyPkXU$_$1,2.799999952316284,0.8958753943443298,0.4128400981426239,0.1968960016965866,0.3902638852596283,0.34945639967918396,0.8126569986343384,0.48713886737823486,2.4505436420440674,1.9873429536819458,2.3128609657287598,0.13763314485549927,0.644576370716095,0.21779051423072815,text,audio,0,0.8571428656578064,0.4000000059604645,0.5882353186607361
216,f9O3YtZ2VfI$_$8,-1.7999999523162842,0.20429399609565735,0.30413559079170227,0.2747734785079956,0.4210909307003021,-0.33309078216552734,-0.10597126930952072,-0.32570597529411316,1.4669091701507568,1.6940287351608276,1.4742939472198486,0.4090438187122345,0.19185829162597656,0.39909783005714417,vision,text,0,0.6363636255264282,0.6060606241226196,0.6000000238418579
530,v0zCBqDeKcE$_$16,0.0,0.2687341570854187,0.22963149845600128,0.10943636298179626,0.6609321236610413,-0.27540725469589233,-0.13012444972991943,-0.20684859156608582,0.27540725469589233,0.13012444972991943,0.20684859156608582,0.25774863362312317,0.41832587122917175,0.3239254951477051,vision,audio,0,0.7142857313156128,0.3333333432674408,1.0
275,jUzDDGyPkXU$_$24,-1.0,0.18750664591789246,0.36410486698150635,0.30500301718711853,0.33089205622673035,-0.31770220398902893,-0.09138881415128708,-0.27525484561920166,0.6822978258132935,0.9086111783981323,0.7247451543807983,0.42764902114868164,0.20112471282482147,0.3712262809276581,text,text,1,0.6296296119689941,0.5416666865348816,0.3928571343421936
455,rnaNMUZpvvg$_$4,-2.4000000953674316,0.11376740783452988,0.26306721568107605,0.3232845067977905,0.4136483073234558,-0.4028467535972595,-0.21255329251289368,-0.40978068113327026,1.9971532821655273,2.1874468326568604,1.9902193546295166,0.39159131050109863,0.20766101777553558,0.400747686624527,vision,vision,1,0.3877550959587097,0.4964539110660553,0.42352941632270813
424,pLTX3ipuDJI$_$6,-1.399999976158142,1.1929322481155396,0.24221882224082947,0.26929226517677307,0.48848891258239746,0.5526279807090759,0.953268826007843,0.6810921430587769,1.9526278972625732,2.35326886177063,2.081092119216919,0.5222732424736023,0.13737595081329346,0.34035080671310425,vision,text,0,0.5,0.49056604504585266,0.609375
645,yvsjCA6Y5Fc$_$15,-2.0,0.14484983682632446,0.3062276840209961,0.2204536497592926,0.4733186662197113,-0.45271265506744385,-0.2723597288131714,-0.4486425518989563,1.5472873449325562,1.7276402711868286,1.5513575077056885,0.3945254683494568,0.21626561880111694,0.38920891284942627,vision,text,0,0.5,0.3684210479259491,0.5441176295280457
456,rnaNMUZpvvg$_$7,-0.4000000059604645,0.4591599702835083,0.27781417965888977,0.26924073696136475,0.45294511318206787,-0.044039372354745865,0.24835392832756042,0.0826689675450325,0.3559606373310089,0.6483539342880249,0.4826689660549164,0.4919265806674957,0.18561694025993347,0.3224565088748932,vision,text,0,0.5555555820465088,0.48275861144065857,0.5588235259056091
271,iiK8YX8oH1E$_$7,-1.600000023841858,0.3054713308811188,0.24110959470272064,0.32519295811653137,0.43369749188423157,-0.32611772418022156,-0.05466770380735397,-0.23728638887405396,1.273882269859314,1.5453323125839233,1.3627135753631592,0.4654802083969116,0.18833762407302856,0.3461821973323822,vision,text,0,0.4545454680919647,0.6000000238418579,0.5531914830207825
75,cXypl4FnoZo$_$26,0.6000000238418579,0.6424143314361572,0.30403873324394226,0.2783883512020111,0.41757291555404663,0.05607667192816734,0.49094098806381226,0.21565580368041992,0.5439233779907227,0.10905903577804565,0.384344220161438,0.143607959151268,0.6119403839111328,0.24445165693759918,vision,audio,0,0.5714285969734192,0.46666666865348816,0.5
316,k5Y_838nuGo$_$4,1.0,0.3637002110481262,0.3094395697116852,0.3333117961883545,0.3572486937046051,-0.1747656911611557,0.08264754712581635,-0.08430227637290955,1.174765706062317,0.9173524379730225,1.084302306175232,0.21229220926761627,0.5007002949714661,0.28700748085975647,vision,audio,0,0.4615384638309479,0.47999998927116394,0.3333333432674408
151,d6hH302o4v8$_$14,-1.7999999523162842,0.08345796912908554,0.3322044312953949,0.2510778307914734,0.4167177379131317,-0.5320844054222107,-0.3712608218193054,-0.5258395075798035,1.2679154872894287,1.428739070892334,1.274160385131836,0.38994917273521423,0.22813498973846436,0.38191577792167664,vision,text,0,0.6428571343421936,0.517241358757019,0.5714285969734192
598,wMbj6ajWbic$_$14,-0.800000011920929,0.6231855750083923,0.2914263606071472,0.3328130543231964,0.37576058506965637,0.013952944427728653,0.42835181951522827,0.16374674439430237,0.8139529824256897,1.2283518314361572,0.9637467861175537,0.5381575226783752,0.13520902395248413,0.326633483171463,vision,text,0,0.5,0.5151515007019043,0.4000000059604645
661,zhpQhgha_KU$_$1,-1.600000023841858,0.6420879364013672,0.23659367859363556,0.3555896282196045,0.40781667828559875,-0.007783699780702591,0.4056135416030884,0.1599937379360199,1.5922163724899292,2.0056135654449463,1.7599937915802002,0.5483304858207703,0.138225719332695,0.3134438395500183,vision,text,0,0.4444444477558136,0.6153846383094788,0.5
633,yvsjCA6Y5Fc$_$3,-2.0,-0.08261027932167053,0.2515273988246918,0.2628133296966553,0.48565927147865295,-0.7602371573448181,-0.7163099646568298,-0.7710429430007935,1.239762783050537,1.2836899757385254,1.2289570569992065,0.34477201104164124,0.2978111505508423,0.3574168086051941,vision,vision,1,0.3076923191547394,0.40816327929496765,0.508474588394165
197,etzxEpPuc6I$_$8,-1.0,0.0650075301527977,0.2740943431854248,0.2703842520713806,0.4555213451385498,-0.43389618396759033,-0.3116050660610199,-0.4907473921775818,0.5661038160324097,0.6883949041366577,0.5092526078224182,0.3479628264904022,0.23147191107273102,0.42056524753570557,vision,vision,1,0.46666666865348816,0.44186046719551086,0.5192307829856873
432,phBUpBr1hSo$_$14,-1.2000000476837158,0.4580381512641907,0.37117257714271545,0.2991584837436676,0.32966893911361694,-0.10130120813846588,0.23172587156295776,0.036249421536922455,1.0986988544464111,1.4317259788513184,1.2362494468688965,0.5097465515136719,0.16797634959220886,0.32227709889411926,text,text,1,0.75,0.625,0.4791666567325592
103,d3_k5Xpfmik$_$10,0.4000000059604645,0.570435643196106,0.2043839544057846,0.32164278626441956,0.47397324442863464,-0.051654450595378876,0.2977944612503052,0.0846157893538475,0.45165446400642395,0.1022055447101593,0.3153842091560364,0.17300009727478027,0.5545305013656616,0.2724694013595581,vision,audio,0,0.3571428656578064,0.5846154093742371,0.5844155550003052
459,rnaNMUZpvvg$_$8,-1.600000023841858,0.514453113079071,0.40111270546913147,0.2174811214208603,0.38140615820884705,-0.022727610543370247,0.3620099425315857,0.13038936257362366,1.5772724151611328,1.9620099067687988,1.7303893566131592,0.5325902104377747,0.14771637320518494,0.3196934163570404,text,text,1,0.8181818127632141,0.48275861144065857,0.5714285969734192
236,f_pcplsH_V0$_$2,1.399999976158142,0.42962947487831116,0.3281346261501312,0.27752918004989624,0.3943362236022949,-0.22955936193466187,0.1166541799902916,-0.10736510157585144,1.6295592784881592,1.2833458185195923,1.507365107536316,0.1762496531009674,0.5588865280151367,0.2648637890815735,vision,audio,0,0.6428571343421936,0.5862069129943848,0.5714285969734192
315,k5Y_838nuGo$_$5,-1.3333333730697632,0.15599003434181213,0.45190009474754333,0.2450546771287918,0.30304524302482605,-0.3955993354320526,-0.14788657426834106,-0.32429951429367065,0.9377340078353882,1.1854467391967773,1.0090339183807373,0.44915756583213806,0.19669705629348755,0.354145348072052,text,text,1,0.7272727489471436,0.4375,0.3499999940395355
247,fvVhgmXxadc$_$14,0.0,0.5710768699645996,0.4163863956928253,0.26853281259536743,0.31508076190948486,-0.14206846058368683,0.3190414309501648,-0.00994604080915451,0.14206846058368683,0.3190414309501648,0.00994604080915451,0.3217794895172119,0.17838722467422485,0.49983322620391846,text,vision,0,0.6842105388641357,0.5283018946647644,0.4126984179019928
163,d6hH302o4v8$_$32,-0.6000000238418579,0.5648308992385864,0.49003079533576965,0.14871841669082642,0.36125072836875916,-0.13079601526260376,0.35814768075942993,-0.0033912435173988342,0.46920400857925415,0.9581477046012878,0.5966087579727173,0.5405569076538086,0.10593098402023315,0.3535120487213135,text,text,1,0.8888888955116272,0.3333333432674408,0.5862069129943848
451,rnaNMUZpvvg$_$1,-2.5999999046325684,0.11043261736631393,0.25044819712638855,0.2255178987979889,0.5240338444709778,-0.39943188428878784,-0.25279104709625244,-0.44620704650878906,2.2005679607391357,2.3472089767456055,2.1537928581237793,0.3594421446323395,0.22046740353107452,0.4200904071331024,vision,vision,1,0.5,0.41860464215278625,0.6470588445663452
450,rnaNMUZpvvg$_$22,-2.200000047683716,0.21720388531684875,0.2674481272697449,0.3106454014778137,0.4219064712524414,-0.27508822083473206,-0.09747184067964554,-0.28145933151245117,1.9249118566513062,2.1025280952453613,1.9185407161712646,0.38840165734291077,0.21485988795757294,0.3967384994029999,vision,vision,1,0.48275861144065857,0.5277777910232544,0.48275861144065857
144,d6hH302o4v8$_$39,-3.0,0.14135026931762695,0.4272381365299225,0.20556196570396423,0.36719992756843567,-0.5055289268493652,-0.2636054754257202,-0.4005989134311676,2.4944710731506348,2.7363944053649902,2.5994009971618652,0.4648330509662628,0.2075282484292984,0.3276387155056,text,text,1,0.7777777910232544,0.4642857015132904,0.5588235259056091
309,k5Y_838nuGo$_$23,-0.20000000298023224,1.6056208610534668,0.3633386492729187,0.40721023082733154,0.22945110499858856,0.6371892094612122,1.2019305229187012,0.853308916091919,0.8371891975402832,1.401930570602417,1.0533089637756348,0.6102132201194763,0.0928826630115509,0.29690414667129517,audio,text,0,0.8333333134651184,0.8181818127632141,0.3571428656578064
167,dq3Nf_lMPnE$_$12,-1.600000023841858,0.7458694577217102,0.3422102928161621,0.28615209460258484,0.37163761258125305,0.21774551272392273,0.6179628968238831,0.3309546113014221,1.817745566368103,2.2179629802703857,1.9309546947479248,0.513064444065094,0.13514438271522522,0.3517911732196808,vision,text,0,0.6428571343421936,0.5,0.4516128897666931
