index,id,y_true,y_pred,w_text,w_audio,w_vision,pred_text_center,pred_audio_center,pred_vision_center,err_text_center,err_audio_center,err_vision_center,oracle_w_text,oracle_w_audio,oracle_w_vision,router_selected_anchor,oracle_selected_anchor,router_oracle_match,availability_text,availability_audio,availability_vision,g_task,g_rel,w_rel_text,w_rel_audio,w_rel_vision,w_task_text,w_task_audio,w_task_vision,router_rel_selected_anchor,router_task_selected_anchor,task_router_oracle_match,entropy_rel,entropy_task,router_disagreement,pred_std,pred_range
72,cW1FSBF59ik$_$18,2.5999999046325684,0.16844356060028076,0.000537601241376251,0.00740701612085104,0.992055356502533,0.13833847641944885,0.15192237496376038,0.14157724380493164,2.4616613388061523,2.448077440261841,2.4584226608276367,0.3309963643550873,0.336664617061615,0.3323390781879425,vision,audio,0,0.40909090638160706,0.5492957830429077,0.6279069781303406,0.5220606923103333,0.47793930768966675,0.000537601241376251,0.00740701612085104,0.992055356502533,0.21767088770866394,0.3240741491317749,0.45825499296188354,vision,vision,0,0.04829409718513489,1.0546493530273438,0.3558669090270996,0.005793038755655289,0.013583898544311523
229,f_pcplsH_V0$_$10,1.2000000476837158,-0.017373492941260338,0.0014580171555280685,0.010660725645720959,0.9878811836242676,0.04938846454024315,0.09732146561145782,0.07713115960359573,1.1506116390228271,1.1026785373687744,1.1228688955307007,0.3228895664215088,0.3428272306919098,0.3342832326889038,vision,audio,0,0.7272727489471436,0.5272727012634277,0.39393940567970276,0.5225822329521179,0.4774177670478821,0.0014580171555280685,0.010660725645720959,0.9878811836242676,0.4090558886528015,0.30663734674453735,0.2843067944049835,vision,text,0,0.06997927278280258,1.0857023000717163,0.4690496623516083,0.019649365916848183,0.047933001071214676
472,tIrG4oNLFzE$_$13,-2.0,0.21170063316822052,0.0012134159915149212,0.00976499356329441,0.9890215992927551,0.19639348983764648,0.20652899146080017,0.22284480929374695,2.1963934898376465,2.206528902053833,2.2228448390960693,0.33842241764068604,0.3341618478298187,0.3274156451225281,vision,text,0,0.6000000238418579,0.4923076927661896,0.489130437374115,0.5221026539802551,0.4778973460197449,0.0012134159915149212,0.00976499356329441,0.9890215992927551,0.3348119854927063,0.30142876505851746,0.36375921964645386,vision,vision,0,0.06426683068275452,1.0956828594207764,0.416841596364975,0.010896516963839531,0.026451319456100464
365,nbWiPyCm4g0$_$3,-1.7999999523162842,-1.1791132688522339,0.0008062250562943518,0.009560592472553253,0.9896332025527954,-0.8617000579833984,-0.7596308588981628,-0.9114571809768677,0.9382998943328857,1.0403690338134766,0.8885427713394165,0.33962908387184143,0.29894742369651794,0.361423522233963,vision,vision,1,0.4166666567325592,0.46666666865348816,0.4000000059604645,0.521314799785614,0.478685200214386,0.0008062250562943518,0.009560592472553253,0.9896332025527954,0.28795281052589417,0.34517329931259155,0.36687394976615906,vision,vision,1,0.06051348149776459,1.0935311317443848,0.415172815322876,0.06319732964038849,0.15182632207870483
278,jUzDDGyPkXU$_$27,-2.0,0.7907572388648987,0.0004939163918606937,0.006716849282383919,0.9927893280982971,0.7672779560089111,0.7341845035552979,0.7757035493850708,2.767277956008911,2.734184503555298,2.7757034301757812,0.329841673374176,0.3437723219394684,0.32638606429100037,vision,audio,0,0.4166666567325592,0.5,0.5400000214576721,0.5217911601066589,0.47820883989334106,0.0004939163918606937,0.006716849282383919,0.9927893280982971,0.2468414008617401,0.3273657262325287,0.4257928133010864,vision,vision,0,0.04455016180872917,1.074438214302063,0.37799763679504395,0.017919568344950676,0.04151904582977295
341,lXPQBPVc5Cw$_$28,0.800000011920929,0.5194711089134216,0.0009255912154912949,0.009985595010221004,0.9890888333320618,0.5556695461273193,0.5319475531578064,0.5540229678153992,0.24433046579360962,0.26805245876312256,0.24597704410552979,0.3368447721004486,0.3270030915737152,0.33615216612815857,vision,text,0,0.5882353186607361,0.5961538553237915,0.523809552192688,0.5224791169166565,0.4775208830833435,0.0009255912154912949,0.009985595010221004,0.9890888333320618,0.3007481098175049,0.3413957953453064,0.3578560948371887,vision,vision,0,0.06331649422645569,1.0959875583648682,0.4208218455314636,0.01081547699868679,0.02372199296951294
683,zhpQhgha_KU$_$34,1.2000000476837158,0.4995174705982208,0.0006211661966517568,0.005154547281563282,0.9942242503166199,0.5135557651519775,0.4903736114501953,0.5239905118942261,0.6864442825317383,0.7096264362335205,0.6760095357894897,0.33505699038505554,0.3254871368408203,0.33945590257644653,vision,vision,1,0.5,0.3333333432674408,0.5454545617103577,0.5213043093681335,0.47869569063186646,0.0006211661966517568,0.005154547281563282,0.9942242503166199,0.3055846691131592,0.24410387873649597,0.4503115117549896,vision,vision,1,0.03749917075037956,1.0657707452774048,0.36260852217674255,0.014049089513719082,0.03361690044403076
233,f_pcplsH_V0$_$14,-1.0,0.2961147427558899,0.0006785324076190591,0.006722469814121723,0.9925990104675293,0.326294869184494,0.306949257850647,0.33909696340560913,1.3262948989868164,1.306949257850647,1.339097023010254,0.33238035440444946,0.34051594138145447,0.3271036744117737,vision,audio,0,0.5,0.47311827540397644,0.5714285969734192,0.5218290686607361,0.4781709313392639,0.0006785324076190591,0.006722469814121723,0.9925990104675293,0.2723807394504547,0.29415908455848694,0.43346020579338074,vision,vision,0,0.045951612293720245,1.076542615890503,0.3727591931819916,0.013214553706347942,0.03214770555496216
181,etzxEpPuc6I$_$13,-2.200000047683716,0.5569980144500732,0.0010003279894590378,0.010093368589878082,0.9889063835144043,0.5790762901306152,0.5597904920578003,0.5950751900672913,2.779076337814331,2.7597904205322266,2.7950751781463623,0.33282291889190674,0.34094396233558655,0.32623305916786194,vision,audio,0,0.5277777910232544,0.49494948983192444,0.39047619700431824,0.5220339298248291,0.4779660701751709,0.0010003279894590378,0.010093368589878082,0.9889063835144043,0.3232448101043701,0.34218353033065796,0.3345716595649719,vision,audio,1,0.06432940065860748,1.098339319229126,0.4362231194972992,0.014425723813474178,0.03528469800949097
182,etzxEpPuc6I$_$12,0.6666666865348816,0.5614240169525146,0.0009860564023256302,0.0075438497588038445,0.9914700388908386,0.6049407720565796,0.5752969980239868,0.6223096251487732,0.061725914478302,0.09136968851089478,0.0443570613861084,0.3349442183971405,0.32276007533073425,0.34229573607444763,vision,vision,1,0.5555555820465088,0.375,0.4000000059604645,0.5215612649917603,0.47843873500823975,0.0009860564023256302,0.0075438497588038445,0.9914700388908386,0.35886064171791077,0.2828044593334198,0.35833486914634705,vision,text,0,0.052185703068971634,1.09270441532135,0.4220901429653168,0.019409656524658203,0.04701262712478638
624,yDtzw_Y-7RU$_$17,0.20000000298023224,0.30514460802078247,0.0009790954645723104,0.008928651921451092,0.9900923371315002,0.3117300271987915,0.3112943768501282,0.3404448628425598,0.11173002421855927,0.11129437386989594,0.14044485986232758,0.3372354507446289,0.3374191224575043,0.3253454864025116,vision,audio,0,0.6086956262588501,0.5180723071098328,0.49000000953674316,0.5222042798995972,0.47779572010040283,0.0009790954645723104,0.008928651921451092,0.9900923371315002,0.3324745297431946,0.3113569915294647,0.3561684787273407,vision,vision,0,0.058772191405296326,1.0971053838729858,0.4226158857345581,0.013640146702528,0.02915048599243164
582,wMbj6ajWbic$_$28,2.4000000953674316,1.4405105113983154,0.0009725368581712246,0.006432865280658007,0.9925946593284607,1.5409355163574219,1.4404714107513428,1.5371606349945068,0.8590645790100098,0.9595286846160889,0.8628394603729248,0.34755074977874756,0.3065345883369446,0.34591466188430786,vision,text,0,0.6315789222717285,0.36000001430511475,0.46666666865348816,0.5214044451713562,0.4785955548286438,0.0009725368581712246,0.006432865280658007,0.9925946593284607,0.38098061084747314,0.24847328662872314,0.3705461323261261,vision,text,1,0.046585358679294586,1.0814979076385498,0.4146990180015564,0.04649503156542778,0.1004641056060791
572,vyB00TXsimI$_$19,1.2000000476837158,1.2574928998947144,0.0010556525085121393,0.005369911435991526,0.9935744404792786,1.2493561506271362,1.14066481590271,1.2841496467590332,0.04935610294342041,0.05933523178100586,0.08414959907531738,0.33955350518226624,0.33534425497055054,0.3251022696495056,vision,text,0,0.7142857313156128,0.3333333432674408,0.5454545617103577,0.5212497115135193,0.4787502884864807,0.0010556525085121393,0.005369911435991526,0.9935744404792786,0.4047865867614746,0.21036186814308167,0.38485148549079895,vision,text,1,0.041708093136548996,1.0615195035934448,0.4058152437210083,0.061112213879823685,0.14348483085632324
526,v0zCBqDeKcE$_$13,1.7999999523162842,0.06350730359554291,0.0007630859035998583,0.008507047779858112,0.9907298684120178,0.09447750449180603,0.1245635375380516,0.08023933321237564,1.7055224180221558,1.6754363775253296,1.7197606563568115,0.33105096220970154,0.34373798966407776,0.3252110779285431,vision,audio,0,0.4399999976158142,0.44736841320991516,0.42391303181648254,0.5216559767723083,0.47834402322769165,0.0007630859035998583,0.008507047779858112,0.9907298684120178,0.29086753726005554,0.3289245665073395,0.3802078664302826,vision,vision,0,0.05525645613670349,1.0926038026809692,0.4070146977901459,0.018476802855730057,0.044324204325675964
318,k5Y_838nuGo$_$6,2.0,1.5478873252868652,0.0005234559648670256,0.009133901447057724,0.9903426170349121,1.5952160358428955,1.4846415519714355,1.5916544198989868,0.4047839641571045,0.5153584480285645,0.4083455801010132,0.34886154532432556,0.30382657051086426,0.34731191396713257,vision,text,0,0.4444444477558136,0.625,0.4736842215061188,0.5221481323242188,0.47785186767578125,0.0005234559648670256,0.009133901447057724,0.9903426170349121,0.24800843000411987,0.3984287679195404,0.3535628020763397,vision,audio,0,0.05645594745874405,1.0800381898880005,0.4245198667049408,0.05130646750330925,0.11057448387145996
219,f9O3YtZ2VfI$_$13,-1.600000023841858,0.0133888628333807,0.0008462832192890346,0.008302656933665276,0.9908509850502014,0.0948890820145607,0.12590883672237396,0.08270199596881866,1.6948890686035156,1.725908875465393,1.6827020645141602,0.3358727693557739,0.32309865951538086,0.3410285711288452,vision,vision,1,0.5384615659713745,0.4861111044883728,0.4941176474094391,0.5219200253486633,0.47807997465133667,0.0008462832192890346,0.008302656933665276,0.9908509850502014,0.3075536787509918,0.3100927472114563,0.3823535442352295,vision,vision,1,0.05487370118498802,1.093319296836853,0.40566498041152954,0.018189072608947754,0.0432068407535553
279,jUzDDGyPkXU$_$20,-2.200000047683716,-0.31915032863616943,0.0010783699108287692,0.006308293901383877,0.9926133155822754,-0.24186614155769348,-0.13691900670528412,-0.11571068316698074,1.9581339359283447,2.0630810260772705,2.084289312362671,0.3661437928676605,0.32112881541252136,0.3127273619174957,vision,text,0,0.699999988079071,0.37837839126586914,0.4888888895511627,0.5215237140655518,0.47847628593444824,0.0010783699108287692,0.006308293901383877,0.9926133155822754,0.40521669387817383,0.23843622207641602,0.35634705424308777,vision,text,1,0.04668419063091278,1.0755773782730103,0.42417749762535095,0.055155232548713684,0.12615546584129333
435,phBUpBr1hSo$_$19,2.0,0.8457547426223755,0.0014379722997546196,0.004196093417704105,0.994365930557251,0.8995911478996277,0.8450398445129395,0.9151742458343506,1.1004087924957275,1.1549601554870605,1.0848257541656494,0.3385522663593292,0.3162361681461334,0.34521153569221497,vision,vision,1,1.0,0.30000001192092896,0.5833333134651184,0.522129476070404,0.47787052392959595,0.0014379722997546196,0.004196093417704105,0.994365930557251,0.537945568561554,0.14842627942562103,0.3136281371116638,vision,text,0,0.03799673169851303,0.9803397059440613,0.4538251757621765,0.030069401487708092,0.07013440132141113
227,f9O3YtZ2VfI$_$30,-1.0,-0.04566458985209465,0.0009050299413502216,0.011214629746973515,0.9878804087638855,-0.07377906888723373,-0.004912346601486206,0.009503267705440521,0.9262209534645081,0.9950876235961914,1.0095032453536987,0.35477975010871887,0.3255167007446289,0.3197035789489746,vision,text,0,0.5,0.5799999833106995,0.44999998807907104,0.52213454246521,0.47786545753479004,0.0009050299413502216,0.011214629746973515,0.9878804087638855,0.28172215819358826,0.3711300790309906,0.34714779257774353,vision,audio,0,0.06874756515026093,1.0920442342758179,0.42715510725975037,0.03634156286716461,0.08328233659267426
12,c7UH_rxdZv4$_$2,-2.5999999046325684,0.11551421135663986,0.0008822723757475615,0.00809165183454752,0.9910261034965515,0.10292317718267441,0.13021278381347656,0.11105231195688248,2.702923059463501,2.730212688446045,2.711052179336548,0.33825454115867615,0.3269106149673462,0.3348347544670105,vision,text,0,0.4000000059604645,0.380952388048172,0.47999998927116394,0.5213883519172668,0.47861164808273315,0.0008822723757475615,0.00809165183454752,0.9910261034965515,0.27385997772216797,0.29432523250579834,0.4318148195743561,vision,vision,0,0.054115377366542816,1.0772870779037476,0.37280750274658203,0.01144032459706068,0.027289606630802155
190,etzxEpPuc6I$_$3,-1.600000023841858,-0.12658818066120148,0.0016739446436986327,0.009274791926145554,0.9890511631965637,-0.04681793600320816,0.033118948340415955,0.042649757117033005,1.5531821250915527,1.633118987083435,1.64264976978302,0.35725751519203186,0.3232854902744293,0.31945693492889404,vision,text,0,0.8181818127632141,0.4893617033958435,0.4464285671710968,0.5224475860595703,0.4775524139404297,0.0016739446436986327,0.009274791926145554,0.9890511631965637,0.448432058095932,0.26202112436294556,0.28954678773880005,vision,text,1,0.06499971449375153,1.0694499015808105,0.46633630990982056,0.04011816903948784,0.08946768939495087
214,f9O3YtZ2VfI$_$6,-2.5999999046325684,-0.2453622668981552,0.0008013237966224551,0.005182471126317978,0.9940162897109985,-0.24107256531715393,-0.14639513194561005,-0.1008802279829979,2.3589272499084473,2.4536046981811523,2.499119758605957,0.36661696434020996,0.32569798827171326,0.30768507719039917,vision,text,0,0.699999988079071,0.42105263471603394,0.5909090638160706,0.5215165019035339,0.47848349809646606,0.0008013237966224551,0.005182471126317978,0.9940162897109985,0.3643677234649658,0.23632493615150452,0.39930734038352966,vision,vision,0,0.03895119950175285,1.0753462314605713,0.39647263288497925,0.058394551277160645,0.14019232988357544
532,v0zCBqDeKcE$_$3,0.6000000238418579,0.6312815546989441,0.0006693939212709665,0.00726320268586278,0.9920674562454224,0.6524873375892639,0.6143032908439636,0.6568764448165894,0.052487313747406006,0.014303267002105713,0.056876420974731445,0.3285781145095825,0.34464147686958313,0.32678037881851196,vision,audio,0,0.5,0.47999998927116394,0.5333333611488342,0.5218263268470764,0.4781736731529236,0.0006693939212709665,0.00726320268586278,0.9920674562454224,0.2846147418022156,0.304673969745636,0.4107113182544708,vision,vision,0,0.04856446385383606,1.0852386951446533,0.38757073879241943,0.019118821248412132,0.04257315397262573
297,jUzDDGyPkXU$_$14,0.800000011920929,1.3661718368530273,0.0009299451485276222,0.008196952752768993,0.9908730983734131,1.4632568359375,1.3640990257263184,1.4626514911651611,0.663256824016571,0.5640990138053894,0.6626514792442322,0.3192121088504791,0.3613341450691223,0.31945377588272095,vision,audio,0,0.4615384638309479,0.3214285671710968,0.2857142984867096,0.5211111903190613,0.4788888096809387,0.0009299451485276222,0.008196952752768993,0.9908730983734131,0.35736942291259766,0.3028986155986786,0.33973199129104614,vision,text,0,0.05495458468794823,1.09627103805542,0.43409407138824463,0.04660141468048096,0.09915781021118164
595,wMbj6ajWbic$_$13,2.0,0.9160683155059814,0.000875652942340821,0.00922822393476963,0.9898961782455444,0.979215681552887,0.9172830581665039,0.9841657876968384,1.0207843780517578,1.082716941833496,1.0158342123031616,0.3410976231098175,0.3156875967979431,0.34321480989456177,vision,vision,1,0.5833333134651184,0.5614035129547119,0.5,0.5221881866455078,0.4778118133544922,0.000875652942340821,0.00922822393476963,0.9898961782455444,0.30985140800476074,0.333811491727829,0.3563371002674103,vision,vision,1,0.059456393122673035,1.096988558769226,0.4223726987838745,0.030429262667894363,0.06688272953033447
22,c7UH_rxdZv4$_$12,-2.799999952316284,0.023744938895106316,0.0013851458206772804,0.010022122412919998,0.9885926246643066,0.10231302678585052,0.127069890499115,0.0950978621840477,2.902312994003296,2.927069902420044,2.8950977325439453,0.33572956919670105,0.32549917697906494,0.338771253824234,vision,vision,1,0.5714285969734192,0.39393940567970276,0.3333333432674408,0.5218226909637451,0.4781773090362549,0.0013851458206772804,0.010022122412919998,0.9885926246643066,0.37772974371910095,0.30018386244773865,0.322086364030838,vision,text,0,0.06659043580293655,1.0938811302185059,0.44433754682540894,0.013691732659935951,0.03197202831506729
68,cW1FSBF59ik$_$14,-1.2000000476837158,0.3523454964160919,0.0008454732596874237,0.006853432860225439,0.9923011064529419,0.3479987382888794,0.3379387855529785,0.3590317666530609,1.5479987859725952,1.5379388332366943,1.5590318441390991,0.33344918489456177,0.3376688063144684,0.328882098197937,vision,audio,0,0.5652173757553101,0.4326923191547394,0.5714285969734192,0.5218064188957214,0.47819358110427856,0.0008454732596874237,0.006853432860225439,0.9923011064529419,0.31014347076416016,0.2651735544204712,0.4246829152107239,vision,vision,0,0.047802094370126724,1.078778624534607,0.3784120976924896,0.008614233694970608,0.021092981100082397
578,wMbj6ajWbic$_$20,-0.4000000059604645,1.4539800882339478,0.0008266230579465628,0.011429237201809883,0.987744152545929,1.5623606443405151,1.4484589099884033,1.563389778137207,1.9623606204986572,1.8484588861465454,1.9633897542953491,0.31728649139404297,0.3658349812030792,0.3168785870075226,vision,audio,0,0.46666666865348816,0.5952380895614624,0.45098039507865906,0.5220463871955872,0.47795361280441284,0.0008266230579465628,0.011429237201809883,0.987744152545929,0.26454538106918335,0.38590967655181885,0.3495449721813202,vision,audio,1,0.06915467232465744,1.0866366624832153,0.4254661500453949,0.05393802747130394,0.11493086814880371
57,cW1FSBF59ik$_$5,2.0,0.3873564302921295,0.0014397773193195462,0.018578464165329933,0.9799817800521851,0.36077848076820374,0.35710734128952026,0.41618356108665466,1.6392215490341187,1.642892599105835,1.583816409111023,0.3260374367237091,0.3245446979999542,0.34941786527633667,vision,vision,1,0.6666666865348816,0.8181818127632141,0.4615384638309479,0.5236462950706482,0.4763537049293518,0.0014397773193195462,0.018578464165329933,0.9799817800521851,0.2917124927043915,0.44621944427490234,0.2620680332183838,vision,audio,0,0.1032864898443222,1.070408821105957,0.478609174489975,0.027025090530514717,0.0590762197971344
576,wMbj6ajWbic$_$26,1.7999999523162842,1.092860460281372,0.0012906548799946904,0.007547383662313223,0.9911619424819946,1.2094489336013794,1.1287815570831299,1.2126848697662354,0.5905510187149048,0.6712183952331543,0.5873150825500488,0.3438628613948822,0.31088054180145264,0.34525659680366516,vision,vision,1,0.8333333134651184,0.5,0.5,0.5224630832672119,0.4775369167327881,0.0012906548799946904,0.007547383662313223,0.9911619424819946,0.4384693503379822,0.25466760993003845,0.30686303973197937,vision,text,0,0.054265785962343216,1.072350025177002,0.4561992883682251,0.03881220147013664,0.08390331268310547
480,tIrG4oNLFzE$_$3,2.5999999046325684,1.42897367477417,0.0006719699595123529,0.004656718112528324,0.9946712851524353,1.5347118377685547,1.434108018875122,1.537137508392334,1.0652880668640137,1.1658918857574463,1.0628623962402344,0.3466363251209259,0.3056747019290924,0.3476889431476593,vision,vision,1,0.5714285969734192,0.3589743673801422,0.6382978558540344,0.521222710609436,0.47877728939056396,0.0006719699595123529,0.004656718112528324,0.9946712851524353,0.3012922704219818,0.22438588738441467,0.4743219316005707,vision,vision,1,0.03522740304470062,1.0505542755126953,0.3468996286392212,0.048007044941186905,0.10302948951721191
154,d6hH302o4v8$_$19,-2.799999952316284,-0.2739921510219574,0.0011093862121924758,0.009331408888101578,0.9895592927932739,-0.3236694633960724,-0.23215653002262115,-0.212722510099411,2.476330518722534,2.567843437194824,2.587277412414551,0.3620023727416992,0.32287320494651794,0.31512436270713806,vision,text,0,0.6666666865348816,0.5666666626930237,0.5675675868988037,0.522138774394989,0.477861225605011,0.0011093862121924758,0.009331408888101578,0.9895592927932739,0.32980015873908997,0.30212917923927307,0.36807066202163696,vision,vision,0,0.06155265122652054,1.0953348875045776,0.4143257141113281,0.04837529733777046,0.11094695329666138
225,f9O3YtZ2VfI$_$19,-0.6000000238418579,-0.44306015968322754,0.0010379231534898281,0.008038918487727642,0.9909232258796692,-0.4608820378780365,-0.3511130213737488,-0.33639398217201233,0.1391179859638214,0.24888700246810913,0.2636060416698456,0.3666120767593384,0.3196072578430176,0.31378063559532166,vision,text,0,0.625,0.4545454680919647,0.5,0.5216307044029236,0.4783692955970764,0.0010379231534898281,0.008038918487727642,0.9909232258796692,0.35268041491508484,0.27797576785087585,0.3693437874317169,vision,vision,0,0.05494192987680435,1.0913081169128418,0.4143862724304199,0.055540937930345535,0.12448805570602417
462,rnaNMUZpvvg$_$13,-2.0,0.015120185911655426,0.0017535752849653363,0.010701101273298264,0.9875453114509583,0.10229378938674927,0.1267571598291397,0.0823269933462143,2.1022937297821045,2.1267571449279785,2.082326889038086,0.33387237787246704,0.3238174021244049,0.34231024980545044,vision,vision,1,0.75,0.47058823704719543,0.3333333432674408,0.5225292444229126,0.4774707555770874,0.0017535752849653363,0.010701101273298264,0.9875453114509583,0.4453103244304657,0.28887590765953064,0.26581376791000366,vision,text,0,0.07206042110919952,1.071155309677124,0.4811543822288513,0.018169477581977844,0.044430166482925415
295,jUzDDGyPkXU$_$12,0.5,0.8652852177619934,0.0007988373981788754,0.008979554288089275,0.9902216196060181,0.9128524661064148,0.8672829866409302,0.9285481572151184,0.4128524661064148,0.3672829866409302,0.4285481572151184,0.32903534173965454,0.34832191467285156,0.3226427137851715,vision,audio,0,0.6000000238418579,0.6000000238418579,0.5,0.5223917365074158,0.47760826349258423,0.0007988373981788754,0.008979554288089275,0.9902216196060181,0.3073762059211731,0.3487512469291687,0.3438725471496582,vision,audio,1,0.057746872305870056,1.0970582962036133,0.43089938163757324,0.0259836558252573,0.06126517057418823
645,yvsjCA6Y5Fc$_$15,-2.0,0.11097043007612228,0.0006522125913761556,0.005552852526307106,0.9937949180603027,0.1024019792675972,0.1302257478237152,0.09325550496578217,2.1024019718170166,2.130225658416748,2.0932555198669434,0.3358728587627411,0.3243921399116516,0.3397349715232849,vision,vision,1,0.5,0.3684210479259491,0.5441176295280457,0.5214235782623291,0.4785764217376709,0.0006522125913761556,0.005552852526307106,0.9937949180603027,0.2986231744289398,0.25814372301101685,0.44323307275772095,vision,vision,1,0.03980826586484909,1.0711369514465332,0.3670412302017212,0.01572195440530777,0.036970242857933044
516,tmZoasNr4rU$_$3,-2.0,-0.0787411481142044,0.0010898240143433213,0.007216113619506359,0.9916940331459045,-0.16740858554840088,-0.12585411965847015,-0.059839196503162384,1.8325914144515991,1.8741458654403687,1.9401607513427734,0.35416170954704285,0.33623504638671875,0.3096033036708832,vision,text,0,0.5,0.3076923191547394,0.4375,0.5209805965423584,0.4790194034576416,0.0010898240143433213,0.007216113619506359,0.9916940331459045,0.34113869071006775,0.2577522099018097,0.40110906958580017,vision,vision,0,0.05129167437553406,1.082754373550415,0.39372333884239197,0.04429185763001442,0.1075693890452385
33,cM3Yna7AavY$_$11,2.0,0.7928526401519775,0.0008082141866907477,0.006623836234211922,0.9925678968429565,0.8142163753509521,0.7678098678588867,0.68650221824646,1.1857836246490479,1.2321901321411133,1.31349778175354,0.35764220356941223,0.33748626708984375,0.30487146973609924,vision,text,0,0.5555555820465088,0.4000000059604645,0.46666666865348816,0.5213205218315125,0.47867947816848755,0.0008082141866907477,0.006623836234211922,0.9925678968429565,0.34514719247817993,0.27459076046943665,0.3802620470523834,vision,vision,0,0.04639175534248352,1.0897367000579834,0.40820392966270447,0.05278405174612999,0.1277141571044922
138,d6hH302o4v8$_$5,-1.3333333730697632,0.8693000674247742,0.0003471397503744811,0.004579400643706322,0.9950734972953796,0.8109080791473389,0.7603883743286133,0.7779251337051392,2.1442413330078125,2.093721866607666,2.1112585067749023,0.3218252658843994,0.34280380606651306,0.3353709876537323,vision,audio,0,0.5714285969734192,0.6000000238418579,0.8333333134651184,0.5222952961921692,0.4777047038078308,0.0003471397503744811,0.004579400643706322,0.9950734972953796,0.22955650091171265,0.2633594274520874,0.5070840120315552,vision,vision,0,0.03234507888555527,1.0335500240325928,0.3253262937068939,0.020943451672792435,0.050519704818725586
474,tIrG4oNLFzE$_$15,-2.0,0.7514404058456421,0.0010942098451778293,0.009322825819253922,0.989582896232605,0.8347727656364441,0.7729406952857971,0.8487323522567749,2.834772825241089,2.7729406356811523,2.8487324714660645,0.32647114992141724,0.3527049720287323,0.3208238482475281,vision,audio,0,0.625,0.5211267471313477,0.4642857015132904,0.522085964679718,0.477914035320282,0.0010942098451778293,0.009322825819253922,0.989582896232605,0.3417077660560608,0.31632834672927856,0.34196391701698303,vision,vision,0,0.061409562826156616,1.0979559421539307,0.4317460060119629,0.03293502330780029,0.07579165697097778
500,tStelxIAHjw$_$7,1.399999976158142,0.39868876338005066,0.0005324184312485158,0.010802360251545906,0.9886652231216431,0.40030691027641296,0.40560591220855713,0.4227255880832672,0.9996930360794067,0.994394063949585,0.9772744178771973,0.32948219776153564,0.3316718637943268,0.3388459384441376,vision,vision,1,0.5,0.7647058963775635,0.550000011920929,0.52315354347229,0.47684645652770996,0.0005324184312485158,0.010802360251545906,0.9886652231216431,0.22687864303588867,0.4335702955722809,0.33955106139183044,vision,audio,0,0.06419667601585388,1.0656330585479736,0.43274277448654175,0.009567072615027428,0.022418677806854248
230,f_pcplsH_V0$_$13,1.600000023841858,0.9594924449920654,0.0007710877689532936,0.008935187943279743,0.9902937412261963,1.0622634887695312,0.9800634384155273,1.0639245510101318,0.5377365350723267,0.6199365854263306,0.5360754728317261,0.3443015217781067,0.3106813132762909,0.34501713514328003,vision,vision,1,0.4545454680919647,0.5,0.4545454680919647,0.5217227935791016,0.47827720642089844,0.0007710877689532936,0.008935187943279743,0.9902937412261963,0.2757614254951477,0.34376004338264465,0.38047853112220764,vision,vision,1,0.05733996629714966,1.0899782180786133,0.406543493270874,0.03914686664938927,0.08386111259460449
535,v0zCBqDeKcE$_$4,0.0,0.43259501457214355,0.0008051751065067947,0.005590715911239386,0.9936041235923767,0.48221516609191895,0.46975618600845337,0.5013687014579773,0.48221516609191895,0.46975618600845337,0.5013687014579773,0.33422034978866577,0.3394661545753479,0.32631349563598633,vision,audio,0,0.7058823704719543,0.4444444477558136,0.5714285969734192,0.522023618221283,0.47797638177871704,0.0008051751065067947,0.005590715911239386,0.9936041235923767,0.368985116481781,0.24709804356098175,0.38391679525375366,vision,vision,0,0.041108861565589905,1.080848217010498,0.40645819902420044,0.013001860119402409,0.031612515449523926
89,cXypl4FnoZo$_$6,-0.6000000238418579,-0.040841344743967056,0.0007452559657394886,0.007807378191500902,0.9914473295211792,-0.07270964235067368,-0.0006598085165023804,0.022158391773700714,0.527290403842926,0.5993402004241943,0.622158408164978,0.3568814694881439,0.326144814491272,0.3169736862182617,vision,text,0,0.5263158082962036,0.5098039507865906,0.5166666507720947,0.5217925310134888,0.47820746898651123,0.0007452559657394886,0.007807378191500902,0.9914473295211792,0.29179510474205017,0.3182623088359833,0.38994258642196655,vision,vision,0,0.05176989734172821,1.0910077095031738,0.4010031819343567,0.04043072462081909,0.09486803412437439
427,phBUpBr1hSo$_$11,2.0,0.5649729371070862,0.0005615347763523459,0.005870581604540348,0.9935678839683533,0.5267513990402222,0.5095207691192627,0.5479382276535034,1.4732486009597778,1.4904792308807373,1.4520617723464966,0.3327201008796692,0.3256304860115051,0.34164944291114807,vision,vision,1,0.4444444477558136,0.380952388048172,0.47999998927116394,0.5214056968688965,0.4785943031311035,0.0005615347763523459,0.005870581604540348,0.9935678839683533,0.2920585870742798,0.28742510080337524,0.42051634192466736,vision,vision,1,0.040776245296001434,1.0821070671081543,0.38203439116477966,0.015711557120084763,0.03841745853424072
27,c7UH_rxdZv4$_$19,-1.7999999523162842,0.08690494298934937,0.0007090488797985017,0.008793873712420464,0.9904971122741699,0.10250948369503021,0.12731586396694183,0.09273026138544083,1.9025094509124756,1.9273158311843872,1.8927302360534668,0.33537158370018005,0.32513198256492615,0.3394964039325714,vision,vision,1,0.4444444477558136,0.5111111402511597,0.5,0.5219115018844604,0.47808849811553955,0.0007090488797985017,0.008793873712420464,0.9904971122741699,0.26440849900245667,0.33647942543029785,0.3991120159626007,vision,vision,1,0.056226857006549835,1.0848212242126465,0.39425671100616455,0.014556989073753357,0.03458560258150101
315,k5Y_838nuGo$_$5,-1.3333333730697632,0.007158163469284773,0.0015184712829068303,0.009288440458476543,0.9891931414604187,0.10230263322591782,0.12679538130760193,0.08164925873279572,1.435636043548584,1.4601287841796875,1.4149826765060425,0.3337782919406891,0.3237141966819763,0.342507541179657,vision,vision,1,0.7272727489471436,0.4375,0.3499999940395355,0.5223180651664734,0.4776819348335266,0.0015184712829068303,0.009288440458476543,0.9891931414604187,0.4393835663795471,0.278054803609848,0.28256165981292725,vision,text,0,0.064063660800457,1.0743519067764282,0.47108766436576843,0.01845303177833557,0.04514612257480621
558,vyB00TXsimI$_$5,1.7999999523162842,1.3333384990692139,0.001145383808761835,0.004551364108920097,0.9943033456802368,1.420823097229004,1.3193683624267578,1.414691686630249,0.3791768550872803,0.48063158988952637,0.38530826568603516,0.34803691506385803,0.3065834939479828,0.34537965059280396,vision,text,0,0.8571428656578064,0.30000001192092896,0.5454545617103577,0.521664559841156,0.478335440158844,0.001145383808761835,0.004551364108920097,0.9943033456802368,0.4796716868877411,0.17498508095741272,0.3453432321548462,vision,text,1,0.03797938674688339,1.0245755910873413,0.43264007568359375,0.04644853249192238,0.1014547348022461
377,nzpVDcQ0ywM$_$23,2.0,0.12627165019512177,0.0008456482319161296,0.011608052998781204,0.9875463843345642,0.10798239707946777,0.13596493005752563,0.12114500254392624,1.8920176029205322,1.8640351295471191,1.8788549900054932,0.32763397693634033,0.33929678797721863,0.33306923508644104,vision,audio,0,0.5,0.5789473652839661,0.3636363744735718,0.5224587917327881,0.4775412082672119,0.0008456482319161296,0.011608052998781204,0.9875463843345642,0.30138149857521057,0.39143770933151245,0.30718082189559937,vision,audio,1,0.07008516788482666,1.0911824703216553,0.45357704162597656,0.011430497281253338,0.02798253297805786
176,dq3Nf_lMPnE$_$6,0.800000011920929,-0.21745479106903076,0.0016421560430899262,0.011544103734195232,0.9868137836456299,-0.18614313006401062,-0.10197509825229645,-0.05783998221158981,0.9861431121826172,0.9019750952720642,0.8578400015830994,0.3044233024120331,0.3381972312927246,0.3573794960975647,vision,vision,1,0.6666666865348816,0.44999998807907104,0.25,0.5220532417297363,0.47794675827026367,0.0016421560430899262,0.011544103734195232,0.9868137836456299,0.4297623634338379,0.3157002925872803,0.25453734397888184,vision,text,0,0.07513290643692017,1.075219988822937,0.48818427324295044,0.0532226599752903,0.1283031404018402
428,phBUpBr1hSo$_$10,-1.399999976158142,-0.176722913980484,0.0007749707438051701,0.005011541768908501,0.9942134022712708,-0.1681593954563141,-0.08207626640796661,-0.051036737859249115,1.2318406105041504,1.317923665046692,1.3489632606506348,0.36208367347717285,0.3251451253890991,0.312771201133728,vision,text,0,0.5555555820465088,0.30000001192092896,0.5142857432365417,0.520966649055481,0.47903335094451904,0.0007749707438051701,0.005011541768908501,0.9942134022712708,0.34082114696502686,0.23166121542453766,0.4275176525115967,vision,vision,0,0.03786185756325722,1.0689460039138794,0.3777972161769867,0.04954400286078453,0.11712265759706497
463,rnaNMUZpvvg$_$12,-1.0,-0.11119560152292252,0.0006321105756796896,0.006273042876273394,0.9930949211120605,-0.13841164112091064,-0.04915538430213928,-0.04679224640130997,0.8615883588790894,0.9508446455001831,0.9532077312469482,0.35890936851501465,0.3210187554359436,0.3200719356536865,vision,text,0,0.5,0.4583333432674408,0.5964912176132202,0.5215457081794739,0.4784542918205261,0.0006321105756796896,0.006273042876273394,0.9930949211120605,0.2719886302947998,0.28027111291885376,0.4477403163909912,vision,vision,0,0.043351270258426666,1.0704102516174316,0.3635697364807129,0.0426437146961689,0.09161939471960068
99,cXypl4FnoZo$_$16,-0.6000000238418579,0.1869916170835495,0.0006963357445783913,0.010042281821370125,0.9892613887786865,0.14888471364974976,0.1604841649532318,0.17641118168830872,0.7488847374916077,0.7604842185974121,0.7764111757278442,0.3387783467769623,0.33390170335769653,0.3273199200630188,vision,text,0,0.4482758641242981,0.5833333134651184,0.4482758641242981,0.5222893357276917,0.47771066427230835,0.0006963357445783913,0.010042281821370125,0.9892613887786865,0.25951850414276123,0.3854491412639618,0.3550323247909546,vision,audio,0,0.06194690614938736,1.0851904153823853,0.4228193759918213,0.011283831670880318,0.02752646803855896
457,rnaNMUZpvvg$_$6,-2.5999999046325684,-0.2160300314426422,0.0005805505206808448,0.00940619595348835,0.9900132417678833,-0.2457491159439087,-0.15121786296367645,-0.10877946764230728,2.354250907897949,2.448781967163086,2.491220474243164,0.3661402761936188,0.3253341317176819,0.30852553248405457,vision,text,0,0.4000000059604645,0.5833333134651184,0.4642857015132904,0.521798312664032,0.478201687335968,0.0005805505206808448,0.00940619595348835,0.9900132417678833,0.239918515086174,0.3900406062602997,0.3700409233570099,vision,audio,0,0.058155644685029984,1.077571153640747,0.41331490874290466,0.05724980682134628,0.136969655752182
351,lXPQBPVc5Cw$_$8,2.5999999046325684,1.1065630912780762,0.0005057856324128807,0.005687378812581301,0.9938068389892578,1.1882429122924805,1.109688639640808,1.1954445838928223,1.411756992340088,1.4903112649917603,1.404555320739746,0.34299236536026,0.31091371178627014,0.34609392285346985,vision,vision,1,0.4545454680919647,0.46666666865348816,0.6285714507102966,0.5215356349945068,0.47846436500549316,0.0005057856324128807,0.005687378812581301,0.9938068389892578,0.24380438029766083,0.2833236753940582,0.47287192940711975,vision,vision,1,0.03941347077488899,1.0555691719055176,0.3472899794578552,0.03883972764015198,0.08575594425201416
152,d6hH302o4v8$_$17,-2.0,-0.04523206502199173,0.0022844222839921713,0.011414255015552044,0.9863013029098511,-0.08329742401838303,-0.04876352846622467,-0.013043209910392761,1.9167026281356812,1.9512364864349365,1.9869568347930908,0.34798598289489746,0.3332839608192444,0.31873005628585815,vision,text,0,0.8333333134651184,0.46666666865348816,0.3333333432674408,0.5226632356643677,0.4773367643356323,0.0022844222839921713,0.011414255015552044,0.9863013029098511,0.49363818764686584,0.2630884051322937,0.24327334761619568,vision,text,1,0.07855218648910522,1.0436615943908691,0.49535197019577026,0.02868252620100975,0.07025421410799026
534,v0zCBqDeKcE$_$5,2.0,1.1893447637557983,0.0006862571462988853,0.006415549665689468,0.9928982257843018,1.2380623817443848,1.1658961772918701,1.2459018230438232,0.7619376182556152,0.8341038227081299,0.7540981769561768,0.3420453667640686,0.31254100799560547,0.3454136252403259,vision,vision,1,0.6666666865348816,0.5333333611488342,0.5833333134651184,0.5221132636070251,0.47788673639297485,0.0006862571462988853,0.006415549665689468,0.9928982257843018,0.33405566215515137,0.28616973757743835,0.3797746002674103,vision,vision,1,0.044467657804489136,1.092010736465454,0.4087490737438202,0.03600975498557091,0.08000564575195312
517,tmZoasNr4rU$_$2,-2.0,-0.14435653388500214,0.001006208942271769,0.010675345547497272,0.9883184432983398,-0.1495087444782257,-0.054884836077690125,-0.033775269985198975,1.8504912853240967,1.9451152086257935,1.9662246704101562,0.3631400763988495,0.32263094186782837,0.31422901153564453,vision,text,0,0.5714285969734192,0.5833333134651184,0.5,0.5220767855644226,0.4779232144355774,0.001006208942271769,0.010675345547497272,0.9883184432983398,0.30034592747688293,0.34509530663490295,0.3545587956905365,vision,vision,0,0.06702158600091934,1.096056342124939,0.4225064218044281,0.050325095653533936,0.11573347449302673
199,f9O3YtZ2VfI$_$25,-1.399999976158142,1.433802604675293,0.0005763389053754508,0.006499187555164099,0.9929244518280029,1.5577384233474731,1.4546918869018555,1.5341172218322754,2.9577383995056152,2.854691982269287,2.934117317199707,0.3157125413417816,0.3591140806674957,0.32517334818840027,vision,audio,0,0.5,0.4761904776096344,0.5199999809265137,0.5215939879417419,0.47840601205825806,0.0005763389053754508,0.006499187555164099,0.9929244518280029,0.2867611050605774,0.307488352060318,0.405750572681427,vision,vision,0,0.04407965764403343,1.086815357208252,0.3914492726325989,0.04407684504985809,0.10304653644561768
191,etzxEpPuc6I$_$2,1.2000000476837158,0.5111117959022522,0.0006251100567169487,0.009795648977160454,0.9895792603492737,0.49281051754951477,0.4847337603569031,0.5130912661552429,0.7071895599365234,0.7152662873268127,0.6869087815284729,0.3316056728363037,0.328274667263031,0.34011968970298767,vision,vision,1,0.42105263471603394,0.5869565010070801,0.4363636374473572,0.5222851037979126,0.4777148962020874,0.0006251100567169487,0.009795648977160454,0.9895792603492737,0.25113311409950256,0.3961872458457947,0.35267966985702515,vision,audio,0,0.06029091775417328,1.0813870429992676,0.4245997369289398,0.011928919702768326,0.028357505798339844
437,phBUpBr1hSo$_$20,-1.25,0.06921695917844772,0.0004367614455986768,0.005637134425342083,0.9939261078834534,0.10231443494558334,0.12834355235099792,0.0820339173078537,1.3523144721984863,1.3783435821533203,1.3320338726043701,0.33403903245925903,0.32334551215171814,0.34261542558670044,vision,vision,1,0.4583333432674408,0.5,0.6206896305084229,0.5218077898025513,0.47819221019744873,0.0004367614455986768,0.005637134425342083,0.9939261078834534,0.24599826335906982,0.29823610186576843,0.4557656943798065,vision,vision,1,0.03862544894218445,1.0639523267745972,0.3587736487388611,0.01895432360470295,0.046309635043144226
362,lXPQBPVc5Cw$_$30,-2.0,-0.4913492500782013,0.00045677946764044464,0.007282665465027094,0.9922605156898499,-0.3200157880783081,-0.2953662872314453,-0.49300047755241394,1.679984211921692,1.7046337127685547,1.5069994926452637,0.31142494082450867,0.3019756078720093,0.38659942150115967,vision,vision,1,0.3333333432674408,0.5230769515037537,0.5,0.5212142467498779,0.47878575325012207,0.00045677946764044464,0.007282665465027094,0.9922605156898499,0.22369742393493652,0.35870394110679626,0.4175986051559448,vision,vision,1,0.04706982895731926,1.067403793334961,0.3831079602241516,0.08793342113494873,0.19763419032096863
396,nzpVDcQ0ywM$_$18,1.2000000476837158,1.5508297681808472,0.0006480716983787715,0.005842254497110844,0.9935095906257629,1.6267597675323486,1.5047621726989746,1.6035404205322266,0.4267597198486328,0.3047621250152588,0.40354037284851074,0.31306853890419006,0.3646431565284729,0.32228827476501465,vision,audio,0,0.5833333134651184,0.4333333373069763,0.5555555820465088,0.5214667320251465,0.4785332679748535,0.0006480716983787715,0.005842254497110844,0.9935095906257629,0.3243124783039093,0.2657334804534912,0.4099540114402771,vision,vision,0,0.04127170890569687,1.0829179286956787,0.3890370726585388,0.052893705666065216,0.12199759483337402
491,tStelxIAHjw$_$12,-1.0,0.2109639048576355,0.001667399425059557,0.013260068371891975,0.9850725531578064,0.26754000782966614,0.2546740174293518,0.3009755313396454,1.2675399780273438,1.254673957824707,1.3009755611419678,0.3361029028892517,0.3415519595146179,0.32234519720077515,vision,audio,0,0.75,0.6551724076271057,0.47058823704719543,0.5230135917663574,0.4769864082336426,0.001667399425059557,0.013260068371891975,0.9850725531578064,0.36423152685165405,0.345901757478714,0.28986671566963196,vision,text,0,0.08280421048402786,1.0940226316452026,0.46347054839134216,0.019514376297593117,0.04630151391029358
589,wMbj6ajWbic$_$7,-1.2000000476837158,0.04298776015639305,0.0006996068987064064,0.011706744320690632,0.9875937104225159,0.10228711366653442,0.1275171935558319,0.08196737617254257,1.3022871017456055,1.3275172710418701,1.2819674015045166,0.3339255452156067,0.32355862855911255,0.342515766620636,vision,vision,1,0.38461539149284363,0.5925925970077515,0.4117647111415863,0.5222352743148804,0.47776472568511963,0.0006996068987064064,0.011706744320690632,0.9875937104225159,0.24262100458145142,0.41199904680252075,0.34537991881370544,vision,audio,0,0.06947842985391617,1.0761237144470215,0.4281425178050995,0.01863161474466324,0.04554981738328934
634,yvsjCA6Y5Fc$_$2,-1.2000000476837158,-0.1505441516637802,0.0014222472673282027,0.017004694789648056,0.9815729856491089,-0.2275705337524414,-0.15057112276554108,-0.09204728156328201,0.9724295139312744,1.049428939819336,1.1079527139663696,0.3633185625076294,0.3299795687198639,0.3067018389701843,vision,text,0,0.5833333134651184,0.6785714030265808,0.3529411852359772,0.5226948857307434,0.4773051142692566,0.0014222472673282027,0.017004694789648056,0.9815729856491089,0.31094732880592346,0.42392006516456604,0.2651326656341553,vision,audio,0,0.09686137735843658,1.079010248184204,0.4776269793510437,0.05549825355410576,0.13552325963974
67,cW1FSBF59ik$_$15,-2.5999999046325684,0.08635883033275604,0.0008767725084908307,0.008903305046260357,0.9902198910713196,0.10303625464439392,0.13169287145137787,0.09624598920345306,2.703036069869995,2.7316927909851074,2.6962459087371826,0.33632245659828186,0.3244883418083191,0.33918920159339905,vision,vision,1,0.5,0.4893617033958435,0.48672565817832947,0.5219084024429321,0.47809159755706787,0.0008767725084908307,0.008903305046260357,0.9902198910713196,0.2919638752937317,0.3216124475002289,0.38642364740371704,vision,vision,1,0.05793940648436546,1.0917035341262817,0.40253084897994995,0.015361535362899303,0.035446882247924805
270,iiK8YX8oH1E$_$4,-2.0,-0.13210175931453705,0.0006890054210089147,0.006238546688109636,0.9930724501609802,-0.13136380910873413,-0.04132874310016632,-0.014357946813106537,1.868636131286621,1.95867121219635,1.9856420755386353,0.3626481592655182,0.3240472376346588,0.31330451369285583,vision,text,0,0.6470588445663452,0.5681818127632141,0.7169811129570007,0.5220353603363037,0.4779646396636963,0.0006890054210089147,0.006238546688109636,0.9930724501609802,0.283655047416687,0.2732050120830536,0.4431399703025818,vision,vision,0,0.04359276965260506,1.0725549459457397,0.3666216731071472,0.0500267818570137,0.1170058622956276
473,tIrG4oNLFzE$_$12,-2.5999999046325684,-0.18704506754875183,0.0008870841120369732,0.006510202307254076,0.9926026463508606,-0.23413246870040894,-0.1786758154630661,-0.11724144965410233,2.3658673763275146,2.4213240146636963,2.4827585220336914,0.35751479864120483,0.3335711658000946,0.3089140057563782,vision,text,0,0.6666666865348816,0.48148149251937866,0.53125,0.521808385848999,0.478191614151001,0.0008870841120369732,0.006510202307254076,0.9926026463508606,0.3528409004211426,0.2776091396808624,0.3695499300956726,vision,vision,0,0.046378813683986664,1.091210961341858,0.4153684973716736,0.0477413535118103,0.11689101904630661
48,cM3Yna7AavY$_$8,-0.6000000238418579,-0.48667705059051514,0.0008010296733118594,0.005631444975733757,0.9935675263404846,-0.29875633120536804,-0.2656387686729431,-0.44993856549263,0.30124369263648987,0.3343612551689148,0.1500614583492279,0.3157101571559906,0.3029075264930725,0.3813822865486145,vision,vision,1,0.800000011920929,0.5714285969734192,0.6800000071525574,0.5220363140106201,0.4779636859893799,0.0008010296733118594,0.005631444975733757,0.9935675263404846,0.3644563555717468,0.2531619966030121,0.3823815882205963,vision,vision,1,0.041290197521448135,1.0832358598709106,0.40745729207992554,0.08022139966487885,0.1842997968196869
342,lXPQBPVc5Cw$_$29,-1.2000000476837158,0.9006314277648926,0.0006516511202789843,0.008944080211222172,0.9904043674468994,0.9391286373138428,0.8837680816650391,0.9181737303733826,2.1391286849975586,2.083768129348755,2.118173837661743,0.3227689862251282,0.34589582681655884,0.331335186958313,vision,audio,0,0.4838709533214569,0.5714285969734192,0.5058823823928833,0.5221208930015564,0.4778791069984436,0.0006516511202789843,0.008944080211222172,0.9904043674468994,0.26870906352996826,0.35444745421409607,0.37684351205825806,vision,vision,0,0.05651704967021942,1.0885199308395386,0.40904054045677185,0.022822145372629166,0.05536055564880371
421,pLTX3ipuDJI$_$5,-2.0,-0.039988383650779724,0.0009011797374114394,0.008926194161176682,0.9901725053787231,-0.016580499708652496,0.05584210157394409,0.0561520978808403,1.9834195375442505,2.055842161178589,2.056152105331421,0.3537890911102295,0.323168009519577,0.3230428695678711,vision,text,0,0.5666666626930237,0.5303030014038086,0.49367088079452515,0.5220239162445068,0.47797608375549316,0.0009011797374114394,0.008926194161176682,0.9901725053787231,0.3102753162384033,0.32527244091033936,0.3644522726535797,vision,vision,0,0.05821853503584862,1.0962880849838257,0.4171468913555145,0.03421364352107048,0.0727325975894928
194,etzxEpPuc6I$_$7,-1.2000000476837158,-0.01414454821497202,0.0008284285431727767,0.006633979268372059,0.9925375580787659,0.034859806299209595,0.09878061711788177,0.07361283153295517,1.234859824180603,1.2987806797027588,1.2736128568649292,0.34771472215652466,0.3210129141807556,0.3312724232673645,vision,text,0,0.625,0.4861111044883728,0.6290322542190552,0.5219143629074097,0.47808563709259033,0.0008284285431727767,0.006633979268372059,0.9925375580787659,0.3111499547958374,0.2646970748901367,0.4241529703140259,vision,vision,0,0.04658608138561249,1.0788681507110596,0.37892305850982666,0.02629128284752369,0.06392081081867218
201,f9O3YtZ2VfI$_$27,1.600000023841858,1.0326759815216064,0.0007209228351712227,0.009830072522163391,0.9894490242004395,1.1434156894683838,1.063156247138977,1.1422295570373535,0.4565843343734741,0.5368437767028809,0.4577704668045044,0.3444638252258301,0.31158268451690674,0.3439534902572632,vision,text,0,0.4545454680919647,0.5416666865348816,0.3928571343421936,0.5219782590866089,0.4780217409133911,0.0007209228351712227,0.009830072522163391,0.9894490242004395,0.28084680438041687,0.3789920210838318,0.34016117453575134,vision,audio,0,0.06114858761429787,1.0911815166473389,0.43285855650901794,0.037558212876319885,0.08025944232940674
285,jUzDDGyPkXU$_$2,2.5999999046325684,1.2742987871170044,0.0016435831785202026,0.010138547979295254,0.9882178902626038,1.3638719320297241,1.2759902477264404,1.3662500381469727,1.2361279726028442,1.324009656906128,1.2337498664855957,0.3449532389640808,0.3090665936470032,0.345980167388916,vision,vision,1,0.8888888955116272,0.5600000023841858,0.3870967626571655,0.5230002999305725,0.4769997000694275,0.0016435831785202026,0.010138547979295254,0.9882178902626038,0.4817175269126892,0.2801922857761383,0.2380901575088501,vision,text,0,0.0687994509935379,1.0500125885009766,0.500085175037384,0.04199960082769394,0.09025979042053223
475,tIrG4oNLFzE$_$14,-2.4000000953674316,-0.13002802431583405,0.0010606566211208701,0.009687848389148712,0.989251434803009,-0.09328862279653549,-0.003880634903907776,0.016386717557907104,2.306711435317993,2.3961193561553955,2.416386842727661,0.3615136742591858,0.32328686118125916,0.31519946455955505,vision,text,0,0.4888888895511627,0.45270270109176636,0.451977401971817,0.5214967727661133,0.4785032272338867,0.0010606566211208701,0.009687848389148712,0.989251434803009,0.3013909161090851,0.31596875190734863,0.38264036178588867,vision,vision,0,0.06287628412246704,1.0930908918380737,0.40440744161605835,0.04764828830957413,0.1096753403544426
607,yDtzw_Y-7RU$_$22,2.0,0.7021858096122742,0.0008090690243989229,0.006265278905630112,0.992925763130188,0.7073805928230286,0.6605499386787415,0.726119875907898,1.2926194667816162,1.3394501209259033,1.273880124092102,0.3370586335659027,0.31789419054985046,0.34504714608192444,vision,vision,1,0.7142857313156128,0.5,0.5789473652839661,0.5221170783042908,0.47788292169570923,0.0008090690243989229,0.006265278905630112,0.992925763130188,0.36299067735671997,0.26447558403015137,0.37253373861312866,vision,vision,1,0.04459148645401001,1.0874511003494263,0.41359466314315796,0.0275755412876606,0.0655699372291565
44,cM3Yna7AavY$_$4,0.6000000238418579,0.3739843964576721,0.0007500178180634975,0.00831716787070036,0.990932822227478,0.43333953619003296,0.4079996347427368,0.3686077296733856,0.16666048765182495,0.1920003890991211,0.2313922941684723,0.3458898365497589,0.3351055085659027,0.3190045952796936,vision,text,0,0.4642857015132904,0.449438214302063,0.4375,0.5216163992881775,0.4783836007118225,0.0007500178180634975,0.00831716787070036,0.990932822227478,0.3006495237350464,0.3202320635318756,0.3791184425354004,vision,vision,0,0.05425713583827019,1.0936843156814575,0.40787625312805176,0.02663339674472809,0.06473180651664734
609,yDtzw_Y-7RU$_$1,0.800000011920929,0.9088389873504639,0.0005657727015204728,0.009166794829070568,0.9902674555778503,0.9427983164787292,0.8882039189338684,0.9178615212440491,0.1427983045578003,0.08820390701293945,0.11786150932312012,0.32234281301498413,0.34510838985443115,0.3325487971305847,vision,audio,0,0.4117647111415863,0.5555555820465088,0.446153849363327,0.5220010280609131,0.4779989719390869,0.0005657727015204728,0.009166794829070568,0.9902674555778503,0.2566910684108734,0.3770484924316406,0.3662604093551636,vision,audio,1,0.05692760646343231,1.0847115516662598,0.41600465774536133,0.022315828129649162,0.05459439754486084
117,d3_k5Xpfmik$_$7,0.4000000059604645,0.6083770990371704,0.0005469820462167263,0.006112670060247183,0.9933403134346008,0.6289080381393433,0.6008523106575012,0.6340346932411194,0.22890803217887878,0.20085230469703674,0.2340346872806549,0.3301088213920593,0.34189102053642273,0.32800015807151794,vision,audio,0,0.4375,0.42168673872947693,0.523809552192688,0.5215572118759155,0.4784427881240845,0.0005469820462167263,0.006112670060247183,0.9933403134346008,0.27042150497436523,0.2939143180847168,0.43566420674324036,vision,vision,0,0.041904550045728683,1.0755246877670288,0.3717840909957886,0.014584925957024097,0.033182382583618164
585,wMbj6ajWbic$_$3,0.0,0.6565225720405579,0.0015480942092835903,0.007730710785835981,0.9907212257385254,0.7141665816307068,0.68077552318573,0.732319712638855,0.7141665816307068,0.68077552318573,0.732319712638855,0.33110544085502625,0.34521785378456116,0.3236767649650574,vision,audio,0,0.8888888955116272,0.4444444477558136,0.375,0.5227367877960205,0.4772632122039795,0.0015480942092835903,0.007730710785835981,0.9907212257385254,0.513770580291748,0.23786793649196625,0.2483614832162857,vision,text,0,0.05684387683868408,1.0296831130981445,0.494906485080719,0.021347124129533768,0.051544189453125
337,lXPQBPVc5Cw$_$20,-1.7999999523162842,0.2582102417945862,0.000655202369671315,0.007919512689113617,0.9914252758026123,0.24117019772529602,0.25097566843032837,0.2528998553752899,2.041170120239258,2.0509755611419678,2.0528998374938965,0.3363308608531952,0.3322336673736572,0.33143553137779236,vision,text,0,0.39393940567970276,0.4343434274196625,0.44594594836235046,0.5216516256332397,0.47834837436676025,0.000655202369671315,0.007919512689113617,0.9914252758026123,0.2695794701576233,0.3261582553386688,0.4042622447013855,vision,vision,0,0.051658812910318375,1.0849452018737793,0.39144203066825867,0.005136304534971714,0.011729657649993896
104,d3_k5Xpfmik$_$13,2.200000047683716,1.2392984628677368,0.0013871724950149655,0.012205861508846283,0.9864069819450378,1.2921984195709229,1.2085446119308472,1.295393705368042,0.907801628112793,0.9914554357528687,0.9046063423156738,0.34426772594451904,0.31008681654930115,0.3456454873085022,vision,vision,1,0.6666666865348816,0.523809552192688,0.2800000011920929,0.5224437117576599,0.4775562882423401,0.0013871724950149655,0.012205861508846283,0.9864069819450378,0.4067288637161255,0.3415171504020691,0.2517539858818054,vision,text,0,0.07640552520751953,1.0800530910491943,0.4897686243057251,0.0402090847492218,0.08684909343719482
25,c7UH_rxdZv4$_$17,-1.399999976158142,0.020423648878932,0.0006919270963408053,0.006812312640249729,0.9924957752227783,0.04484643414616585,0.08818369358778,0.07437337189912796,1.4448463916778564,1.488183617591858,1.4743733406066895,0.3435205817222595,0.32540661096572876,0.3310728073120117,vision,text,0,0.625,0.5277777910232544,0.5348837375640869,0.5221878886222839,0.47781211137771606,0.0006919270963408053,0.006812312640249729,0.9924957752227783,0.32907408475875854,0.30201682448387146,0.36890909075737,vision,vision,0,0.046497248113155365,1.0952311754226685,0.4157244563102722,0.01807602122426033,0.04333725944161415
497,tStelxIAHjw$_$2,-2.0,0.44875168800354004,0.0007575191557407379,0.0076363589614629745,0.9916061162948608,0.5007126927375793,0.47799718379974365,0.49371370673179626,2.5007126331329346,2.477997303009033,2.493713617324829,0.3292085528373718,0.3386901021003723,0.33210134506225586,vision,audio,0,0.550000011920929,0.5061728358268738,0.5317460298538208,0.5220727324485779,0.4779272675514221,0.0007575191557407379,0.0076363589614629745,0.9916061162948608,0.2990153133869171,0.3081309497356415,0.3928537666797638,vision,vision,0,0.05102764815092087,1.0907807350158691,0.3991682529449463,0.009498468600213528,0.022715508937835693
2,c7UH_rxdZv4$_$26,-2.5999999046325684,1.040570616722107,0.0007499937200918794,0.00763910124078393,0.9916108250617981,1.1080461740493774,1.0484172105789185,1.114320158958435,3.7080459594726562,3.6484169960021973,3.714320182800293,0.3257782757282257,0.3509884476661682,0.32323333621025085,vision,audio,0,0.6363636255264282,0.5609756112098694,0.5400000214576721,0.5222489237785339,0.47775107622146606,0.0007499937200918794,0.00763910124078393,0.9916108250617981,0.32414427399635315,0.31312623620033264,0.3627294600009918,vision,vision,0,0.050987016409635544,1.0965995788574219,0.41925427317619324,0.0296988133341074,0.0659029483795166
183,etzxEpPuc6I$_$15,0.20000000298023224,-0.35095420479774475,0.0009108009980991483,0.006598028354346752,0.9924911856651306,-0.3114871382713318,-0.20057560503482819,-0.1655101478099823,0.5114871263504028,0.4005756080150604,0.36551016569137573,0.2986064553260803,0.3430121839046478,0.35838139057159424,vision,vision,1,0.625,0.4285714328289032,0.5625,0.5214213132858276,0.47857868671417236,0.0009108009980991483,0.006598028354346752,0.9924911856651306,0.3401716351509094,0.25670167803764343,0.4031267464160919,vision,vision,1,0.04698581621050835,1.0821244716644287,0.39290961623191833,0.06221846491098404,0.1459769904613495
571,vyB00TXsimI$_$16,0.4000000059604645,0.2025914341211319,0.0009387604659423232,0.008477525785565376,0.9905836582183838,0.25725531578063965,0.2665354013442993,0.059264518320560455,0.14274469017982483,0.13346460461616516,0.3407354950904846,0.3581114113330841,0.36228975653648376,0.27959883213043213,vision,audio,0,0.6363636255264282,0.5106382966041565,0.47787609696388245,0.5215920209884644,0.47840797901153564,0.0009387604659423232,0.008477525785565376,0.9905836582183838,0.35770148038864136,0.30062034726142883,0.34167811274528503,vision,text,0,0.056356556713581085,1.0959784984588623,0.4326036870479584,0.09559620171785355,0.20727089047431946
38,cM3Yna7AavY$_$14,-2.5999999046325684,0.5964423418045044,0.0010334693361073732,0.00675876485183835,0.9922078251838684,0.8352263569831848,0.7952585816383362,0.5122814178466797,3.4352262020111084,3.3952584266662598,3.112281322479248,0.2818048298358917,0.29624131321907043,0.42195379734039307,vision,vision,1,0.5555555820465088,0.3478260934352875,0.5185185074806213,0.5204015970230103,0.47959840297698975,0.0010334693361073732,0.00675876485183835,0.9922078251838684,0.3403013348579407,0.24273262917995453,0.416966050863266,vision,vision,1,0.04863962531089783,1.075219750404358,0.38349449634552,0.1437462866306305,0.3229449391365051
234,f_pcplsH_V0$_$1,0.25,0.7112261056900024,0.0009052656241692603,0.006732994224876165,0.9923617839813232,0.8019149899482727,0.7496935725212097,0.8105554580688477,0.5519149899482727,0.4996935725212097,0.5605554580688477,0.3271489441394806,0.3492165505886078,0.3236345052719116,vision,audio,0,0.625,0.4375,0.5263158082962036,0.5217861533164978,0.4782138466835022,0.0009052656241692603,0.006732994224876165,0.9923617839813232,0.34394899010658264,0.2680709958076477,0.38798004388809204,vision,vision,0,0.04762232303619385,1.0873401165008545,0.4029211699962616,0.026886379346251488,0.06086188554763794
525,v0zCBqDeKcE$_$10,2.200000047683716,0.3309450149536133,0.0008490729378536344,0.00754891661927104,0.9916020035743713,0.35772669315338135,0.35278642177581787,0.3790625035762787,1.8422733545303345,1.847213625907898,1.8209375143051147,0.3310301899909973,0.3289922773838043,0.339977502822876,vision,vision,1,0.5714285969734192,0.4545454680919647,0.4444444477558136,0.5219376683235168,0.47806233167648315,0.0008490729378536344,0.00754891661927104,0.9916020035743713,0.3375624418258667,0.3034832775592804,0.3589543402194977,vision,vision,1,0.05125337839126587,1.0962469577789307,0.42176514863967896,0.011402029544115067,0.026276081800460815
240,f_pcplsH_V0$_$6,1.600000023841858,0.6183577179908752,0.001076827640645206,0.00657886965200305,0.992344319820404,0.6342032551765442,0.5983706116676331,0.6542929410934448,0.9657967686653137,1.00162935256958,0.9457070827484131,0.33538731932640076,0.32069650292396545,0.3439162075519562,vision,vision,1,0.6666666865348816,0.3333333432674408,0.3888888955116272,0.5216777920722961,0.47832220792770386,0.001076827640645206,0.00657886965200305,0.992344319820404,0.4263429641723633,0.24474717676639557,0.3289099335670471,vision,text,0,0.048036571592092514,1.0736894607543945,0.44228965044021606,0.023129794746637344,0.05592232942581177
171,dq3Nf_lMPnE$_$3,-1.2000000476837158,0.9510588049888611,0.0007629143656231463,0.005589327309280634,0.9936477541923523,0.9731957912445068,0.9159193634986877,0.9832631349563599,2.1731958389282227,2.115919351577759,2.1832633018493652,0.32661429047584534,0.35085591673851013,0.3225298225879669,vision,audio,0,0.7142857313156128,0.47826087474823,0.6296296119689941,0.5220032334327698,0.4779967665672302,0.0007629143656231463,0.005589327309280634,0.9936477541923523,0.353302538394928,0.2463286966085434,0.40036875009536743,vision,vision,0,0.04079974442720413,1.079200267791748,0.39551934599876404,0.029659409075975418,0.06734377145767212
375,nzpVDcQ0ywM$_$21,-1.399999976158142,-0.05298996344208717,0.0006548179080709815,0.007552438881248236,0.9917927384376526,-0.0490579828619957,0.011693879961967468,-0.027592256665229797,1.3509420156478882,1.411693811416626,1.3724076747894287,0.3447803854942322,0.31956732273101807,0.335652232170105,vision,text,0,0.6000000238418579,0.5769230723381042,0.5714285969734192,0.5222570300102234,0.4777429699897766,0.0006548179080709815,0.007552438881248236,0.9917927384376526,0.30442970991134644,0.31708577275276184,0.3784845769405365,vision,vision,0,0.049874383956193924,1.0939902067184448,0.408872127532959,0.025155000388622284,0.060751862823963165
412,pLTX3ipuDJI$_$10,-1.600000023841858,0.9682325124740601,0.000772927247453481,0.008936116471886635,0.9902909398078918,1.0462998151779175,0.975184440612793,1.0575451850891113,2.6462998390197754,2.5751843452453613,2.6575450897216797,0.32478001713752747,0.35497331619262695,0.3202466666698456,vision,audio,0,0.47826087474823,0.5245901346206665,0.4931506812572479,0.521838903427124,0.478161096572876,0.000772927247453481,0.008936116471886635,0.9902909398078918,0.2731877863407135,0.3405415117740631,0.386270672082901,vision,vision,0,0.0573575422167778,1.088752031326294,0.4026801586151123,0.03646484762430191,0.08236074447631836
588,wMbj6ajWbic$_$4,1.0,-0.029039526358246803,0.0008233528351411223,0.00862888153642416,0.9905477166175842,-0.022303998470306396,0.05399350821971893,0.055645301938056946,1.0223040580749512,0.9460064768791199,0.9443547129631042,0.3122648596763611,0.34351256489753723,0.3442225456237793,vision,vision,1,0.5,0.5,0.5,0.5217872262001038,0.47821277379989624,0.0008233528351411223,0.00862888153642416,0.9905477166175842,0.2863098382949829,0.3234376013278961,0.3902525007724762,vision,vision,1,0.056264977902173996,1.0903745889663696,0.40019679069519043,0.03636257350444794,0.07794930040836334
132,d6hH302o4v8$_$29,-1.7999999523162842,-0.5928038954734802,0.0007897238247096539,0.0050268517807126045,0.9941834807395935,-0.41298356652259827,-0.36609065532684326,-0.474230021238327,1.3870164155960083,1.433909296989441,1.3257699012756348,0.33083733916282654,0.3120023310184479,0.357160359621048,vision,vision,1,0.7037037014961243,0.41428571939468384,0.6097561120986938,0.5216060280799866,0.4783939719200134,0.0007897238247096539,0.0050268517807126045,0.9941834807395935,0.36904361844062805,0.22577878832817078,0.40517762303352356,vision,vision,1,0.03804813325405121,1.0699310302734375,0.39267057180404663,0.04427715390920639,0.10813936591148376
403,ob23OKe5a9Q$_$3,-1.2000000476837158,0.05874970555305481,0.0004546809650491923,0.007407672703266144,0.992137610912323,0.10240157693624496,0.12835296988487244,0.09065458923578262,1.3024016618728638,1.3283530473709106,1.2906546592712402,0.3352472484111786,0.32454654574394226,0.34020620584487915,vision,vision,1,0.30000001192092896,0.5,0.5555555820465088,0.521661639213562,0.478338360786438,0.0004546809650491923,0.007407672703266144,0.992137610912323,0.20272988080978394,0.33876174688339233,0.45850837230682373,vision,vision,1,0.047666970640420914,1.047762393951416,0.3557528853416443,0.015750253573060036,0.03769838064908981
548,vvZ4IcEtiZc$_$7,1.399999976158142,-0.10472605377435684,0.0008968986221589148,0.007646581623703241,0.9914564490318298,-0.11915769428014755,-0.049244970083236694,-0.07564925402402878,1.5191576480865479,1.4492449760437012,1.4756492376327515,0.3177412748336792,0.3467583954334259,0.3355003297328949,vision,audio,0,0.6666666865348816,0.5185185074806213,0.5625,0.52210533618927,0.47789466381073,0.0008968986221589148,0.007646581623703241,0.9914564490318298,0.3463399112224579,0.28136950731277466,0.3722905218601227,vision,vision,0,0.052065666764974594,1.0918902158737183,0.41277727484703064,0.02882506512105465,0.06991272419691086
215,f9O3YtZ2VfI$_$9,-2.200000047683716,0.1759677231311798,0.000861226231791079,0.00819238368421793,0.9909464120864868,0.10292346030473709,0.13310639560222626,0.12349488586187363,2.3029234409332275,2.333106517791748,2.3234949111938477,0.3404153883457184,0.32781118154525757,0.33177340030670166,vision,text,0,0.5384615659713745,0.5,0.5365853905677795,0.5220000743865967,0.4779999256134033,0.000861226231791079,0.00819238368421793,0.9909464120864868,0.2978922426700592,0.30690664052963257,0.39520108699798584,vision,vision,0,0.05445098504424095,1.090165376663208,0.3971635699272156,0.012590005993843079,0.030182935297489166
288,jUzDDGyPkXU$_$7,-0.6000000238418579,-0.010008454322814941,0.0007575365016236901,0.008299853652715683,0.9909425377845764,0.014362484216690063,0.07487579435110092,0.0664377212524414,0.6143624782562256,0.674875795841217,0.6664377450942993,0.34914645552635193,0.323710560798645,0.32714298367500305,vision,text,0,0.5263158082962036,0.5283018946647644,0.53125,0.5219836831092834,0.47801631689071655,0.0007575365016236901,0.008299853652715683,0.9909425377845764,0.2871299088001251,0.32135823369026184,0.39151185750961304,vision,vision,0,0.05422842502593994,1.0902281999588013,0.3996204733848572,0.026760028675198555,0.06051331013441086
266,iiK8YX8oH1E$_$1,-2.5999999046325684,-0.14756619930267334,0.0010796161368489265,0.009850000031292439,0.9890702962875366,-0.12741374969482422,-0.04500608146190643,-0.01929345726966858,2.472586154937744,2.5549938678741455,2.5807063579559326,0.36026906967163086,0.32500532269477844,0.31472551822662354,vision,text,0,0.5833333134651184,0.4871794879436493,0.3695652186870575,0.5218793153762817,0.47812068462371826,0.0010796161368489265,0.009850000031292439,0.9890702962875366,0.3557458519935608,0.330313503742218,0.31394070386886597,vision,text,1,0.06375455111265182,1.0972859859466553,0.45008647441864014,0.04611840099096298,0.10812029242515564
87,cXypl4FnoZo$_$4,-0.800000011920929,-0.06826572865247726,0.0008939147228375077,0.007887682877480984,0.9912183880805969,-0.10394274443387985,-0.030800744891166687,-0.017579607665538788,0.6960572600364685,0.7691992521286011,0.7824203968048096,0.35583433508872986,0.32474419474601746,0.3194214403629303,vision,text,0,0.625,0.5211267471313477,0.5529412031173706,0.5219966173171997,0.4780033826828003,0.0008939147228375077,0.007887682877480984,0.9912183880805969,0.32482972741127014,0.29442811012268066,0.3807421326637268,vision,vision,0,0.05321384221315384,1.092916488647461,0.4069841802120209,0.037981197237968445,0.08636313676834106
127,d6hH302o4v8$_$20,1.0,-1.0200326442718506,0.0009187772520817816,0.009702634997665882,0.9893786311149597,-0.7881931662559509,-0.6965431571006775,-0.7923630475997925,1.7881932258605957,1.6965432167053223,1.7923630475997925,0.32090532779693604,0.3598577082157135,0.31923702359199524,vision,audio,0,0.5,0.5199999809265137,0.4833333194255829,0.5218050479888916,0.4781949520111084,0.0009187772520817816,0.009702634997665882,0.9893786311149597,0.29205554723739624,0.33197593688964844,0.3759685158729553,vision,vision,0,0.06196444854140282,1.0933239459991455,0.40894007682800293,0.04421984776854515,0.09581989049911499
614,yDtzw_Y-7RU$_$7,-0.20000000298023224,0.014259694144129753,0.0006339891697280109,0.006092388182878494,0.9932736158370972,0.0950397327542305,0.12599724531173706,0.07994662970304489,0.29503974318504333,0.3259972333908081,0.27994662523269653,0.3354480266571045,0.3227151930332184,0.3418368101119995,vision,vision,1,0.46666666865348816,0.41860464215278625,0.5961538553237915,0.5215217471122742,0.47847825288772583,0.0006339891697280109,0.006092388182878494,0.9932736158370972,0.26419565081596375,0.27011245489120483,0.46569186449050903,vision,vision,1,0.04244759678840637,1.061112642288208,0.3517211675643921,0.019168343394994736,0.04605061560869217
419,pLTX3ipuDJI$_$3,-1.2000000476837158,0.725092351436615,0.0010711883660405874,0.012065784074366093,0.9868631362915039,0.7676955461502075,0.7381086349487305,0.7838394641876221,1.9676955938339233,1.9381086826324463,1.983839511871338,0.33137840032577515,0.34386342763900757,0.32475829124450684,vision,audio,0,0.52173912525177,0.5094339847564697,0.25,0.5222603678703308,0.4777396321296692,0.0010711883660405874,0.012065784074366093,0.9868631362915039,0.34610310196876526,0.3811938762664795,0.27270302176475525,vision,audio,1,0.07367518544197083,1.0892058610916138,0.4761067032814026,0.018936501815915108,0.0457308292388916
262,iiK8YX8oH1E$_$14,-1.2000000476837158,-0.32921239733695984,0.0010441816411912441,0.008551521226763725,0.9904043674468994,-0.28582891821861267,-0.16932980716228485,-0.13908040523529053,0.9141710996627808,1.0306702852249146,1.0609196424484253,0.3707977533340454,0.32054823637008667,0.3086540400981903,vision,text,0,0.6428571343421936,0.5,0.5,0.5217498540878296,0.4782501459121704,0.0010441816411912441,0.008551521226763725,0.9904043674468994,0.35062354803085327,0.2947307229042053,0.354645699262619,vision,vision,0,0.05743655562400818,1.0951772928237915,0.4238390624523163,0.06326504796743393,0.14674851298332214
489,tStelxIAHjw$_$10,-0.4000000059604645,-0.15036088228225708,0.0006913453689776361,0.00484294630587101,0.9944656491279602,-0.12882119417190552,-0.042249396443367004,-0.02025838941335678,0.27117881178855896,0.3577505946159363,0.3797416090965271,0.3609409034252167,0.32392096519470215,0.3151380717754364,vision,text,0,0.6666666865348816,0.4444444477558136,0.7142857313156128,0.5216277837753296,0.4783722162246704,0.0006913453689776361,0.00484294630587101,0.9944656491279602,0.3128616511821747,0.22438251972198486,0.46275582909584045,vision,vision,0,0.03636384755373001,1.0554404258728027,0.35447320342063904,0.046861689537763596,0.10856280475854874
86,cXypl4FnoZo$_$5,1.7999999523162842,1.5969717502593994,0.0005106746102683246,0.005411492194980383,0.9940779209136963,1.619966983795166,1.5056796073913574,1.632110595703125,0.18003296852111816,0.29432034492492676,0.16788935661315918,0.3469606339931488,0.3007718622684479,0.35226747393608093,vision,vision,1,0.5625,0.5161290168762207,0.6486486196517944,0.521702766418457,0.47829723358154297,0.0005106746102683246,0.005411492194980383,0.9940779209136963,0.2761629819869995,0.28236910700798035,0.44146785140037537,vision,vision,1,0.03801911324262619,1.0733898878097534,0.36840665340423584,0.0569540411233902,0.12643098831176758
11,c7UH_rxdZv4$_$3,-0.800000011920929,0.02246735244989395,0.001610204461030662,0.005384335294365883,0.9930054545402527,0.10210644453763962,0.11230659484863281,0.0801357552409172,0.9021064639091492,0.9123066067695618,0.8801357746124268,0.33165574073791504,0.32745394110679626,0.34089037775993347,vision,vision,1,0.7142857313156128,0.1818181872367859,0.4615384638309479,0.5212329030036926,0.4787670969963074,0.001610204461030662,0.005384335294365883,0.9930054545402527,0.455837607383728,0.17595313489437103,0.36820927262306213,vision,text,0,0.04545503854751587,1.0317189693450928,0.4165308177471161,0.013423516415059566,0.03217083960771561
507,tmZoasNr4rU$_$12,-2.200000047683716,0.7758445143699646,0.0006310505559667945,0.006418917328119278,0.9929500818252563,0.8388439416885376,0.79315185546875,0.8392670750617981,3.038844108581543,2.993151903152466,3.039267063140869,0.3269844651222229,0.34620389342308044,0.32681167125701904,vision,audio,0,0.6000000238418579,0.5517241358757019,0.6285714507102966,0.5221959352493286,0.4778040647506714,0.0006310505559667945,0.006418917328119278,0.9929500818252563,0.2878442704677582,0.29541996121406555,0.4167357385158539,vision,vision,0,0.04408058896660805,1.0834553241729736,0.3841428756713867,0.02163989283144474,0.046115219593048096
647,yvsjCA6Y5Fc$_$17,-0.6000000238418579,0.08718680590391159,0.0007462478242814541,0.00918383989483118,0.9900699257850647,0.10467540472745895,0.13412772119045258,0.10983675718307495,0.7046754360198975,0.7341277599334717,0.7098367810249329,0.33813217282295227,0.32591012120246887,0.33595773577690125,vision,text,0,0.46666666865348816,0.5102040767669678,0.4237288236618042,0.5219934582710266,0.4780065417289734,0.0007462478242814541,0.00918383989483118,0.9900699257850647,0.2881281077861786,0.35299059748649597,0.35888129472732544,vision,vision,0,0.058328963816165924,1.0938746929168701,0.42079243063926697,0.012841465882956982,0.029452316462993622
348,lXPQBPVc5Cw$_$7,-2.799999952316284,0.041105542331933975,0.000548149982932955,0.008339829742908478,0.9911120533943176,0.10227912664413452,0.12708218395709991,0.081864133477211,2.9022791385650635,2.927082061767578,2.881864070892334,0.33385422825813293,0.32366234064102173,0.3424834609031677,vision,vision,1,0.36666667461395264,0.523809552192688,0.5064935088157654,0.5218163728713989,0.4781836271286011,0.000548149982932955,0.008339829742908478,0.9911120533943176,0.2309217005968094,0.3553810715675354,0.413697212934494,vision,vision,1,0.05288471281528473,1.0712590217590332,0.38494324684143066,0.01848914474248886,0.045218050479888916
451,rnaNMUZpvvg$_$1,-2.5999999046325684,-0.4111326038837433,0.0006324151181615889,0.005446396768093109,0.993921160697937,-0.4348314702510834,-0.31407642364501953,-0.27497920393943787,2.165168523788452,2.285923480987549,2.3250207901000977,0.3733045160770416,0.32100313901901245,0.3056923449039459,vision,text,0,0.5,0.41860464215278625,0.6470588445663452,0.5211400389671326,0.47885996103286743,0.0006324151181615889,0.005446396768093109,0.993921160697937,0.2626205384731293,0.2534731328487396,0.4839063882827759,vision,vision,0,0.03910963237285614,1.0502768754959106,0.3400098979473114,0.06803848594427109,0.1598522663116455
391,nzpVDcQ0ywM$_$15,-0.6000000238418579,-0.02073238231241703,0.0007185144349932671,0.006024085450917482,0.9932574033737183,-0.0695851519703865,-0.04419112205505371,-0.07285226136445999,0.530414879322052,0.5558089017868042,0.5271477699279785,0.33637773990631104,0.32586798071861267,0.3377542793750763,vision,vision,1,0.5,0.3333333432674408,0.4545454680919647,0.5213531851768494,0.47864681482315063,0.0007185144349932671,0.006024085450917482,0.9932574033737183,0.3367631137371063,0.2616935670375824,0.40154340863227844,vision,vision,1,0.04271569848060608,1.0837302207946777,0.3944760262966156,0.01281055063009262,0.02866113930940628
221,f9O3YtZ2VfI$_$15,-1.2000000476837158,0.4707609713077545,0.0010535013861954212,0.006761539727449417,0.9921849370002747,0.47545549273490906,0.46084195375442505,0.5175606608390808,1.6754555702209473,1.660841941833496,1.7175607681274414,0.3370221257209778,0.343235045671463,0.3197428286075592,vision,audio,0,0.699999988079071,0.4285714328289032,0.47999998927116394,0.5219752192497253,0.47802478075027466,0.0010535013861954212,0.006761539727449417,0.9921849370002747,0.3959869146347046,0.25907981395721436,0.34493333101272583,vision,text,0,0.048790909349918365,1.083898663520813,0.4315011203289032,0.024044889956712723,0.05671870708465576
261,iiK8YX8oH1E$_$15,0.6000000238418579,0.5931410789489746,0.0009592898422852159,0.011515380814671516,0.9875253438949585,0.6018755435943604,0.5646756887435913,0.6193753480911255,0.0018755197525024414,0.0353243350982666,0.019375324249267578,0.34043553471565247,0.3264950215816498,0.33306941390037537,vision,text,0,0.5,0.5,0.2222222238779068,0.5221901535987854,0.4778098464012146,0.0009592898422852159,0.011515380814671516,0.9875253438949585,0.34437447786331177,0.38814520835876465,0.26748034358024597,vision,audio,0,0.07046839594841003,1.087172031402588,0.48003000020980835,0.022808685898780823,0.05469965934753418
43,cM3Yna7AavY$_$5,2.799999952316284,0.45436978340148926,0.0008080597035586834,0.006399241276085377,0.9927927255630493,0.47618603706359863,0.4681272506713867,0.47406843304634094,2.3238139152526855,2.3318727016448975,2.3259315490722656,0.33474671840667725,0.33139151334762573,0.33386173844337463,vision,text,0,0.6666666865348816,0.4651162922382355,0.5384615659713745,0.5221434235572815,0.4778565764427185,0.0008080597035586834,0.006399241276085377,0.9927927255630493,0.3600740432739258,0.2666762173175812,0.37324973940849304,vision,vision,0,0.04526156559586525,1.0881078243255615,0.41302865743637085,0.003411182900890708,0.008058786392211914
131,d6hH302o4v8$_$28,-1.0,0.4883959889411926,0.0007982548559084535,0.008175610564649105,0.9910261034965515,0.49513673782348633,0.4771585464477539,0.4822503626346588,1.4951367378234863,1.477158546447754,1.4822503328323364,0.32905933260917664,0.3365378975868225,0.33440276980400085,vision,audio,0,0.523809552192688,0.4583333432674408,0.4482758641242981,0.5219058990478516,0.47809410095214844,0.0007982548559084535,0.008175610564649105,0.9910261034965515,0.32129618525505066,0.31024131178855896,0.36846253275871277,vision,vision,0,0.05392439663410187,1.095784068107605,0.4150424003601074,0.007566005457192659,0.017978191375732422
505,tmZoasNr4rU$_$10,-1.7999999523162842,0.016852932050824165,0.000534050865098834,0.007405601441860199,0.9920603036880493,0.0479956716299057,0.1010681688785553,0.07072482258081436,1.847995638847351,1.901068091392517,1.8707247972488403,0.3439025580883026,0.321828156709671,0.33426928520202637,vision,text,0,0.4166666567325592,0.5199999809265137,0.5714285969734192,0.5218168497085571,0.47818315029144287,0.000534050865098834,0.007405601441860199,0.9920603036880493,0.23989228904247284,0.3245944678783417,0.4355131983757019,vision,vision,0,0.04826047271490097,1.0697003602981567,0.37103140354156494,0.021740958094596863,0.0530724972486496
335,lXPQBPVc5Cw$_$26,-2.799999952316284,-0.0625867247581482,0.0006978721939958632,0.011733988299965858,0.9875681400299072,-0.08137140423059464,-0.003870263695716858,0.022181861102581024,2.7186286449432373,2.7961297035217285,2.8221817016601562,0.35890474915504456,0.32576650381088257,0.31532877683639526,vision,text,0,0.4545454680919647,0.6785714030265808,0.4848484992980957,0.5224432349205017,0.4775567650794983,0.0006978721939958632,0.011733988299965858,0.9875681400299072,0.23744513094425201,0.4198760688304901,0.34267884492874146,vision,audio,0,0.06958670914173126,1.072765588760376,0.4299262464046478,0.043980322778224945,0.10355326533317566
249,fvVhgmXxadc$_$3,-2.200000047683716,-1.1725621223449707,0.0005339608178474009,0.005588347092270851,0.9938777089118958,-0.7809335589408875,-0.7030858993530273,-0.8947465419769287,1.4190664291381836,1.4969141483306885,1.305253505706787,0.3267804682254791,0.2964797914028168,0.3767397403717041,vision,vision,1,0.4000000059604645,0.3636363744735718,0.5,0.5207154750823975,0.47928452491760254,0.0005339608178474009,0.005588347092270851,0.9938777089118958,0.2764010727405548,0.2794235348701477,0.4441753625869751,vision,vision,1,0.03911414369940758,1.0721614360809326,0.3664681911468506,0.07870300859212875,0.19166064262390137
252,fvVhgmXxadc$_$4,-2.799999952316284,0.033433571457862854,0.0007699057459831238,0.01073672715574503,0.9884932637214661,0.09873509407043457,0.12803426384925842,0.08203214406967163,2.8987350463867188,2.9280343055725098,2.8820321559906006,0.33499303460121155,0.3229462206363678,0.34206074476242065,vision,vision,1,0.4545454680919647,0.53125,0.34210526943206787,0.5221248269081116,0.4778751730918884,0.0007699057459831238,0.01073672715574503,0.9884932637214661,0.2976332902908325,0.38441750407218933,0.31794920563697815,vision,audio,0,0.0656411349773407,1.0925393104553223,0.4470294117927551,0.01901351846754551,0.04600211977958679
45,cM3Yna7AavY$_$7,3.0,0.7219201922416687,0.0008649249211885035,0.007828057743608952,0.9913070797920227,0.9668983817100525,0.9332598447799683,0.6571950912475586,2.0331015586853027,2.066740036010742,2.3428049087524414,0.37909993529319763,0.36348992586135864,0.25741007924079895,vision,text,0,0.5555555820465088,0.47297295928001404,0.4749999940395355,0.5209367275238037,0.4790632724761963,0.0008649249211885035,0.007828057743608952,0.9913070797920227,0.3269866406917572,0.3023616075515747,0.37065181136131287,vision,vision,0,0.05272160470485687,1.0950506925582886,0.4137701988220215,0.1387481391429901,0.3097032904624939
107,d3_k5Xpfmik$_$14,2.0,0.3460979163646698,0.00075544259743765,0.007178100291639566,0.9920663833618164,0.35478755831718445,0.35175299644470215,0.3593105375766754,1.6452124118804932,1.6482470035552979,1.640689492225647,0.33312416076660156,0.3318628966808319,0.33501285314559937,vision,vision,1,0.52173912525177,0.460317462682724,0.5443037748336792,0.5219082236289978,0.4780917763710022,0.00075544259743765,0.007178100291639566,0.9920663833618164,0.29362645745277405,0.29021352529525757,0.41616004705429077,vision,vision,1,0.04876859486103058,1.083699345588684,0.3839375972747803,0.0031052345875650644,0.007557541131973267
564,vyB00TXsimI$_$11,-0.20000000298023224,-0.026502709835767746,0.0005177614511922002,0.006683757528662682,0.9927984476089478,-0.08999336510896683,-0.036615923047065735,-0.020807482302188873,0.11000663787126541,0.1633840799331665,0.17919251322746277,0.35055649280548096,0.3279299736022949,0.32151350378990173,vision,text,0,0.3333333432674408,0.4054054021835327,0.46666666865348816,0.5212426781654358,0.4787573218345642,0.0005177614511922002,0.006683757528662682,0.9927984476089478,0.24693548679351807,0.318236380815506,0.43482813239097595,vision,vision,0,0.044565677642822266,1.0718659162521362,0.3719802498817444,0.02960057184100151,0.06918588280677795
56,cW1FSBF59ik$_$2,3.0,0.6287628412246704,0.0009424916934221983,0.007579806260764599,0.9914776682853699,0.6685683727264404,0.6488410830497742,0.6774852871894836,2.3314316272735596,2.351158857345581,2.322514772415161,0.3348008096218109,0.3266458511352539,0.3385533392429352,vision,vision,1,0.6666666865348816,0.5046728849411011,0.5116279125213623,0.5222349762916565,0.4777650237083435,0.0009424916934221983,0.007579806260764599,0.9914776682853699,0.35548582673072815,0.2899889647960663,0.35452523827552795,vision,text,0,0.052058860659599304,1.0942833423614502,0.42463499307632446,0.011968313716351986,0.028644204139709473
592,wMbj6ajWbic$_$8,-0.20000000298023224,0.29582932591438293,0.0015787759330123663,0.007435315288603306,0.9909859895706177,0.3587251603603363,0.3496069312095642,0.3805786073207855,0.5587251782417297,0.5496069192886353,0.580578625202179,0.335062712430954,0.338903546333313,0.32603374123573303,vision,audio,0,0.875,0.4583333432674408,0.5,0.5226198434829712,0.4773801565170288,0.0015787759330123663,0.007435315288603306,0.9909859895706177,0.46774598956108093,0.23033234477043152,0.30192169547080994,vision,text,0,0.05560239404439926,1.0551663637161255,0.45937618613243103,0.012995555065572262,0.030971676111221313
443,phBUpBr1hSo$_$7,-1.0,0.05891871452331543,0.0008482821867801249,0.008713108487427235,0.9904386401176453,0.10231403261423111,0.129115492105484,0.0952586904168129,1.1023139953613281,1.1291154623031616,1.0952587127685547,0.3360315263271332,0.324960321187973,0.3390081226825714,vision,vision,1,0.4761904776096344,0.4583333432674408,0.4583333432674408,0.521773099899292,0.478226900100708,0.0008482821867801249,0.008713108487427235,0.9904386401176453,0.2950291335582733,0.3192775249481201,0.38569334149360657,vision,vision,1,0.05684042349457741,1.0921088457107544,0.40316352248191833,0.014584539458155632,0.03385680168867111
501,tStelxIAHjw$_$6,1.600000023841858,1.1138818264007568,0.000927615212276578,0.009244355373084545,0.9898281097412109,1.2167150974273682,1.135564923286438,1.2245168685913086,0.38328492641448975,0.4644351005554199,0.3754831552505493,0.34324896335601807,0.3101382851600647,0.3466127812862396,vision,vision,1,0.7142857313156128,0.6428571343421936,0.5625,0.5225936770439148,0.4774063229560852,0.000927615212276578,0.009244355373084545,0.9898281097412109,0.3354544937610626,0.32765746116638184,0.33688804507255554,vision,vision,1,0.05989557504653931,1.0985380411148071,0.43529337644577026,0.04021976888179779,0.0889519453048706
581,wMbj6ajWbic$_$23,1.7999999523162842,0.9479942917823792,0.00037542995414696634,0.005221013445407152,0.9944034814834595,0.9612156748771667,0.9015316963195801,0.9671403169631958,0.8387842774391174,0.8984682559967041,0.8328596353530884,0.3406524360179901,0.31616291403770447,0.34318459033966064,vision,vision,1,0.4000000059604645,0.517241358757019,0.6764705777168274,0.5217334628105164,0.47826653718948364,0.00037542995414696634,0.005221013445407152,0.9944034814834595,0.2072068750858307,0.29832616448402405,0.49446699023246765,vision,vision,1,0.03597874939441681,1.0352377891540527,0.33329102396965027,0.029630620032548904,0.06560862064361572
202,f9O3YtZ2VfI$_$20,-0.4000000059604645,0.25998997688293457,0.0005043922574259341,0.006866792682558298,0.9926286935806274,0.2502727508544922,0.2636721134185791,0.2602611780166626,0.6502727270126343,0.6636720895767212,0.6602611541748047,0.336588978767395,0.33099833130836487,0.33241263031959534,vision,text,0,0.3333333432674408,0.42424243688583374,0.4615384638309479,0.5215215086936951,0.47847849130630493,0.0005043922574259341,0.006866792682558298,0.9926286935806274,0.24327681958675385,0.328794926404953,0.42792823910713196,vision,vision,0,0.04537736997008324,1.07283616065979,0.3764670491218567,0.005685713607817888,0.013399362564086914
411,pLTX3ipuDJI$_$11,0.6000000238418579,-0.23201864957809448,0.0009267837158404291,0.009950322099030018,0.9891229271888733,-0.2363135814666748,-0.13324414193630219,-0.09273547679185867,0.8363136053085327,0.7332441806793213,0.692735493183136,0.2999318540096283,0.34117382764816284,0.35889431834220886,vision,vision,1,0.4117647111415863,0.42553192377090454,0.35087719559669495,0.521209180355072,0.478790819644928,0.0009267837158404291,0.009950322099030018,0.9891229271888733,0.2968899607658386,0.3447786867618561,0.3583313822746277,vision,vision,1,0.06316262483596802,1.095434308052063,0.42052769660949707,0.06044183298945427,0.14357811212539673
397,ob23OKe5a9Q$_$11,0.800000011920929,1.0163547992706299,0.0006994360592216253,0.007491118740290403,0.9918094277381897,1.0934343338012695,1.0183712244033813,1.1001386642456055,0.2934343218803406,0.2183712124824524,0.3001386523246765,0.32362180948257446,0.355457067489624,0.32092106342315674,vision,audio,0,0.4545454680919647,0.4661654233932495,0.5222222208976746,0.5215730667114258,0.4784269332885742,0.0006994360592216253,0.007491118740290403,0.9918094277381897,0.2675798237323761,0.3112061321735382,0.4212140738964081,vision,vision,0,0.049900300800800323,1.0802189111709595,0.38039693236351013,0.0370665043592453,0.08176743984222412
400,ob23OKe5a9Q$_$12,2.799999952316284,1.4263827800750732,0.0008856957429088652,0.006614278070628643,0.9925000071525574,1.5353889465332031,1.4340264797210693,1.5380020141601562,1.264611005783081,1.3659734725952148,1.261997938156128,0.3467085659503937,0.3054485619068146,0.34784290194511414,vision,vision,1,0.6363636255264282,0.4285714328289032,0.529411792755127,0.5216091871261597,0.47839081287384033,0.0008856957429088652,0.006614278070628643,0.9925000071525574,0.3524336516857147,0.2615762948989868,0.3859900236129761,vision,vision,1,0.04689137265086174,1.0857727527618408,0.404339998960495,0.04841038957238197,0.10397553443908691
354,lXPQBPVc5Cw$_$13,2.799999952316284,-0.22615137696266174,0.0007392654079012573,0.01113476138561964,0.9881259202957153,-0.21156078577041626,-0.17451678216457367,-0.2826642394065857,3.0115606784820557,2.9745166301727295,3.0826642513275146,0.3375698924064636,0.35356855392456055,0.30886149406433105,vision,audio,0,0.375,0.5625,0.4444444477558136,0.5217882394790649,0.47821176052093506,0.0007392654079012573,0.01113476138561964,0.9881259202957153,0.24322600662708282,0.3858735263347626,0.3709005117416382,vision,audio,1,0.06721390783786774,1.0791776180267334,0.41148361563682556,0.044874925166368484,0.10814745724201202
439,phBUpBr1hSo$_$3,2.799999952316284,0.9103116393089294,0.0007996073691174388,0.009207190945744514,0.9899932742118835,0.9372267127037048,0.8892658352851868,0.9517464637756348,1.8627731800079346,1.9107341766357422,1.8482534885406494,0.3378234803676605,0.31816565990448,0.3440108299255371,vision,vision,1,0.6428571343421936,0.6341463327407837,0.5306122303009033,0.5225726962089539,0.47742730379104614,0.0007996073691174388,0.009207190945744514,0.9899932742118835,0.3146333396434784,0.3464861810207367,0.3388804793357849,vision,audio,0,0.058819979429244995,1.0977755784988403,0.43407517671585083,0.02669770084321499,0.062480628490448
567,vyB00TXsimI$_$12,0.20000000298023224,0.46806275844573975,0.0008494901703670621,0.004296191036701202,0.9948543906211853,0.504545271396637,0.47896474599838257,0.4836704432964325,0.3045452833175659,0.2789647579193115,0.28367042541503906,0.3269118070602417,0.3375339210033417,0.335554301738739,vision,audio,0,0.800000011920929,0.35483869910240173,0.6216216087341309,0.521874189376831,0.47812581062316895,0.0008494901703670621,0.004296191036701202,0.9948543906211853,0.4189583659172058,0.189744770526886,0.3912968635559082,vision,text,0,0.034553319215774536,1.0470064878463745,0.4023716449737549,0.011116876266896725,0.025580525398254395
35,cM3Yna7AavY$_$13,-1.600000023841858,0.45668819546699524,0.0005154009559191763,0.013696960173547268,0.9857876300811768,0.4034213125705719,0.4059276580810547,0.38146960735321045,2.0034213066101074,2.005927562713623,1.9814696311950684,0.3306122124195099,0.32957807183265686,0.33980968594551086,vision,vision,1,0.30000001192092896,0.7142857313156128,0.4375,0.5228007435798645,0.4771992564201355,0.0005154009559191763,0.013696960173547268,0.9857876300811768,0.19099707901477814,0.4775867164134979,0.33141613006591797,vision,audio,0,0.07678067684173584,1.0351457595825195,0.43624764680862427,0.010986639186739922,0.02445805072784424
664,zhpQhgha_KU$_$5,-2.200000047683716,-0.206875741481781,0.0011398546630516648,0.011419693008065224,0.9874404668807983,-0.19423812627792358,-0.11158201098442078,-0.07699646800756454,2.0057618618011475,2.0884180068969727,2.1230034828186035,0.3615957796573639,0.3261008858680725,0.312303364276886,vision,text,0,0.6086956262588501,0.5555555820465088,0.3488371968269348,0.5222066044807434,0.4777933955192566,0.0011398546630516648,0.011419693008065224,0.9874404668807983,0.35542213916778564,0.3586912155151367,0.2858866751194,vision,audio,0,0.07127855718135834,1.0934057235717773,0.46770256757736206,0.04918649420142174,0.11724165827035904
508,tmZoasNr4rU$_$15,0.25,-0.04903288558125496,0.0006316924700513482,0.005884961690753698,0.9934833645820618,-0.08504798263311386,-0.021697402000427246,-0.0033572688698768616,0.33504799008369446,0.27169740200042725,0.25335726141929626,0.3134877383708954,0.33932167291641235,0.3471905291080475,vision,vision,1,0.5833333134651184,0.4615384638309479,0.5625,0.5217178463935852,0.4782821536064148,0.0006316924700513482,0.005884961690753698,0.9934833645820618,0.31666651368141174,0.2762511074542999,0.4070824086666107,vision,vision,1,0.0413704514503479,1.085379719734192,0.3909339904785156,0.034996870905160904,0.081690713763237
128,d6hH302o4v8$_$21,-2.4000000953674316,0.2295965552330017,0.0007782317115925252,0.006379926111549139,0.9928418397903442,0.21732652187347412,0.2315140664577484,0.21208077669143677,2.6173267364501953,2.631514072418213,2.6120808124542236,0.3345598876476288,0.3286791145801544,0.3367609977722168,vision,vision,1,0.6363636255264282,0.4482758641242981,0.5,0.5220097899436951,0.47799021005630493,0.0007782317115925252,0.006379926111549139,0.9928418397903442,0.3583010733127594,0.2740272879600525,0.3676716685295105,vision,vision,1,0.044951386749744415,1.0903689861297607,0.41678011417388916,0.008208783343434334,0.019433289766311646
134,d6hH302o4v8$_$41,-2.4000000953674316,-0.2074279636144638,0.0011022762628272176,0.01449456624686718,0.984403133392334,-0.26514002680778503,-0.1844302862882614,-0.14407449960708618,2.134860038757324,2.2155697345733643,2.2559256553649902,0.3618471920490265,0.32712259888648987,0.31103020906448364,vision,text,0,0.5,0.6315789222717285,0.3913043439388275,0.5223348736763,0.47766512632369995,0.0011022762628272176,0.01449456624686718,0.984403133392334,0.27985867857933044,0.41115427017211914,0.3089870512485504,vision,audio,0,0.08435121923685074,1.0847119092941284,0.4502774178981781,0.05033169314265251,0.12106552720069885
676,zhpQhgha_KU$_$17,1.75,0.8415037989616394,0.0010347736533731222,0.009693527594208717,0.9892717599868774,0.9462600946426392,0.8811538219451904,0.8295352458953857,0.8037399053573608,0.8688461780548096,0.9204647541046143,0.35892724990844727,0.3308737874031067,0.31019893288612366,vision,text,0,0.5384615659713745,0.5277777910232544,0.5142857432365417,0.5218015313148499,0.47819846868515015,0.0010347736533731222,0.009693527594208717,0.9892717599868774,0.29523929953575134,0.32227376103401184,0.3824869692325592,vision,vision,0,0.06272512674331665,1.092703938484192,0.40452322363853455,0.04775864630937576,0.11672484874725342
8,c7UH_rxdZv4$_$28,-0.800000011920929,-0.3313462734222412,0.0011060291435569525,0.010522106662392616,0.9883719086647034,-0.36757388710975647,-0.27270078659057617,-0.2528030276298523,0.4324261248111725,0.5272992253303528,0.5471969842910767,0.3630392849445343,0.32244083285331726,0.3145199120044708,vision,text,0,0.5454545617103577,0.5192307829856873,0.4516128897666931,0.5218180418014526,0.47818195819854736,0.0011060291435569525,0.010522106662392616,0.9883719086647034,0.3143063485622406,0.3330672085285187,0.3526264727115631,vision,vision,0,0.06700950860977173,1.0975106954574585,0.4238302707672119,0.05007680505514145,0.11477085947990417
302,k5Y_838nuGo$_$24,0.6000000238418579,0.10920168459415436,0.000254703511018306,0.006368165835738182,0.993377149105072,0.0671941414475441,0.10270668566226959,0.07487581670284271,0.532805860042572,0.4972933530807495,0.525124192237854,0.32732805609703064,0.34218570590019226,0.3304862380027771,vision,audio,0,0.2222222238779068,0.5714285969734192,0.6000000238418579,0.5218477845191956,0.47815221548080444,0.000254703511018306,0.006368165835738182,0.993377149105072,0.1662437468767166,0.3662867844104767,0.4674694240093231,vision,vision,0,0.040908899158239365,1.0216408967971802,0.3506051301956177,0.015255985781550407,0.035512544214725494
666,zhpQhgha_KU$_$7,1.0,-0.11562258005142212,0.001664731535129249,0.011430134996771812,0.9869051575660706,-0.16858583688735962,-0.10906197130680084,-0.050150223076343536,1.1685857772827148,1.1090619564056396,1.0501502752304077,0.308946430683136,0.33281031250953674,0.3582432270050049,vision,vision,1,0.7142857313156128,0.5384615659713745,0.4375,0.5222699642181396,0.47773003578186035,0.001664731535129249,0.011430134996771812,0.9869051575660706,0.3916497826576233,0.3072813153266907,0.30106890201568604,vision,text,0,0.07476969063282013,1.0911247730255127,0.45722413063049316,0.04835135117173195,0.11843561381101608
162,d6hH302o4v8$_$33,-3.0,0.12461268156766891,0.0015804440481588244,0.008751324377954006,0.9896682500839233,0.11816805601119995,0.14751936495304108,0.12751156091690063,3.1181681156158447,3.14751935005188,3.127511501312256,0.33871152997016907,0.3265097439289093,0.33477869629859924,vision,text,0,0.800000011920929,0.4285714328289032,0.375,0.5225160121917725,0.47748398780822754,0.0015804440481588244,0.008751324377954006,0.9896682500839233,0.4767906367778778,0.25094738602638245,0.27226200699806213,vision,text,1,0.06194070726633072,1.0542962551116943,0.47827085852622986,0.0122434226796031,0.029351308941841125
112,d3_k5Xpfmik$_$1,2.0,1.4539977312088013,0.0011540737468749285,0.007598740980029106,0.9912471175193787,1.565989375114441,1.4606192111968994,1.5443960428237915,0.4340106248855591,0.5393807888031006,0.4556039571762085,0.3508818745613098,0.30758050084114075,0.3415376842021942,vision,text,0,0.6800000071525574,0.4285714328289032,0.488095223903656,0.5217330455780029,0.47826695442199707,0.0011540737468749285,0.007598740980029106,0.9912471175193787,0.3841511011123657,0.26062095165252686,0.3552279472351074,vision,text,1,0.053601253777742386,1.0856380462646484,0.42401283979415894,0.045445576310157776,0.1053701639175415
602,wMbj6ajWbic$_$18,-1.0,0.7868200540542603,0.0009893020614981651,0.007277183700352907,0.9917335510253906,0.8055781722068787,0.7555632591247559,0.8200777769088745,1.8055782318115234,1.7555632591247559,1.8200777769088745,0.328239768743515,0.34941598773002625,0.32234424352645874,vision,audio,0,0.7647058963775635,0.5531914830207825,0.6122449040412903,0.5223919153213501,0.4776080846786499,0.0009893020614981651,0.007277183700352907,0.9917335510253906,0.36693665385246277,0.2689179480075836,0.364145427942276,vision,text,0,0.05090232193470001,1.0889217853546143,0.4183921217918396,0.027636220678687096,0.06451451778411865
268,iiK8YX8oH1E$_$2,1.2000000476837158,0.41438350081443787,0.0004067500995006412,0.00468432204797864,0.99490886926651,0.3664620518684387,0.37030524015426636,0.3920416533946991,0.8335379958152771,0.8296948075294495,0.8079583644866943,0.3292390704154968,0.33082449436187744,0.3399364650249481,vision,vision,1,0.4285714328289032,0.4000000059604645,0.6052631735801697,0.5214753150939941,0.47852468490600586,0.0004067500995006412,0.00468432204797864,0.99490886926651,0.2525061070919037,0.2655228078365326,0.4819711744785309,vision,vision,1,0.033378273248672485,1.0514036417007446,0.34195852279663086,0.011262313462793827,0.025579601526260376
155,d6hH302o4v8$_$18,-2.0,-0.2911233603954315,0.0007754144608043134,0.009714581072330475,0.9895099401473999,-0.3624083995819092,-0.28783178329467773,-0.2779592275619507,1.6375916004180908,1.7121682167053223,1.7220407724380493,0.35576915740966797,0.3241029679775238,0.3201278746128082,vision,text,0,0.5454545617103577,0.6206896305084229,0.5428571701049805,0.5222781896591187,0.47772181034088135,0.0007754144608043134,0.009714581072330475,0.9895099401473999,0.2755122184753418,0.35544753074645996,0.369040310382843,vision,vision,0,0.06100703775882721,1.0907137393951416,0.4136464595794678,0.037698809057474136,0.0844491720199585
482,tIrG4oNLFzE$_$5,0.4000000059604645,0.5949410200119019,0.0006496498826891184,0.011549209244549274,0.9878011345863342,0.5838479399681091,0.5634816288948059,0.6063265204429626,0.18384793400764465,0.16348162293434143,0.20632651448249817,0.33354705572128296,0.34214749932289124,0.3243054449558258,vision,audio,0,0.4166666567325592,0.6333333253860474,0.4166666567325592,0.5224868655204773,0.4775131344795227,0.0006496498826891184,0.011549209244549274,0.9878011345863342,0.24501483142375946,0.42426007986068726,0.3307250440120697,vision,audio,1,0.0684145838022232,1.0742987394332886,0.4380507469177246,0.0174984373152256,0.04284489154815674
557,vyB00TXsimI$_$2,-2.4000000953674316,0.2125566452741623,0.0004892732831649482,0.00776655925437808,0.9917442202568054,0.1542585790157318,0.1607755571603775,0.17933136224746704,2.5542585849761963,2.5607757568359375,2.579331398010254,0.3377201557159424,0.3349800705909729,0.3272997736930847,vision,text,0,0.29629629850387573,0.4888888895511627,0.5648148059844971,0.5216599702835083,0.4783400297164917,0.0004892732831649482,0.00776655925437808,0.9917442202568054,0.20276868343353271,0.33044126629829407,0.46679002046585083,vision,vision,0,0.049680501222610474,1.0450981855392456,0.34996944665908813,0.010621955618262291,0.02507278323173523
192,etzxEpPuc6I$_$5,0.0,1.014159083366394,0.0005250695976428688,0.006950180046260357,0.9925248026847839,1.046159029006958,0.9781652688980103,1.0587996244430542,1.046159029006958,0.9781652688980103,1.0587996244430542,0.32541152834892273,0.3542782664299011,0.32031017541885376,vision,audio,0,0.3478260934352875,0.4444444477558136,0.5263158082962036,0.5213541388511658,0.47864586114883423,0.0005250695976428688,0.006950180046260357,0.9925248026847839,0.23184436559677124,0.3173278570175171,0.45082780718803406,vision,vision,0,0.0459478460252285,1.0622804164886475,0.36113137006759644,0.03541000559926033,0.08063435554504395
388,nzpVDcQ0ywM$_$10,-1.0,-0.003963074181228876,0.0008297340827994049,0.008060763590037823,0.9911094903945923,0.029633261263370514,0.08845791220664978,0.07134122401475906,1.0296332836151123,1.0884579420089722,1.0713412761688232,0.34742629528045654,0.32279640436172485,0.329777330160141,vision,text,0,0.6000000238418579,0.5222222208976746,0.5,0.5220906138420105,0.4779093861579895,0.0008297340827994049,0.008060763590037823,0.9911094903945923,0.3263491094112396,0.3123971223831177,0.3612537682056427,vision,vision,0,0.05359622463583946,1.0967289209365845,0.41990384459495544,0.024704644456505775,0.058824650943279266
380,nzpVDcQ0ywM$_$2,-1.600000023841858,0.3803350627422333,0.0009773295605555177,0.006884071975946426,0.992138683795929,0.4536331295967102,0.4311257004737854,0.44955822825431824,2.053633213043213,2.031125783920288,2.049558162689209,0.32963696122169495,0.33904269337654114,0.3313203454017639,vision,audio,0,0.699999988079071,0.47058823704719543,0.5609756112098694,0.5221536159515381,0.4778463840484619,0.0009773295605555177,0.006884071975946426,0.992138683795929,0.3663446307182312,0.2583597004413605,0.37529563903808594,vision,vision,0,0.04887654259800911,1.0853461027145386,0.41122865676879883,0.009791981428861618,0.022507429122924805
163,d6hH302o4v8$_$32,-0.6000000238418579,-0.16628430783748627,0.0011110143968835473,0.0045084827579557896,0.9943804144859314,-0.16941633820533752,-0.10794436931610107,-0.12404749542474747,0.4305836856365204,0.49205565452575684,0.47595253586769104,0.34832221269607544,0.322559654712677,0.32911816239356995,vision,text,0,0.8888888955116272,0.3333333432674408,0.5862069129943848,0.5219665765762329,0.4780334234237671,0.0011110143968835473,0.0045084827579557896,0.9943804144859314,0.4804036617279053,0.17281293869018555,0.3467833995819092,vision,text,1,0.037515297532081604,1.022841215133667,0.4317314028739929,0.02602657862007618,0.06147196888923645
440,phBUpBr1hSo$_$2,2.200000047683716,0.3314237594604492,0.001345222583040595,0.008919218555092812,0.98973548412323,0.3871624767780304,0.38441741466522217,0.4106871485710144,1.8128376007080078,1.8155826330184937,1.7893128395080566,0.3304237127304077,0.3292918801307678,0.34028446674346924,vision,vision,1,0.7142857313156128,0.44999998807907104,0.375,0.5223623514175415,0.4776376485824585,0.001345222583040595,0.008919218555092812,0.98973548412323,0.42419397830963135,0.2827567756175995,0.29304924607276917,vision,text,0,0.06119983270764351,1.0806360244750977,0.46445751190185547,0.011790039949119091,0.026269733905792236
174,dq3Nf_lMPnE$_$4,-0.4000000059604645,0.3407788872718811,0.0006890730001032352,0.006734747439622879,0.9925761222839355,0.3238334357738495,0.329451322555542,0.3443470895290375,0.723833441734314,0.7294512987136841,0.744347095489502,0.33696281909942627,0.3346048891544342,0.32843226194381714,vision,text,0,0.5185185074806213,0.4523809552192688,0.5392156839370728,0.5218259692192078,0.47817403078079224,0.0006890730001032352,0.006734747439622879,0.9925761222839355,0.29481032490730286,0.28995683789253235,0.4152328073978424,vision,vision,0,0.04608973115682602,1.08401620388031,0.38489556312561035,0.008655470795929432,0.02051365375518799
157,d6hH302o4v8$_$30,-2.799999952316284,-0.32726722955703735,0.0014133420772850513,0.010578786954283714,0.9880079030990601,-0.30448171496391296,-0.20255015790462494,-0.15664181113243103,2.495518207550049,2.597449779510498,2.6433582305908203,0.36878064274787903,0.3246629238128662,0.30655643343925476,vision,text,0,0.6666666865348816,0.47058823704719543,0.30000001192092896,0.5219805240631104,0.47801947593688965,0.0014133420772850513,0.010578786954283714,0.9880079030990601,0.41249576210975647,0.3160528838634491,0.2714513838291168,vision,text,1,0.0693158358335495,1.0832864046096802,0.47770437598228455,0.06178300455212593,0.14783990383148193
619,yDtzw_Y-7RU$_$10,-0.6000000238418579,-0.058886464685201645,0.0012615699088200927,0.013316337019205093,0.9854221343994141,-0.029589660465717316,0.044446662068367004,0.04959337040781975,0.5704103708267212,0.6444466710090637,0.6495934128761292,0.3549410104751587,0.3235669732093811,0.3214920163154602,vision,text,0,0.6666666865348816,0.6521739363670349,0.40740740299224854,0.5228148102760315,0.4771851897239685,0.0012615699088200927,0.013316337019205093,0.9854221343994141,0.34484392404556274,0.3767441213130951,0.27841195464134216,vision,audio,0,0.08040265738964081,1.0909085273742676,0.4713401198387146,0.03617521747946739,0.07918302714824677
399,ob23OKe5a9Q$_$13,1.25,0.017303910106420517,0.0008495753863826394,0.008485785685479641,0.9906646013259888,0.1022692546248436,0.12602147459983826,0.08103664964437485,1.1477307081222534,1.1239784955978394,1.1689633131027222,0.3328957259654999,0.3429276645183563,0.3241766393184662,vision,audio,0,0.47058823704719543,0.4615384638309479,0.5161290168762207,0.5217145085334778,0.4782854914665222,0.0008495753863826394,0.008485785685479641,0.9906646013259888,0.27800872921943665,0.30651530623435974,0.415475994348526,vision,vision,0,0.05577061325311661,1.0832555294036865,0.38345909118652344,0.018374579027295113,0.04498482495546341
486,tIrG4oNLFzE$_$9,-1.0,0.5746099948883057,0.0009956699796020985,0.007155971601605415,0.991848349571228,0.6264437437057495,0.592886745929718,0.6329768300056458,1.6264437437057495,1.5928866863250732,1.632976770401001,0.3295212984085083,0.3436374366283417,0.32684126496315,vision,audio,0,0.625,0.4137931168079376,0.5,0.5217866897583008,0.4782133102416992,0.0009956699796020985,0.007155971601605415,0.991848349571228,0.35883164405822754,0.26264455914497375,0.3785238265991211,vision,vision,0,0.050349608063697815,1.0866377353668213,0.4088830351829529,0.0175624992698431,0.040090084075927734
238,f_pcplsH_V0$_$4,0.5,0.545032799243927,0.0008355276077054441,0.008971381932497025,0.9901931285858154,0.5857007503509521,0.5598748326301575,0.6022577285766602,0.08570075035095215,0.05987483263015747,0.10225772857666016,0.3319694697856903,0.3428610563278198,0.32516950368881226,vision,audio,0,0.5833333134651184,0.5733333230018616,0.5111111402511597,0.5223199725151062,0.4776800274848938,0.0008355276077054441,0.008971381932497025,0.9901931285858154,0.3037245273590088,0.33651652932167053,0.3597589135169983,vision,vision,0,0.05796890705823898,1.09622061252594,0.42028945684432983,0.017440123483538628,0.042382895946502686
374,nzpVDcQ0ywM$_$20,0.20000000298023224,0.45330339670181274,0.0008094406803138554,0.008265008218586445,0.9909255504608154,0.42465898394584656,0.39919668436050415,0.4550648033618927,0.22465898096561432,0.1991966813802719,0.25506478548049927,0.33388468623161316,0.3446824848651886,0.32143276929855347,vision,audio,0,0.6000000238418579,0.5454545617103577,0.4615384638309479,0.5222139358520508,0.4777860641479492,0.0008094406803138554,0.008265008218586445,0.9909255504608154,0.3292163908481598,0.33226174116134644,0.33852189779281616,vision,vision,0,0.054432377219200134,1.0985448360443115,0.4349358081817627,0.02283780835568905,0.05586811900138855
381,nzpVDcQ0ywM$_$5,-0.4000000059604645,-0.06203766167163849,0.0009057056740857661,0.007868712767958641,0.99122554063797,-0.05588879436254501,0.008981786668300629,0.005746118724346161,0.34411120414733887,0.4089818000793457,0.40574613213539124,0.35112830996513367,0.32377973198890686,0.3250919282436371,vision,text,0,0.692307710647583,0.5227272510528564,0.48076921701431274,0.522287130355835,0.47771286964416504,0.0009057056740857661,0.007868712767958641,0.99122554063797,0.37595826387405396,0.29558438062667847,0.3284573256969452,vision,text,1,0.053204745054244995,1.0937373638153076,0.44184550642967224,0.029846876859664917,0.06487058103084564
682,zhpQhgha_KU$_$35,0.6000000238418579,0.23813511431217194,0.0006859902059659362,0.00871217716485262,0.9906018972396851,0.24760541319847107,0.2543110251426697,0.2545577585697174,0.35239461064338684,0.34568899869918823,0.3454422652721405,0.3314391076564789,0.33422890305519104,0.33433201909065247,vision,vision,1,0.52173912525177,0.5714285969734192,0.511904776096344,0.5223516225814819,0.47764837741851807,0.0006859902059659362,0.00871217716485262,0.9906018972396851,0.28143978118896484,0.3466588258743286,0.3719014525413513,vision,vision,1,0.05567312613129616,1.0919325351715088,0.41246697306632996,0.0032207868061959743,0.006952345371246338
524,v0zCBqDeKcE$_$11,1.600000023841858,0.6187435388565063,0.0007438769680447876,0.0086965998634696,0.990559458732605,0.6458098292350769,0.6108391284942627,0.66224205493927,0.954190194606781,0.9891608953475952,0.9377579689025879,0.3357979953289032,0.3214353024959564,0.342766672372818,vision,vision,1,0.4375,0.4864864945411682,0.45348837971687317,0.5217651724815369,0.47823482751846313,0.0007438769680447876,0.0086965998634696,0.990559458732605,0.272635817527771,0.34114307165145874,0.38622111082077026,vision,vision,1,0.05601826310157776,1.0886355638504028,0.4028922915458679,0.02143523469567299,0.051402926445007324
408,ob23OKe5a9Q$_$6,0.0,-0.0013573463074862957,0.0009588691173121333,0.008177575655281544,0.9908635020256042,-0.01901218295097351,0.04847998917102814,0.05884348601102829,0.01901218295097351,0.04847998917102814,0.05884348601102829,0.3430219292640686,0.33061668276786804,0.32636138796806335,vision,text,0,0.5600000023841858,0.4615384638309479,0.460317462682724,0.5217486023902893,0.4782513976097107,0.0009588691173121333,0.008177575655281544,0.9908635020256042,0.32712140679359436,0.30545270442962646,0.3674258589744568,vision,vision,0,0.05506289005279541,1.0956671237945557,0.41562509536743164,0.034519076347351074,0.0778556689620018
115,d3_k5Xpfmik$_$5,2.200000047683716,0.04561729356646538,0.0005918681272305548,0.008327885530889034,0.9910802245140076,0.10228937864303589,0.12658768892288208,0.08081352710723877,2.097710609436035,2.0734124183654785,2.1191864013671875,0.3328505754470825,0.34311529994010925,0.3240341544151306,vision,audio,0,0.38461539149284363,0.5151515007019043,0.5,0.5218064188957214,0.47819358110427856,0.0005918681272305548,0.008327885530889034,0.9910802245140076,0.23987716436386108,0.3498227298259735,0.4103001058101654,vision,vision,0,0.053153883665800095,1.0754069089889526,0.38718676567077637,0.01869906112551689,0.04577416181564331
528,v0zCBqDeKcE$_$15,2.4000000953674316,0.1435924768447876,0.0008473016787320375,0.0075409067794680595,0.9916117191314697,0.11265469342470169,0.14402487874031067,0.13920271396636963,2.2873454093933105,2.2559752464294434,2.2607975006103516,0.325337290763855,0.33834806084632874,0.3363146483898163,vision,audio,0,0.625,0.5,0.5,0.5221455097198486,0.47785449028015137,0.0008473016787320375,0.0075409067794680595,0.9916117191314697,0.3408988416194916,0.29883813858032227,0.36026298999786377,vision,vision,0,0.05120185390114784,1.0956175327301025,0.4208991527557373,0.013792668469250202,0.03137018531560898
372,nbWiPyCm4g0$_$8,-2.200000047683716,-0.5748716592788696,0.0010221980046480894,0.008541562594473362,0.9904361367225647,-0.4944652020931244,-0.4231831431388855,-0.49039217829704285,1.705534815788269,1.7768168449401855,1.7096078395843506,0.3436812162399292,0.31438300013542175,0.3419358432292938,vision,text,0,0.6666666865348816,0.5263158082962036,0.489130437374115,0.5222015976905823,0.4777984023094177,0.0010221980046480894,0.008541562594473362,0.9904361367225647,0.3617885112762451,0.2999015748500824,0.3383098244667053,vision,text,1,0.057238467037677765,1.095658302307129,0.43475088477134705,0.032684989273548126,0.07128205895423889
91,cXypl4FnoZo$_$8,1.399999976158142,1.0937042236328125,0.0006110098911449313,0.0059790355153381824,0.9934098124504089,1.1883517503738403,1.1063950061798096,1.1922857761383057,0.21164822578430176,0.2936049699783325,0.20771420001983643,0.3439314067363739,0.310441792011261,0.3456268906593323,vision,vision,1,0.47826087474823,0.4084506928920746,0.5357142686843872,0.5213668346405029,0.47863316535949707,0.0006110098911449313,0.0059790355153381824,0.9934098124504089,0.28417450189590454,0.2795204818248749,0.4363049864768982,vision,vision,1,0.04169977083802223,1.0757153034210205,0.3714032769203186,0.039594653993844986,0.0858907699584961
611,yDtzw_Y-7RU$_$2,0.800000011920929,0.42293602228164673,0.0008303558570332825,0.007827820256352425,0.9913418889045715,0.4642186164855957,0.44888001680374146,0.45684197545051575,0.33578139543533325,0.3511199951171875,0.3431580364704132,0.3364928960800171,0.33010268211364746,0.33340442180633545,vision,text,0,0.5454545617103577,0.4555555582046509,0.49074074625968933,0.5219164490699768,0.4780835509300232,0.0008303558570332825,0.007827820256352425,0.9913418889045715,0.32070067524909973,0.2955276072025299,0.38377174735069275,vision,vision,0,0.052476245909929276,1.0925029516220093,0.4050467908382416,0.0062634702771902084,0.015338599681854248
309,k5Y_838nuGo$_$23,-0.20000000298023224,0.901317298412323,0.0015196622116491199,0.018018316477537155,0.9804619550704956,0.932486891746521,0.8748615980148315,0.9441506862640381,1.1324869394302368,1.0748616456985474,1.144150733947754,0.32677438855171204,0.35118091106414795,0.32204464077949524,vision,audio,0,0.8333333134651184,0.8181818127632141,0.3571428656578064,0.524002730846405,0.47599726915359497,0.0015196622116491199,0.018018316477537155,0.9804619550704956,0.38538858294487,0.41529834270477295,0.19931302964687347,vision,audio,1,0.10157556086778641,1.0538837909698486,0.5207659602165222,0.030290624126791954,0.06928908824920654
160,d6hH302o4v8$_$35,-1.600000023841858,-0.17193277180194855,0.0006117952289059758,0.007958393543958664,0.99142986536026,-0.22193992137908936,-0.129800483584404,-0.10165233165025711,1.3780601024627686,1.4701995849609375,1.4983476400375366,0.3634236752986908,0.32388705015182495,0.31268924474716187,vision,text,0,0.5,0.5897436141967773,0.6170212626457214,0.5219355821609497,0.4780644178390503,0.0006117952289059758,0.007958393543958664,0.99142986536026,0.24727971851825714,0.33004245162010193,0.4226778447628021,vision,vision,0,0.05152714252471924,1.0753581523895264,0.3791680335998535,0.05137130245566368,0.12028758972883224
387,nzpVDcQ0ywM$_$11,0.0,0.29885125160217285,0.0007634563953615725,0.0054422286339104176,0.993794322013855,0.2892019748687744,0.2952575385570526,0.30201488733291626,0.2892019748687744,0.2952575385570526,0.30201488733291626,0.3359570801258087,0.3334236741065979,0.3306191861629486,vision,text,0,0.692307710647583,0.44117647409439087,0.6097561120986938,0.5220417380332947,0.4779582619667053,0.0007634563953615725,0.0054422286339104176,0.993794322013855,0.3561913073062897,0.2388472557067871,0.4049614369869232,vision,vision,0,0.04003961384296417,1.075774908065796,0.39255523681640625,0.0052334642969071865,0.012812912464141846
426,pLTX3ipuDJI$_$8,-2.0,0.08013156801462173,0.0008287866949103773,0.010960719548165798,0.9882105588912964,0.10232435166835785,0.12945902347564697,0.10095846652984619,2.1023242473602295,2.1294589042663574,2.1009583473205566,0.33688637614250183,0.3256514370441437,0.3374621272087097,vision,vision,1,0.48148149251937866,0.5967742204666138,0.47297295928001404,0.5223629474639893,0.47763705253601074,0.0008287866949103773,0.010960719548165798,0.9882105588912964,0.2657102346420288,0.3782082796096802,0.3560815155506134,vision,audio,0,0.067070871591568,1.0875827074050903,0.4214193820953369,0.01312519982457161,0.02850055694580078
36,cM3Yna7AavY$_$12,-1.0,-0.14359883964061737,0.0015366330044344068,0.010759824886918068,0.9877034425735474,-0.15395614504814148,-0.07928791642189026,-0.09275995939970016,0.8460438251495361,0.9207121133804321,0.9072400331497192,0.3524545431137085,0.3210465908050537,0.326498806476593,vision,text,0,0.7142857313156128,0.5,0.4054054021835327,0.5223343968391418,0.47766560316085815,0.0015366330044344068,0.010759824886918068,0.9877034425735474,0.40977194905281067,0.2945340573787689,0.2956940233707428,vision,text,1,0.07093802094459534,1.085889220237732,0.46133968234062195,0.032492417842149734,0.07466822862625122
14,c7UH_rxdZv4$_$4,1.600000023841858,1.1064720153808594,0.0005896102520637214,0.007389083970338106,0.9920212626457214,1.136195421218872,1.0705668926239014,1.137359857559204,0.46380460262298584,0.5294331312179565,0.4626401662826538,0.34214988350868225,0.31520184874534607,0.3426482379436493,vision,vision,1,0.5333333611488342,0.5490196347236633,0.5245901346206665,0.5220523476600647,0.4779476523399353,0.0005896102520637214,0.007389083970338106,0.9920212626457214,0.2876184284687042,0.331860214471817,0.38052135705947876,vision,vision,1,0.04859495908021927,1.0921274423599243,0.4076666235923767,0.031215665861964226,0.06679296493530273
628,yvsjCA6Y5Fc$_$20,0.800000011920929,1.022482991218567,0.001474451506510377,0.009547081775963306,0.9889785647392273,1.1646339893341064,1.0736483335494995,1.1573410034179688,0.3646339774131775,0.27364832162857056,0.3573409914970398,0.3195286691188812,0.3580164611339569,0.32245486974716187,vision,audio,0,0.6666666865348816,0.4399999976158142,0.4333333373069763,0.5218746066093445,0.4781253933906555,0.001474451506510377,0.009547081775963306,0.9889785647392273,0.3890514671802521,0.2777588367462158,0.3331897258758545,vision,text,0,0.06498153507709503,1.0892810821533203,0.43719252943992615,0.041279587894678116,0.09098565578460693
485,tIrG4oNLFzE$_$6,1.25,0.5618688464164734,0.0007354695699177682,0.005347936414182186,0.9939166903495789,0.5793237686157227,0.5652434229850769,0.6030018925666809,0.6706762313842773,0.6847565770149231,0.6469981074333191,0.3319399058818817,0.32614871859550476,0.3419113755226135,vision,vision,1,0.5384615659713745,0.32258063554763794,0.5135135054588318,0.5213153958320618,0.47868460416793823,0.0007354695699177682,0.005347936414182186,0.9939166903495789,0.3304694592952728,0.2419443428516388,0.427586168050766,vision,vision,1,0.03934645652770996,1.0725167989730835,0.37755364179611206,0.015579932369291782,0.037758469581604004
294,jUzDDGyPkXU$_$13,-0.6000000238418579,0.018175525590777397,0.0006306241266429424,0.006717409938573837,0.9926519989967346,0.08183740824460983,0.1194266602396965,0.07998783141374588,0.6818374395370483,0.719426691532135,0.6799878478050232,0.33824753761291504,0.32272204756736755,0.3390304744243622,vision,vision,1,0.5333333611488342,0.5098039507865906,0.5901639461517334,0.5219788551330566,0.47802114486694336,0.0006306241266429424,0.006717409938573837,0.9926519989967346,0.27842867374420166,0.2986461818218231,0.42292520403862,vision,vision,1,0.04557541757822037,1.0808621644973755,0.3798179030418396,0.018171388655900955,0.03943882882595062
373,nzpVDcQ0ywM$_$24,1.600000023841858,0.6397584080696106,0.0011559099657461047,0.007287789136171341,0.9915562868118286,0.6291877031326294,0.5793145298957825,0.6603617072105408,0.9708123207092285,1.0206854343414307,0.9396383166313171,0.3356494605541229,0.3153635263442993,0.34898704290390015,vision,vision,1,0.7777777910232544,0.4642857015132904,0.42424243688583374,0.522312343120575,0.47768765687942505,0.0011559099657461047,0.007287789136171341,0.9915562868118286,0.4420412480831146,0.26471009850502014,0.29324865341186523,vision,text,0,0.05209246277809143,1.0724310874938965,0.4655384421348572,0.03337961807847023,0.0810471773147583
135,d6hH302o4v8$_$1,-2.799999952316284,0.10919248312711716,0.0012103121262043715,0.006692870054394007,0.9920967817306519,0.2963564991950989,0.28252023458480835,0.05751289054751396,3.0963563919067383,3.0825202465057373,2.857512950897217,0.2971455156803131,0.3023293912410736,0.4005250632762909,vision,vision,1,0.8333333134651184,0.4749999940395355,0.5416666865348816,0.5217507481575012,0.4782492518424988,0.0012103121262043715,0.006692870054394007,0.9920967817306519,0.4397397041320801,0.2342885434627533,0.3259717524051666,vision,text,0,0.04951068013906479,1.0666741132736206,0.44408339262008667,0.10947654396295547,0.23884360492229462
319,k5Y_838nuGo$_$9,1.7999999523162842,0.534851610660553,0.0008134559029713273,0.00883499626070261,0.9903516173362732,0.5820376873016357,0.5529167652130127,0.5975279808044434,1.2179622650146484,1.2470831871032715,1.2024719715118408,0.3351425528526306,0.323162317276001,0.3416951298713684,vision,vision,1,0.5,0.52173912525177,0.48148149251937866,0.5220034122467041,0.4779965877532959,0.0008134559029713273,0.00883499626070261,0.9903516173362732,0.28434979915618896,0.33812612295150757,0.3775240182876587,vision,vision,1,0.05716977268457413,1.0919806957244873,0.4085516929626465,0.0184936560690403,0.044611215591430664
325,k5Y_838nuGo$_$15,-0.800000011920929,1.2839149236679077,0.000541340617928654,0.005825427360832691,0.9936332702636719,1.3437498807907104,1.2587554454803467,1.342384696006775,2.143749952316284,2.058755397796631,2.1423847675323486,0.32115092873573303,0.35714957118034363,0.32169950008392334,vision,audio,0,0.4583333432674408,0.42592594027519226,0.5846154093742371,0.5213953852653503,0.47860461473464966,0.000541340617928654,0.005825427360832691,0.9936332702636719,0.26441237330436707,0.27653566002845764,0.4590519666671753,vision,vision,0,0.04039294272661209,1.0646107196807861,0.35638755559921265,0.039748892188072205,0.08499443531036377
236,f_pcplsH_V0$_$2,1.399999976158142,0.16890932619571686,0.0008843030082061887,0.008362533524632454,0.990753173828125,0.19159865379333496,0.1858423352241516,0.208787739276886,1.2084013223648071,1.2141575813293457,1.1912121772766113,0.33172452449798584,0.329346239566803,0.3389292359352112,vision,vision,1,0.6428571343421936,0.5862069129943848,0.5714285969734192,0.5225023031234741,0.4774976968765259,0.0008843030082061887,0.008362533524632454,0.990753173828125,0.31195029616355896,0.31606900691986084,0.3719806969165802,vision,vision,1,0.05542750656604767,1.0952976942062378,0.4125150144100189,0.00974731519818306,0.022945404052734375
83,cXypl4FnoZo$_$1,1.0,0.3008294403553009,0.0011501155095174909,0.010116592980921268,0.9887332916259766,0.3458860516548157,0.34129399061203003,0.3589980900287628,0.6541139483451843,0.65870600938797,0.6410019397735596,0.33213749527931213,0.3302364647388458,0.3376260995864868,vision,vision,1,0.7692307829856873,0.6086956262588501,0.40740740299224854,0.5230937004089355,0.47690629959106445,0.0011501155095174909,0.010116592980921268,0.9887332916259766,0.40409398078918457,0.33018115162849426,0.26572489738464355,vision,text,0,0.06545820087194443,1.084194540977478,0.48200559616088867,0.00750146945938468,0.017704099416732788
299,jUzDDGyPkXU$_$16,1.2000000476837158,1.5508222579956055,0.000717516930308193,0.01104949600994587,0.9882329106330872,1.6268380880355835,1.5189425945281982,1.6293156147003174,0.4268380403518677,0.3189425468444824,0.42931556701660156,0.3183400332927704,0.3643042743206024,0.3173557221889496,vision,audio,0,0.4375,0.5890411138534546,0.4252873659133911,0.522029459476471,0.47797054052352905,0.000717516930308193,0.01104949600994587,0.9882329106330872,0.2602200508117676,0.3957287669181824,0.34405118227005005,vision,audio,1,0.06667425483465195,1.084256887435913,0.429454505443573,0.05145629495382309,0.11037302017211914
292,jUzDDGyPkXU$_$11,2.4000000953674316,1.2224762439727783,0.0005639224546030164,0.008457574062049389,0.990978479385376,1.2718902826309204,1.1935009956359863,1.2771236896514893,1.1281098127365112,1.2064990997314453,1.1228764057159424,0.343262255191803,0.31122252345085144,0.3455151915550232,vision,vision,1,0.43478259444236755,0.5625,0.5128205418586731,0.5219117403030396,0.47808825969696045,0.0005639224546030164,0.008457574062049389,0.990978479385376,0.24874815344810486,0.35949376225471497,0.39175817370414734,vision,vision,1,0.053564563393592834,1.0809907913208008,0.3994802236557007,0.03824634104967117,0.08362269401550293
684,zhpQhgha_KU$_$33,-0.4000000059604645,0.07361580431461334,0.0007546791457571089,0.007581167388707399,0.9916641712188721,0.10228607058525085,0.1266404688358307,0.08156701177358627,0.5022860765457153,0.5266404747962952,0.48156702518463135,0.3337502181529999,0.32374295592308044,0.3425068259239197,vision,vision,1,0.5625,0.5490196347236633,0.5901639461517334,0.5221508145332336,0.47784918546676636,0.0007546791457571089,0.007581167388707399,0.9916641712188721,0.2816329002380371,0.31019628047943115,0.40817078948020935,vision,vision,1,0.05073845013976097,1.0857210159301758,0.38899558782577515,0.018421100452542305,0.045073457062244415
344,lXPQBPVc5Cw$_$3,-2.4000000953674316,-0.3113361597061157,0.0007034805021248758,0.00596129335463047,0.9933352470397949,-0.296631783246994,-0.18461726605892181,-0.15056714415550232,2.1033682823181152,2.2153828144073486,2.2494330406188965,0.37003329396247864,0.32168564200401306,0.3082811236381531,vision,text,0,0.5,0.38461539149284363,0.5483871102333069,0.5210826396942139,0.47891736030578613,0.0007034805021248758,0.00596129335463047,0.9933352470397949,0.29505038261413574,0.2640445828437805,0.44090503454208374,vision,vision,0,0.04228590428829193,1.0728213787078857,0.36828678846359253,0.06239795312285423,0.1460646390914917
618,yDtzw_Y-7RU$_$11,-1.399999976158142,1.5351181030273438,0.00045622364268638194,0.008936651982367039,0.9906071424484253,1.5578280687332153,1.4504791498184204,1.5549544095993042,2.9578280448913574,2.8504791259765625,2.9549543857574463,0.31774234771728516,0.36337190866470337,0.3188857436180115,vision,audio,0,0.375,0.6176470518112183,0.5,0.5219952464103699,0.4780047535896301,0.00045622364268638194,0.008936651982367039,0.9906071424484253,0.22052812576293945,0.39991456270217896,0.3795572519302368,vision,audio,1,0.05501759797334671,1.0675983428955078,0.4073666036128998,0.04994121938943863,0.10734891891479492
416,pLTX3ipuDJI$_$14,-2.0,-0.28736481070518494,0.0012203106889501214,0.009329640306532383,0.9894500374794006,-0.23112523555755615,-0.11925296485424042,-0.08885543793439865,1.7688747644424438,1.8807470798492432,1.9111446142196655,0.36947059631347656,0.32125356793403625,0.30927589535713196,vision,text,0,0.5833333134651184,0.40625,0.3589743673801422,0.5214644074440002,0.47853559255599976,0.0012203106889501214,0.009329640306532383,0.9894500374794006,0.37746694684028625,0.2971438467502594,0.32538917660713196,vision,text,1,0.06229268014431,1.0936764478683472,0.44270724058151245,0.061173804104328156,0.1422697901725769
544,vvZ4IcEtiZc$_$3,1.399999976158142,0.01664625108242035,0.0009825292509049177,0.008044670335948467,0.9909728765487671,0.0751422643661499,0.11766180396080017,0.07740464806556702,1.3248577117919922,1.2823381423950195,1.3225953578948975,0.32707324624061584,0.34492728114128113,0.3279995024204254,vision,audio,0,0.5416666865348816,0.41860464215278625,0.4757281541824341,0.5216785073280334,0.47832149267196655,0.0009825292509049177,0.008044670335948467,0.9909728765487671,0.3293851315975189,0.2842027246952057,0.3864121735095978,vision,vision,0,0.05458802357316017,1.0907578468322754,0.40304049849510193,0.019532503560185432,0.04251953959465027
356,lXPQBPVc5Cw$_$15,-2.799999952316284,0.0006188363768160343,0.0007392588304355741,0.006676726508885622,0.9925839900970459,-0.008571386337280273,0.045244812965393066,0.05388173088431358,2.791428565979004,2.845244884490967,2.853881597518921,0.3496692478656769,0.32692062854766846,0.32341015338897705,vision,text,0,0.5,0.4000000059604645,0.4583333432674408,0.5214803814888,0.47851961851119995,0.0007392588304355741,0.006676726508885622,0.9925839900970459,0.31562966108322144,0.2902565598487854,0.39411377906799316,vision,vision,0,0.04616295173764229,1.0899896621704102,0.39898014068603516,0.027630843222141266,0.06245311722159386
148,d6hH302o4v8$_$13,-2.0,0.08762376755475998,0.0006590960547327995,0.008016934618353844,0.9913240671157837,0.10231876373291016,0.12895265221595764,0.08623486757278442,2.10231876373291,2.128952741622925,2.0862348079681396,0.3347208797931671,0.32376062870025635,0.3415185511112213,vision,vision,1,0.3333333432674408,0.3947368562221527,0.3636363744735718,0.5213391780853271,0.47866082191467285,0.0006590960547327995,0.008016934618353844,0.9913240671157837,0.26634344458580017,0.34371283650398254,0.3899436891078949,vision,vision,1,0.05215713381767273,1.0866622924804688,0.40092021226882935,0.017615854740142822,0.04271778464317322
413,pLTX3ipuDJI$_$13,-1.399999976158142,0.5627310872077942,0.000999897951260209,0.008145169354975224,0.9908549785614014,0.5866104960441589,0.5661965608596802,0.6069004535675049,1.9866104125976562,1.9661965370178223,2.0069003105163574,0.3332442045211792,0.3418571650981903,0.3248986601829529,vision,audio,0,0.6875,0.5,0.44736841320991516,0.5223221182823181,0.4776778817176819,0.000999897951260209,0.008145169354975224,0.9908549785614014,0.3839114010334015,0.2960010766983032,0.3200875222682953,vision,text,0,0.05519116669893265,1.0925157070159912,0.44717830419540405,0.01661733351647854,0.04070389270782471
195,etzxEpPuc6I$_$6,0.4000000059604645,0.7691658735275269,0.0006727281725034118,0.005375172942876816,0.9939519762992859,0.789059042930603,0.7570319175720215,0.8039978742599487,0.38905903697013855,0.357031911611557,0.40399786829948425,0.33086881041526794,0.34438347816467285,0.32474765181541443,vision,audio,0,0.6666666865348816,0.4722222089767456,0.6279069781303406,0.5219841003417969,0.4780158996582031,0.0006727281725034118,0.005375172942876816,0.9939519762992859,0.33264297246932983,0.25291094183921814,0.4144461154937744,vision,vision,0,0.039033859968185425,1.0788657665252686,0.3863372802734375,0.019592249765992165,0.046965956687927246
536,v0zCBqDeKcE$_$7,1.399999976158142,0.27569150924682617,0.0008348249830305576,0.006738369353115559,0.992426872253418,0.2903071641921997,0.28810858726501465,0.29144570231437683,1.1096928119659424,1.1118913888931274,1.1085542440414429,0.3334801197052002,0.3325648903846741,0.3339550197124481,vision,vision,1,0.6000000238418579,0.4444444477558136,0.5483871102333069,0.5219755172729492,0.4780244827270508,0.0008348249830305576,0.006738369353115559,0.992426872253418,0.3297218978404999,0.26910078525543213,0.4011773467063904,vision,vision,1,0.04715326428413391,1.0854846239089966,0.39416632056236267,0.001385099720209837,0.0033371150493621826
366,nbWiPyCm4g0$_$2,-2.4000000953674316,0.08234167844057083,0.000357416138285771,0.004152487963438034,0.9954901337623596,0.1504117250442505,0.11253063380718231,-0.12062481790781021,2.5504117012023926,2.51253080368042,2.2793753147125244,0.2897084355354309,0.303756445646286,0.40653517842292786,vision,vision,1,0.5384615659713745,0.5,0.6666666865348816,0.5210756063461304,0.47892439365386963,0.000357416138285771,0.004152487963438034,0.9954901337623596,0.26894286274909973,0.27201926708221436,0.4590378999710083,vision,vision,1,0.030108777806162834,1.064745306968689,0.35763484239578247,0.11984121054410934,0.2710365355014801
637,yvsjCA6Y5Fc$_$7,-1.7999999523162842,0.4326656758785248,0.000683261954691261,0.005833765957504511,0.9934830069541931,0.389969140291214,0.378031849861145,0.41876092553138733,2.189969062805176,2.1780319213867188,2.2187609672546387,0.3356061279773712,0.34065139293670654,0.32374247908592224,vision,audio,0,0.5,0.3333333432674408,0.4285714328289032,0.5213221907615662,0.47867780923843384,0.000683261954691261,0.005833765957504511,0.9934830069541931,0.3371172845363617,0.2703660726547241,0.3925166726112366,vision,vision,0,0.04148516803979874,1.0872611999511719,0.4006442427635193,0.01709556020796299,0.04072907567024231
144,d6hH302o4v8$_$39,-3.0,-0.260870099067688,0.00101347710005939,0.006266970653086901,0.9927195310592651,-0.2867676913738251,-0.20996566116809845,-0.2034721076488495,2.7132322788238525,2.790034294128418,2.796527862548828,0.35592517256736755,0.3233443796634674,0.32073044776916504,vision,text,0,0.7777777910232544,0.4642857015132904,0.5588235259056091,0.5220988392829895,0.4779011607170105,0.00101347710005939,0.006266970653086901,0.9927195310592651,0.4060647785663605,0.24109260737895966,0.3528425991535187,vision,text,1,0.04603014141321182,1.076502799987793,0.4265846610069275,0.03782837465405464,0.08329558372497559
69,cW1FSBF59ik$_$17,2.4000000953674316,1.2562564611434937,0.0007079064380377531,0.007108232006430626,0.9921838641166687,1.2741111516952515,1.1742136478424072,1.2403700351715088,1.1258889436721802,1.2257864475250244,1.1596300601959229,0.3519502878189087,0.3106348514556885,0.33741495013237,vision,text,0,0.5,0.4615384638309479,0.5333333611488342,0.5215440392494202,0.47845596075057983,0.0007079064380377531,0.007108232006430626,0.9921838641166687,0.2884454131126404,0.29748570919036865,0.41406896710395813,vision,vision,0,0.04808095842599869,1.0843720436096191,0.385409951210022,0.04149246588349342,0.09989750385284424
405,ob23OKe5a9Q$_$5,-1.7999999523162842,0.01033027470111847,0.0008065836736932397,0.009047982282936573,0.9901455044746399,0.033110976219177246,0.092817023396492,0.07484012842178345,1.8331109285354614,1.8928170204162598,1.8748400211334229,0.3475528955459595,0.3225584030151367,0.3298887014389038,vision,text,0,0.5416666865348816,0.5565217137336731,0.4855072498321533,0.5221405625343323,0.4778594374656677,0.0008065836736932397,0.009047982282936573,0.9901455044746399,0.2958441376686096,0.34466227889060974,0.35949358344078064,vision,vision,0,0.05812350660562515,1.0952293872833252,0.4204345941543579,0.025009559467434883,0.05970604717731476
301,jUzDDGyPkXU$_$18,-2.4000000953674316,-0.24394285678863525,0.0008631717646494508,0.003939932677894831,0.9951968789100647,-0.18069875240325928,-0.07750928401947021,-0.054996781051158905,2.219301223754883,2.322490692138672,2.345003366470337,0.3658205568790436,0.32155099511146545,0.3126284182071686,vision,text,0,0.8571428656578064,0.4166666567325592,0.7931034564971924,0.5217153429985046,0.47828465700149536,0.0008631717646494508,0.003939932677894831,0.9951968789100647,0.3777503967285156,0.17533747851848602,0.44691213965415955,vision,vision,0,0.03269493579864502,1.0329582691192627,0.36552318930625916,0.054727472364902496,0.12570196390151978
85,cXypl4FnoZo$_$2,1.0,1.1889435052871704,0.0006978280725888908,0.009432091377675533,0.989870011806488,1.2543270587921143,1.176029920578003,1.2511107921600342,0.25432705879211426,0.17602992057800293,0.2511107921600342,0.32186946272850037,0.3549644351005554,0.3231661021709442,vision,audio,0,0.5,0.5483871102333069,0.4054054021835327,0.5220640301704407,0.4779359698295593,0.0006978280725888908,0.009432091377675533,0.989870011806488,0.2993563115596771,0.36731013655662537,0.3333335816860199,vision,audio,1,0.05913783237338066,1.0951429605484009,0.4376910328865051,0.036175381392240524,0.07829713821411133
213,f9O3YtZ2VfI$_$7,-1.2000000476837158,-0.037256356328725815,0.0009547663503326476,0.0060647763311862946,0.992980420589447,-0.017822839319705963,0.049722254276275635,0.0567009262740612,1.182177186012268,1.2497222423553467,1.2567009925842285,0.35334596037864685,0.3247372806072235,0.32191672921180725,vision,text,0,0.6363636255264282,0.3499999940395355,0.4583333432674408,0.5214835405349731,0.47851645946502686,0.0009547663503326476,0.0060647763311862946,0.992980420589447,0.38614213466644287,0.2458108812570572,0.36804699897766113,vision,text,1,0.0445965975522995,1.080232858657837,0.4166222810745239,0.03360693156719208,0.07452376186847687
54,cW1FSBF59ik$_$1,-2.5999999046325684,-0.2098875641822815,0.0007287606713362038,0.0062763988971710205,0.9929948449134827,-0.2560444176197052,-0.17071078717708588,-0.157229483127594,2.3439555168151855,2.4292891025543213,2.442770481109619,0.35937225818634033,0.32301273941993713,0.31761500239372253,vision,text,0,0.5,0.3913043439388275,0.5421686768531799,0.5212817192077637,0.47871828079223633,0.0007287606713362038,0.0062763988971710205,0.9929948449134827,0.2983185648918152,0.2661224603652954,0.4355589747428894,vision,vision,0,0.04407258704304695,1.0751407146453857,0.3716239333152771,0.043751783668994904,0.0988149344921112
244,fvVhgmXxadc$_$10,0.0,0.05196138843894005,0.0005946816527284682,0.00753073301166296,0.991874635219574,0.10234180092811584,0.1282428354024887,0.08253048360347748,0.10234180092811584,0.1282428354024887,0.08253048360347748,0.33408886194229126,0.32344552874565125,0.3424655795097351,vision,vision,1,0.5,0.5416666865348816,0.5254237055778503,0.5220546126365662,0.47794538736343384,0.0005946816527284682,0.00753073301166296,0.991874635219574,0.2747276723384857,0.33445602655410767,0.3908163011074066,vision,vision,1,0.04932519793510437,1.088433027267456,0.4007055461406708,0.01871710829436779,0.04571235179901123
555,vyB00TXsimI$_$1,0.0,0.36469173431396484,0.0005394399049691856,0.006444224622100592,0.9930163621902466,0.2807730436325073,0.2775094509124756,0.3175211548805237,0.2807730436325073,0.2775094509124756,0.3175211548805237,0.3379301130771637,0.33931154012680054,0.32275840640068054,vision,audio,0,0.4000000059604645,0.40740740299224854,0.46875,0.5214424729347229,0.4785575270652771,0.0005394399049691856,0.006444224622100592,0.9930163621902466,0.27259743213653564,0.3087300956249237,0.41867247223854065,vision,vision,0,0.043526798486709595,1.081681728363037,0.38289594650268555,0.018141454085707664,0.040011703968048096
193,etzxEpPuc6I$_$4,0.800000011920929,0.5962514877319336,0.0005816711927764118,0.006590044591575861,0.9928281903266907,0.5844301581382751,0.5646936893463135,0.6039142608642578,0.2155698537826538,0.23530632257461548,0.19608575105667114,0.3333016037940979,0.32517948746681213,0.34151890873908997,vision,vision,1,0.5,0.49056604504585266,0.5645161271095276,0.5218670964241028,0.4781329035758972,0.0005816711927764118,0.006590044591575861,0.9928281903266907,0.27516281604766846,0.30292388796806335,0.4219132661819458,vision,vision,1,0.04457572102546692,1.0809342861175537,0.38060998916625977,0.016011852771043777,0.039220571517944336
95,cXypl4FnoZo$_$12,2.0,1.3092026710510254,0.0005572632071562111,0.007523509208112955,0.9919191598892212,1.3986423015594482,1.307499885559082,1.4020421504974365,0.6013576984405518,0.692500114440918,0.5979578495025635,0.34523460268974304,0.30806049704551697,0.3467049300670624,vision,vision,1,0.46666666865348816,0.5714285969734192,0.5714285969734192,0.5219316482543945,0.47806835174560547,0.0005572632071562111,0.007523509208112955,0.9919191598892212,0.24342094361782074,0.34239912033081055,0.4141799509525299,vision,vision,1,0.0490112379193306,1.076001524925232,0.3851594924926758,0.043788306415081024,0.09454226493835449
384,nzpVDcQ0ywM$_$6,-1.399999976158142,-0.1846819967031479,0.0009047267376445234,0.007372849155217409,0.9917224049568176,-0.18644601106643677,-0.08730979263782501,-0.05882579833269119,1.2135539054870605,1.3126901388168335,1.3411741256713867,0.36549726128578186,0.32289865612983704,0.3116041123867035,vision,text,0,0.5454545617103577,0.40425533056259155,0.5,0.5213071703910828,0.47869282960891724,0.0009047267376445234,0.007372849155217409,0.9917224049568176,0.3261317312717438,0.2731602191925049,0.40070804953575134,vision,vision,0,0.05078376457095146,1.0863511562347412,0.3940095901489258,0.05469739809632301,0.12762022018432617
70,cW1FSBF59ik$_$16,3.0,0.4507616460323334,0.0007582764374092221,0.0071367742493748665,0.9921048879623413,0.46795961260795593,0.44389355182647705,0.4748653173446655,2.5320403575897217,2.5561065673828125,2.525134563446045,0.33567917346954346,0.32573139667510986,0.3385894298553467,vision,vision,1,0.5,0.45588234066963196,0.5731707215309143,0.5217667818069458,0.4782332181930542,0.0007582764374092221,0.0071367742493748665,0.9921048879623413,0.27710261940956116,0.28567859530448914,0.4372188150882721,vision,vision,1,0.04858511686325073,1.075268268585205,0.36992406845092773,0.013275356963276863,0.030971765518188477
173,dq3Nf_lMPnE$_$5,1.2000000476837158,-0.0014308053068816662,0.0006723666447214782,0.006925418507307768,0.9924023151397705,0.03480653464794159,0.08838740736246109,0.0716838389635086,1.1651935577392578,1.1116126775741577,1.1283161640167236,0.32087835669517517,0.34310558438301086,0.33601605892181396,vision,audio,0,0.6000000238418579,0.5416666865348816,0.5769230723381042,0.5221457481384277,0.47785425186157227,0.0006723666447214782,0.006925418507307768,0.9924023151397705,0.3055328130722046,0.3036957085132599,0.3907715380191803,vision,vision,0,0.046917207539081573,1.091374158859253,0.40108722448349,0.02238515019416809,0.0535808727145195
352,lXPQBPVc5Cw$_$11,-1.7999999523162842,-0.2783333361148834,0.001243274542503059,0.01116087194532156,0.9875959157943726,-0.2821695804595947,-0.19459430873394012,-0.17219766974449158,1.5178303718566895,1.6054056882858276,1.6278022527694702,0.3612879812717438,0.32382601499557495,0.3148859441280365,vision,text,0,0.6666666865348816,0.5714285969734192,0.4444444477558136,0.5222980380058289,0.47770196199417114,0.001243274542503059,0.01116087194532156,0.9875959157943726,0.36119043827056885,0.32970762252807617,0.309101939201355,vision,text,1,0.07081625610589981,1.0965566635131836,0.4523293375968933,0.04745156317949295,0.10997191071510315
242,f_pcplsH_V0$_$8,0.800000011920929,-0.10279567539691925,0.0012589223915711045,0.006080080755054951,0.9926609992980957,-0.10489235073328018,-0.02262270450592041,0.0034676268696784973,0.9048923850059509,0.8226227164268494,0.796532392501831,0.3073742687702179,0.3406662344932556,0.3519594967365265,vision,vision,1,0.75,0.3461538553237915,0.4838709533214569,0.5215997695922852,0.47840023040771484,0.0012589223915711045,0.006080080755054951,0.9926609992980957,0.43242254853248596,0.21874672174453735,0.3488306999206543,vision,text,0,0.0467434898018837,1.0623600482940674,0.42922019958496094,0.046177055686712265,0.10835997760295868
21,c7UH_rxdZv4$_$13,-2.5999999046325684,0.3070896863937378,0.0012548888335004449,0.009085691533982754,0.9896593689918518,0.31696200370788574,0.33011594414711,0.3464793562889099,2.916961908340454,2.9301159381866455,2.946479320526123,0.3392743170261383,0.33374136686325073,0.32698434591293335,vision,text,0,0.8888888955116272,0.65625,0.5405405163764954,0.5233479738235474,0.47665202617645264,0.0012548888335004449,0.009085691533982754,0.9896593689918518,0.4193636476993561,0.2971145212650299,0.2835218012332916,vision,text,1,0.06138283759355545,1.0823930501937866,0.4707584083080292,0.012074129655957222,0.02951735258102417
496,tStelxIAHjw$_$3,0.5,0.18215538561344147,0.0005817893543280661,0.008121756836771965,0.9912965297698975,0.14258360862731934,0.16270454227924347,0.1680903136730194,0.35741639137268066,0.3372954726219177,0.3319096863269806,0.32702532410621643,0.3353547155857086,0.33761999011039734,vision,vision,1,0.4000000059604645,0.5333333611488342,0.529411792755127,0.5219627022743225,0.4780372977256775,0.0005817893543280661,0.008121756836771965,0.9912965297698975,0.23638300597667694,0.34770387411117554,0.41591307520866394,vision,vision,1,0.05209115892648697,1.0731232166290283,0.38358891010284424,0.010976998135447502,0.025506705045700073
139,d6hH302o4v8$_$4,-1.600000023841858,0.18260063230991364,0.0005266667576506734,0.010275906883180141,0.9891974329948425,0.12333092093467712,0.15087389945983887,0.14547669887542725,1.7233309745788574,1.7508739233016968,1.7454767227172852,0.34026864171028137,0.32875296473503113,0.3309784233570099,vision,text,0,0.25,0.529411792755127,0.4000000059604645,0.5218279957771301,0.4781720042228699,0.0005266667576506734,0.010275906883180141,0.9891974329948425,0.20984427630901337,0.40869957208633423,0.38145607709884644,vision,audio,0,0.061762385070323944,1.0609747171401978,0.40516090393066406,0.011917218565940857,0.027542978525161743
254,fvVhgmXxadc$_$6,-0.20000000298023224,-0.0768824964761734,0.001219634315930307,0.007440686691552401,0.9913397431373596,-0.047683246433734894,0.028297312557697296,0.04185546934604645,0.15231674909591675,0.22829732298851013,0.2418554723262787,0.3566960394382477,0.32437756657600403,0.31892645359039307,vision,text,0,0.7200000286102295,0.4333333373069763,0.4861111044883728,0.5219129323959351,0.47808706760406494,0.001219634315930307,0.007440686691552401,0.9913397431373596,0.40180283784866333,0.25514647364616394,0.34305062890052795,vision,text,1,0.05327066034078598,1.081892490386963,0.43219268321990967,0.03940396383404732,0.08953871577978134
298,jUzDDGyPkXU$_$17,-2.799999952316284,-0.13535670936107635,0.000888571550603956,0.009840722195804119,0.9892706871032715,-0.09898368269205093,-0.017199531197547913,-0.009523637592792511,2.7010161876678467,2.7828004360198975,2.7904763221740723,0.35752302408218384,0.3227795362472534,0.31969738006591797,vision,text,0,0.4285714328289032,0.4761904776096344,0.4615384638309479,0.5215686559677124,0.4784313440322876,0.000888571550603956,0.009840722195804119,0.9892706871032715,0.2725725471973419,0.3348250687122345,0.3926023840904236,vision,vision,0,0.06239074096083641,1.08771812915802,0.39777886867523193,0.04048410803079605,0.08946004509925842
447,phBUpBr1hSo$_$21,0.800000011920929,0.41463205218315125,0.0004969630972482264,0.008823657408356667,0.9906793236732483,0.37258180975914,0.3668060898780823,0.39566919207572937,0.42741820216178894,0.4331939220428467,0.4043308198451996,0.3308973014354706,0.3285169303417206,0.3405857980251312,vision,vision,1,0.3478260934352875,0.5686274766921997,0.5161290168762207,0.5220248103141785,0.47797518968582153,0.0004969630972482264,0.008823657408356667,0.9906793236732483,0.2166968733072281,0.37499383091926575,0.40830928087234497,vision,vision,1,0.054796189069747925,1.064931035041809,0.38824671506881714,0.012469807639718056,0.028863102197647095
623,yDtzw_Y-7RU$_$14,2.200000047683716,0.6695351600646973,0.0007376871653832495,0.007862867787480354,0.9913994073867798,0.6835358142852783,0.6583248376846313,0.697115421295166,1.5164642333984375,1.5416752099990845,1.5028846263885498,0.33488529920578003,0.32449638843536377,0.340618371963501,vision,vision,1,0.5652173757553101,0.5280898809432983,0.5233644843101501,0.5221226811408997,0.47787731885910034,0.0007376871653832495,0.007862867787480354,0.9913994073867798,0.30494049191474915,0.31623655557632446,0.37882301211357117,vision,vision,1,0.051984015852212906,1.093949317932129,0.4083842933177948,0.01607174426317215,0.03879058361053467
64,cW1FSBF59ik$_$10,-1.0,0.5036616325378418,0.0007250380585901439,0.006666798144578934,0.9926081895828247,0.5446115136146545,0.5167015194892883,0.5168864130973816,1.5446114540100098,1.5167014598846436,1.5168864727020264,0.3256515562534332,0.3372132480144501,0.3371352553367615,vision,audio,0,0.5,0.4583333432674408,0.6162790656089783,0.5217787623405457,0.47822123765945435,0.0007250380585901439,0.006666798144578934,0.9926081895828247,0.265869677066803,0.2756269872188568,0.4585034251213074,vision,vision,0,0.04601067304611206,1.064948320388794,0.3560698926448822,0.01311353500932455,0.02790999412536621
65,cW1FSBF59ik$_$13,2.0,1.327440857887268,0.0007770662778057158,0.007816917262971401,0.9914060831069946,1.4102829694747925,1.3168481588363647,1.4141652584075928,0.5897170305252075,0.6831518411636353,0.5858347415924072,0.34546688199043274,0.30738565325737,0.3471474349498749,vision,vision,1,0.5789473652839661,0.5443037748336792,0.5744680762290955,0.5219683051109314,0.4780316948890686,0.0007770662778057158,0.007816917262971401,0.9914060831069946,0.29340964555740356,0.3091593384742737,0.39743104577064514,vision,vision,1,0.05204414576292038,1.0894194841384888,0.39598339796066284,0.04498855397105217,0.09731709957122803
650,yvsjCA6Y5Fc$_$18,-2.200000047683716,-0.030199607834219933,0.0009425825555808842,0.008231032639741898,0.990826427936554,-0.04953869432210922,0.015765242278575897,0.04061438888311386,2.150461435317993,2.2157652378082275,2.240614414215088,0.3552347719669342,0.32738903164863586,0.31737616658210754,vision,text,0,0.5925925970077515,0.47297295928001404,0.42105263471603394,0.521834135055542,0.478165864944458,0.0009425825555808842,0.008231032639741898,0.990826427936554,0.349330872297287,0.31191423535346985,0.3387548327445984,vision,text,1,0.055205877870321274,1.097487211227417,0.4347143769264221,0.038019970059394836,0.09015308320522308
591,wMbj6ajWbic$_$9,-2.0,0.18351681530475616,0.0009967470541596413,0.008334494195878506,0.9906688332557678,0.1531466543674469,0.1666053831577301,0.18351823091506958,2.153146743774414,2.1666054725646973,2.183518171310425,0.3394359052181244,0.3337732255458832,0.3267909288406372,vision,text,0,0.699999988079071,0.5600000023841858,0.5333333611488342,0.5224942564964294,0.47750574350357056,0.0009967470541596413,0.008334494195878506,0.9906688332557678,0.35427772998809814,0.3016688823699951,0.3440532982349396,vision,text,1,0.05607616901397705,1.096243143081665,0.4310769736766815,0.012425843626260757,0.03037157654762268
631,yvsjCA6Y5Fc$_$23,-1.2000000476837158,0.6918516755104065,0.0011143017327412963,0.010252512991428375,0.9886332154273987,0.724746584892273,0.6910226941108704,0.7535465359687805,1.9247466325759888,1.8910226821899414,1.9535465240478516,0.33248037099838257,0.34679561853408813,0.3207239806652069,vision,audio,0,0.6000000238418579,0.567251443862915,0.5507246255874634,0.5222275257110596,0.47777247428894043,0.0011143017327412963,0.010252512991428375,0.9886332154273987,0.3039267659187317,0.31997454166412354,0.37609872221946716,vision,vision,0,0.06583753973245621,1.09437096118927,0.40835636854171753,0.025551635771989822,0.06252384185791016
220,f9O3YtZ2VfI$_$12,-1.7999999523162842,-0.005993473343551159,0.0008916069054976106,0.009095118381083012,0.9900132417678833,-0.0008561983704566956,0.06695514172315598,0.06308143585920334,1.7991437911987305,1.866955041885376,1.8630813360214233,0.35187509655952454,0.32327786087989807,0.324847012758255,vision,text,0,0.6666666865348816,0.6190476417541504,0.5199999809265137,0.5225335955619812,0.4774664044380188,0.0008916069054976106,0.009095118381083012,0.9900132417678833,0.32839903235435486,0.33793357014656067,0.3336673676967621,vision,audio,0,0.05894521623849869,1.0985438823699951,0.4375638961791992,0.031093772500753403,0.06781134009361267
20,c7UH_rxdZv4$_$10,0.800000011920929,0.03327464684844017,0.0006504158372990787,0.004746913909912109,0.994602620601654,0.05371496453881264,0.10019701719284058,0.07989721745252609,0.7462850213050842,0.6998029947280884,0.7201027870178223,0.32330095767974854,0.34264200925827026,0.33405694365501404,vision,audio,0,0.6428571343421936,0.4324324429035187,0.6590909361839294,0.5217933058738708,0.47820669412612915,0.0006504158372990787,0.004746913909912109,0.994602620601654,0.318244606256485,0.23556993901729584,0.44618546962738037,vision,vision,0,0.03555268049240112,1.0650248527526855,0.3656114935874939,0.019026802852749825,0.04648205265402794
542,vvZ4IcEtiZc$_$12,0.20000000298023224,1.1948992013931274,0.0007498720660805702,0.00752306031063199,0.9917271137237549,1.2851759195327759,1.2032071352005005,1.2380657196044922,1.08517587184906,1.0032070875167847,1.0380656719207764,0.31560173630714417,0.3496532738208771,0.334744930267334,vision,audio,0,0.6000000238418579,0.512499988079071,0.5121951103210449,0.5219601392745972,0.47803986072540283,0.0007498720660805702,0.00752306031063199,0.9917271137237549,0.3284541964530945,0.3040514886379242,0.3674943149089813,vision,vision,0,0.05042046308517456,1.0955572128295898,0.4161551892757416,0.03358795866370201,0.08196878433227539
250,fvVhgmXxadc$_$2,-2.799999952316284,-0.2700847387313843,0.0005121800350025296,0.007323449943214655,0.9921643733978271,-0.3508521020412445,-0.26727020740509033,-0.2828058898448944,2.449147939682007,2.5327296257019043,2.5171940326690674,0.3547036051750183,0.3195154666900635,0.3257808983325958,vision,text,0,0.3529411852359772,0.4883720874786377,0.5192307829856873,0.5215169787406921,0.47848302125930786,0.0005121800350025296,0.007323449943214655,0.9921643733978271,0.23048682510852814,0.3364953100681305,0.4330178499221802,vision,vision,0,0.047692544758319855,1.0671802759170532,0.37276434898376465,0.036297500133514404,0.08358189463615417
284,jUzDDGyPkXU$_$3,0.0,0.3628126382827759,0.0007704017334617674,0.006634368095546961,0.9925952553749084,0.3385615050792694,0.32976967096328735,0.3577612042427063,0.3385615050792694,0.32976967096328735,0.3577612042427063,0.3347463309764862,0.33844542503356934,0.32680821418762207,vision,audio,0,0.5555555820465088,0.4444444477558136,0.5,0.521839439868927,0.478160560131073,0.0007704017334617674,0.006634368095546961,0.9925952553749084,0.3181254267692566,0.2905515134334564,0.3913230299949646,vision,vision,0,0.046174563467502594,1.0906141996383667,0.4008481502532959,0.011687835678458214,0.027991533279418945
506,tmZoasNr4rU$_$13,-0.800000011920929,-0.3185000717639923,0.0009924187324941158,0.009784897789359093,0.9892226457595825,-0.34780725836753845,-0.2546442151069641,-0.25519227981567383,0.4521927535533905,0.5453557968139648,0.5448077321052551,0.35961490869522095,0.3200828433036804,0.32030224800109863,vision,text,0,0.5,0.46000000834465027,0.4137931168079376,0.5216205716133118,0.47837942838668823,0.0009924187324941158,0.009784897789359093,0.9892226457595825,0.3169245421886444,0.32415270805358887,0.3589227795600891,vision,vision,0,0.06285587698221207,1.0971159934997559,0.4201999306678772,0.04378887638449669,0.09316304326057434
490,tStelxIAHjw$_$13,-1.600000023841858,0.6079308390617371,0.0006327966111712158,0.0049260943196713924,0.9944410920143127,0.602827787399292,0.579818844795227,0.6254056692123413,2.2028279304504395,2.179818868637085,2.225405693054199,0.33318328857421875,0.3429051637649536,0.32391151785850525,vision,audio,0,0.5714285969734192,0.380952388048172,0.5600000023841858,0.5215326547622681,0.47846734523773193,0.0006327966111712158,0.0049260943196713924,0.9944410920143127,0.3227342665195465,0.24915578961372375,0.4281099736690521,vision,vision,0,0.036377549171447754,1.0744324922561646,0.37755411863327026,0.018611019477248192,0.04558682441711426
216,f9O3YtZ2VfI$_$8,-1.7999999523162842,-0.0048270272091031075,0.0007343157776631415,0.00775102898478508,0.9915145635604858,-0.02017170935869217,0.050073206424713135,0.055621758103370667,1.7798281908035278,1.8500730991363525,1.8556216955184937,0.35391390323638916,0.3241633474826813,0.32192277908325195,vision,text,0,0.6363636255264282,0.6060606241226196,0.6000000238418579,0.5223585367202759,0.4776414632797241,0.0007343157776631415,0.00775102898478508,0.9915145635604858,0.3010043799877167,0.31874600052833557,0.38024958968162537,vision,vision,0,0.051418013870716095,1.093510389328003,0.40751001238822937,0.03449602797627449,0.07579346746206284
175,dq3Nf_lMPnE$_$7,-2.0,-0.2622380256652832,0.0014093895442783833,0.008461725898087025,0.9901288151741028,-0.1772109568119049,-0.07326002418994904,-0.048300839960575104,1.8227890729904175,1.9267399311065674,1.951699137687683,0.36639106273651123,0.32174602150917053,0.31186288595199585,vision,text,0,0.8571428656578064,0.5609756112098694,0.5510203838348389,0.5225147008895874,0.4774852991104126,0.0014093895442783833,0.008461725898087025,0.9901288151741028,0.42440059781074524,0.2642451822757721,0.3113541603088379,vision,text,1,0.05945542827248573,1.0787179470062256,0.45251643657684326,0.05582370609045029,0.1289101243019104
303,k5Y_838nuGo$_$25,-0.20000000298023224,0.7989611625671387,0.0005166303017176688,0.0073857917450368404,0.9920976161956787,0.8426554799079895,0.7980681657791138,0.7693408727645874,1.0426554679870605,0.9980681538581848,0.9693408608436584,0.3171290159225464,0.3353058099746704,0.3475651443004608,vision,vision,1,0.4285714328289032,0.5106382966041565,0.4912280738353729,0.5217450857162476,0.47825491428375244,0.0005166303017176688,0.0073857917450368404,0.9920976161956787,0.26366403698921204,0.34053635597229004,0.39579954743385315,vision,vision,1,0.04803193360567093,1.0851681232452393,0.39753204584121704,0.030163109302520752,0.0733146071434021
590,wMbj6ajWbic$_$6,1.7999999523162842,1.149591326713562,0.0008489567553624511,0.0074715460650622845,0.9916794896125793,1.2494096755981445,1.163808822631836,1.2527145147323608,0.5505902767181396,0.6361911296844482,0.5472854375839233,0.34451109170913696,0.3095517158508301,0.34593719244003296,vision,vision,1,0.5357142686843872,0.4264705777168274,0.46666666865348816,0.5215338468551636,0.4784661531448364,0.0008489567553624511,0.0074715460650622845,0.9916794896125793,0.32278767228126526,0.29349997639656067,0.3837123513221741,vision,vision,1,0.050874751061201096,1.092334270477295,0.4053114354610443,0.04115373641252518,0.0889056921005249
255,fvVhgmXxadc$_$9,-0.4000000059604645,0.10901234298944473,0.0008845297270454466,0.010981875471770763,0.9881336092948914,0.10337032377719879,0.13395746052265167,0.09919030964374542,0.5033703446388245,0.5339574813842773,0.4991903305053711,0.3369583189487457,0.3243182599544525,0.33872348070144653,vision,vision,1,0.692307710647583,0.6969696879386902,0.44999998807907104,0.5231756567955017,0.4768243432044983,0.0008845297270454466,0.010981875471770763,0.9881336092948914,0.33894631266593933,0.38118603825569153,0.27986761927604675,vision,audio,0,0.06755916029214859,1.090746521949768,0.4721773564815521,0.0154983876273036,0.03476715087890625
568,vyB00TXsimI$_$15,2.5999999046325684,0.523265540599823,0.0003987241070717573,0.005316385067999363,0.9942849278450012,0.5002784132957458,0.488974928855896,0.4923596680164337,2.0997214317321777,2.111024856567383,2.107640266418457,0.3360079228878021,0.3312937021255493,0.3326983153820038,vision,text,0,0.44999998807907104,0.47826087474823,0.6219512224197388,0.5218441486358643,0.47815585136413574,0.0003987241070717573,0.005316385067999363,0.9942849278450012,0.24797746539115906,0.28819817304611206,0.4638243615627289,vision,vision,0,0.0366613045334816,1.0606662034988403,0.3536404073238373,0.004736761562526226,0.011303484439849854
626,yDtzw_Y-7RU$_$19,-1.600000023841858,-0.7352595925331116,0.0008574353996664286,0.0060075814835727215,0.9931349754333496,-0.47666558623313904,-0.4252961277961731,-0.5742027759552002,1.1233344078063965,1.17470383644104,1.0257972478866577,0.3260013461112976,0.30572617053985596,0.36827245354652405,vision,vision,1,0.5555555820465088,0.3333333432674408,0.4642857015132904,0.5209973454475403,0.4790026545524597,0.0008574353996664286,0.0060075814835727215,0.9931349754333496,0.3563325107097626,0.24945835769176483,0.394209086894989,vision,vision,1,0.04362339526414871,1.0810190439224243,0.3992839455604553,0.0617571584880352,0.1489066481590271
108,d3_k5Xpfmik$_$17,1.600000023841858,1.1481350660324097,0.0006575807929039001,0.004784971941262484,0.9945574998855591,1.1506505012512207,1.0773812532424927,1.1617560386657715,0.4493495225906372,0.5226187705993652,0.4382439851760864,0.3417096436023712,0.31180399656295776,0.34648633003234863,vision,vision,1,0.5384615659713745,0.29729729890823364,0.5227272510528564,0.5210464596748352,0.4789535403251648,0.0006575807929039001,0.004784971941262484,0.9945574998855591,0.33462315797805786,0.23044748604297638,0.43492940068244934,vision,vision,1,0.03580833598971367,1.066673755645752,0.3730853796005249,0.03743263706564903,0.08437478542327881
231,f_pcplsH_V0$_$12,-0.800000011920929,0.4383711516857147,0.0009745199349708855,0.009757796302437782,0.9892676472663879,0.44801995158195496,0.4367187023162842,0.46009016036987305,1.2480199337005615,1.2367186546325684,1.2600901126861572,0.3334164321422577,0.33815985918045044,0.32842370867729187,vision,audio,0,0.47999998927116394,0.4893617033958435,0.48860758543014526,0.5219243168830872,0.47807568311691284,0.0009745199349708855,0.009757796302437782,0.9892676472663879,0.2839938700199127,0.32339024543762207,0.39261582493782043,vision,vision,0,0.06260699033737183,1.0896319150924683,0.3977678716182709,0.009543085470795631,0.023371458053588867
369,nbWiPyCm4g0$_$7,-1.2000000476837158,-0.2064036726951599,0.0008510053157806396,0.006529602687805891,0.9926193356513977,-0.236771821975708,-0.19787181913852692,-0.22604277729988098,0.9632282257080078,1.00212824344635,0.9739573001861572,0.3402267396450043,0.3240789771080017,0.3356943130493164,vision,text,0,0.7272727489471436,0.46875,0.44736841320991516,0.522325336933136,0.477674663066864,0.0008510053157806396,0.006529602687805891,0.9926193356513977,0.41663363575935364,0.27084386348724365,0.3125225007534027,vision,text,1,0.046222276985645294,1.0820506811141968,0.4533979594707489,0.016404354944825172,0.03890000283718109
661,zhpQhgha_KU$_$1,-1.600000023841858,0.5205246806144714,0.0005852481699548662,0.009553217329084873,0.9898614883422852,0.5023846626281738,0.5006093978881836,0.5317833423614502,2.102384567260742,2.100609302520752,2.1317834854125977,0.33713850378990173,0.3378874957561493,0.324974000453949,vision,audio,0,0.4444444477558136,0.6153846383094788,0.5,0.5223554968833923,0.47764450311660767,0.0005852481699548662,0.009553217329084873,0.9898614883422852,0.24456550180912018,0.38609451055526733,0.36934003233909607,vision,audio,1,0.058874040842056274,1.079727053642273,0.4136810004711151,0.01429548766463995,0.0311739444732666
663,zhpQhgha_KU$_$2,1.600000023841858,1.4280935525894165,0.0005552198854275048,0.005492726340889931,0.9939519762992859,1.5290085077285767,1.4214789867401123,1.499439001083374,0.07099151611328125,0.1785210371017456,0.10056102275848389,0.35236790776252747,0.3080505430698395,0.3395814895629883,vision,text,0,0.5,0.4375,0.6153846383094788,0.5214037895202637,0.47859621047973633,0.0005552198854275048,0.005492726340889931,0.9939519762992859,0.2710573375225067,0.26737427711486816,0.46156835556030273,vision,vision,0,0.03877764940261841,1.0633900165557861,0.35492247343063354,0.04535629227757454,0.10752952098846436
577,wMbj6ajWbic$_$27,0.0,0.563119649887085,0.0005632459651678801,0.007186295464634895,0.992250382900238,0.5423782467842102,0.5308329463005066,0.5649833083152771,0.5423782467842102,0.5308329463005066,0.5649833083152771,0.3348204493522644,0.3396874964237213,0.32549208402633667,vision,audio,0,0.4444444477558136,0.47999998927116394,0.48275861144065857,0.5217973589897156,0.4782026410102844,0.0005632459651678801,0.007186295464634895,0.992250382900238,0.2739781439304352,0.3290259838104248,0.39699587225914,vision,vision,0,0.04740211367607117,1.0872292518615723,0.39683637022972107,0.014183441177010536,0.03415036201477051
395,nzpVDcQ0ywM$_$19,-2.0,1.054497480392456,0.0005823108949698508,0.005365807097405195,0.9940518736839294,1.1015530824661255,1.0327383279800415,1.0821506977081299,3.101552963256836,3.032738208770752,3.08215069770813,0.3210916221141815,0.3499341905117035,0.3289742171764374,vision,audio,0,0.5,0.35185185074806213,0.5,0.5212567448616028,0.4787432551383972,0.0005823108949698508,0.005365807097405195,0.9940518736839294,0.3177725374698639,0.26000988483428955,0.42221763730049133,vision,vision,0,0.03831860423088074,1.0785937309265137,0.38122284412384033,0.028970329090952873,0.06881475448608398
379,nzpVDcQ0ywM$_$3,0.800000011920929,0.9613500237464905,0.0007105923141352832,0.006543923635035753,0.9927454590797424,1.107677698135376,1.062464714050293,0.8966375589370728,0.307677686214447,0.262464702129364,0.0966375470161438,0.29761800169944763,0.31492263078689575,0.3874593675136566,vision,vision,1,0.5882353186607361,0.4637681245803833,0.5180723071098328,0.5212817788124084,0.47871822118759155,0.0007105923141352832,0.006543923635035753,0.9927454590797424,0.334140419960022,0.2826961576938629,0.3831634521484375,vision,vision,1,0.04529033601284027,1.091002345085144,0.4063880145549774,0.09072595089673996,0.21104013919830322
364,nbWiPyCm4g0$_$1,1.2000000476837158,-0.10253578424453735,0.0004278923152014613,0.008795690722763538,0.9907764792442322,-0.2293645441532135,-0.1732117384672165,-0.18388256430625916,1.429364562034607,1.3732117414474487,1.3838826417922974,0.31936508417129517,0.34258711338043213,0.3380478322505951,vision,audio,0,0.4000000059604645,0.6875,0.5897436141967773,0.522441029548645,0.477558970451355,0.0004278923152014613,0.008795690722763538,0.9907764792442322,0.20300328731536865,0.3994649350643158,0.39753174781799316,vision,audio,1,0.05413418263196945,1.0569714307785034,0.3954964578151703,0.024348430335521698,0.05615280568599701
503,tStelxIAHjw$_$8,-2.0,0.6191551089286804,0.00034953549038618803,0.007284167688339949,0.9923662543296814,0.5431410074234009,0.5088557600975037,0.5703197717666626,2.5431408882141113,2.5088558197021484,2.570319652557373,0.3321834206581116,0.346729040145874,0.3210875689983368,vision,audio,0,0.4444444477558136,0.7272727489471436,0.692307710647583,0.522607147693634,0.47739285230636597,0.00034953549038618803,0.007284167688339949,0.9923662543296814,0.19304411113262177,0.380875825881958,0.42608001828193665,vision,vision,0,0.04623948782682419,1.0486793518066406,0.37752413749694824,0.02514842338860035,0.061464011669158936
41,cM3Yna7AavY$_$3,1.0,0.046245213598012924,0.001527312328107655,0.011821547523140907,0.9866511821746826,0.03807906061410904,0.06638339906930923,-0.038078032433986664,0.9619209170341492,0.933616578578949,1.0380780696868896,0.33953455090522766,0.3517625033855438,0.30870291590690613,vision,audio,0,0.6875,0.5531914830207825,0.4482758641242981,0.5222982168197632,0.4777017831802368,0.001527312328107655,0.011821547523140907,0.9866511821746826,0.37676507234573364,0.31390392780303955,0.3093309998512268,vision,text,0,0.07562480121850967,1.0944349765777588,0.4515467882156372,0.044112518429756165,0.1044614315032959
271,iiK8YX8oH1E$_$7,-1.600000023841858,0.6014103293418884,0.0005026337457820773,0.008070175535976887,0.9914271831512451,0.5822371244430542,0.5683980584144592,0.6014521718025208,2.182237148284912,2.168398141860962,2.2014522552490234,0.33403298258781433,0.3398616313934326,0.32610541582107544,vision,audio,0,0.4545454680919647,0.6000000238418579,0.5531914830207825,0.5222568511962891,0.47774314880371094,0.0005026337457820773,0.008070175535976887,0.9914271831512451,0.24222755432128906,0.36142611503601074,0.3963463306427002,vision,vision,0,0.05124863237142563,1.0780768394470215,0.3967205882072449,0.013553659431636333,0.03305411338806152
608,yDtzw_Y-7RU$_$23,2.200000047683716,0.6182290315628052,0.0004520471266005188,0.0059467158280313015,0.9936012625694275,0.6114335060119629,0.5902037620544434,0.6286005973815918,1.588566541671753,1.6097962856292725,1.571399450302124,0.33383381366729736,0.32509127259254456,0.3410748839378357,vision,vision,1,0.3333333432674408,0.40625,0.5263158082962036,0.5213472843170166,0.4786527156829834,0.0004520471266005188,0.0059467158280313015,0.9936012625694275,0.2322654128074646,0.3029128313064575,0.4648217260837555,vision,vision,1,0.04033616557717323,1.0569508075714111,0.352519690990448,0.01570466347038746,0.03839683532714844
394,nzpVDcQ0ywM$_$16,1.399999976158142,0.9042441844940186,0.0008319374755956233,0.005857795011252165,0.9933102130889893,0.9943279027938843,0.9386618733406067,0.9818137288093567,0.4056720733642578,0.4613381028175354,0.4181862473487854,0.34278711676597595,0.31974607706069946,0.3374667465686798,vision,text,0,0.75,0.46341463923454285,0.5510203838348389,0.5221367478370667,0.47786325216293335,0.0008319374755956233,0.005857795011252165,0.9933102130889893,0.39545056223869324,0.24784177541732788,0.3567076623439789,vision,text,1,0.04267619550228119,1.0803097486495972,0.42440173029899597,0.023845335468649864,0.05566602945327759
222,f9O3YtZ2VfI$_$14,1.2000000476837158,0.2687768042087555,0.0004955703625455499,0.004824532195925713,0.994679868221283,0.3026510775089264,0.2829214632511139,0.3175811767578125,0.8973489999771118,0.9170786142349243,0.8824188709259033,0.3339480459690094,0.3258129954338074,0.3402389883995056,vision,vision,1,0.4444444477558136,0.4000000059604645,0.6666666865348816,0.5214651226997375,0.47853487730026245,0.0004955703625455499,0.004824532195925713,0.994679868221283,0.23927541077136993,0.24815689027309418,0.5125676989555359,vision,vision,1,0.03481138497591019,1.030612587928772,0.32140812277793884,0.014194912277162075,0.03465971350669861
674,zhpQhgha_KU$_$15,-2.0,0.009211696684360504,0.0012347385054454207,0.007141768466681242,0.9916234612464905,0.10224802792072296,0.12593120336532593,0.08001130074262619,2.102247953414917,2.1259312629699707,2.0800113677978516,0.333442747592926,0.3237162232398987,0.3428410589694977,vision,vision,1,0.6216216087341309,0.34736841917037964,0.47311827540397644,0.521527111530304,0.47847288846969604,0.0012347385054454207,0.007141768466681242,0.9916234612464905,0.37475302815437317,0.24413473904132843,0.3811122179031372,vision,vision,1,0.05190340429544449,1.0796984434127808,0.40700751543045044,0.018749823793768883,0.04591990262269974
3,c7UH_rxdZv4$_$27,-1.7999999523162842,-0.012751846574246883,0.0011893812334164977,0.009398144669830799,0.9894124865531921,0.048241693526506424,0.10229940712451935,0.07918086647987366,1.8482416868209839,1.902299404144287,1.8791807889938354,0.3452174961566925,0.32266107201576233,0.33212143182754517,vision,text,0,0.6521739363670349,0.5066666603088379,0.47154471278190613,0.5221725106239319,0.4778274893760681,0.0011893812334164977,0.009398144669830799,0.9894124865531921,0.3593165874481201,0.3007517457008362,0.3399316668510437,vision,text,1,0.06240434944629669,1.0959131717681885,0.4329872131347656,0.022145818918943405,0.054057713598012924
360,lXPQBPVc5Cw$_$19,-1.7999999523162842,0.08670593053102493,0.0006980383768677711,0.007336488924920559,0.9919655323028564,0.10238873958587646,0.13258276879787445,0.0918780043721199,1.9023886919021606,1.9325827360153198,1.8918780088424683,0.33600056171417236,0.3235553205013275,0.3404441177845001,vision,vision,1,0.5555555820465088,0.5,0.47999998927116394,0.5220133662223816,0.4779866337776184,0.0006980383768677711,0.007336488924920559,0.9919655323028564,0.31565535068511963,0.3178054690361023,0.3665390908718109,vision,vision,1,0.04913296550512314,1.0961658954620361,0.41695091128349304,0.017253126949071884,0.04070476442575455
423,pLTX3ipuDJI$_$7,0.800000011920929,-0.0103034982457757,0.0010578619549050927,0.006567809730768204,0.9923743605613708,0.01533200591802597,0.08426538109779358,0.07040081173181534,0.7846680283546448,0.715734601020813,0.7295991778373718,0.3163307011127472,0.34479671716690063,0.33887261152267456,vision,audio,0,0.6428571343421936,0.4047619104385376,0.5600000023841858,0.521645724773407,0.478354275226593,0.0010578619549050927,0.006567809730768204,0.9923743605613708,0.34811723232269287,0.24608948826789856,0.40579330921173096,vision,vision,0,0.04785143584012985,1.078360676765442,0.39105403423309326,0.02977062202990055,0.06893337517976761
367,nbWiPyCm4g0$_$5,-1.399999976158142,0.4339839220046997,0.0005748409312218428,0.007353365886956453,0.992071807384491,0.5019319653511047,0.4923536777496338,0.26490268111228943,1.9019320011138916,1.8923536539077759,1.664902687072754,0.29789385199546814,0.3014819324016571,0.40062418580055237,vision,vision,1,0.5555555820465088,0.5679012537002563,0.5104166865348816,0.5215404629707336,0.47845953702926636,0.0005748409312218428,0.007353365886956453,0.992071807384491,0.30180981755256653,0.3357762098312378,0.3624139428138733,vision,vision,1,0.04830991476774216,1.0958302021026611,0.4197719097137451,0.10954886674880981,0.2370292842388153
586,wMbj6ajWbic$_$2,-0.800000011920929,0.4835658073425293,0.0006242095842026174,0.006041041109710932,0.9933347702026367,0.4830928444862366,0.46785682439804077,0.5039607882499695,1.2830928564071655,1.2678568363189697,1.3039608001708984,0.33405932784080505,0.3404825031757355,0.3254581093788147,vision,audio,0,0.4285714328289032,0.3734939694404602,0.5199999809265137,0.5213564038276672,0.47864359617233276,0.0006242095842026174,0.006041041109710932,0.9933347702026367,0.2735673487186432,0.27735239267349243,0.4490801990032196,vision,vision,0,0.0421137660741806,1.069808006286621,0.3628363609313965,0.01479903794825077,0.03610396385192871
594,wMbj6ajWbic$_$10,-1.7999999523162842,0.055883534252643585,0.0005905188736505806,0.008574715815484524,0.9908348321914673,0.10226037353277206,0.1267077624797821,0.08061565458774567,1.9022603034973145,1.9267077445983887,1.8806155920028687,0.3336305022239685,0.3235892057418823,0.34278038144111633,vision,vision,1,0.4545454680919647,0.5789473652839661,0.5,0.5221474766731262,0.4778525233268738,0.0005905188736505806,0.008574715815484524,0.9908348321914673,0.2544911503791809,0.3678460419178009,0.3776627779006958,vision,vision,1,0.054319776594638824,1.0838983058929443,0.40878134965896606,0.0188286192715168,0.04609210789203644
16,c7UH_rxdZv4$_$6,-2.5999999046325684,0.4483468234539032,0.0007351405802182853,0.007769406773149967,0.9914953708648682,0.44887256622314453,0.4421568512916565,0.47060588002204895,3.048872470855713,3.04215669631958,3.070605754852295,0.33538711071014404,0.3382144272327423,0.32639843225479126,vision,audio,0,0.5600000023841858,0.523809552192688,0.49000000953674316,0.5221533179283142,0.4778466820716858,0.0007351405802182853,0.007769406773149967,0.9914953708648682,0.30906206369400024,0.32512331008911133,0.3658146560192108,vision,vision,0,0.05151308327913284,1.0960710048675537,0.4171205461025238,0.012141681276261806,0.028449028730392456
232,f_pcplsH_V0$_$15,-1.0,-0.24405376613140106,0.0016344879986718297,0.00785834714770317,0.9905072450637817,-0.1680910289287567,-0.0670054703950882,-0.03938300162553787,0.8319089412689209,0.932994544506073,0.9606170058250427,0.36593979597091675,0.3225027620792389,0.31155744194984436,vision,text,0,0.9166666865348816,0.5245901346206665,0.5714285969734192,0.522506833076477,0.47749316692352295,0.0016344879986718297,0.00785834714770317,0.9905072450637817,0.4542485475540161,0.23463407158851624,0.3111173212528229,vision,text,1,0.05801806226372719,1.0618640184402466,0.4529266059398651,0.05532434582710266,0.12870803475379944
479,tIrG4oNLFzE$_$1,2.799999952316284,0.6902997493743896,0.001045337994582951,0.0069848718121647835,0.9919697642326355,0.7692412734031677,0.7221224904060364,0.7586023807525635,2.0307586193084717,2.0778775215148926,2.0413975715637207,0.3413444757461548,0.3218204379081726,0.33683517575263977,vision,text,0,0.75,0.47560974955558777,0.5204081535339355,0.5222589373588562,0.4777410626411438,0.001045337994582951,0.0069848718121647835,0.9919697642326355,0.4006059169769287,0.25782886147499084,0.34156522154808044,vision,text,1,0.04984544217586517,1.0828566551208496,0.43360304832458496,0.020177416503429413,0.04711878299713135
126,d6hH302o4v8$_$27,-2.5999999046325684,0.16285081207752228,0.0012820084812119603,0.015711139887571335,0.9830068349838257,0.11995037645101547,0.14241868257522583,0.1608506739139557,2.7199501991271973,2.7424185276031494,2.760850667953491,0.34217697381973267,0.3327004611492157,0.32512256503105164,vision,text,0,0.4000000059604645,0.4444444477558136,0.09090909361839294,0.5220175981521606,0.47798240184783936,0.0012820084812119603,0.015711139887571335,0.9830068349838257,0.33908703923225403,0.4148903787136078,0.246022567152977,vision,audio,0,0.09063966572284698,1.0767234563827515,0.4913228452205658,0.01672455668449402,0.040900297462940216
281,jUzDDGyPkXU$_$22,-2.4000000953674316,-0.10320686548948288,0.0007698378176428378,0.006598708685487509,0.9926314353942871,-0.06987317651510239,0.010525710880756378,0.022904731333255768,2.330127000808716,2.4105257987976074,2.4229047298431396,0.3577962815761566,0.323586106300354,0.318617582321167,vision,text,0,0.6111111044883728,0.46000000834465027,0.5254237055778503,0.5217300057411194,0.4782699942588806,0.0007698378176428378,0.006598708685487509,0.9926314353942871,0.33801135420799255,0.2796698212623596,0.3823188245296478,vision,vision,0,0.04599188640713692,1.090572476387024,0.4068750739097595,0.04112982377409935,0.09277790784835815
7,c7UH_rxdZv4$_$23,-0.6000000238418579,1.3933494091033936,0.00036705908132717013,0.007970605976879597,0.9916623830795288,1.4761874675750732,1.379414439201355,1.472419023513794,2.0761876106262207,1.979414463043213,2.0724191665649414,0.31915146112442017,0.360190212726593,0.3206583857536316,vision,audio,0,0.25,0.5666666626930237,0.5277777910232544,0.5216488242149353,0.4783511757850647,0.00036705908132717013,0.007970605976879597,0.9916623830795288,0.1815853863954544,0.3863624632358551,0.4320521652698517,vision,vision,0,0.049720101058483124,1.039794683456421,0.3730735182762146,0.04475746303796768,0.09677302837371826
657,zhpQhgha_KU$_$22,0.6000000238418579,-0.14873012900352478,0.0008593307575210929,0.008396798744797707,0.9907438158988953,-0.14810806512832642,-0.059912994503974915,-0.042994387447834015,0.7481080889701843,0.6599130034446716,0.6429944038391113,0.30703428387641907,0.3428192436695099,0.35014647245407104,vision,vision,1,0.6363636255264282,0.5555555820465088,0.523809552192688,0.5220921039581299,0.4779078960418701,0.0008593307575210929,0.008396798744797707,0.9907438158988953,0.33089402318000793,0.31337568163871765,0.3557303249835968,vision,vision,1,0.05541541427373886,1.0972574949264526,0.42334234714508057,0.046083852648735046,0.1051136776804924
151,d6hH302o4v8$_$14,-1.7999999523162842,-0.16579775512218475,0.0010597367072477937,0.008226619102060795,0.9907135963439941,-0.18737643957138062,-0.09996072947978973,-0.06417461484670639,1.6126234531402588,1.700039267539978,1.7358253002166748,0.3631400465965271,0.3255508840084076,0.3113090693950653,vision,text,0,0.6428571343421936,0.517241358757019,0.5714285969734192,0.5218656659126282,0.4781343340873718,0.0010597367072477937,0.008226619102060795,0.9907135963439941,0.32608911395072937,0.28644880652427673,0.3874621093273163,vision,vision,0,0.05599294602870941,1.0908946990966797,0.4021676778793335,0.05174815654754639,0.12320182472467422
158,d6hH302o4v8$_$37,-2.200000047683716,-0.2532951533794403,0.00278933672234416,0.009373743087053299,0.9878368973731995,-0.30197688937187195,-0.24823136627674103,-0.16637417674064636,1.8980231285095215,1.9517686367034912,2.033625841140747,0.35982760787010193,0.33644774556159973,0.30372464656829834,vision,text,0,1.0,0.5,0.5555555820465088,0.5226624011993408,0.4773375988006592,0.00278933672234416,0.009373743087053299,0.9878368973731995,0.508475661277771,0.20965753495693207,0.28186672925949097,vision,text,1,0.07226946204900742,1.0283788442611694,0.47064679861068726,0.05575469881296158,0.13560271263122559
464,rnaNMUZpvvg$_$15,-1.600000023841858,0.1304035484790802,0.0005579503485932946,0.006977273151278496,0.9924647808074951,0.1110268235206604,0.13883474469184875,0.13362625241279602,1.711026906967163,1.7388347387313843,1.7336262464523315,0.34036946296691895,0.32874158024787903,0.33088889718055725,vision,text,0,0.3684210479259491,0.43209877610206604,0.5151515007019043,0.5215299129486084,0.4784700870513916,0.0005579503485932946,0.006977273151278496,0.9924647808074951,0.2440471053123474,0.3111635148525238,0.44478940963745117,vision,vision,0,0.046329315751791,1.0678143501281738,0.3651169240474701,0.012069903314113617,0.027807921171188354
358,lXPQBPVc5Cw$_$17,-1.7999999523162842,0.521151065826416,0.0005757687613368034,0.006833283696323633,0.9925909042358398,0.5306553840637207,0.5163769125938416,0.53834468126297,2.330655336380005,2.3163769245147705,2.3383445739746094,0.3323978781700134,0.3383837640285492,0.329218327999115,vision,audio,0,0.5,0.52173912525177,0.5783132314682007,0.5220476984977722,0.4779523015022278,0.0005757687613368034,0.006833283696323633,0.9925909042358398,0.26615914702415466,0.3118259608745575,0.42201483249664307,vision,vision,0,0.045747093856334686,1.079756736755371,0.38038405776023865,0.009101774543523788,0.021967768669128418
52,cW1FSBF59ik$_$22,-1.0,0.48230719566345215,0.0015056529082357883,0.010080298408865929,0.9884140491485596,0.5417389869689941,0.5170485973358154,0.5444614291191101,1.5417389869689941,1.5170485973358154,1.5444614887237549,0.33025676012039185,0.3406084477901459,0.3291347920894623,vision,audio,0,0.7200000286102295,0.5098039507865906,0.44999998807907104,0.5224843621253967,0.47751563787460327,0.0015056529082357883,0.010080298408865929,0.9884140491485596,0.3939778208732605,0.29228922724723816,0.31373295187950134,vision,text,0,0.06764395534992218,1.090177297592163,0.4497873783111572,0.012331051751971245,0.027412831783294678
347,lXPQBPVc5Cw$_$4,-1.2000000476837158,-0.24082431197166443,0.0008883984992280602,0.010048644617199898,0.9890629649162292,-0.2770937383174896,-0.19222070276737213,-0.18124178051948547,0.9229062795639038,1.0077793598175049,1.0187582969665527,0.35888251662254333,0.3227583169937134,0.3183591067790985,vision,text,0,0.4285714328289032,0.5,0.4893617033958435,0.5216270685195923,0.4783729314804077,0.0008883984992280602,0.010048644617199898,0.9890629649162292,0.2617429196834564,0.3369826078414917,0.4012744128704071,vision,vision,0,0.06334590911865234,1.0837898254394531,0.3918590247631073,0.04283244535326958,0.09585195779800415
370,nbWiPyCm4g0$_$6,0.0,0.04483103007078171,0.0005470866453833878,0.00689848605543375,0.9925543665885925,0.007473617792129517,0.047799259424209595,0.023728523403406143,0.007473617792129517,0.047799259424209595,0.023728523403406143,0.34121206402778625,0.3244388699531555,0.3343490660190582,vision,text,0,0.5,0.5,0.4883720874786377,0.5219267010688782,0.4780732989311218,0.0005470866453833878,0.00689848605543375,0.9925543665885925,0.29497355222702026,0.32338133454322815,0.38164517283439636,vision,vision,0,0.045856937766075134,1.0928219556808472,0.4072728157043457,0.016565626487135887,0.04032564163208008
179,etzxEpPuc6I$_$11,-1.600000023841858,0.30177268385887146,0.0009442986338399351,0.011176473461091518,0.98787921667099,0.2801719307899475,0.28959283232688904,0.30825990438461304,1.8801720142364502,1.8895928859710693,1.9082598686218262,0.33854785561561584,0.33458441495895386,0.3268677294254303,vision,text,0,0.5789473652839661,0.6078431606292725,0.4354838728904724,0.5226139426231384,0.4773860573768616,0.0009442986338399351,0.011176473461091518,0.98787921667099,0.31215670704841614,0.3714834749698639,0.31635984778404236,vision,audio,0,0.0688505619764328,1.0953809022903442,0.4476796090602875,0.01167212799191475,0.028087973594665527
145,d6hH302o4v8$_$38,-3.0,-0.2595861554145813,0.002101158956065774,0.008849640376865864,0.9890491962432861,-0.24426329135894775,-0.15776248276233673,-0.10819996148347855,2.755736827850342,2.8422374725341797,2.8917999267578125,0.364815354347229,0.32742711901664734,0.30775758624076843,vision,text,0,0.8571428656578064,0.4166666567325592,0.4137931168079376,0.5221619009971619,0.47783809900283813,0.002101158956065774,0.008849640376865864,0.9890491962432861,0.4904732406139374,0.23095516860485077,0.27857160568237305,vision,text,1,0.06568041443824768,1.043914556503296,0.4736517369747162,0.05622580274939537,0.1360633373260498
539,v0zCBqDeKcE$_$8,1.7999999523162842,0.20656916499137878,0.0007766609196551144,0.008187090046703815,0.9910362958908081,0.2078087031841278,0.21536798775196075,0.23692432045936584,1.592191219329834,1.5846319198608398,1.5630756616592407,0.32823917269706726,0.3313554525375366,0.34040534496307373,vision,vision,1,0.5333333611488342,0.5208333134651184,0.52173912525177,0.5220856070518494,0.47791439294815063,0.0007766609196551144,0.008187090046703815,0.9910362958908081,0.2913166582584381,0.32090210914611816,0.3877812325954437,vision,vision,1,0.0538252517580986,1.0913878679275513,0.4021700322628021,0.012335753999650478,0.029115617275238037
286,jUzDDGyPkXU$_$5,-1.2000000476837158,-0.08651134371757507,0.0007816972793079913,0.008667556568980217,0.9905507564544678,-0.11514892429113388,-0.03217266499996185,-0.009351305663585663,1.0848511457443237,1.1678273677825928,1.1906487941741943,0.36002275347709656,0.32455241680145264,0.3154247999191284,vision,text,0,0.5625,0.5813953280448914,0.5769230723381042,0.5220555067062378,0.4779444932937622,0.0007816972793079913,0.008667556568980217,0.9905507564544678,0.28053826093673706,0.3270986080169678,0.39236316084861755,vision,vision,0,0.056151751428842545,1.0891896486282349,0.39879173040390015,0.04545939341187477,0.10579761862754822
476,tIrG4oNLFzE$_$17,-0.4000000059604645,0.46636879444122314,0.0007553180330432951,0.00841250829398632,0.9908321499824524,0.4636076092720032,0.46191322803497314,0.47900405526161194,0.86360764503479,0.8619132041931152,0.8790040612220764,0.3352263867855072,0.33593714237213135,0.32883644104003906,vision,audio,0,0.5454545617103577,0.5360824465751648,0.49572649598121643,0.5222183465957642,0.47778165340423584,0.0007553180330432951,0.00841250829398632,0.9908321499824524,0.3015223443508148,0.3301447331905365,0.3683329224586487,vision,vision,0,0.05475044250488281,1.0952520370483398,0.41499948501586914,0.007688508369028568,0.017090827226638794
141,d6hH302o4v8$_$6,-2.0,-0.27026602625846863,0.0006797967362217605,0.009225405752658844,0.9900947213172913,-0.2784164845943451,-0.22979404032230377,-0.2995173931121826,1.7215834856033325,1.7702059745788574,1.7004826068878174,0.3369545638561249,0.31708505749702454,0.3459603488445282,vision,vision,1,0.4285714328289032,0.5,0.4166666567325592,0.5217503905296326,0.47824960947036743,0.0006797967362217605,0.009225405752658844,0.9900947213172913,0.28402215242385864,0.35382696986198425,0.3621508479118347,vision,vision,1,0.058042630553245544,1.0929417610168457,0.4186292588710785,0.02919425442814827,0.06972335278987885
29,c7UH_rxdZv4$_$31,-1.399999976158142,0.5764416456222534,0.0008991439826786518,0.00831233337521553,0.9907885193824768,0.6122851371765137,0.5807735919952393,0.6313057541847229,2.0122852325439453,1.9807735681533813,2.0313057899475098,0.3314901888370514,0.34480801224708557,0.32370176911354065,vision,audio,0,0.5882353186607361,0.5280898809432983,0.5514018535614014,0.5221025347709656,0.4778974652290344,0.0008991439826786518,0.00831233337521553,0.9907885193824768,0.30497902631759644,0.30610913038253784,0.38891181349754333,vision,vision,0,0.05529176443815231,1.091831922531128,0.4012511670589447,0.020838681608438492,0.05053216218948364
599,wMbj6ajWbic$_$17,2.0,1.1110132932662964,0.0009950458770617843,0.007088971324265003,0.9919160008430481,1.1567317247390747,1.080705165863037,1.1629408597946167,0.8432682752609253,0.9192948341369629,0.8370591402053833,0.34280216693878174,0.3117246627807617,0.34547320008277893,vision,vision,1,0.6818181872367859,0.43396225571632385,0.46875,0.5218743085861206,0.4781256914138794,0.0009950458770617843,0.007088971324265003,0.9919160008430481,0.3907484710216522,0.26628735661506653,0.34296420216560364,vision,text,0,0.05001453310251236,1.0865448713302612,0.432634562253952,0.03738879784941673,0.08223569393157959
446,phBUpBr1hSo$_$8,-2.200000047683716,0.28495198488235474,0.000692215224262327,0.009160799905657768,0.9901469349861145,0.23427262902259827,0.26583701372146606,0.27706828713417053,2.4342727661132812,2.465837001800537,2.4770684242248535,0.3437342345714569,0.33043617010116577,0.32582950592041016,vision,text,0,0.4399999976158142,0.5457317233085632,0.4855305552482605,0.5220161080360413,0.47798389196395874,0.000692215224262327,0.009160799905657768,0.9901469349861145,0.2572910189628601,0.3594106137752533,0.383298397064209,vision,vision,0,0.05783063545823097,1.0846266746520996,0.4045657515525818,0.01811666041612625,0.042795658111572266
75,cXypl4FnoZo$_$26,0.6000000238418579,0.667779803276062,0.000687730498611927,0.006478498224169016,0.9928337335586548,0.6805708408355713,0.6393781900405884,0.7014312148094177,0.08057081699371338,0.03937816619873047,0.10143119096755981,0.3303490877151489,0.34780454635620117,0.3218464255332947,vision,audio,0,0.5714285969734192,0.46666666865348816,0.5,0.5218210220336914,0.4781789779663086,0.000687730498611927,0.006478498224169016,0.9928337335586548,0.3230406939983368,0.29601621627807617,0.3809431195259094,vision,vision,0,0.04479552060365677,1.093031406402588,0.40792712569236755,0.02578236535191536,0.062053024768829346
93,cXypl4FnoZo$_$10,2.0,0.9490618109703064,0.0007481483626179397,0.007605643942952156,0.9916462302207947,1.0167782306671143,0.9644643664360046,1.0253325700759888,0.9832217693328857,1.0355355739593506,0.9746674299240112,0.33927634358406067,0.3178001046180725,0.3429235816001892,vision,vision,1,0.5833333134651184,0.5151515007019043,0.4871794879436493,0.5220372676849365,0.4779627323150635,0.0007481483626179397,0.007605643942952156,0.9916462302207947,0.32148823142051697,0.31676164269447327,0.361750066280365,vision,vision,1,0.05081077292561531,1.0968021154403687,0.4199307858943939,0.026904912665486336,0.06086820363998413
434,phBUpBr1hSo$_$16,-1.600000023841858,0.6287192106246948,0.0009942158358171582,0.006135445553809404,0.9928703904151917,0.5925325155258179,0.5581793189048767,0.6256701946258545,2.192532539367676,2.15817928314209,2.225670337677002,0.33296698331832886,0.3475764989852905,0.3194565176963806,vision,audio,0,0.7200000286102295,0.3958333432674408,0.4482758641242981,0.5219159126281738,0.47808408737182617,0.0009942158358171582,0.006135445553809404,0.9928703904151917,0.4225434958934784,0.24774448573589325,0.32971206307411194,vision,text,0,0.045229632407426834,1.0755248069763184,0.4421055316925049,0.027554525062441826,0.06749087572097778
180,etzxEpPuc6I$_$10,-1.399999976158142,0.17860540747642517,0.0006143744685687125,0.00582971191033721,0.9935559630393982,0.12149319052696228,0.15149280428886414,0.1549539417028427,1.5214931964874268,1.5514928102493286,1.554953932762146,0.3422042429447174,0.32960936427116394,0.32818642258644104,vision,text,0,0.5,0.42500001192092896,0.5957446694374084,0.5216337442398071,0.47836625576019287,0.0006143744685687125,0.00582971191033721,0.9935559630393982,0.27765578031539917,0.26817214488983154,0.4541721045970917,vision,vision,0,0.040959082543849945,1.067197561264038,0.35958927869796753,0.015024345368146896,0.03346075117588043
448,rnaNMUZpvvg$_$20,0.800000011920929,0.26637110114097595,0.0020041209645569324,0.01702016033232212,0.9809757471084595,0.3138934373855591,0.32998400926589966,0.35950151085853577,0.4861065745353699,0.4700160026550293,0.4404985010623932,0.3247825503349304,0.33138108253479004,0.34383639693260193,vision,vision,1,0.6200000047683716,0.49593496322631836,0.1111111119389534,0.5226127505302429,0.4773872494697571,0.0020041209645569324,0.01702016033232212,0.9809757471084595,0.4191461205482483,0.37257450819015503,0.2082793265581131,vision,text,0,0.10062199831008911,1.0590763092041016,0.5151309370994568,0.01888645999133587,0.045608073472976685
79,cXypl4FnoZo$_$22,0.20000000298023224,0.21289291977882385,0.0006106662331148982,0.006864766124635935,0.9925245642662048,0.17650970816612244,0.1966913938522339,0.20075108110904694,0.023490294814109802,0.003308609127998352,0.0007510781288146973,0.3273986876010895,0.3357630968093872,0.3368382155895233,vision,vision,1,0.5333333611488342,0.5094339847564697,0.5510203838348389,0.5220460891723633,0.4779539108276367,0.0006106662331148982,0.006864766124635935,0.9925245642662048,0.2892564833164215,0.3073168694972992,0.4034267067909241,vision,vision,1,0.04616274684667587,1.0876163244247437,0.3927319049835205,0.01060097198933363,0.0242413729429245
665,zhpQhgha_KU$_$4,-1.600000023841858,0.6631388068199158,0.0008455052739009261,0.009184619411826134,0.9899699091911316,0.709782063961029,0.6716530323028564,0.7148997783660889,2.309782028198242,2.271653175354004,2.3148999214172363,0.3286837637424469,0.3447284698486328,0.3265877664089203,vision,audio,0,0.625,0.5909090638160706,0.48148149251937866,0.5224778056144714,0.47752219438552856,0.0008455052739009261,0.009184619411826134,0.9899699091911316,0.3267236649990082,0.34138384461402893,0.3318924605846405,vision,audio,1,0.05903996527194977,1.0984467267990112,0.4387182891368866,0.019293924793601036,0.04324674606323242
668,zhpQhgha_KU$_$9,-1.0,-0.09884712845087051,0.0012679804349318147,0.008236417546868324,0.9904955625534058,-0.046941034495830536,0.027421526610851288,0.03529868274927139,0.9530589580535889,1.027421474456787,1.0352987051010132,0.3554236590862274,0.3238748610019684,0.3207014203071594,vision,text,0,0.6470588445663452,0.4285714328289032,0.4651162922382355,0.5217655301094055,0.4782344698905945,0.0012679804349318147,0.008236417546868324,0.9904955625534058,0.3728139102458954,0.27286696434020996,0.35431912541389465,vision,text,1,0.05744508281350136,1.0898646116256714,0.42411765456199646,0.037051331251859665,0.08223971724510193
321,k5Y_838nuGo$_$11,0.5,1.0777273178100586,0.0019422463374212384,0.010431441478431225,0.9876262545585632,1.228104829788208,1.1403260231018066,1.237626314163208,0.728104829788208,0.6403260231018066,0.737626314163208,0.3221506178379059,0.35951024293899536,0.31833913922309875,vision,audio,0,0.875,0.529411792755127,0.4146341383457184,0.5227692723274231,0.4772307276725769,0.0019422463374212384,0.010431441478431225,0.9876262545585632,0.4722926914691925,0.2690170109272003,0.2586901783943176,vision,text,0,0.07202200591564178,1.0572887659072876,0.4859573543071747,0.04379640519618988,0.09730029106140137
246,fvVhgmXxadc$_$12,0.0,0.4869983494281769,0.0005803641397505999,0.006971911992877722,0.9924477338790894,0.48777663707733154,0.4720528721809387,0.5081790685653687,0.48777663707733154,0.4720528721809387,0.5081790685653687,0.3339267671108246,0.3405549228191376,0.32551828026771545,vision,audio,0,0.523809552192688,0.5454545617103577,0.5849056839942932,0.5221167802810669,0.4778832197189331,0.0005803641397505999,0.006971911992877722,0.9924477338790894,0.26952430605888367,0.3165132701396942,0.4139624536037445,vision,vision,0,0.046470023691654205,1.0825927257537842,0.38565683364868164,0.01478962879627943,0.03612619638442993
406,ob23OKe5a9Q$_$4,-1.5,-0.42010873556137085,0.0018351690378040075,0.011351915076375008,0.9868130087852478,-0.3840252161026001,-0.26840025186538696,-0.21894428133964539,1.1159747838974,1.2315998077392578,1.2810556888580322,0.37327703833580017,0.3230443596839905,0.30367857217788696,vision,text,0,0.800000011920929,0.5925925970077515,0.5151515007019043,0.5223933458328247,0.4776066541671753,0.0018351690378040075,0.011351915076375008,0.9868130087852478,0.39291995763778687,0.2977525293827057,0.30932751297950745,vision,text,1,0.07550039887428284,1.0907217264175415,0.4516569972038269,0.06917509436607361,0.1650809347629547
76,cXypl4FnoZo$_$27,0.800000011920929,0.2577436864376068,0.0011561086867004633,0.005763642024248838,0.993080198764801,0.21188127994537354,0.21443316340446472,0.2545980215072632,0.5881187319755554,0.5855668783187866,0.5454019904136658,0.32700660824775696,0.3280513882637024,0.34494200348854065,vision,vision,1,0.7142857313156128,0.30000001192092896,0.4166666567325592,0.5216894745826721,0.4783105254173279,0.0011561086867004633,0.005763642024248838,0.993080198764801,0.4486439526081085,0.21946243941783905,0.33189359307289124,vision,text,0,0.04443260282278061,1.0584896802902222,0.4407910704612732,0.019563140347599983,0.04271674156188965
50,cW1FSBF59ik$_$20,2.5,1.5807275772094727,0.0010111227165907621,0.010452896356582642,0.98853600025177,1.6989585161209106,1.5712594985961914,1.6800453662872314,0.8010414838790894,0.9287405014038086,0.8199546337127686,0.35346925258636475,0.30132004618644714,0.3452107608318329,vision,text,0,0.5454545617103577,0.5614035129547119,0.5072463750839233,0.5219057202339172,0.47809427976608276,0.0010111227165907621,0.010452896356582642,0.98853600025177,0.2909272313117981,0.3394830524921417,0.3695896863937378,vision,vision,0,0.06604579091072083,1.09383225440979,0.4126308858394623,0.056272294372320175,0.12769901752471924
386,nzpVDcQ0ywM$_$8,2.0,0.7320285439491272,0.0006445200997404754,0.008076367899775505,0.9912790656089783,0.7614992260932922,0.7335178256034851,0.7571059465408325,1.2385008335113525,1.2664821147918701,1.2428940534591675,0.33782055974006653,0.32620900869369507,0.3359704911708832,vision,text,0,0.5714285969734192,0.5799999833106995,0.5166666507720947,0.522376298904419,0.47762370109558105,0.0006445200997404754,0.008076367899775505,0.9912790656089783,0.30075281858444214,0.3388238251209259,0.36042335629463196,vision,vision,0,0.05233657732605934,1.0958483219146729,0.4205704927444458,0.01228667888790369,0.02798140048980713
206,f9O3YtZ2VfI$_$28,1.2000000476837158,0.25237828493118286,0.0007288194028660655,0.010344414971768856,0.9889267683029175,0.2356366217136383,0.24188947677612305,0.2649937868118286,0.9643634557723999,0.9581105709075928,0.9350062608718872,0.3283829391002655,0.3309597074985504,0.3406573235988617,vision,vision,1,0.5,0.6129032373428345,0.44999998807907104,0.5224983096122742,0.47750169038772583,0.0007288194028660655,0.010344414971768856,0.9889267683029175,0.2746262848377228,0.3880864083766937,0.3372873067855835,vision,audio,0,0.0635642409324646,1.0888166427612305,0.43442630767822266,0.01262603048235178,0.029357165098190308
324,k5Y_838nuGo$_$12,0.20000000298023224,0.5480326414108276,0.0008323768270201981,0.007932587526738644,0.9912350177764893,0.6083999872207642,0.5818678140640259,0.6089975833892822,0.4083999991416931,0.38186782598495483,0.4089975953102112,0.32970935106277466,0.3408275842666626,0.3294631540775299,vision,audio,0,0.6315789222717285,0.5333333611488342,0.5,0.5223006010055542,0.4776993989944458,0.0008323768270201981,0.007932587526738644,0.9912350177764893,0.3369944393634796,0.3109716475009918,0.35203391313552856,vision,vision,0,0.0529971569776535,1.0973098278045654,0.4261340796947479,0.012650594115257263,0.027129769325256348
97,cXypl4FnoZo$_$14,-0.6000000238418579,0.10373660922050476,0.0007530280272476375,0.007990875281393528,0.9912559986114502,0.1067318543791771,0.1340423822402954,0.12367676198482513,0.7067318558692932,0.7340424060821533,0.7236768007278442,0.33950328826904297,0.32810887694358826,0.3323878347873688,vision,text,0,0.48275861144065857,0.47297295928001404,0.47191011905670166,0.5218573212623596,0.4781426787376404,0.0007530280272476375,0.007990875281393528,0.9912559986114502,0.2897581458091736,0.32204389572143555,0.3881979286670685,vision,vision,0,0.05271254479885101,1.0911517143249512,0.4020387828350067,0.011256806552410126,0.027310527861118317
28,c7UH_rxdZv4$_$18,-2.25,-0.18589988350868225,0.0019033130956813693,0.009543403051793575,0.9885532855987549,-0.15290436148643494,-0.06844860315322876,-0.03158736974000931,2.0970957279205322,2.181551456451416,2.2184126377105713,0.3624364733695984,0.3261246383190155,0.3114388883113861,vision,text,0,0.8666666746139526,0.517241358757019,0.49275362491607666,0.5224902629852295,0.4775097370147705,0.0019033130956813693,0.009543403051793575,0.9885532855987549,0.45188233256340027,0.254393070936203,0.29372459650039673,vision,text,1,0.06769859045743942,1.0670232772827148,0.46321913599967957,0.050782036036252975,0.12131699174642563
111,d3_k5Xpfmik$_$18,0.800000011920929,1.0740983486175537,0.0006334627396427095,0.006856181658804417,0.9925103187561035,1.0980474948883057,1.0342072248458862,1.1074823141098022,0.2980474829673767,0.23420721292495728,0.3074823021888733,0.3255901038646698,0.3526371419429779,0.32177284359931946,vision,audio,0,0.4285714328289032,0.37837839126586914,0.40909090638160706,0.5212758183479309,0.4787241816520691,0.0006334627396427095,0.006856181658804417,0.9925103187561035,0.30305108428001404,0.3061923682689667,0.3907565176486969,vision,vision,0,0.046288199722766876,1.0913726091384888,0.4011692404747009,0.03254709020256996,0.07327508926391602
101,cXypl4FnoZo$_$18,-0.25,0.019293414428830147,0.0008839435176923871,0.008965373039245605,0.9901506900787354,0.08739970624446869,0.11871840059757233,0.07992073893547058,0.3373997211456299,0.36871838569641113,0.3299207389354706,0.33658692240715027,0.32366469502449036,0.3397483229637146,vision,vision,1,0.6190476417541504,0.5890411138534546,0.5287356376647949,0.5224394798278809,0.47756052017211914,0.0008839435176923871,0.008965373039245605,0.9901506900787354,0.3117636740207672,0.3322656452655792,0.35597074031829834,vision,vision,1,0.05828196182847023,1.0971453189849854,0.4227866530418396,0.016806263476610184,0.038797661662101746
383,nzpVDcQ0ywM$_$7,-1.0,-0.3400379717350006,0.0012070760130882263,0.005022808909416199,0.9937700629234314,-0.3213658630847931,-0.23057161271572113,-0.20942696928977966,0.6786341667175293,0.7694283723831177,0.790573000907898,0.3620387315750122,0.32319581508636475,0.31476542353630066,vision,text,0,0.875,0.3636363744735718,0.5925925970077515,0.5218376517295837,0.47816234827041626,0.0012070760130882263,0.005022808909416199,0.9937700629234314,0.4643016755580902,0.18430474400520325,0.35139358043670654,vision,text,1,0.040911056101322174,1.0354160070419312,0.4282510280609131,0.048558104783296585,0.11193889379501343
330,k5Y_838nuGo$_$18,0.4000000059604645,1.382976770401001,0.0004242654540576041,0.006576568819582462,0.9929991960525513,1.4180272817611694,1.3223663568496704,1.421717882156372,1.0180273056030273,0.9223663806915283,1.02171790599823,0.3202647566795349,0.360944539308548,0.3187906742095947,vision,audio,0,0.5,0.6470588445663452,0.75,0.5222136378288269,0.4777863621711731,0.0004242654540576041,0.006576568819582462,0.9929991960525513,0.2118080109357834,0.31686562299728394,0.4713263511657715,vision,vision,0,0.043312981724739075,1.0474421977996826,0.3477818965911865,0.04598953574895859,0.09935152530670166
260,iiK8YX8oH1E$_$12,1.7999999523162842,1.1321297883987427,0.0005250533577054739,0.007354692555963993,0.9921202659606934,1.0943514108657837,1.0027798414230347,1.107972502708435,0.7056485414505005,0.7972201108932495,0.6920274496078491,0.34375888109207153,0.3065791726112366,0.3496619760990143,vision,vision,1,0.6000000238418579,0.6666666865348816,0.6315789222717285,0.5224193930625916,0.47758060693740845,0.0005250533577054739,0.007354692555963993,0.9921202659606934,0.27052128314971924,0.3438233435153961,0.3856554329395294,vision,vision,1,0.047943115234375,1.0882127285003662,0.4043099284172058,0.04670995846390724,0.10519266128540039
652,zhpQhgha_KU$_$25,1.0,-0.01934453845024109,0.000971828238107264,0.008821975439786911,0.9902061820030212,0.013233661651611328,0.08241891860961914,0.06416379660367966,0.9867663383483887,0.9175810813903809,0.9358361959457397,0.31685033440589905,0.3454718589782715,0.33767780661582947,vision,audio,0,0.5625,0.47058823704719543,0.45945945382118225,0.5218186378479004,0.4781813621520996,0.000971828238107264,0.008821975439786911,0.9902061820030212,0.33122891187667847,0.30620622634887695,0.36256489157676697,vision,vision,0,0.05821904167532921,1.0962247848510742,0.41842755675315857,0.029275942593812943,0.06918525695800781
340,lXPQBPVc5Cw$_$23,-2.4000000953674316,0.598931610584259,0.0006867307238280773,0.007453403435647488,0.9918598532676697,0.5779823064804077,0.5532057881355286,0.5569096803665161,2.977982521057129,2.9532058238983154,2.956909656524658,0.32699546217918396,0.337281197309494,0.335723340511322,vision,audio,0,0.5333333611488342,0.47826087474823,0.4285714328289032,0.5219818353652954,0.4780181646347046,0.0006867307238280773,0.007453403435647488,0.9918598532676697,0.3266422748565674,0.32200929522514343,0.35134848952293396,vision,vision,0,0.04962360858917236,1.0978717803955078,0.42700761556625366,0.010912023484706879,0.02477651834487915
136,d6hH302o4v8$_$3,0.20000000298023224,0.788766622543335,0.0009753406047821045,0.008932411670684814,0.9900922179222107,0.8547981381416321,0.8035455346107483,0.860474705696106,0.654798150062561,0.6035455465316772,0.6604747176170349,0.3268944025039673,0.34852251410484314,0.3245830237865448,vision,audio,0,0.6111111044883728,0.5306122303009033,0.5,0.5221486687660217,0.47785133123397827,0.0009753406047821045,0.008932411670684814,0.9900922179222107,0.32772281765937805,0.3139665424823761,0.35831066966056824,vision,vision,0,0.0587640143930912,1.09707772731781,0.42118772864341736,0.025603797286748886,0.056929171085357666
368,nbWiPyCm4g0$_$4,-2.200000047683716,0.32126396894454956,0.0009284763364121318,0.010160651989281178,0.9889109134674072,0.34506383538246155,0.3347311019897461,0.3095214068889618,2.5450639724731445,2.534731149673462,2.509521484375,0.32696518301963806,0.33121564984321594,0.3418191373348236,vision,vision,1,0.5813953280448914,0.5433070659637451,0.41447368264198303,0.5223070979118347,0.4776929020881653,0.0009284763364121318,0.010160651989281178,0.9889109134674072,0.33659055829048157,0.3426547050476074,0.320754736661911,vision,audio,0,0.06413953751325607,1.0982269048690796,0.4454374313354492,0.014927820302546024,0.035542428493499756
629,yvsjCA6Y5Fc$_$21,-1.7999999523162842,-0.3714684247970581,0.0009645815007388592,0.0090929064899683,0.9899424314498901,-0.275785893201828,-0.233388289809227,-0.37861281633377075,1.5242140293121338,1.566611647605896,1.4213871955871582,0.32409214973449707,0.3073633909225464,0.36854445934295654,vision,vision,1,0.5600000023841858,0.5113636255264282,0.5047619342803955,0.5216678977012634,0.4783321022987366,0.0009645815007388592,0.0090929064899683,0.9899424314498901,0.315621018409729,0.3108471930027008,0.3735317289829254,vision,vision,1,0.05944371223449707,1.0950250625610352,0.4109404981136322,0.06097457557916641,0.14522452652454376
677,zhpQhgha_KU$_$16,1.7999999523162842,0.9570612907409668,0.0006485333433374763,0.009455490857362747,0.9898959398269653,0.9984618425369263,0.9336256980895996,0.9884064197540283,0.8015381097793579,0.8663742542266846,0.8115935325622559,0.34368258714675903,0.31692761182785034,0.33938977122306824,vision,text,0,0.4375,0.5652173757553101,0.4727272689342499,0.5220128297805786,0.4779871702194214,0.0006485333433374763,0.009455490857362747,0.9898959398269653,0.2571631073951721,0.37053075432777405,0.3723061978816986,vision,vision,0,0.05888712406158447,1.0849618911743164,0.41172653436660767,0.028491254895925522,0.06483614444732666
583,wMbj6ajWbic$_$29,1.7999999523162842,1.4989254474639893,0.0006959278834983706,0.006968300323933363,0.9923357367515564,1.5850112438201904,1.4733407497406006,1.5801701545715332,0.21498870849609375,0.3266592025756836,0.21982979774475098,0.34920063614845276,0.30370551347732544,0.3470938801765442,vision,text,0,0.5,0.44736841320991516,0.5333333611488342,0.52144855260849,0.47855144739151,0.0006959278834983706,0.006968300323933363,0.9923357367515564,0.2891453504562378,0.29219627380371094,0.41865840554237366,vision,vision,0,0.04730163514614105,1.0828025341033936,0.382451593875885,0.05153882876038551,0.11167049407958984
385,nzpVDcQ0ywM$_$9,-2.200000047683716,-0.06593646109104156,0.0007682677824050188,0.007171735167503357,0.9920600652694702,-0.14419004321098328,-0.07522408664226532,-0.05283469706773758,2.05580997467041,2.1247758865356445,2.147165298461914,0.3559366464614868,0.32653769850730896,0.31752562522888184,vision,text,0,0.5600000023841858,0.4897959232330322,0.5641025900840759,0.521757960319519,0.47824203968048096,0.0007682677824050188,0.007171735167503357,0.9920600652694702,0.29914355278015137,0.2911864221096039,0.40967002511024475,vision,vision,0,0.048829056322574615,1.0858701467514038,0.38826000690460205,0.03887785226106644,0.0913553461432457
217,f9O3YtZ2VfI$_$11,-0.800000011920929,0.007301813457161188,0.0005510916234925389,0.006756009999662638,0.9926928281784058,0.04895301163196564,0.10472476482391357,0.07989664375782013,0.8489530086517334,0.9047247767448425,0.8798966407775879,0.34545671939849854,0.32219359278678894,0.3323497176170349,vision,text,0,0.4444444477558136,0.47058823704719543,0.523809552192688,0.5216678380966187,0.47833216190338135,0.0005510916234925389,0.006756009999662638,0.9926928281784058,0.2657095491886139,0.31383150815963745,0.42045897245407104,vision,vision,0,0.04517752677202225,1.0801467895507812,0.38148927688598633,0.022814305499196053,0.05577175319194794
449,rnaNMUZpvvg$_$21,-2.5999999046325684,0.33611568808555603,0.0008496463415212929,0.008999005891382694,0.9901513457298279,0.33345943689346313,0.3364422917366028,0.33862540125846863,2.9334592819213867,2.9364421367645264,2.9386253356933594,0.3344659209251404,0.33322110772132874,0.33231303095817566,vision,text,0,0.5909090638160706,0.5833333134651184,0.5555555820465088,0.5224857926368713,0.47751420736312866,0.0008496463415212929,0.008999005891382694,0.9901513457298279,0.297345370054245,0.3281695246696472,0.3744851350784302,vision,vision,0,0.05819864943623543,1.094113826751709,0.41044414043426514,0.0021174040157347918,0.005165964365005493
460,rnaNMUZpvvg$_$11,-2.5999999046325684,0.8989992141723633,0.0008246322977356613,0.014425786212086678,0.9847495555877686,0.9575758576393127,0.9006751775741577,0.9705003499984741,3.5575757026672363,3.5006752014160156,3.570500373840332,0.327044278383255,0.3511526882648468,0.32180309295654297,vision,audio,0,0.4166666567325592,0.6315789222717285,0.31111112236976624,0.5225340127944946,0.47746598720550537,0.0008246322977356613,0.014425786212086678,0.9847495555877686,0.2606673240661621,0.4518956243991852,0.2874370515346527,vision,audio,1,0.08213602751493454,1.067775011062622,0.4648749828338623,0.030332036316394806,0.0698251724243164
533,v0zCBqDeKcE$_$2,-0.4000000059604645,0.12133251875638962,0.0009001822327263653,0.006898857653141022,0.9922009110450745,0.14636501669883728,0.15457525849342346,0.1409977674484253,0.5463650226593018,0.5545752644538879,0.5409977436065674,0.33372026681900024,0.33031293749809265,0.3359667658805847,vision,vision,1,0.5454545617103577,0.3636363744735718,0.44999998807907104,0.5215965509414673,0.4784034490585327,0.0009001822327263653,0.006898857653141022,0.9922009110450745,0.3462265729904175,0.2678692042827606,0.3859042823314667,vision,vision,1,0.04841294512152672,1.0875266790390015,0.4041978120803833,0.005583345424383879,0.013577491044998169
263,iiK8YX8oH1E$_$17,1.600000023841858,1.415224313735962,0.0007809505332261324,0.006007992662489414,0.9932110905647278,1.5087718963623047,1.421596884727478,1.5125746726989746,0.09122812747955322,0.17840313911437988,0.0874253511428833,0.3446465730667114,0.30906468629837036,0.3462887406349182,vision,vision,1,0.6666666865348816,0.4399999976158142,0.517241358757019,0.5217533707618713,0.47824662923812866,0.0007809505332261324,0.006007992662489414,0.9932110905647278,0.36788100004196167,0.26318520307540894,0.3689337372779846,vision,vision,1,0.04308236017823219,1.0870826244354248,0.4161848723888397,0.04201970621943474,0.09097778797149658
553,vyB00TXsimI$_$21,1.2000000476837158,0.8529723882675171,0.0007719224668107927,0.010175980627536774,0.9890521168708801,0.9072749614715576,0.8530353307723999,0.9271739721298218,0.2927250862121582,0.3469647169113159,0.27282607555389404,0.33787965774536133,0.3157309293746948,0.34638938307762146,vision,vision,1,0.4545454680919647,0.5428571701049805,0.4285714328289032,0.521955132484436,0.47804486751556396,0.0007719224668107927,0.010175980627536774,0.9890521168708801,0.27478113770484924,0.36979562044143677,0.3554232120513916,vision,audio,0,0.06310439854860306,1.0904974937438965,0.4224192798137665,0.03133057802915573,0.07413864135742188
546,vvZ4IcEtiZc$_$5,1.2000000476837158,1.036755919456482,0.0012141643092036247,0.011457237415015697,0.9873285293579102,1.134889841079712,1.0628080368041992,0.9984937906265259,0.0651102066040039,0.1371920108795166,0.20150625705718994,0.3627019226551056,0.3314506709575653,0.3058474063873291,vision,text,0,0.5384615659713745,0.5833333134651184,0.5581395626068115,0.5219261646270752,0.4780738353729248,0.0012141643092036247,0.011457237415015697,0.9873285293579102,0.2746991217136383,0.3355295956134796,0.3897712528705597,vision,vision,0,0.07194629311561584,1.0885870456695557,0.39837154746055603,0.05571354553103447,0.13639605045318604
606,yDtzw_Y-7RU$_$21,0.20000000298023224,0.4669080078601837,0.000584268884267658,0.007102087140083313,0.9923136830329895,0.4675494134426117,0.45037293434143066,0.48459240794181824,0.26754939556121826,0.2503729462623596,0.2845923900604248,0.33326396346092224,0.3404967188835144,0.32623934745788574,vision,audio,0,0.4000000059604645,0.4482758641242981,0.5142857432365417,0.5216079354286194,0.4783920645713806,0.000584268884267658,0.007102087140083313,0.9923136830329895,0.2537982165813446,0.31343165040016174,0.43277016282081604,vision,vision,0,0.04714328050613403,1.074113368988037,0.3730289936065674,0.01397007703781128,0.03421947360038757
96,cXypl4FnoZo$_$15,0.0,0.5918002724647522,0.0010892234276980162,0.011086803860962391,0.9878239631652832,0.627048134803772,0.6008288860321045,0.6481878161430359,0.627048134803772,0.6008288860321045,0.6481878161430359,0.3325309753417969,0.3436099588871002,0.3238590657711029,vision,audio,0,0.5833333134651184,0.5529412031173706,0.4215686321258545,0.5223034620285034,0.4776965379714966,0.0010892234276980162,0.011086803860962391,0.9878239631652832,0.3290000259876251,0.34752047061920166,0.323479562997818,vision,audio,1,0.06944537162780762,1.0981391668319702,0.44289630651474,0.01937122456729412,0.047358930110931396
241,f_pcplsH_V0$_$9,-2.4000000953674316,-0.23689758777618408,0.001690033939667046,0.012941928580403328,0.9853679537773132,-0.22745707631111145,-0.1392740160226822,-0.11493054777383804,2.1725430488586426,2.260725975036621,2.285069465637207,0.3617401123046875,0.3239850103855133,0.3142748177051544,vision,text,0,0.6666666865348816,0.47058823704719543,0.2380952388048172,0.5222129821777344,0.4777870178222656,0.001690033939667046,0.012941928580403328,0.9853679537773132,0.43104952573776245,0.3232509195804596,0.2456996589899063,vision,text,1,0.08157417923212051,1.0726730823516846,0.4931122660636902,0.048340316861867905,0.11252652853727341
465,rnaNMUZpvvg$_$14,-2.5999999046325684,-0.32404735684394836,0.001471789088100195,0.00646793469786644,0.9920603036880493,-0.2262248694896698,-0.11593815684318542,-0.10552395135164261,2.373775005340576,2.4840617179870605,2.494475841522217,0.366142600774765,0.3189915120601654,0.31486591696739197,vision,text,0,0.75,0.3461538553237915,0.5322580933570862,0.5214841365814209,0.4785158634185791,0.001471789088100195,0.00646793469786644,0.9920603036880493,0.4186505377292633,0.21116262674331665,0.37018683552742004,vision,text,1,0.050110217183828354,1.0607837438583374,0.41458234190940857,0.054610058665275574,0.12070091813802719
320,k5Y_838nuGo$_$8,-1.399999976158142,-0.008777878247201443,0.0006384572479873896,0.008630922995507717,0.9907305836677551,-0.0024056583642959595,0.061683639883995056,0.05944604426622391,1.3975943326950073,1.4616836309432983,1.4594460725784302,0.35104817152023315,0.3240221440792084,0.32492968440055847,vision,text,0,0.4285714328289032,0.5,0.4166666567325592,0.5217731595039368,0.47822684049606323,0.0006384572479873896,0.008630922995507717,0.9907305836677551,0.27824240922927856,0.35796284675598145,0.3637946844100952,vision,vision,0,0.05494071543216705,1.0915462970733643,0.41795724630355835,0.029698630794882774,0.06408929824829102
625,yDtzw_Y-7RU$_$16,0.6000000238418579,0.3600353002548218,0.0007566972635686398,0.006954500451683998,0.9922887682914734,0.3666814863681793,0.36576348543167114,0.3874184191226959,0.2333185374736786,0.23423653841018677,0.212581604719162,0.3305661678314209,0.330187052488327,0.33924683928489685,vision,vision,1,0.47058823704719543,0.3720930218696594,0.42718446254730225,0.5214962959289551,0.4785037040710449,0.0007566972635686398,0.006954500451683998,0.9922887682914734,0.31523630023002625,0.29133346676826477,0.3934302031993866,vision,vision,1,0.04767195135354996,1.090228796005249,0.39923906326293945,0.009998884052038193,0.02165493369102478
60,cW1FSBF59ik$_$6,1.2000000476837158,0.6571635007858276,0.0010607680305838585,0.013808772899210453,0.9851304292678833,0.6851046085357666,0.6498814821243286,0.6757490634918213,0.5148954391479492,0.5501185655593872,0.5242509841918945,0.33952397108078003,0.32489943504333496,0.3355765640735626,vision,text,0,0.5,0.6153846383094788,0.4000000059604645,0.5225586295127869,0.47744137048721313,0.0010607680305838585,0.013808772899210453,0.9851304292678833,0.2838714122772217,0.4007010757923126,0.3154275715351105,vision,audio,0,0.08115879446268082,1.0878660678863525,0.44646865129470825,0.014897153712809086,0.03522312641143799
604,yDtzw_Y-7RU$_$24,-0.800000011920929,-0.04694206640124321,0.0013388866791501641,0.00972373504191637,0.9889373779296875,-0.048214249312877655,0.012301228940486908,0.02864024043083191,0.7517857551574707,0.8123012185096741,0.8286402225494385,0.352665513753891,0.3269723951816559,0.3203621208667755,vision,text,0,0.7777777910232544,0.5625,0.44999998807907104,0.5226550102233887,0.47734498977661133,0.0013388866791501641,0.00972373504191637,0.9889373779296875,0.41080549359321594,0.2996715307235718,0.2895229756832123,vision,text,1,0.06491101533174515,1.0854614973068237,0.46627625823020935,0.03305836394429207,0.07685448974370956
678,zhpQhgha_KU$_$19,-0.800000011920929,0.017773479223251343,0.0008202942553907633,0.007537036668509245,0.9916427135467529,0.1022752895951271,0.12656189501285553,0.08160565793514252,0.9022753238677979,0.9265618920326233,0.8816056847572327,0.33374813199043274,0.32376840710639954,0.3424835503101349,vision,vision,1,0.5625,0.4761904776096344,0.5,0.5219084024429321,0.47809159755706787,0.0008202942553907633,0.007537036668509245,0.9916427135467529,0.3161371052265167,0.30182236433029175,0.3820405900478363,vision,vision,1,0.05099160969257355,1.0932252407073975,0.4064013957977295,0.018373096361756325,0.04495623707771301
681,zhpQhgha_KU$_$30,-2.0,-1.2892404794692993,0.00045824606786482036,0.004500108305364847,0.9950416684150696,-0.9191167950630188,-0.8133966326713562,-0.9569371938705444,1.080883264541626,1.186603307723999,1.0430628061294556,0.3419247269630432,0.29959771037101746,0.3584775924682617,vision,vision,1,0.5714285969734192,0.574999988079071,0.9166666865348816,0.5218783020973206,0.47812169790267944,0.00045824606786482036,0.004500108305364847,0.9950416684150696,0.2095944583415985,0.2314385622739792,0.5589669346809387,vision,vision,1,0.03278607130050659,0.9913363456726074,0.2907164990901947,0.06074632704257965,0.14354056119918823
208,f9O3YtZ2VfI$_$1,-1.2000000476837158,-0.07990036904811859,0.0006197034381330013,0.007858118042349815,0.9915221929550171,-0.14057159423828125,-0.0904511958360672,-0.06606077402830124,1.0594284534454346,1.109548807144165,1.133939266204834,0.3508354425430298,0.32952985167503357,0.31963467597961426,vision,text,0,0.6666666865348816,0.7142857313156128,0.6470588445663452,0.522812008857727,0.47718799114227295,0.0006197034381330013,0.007858118042349815,0.9915221929550171,0.2832503616809845,0.3487774431705475,0.367972195148468,vision,vision,0,0.051101118326187134,1.092552900314331,0.41569995880126953,0.031017575412988663,0.07451082020998001
610,yDtzw_Y-7RU$_$3,0.75,0.9882221817970276,0.0005310948472470045,0.009729983285069466,0.9897390007972717,1.0133612155914307,0.9633049964904785,1.0211551189422607,0.26336121559143066,0.21330499649047852,0.27115511894226074,0.32734575867652893,0.348482221364975,0.32417210936546326,vision,audio,0,0.3571428656578064,0.5762711763381958,0.41428571939468384,0.5220692157745361,0.47793078422546387,0.0005310948472470045,0.009729983285069466,0.9897390007972717,0.23449057340621948,0.409207284450531,0.3563021421432495,vision,audio,1,0.059287481009960175,1.0734267234802246,0.42229121923446655,0.02563202567398548,0.05785012245178223
654,zhpQhgha_KU$_$27,0.800000011920929,0.0665222704410553,0.000401346362195909,0.005570184905081987,0.9940284490585327,0.10229209065437317,0.12829355895519257,0.08211947977542877,0.6977078914642334,0.6717064380645752,0.7178805470466614,0.3324318528175354,0.3434140086174011,0.3241541385650635,vision,audio,0,0.5,0.5833333134651184,0.7142857313156128,0.5221667885780334,0.47783321142196655,0.000401346362195909,0.005570184905081987,0.9940284490585327,0.22806210815906525,0.30150189995765686,0.4704360067844391,vision,vision,0,0.038003548979759216,1.053355097770691,0.34906166791915894,0.018900487571954727,0.046174079179763794
334,lXPQBPVc5Cw$_$25,-2.4000000953674316,0.053334929049015045,0.0011867822613567114,0.006421912927180529,0.9923912882804871,0.10231536626815796,0.12728150188922882,0.08321758359670639,2.5023155212402344,2.5272815227508545,2.483217716217041,0.3340644836425781,0.3238001763820648,0.34213533997535706,vision,vision,1,0.8260869383811951,0.49152541160583496,0.6341463327407837,0.5223581194877625,0.47764188051223755,0.0011867822613567114,0.006421912927180529,0.9923912882804871,0.4001762270927429,0.22988773882389069,0.3699359893798828,vision,text,0,0.047992508858442307,1.07234787940979,0.4149702191352844,0.01804211549460888,0.04406391829252243
207,f9O3YtZ2VfI$_$29,-2.0,0.4315587878227234,0.0011639711447060108,0.007534832693636417,0.9913012385368347,0.48865094780921936,0.46852821111679077,0.5146999359130859,2.4886510372161865,2.4685282707214355,2.514699935913086,0.3340642750263214,0.34257376194000244,0.32336199283599854,vision,audio,0,0.625,0.3787878751754761,0.4430379867553711,0.5216872096061707,0.47831279039382935,0.0011639711447060108,0.007534832693636417,0.9913012385368347,0.3783147633075714,0.2618001699447632,0.3598850667476654,vision,text,0,0.05335640162229538,1.086382508277893,0.42094409465789795,0.01890120655298233,0.046171724796295166
82,cXypl4FnoZo$_$29,-1.399999976158142,0.07172590494155884,0.0008720039040781558,0.005244952626526356,0.9938830137252808,0.10226830095052719,0.12721821665763855,0.08061403036117554,1.5022683143615723,1.527218222618103,1.4806139469146729,0.3336969017982483,0.32345035672187805,0.34285277128219604,vision,vision,1,0.7142857313156128,0.4000000059604645,0.5454545617103577,0.5218430161476135,0.4781569838523865,0.0008720039040781558,0.005244952626526356,0.9938830137252808,0.3888242840766907,0.23443786799907684,0.3767378330230713,vision,text,0,0.03977980464696884,1.0751351118087769,0.41143012046813965,0.01904192939400673,0.04660418629646301
47,cM3Yna7AavY$_$9,-0.20000000298023224,0.08469601720571518,0.0011921619297936559,0.009047063998878002,0.9897608160972595,0.45686209201812744,0.4017059803009033,0.015085145831108093,0.6568620800971985,0.6017059683799744,0.21508514881134033,0.26257163286209106,0.28131332993507385,0.4561150372028351,vision,vision,1,0.6666666865348816,0.534246563911438,0.4597701132297516,0.5209312438964844,0.4790687561035156,0.0011921619297936559,0.009047063998878002,0.9897608160972595,0.36456629633903503,0.30871516466140747,0.3267185091972351,vision,text,0,0.060781463980674744,1.0961942672729492,0.4420281648635864,0.19654932618141174,0.44177693128585815
277,jUzDDGyPkXU$_$26,-2.0,-0.011045635677874088,0.001042093150317669,0.0061571369878947735,0.9928008317947388,0.0701831728219986,0.11394323408603668,0.0798964723944664,2.070183277130127,2.113943338394165,2.0798964500427246,0.34075024724006653,0.3226117193698883,0.3366380035877228,vision,text,0,0.6800000071525574,0.35555556416511536,0.4727272689342499,0.5217123031616211,0.4782876968383789,0.001042093150317669,0.0061571369878947735,0.9928008317947388,0.4041050374507904,0.2366318255662918,0.3592630922794342,vision,text,1,0.04566943645477295,1.0749750137329102,0.4223584830760956,0.018763065338134766,0.043760061264038086
31,c7UH_rxdZv4$_$33,-1.7999999523162842,0.08135177940130234,0.0014935577055439353,0.006103480700403452,0.9924029111862183,0.10675103217363358,0.137160986661911,0.12657630443572998,1.906751036643982,1.9371609687805176,1.9265762567520142,0.34034162759780884,0.32764726877212524,0.3320111036300659,vision,text,0,0.8333333134651184,0.3333333432674408,0.5,0.5220528841018677,0.4779471158981323,0.0014935577055439353,0.006103480700403452,0.9924029111862183,0.4753148853778839,0.19533365964889526,0.3293514847755432,vision,text,1,0.04840712621808052,1.0383050441741943,0.4420343339443207,0.012604419142007828,0.030409954488277435
147,d6hH302o4v8$_$10,-1.2000000476837158,-0.1990777850151062,0.0012135301949456334,0.009166035801172256,0.9896203279495239,-0.22204682230949402,-0.15011779963970184,-0.12479878216981888,0.9779531955718994,1.0498822927474976,1.0752012729644775,0.3572002947330475,0.32648536562919617,0.31631436944007874,vision,text,0,0.7272727489471436,0.5263158082962036,0.4545454680919647,0.5223075151443481,0.47769248485565186,0.0012135301949456334,0.009166035801172256,0.9896203279495239,0.3965282738208771,0.2946071922779083,0.3088645339012146,vision,text,1,0.06148284301161766,1.089705228805542,0.45383724570274353,0.04119333624839783,0.09724804013967514
264,iiK8YX8oH1E$_$16,0.0,-0.018757443875074387,0.0009076561545953155,0.00574919581413269,0.9933431148529053,0.04503621533513069,0.10203035920858383,0.07518593966960907,0.04503621533513069,0.10203035920858383,0.07518593966960907,0.34551262855529785,0.32175374031066895,0.3327335715293884,vision,text,0,0.625,0.3571428656578064,0.5625,0.5214816331863403,0.47851836681365967,0.0009076561545953155,0.00574919581413269,0.9933431148529053,0.35241347551345825,0.23015137016773224,0.4174351990222931,vision,vision,0,0.042650818824768066,1.0703284740447998,0.38393864035606384,0.023280801251530647,0.05699414387345314
78,cXypl4FnoZo$_$21,-0.6000000238418579,0.12178238481283188,0.0006911520613357425,0.006563364062458277,0.9927454590797424,0.10339061170816422,0.13512155413627625,0.10699548572301865,0.7033906579017639,0.7351216077804565,0.7069954872131348,0.3382244408130646,0.3250717520713806,0.3367037773132324,vision,text,0,0.6190476417541504,0.5161290168762207,0.5810810923576355,0.5221562385559082,0.4778437614440918,0.0006911520613357425,0.006563364062458277,0.9927454590797424,0.3166990280151367,0.28781506419181824,0.39548590779304504,vision,vision,0,0.04524688050150871,1.0894657373428345,0.3981730341911316,0.014184982515871525,0.03173094242811203
105,d3_k5Xpfmik$_$12,2.0,0.42826271057128906,0.000906060915440321,0.008318142965435982,0.9907758831977844,0.40133312344551086,0.39317041635513306,0.41632863879203796,1.5986669063568115,1.6068296432495117,1.5836713314056396,0.33236178755760193,0.32898780703544617,0.3386504650115967,vision,vision,1,0.625,0.5,0.43661972880363464,0.5222481489181519,0.47775185108184814,0.000906060915440321,0.008318142965435982,0.9907758831977844,0.35886675119400024,0.31082284450531006,0.3303104341030121,vision,text,0,0.05536787211894989,1.0968668460845947,0.4403102993965149,0.009590496309101582,0.023158222436904907
280,jUzDDGyPkXU$_$21,-1.0,0.5709396004676819,0.0012921829475089908,0.00652653444558382,0.9921813011169434,0.5776131749153137,0.5474738478660583,0.5881730914115906,1.577613115310669,1.5474739074707031,1.5881731510162354,0.3305480182170868,0.34323859214782715,0.32621341943740845,vision,audio,0,0.75,0.34285715222358704,0.4285714328289032,0.5219333171844482,0.47806668281555176,0.0012921829475089908,0.00652653444558382,0.9921813011169434,0.45465895533561707,0.22481665015220642,0.32052433490753174,vision,text,0,0.04922361671924591,1.0585894584655762,0.447771281003952,0.017244385555386543,0.04069924354553223
670,zhpQhgha_KU$_$11,-2.4000000953674316,1.4687111377716064,0.0007065358804538846,0.005975424777716398,0.9933179616928101,1.571320652961731,1.4683120250701904,1.5563414096832275,3.971320629119873,3.868312120437622,3.956341505050659,0.3168247938156128,0.3603622615337372,0.32281291484832764,vision,audio,0,0.5833333134651184,0.4166666567325592,0.5535714030265808,0.5214757323265076,0.47852426767349243,0.0007065358804538846,0.005975424777716398,0.9933179616928101,0.3265437185764313,0.25985074043273926,0.41360560059547424,vision,vision,0,0.042380429804325104,1.0808007717132568,0.38647496700286865,0.04544147476553917,0.10300862789154053
671,zhpQhgha_KU$_$10,0.6000000238418579,0.423723965883255,0.0006770432228222489,0.007675626780837774,0.9916473627090454,0.4241655468940735,0.4104337692260742,0.44284841418266296,0.17583447694778442,0.1895662546157837,0.15715160965919495,0.33260050415992737,0.32694023847579956,0.34045931696891785,vision,vision,1,0.47058823704719543,0.5148515105247498,0.5370370149612427,0.5219584107398987,0.4780415892601013,0.0006770432228222489,0.007675626780837774,0.9916473627090454,0.26158711314201355,0.3261820673942566,0.41223078966140747,vision,vision,1,0.05063658952713013,1.0815141201019287,0.3862777352333069,0.013284574262797832,0.032414644956588745
407,ob23OKe5a9Q$_$7,0.6000000238418579,0.4308222234249115,0.0010918732732534409,0.009693773463368416,0.9892143607139587,0.4661312401294708,0.44651472568511963,0.4886533319950104,0.13386878371238708,0.15348529815673828,0.11134669184684753,0.33285287022590637,0.32479041814804077,0.34235674142837524,vision,vision,1,0.6470588445663452,0.5625,0.5,0.5223835110664368,0.47761648893356323,0.0010918732732534409,0.009693773463368416,0.9892143607139587,0.3363212049007416,0.32143354415893555,0.3422452211380005,vision,vision,1,0.0631166324019432,1.0982658863067627,0.43131276965141296,0.0172166395932436,0.04213860630989075
272,iiK8YX8oH1E$_$6,0.20000000298023224,1.1497446298599243,0.001283754245378077,0.012298780493438244,0.9864175319671631,1.180493712425232,1.0976965427398682,1.1962895393371582,0.9804937243461609,0.8976965546607971,0.9962895512580872,0.3236779272556305,0.3589724004268646,0.3173496723175049,vision,audio,0,0.7142857313156128,0.6000000238418579,0.3333333432674408,0.5227340459823608,0.47726595401763916,0.001283754245378077,0.012298780493438244,0.9864175319671631,0.39800500869750977,0.35287976264953613,0.2491151988506317,vision,text,0,0.07613015174865723,1.0804779529571533,0.4915348291397095,0.04323768988251686,0.09859299659729004
166,dq3Nf_lMPnE$_$13,-1.2000000476837158,1.165087103843689,0.0008081572595983744,0.011112396605312824,0.9880794882774353,1.238487958908081,1.1497793197631836,1.2401254177093506,2.438488006591797,2.3497793674468994,2.4401254653930664,0.32100433111190796,0.3586476445198059,0.32034796476364136,vision,audio,0,0.4749999940395355,0.6129032373428345,0.48128342628479004,0.5221927762031555,0.4778072237968445,0.0008081572595983744,0.011112396605312824,0.9880794882774353,0.2577228844165802,0.3848067820072174,0.3574702739715576,vision,audio,1,0.06760623306035995,1.0846654176712036,0.4204061031341553,0.042208898812532425,0.09034609794616699
130,d6hH302o4v8$_$23,-2.5999999046325684,-0.4103294909000397,0.0013847042573615909,0.010329783894121647,0.9882855415344238,-0.43475809693336487,-0.33333277702331543,-0.31199750304222107,2.1652417182922363,2.266667127609253,2.2880024909973145,0.3651409447193146,0.3216620683670044,0.3131970167160034,vision,text,0,0.6666666865348816,0.5,0.44999998807907104,0.5219646692276001,0.4780353307723999,0.0013847042573615909,0.010329783894121647,0.9882855415344238,0.37415528297424316,0.2981612980365753,0.32768338918685913,vision,text,1,0.06799529492855072,1.094236135482788,0.44040143489837646,0.05355418100953102,0.1227605938911438
58,cW1FSBF59ik$_$4,1.600000023841858,0.5115348100662231,0.0009310266468673944,0.010220988653600216,0.9888479709625244,0.5412445664405823,0.5137936472892761,0.5234910249710083,1.0587553977966309,1.0862064361572266,1.0765089988708496,0.339636892080307,0.3281804025173187,0.33218273520469666,vision,text,0,0.4166666567325592,0.4556961953639984,0.38461539149284363,0.5217375755310059,0.47826242446899414,0.0009310266468673944,0.010220988653600216,0.9888479709625244,0.2858951687812805,0.3483109176158905,0.3657938838005066,vision,vision,0,0.06443341076374054,1.093200922012329,0.4153693914413452,0.011366532184183598,0.027450919151306152
643,yvsjCA6Y5Fc$_$13,-2.0,-0.031948573887348175,0.001486996770836413,0.008169326931238174,0.9903438091278076,-0.016747847199440002,0.04537452757358551,0.050443463027477264,1.9832521677017212,2.045374631881714,2.050443410873413,0.3515276610851288,0.3252633512020111,0.3232090175151825,vision,text,0,0.8333333134651184,0.5106382966041565,0.5535714030265808,0.5224857926368713,0.47751420736312866,0.001486996770836413,0.008169326931238174,0.9903438091278076,0.4231037497520447,0.2484116554260254,0.3284846246242523,vision,text,1,0.0585641972720623,1.0755729675292969,0.44123944640159607,0.03054969757795334,0.06719131022691727
129,d6hH302o4v8$_$22,-1.0,-0.35267373919487,0.0006246067932806909,0.008264824748039246,0.9911105632781982,-0.4195602834224701,-0.33055412769317627,-0.33423951268196106,0.5804396867752075,0.6694458723068237,0.6657605171203613,0.3579678237438202,0.3202767074108124,0.3217555284500122,vision,text,0,0.5555555820465088,0.6216216087341309,0.5925925970077515,0.5222569704055786,0.4777430295944214,0.0006246067932806909,0.008264824748039246,0.9911105632781982,0.27017027139663696,0.34022966027259827,0.3896000385284424,vision,vision,0,0.05309438332915306,1.0876364707946777,0.4010070264339447,0.04111678898334503,0.08900615572929382
311,k5Y_838nuGo$_$29,-0.75,-0.055039096623659134,0.0008450220339000225,0.007663453929126263,0.9914916157722473,-0.07334771007299423,-0.0019116401672363281,0.015216387808322906,0.6766523122787476,0.7480883598327637,0.7652164101600647,0.35589995980262756,0.32549744844436646,0.318602591753006,vision,text,0,0.6000000238418579,0.5,0.5263158082962036,0.5218821167945862,0.4781178832054138,0.0008450220339000225,0.007663453929126263,0.9914916157722473,0.32457590103149414,0.2967774271965027,0.3786466717720032,vision,vision,0,0.05178248882293701,1.093464970588684,0.4085632562637329,0.038355182856321335,0.08856409788131714
471,tIrG4oNLFzE$_$10,-1.7999999523162842,0.6929591298103333,0.0004751562373712659,0.005395585671067238,0.9941293001174927,0.695609450340271,0.6712648868560791,0.7007666826248169,2.4956092834472656,2.4712648391723633,2.5007667541503906,0.33063623309135437,0.3408523201942444,0.328511506319046,vision,audio,0,0.4000000059604645,0.40740740299224854,0.5625,0.5214614868164062,0.47853851318359375,0.0004751562373712659,0.005395585671067238,0.9941293001174927,0.24812741577625275,0.2838893234729767,0.4679832458496094,vision,vision,0,0.03766593337059021,1.0586587190628052,0.35076403617858887,0.0128651587292552,0.029501795768737793
32,c7UH_rxdZv4$_$32,-2.200000047683716,-0.06986281275749207,0.0008489427273161709,0.008123614825308323,0.9910274147987366,-0.04238838702440262,0.0383123978972435,0.04214005172252655,2.157611608505249,2.2383124828338623,2.242140054702759,0.35666200518608093,0.32243847846984863,0.32089948654174805,vision,text,0,0.6666666865348816,0.6000000238418579,0.6086956262588501,0.5223434567451477,0.4776565432548523,0.0008489427273161709,0.008123614825308323,0.9910274147987366,0.31367790699005127,0.30847659707069397,0.37784552574157715,vision,vision,0,0.05403430014848709,1.0942224264144897,0.40878796577453613,0.038976237177848816,0.08452843874692917
418,pLTX3ipuDJI$_$1,-2.4000000953674316,1.1321146488189697,0.000821688852738589,0.00935567170381546,0.9898226261138916,1.2191202640533447,1.1480854749679565,1.2255675792694092,3.6191203594207764,3.5480856895446777,3.625567674636841,0.3241671919822693,0.3542676270008087,0.3215652108192444,vision,audio,0,0.5882353186607361,0.5892857313156128,0.4776119291782379,0.5222944617271423,0.47770553827285767,0.000821688852738589,0.00935567170381546,0.9898226261138916,0.3099054992198944,0.3514956533908844,0.3385988473892212,vision,audio,1,0.05967035889625549,1.0972416400909424,0.43414920568466187,0.03510458394885063,0.07748210430145264
436,phBUpBr1hSo$_$18,0.800000011920929,0.4492293894290924,0.0007473623263649642,0.005384170915931463,0.9938685297966003,0.41364893317222595,0.40305817127227783,0.44048872590065,0.386351078748703,0.3969418406486511,0.35951128602027893,0.3310197591781616,0.3266664743423462,0.3423137664794922,vision,vision,1,0.75,0.5,0.6470588445663452,0.5222441554069519,0.4777558445930481,0.0007473623263649642,0.005384170915931463,0.9938685297966003,0.36094820499420166,0.24474996328353882,0.3943018317222595,vision,vision,1,0.039621323347091675,1.079256296157837,0.39971113204956055,0.01575360633432865,0.03743055462837219
42,cM3Yna7AavY$_$2,2.5,0.4271301329135895,0.0007766612689010799,0.009554185904562473,0.989669144153595,0.4509637653827667,0.4469296932220459,0.44734054803848267,2.0490362644195557,2.053070306777954,2.052659511566162,0.33439770340919495,0.3327156901359558,0.33288657665252686,vision,text,0,0.5714285969734192,0.5769230723381042,0.4333333373069763,0.5225428342819214,0.4774571657180786,0.0007766612689010799,0.009554185904562473,0.989669144153595,0.31875455379486084,0.3574995696544647,0.32374584674835205,vision,audio,0,0.060272954404354095,1.0972939729690552,0.4439488649368286,0.0018126217182725668,0.004034072160720825
442,phBUpBr1hSo$_$4,-0.800000011920929,0.33754289150238037,0.0009001996950246394,0.006070929579436779,0.9930289387702942,0.29308196902275085,0.2753387689590454,0.31728339195251465,1.0930819511413574,1.0753388404846191,1.1172833442687988,0.3341544568538666,0.3416484296321869,0.32419708371162415,vision,audio,0,0.65625,0.38461539149284363,0.4375,0.5218150019645691,0.4781849980354309,0.0009001996950246394,0.006070929579436779,0.9930289387702942,0.39567744731903076,0.25868430733680725,0.3456382751464844,vision,text,0,0.04424719512462616,1.083827018737793,0.43159374594688416,0.01719135232269764,0.04194462299346924
540,vvZ4IcEtiZc$_$11,1.600000023841858,0.253648579120636,0.0014557245885953307,0.01004400011152029,0.9885002374649048,0.2866179645061493,0.28185582160949707,0.305125892162323,1.3133820295333862,1.3181442022323608,1.2948741912841797,0.331403523683548,0.32943660020828247,0.33915990591049194,vision,vision,1,0.6666666865348816,0.4166666567325592,0.30000001192092896,0.5222427845001221,0.47775721549987793,0.0014557245885953307,0.01004400011152029,0.9885002374649048,0.4300585687160492,0.2914864718914032,0.2784549593925476,vision,text,0,0.06715275347232819,1.0782356262207031,0.47336357831954956,0.010037246160209179,0.023270070552825928
345,lXPQBPVc5Cw$_$2,-2.200000047683716,0.04936520382761955,0.0007522160303778946,0.010082840919494629,0.9891650080680847,0.1022774949669838,0.12753377854824066,0.08103162795305252,2.3022775650024414,2.327533721923828,2.281031608581543,0.3337966203689575,0.32342323660850525,0.342780202627182,vision,vision,1,0.5384615659713745,0.625,0.5,0.5224766135215759,0.4775233864784241,0.0007522160303778946,0.010082840919494629,0.9891650080680847,0.2796560525894165,0.3720552623271942,0.3482886850833893,vision,audio,0,0.06253637373447418,1.0915404558181763,0.42725086212158203,0.019007941707968712,0.04650215059518814
433,phBUpBr1hSo$_$17,2.0,0.9441008567810059,0.0008299713372252882,0.008880953304469585,0.9902890920639038,0.9685598611831665,0.9138714075088501,0.979834794998169,1.0314401388168335,1.08612859249115,1.020165205001831,0.3391995429992676,0.3167864978313446,0.3440139591693878,vision,vision,1,0.6000000238418579,0.5588235259056091,0.48148149251937866,0.5222169756889343,0.4777830243110657,0.0008299713372252882,0.008880953304469585,0.9902890920639038,0.32311180233955383,0.33267706632614136,0.3442111015319824,vision,vision,1,0.05750375986099243,1.0982778072357178,0.43071866035461426,0.028808023780584335,0.06596338748931885
559,vyB00TXsimI$_$4,1.7999999523162842,0.6314971446990967,0.0008649934898130596,0.004521043039858341,0.9946139454841614,0.6512017846107483,0.6209959387779236,0.6698952317237854,1.1487982273101807,1.1790039539337158,1.1301047801971436,0.3348301649093628,0.3224236071109772,0.34274619817733765,vision,vision,1,0.7777777910232544,0.35483869910240173,0.5526315569877625,0.5218256115913391,0.4781743884086609,0.0008649934898130596,0.004521043039858341,0.9946139454841614,0.427032470703125,0.20536455512046814,0.36760303378105164,vision,text,0,0.03588128834962845,1.05632483959198,0.4180073142051697,0.020146626979112625,0.048899292945861816
630,yvsjCA6Y5Fc$_$22,-1.600000023841858,-0.20262247323989868,0.0012877461267635226,0.012015311047434807,0.9866968989372253,-0.2626146376132965,-0.1940530389547348,-0.11945895105600357,1.3373854160308838,1.405946969985962,1.4805411100387573,0.3631055951118469,0.3332829177379608,0.30361154675483704,vision,text,0,0.5714285969734192,0.5714285969734192,0.47058823704719543,0.5219548344612122,0.47804516553878784,0.0012877461267635226,0.012015311047434807,0.9866968989372253,0.3111654818058014,0.34854766726493835,0.34028691053390503,vision,audio,0,0.07491055130958557,1.0974442958831787,0.43094003200531006,0.058460358530282974,0.14315569400787354
178,dq3Nf_lMPnE$_$8,0.6000000238418579,1.4801054000854492,0.00109102763235569,0.008880598470568657,0.990028440952301,1.5759576559066772,1.475231647491455,1.5774126052856445,0.9759576320648193,0.8752316236495972,0.9774125814437866,0.3192480802536011,0.36208388209342957,0.3186679780483246,vision,audio,0,0.699999988079071,0.5227272510528564,0.4423076808452606,0.5222206711769104,0.4777793288230896,0.00109102763235569,0.008880598470568657,0.990028440952301,0.38518446683883667,0.3037964105606079,0.3110191524028778,vision,text,0,0.059314094483852386,1.0926604270935059,0.4526728391647339,0.04782934859395027,0.10218095779418945
296,jUzDDGyPkXU$_$15,1.3333333730697632,0.3776656687259674,0.0006125342915765941,0.008383109234273434,0.9910043478012085,0.33335748314857483,0.33091557025909424,0.36061879992485046,0.9999759197235107,1.002417802810669,0.9727145433425903,0.3298570513725281,0.32885175943374634,0.3412911891937256,vision,vision,1,0.529411792755127,0.5909090638160706,0.49056604504585266,0.522372841835022,0.477627158164978,0.0006125342915765941,0.008383109234273434,0.9910043478012085,0.28493204712867737,0.3607540428638458,0.3543138802051544,vision,audio,0,0.05357066169381142,1.0931696891784668,0.42446035146713257,0.013463631272315979,0.029703229665756226
659,zhpQhgha_KU$_$28,1.399999976158142,1.1143608093261719,0.0006110236281529069,0.006406679749488831,0.9929822683334351,1.1012359857559204,1.021493911743164,1.0820012092590332,0.2987639904022217,0.378506064414978,0.3179987668991089,0.3470568060874939,0.3141312599182129,0.3388119041919708,vision,text,0,0.6363636255264282,0.5357142686843872,0.529411792755127,0.5221032500267029,0.4778967499732971,0.0006110236281529069,0.006406679749488831,0.9929822683334351,0.3370000720024109,0.3027760982513428,0.36022379994392395,vision,vision,0,0.04387122392654419,1.0960900783538818,0.42183899879455566,0.03397693857550621,0.07974207401275635
346,lXPQBPVc5Cw$_$5,-1.0,-0.03240499645471573,0.0009834952652454376,0.00876089558005333,0.9902556538581848,-0.02008061856031418,0.03262657672166824,0.013441629707813263,0.9799193739891052,1.0326266288757324,1.0134416818618774,0.34539905190467834,0.3233761489391327,0.33122485876083374,vision,text,0,0.6071428656578064,0.4868420958518982,0.44565218687057495,0.5220327377319336,0.4779672622680664,0.0009834952652454376,0.00876089558005333,0.9902556538581848,0.35227149724960327,0.3058834373950958,0.3418450355529785,vision,text,1,0.05801117420196533,1.0968139171600342,0.4322737157344818,0.02178136818110943,0.05270719528198242
336,lXPQBPVc5Cw$_$27,-2.799999952316284,-0.13198000192642212,0.000739137118216604,0.010408123023808002,0.9888527393341064,-0.18567651510238647,-0.10476607084274292,-0.07080448418855667,2.614323377609253,2.6952338218688965,2.7291953563690186,0.36100414395332336,0.3262786269187927,0.3127172589302063,vision,text,0,0.5,0.6451612710952759,0.5263158082962036,0.5222303867340088,0.4777696132659912,0.000739137118216604,0.010408123023808002,0.9888527393341064,0.2537883222103119,0.38172540068626404,0.36448630690574646,vision,audio,0,0.06392891705036163,1.0834941864013672,0.4162442684173584,0.048184219747781754,0.1148720309138298
307,k5Y_838nuGo$_$21,-0.20000000298023224,-0.38893643021583557,0.0005996277322992682,0.005910527426749468,0.9934898614883423,-0.4516685903072357,-0.3674144148826599,-0.34932589530944824,0.2516685724258423,0.16741441190242767,0.149325892329216,0.30792585015296936,0.34212520718574524,0.3499490022659302,vision,vision,1,0.5833333134651184,0.5454545617103577,0.7037037014961243,0.521922767162323,0.478077232837677,0.0005996277322992682,0.005910527426749468,0.9934898614883423,0.2655502259731293,0.2755092978477478,0.45894044637680054,vision,vision,1,0.04126467555761337,1.0647138357162476,0.35636624693870544,0.044596947729587555,0.10234269499778748
655,zhpQhgha_KU$_$20,-1.399999976158142,0.021127896383404732,0.0010178921511396766,0.009356779046356678,0.9896253943443298,0.051848411560058594,0.09161373972892761,0.07989738136529922,1.4518483877182007,1.491613745689392,1.479897379875183,0.3428115248680115,0.3261880874633789,0.3310003876686096,vision,text,0,0.6666666865348816,0.5714285969734192,0.4375,0.5225566625595093,0.4774433374404907,0.0010178921511396766,0.009356779046356678,0.9896253943443298,0.356464147567749,0.33456656336784363,0.30896928906440735,vision,text,1,0.06104552000761032,1.0969125032424927,0.4537707269191742,0.01668432168662548,0.03976532816886902
186,etzxEpPuc6I$_$16,-2.4000000953674316,-0.16637490689754486,0.0009821885032579303,0.005974810104817152,0.993043065071106,-0.11409998685121536,-0.026812925934791565,-0.008075691759586334,2.285900115966797,2.3731870651245117,2.3919243812561035,0.3606840670108795,0.32340121269226074,0.31591466069221497,vision,text,0,0.75,0.4444444477558136,0.5813953280448914,0.5218322277069092,0.4781677722930908,0.0009821885032579303,0.005974810104817152,0.993043065071106,0.38845542073249817,0.23694179952144623,0.3746028244495392,vision,text,1,0.0443272665143013,1.0763150453567505,0.41229352355003357,0.046201568096876144,0.10602429509162903
450,rnaNMUZpvvg$_$22,-2.200000047683716,0.2614702582359314,0.0007117505883798003,0.008416109718382359,0.9908720850944519,0.22116528451442719,0.23704712092876434,0.250625878572464,2.4211652278900146,2.437047243118286,2.4506258964538574,0.33965229988098145,0.3329758644104004,0.32737186551094055,vision,text,0,0.48275861144065857,0.5277777910232544,0.48275861144065857,0.522056519985199,0.477943480014801,0.0007117505883798003,0.008416109718382359,0.9908720850944519,0.27687278389930725,0.34411999583244324,0.3790072202682495,vision,vision,0,0.054453592747449875,1.0903671979904175,0.40790992975234985,0.012039481662213802,0.029460594058036804
164,dq3Nf_lMPnE$_$11,-0.6000000238418579,0.8428469896316528,0.0007191082113422453,0.008002185262739658,0.9912787079811096,0.8721212148666382,0.8345059156417847,0.8860557079315186,1.472121238708496,1.4345059394836426,1.4860557317733765,0.32993772625923157,0.3458216190338135,0.3242405951023102,vision,audio,0,0.5909090638160706,0.5714285969734192,0.5263158082962036,0.5222802758216858,0.4777197241783142,0.0007191082113422453,0.008002185262739658,0.9912787079811096,0.30538684129714966,0.33121776580810547,0.36339542269706726,vision,vision,0,0.05252254754304886,1.0960832834243774,0.41858887672424316,0.02177271991968155,0.05154979228973389
376,nzpVDcQ0ywM$_$22,2.0,0.6784045696258545,0.002838059328496456,0.009382134303450584,0.9877797365188599,0.6649642586708069,0.6112780570983887,0.7263855934143066,1.335035800933838,1.3887219429016113,1.2736144065856934,0.33168643712997437,0.31015822291374207,0.35815536975860596,vision,vision,1,0.5555555820465088,0.0,0.0,0.5205995440483093,0.4794004559516907,0.002838059328496456,0.009382134303450584,0.9877797365188599,0.5545793175697327,0.202957421541214,0.24246323108673096,vision,text,0,0.07259415090084076,0.994165301322937,0.49687767028808594,0.047027796506881714,0.11510753631591797
579,wMbj6ajWbic$_$21,1.600000023841858,0.2832530736923218,0.000890188617631793,0.006368165370076895,0.992741584777832,0.2640620768070221,0.2699432969093323,0.2914026081562042,1.3359379768371582,1.3300566673278809,1.308597445487976,0.32871541380882263,0.33114093542099,0.3401436507701874,vision,vision,1,0.6470588445663452,0.43589743971824646,0.5319148898124695,0.5219341516494751,0.4780658483505249,0.000890188617631793,0.006368165370076895,0.992741584777832,0.3542581796646118,0.2626747786998749,0.3830670416355133,vision,vision,1,0.04568501561880112,1.086348056793213,0.40644973516464233,0.011750155128538609,0.02734053134918213
113,d3_k5Xpfmik$_$3,2.0,0.01049463078379631,0.001221781480126083,0.011906521394848824,0.9868717193603516,0.09734536707401276,0.12602010369300842,0.0798964723944664,1.9026546478271484,1.873979926109314,1.9201035499572754,0.3316839337348938,0.343788206577301,0.32452788949012756,vision,audio,0,0.5384615659713745,0.4912280738353729,0.3382352888584137,0.5220687985420227,0.4779312014579773,0.001221781480126083,0.011906521394848824,0.9868717193603516,0.34263157844543457,0.34857314825057983,0.308795303106308,vision,audio,1,0.073990598320961,1.0972144603729248,0.45205092430114746,0.019014891237020493,0.04612363129854202
669,zhpQhgha_KU$_$8,-1.0,-0.21955393254756927,0.0007153644110076129,0.005973574705421925,0.9933111667633057,-0.24864232540130615,-0.15647496283054352,-0.12677758932113647,0.7513576745986938,0.8435250520706177,0.8732224106788635,0.36365172266960144,0.3240790367126465,0.3122692406177521,vision,text,0,0.6000000238418579,0.46341463923454285,0.5918367505073547,0.5215925574302673,0.47840744256973267,0.0007153644110076129,0.005973574705421925,0.9933111667633057,0.3124449849128723,0.2683255076408386,0.4192294776439667,vision,vision,0,0.042434725910425186,1.0809240341186523,0.38272106647491455,0.0518842414021492,0.12186473608016968
274,iiK8YX8oH1E$_$8,-1.0,0.5194255709648132,0.0005190849187783897,0.0058813551440835,0.9935996532440186,0.4615321457386017,0.4511556029319763,0.4920884668827057,1.4615321159362793,1.451155662536621,1.4920884370803833,0.3360689580440521,0.3404563367366791,0.3234747052192688,vision,audio,0,0.5,0.46875,0.5526315569877625,0.5217804908752441,0.47821950912475586,0.0005190849187783897,0.0058813551440835,0.9935996532440186,0.28235140442848206,0.29640159010887146,0.42124703526496887,vision,vision,0,0.0405123233795166,1.081681728363037,0.38156840205192566,0.01737450435757637,0.04093286395072937
143,d6hH302o4v8$_$8,-2.200000047683716,-0.3243427276611328,0.0006256243796087801,0.0070688147097826,0.9923055768013,-0.3464086055755615,-0.23770181834697723,-0.19834059476852417,1.8535914421081543,1.9622982740402222,2.001659393310547,0.36982548236846924,0.32283705472946167,0.3073374330997467,vision,text,0,0.6666666865348816,0.6666666865348816,0.7272727489471436,0.5223212838172913,0.47767871618270874,0.0006256243796087801,0.0070688147097826,0.9923055768013,0.27496105432510376,0.3069540858268738,0.4180848300457001,vision,vision,0,0.04728502035140991,1.082139253616333,0.38281387090682983,0.06261931359767914,0.14806801080703735
600,wMbj6ajWbic$_$16,-0.4000000059604645,0.004652879666537046,0.0013007200323045254,0.010517335496842861,0.9881818890571594,0.1022297739982605,0.12604203820228577,0.07989651709794998,0.5022298097610474,0.5260420441627502,0.47989651560783386,0.33344635367393494,0.3236674666404724,0.34288617968559265,vision,vision,1,0.7200000286102295,0.5633803009986877,0.43529412150382996,0.5226456522941589,0.47735434770584106,0.0013007200323045254,0.010517335496842861,0.9881818890571594,0.3871184289455414,0.3168286383152008,0.29605287313461304,vision,text,0,0.06829468160867691,1.0919065475463867,0.46141934394836426,0.018842056393623352,0.046145521104335785
560,vyB00TXsimI$_$7,2.4000000953674316,1.1634577512741089,0.0006327566807158291,0.008174536749720573,0.9911927580833435,1.2004045248031616,1.125827431678772,1.214525580406189,1.19959557056427,1.2741726636886597,1.1854745149612427,0.34143680334091187,0.3110460937023163,0.34751710295677185,vision,vision,1,0.625,0.6756756901741028,0.644444465637207,0.5225479602813721,0.47745203971862793,0.0006327566807158291,0.008174536749720573,0.9911927580833435,0.27424564957618713,0.3402477502822876,0.38550662994384766,vision,vision,1,0.052721645683050156,1.0890785455703735,0.40379077196121216,0.03891373425722122,0.08869814872741699
357,lXPQBPVc5Cw$_$14,-2.200000047683716,0.2255178540945053,0.0011734644649550319,0.008398867212235928,0.9904276132583618,0.2640588879585266,0.26367735862731934,0.2456008791923523,2.4640588760375977,2.463677406311035,2.445600986480713,0.3307077884674072,0.3308655321598053,0.33842673897743225,vision,vision,1,0.6363636255264282,0.4126984179019928,0.4000000059604645,0.5220177173614502,0.4779822826385498,0.0011734644649550319,0.008398867212235928,0.9904276132583618,0.3932604491710663,0.2779885232448578,0.3287510275840759,vision,text,0,0.05758841708302498,1.0886180400848389,0.4411177635192871,0.008612670004367828,0.018458008766174316
566,vyB00TXsimI$_$13,2.4000000953674316,0.32405519485473633,0.00035937639768235385,0.0031176437623798847,0.9965230226516724,0.4226638972759247,0.40506595373153687,0.1834762692451477,1.9773361682891846,1.99493408203125,2.2165238857269287,0.36767229437828064,0.3596727252006531,0.27265501022338867,vision,text,0,0.5555555820465088,0.3888888955116272,0.8095238208770752,0.5208014249801636,0.4791985750198364,0.00035937639768235385,0.0031176437623798847,0.9965230226516724,0.252703994512558,0.1958891898393631,0.5514068603515625,vision,vision,0,0.024312088266015053,0.9951860904693604,0.29674410820007324,0.1088436171412468,0.23918762803077698
521,tmZoasNr4rU$_$6,-1.7999999523162842,-0.414333313703537,0.0009418323170393705,0.006778691429644823,0.9922795295715332,-0.42667868733406067,-0.3211930990219116,-0.3067310154438019,1.373321294784546,1.4788068532943726,1.4932689666748047,0.36533278226852417,0.3202018737792969,0.31446537375450134,vision,text,0,0.6666666865348816,0.4794520437717438,0.6091954112052917,0.5217527151107788,0.4782472848892212,0.0009418323170393705,0.006778691429644823,0.9922795295715332,0.3359130918979645,0.2580031752586365,0.40608376264572144,vision,vision,0,0.04810555279254913,1.081947922706604,0.3907971978187561,0.05346214026212692,0.11994767189025879
149,d6hH302o4v8$_$12,1.399999976158142,-0.01499009970575571,0.0006244232645258307,0.004004908725619316,0.9953706860542297,0.01691921055316925,0.08644241094589233,0.06781390309333801,1.3830807209014893,1.3135576248168945,1.3321861028671265,0.31680887937545776,0.34557250142097473,0.3376186192035675,vision,audio,0,0.6666666865348816,0.380952388048172,0.7200000286102295,0.5215376615524292,0.4784623384475708,0.0006244232645258307,0.004004908725619316,0.9953706860542297,0.3181649446487427,0.2020409256219864,0.4797941744327545,vision,vision,0,0.03133402019739151,1.0398387908935547,0.34371766448020935,0.029383983463048935,0.06952320039272308
445,phBUpBr1hSo$_$9,-2.0,0.3136679530143738,0.0008326647221110761,0.007270614616572857,0.9918966889381409,0.2771590054035187,0.299615740776062,0.3260071575641632,2.2771589756011963,2.2996158599853516,2.326007127761841,0.3432786166667938,0.3337763845920563,0.3229450285434723,vision,text,0,0.5199999809265137,0.4154929518699646,0.47777777910232544,0.5216096639633179,0.47839033603668213,0.0008326647221110761,0.007270614616572857,0.9918966889381409,0.3156391978263855,0.28967350721359253,0.3946872651576996,vision,vision,0,0.04977457970380783,1.0898123979568481,0.3981396555900574,0.01996372826397419,0.04884815216064453
333,lXPQBPVc5Cw$_$24,-1.399999976158142,-0.23043400049209595,0.0009176399908028543,0.009559211321175098,0.9895232319831848,-0.23480704426765442,-0.14094708859920502,-0.10891551524400711,1.16519296169281,1.2590528726577759,1.2910844087600708,0.36447280645370483,0.3241243064403534,0.31140291690826416,vision,text,0,0.5714285969734192,0.5714285969734192,0.5199999809265137,0.5219821929931641,0.47801780700683594,0.0009176399908028543,0.009559211321175098,0.9895232319831848,0.29792189598083496,0.335422545671463,0.36665552854537964,vision,vision,0,0.061292100697755814,1.0950417518615723,0.4152451157569885,0.05342116951942444,0.1258915364742279
26,c7UH_rxdZv4$_$16,-2.0,-0.5377637147903442,0.0014194624964147806,0.009959056042134762,0.9886215329170227,-0.5155373811721802,-0.44587016105651855,-0.4529252350330353,1.4844626188278198,1.5541298389434814,1.547074794769287,0.35194918513298035,0.32259660959243774,0.32545414566993713,vision,text,0,0.800000011920929,0.5454545617103577,0.38461539149284363,0.5227864980697632,0.4772135019302368,0.0014194624964147806,0.009959056042134762,0.9886215329170227,0.44573989510536194,0.2955209016799927,0.2587392330169678,vision,text,1,0.06652556359767914,1.0702097415924072,0.48658818006515503,0.031311292201280594,0.06966722011566162
92,cXypl4FnoZo$_$11,1.399999976158142,0.8282797336578369,0.0007254370138980448,0.008615637198090553,0.9906588792800903,0.8797121047973633,0.8326486945152283,0.8928643465042114,0.5202878713607788,0.5673512816429138,0.5071356296539307,0.3379012942314148,0.3185962438583374,0.3435024321079254,vision,vision,1,0.5483871102333069,0.568965494632721,0.5306122303009033,0.5221748352050781,0.4778251647949219,0.0007254370138980448,0.008615637198090553,0.9906588792800903,0.2877907454967499,0.33573484420776367,0.37647444009780884,vision,vision,1,0.05550158768892288,1.092661738395691,0.409456342458725,0.0258497167378664,0.060215651988983154
343,lXPQBPVc5Cw$_$1,0.20000000298023224,1.2062525749206543,0.0014195156982168555,0.008785968646407127,0.9897944331169128,1.3558683395385742,1.25728440284729,1.356720209121704,1.1558682918548584,1.0572843551635742,1.1567201614379883,0.3194805979728699,0.3613787591457367,0.31914061307907104,vision,audio,0,0.7222222089767456,0.44897958636283875,0.4067796468734741,0.5220565795898438,0.47794342041015625,0.0014195156982168555,0.008785968646407127,0.9897944331169128,0.41791000962257385,0.2756853401660919,0.30640465021133423,vision,text,0,0.06105972081422806,1.0822715759277344,0.45559319853782654,0.04667499661445618,0.09943580627441406
605,yDtzw_Y-7RU$_$20,-0.6000000238418579,0.28602948784828186,0.0009438791312277317,0.007303804624825716,0.9917523264884949,0.22954416275024414,0.23821479082107544,0.2301110327243805,0.829544186592102,0.8382148146629333,0.830111026763916,0.33461469411849976,0.33100762963294983,0.334377646446228,vision,text,0,0.6000000238418579,0.38461539149284363,0.4193548262119293,0.5218336582183838,0.4781663417816162,0.0009438791312277317,0.007303804624825716,0.9917523264884949,0.3803764879703522,0.2701877951622009,0.3494357466697693,vision,text,1,0.050718192011117935,1.0886566638946533,0.4282110929489136,0.003960527945309877,0.008670628070831299
98,cXypl4FnoZo$_$17,-0.6000000238418579,0.011012498289346695,0.0007240612176246941,0.007383412681519985,0.9918924570083618,0.06637321412563324,0.11053930222988129,0.07991649210453033,0.6663732528686523,0.7105393409729004,0.679916501045227,0.34135493636131287,0.3230202794075012,0.33562472462654114,vision,text,0,0.5384615659713745,0.48275861144065857,0.48571428656578064,0.5219067931175232,0.4780932068824768,0.0007240612176246941,0.007383412681519985,0.9918924570083618,0.3091348111629486,0.31210801005363464,0.37875714898109436,vision,vision,0,0.04955161362886429,1.0940580368041992,0.40875691175460815,0.018474668264389038,0.04416608810424805
550,vvZ4IcEtiZc$_$9,2.200000047683716,0.4645124673843384,0.0011897337390109897,0.011306378990411758,0.9875038266181946,0.7255533337593079,0.6756631731987,0.3714105784893036,1.4744467735290527,1.524336814880371,1.8285894393920898,0.38731828331947327,0.363901823759079,0.24877986311912537,vision,text,0,0.53125,0.5376344323158264,0.4324324429035187,0.5210173726081848,0.4789826273918152,0.0011897337390109897,0.011306378990411758,0.9875038266181946,0.3111606240272522,0.3450237214565277,0.3438156247138977,vision,audio,0,0.07110902667045593,1.0974920988082886,0.42912548780441284,0.1565161645412445,0.3541427552700043
328,k5Y_838nuGo$_$16,0.25,0.31531596183776855,0.0007015352603048086,0.0061838929541409016,0.9931145310401917,0.3502905070781708,0.341059148311615,0.3580264747142792,0.10029050707817078,0.09105914831161499,0.10802647471427917,0.3331131637096405,0.3369792699813843,0.32990750670433044,vision,audio,0,0.625,0.4736842215061188,0.5454545617103577,0.5220743417739868,0.4779256582260132,0.0007015352603048086,0.0061838929541409016,0.9931145310401917,0.334738165140152,0.2777440547943115,0.3875178098678589,vision,vision,0,0.043406493961811066,1.0895094871520996,0.40373119711875916,0.0069358437322080135,0.016967326402664185
24,c7UH_rxdZv4$_$14,1.2000000476837158,0.7131481170654297,0.0006588454125449061,0.008169476874172688,0.991171658039093,0.7496066093444824,0.7165172100067139,0.7403311729431152,0.4503934383392334,0.48348283767700195,0.4596688747406006,0.33921822905540466,0.3254737854003906,0.3353079557418823,vision,text,0,0.5,0.5625,0.5344827771186829,0.522179901599884,0.47782009840011597,0.0006588454125449061,0.008169476874172688,0.991171658039093,0.2684473991394043,0.3413007855415344,0.3902518153190613,vision,vision,0,0.05288882926106453,1.0871431827545166,0.4006132483482361,0.013936550356447697,0.033089399337768555
317,k5Y_838nuGo$_$7,-2.4000000953674316,0.3479292690753937,0.0010371108073741198,0.008400550112128258,0.990562379360199,0.30051282048225403,0.29357531666755676,0.3455132246017456,2.7005128860473633,2.693575382232666,2.745513439178467,0.33852267265319824,0.3414711058139801,0.32000625133514404,vision,audio,0,0.5,0.3888888955116272,0.40909090638160706,0.5215016007423401,0.4784983992576599,0.0010371108073741198,0.008400550112128258,0.990562379360199,0.3322533369064331,0.29690220952033997,0.37084436416625977,vision,vision,0,0.05666932091116905,1.0945073366165161,0.4131453037261963,0.023023441433906555,0.05193790793418884
495,tStelxIAHjw$_$1,0.0,0.8481757640838623,0.000715735019184649,0.006368396338075399,0.9929158687591553,0.9062560200691223,0.8461257219314575,0.9120166301727295,0.9062560200691223,0.8461257219314575,0.9120166301727295,0.3256390392780304,0.35105833411216736,0.32330262660980225,vision,audio,0,0.5833333134651184,0.47826087474823,0.5783132314682007,0.5218365788459778,0.4781634211540222,0.000715735019184649,0.006368396338075399,0.9929158687591553,0.30546101927757263,0.28014373779296875,0.41439521312713623,vision,vision,0,0.04444366320967674,1.0837812423706055,0.3856804370880127,0.029796423390507698,0.06589090824127197
414,pLTX3ipuDJI$_$12,-2.0,0.07585257291793823,0.0009033657843247056,0.008760720491409302,0.9903359413146973,0.1033710390329361,0.1320539265871048,0.11439400911331177,2.1033711433410645,2.132053852081299,2.114393949508667,0.338856965303421,0.32692304253578186,0.3342199921607971,vision,text,0,0.6388888955116272,0.5909090638160706,0.5862069129943848,0.5224850177764893,0.47751498222351074,0.0009033657843247056,0.008760720491409302,0.9903359413146973,0.30815231800079346,0.3152836263179779,0.37656405568122864,vision,vision,0,0.057452939450740814,1.0944490432739258,0.40918129682540894,0.011813770979642868,0.0286828875541687
172,dq3Nf_lMPnE$_$2,-1.399999976158142,0.7105613946914673,0.0006444019381888211,0.006708268541842699,0.9926472902297974,0.736768364906311,0.7069355249404907,0.749384343624115,2.136768341064453,2.106935501098633,2.1493842601776123,0.3308684527873993,0.34343984723091125,0.3256916105747223,vision,audio,0,0.6153846383094788,0.5625,0.6052631735801697,0.5222797989845276,0.4777202010154724,0.0006444019381888211,0.006708268541842699,0.9926472902297974,0.2987688481807709,0.30336812138557434,0.39786297082901,vision,vision,0,0.04563109204173088,1.0894876718521118,0.3965228796005249,0.01779843680560589,0.04244881868362427
561,vyB00TXsimI$_$6,2.0,0.9668329954147339,0.0008354934398084879,0.007200040854513645,0.9919644594192505,1.0472567081451416,0.9734808206558228,1.060051441192627,0.9527432918548584,1.0265191793441772,0.939948558807373,0.34152698516845703,0.31143999099731445,0.3470330536365509,vision,vision,1,0.6086956262588501,0.4868420958518982,0.554347813129425,0.5218400955200195,0.47815990447998047,0.0008354934398084879,0.007200040854513645,0.9919644594192505,0.3218628466129303,0.2838759124279022,0.3942612409591675,vision,vision,1,0.04944731667637825,1.0892903804779053,0.39846882224082947,0.038153283298015594,0.0865706205368042
146,d6hH302o4v8$_$11,-1.0,0.042001254856586456,0.0009143907809630036,0.012048694305121899,0.987036943435669,0.10229098796844482,0.12695568799972534,0.09395679831504822,1.1022909879684448,1.1269557476043701,1.0939568281173706,0.3355579078197479,0.3253702223300934,0.33907192945480347,vision,vision,1,0.5,0.6285714507102966,0.46341463923454285,0.5225425362586975,0.4774574637413025,0.0009143907809630036,0.012048694305121899,0.987036943435669,0.266285240650177,0.3921886384487152,0.3415261209011078,vision,audio,0,0.07251763343811035,1.0863507986068726,0.4303405284881592,0.014010840095579624,0.032998889684677124
653,zhpQhgha_KU$_$26,0.0,-0.21141184866428375,0.0006847603362984955,0.00985557958483696,0.989459753036499,-0.25654837489128113,-0.15779052674770355,-0.11826381832361221,0.25654837489128113,0.15779052674770355,0.11826381832361221,0.3011970818042755,0.34077152609825134,0.35803136229515076,vision,vision,1,0.4615384638309479,0.6190476417541504,0.5600000023841858,0.5219525098800659,0.4780474901199341,0.0006847603362984955,0.00985557958483696,0.989459753036499,0.2381884604692459,0.36686909198760986,0.3949424624443054,vision,vision,1,0.06100394204258919,1.0765129327774048,0.3963448405265808,0.05815505608916283,0.1382845640182495
617,yDtzw_Y-7RU$_$8,-1.5,-0.06879828125238419,0.0017224402399733663,0.015301486477255821,0.9829760789871216,-0.03610851615667343,0.03891078382730484,0.05032915621995926,1.4638915061950684,1.5389107465744019,1.5503292083740234,0.35611599683761597,0.32423946261405945,0.3196444809436798,vision,text,0,0.7142857313156128,0.6875,0.4736842215061188,0.5229349732398987,0.4770650267601013,0.0017224402399733663,0.015301486477255821,0.9829760789871216,0.3401423394680023,0.3684745132923126,0.29138311743736267,vision,audio,0,0.09179703891277313,1.0939947366714478,0.461061954498291,0.038340210914611816,0.08643767237663269
685,zhpQhgha_KU$_$32,0.800000011920929,0.4170014262199402,0.0004799349117092788,0.005975114181637764,0.9935449361801147,0.390632301568985,0.3824334740638733,0.3967953622341156,0.40936771035194397,0.41756653785705566,0.40320464968681335,0.33360719680786133,0.33020564913749695,0.3361871838569641,vision,vision,1,0.4000000059604645,0.460317462682724,0.5526315569877625,0.5217185616493225,0.4782814383506775,0.0004799349117092788,0.005975114181637764,0.9935449361801147,0.24196018278598785,0.30907031893730164,0.4489695429801941,vision,vision,1,0.040695253759622574,1.0657782554626465,0.36305028200149536,0.0058828177861869335,0.01436188817024231
513,tmZoasNr4rU$_$18,0.0,-0.16641566157341003,0.000874514109455049,0.007158022373914719,0.991967499256134,-0.14623349905014038,-0.05265228450298309,-0.03637982904911041,0.14623349905014038,0.05265228450298309,0.03637982904911041,0.30569028854370117,0.3436243236064911,0.35068538784980774,vision,vision,1,0.7777777910232544,0.6153846383094788,0.6666666865348816,0.5224514603614807,0.4775485396385193,0.000874514109455049,0.007158022373914719,0.991967499256134,0.34643620252609253,0.2801211178302765,0.3734426200389862,vision,vision,1,0.049515530467033386,1.0915429592132568,0.4123499095439911,0.048408061265945435,0.10985367000102997
63,cW1FSBF59ik$_$11,-1.0,-0.38829901814460754,0.001090019242838025,0.010941103100776672,0.987968921661377,-0.40614715218544006,-0.30269211530685425,-0.290372371673584,0.5938528776168823,0.6973078846931458,0.709627628326416,0.3644368350505829,0.3202283978462219,0.3153347373008728,vision,text,0,0.529411792755127,0.5529412031173706,0.5048543810844421,0.5218942761421204,0.47810572385787964,0.001090019242838025,0.010941103100776672,0.987968921661377,0.28788480162620544,0.3383151888847351,0.37380000948905945,vision,vision,0,0.06879560649394989,1.0929630994796753,0.40944594144821167,0.05191715434193611,0.11577478051185608
122,d6hH302o4v8$_$43,-2.5,0.4178910553455353,0.0007030917331576347,0.007159887813031673,0.9921370148658752,0.45419859886169434,0.4338746666908264,0.4675813615322113,2.9541985988616943,2.9338746070861816,2.967581272125244,0.3323206603527069,0.34087151288986206,0.32680782675743103,vision,audio,0,0.5384615659713745,0.5,0.5789473652839661,0.5219740271568298,0.47802597284317017,0.0007030917331576347,0.007159887813031673,0.9921370148658752,0.28509488701820374,0.2954947352409363,0.4194103479385376,vision,vision,0,0.04830098897218704,1.0824419260025024,0.3818177878856659,0.013857623562216759,0.03370669484138489
40,cM3Yna7AavY$_$1,2.200000047683716,0.040583521127700806,0.0011791163124144077,0.008740569464862347,0.9900802969932556,0.10229814797639847,0.1270240843296051,0.08371300250291824,2.0977017879486084,2.0729758739471436,2.1162869930267334,0.33239972591400146,0.3428337275981903,0.3247665762901306,vision,audio,0,0.6000000238418579,0.4300000071525574,0.43157893419265747,0.5218480229377747,0.47815197706222534,0.0011791163124144077,0.008740569464862347,0.9900802969932556,0.36093759536743164,0.28856396675109863,0.35049840807914734,vision,text,0,0.05924946814775467,1.0939141511917114,0.4263879656791687,0.017740817740559578,0.04331108182668686
293,jUzDDGyPkXU$_$10,2.4000000953674316,1.3066397905349731,0.0007000237237662077,0.009362448938190937,0.9899375438690186,1.374346375465393,1.2925574779510498,1.3730167150497437,1.0256537199020386,1.1074426174163818,1.026983380317688,0.344690203666687,0.31119197607040405,0.34411779046058655,vision,text,0,0.4761904776096344,0.5423728823661804,0.43396225571632385,0.5219487547874451,0.47805124521255493,0.0007000237237662077,0.009362448938190937,0.9899375438690186,0.2844492793083191,0.3635862171649933,0.35196453332901,vision,audio,0,0.05882934108376503,1.0929940938949585,0.42531535029411316,0.03824610635638237,0.08178889751434326
300,jUzDDGyPkXU$_$19,2.200000047683716,-0.22756367921829224,0.0019137385534122586,0.011300920508801937,0.9867852330207825,-0.14098429679870605,-0.04460155963897705,-0.023854397237300873,2.340984344482422,2.2446017265319824,2.2238545417785645,0.3043482303619385,0.34331586956977844,0.3523358702659607,vision,vision,1,0.8999999761581421,0.6000000238418579,0.46341463923454285,0.5229599475860596,0.47704005241394043,0.0019137385534122586,0.011300920508801937,0.9867852330207825,0.4582982063293457,0.2826853096485138,0.2590164244174957,vision,text,0,0.07576511800289154,1.0646268129348755,0.48517924547195435,0.051033202558755875,0.11712989956140518
167,dq3Nf_lMPnE$_$12,-1.600000023841858,0.29300007224082947,0.0009499329025857151,0.008203241042792797,0.9908469319343567,0.2959238290786743,0.3019675016403198,0.3202717900276184,1.8959238529205322,1.9019675254821777,1.920271873474121,0.3375530540943146,0.33501261472702026,0.32743436098098755,vision,text,0,0.6428571343421936,0.5,0.4516128897666931,0.5222620964050293,0.4777379035949707,0.0009499329025857151,0.008203241042792797,0.9908469319343567,0.3608502745628357,0.30563104152679443,0.33351871371269226,vision,text,1,0.055123746395111084,1.0963220596313477,0.4382188022136688,0.010351575911045074,0.024347960948944092
19,c7UH_rxdZv4$_$11,1.0,0.01256091520190239,0.0011698229936882854,0.010049807839095592,0.9887803792953491,0.10232216119766235,0.12659049034118652,0.08310596644878387,0.8976778388023376,0.8734095096588135,0.9168940186500549,0.3325500190258026,0.34279265999794006,0.32465729117393494,vision,audio,0,0.5833333134651184,0.4749999940395355,0.40425533056259155,0.5220182538032532,0.4779817461967468,0.0011698229936882854,0.010049807839095592,0.9887803792953491,0.3506072461605072,0.31645214557647705,0.3329406678676605,vision,text,0,0.06528492271900177,1.097737193107605,0.4372265040874481,0.01779237575829029,0.04348452389240265
168,dq3Nf_lMPnE$_$15,1.0,0.01226508617401123,0.0006161034107208252,0.00892313290387392,0.9904606938362122,0.10226839780807495,0.12656477093696594,0.0807417631149292,0.897731602191925,0.8734352588653564,0.9192582368850708,0.3328576683998108,0.34312179684638977,0.32402047514915466,vision,audio,0,0.4117647111415863,0.5423728823661804,0.5,0.5219469666481018,0.4780530333518982,0.0006161034107208252,0.00892313290387392,0.9904606938362122,0.2459028959274292,0.3579513430595398,0.3961458206176758,vision,vision,0,0.05615716800093651,1.079521656036377,0.3962099552154541,0.018718551844358444,0.04582300782203674
371,nbWiPyCm4g0$_$9,-1.399999976158142,-0.4670421779155731,0.0005048472667112947,0.006796941626816988,0.9926982522010803,-0.2785494327545166,-0.24941317737102509,-0.4379929006099701,1.1214505434036255,1.1505868434906006,0.9620070457458496,0.31399258971214294,0.30276262760162354,0.38324475288391113,vision,vision,1,0.5,0.5957446694374084,0.625,0.5217032432556152,0.47829675674438477,0.0005048472667112947,0.006796941626816988,0.9926982522010803,0.2479459047317505,0.32812559604644775,0.42392852902412415,vision,vision,1,0.045032888650894165,1.075232744216919,0.37917980551719666,0.08288777619600296,0.188579723238945
332,k5Y_838nuGo$_$30,1.600000023841858,0.9294880032539368,0.000981598161160946,0.008363213390111923,0.9906551241874695,0.9815247654914856,0.9219807386398315,0.9989267587661743,0.6184752583503723,0.6780192852020264,0.6010732650756836,0.33895280957221985,0.31464052200317383,0.3464066684246063,vision,vision,1,0.6666666865348816,0.5142857432365417,0.4878048896789551,0.52213054895401,0.47786945104599,0.000981598161160946,0.008363213390111923,0.9906551241874695,0.36105409264564514,0.29781410098075867,0.3411317765712738,vision,text,0,0.056108806282281876,1.0954363346099854,0.4330155849456787,0.03294611722230911,0.07694602012634277
196,etzxEpPuc6I$_$9,-2.799999952316284,-0.02388378232717514,0.0009012732189148664,0.00883242767304182,0.9902662634849548,-0.001321248710155487,0.0726221352815628,0.0605354979634285,2.7986786365509033,2.872622013092041,2.8605353832244873,0.352446973323822,0.321330726146698,0.32622233033180237,vision,text,0,0.6190476417541504,0.5555555820465088,0.5066666603088379,0.5221896171569824,0.4778103828430176,0.0009012732189148664,0.00883242767304182,0.9902662634849548,0.32616952061653137,0.3224330544471741,0.35139745473861694,vision,vision,0,0.05777707323431969,1.0978736877441406,0.4259125888347626,0.032386500388383865,0.07394338399171829
613,yDtzw_Y-7RU$_$4,-1.0,0.08138717710971832,0.0006095006829127669,0.007990187034010887,0.9914003610610962,0.10231262445449829,0.12837328016757965,0.08191286772489548,1.1023125648498535,1.1283732652664185,1.081912875175476,0.3340262770652771,0.3233203887939453,0.3426532745361328,vision,vision,1,0.4444444477558136,0.515625,0.4868420958518982,0.5218886733055115,0.4781113266944885,0.0006095006829127669,0.007990187034010887,0.9914003610610962,0.2663901746273041,0.3437764346599579,0.38983339071273804,vision,vision,1,0.05166352540254593,1.0866882801055908,0.40104466676712036,0.019014256075024605,0.046460412442684174
569,vyB00TXsimI$_$14,2.0,0.8545417189598083,0.0007289916393347085,0.005731669720262289,0.9935393929481506,0.8997278809547424,0.8487557172775269,0.9038068056106567,1.1002721786499023,1.1512442827224731,1.0961931943893433,0.33974501490592957,0.3187732994556427,0.3414817154407501,vision,vision,1,0.5454545617103577,0.3199999928474426,0.4333333373069763,0.521289050579071,0.47871094942092896,0.0007289916393347085,0.005731669720262289,0.9935393929481506,0.3599221706390381,0.254422664642334,0.3856551945209503,vision,vision,1,0.04129123315215111,1.083492636680603,0.40525612235069275,0.025045353919267654,0.05505108833312988
549,vvZ4IcEtiZc$_$6,1.0,0.05789535492658615,0.0010308343917131424,0.01413798425346613,0.9848312139511108,0.06609473377466202,0.07490591704845428,-0.13093829154968262,0.9339052438735962,0.9250940680503845,1.1309382915496826,0.3580675423145294,0.36203306913375854,0.2798994183540344,vision,audio,0,0.2916666567325592,0.5070422291755676,0.3499999940395355,0.5211864113807678,0.4788135886192322,0.0010308343917131424,0.01413798425346613,0.9848312139511108,0.2380489706993103,0.40299034118652344,0.35896065831184387,vision,audio,1,0.08235470950603485,1.0756919384002686,0.4172470271587372,0.09502717852592468,0.2058442085981369
88,cXypl4FnoZo$_$7,-1.0,0.005663054529577494,0.0011845823610201478,0.0061222855001688,0.9926931858062744,0.07047848403453827,0.11063899099826813,0.07989656180143356,1.0704784393310547,1.110638976097107,1.0798965692520142,0.3402130603790283,0.32355567812919617,0.3362312912940979,vision,text,0,0.9166666865348816,0.5454545617103577,0.6666666865348816,0.5227620005607605,0.4772379994392395,0.0011845823610201478,0.0061222855001688,0.9926931858062744,0.42060980200767517,0.22826829552650452,0.3511219024658203,vision,text,1,0.04646024480462074,1.0689663887023926,0.42771419882774353,0.01714858040213585,0.04016050696372986
638,yvsjCA6Y5Fc$_$6,0.0,-0.2029689997434616,0.0009739426895976067,0.0071329036727547646,0.9918931722640991,-0.19245943427085876,-0.11572535336017609,-0.0731833353638649,0.19245943427085876,0.11572535336017609,0.0731833353638649,0.30661189556121826,0.33747804164886475,0.3559100329875946,vision,vision,1,0.7272727489471436,0.523809552192688,0.5416666865348816,0.5220810174942017,0.47791898250579834,0.0009739426895976067,0.0071329036727547646,0.9918931722640991,0.37172865867614746,0.27999287843704224,0.3482784330844879,vision,text,0,0.050085537135601044,1.0916355848312378,0.42907649278640747,0.049356672912836075,0.11927609890699387
424,pLTX3ipuDJI$_$6,-1.399999976158142,0.9719362258911133,0.0005388336721807718,0.006021004170179367,0.9934402108192444,0.9954800009727478,0.9457187652587891,1.0060486793518066,2.395479917526245,2.3457188606262207,2.4060487747192383,0.32775571942329407,0.3487900495529175,0.32345423102378845,vision,audio,0,0.5,0.49056604504585266,0.609375,0.5217779278755188,0.4782220721244812,0.0005388336721807718,0.006021004170179367,0.9934402108192444,0.26392844319343567,0.29141965508461,0.44465184211730957,vision,vision,0,0.04137592017650604,1.0712649822235107,0.36585888266563416,0.02630501240491867,0.06032991409301758
350,lXPQBPVc5Cw$_$9,-2.5999999046325684,0.0212620310485363,0.0011148593621328473,0.007333636749535799,0.9915515184402466,0.10058067739009857,0.12626783549785614,0.08119340986013412,2.700580596923828,2.7262678146362305,2.6811933517456055,0.33412063121795654,0.32356274127960205,0.3423166275024414,vision,vision,1,0.6875,0.46341463923454285,0.5510203838348389,0.522028923034668,0.47797107696533203,0.0011148593621328473,0.007333636749535799,0.9915515184402466,0.3611961305141449,0.26125410199165344,0.3775497376918793,vision,vision,1,0.05203953757882118,1.0862431526184082,0.4093345105648041,0.018461372703313828,0.045074425637722015
453,rnaNMUZpvvg$_$2,2.25,1.5345240831375122,0.0006117121665738523,0.007633069530129433,0.9917552471160889,1.5770806074142456,1.467890977859497,1.5670292377471924,0.6729193925857544,0.7821090221405029,0.6829707622528076,0.34965863823890686,0.3050483763217926,0.34529295563697815,vision,text,0,0.4444444477558136,0.47058823704719543,0.4285714328289032,0.5215111970901489,0.4784888029098511,0.0006117121665738523,0.007633069530129433,0.9917552471160889,0.28752070665359497,0.3375508785247803,0.37492841482162476,vision,vision,0,0.04995010048151016,1.0927889347076416,0.41121789813041687,0.04927448555827141,0.10918962955474854
73,cXypl4FnoZo$_$24,0.20000000298023224,0.02284076064825058,0.0005969061166979373,0.008984970860183239,0.990418016910553,0.10229136049747467,0.12607094645500183,0.08086849749088287,0.09770864248275757,0.07392905652523041,0.11913150548934937,0.3329174518585205,0.3429618179798126,0.3241207003593445,vision,audio,0,0.46000000834465027,0.6168224215507507,0.5555555820465088,0.5222873687744141,0.47771263122558594,0.0005969061166979373,0.008984970860183239,0.990418016910553,0.23817409574985504,0.3681716024875641,0.3936542272567749,vision,vision,0,0.05630619078874588,1.0765972137451172,0.39784252643585205,0.018462181091308594,0.04520244896411896
565,vyB00TXsimI$_$10,1.3333333730697632,0.009786967188119888,0.0007310269866138697,0.01206426415592432,0.9872046709060669,0.07546044886112213,0.11502782255411148,0.07989663630723953,1.2578729391098022,1.2183055877685547,1.2534366846084595,0.3271969258785248,0.34378671646118164,0.32901641726493835,vision,audio,0,0.4545454680919647,0.6451612710952759,0.4054054021835327,0.5226258635520935,0.4773741364479065,0.0007310269866138697,0.01206426415592432,0.9872046709060669,0.2575707733631134,0.42536911368370056,0.31706011295318604,vision,audio,1,0.07128586620092392,1.077184796333313,0.4467630386352539,0.01769951917231083,0.03956737369298935
511,tmZoasNr4rU$_$16,-1.399999976158142,-0.3362973928451538,0.0011361249489709735,0.010103295557200909,0.9887605309486389,-0.3798007667064667,-0.2951509356498718,-0.30080267786979675,1.020199179649353,1.104849100112915,1.099197268486023,0.3564344346523285,0.32064616680145264,0.32291942834854126,vision,text,0,0.6000000238418579,0.5,0.42105263471603394,0.5219851732254028,0.47801482677459717,0.0011361249489709735,0.010103295557200909,0.9887605309486389,0.352279394865036,0.31819888949394226,0.32952171564102173,vision,text,1,0.06530269235372543,1.0977129936218262,0.4394925534725189,0.03864113241434097,0.08464983105659485
514,tmZoasNr4rU$_$20,-1.0,-0.1748369336128235,0.001033998909406364,0.00914076529443264,0.9898253083229065,-0.20772325992584229,-0.11684747040271759,-0.08884476870298386,0.7922767400741577,0.8831525444984436,0.9111552238464355,0.36303767561912537,0.3240545690059662,0.31290775537490845,vision,text,0,0.6000000238418579,0.5384615659713745,0.5625,0.5219029188156128,0.4780970811843872,0.001033998909406364,0.00914076529443264,0.9898253083229065,0.30696526169776917,0.304560124874115,0.38847461342811584,vision,vision,0,0.060146767646074295,1.091933250427246,0.4009004533290863,0.050744082778692245,0.11887849122285843
257,iiK8YX8oH1E$_$11,1.0,0.5683855414390564,0.0010618461528792977,0.006803804077208042,0.9921343326568604,0.6297547221183777,0.6050721406936646,0.6490411758422852,0.3702452778816223,0.39492785930633545,0.35095882415771484,0.33399927616119385,0.32385164499282837,0.34214913845062256,vision,vision,1,0.7307692170143127,0.4430379867553711,0.4893617033958435,0.5221384167671204,0.47786158323287964,0.0010618461528792977,0.006803804077208042,0.9921343326568604,0.4033205211162567,0.25670096278190613,0.33997851610183716,vision,text,0,0.04905872792005539,1.0820913314819336,0.4347705543041229,0.017995299771428108,0.043969035148620605
499,tStelxIAHjw$_$4,-2.799999952316284,-0.33814239501953125,0.0013581359526142478,0.009405845776200294,0.989236056804657,-0.2724531590938568,-0.15867607295513153,-0.12438762933015823,2.5275468826293945,2.6413238048553467,2.675612211227417,0.3705809712409973,0.321452796459198,0.3079662322998047,vision,text,0,0.7037037014961243,0.5061728358268738,0.4639175236225128,0.5219626426696777,0.47803735733032227,0.0013581359526142478,0.009405845776200294,0.989236056804657,0.3833739757537842,0.29198405146598816,0.32464203238487244,vision,text,1,0.06356337666511536,1.0922391414642334,0.4430627226829529,0.0632844790816307,0.14806553721427917
259,iiK8YX8oH1E$_$13,-2.0,-0.08088058978319168,0.0005610892549157143,0.0054210820235311985,0.9940178394317627,-0.10385674983263016,-0.02013757824897766,0.0019604191184043884,1.8961431980133057,1.9798624515533447,2.001960515975952,0.360134094953537,0.32435137033462524,0.31551453471183777,vision,text,0,0.5454545617103577,0.46666666865348816,0.6666666865348816,0.5215675830841064,0.47843241691589355,0.0005610892549157143,0.0054210820235311985,0.9940178394317627,0.27295875549316406,0.2600567936897278,0.46698451042175293,vision,vision,0,0.038448598235845566,1.0602675676345825,0.35135555267333984,0.04557593911886215,0.10581716895103455
137,d6hH302o4v8$_$2,-1.7999999523162842,0.5523110628128052,0.0008907607989385724,0.007879679091274738,0.9912296533584595,0.6165686845779419,0.5804237127304077,0.6239136457443237,2.4165687561035156,2.3804235458374023,2.4239134788513184,0.32926374673843384,0.34448155760765076,0.32625463604927063,vision,audio,0,0.5454545617103577,0.4545454680919647,0.4871794879436493,0.5218127369880676,0.4781872630119324,0.0008907607989385724,0.007879679091274738,0.9912296533584595,0.31654778122901917,0.29771044850349426,0.38574180006980896,vision,vision,0,0.05315292626619339,1.0922876596450806,0.40365856885910034,0.019008131697773933,0.043489933013916016
675,zhpQhgha_KU$_$14,-1.5,-0.4843609035015106,0.0009934629779309034,0.005203214939683676,0.9938032627105713,-0.48814889788627625,-0.3866955041885376,-0.3505891263484955,1.0118510723114014,1.1133044958114624,1.1494108438491821,0.36725327372550964,0.3235115706920624,0.3092351257801056,vision,text,0,0.6666666865348816,0.3214285671710968,0.5757575631141663,0.5211129188537598,0.47888708114624023,0.0009934629779309034,0.005203214939683676,0.9938032627105713,0.3743384778499603,0.20864923298358917,0.41701221466064453,vision,vision,0,0.040407586842775345,1.059532880783081,0.38452738523483276,0.05823243781924248,0.13755977153778076
34,cM3Yna7AavY$_$10,1.600000023841858,0.07112421095371246,0.0007745844777673483,0.004700384568423033,0.9945250749588013,0.41680315136909485,0.37107932567596436,0.003096476197242737,1.1831969022750854,1.2289206981658936,1.5969035625457764,0.39359617233276367,0.37173107266426086,0.23467278480529785,vision,text,0,0.7142857313156128,0.42105263471603394,0.6086956262588501,0.5205443501472473,0.4794556498527527,0.0007745844777673483,0.004700384568423033,0.9945250749588013,0.37053659558296204,0.22705355286598206,0.4024098813533783,vision,vision,0,0.036202963441610336,1.0707998275756836,0.3947434425354004,0.1851891577243805,0.4137066602706909
159,d6hH302o4v8$_$36,-2.200000047683716,1.0140182971954346,0.0006094114505685866,0.008378772996366024,0.9910118579864502,1.0943093299865723,1.047212839126587,0.9376367330551147,3.294309377670288,3.2472128868103027,3.137636661529541,0.30515986680984497,0.3236640691757202,0.3711761236190796,vision,vision,1,0.5,0.5882353186607361,0.5609756112098694,0.5218104720115662,0.47818952798843384,0.0006094114505685866,0.008378772996366024,0.9910118579864502,0.26494669914245605,0.3418862819671631,0.39316704869270325,vision,vision,1,0.05352683365345001,1.085877537727356,0.3985632359981537,0.06563476473093033,0.15667259693145752
327,k5Y_838nuGo$_$17,0.800000011920929,0.11168252676725388,0.0006209887214936316,0.006014043465256691,0.9933650493621826,0.10632168501615524,0.13931800425052643,0.11766818165779114,0.6936783194541931,0.6606820225715637,0.6823318004608154,0.32718318700790405,0.3409601151943207,0.33185675740242004,vision,audio,0,0.625,0.5263158082962036,0.625,0.5221814513206482,0.4778185486793518,0.0006209887214936316,0.006014043465256691,0.9933650493621826,0.3062022924423218,0.2814934551715851,0.41230425238609314,vision,vision,0,0.041952136904001236,1.0845263004302979,0.3873738646507263,0.01368784811347723,0.032996319234371185
444,phBUpBr1hSo$_$6,1.600000023841858,0.9815309643745422,0.0009144622599706054,0.009192832745611668,0.9898927807807922,1.0541058778762817,0.9847006797790527,1.0649999380111694,0.5458941459655762,0.6152993440628052,0.5350000858306885,0.3412257730960846,0.312870055437088,0.3459042012691498,vision,vision,1,0.550000011920929,0.5106382966041565,0.45614033937454224,0.5219153165817261,0.4780846834182739,0.0009144622599706054,0.009192832745611668,0.9898927807807922,0.31499963998794556,0.32883116602897644,0.3561692237854004,vision,vision,1,0.059562839567661285,1.0973031520843506,0.42248237133026123,0.035564862191677094,0.0802992582321167
282,jUzDDGyPkXU$_$23,1.2000000476837158,0.0019513326697051525,0.000832875317428261,0.009385520592331886,0.9897816181182861,0.005601026117801666,0.061463095247745514,0.0642004981637001,1.1943989992141724,1.1385369300842285,1.135799527168274,0.31762951612472534,0.34060150384902954,0.34176895022392273,vision,vision,1,0.5714285969734192,0.5789473652839661,0.47826087474823,0.5222869515419006,0.47771304845809937,0.000832875317428261,0.009385520592331886,0.9897816181182861,0.3052622377872467,0.34943199157714844,0.34530574083328247,vision,audio,0,0.05988870561122894,1.0968005657196045,0.42965054512023926,0.02700197882950306,0.05859947204589844
55,cW1FSBF59ik$_$3,-1.0,-0.7880425453186035,0.00043262363760732114,0.0048925019800662994,0.994674801826477,-0.4858585298061371,-0.4489343762397766,-0.6383181810379028,0.5141414403915405,0.5510656237602234,0.36168181896209717,0.31597191095352173,0.3017195761203766,0.3823084831237793,vision,vision,1,0.40909090638160706,0.4126984179019928,0.5909090638160706,0.5209000706672668,0.47909992933273315,0.00043262363760732114,0.0048925019800662994,0.994674801826477,0.24891163408756256,0.27433085441589355,0.4767574965953827,vision,vision,1,0.03469028323888779,1.0541326999664307,0.34527823328971863,0.08197125047445297,0.18938380479812622
110,d3_k5Xpfmik$_$19,0.20000000298023224,0.7008596658706665,0.0009764375863596797,0.00820988044142723,0.990813672542572,0.7568536400794983,0.7202718257904053,0.7627180218696594,0.5568536520004272,0.5202718377113342,0.5627180337905884,0.32900306582450867,0.34439677000045776,0.3266001343727112,vision,audio,0,0.6176470518112183,0.48148149251937866,0.4806201457977295,0.5220337510108948,0.4779662489891052,0.0009764375863596797,0.00820988044142723,0.990813672542572,0.3466467559337616,0.29579418897628784,0.3575590252876282,vision,vision,0,0.05533953011035919,1.0952922105789185,0.4221697747707367,0.018780307844281197,0.04244619607925415
488,tStelxIAHjw$_$11,-2.799999952316284,-0.167085200548172,0.001384914037771523,0.009321622550487518,0.9892934560775757,-0.14387473464012146,-0.054196372628211975,-0.019177518784999847,2.65612530708313,2.7458035945892334,2.780822515487671,0.36368587613105774,0.32511937618255615,0.3111947178840637,vision,text,0,0.6666666865348816,0.47058823704719543,0.44999998807907104,0.5218365788459778,0.4781634211540222,0.001384914037771523,0.009321622550487518,0.9892934560775757,0.37512630224227905,0.28918275237083435,0.3356909453868866,vision,text,1,0.06334716081619263,1.0930248498916626,0.43573498725891113,0.05251235142350197,0.12469721585512161
177,dq3Nf_lMPnE$_$9,-0.800000011920929,0.7675697207450867,0.001573225250467658,0.011593976058065891,0.986832857131958,0.840146541595459,0.7868790626525879,0.856508731842041,1.6401464939117432,1.586879014968872,1.6565086841583252,0.32801878452301025,0.35060322284698486,0.32137802243232727,vision,audio,0,0.75,0.5652173757553101,0.4285714328289032,0.5226510763168335,0.4773489236831665,0.001573225250467658,0.011593976058065891,0.986832857131958,0.40113189816474915,0.31202661991119385,0.2868415117263794,vision,text,0,0.07491211593151093,1.0880420207977295,0.46666091680526733,0.029727347195148468,0.06962966918945312
253,fvVhgmXxadc$_$7,-1.0,0.8895152807235718,0.0003099608002230525,0.004199676681309938,0.9954903721809387,0.9076114296913147,0.8571023941040039,0.8884638547897339,1.90761137008667,1.857102394104004,1.8884638547897339,0.32368797063827515,0.34478330612182617,0.3315286636352539,vision,audio,0,0.38461539149284363,0.4285714328289032,0.6578947305679321,0.5214360952377319,0.47856390476226807,0.0003099608002230525,0.004199676681309938,0.9954903721809387,0.22086600959300995,0.26781371235847473,0.5113202929496765,vision,vision,0,0.029987389221787453,1.0293591022491455,0.3227800726890564,0.02082023024559021,0.05050903558731079
621,yDtzw_Y-7RU$_$12,-0.6666666865348816,0.049612194299697876,0.0006571222329512239,0.0054591321386396885,0.9938837885856628,0.10226330906152725,0.12676019966602325,0.0806460902094841,0.7689300179481506,0.7934268712997437,0.7473127841949463,0.33364108204841614,0.32357946038246155,0.3427794873714447,vision,vision,1,0.5333333611488342,0.3877550959587097,0.5593220591545105,0.5215027928352356,0.4784972071647644,0.0006571222329512239,0.0054591321386396885,0.9938837885856628,0.3054492473602295,0.25765833258628845,0.43689247965812683,vision,vision,1,0.039357222616672516,1.0734467506408691,0.37132757902145386,0.01883823797106743,0.046114109456539154
322,k5Y_838nuGo$_$10,2.0,0.7975561022758484,0.0006552004488185048,0.0071474225260317326,0.9921974539756775,0.8349794745445251,0.800159215927124,0.8490294218063354,1.16502046585083,1.199840784072876,1.1509705781936646,0.33612024784088135,0.3218042850494385,0.3420754671096802,vision,vision,1,0.5454545617103577,0.517241358757019,0.529411792755127,0.5220119953155518,0.47798800468444824,0.0006552004488185048,0.0071474225260317326,0.9921974539756775,0.2955370247364044,0.31501835584640503,0.3894446790218353,vision,vision,1,0.04789043962955475,1.0913928747177124,0.40183520317077637,0.02054302766919136,0.048870205879211426
184,etzxEpPuc6I$_$14,-1.2000000476837158,0.6440653800964355,0.0005726567469537258,0.005882249679416418,0.9935451745986938,0.6431319713592529,0.618184506893158,0.65899658203125,1.8431320190429688,1.8181846141815186,1.8589966297149658,0.3320009112358093,0.3425171971321106,0.32548192143440247,vision,audio,0,0.5199999809265137,0.46666666865348816,0.6000000238418579,0.5217881202697754,0.4782118797302246,0.0005726567469537258,0.005882249679416418,0.9935451745986938,0.27795547246932983,0.2810060679912567,0.44103845953941345,vision,vision,0,0.040919091552495956,1.0736123323440552,0.36833781003952026,0.016798436641693115,0.04081207513809204
308,k5Y_838nuGo$_$22,0.4000000059604645,0.7633034586906433,0.001121115987189114,0.01103996392339468,0.9878389835357666,0.8067647814750671,0.7688734531402588,0.8180244565010071,0.40676477551460266,0.3688734471797943,0.4180244505405426,0.32954058051109314,0.34552454948425293,0.3249348998069763,vision,audio,0,0.800000011920929,0.6875,0.44736841320991516,0.5233045220375061,0.4766954779624939,0.001121115987189114,0.01103996392339468,0.9878389835357666,0.3910816013813019,0.3486115336418152,0.2603069543838501,vision,text,0,0.06945163011550903,1.084873914718628,0.48502135276794434,0.021024731919169426,0.04915100336074829
552,vyB00TXsimI$_$20,2.200000047683716,0.6233987808227539,0.0007696360116824508,0.006428522523492575,0.9928019046783447,0.6814232468605042,0.6421191692352295,0.6787692308425903,1.5185768604278564,1.5578808784484863,1.5212308168411255,0.3391272723674774,0.32286858558654785,0.33800411224365234,vision,text,0,0.6363636255264282,0.4838709533214569,0.5945945978164673,0.522026777267456,0.47797322273254395,0.0007696360116824508,0.006428522523492575,0.9928019046783447,0.3261207044124603,0.26811540126800537,0.4057638645172119,vision,vision,0,0.045134905725717545,1.0843371152877808,0.3913586735725403,0.017935333773493767,0.03930407762527466
273,iiK8YX8oH1E$_$9,0.4000000059604645,0.13429100811481476,0.0007884307415224612,0.008243969641625881,0.9909675717353821,0.10668546706438065,0.13848303258419037,0.12314458191394806,0.29331454634666443,0.2615169882774353,0.2768554091453552,0.32665497064590454,0.3398999273777008,0.33344510197639465,vision,audio,0,0.5,0.4482758641242981,0.4117647111415863,0.5217998027801514,0.47820019721984863,0.0007884307415224612,0.008243969641625881,0.9909675717353821,0.31922292709350586,0.3215924799442291,0.359184592962265,vision,vision,0,0.0541820153594017,1.0971226692199707,0.42118868231773376,0.012983988039195538,0.03179756551980972
483,tIrG4oNLFzE$_$4,1.399999976158142,1.1299926042556763,0.0008042929111979902,0.00792712438851595,0.9912686347961426,1.2102198600769043,1.1298784017562866,1.2148737907409668,0.1897801160812378,0.27012157440185547,0.1851261854171753,0.34360888600349426,0.310777485370636,0.34561362862586975,vision,vision,1,0.46666666865348816,0.3928571343421936,0.39393940567970276,0.5213541388511658,0.47864586114883423,0.0008042929111979902,0.00792712438851595,0.9912686347961426,0.3186936378479004,0.30791568756103516,0.37339070439338684,vision,vision,1,0.05277132987976074,1.094975471496582,0.41191864013671875,0.03901655972003937,0.08499538898468018
520,tmZoasNr4rU$_$7,-1.0,-0.15346379578113556,0.0008040749817155302,0.007918876595795155,0.9912770986557007,-0.1923319399356842,-0.11139528453350067,-0.11645624786615372,0.8076680898666382,0.8886047005653381,0.8835437297821045,0.35545530915260315,0.3212529718875885,0.32329171895980835,vision,text,0,0.517241358757019,0.4740259647369385,0.5380434989929199,0.5216841697692871,0.4783158302307129,0.0008040749817155302,0.007918876595795155,0.9912770986557007,0.29410600662231445,0.29691413044929504,0.4089798629283905,vision,vision,0,0.05272994935512543,1.0861423015594482,0.3881981372833252,0.037018727511167526,0.08093665540218353
153,d6hH302o4v8$_$16,-2.0,0.14942871034145355,0.0011121442075818777,0.005741512402892113,0.9931463003158569,0.08720189332962036,0.09911725670099258,0.11262406408786774,2.0872018337249756,2.0991172790527344,2.112624168395996,0.33853116631507874,0.3335263729095459,0.32794252038002014,vision,text,0,0.5,0.1666666716337204,0.4285714328289032,0.5207687616348267,0.47923123836517334,0.0011121442075818777,0.005741512402892113,0.9931463003158569,0.36869120597839355,0.20825281739234924,0.4230559766292572,vision,vision,0,0.04402074217796326,1.05856192111969,0.38006025552749634,0.010385334491729736,0.025422170758247375
639,yvsjCA6Y5Fc$_$9,-1.399999976158142,0.19170591235160828,0.0007395177963189781,0.007456488907337189,0.9918040037155151,0.12441849708557129,0.1546023190021515,0.14420035481452942,1.5244184732437134,1.5546022653579712,1.5442003011703491,0.3403039872646332,0.32770365476608276,0.33199238777160645,vision,text,0,0.5263158082962036,0.4736842215061188,0.4852941036224365,0.5219050645828247,0.4780949354171753,0.0007395177963189781,0.007456488907337189,0.9918040037155151,0.3077516555786133,0.30985695123672485,0.38239142298698425,vision,vision,0,0.050020743161439896,1.0933127403259277,0.40627503395080566,0.012519256211817265,0.0301838219165802
204,f9O3YtZ2VfI$_$22,1.399999976158142,0.029740072786808014,0.0010879503097385168,0.007176789455115795,0.9917353391647339,0.10229367762804031,0.12705349922180176,0.08189306408166885,1.2977062463760376,1.2729464769363403,1.3181068897247314,0.33263975381851196,0.3430958390235901,0.32426443696022034,vision,audio,0,0.7272727489471436,0.48275861144065857,0.529411792755127,0.5222132205963135,0.4777867794036865,0.0010879503097385168,0.007176789455115795,0.9917353391647339,0.3815228343009949,0.26583221554756165,0.35264500975608826,vision,text,0,0.05108509212732315,1.0873874425888062,0.42606019973754883,0.018465278670191765,0.045160435140132904
672,zhpQhgha_KU$_$13,-1.0,0.1712905913591385,0.0008689023088663816,0.013263165950775146,0.9858680367469788,0.1678500771522522,0.17095309495925903,0.18922144174575806,1.1678500175476074,1.1709530353546143,1.1892213821411133,0.3367266356945038,0.335423082113266,0.327850341796875,vision,text,0,0.5,0.6875,0.42105263471603394,0.5229467153549194,0.47705328464508057,0.0008689023088663816,0.013263165950775146,0.9858680367469788,0.2606169879436493,0.43224242329597473,0.3071405291557312,vision,audio,0,0.07748942822217941,1.0755679607391357,0.45248496532440186,0.0094286585226655,0.02137136459350586
15,c7UH_rxdZv4$_$7,-3.0,-0.12881235778331757,0.0005894600762985647,0.008199810981750488,0.9912106990814209,-0.17947232723236084,-0.09615619480609894,-0.05400966852903366,2.8205275535583496,2.903843879699707,2.9459903240203857,0.36285197734832764,0.32696378231048584,0.31018421053886414,vision,text,0,0.5714285969734192,0.6875,0.6499999761581421,0.5223825573921204,0.47761744260787964,0.0005894600762985647,0.008199810981750488,0.9912106990814209,0.24950596690177917,0.3549041748046875,0.39558982849121094,vision,vision,0,0.052522920072078705,1.0808912515640259,0.39708060026168823,0.05213101580739021,0.12546265125274658
504,tmZoasNr4rU$_$11,-0.6000000238418579,-0.12182758748531342,0.0010458104079589248,0.007218663115054369,0.9917355179786682,-0.06317340582609177,0.024982117116451263,0.032175205647945404,0.5368266105651855,0.6249821186065674,0.6321752071380615,0.3592853844165802,0.32179751992225647,0.31891706585884094,vision,text,0,0.800000011920929,0.5789473652839661,0.6666666865348816,0.522401750087738,0.47759824991226196,0.0010458104079589248,0.007218663115054369,0.9917355179786682,0.36239898204803467,0.2616792619228363,0.37592175602912903,vision,vision,0,0.05100341886281967,1.0864471197128296,0.41054248809814453,0.0433519147336483,0.09534861147403717
361,lXPQBPVc5Cw$_$18,-1.399999976158142,0.6421062350273132,0.0006017704727128148,0.0078048729337751865,0.9915933609008789,0.6554543972015381,0.6323356032371521,0.6443670988082886,2.0554542541503906,2.0323355197906494,2.0443670749664307,0.32859331369400024,0.3382277190685272,0.3331789970397949,vision,audio,0,0.3636363744735718,0.4399999976158142,0.46666666865348816,0.5215822458267212,0.4784177541732788,0.0006017704727128148,0.0078048729337751865,0.9915933609008789,0.2536093592643738,0.32819777727127075,0.41819289326667786,vision,vision,0,0.05071079730987549,1.0781856775283813,0.3822669982910156,0.009440830908715725,0.023118793964385986
71,cW1FSBF59ik$_$19,0.20000000298023224,-0.07858578115701675,0.0007413106504827738,0.004793716594576836,0.9944650530815125,-0.024973340332508087,0.05205103009939194,0.02489284798502922,0.22497335076332092,0.1479489803314209,0.17510715126991272,0.315917432308197,0.34784653782844543,0.3362361192703247,vision,audio,0,0.5,0.2916666567325592,0.6551724076271057,0.5209778547286987,0.47902214527130127,0.0007413106504827738,0.004793716594576836,0.9944650530815125,0.28007104992866516,0.20554234087467194,0.5143865942955017,vision,vision,0,0.036462876945734024,1.0235929489135742,0.32005229592323303,0.03189733251929283,0.07702437043190002
118,d3_k5Xpfmik$_$6,1.600000023841858,1.3639991283416748,0.001038624090142548,0.008289462886750698,0.9906718730926514,1.4857099056243896,1.379258632659912,1.4773590564727783,0.11429011821746826,0.2207413911819458,0.12264096736907959,0.3490371108055115,0.3055502474308014,0.34541261196136475,vision,text,0,0.6363636255264282,0.49367088079452515,0.5208333134651184,0.5218525528907776,0.4781474471092224,0.001038624090142548,0.008289462886750698,0.9906718730926514,0.3411352038383484,0.2889268398284912,0.3699379861354828,vision,vision,0,0.05614915490150452,1.0934828519821167,0.41382262110710144,0.048333682119846344,0.10645127296447754
527,v0zCBqDeKcE$_$12,-0.4000000059604645,-0.1887335628271103,0.0009160637855529785,0.007805981207638979,0.9912780523300171,-0.2183188498020172,-0.1262064427137375,-0.11831723898649216,0.18168115615844727,0.2737935781478882,0.2816827595233917,0.3605245351791382,0.3213142156600952,0.3181612193584442,vision,text,0,0.5333333611488342,0.4307692348957062,0.5256410241127014,0.5214793682098389,0.47852063179016113,0.0009160637855529785,0.007805981207638979,0.9912780523300171,0.3102242946624756,0.27955731749534607,0.41021835803985596,vision,vision,0,0.05297340825200081,1.084945797920227,0.38737308979034424,0.0453961044549942,0.10000161081552505
287,jUzDDGyPkXU$_$4,-1.600000023841858,0.432953417301178,0.0010139263467863202,0.006865939125418663,0.9921201467514038,0.45824289321899414,0.4462592601776123,0.484505832195282,2.0582427978515625,2.0462594032287598,2.084505796432495,0.335255891084671,0.3403156101703644,0.324428528547287,vision,audio,0,0.6315789222717285,0.3932584226131439,0.5,0.5217261910438538,0.47827380895614624,0.0010139263467863202,0.006865939125418663,0.9921201467514038,0.36522385478019714,0.2546524703502655,0.38012367486953735,vision,vision,0,0.04903913289308548,1.0838755369186401,0.40799766778945923,0.015972718596458435,0.03824657201766968
123,d6hH302o4v8$_$24,-2.799999952316284,-0.7575401663780212,0.0013394913403317332,0.009691488929092884,0.9889689683914185,-0.6750076413154602,-0.5746200084686279,-0.5841811895370483,2.1249923706054688,2.2253799438476562,2.2158188819885254,0.36039361357688904,0.3178921937942505,0.32171422243118286,vision,text,0,0.625,0.43478259444236755,0.40740740299224854,0.5217621326446533,0.4782378673553467,0.0013394913403317332,0.009691488929092884,0.9889689683914185,0.3820512890815735,0.28735050559043884,0.33059820532798767,vision,text,1,0.06476595997810364,1.0918742418289185,0.43891388177871704,0.04523831233382225,0.10038763284683228
224,f9O3YtZ2VfI$_$16,-1.0,-0.0016763056628406048,0.001112668076530099,0.010354406200349331,0.9885329008102417,-0.03383142501115799,0.009302452206611633,0.050306957215070724,0.9661685824394226,1.0093024969100952,1.0503069162368774,0.35116317868232727,0.3327307403087616,0.3161061704158783,vision,text,0,0.5416666865348816,0.5185185074806213,0.45098039507865906,0.5219209790229797,0.47807902097702026,0.001112668076530099,0.010354406200349331,0.9885329008102417,0.3135609030723572,0.33542105555534363,0.3510180413722992,vision,vision,0,0.06629151850938797,1.0975463390350342,0.42500993609428406,0.034353017807006836,0.08413837850093842
543,vvZ4IcEtiZc$_$1,2.0,1.0726040601730347,0.0011577055556699634,0.005801105871796608,0.9930411577224731,1.1489052772521973,1.0766655206680298,1.1623517274856567,0.8510947227478027,0.9233344793319702,0.8376482725143433,0.34122616052627563,0.31176379323005676,0.34700995683670044,vision,vision,1,0.75,0.31578946113586426,0.43478259444236755,0.5216556191444397,0.4783443808555603,0.0011577055556699634,0.005801105871796608,0.9930411577224731,0.4568389356136322,0.21488165855407715,0.3282794654369354,vision,text,0,0.044636160135269165,1.0539826154708862,0.44317448139190674,0.037626080214977264,0.08568620681762695
283,jUzDDGyPkXU$_$1,2.799999952316284,0.5843250751495361,0.0011758900946006179,0.005358577705919743,0.9934654831886292,0.5810590982437134,0.5470564961433411,0.6010313034057617,2.2189407348632812,2.252943515777588,2.1989686489105225,0.335158109664917,0.3212112486362457,0.3436306416988373,vision,vision,1,0.8571428656578064,0.4000000059604645,0.5882353186607361,0.5221378803253174,0.4778621196746826,0.0011758900946006179,0.005358577705919743,0.9934654831886292,0.4480039179325104,0.20065949857234955,0.35133662819862366,vision,text,0,0.04246564209461212,1.0495164394378662,0.42808592319488525,0.022281896322965622,0.053974807262420654
601,wMbj6ajWbic$_$19,-0.6000000238418579,0.24255628883838654,0.0007181139080785215,0.005592735484242439,0.9936891794204712,0.17484626173973083,0.1826408952474594,0.19834300875663757,0.7748463153839111,0.7826409339904785,0.7983430624008179,0.33768266439437866,0.3344084918498993,0.32790881395339966,vision,text,0,0.5882353186607361,0.3799999952316284,0.5,0.5216600298881531,0.4783399701118469,0.0007181139080785215,0.005592735484242439,0.9936891794204712,0.34942448139190674,0.25795161724090576,0.3926239311695099,vision,vision,0,0.04049471765756607,1.0839940309524536,0.40071019530296326,0.009771897457540035,0.02349674701690674
679,zhpQhgha_KU$_$18,0.6000000238418579,0.4820055663585663,0.000991367967799306,0.008537773974239826,0.9904708862304688,0.5252132415771484,0.5042516589164734,0.49959835410118103,0.07478678226470947,0.09574836492538452,0.10040166974067688,0.3398324251174927,0.3310437798500061,0.3291237950325012,vision,text,0,0.6363636255264282,0.529411792755127,0.5365853905677795,0.5222792029380798,0.47772079706192017,0.000991367967799306,0.008537773974239826,0.9904708862304688,0.3320957124233246,0.29929882287979126,0.36860549449920654,vision,vision,0,0.05700786039233208,1.0950064659118652,0.4145769476890564,0.011141335591673851,0.025614887475967407
622,yDtzw_Y-7RU$_$15,0.6000000238418579,0.3724808394908905,0.0006602748180739582,0.009580345824360847,0.9897594451904297,0.31884071230888367,0.3136221170425415,0.34969601035118103,0.28115931153297424,0.2863779067993164,0.2503040134906769,0.32972609996795654,0.3275822103023529,0.3426917493343353,vision,vision,1,0.4615384638309479,0.5714285969734192,0.4545454680919647,0.5222073197364807,0.4777926802635193,0.0006602748180739582,0.009580345824360847,0.9897594451904297,0.2690284252166748,0.37421444058418274,0.3567570745944977,vision,audio,0,0.059552863240242004,1.0887525081634521,0.42200154066085815,0.01591857336461544,0.036073893308639526
124,d6hH302o4v8$_$25,-1.600000023841858,0.46480461955070496,0.0011631192173808813,0.006628280505537987,0.9922084808349609,0.402944952249527,0.4000498056411743,0.4133426249027252,2.0029449462890625,2.0000498294830322,2.0133426189422607,0.334368497133255,0.3355807662010193,0.3300507664680481,vision,audio,0,0.6000000238418579,0.3076923191547394,0.5,0.5214497447013855,0.4785502552986145,0.0011631192173808813,0.006628280505537987,0.9922084808349609,0.37284421920776367,0.22632549703121185,0.40083029866218567,vision,vision,0,0.0488700270652771,1.0705621242523193,0.3942521810531616,0.005707622040063143,0.013292819261550903
633,yvsjCA6Y5Fc$_$3,-2.0,-0.15760649740695953,0.0007301635341718793,0.008660349063575268,0.9906094670295715,-0.20551970601081848,-0.1333666294813156,-0.14596262574195862,1.794480323791504,1.866633415222168,1.8540374040603638,0.35186317563056946,0.3215171992778778,0.32661959528923035,vision,text,0,0.3076923191547394,0.40816327929496765,0.508474588394165,0.521201491355896,0.478798508644104,0.0007301635341718793,0.008660349063575268,0.9906094670295715,0.2305239886045456,0.3099088966846466,0.4595671594142914,vision,vision,0,0.05574770271778107,1.058621883392334,0.35402822494506836,0.03146739304065704,0.07215307652950287
120,d3_k5Xpfmik$_$8,2.200000047683716,1.3553252220153809,0.0006647553527727723,0.008552152663469315,0.9907830953598022,1.3737444877624512,1.2657032012939453,1.374859094619751,0.8262555599212646,0.9342968463897705,0.8251409530639648,0.3478182256221771,0.30387866497039795,0.3483031392097473,vision,vision,1,0.5714285969734192,0.6111111044883728,0.523809552192688,0.5221948623657227,0.47780513763427734,0.0006647553527727723,0.008552152663469315,0.9907830953598022,0.2920551896095276,0.35253459215164185,0.35541021823883057,vision,vision,1,0.05475937947630882,1.0946857929229736,0.42358192801475525,0.051195889711380005,0.10915589332580566
170,dq3Nf_lMPnE$_$1,0.0,1.1134710311889648,0.0005423057009465992,0.0061136772856116295,0.9933439493179321,1.1696960926055908,1.0991979837417603,1.1731367111206055,1.1696960926055908,1.0991979837417603,1.1731367111206055,0.32385197281837463,0.3536858856678009,0.32246214151382446,vision,audio,0,0.47826087474823,0.48275861144065857,0.604651153087616,0.5216717720031738,0.47832822799682617,0.0005423057009465992,0.0061136772856116295,0.9933439493179321,0.25741174817085266,0.2926882207393646,0.44989997148513794,vision,vision,0,0.04187459498643875,1.0682871341705322,0.3622959852218628,0.034073054790496826,0.07393872737884521
478,tIrG4oNLFzE$_$18,-2.200000047683716,-0.31088075041770935,0.0010916172759607434,0.009983943775296211,0.9889244437217712,-0.2827068269252777,-0.17926178872585297,-0.14704391360282898,1.9172931909561157,2.020738363265991,2.0529561042785645,0.3672790825366974,0.32272982597351074,0.30999109148979187,vision,text,0,0.6800000071525574,0.6212121248245239,0.5443037748336792,0.5222932696342468,0.4777067303657532,0.0010916172759607434,0.009983943775296211,0.9889244437217712,0.32819145917892456,0.3298353850841522,0.34197312593460083,vision,vision,0,0.06445270776748657,1.0984430313110352,0.4313008487224579,0.057872746139764786,0.13566291332244873
509,tmZoasNr4rU$_$14,-2.0,-0.1436990648508072,0.0008064286666922271,0.006050958763808012,0.9931424856185913,-0.12762242555618286,-0.03402666747570038,-0.008107706904411316,1.872377634048462,1.9659733772277832,1.9918923377990723,0.36352795362472534,0.32339078187942505,0.3130812644958496,vision,text,0,0.6111111044883728,0.4333333373069763,0.604651153087616,0.5214998126029968,0.4785001873970032,0.0008064286666922271,0.006050958763808012,0.9931424856185913,0.3196203112602234,0.25207915902137756,0.42830049991607666,vision,vision,0,0.043483540415763855,1.0751029253005981,0.37656137347221375,0.05133303627371788,0.11951471865177155
466,rnaNMUZpvvg$_$17,-1.600000023841858,0.2728217840194702,0.0005656414432451129,0.007238459307700396,0.9921959638595581,0.2759932577610016,0.2841832637786865,0.2820298969745636,1.875993251800537,1.8841832876205444,1.8820298910140991,0.33531200885772705,0.33189672231674194,0.3327912986278534,vision,text,0,0.4285714328289032,0.4761904776096344,0.47999998927116394,0.5218592286109924,0.47814077138900757,0.0005656414432451129,0.007238459307700396,0.9921959638595581,0.2676270306110382,0.3306381404399872,0.4017347991466522,vision,vision,0,0.04767673462629318,1.0850701332092285,0.3936407268047333,0.003466573543846607,0.008190006017684937
84,cXypl4FnoZo$_$3,1.7999999523162842,1.3611862659454346,0.0003029357467312366,0.0029952707700431347,0.9967017769813538,1.3682438135147095,1.2707271575927734,1.370202898979187,0.4317561388015747,0.5292727947235107,0.42979705333709717,0.3462972640991211,0.30655637383461,0.34714633226394653,vision,vision,1,0.5714285969734192,0.4545454680919647,0.8571428656578064,0.5215822458267212,0.4784177541732788,0.0003029357467312366,0.0029952707700431347,0.9967017769813538,0.23482798039913177,0.20766694843769073,0.5575051307678223,vision,vision,1,0.02315182238817215,0.9923988580703735,0.2927978038787842,0.046438440680503845,0.09947574138641357
596,wMbj6ajWbic$_$12,1.600000023841858,0.9110247492790222,0.0007070498540997505,0.005708798300474882,0.9935842156410217,0.9166799187660217,0.8576345443725586,0.928530216217041,0.6833201050758362,0.7423654794692993,0.6714698076248169,0.33969998359680176,0.3155307173728943,0.34476932883262634,vision,vision,1,0.5714285969734192,0.4000000059604645,0.5666666626930237,0.5215083360671997,0.4784916639328003,0.0007070498540997505,0.005708798300474882,0.9935842156410217,0.32004958391189575,0.25381624698638916,0.4261341691017151,vision,vision,1,0.041014574468135834,1.0761375427246094,0.3783000111579895,0.03100712224841118,0.07089567184448242
30,c7UH_rxdZv4$_$30,1.2000000476837158,0.8271172642707825,0.0014526931336149573,0.007295946124941111,0.9912512898445129,0.9491401314735413,0.9060332775115967,0.9556218981742859,0.25085991621017456,0.29396677017211914,0.24437814950942993,0.3383319079875946,0.32058385014533997,0.3410843014717102,vision,vision,1,0.875,0.4333333373069763,0.4000000059604645,0.5226197838783264,0.4773802161216736,0.0014526931336149573,0.007295946124941111,0.9912512898445129,0.5017485618591309,0.23400115966796875,0.264250248670578,vision,text,0,0.05410193279385567,1.037583827972412,0.4846673905849457,0.022008193656802177,0.04958862066268921
17,c7UH_rxdZv4$_$9,-0.4000000059604645,-0.2306206375360489,0.0004791570536326617,0.007590589113533497,0.9919303059577942,-0.17271530628204346,-0.14213021099567413,-0.2824256122112274,0.22728469967842102,0.25786978006362915,0.11757439374923706,0.32159754633903503,0.30953449010849,0.368867963552475,vision,vision,1,0.37037035822868347,0.53125,0.5,0.5214998126029968,0.4785001873970032,0.0004791570536326617,0.007590589113533497,0.9919303059577942,0.2367701530456543,0.35663077235221863,0.4065990746021271,vision,vision,1,0.0487479493021965,1.0747220516204834,0.3902208209037781,0.06023527681827545,0.14029540121555328
556,vyB00TXsimI$_$3,2.200000047683716,0.5877653956413269,0.0009473988902755082,0.009144865907728672,0.9899077415466309,0.6373721957206726,0.5977367758750916,0.6569297313690186,1.5626277923583984,1.6022632122039795,1.5430703163146973,0.3359750807285309,0.319735050201416,0.3442898690700531,vision,vision,1,0.5416666865348816,0.48571428656578064,0.4523809552192688,0.5218861699104309,0.4781138300895691,0.0009473988902755082,0.009144865907728672,0.9899077415466309,0.3178582191467285,0.3196607828140259,0.3624809980392456,vision,vision,1,0.059567876160144806,1.096724271774292,0.41828450560569763,0.024624457582831383,0.059192955493927
212,f9O3YtZ2VfI$_$4,-2.4000000953674316,0.04237458482384682,0.0005391793674789369,0.007323830388486385,0.9921369552612305,0.07916659116744995,0.10913510620594025,0.080096535384655,2.4791667461395264,2.5091352462768555,2.4800965785980225,0.3376016914844513,0.32518887519836426,0.33720946311950684,vision,text,0,0.27272728085517883,0.375,0.3913043439388275,0.5212159752845764,0.4787840247154236,0.0005391793674789369,0.007323830388486385,0.9921369552612305,0.24451835453510284,0.33668768405914307,0.41879400610923767,vision,vision,0,0.04789810627698898,1.0754218101501465,0.38222867250442505,0.013913282193243504,0.029968515038490295
632,yvsjCA6Y5Fc$_$1,-2.0,0.5065772533416748,0.0008496190421283245,0.011781474575400352,0.9873690009117126,0.5375964641571045,0.5023586750030518,0.5535526275634766,2.5375964641571045,2.5023586750030518,2.5535526275634766,0.3305474519729614,0.3454326093196869,0.3240199387073517,vision,audio,0,0.40740740299224854,0.5555555820465088,0.40740740299224854,0.522065281867981,0.47793471813201904,0.0008496190421283245,0.011781474575400352,0.9873690009117126,0.25676655769348145,0.3907511830329895,0.35248225927352905,vision,audio,1,0.07088249176740646,1.083832025527954,0.4232577979564667,0.02138826809823513,0.051193952560424805
275,jUzDDGyPkXU$_$24,-1.0,0.4218374788761139,0.0009248490678146482,0.009502249769866467,0.9895728230476379,0.4351024627685547,0.4272003769874573,0.44665658473968506,1.4351024627685547,1.4272003173828125,1.446656584739685,0.3338243365287781,0.3371380567550659,0.3290376365184784,vision,audio,0,0.6296296119689941,0.5416666865348816,0.3928571343421936,0.5224985480308533,0.47750145196914673,0.0009248490678146482,0.009502249769866467,0.9895728230476379,0.361262708902359,0.3371463716030121,0.3015909194946289,vision,text,0,0.06107812002301216,1.0958900451660156,0.45865464210510254,0.007989469915628433,0.019456207752227783
519,tmZoasNr4rU$_$4,-0.800000011920929,-0.2290387600660324,0.0010721167782321572,0.00843801535665989,0.9904898405075073,-0.25742068886756897,-0.17562614381313324,-0.17665106058120728,0.5425792932510376,0.6243738532066345,0.6233489513397217,0.35628050565719604,0.3216535747051239,0.32206594944000244,vision,text,0,0.625,0.4751773178577423,0.5178571343421936,0.5218563079833984,0.47814369201660156,0.0010721167782321572,0.00843801535665989,0.9904898405075073,0.3438737690448761,0.2824508249759674,0.3736754059791565,vision,vision,0,0.05708763003349304,1.0920013189315796,0.4112096428871155,0.03831902891397476,0.08179454505443573
66,cW1FSBF59ik$_$12,2.200000047683716,0.10291130095720291,0.0006670078728348017,0.006020373664796352,0.9933125376701355,0.10229729861021042,0.13026277720928192,0.09464786946773529,2.097702741622925,2.069737195968628,2.1053521633148193,0.33046284317970276,0.3422190546989441,0.32731807231903076,vision,audio,0,0.47999998927116394,0.4027777910232544,0.5813953280448914,0.5215206742286682,0.4784793257713318,0.0006670078728348017,0.006020373664796352,0.9933125376701355,0.27582281827926636,0.2657620310783386,0.4584152102470398,vision,vision,0,0.04232246056199074,1.0649890899658203,0.35659825801849365,0.015307964757084846,0.03561490774154663
642,yvsjCA6Y5Fc$_$10,-2.0,0.6993610262870789,0.0007752995588816702,0.009369703009724617,0.9898550510406494,0.7096142768859863,0.6900472640991211,0.7169879674911499,2.7096142768859863,2.690047264099121,2.7169880867004395,0.3316105902194977,0.33982133865356445,0.32856813073158264,vision,audio,0,0.523809552192688,0.5443037748336792,0.43617022037506104,0.5222257375717163,0.4777742624282837,0.0007752995588816702,0.009369703009724617,0.9898550510406494,0.3045732378959656,0.35283103585243225,0.3425956964492798,vision,audio,1,0.05940527096390724,1.0966472625732422,0.4315062463283539,0.011367795057594776,0.02694070339202881
660,zhpQhgha_KU$_$29,-1.2000000476837158,0.02999475598335266,0.0009128347155638039,0.009361803531646729,0.9897253513336182,0.10231577605009079,0.1270410716533661,0.08283998817205429,1.3023158311843872,1.3270411491394043,1.2828400135040283,0.33397796750068665,0.32381370663642883,0.3422083854675293,vision,vision,1,0.5714285969734192,0.5416666865348816,0.46666666865348816,0.5221956968307495,0.4778043031692505,0.0009128347155638039,0.009361803531646729,0.9897253513336182,0.31583231687545776,0.3351486325263977,0.34901902079582214,vision,vision,1,0.06034063547849655,1.0977762937545776,0.427137553691864,0.018087387084960938,0.0442010834813118
239,f_pcplsH_V0$_$7,0.0,-0.053409744054079056,0.0008241820614784956,0.008445444516837597,0.9907304644584656,-0.06736480444669724,0.0024056583642959595,0.024723690003156662,0.06736480444669724,0.0024056583642959595,0.024723690003156662,0.3185388743877411,0.3454830050468445,0.33597809076309204,vision,audio,0,0.5454545617103577,0.5,0.4482758641242981,0.5218273997306824,0.4781726002693176,0.0008241820614784956,0.008445444516837597,0.9907304644584656,0.31855639815330505,0.3264596462249756,0.354983925819397,vision,vision,0,0.055398669093847275,1.097520112991333,0.4238309860229492,0.03922343626618385,0.0920884907245636
620,yDtzw_Y-7RU$_$13,-1.7999999523162842,0.4302431643009186,0.0006879908032715321,0.007668785285204649,0.9916431903839111,0.4181370437145233,0.4131571650505066,0.4327222406864166,2.21813702583313,2.2131571769714355,2.232722282409668,0.3346520960330963,0.3367418050765991,0.32860615849494934,vision,audio,0,0.52173912525177,0.5,0.489130437374115,0.5220369100570679,0.47796308994293213,0.0006879908032715321,0.007668785285204649,0.9916431903839111,0.30040448904037476,0.3206685185432434,0.37892696261405945,vision,vision,0,0.05068310722708702,1.0937007665634155,0.4084774851799011,0.008302070200443268,0.019565075635910034
156,d6hH302o4v8$_$31,-1.399999976158142,-0.002612934447824955,0.0008153211674652994,0.009826522320508957,0.9893581867218018,0.0569259449839592,0.1092553436756134,0.07949738949537277,1.456925868988037,1.509255290031433,1.4794973134994507,0.3437771201133728,0.3220096826553345,0.33421316742897034,vision,text,0,0.529411792755127,0.5681818127632141,0.5094339847564697,0.5221825838088989,0.4778174161911011,0.0008153211674652994,0.009826522320508957,0.9893581867218018,0.28748321533203125,0.3428412675857544,0.36967548727989197,vision,vision,0,0.06180824339389801,1.0932563543319702,0.4131217896938324,0.02143043465912342,0.052329398691654205
359,lXPQBPVc5Cw$_$16,0.20000000298023224,0.4260012209415436,0.0006761717959307134,0.008946709334850311,0.9903771281242371,0.4254296123981476,0.4168412685394287,0.44281741976737976,0.22542960941791534,0.21684126555919647,0.24281741678714752,0.33452725410461426,0.3381379246711731,0.32733485102653503,vision,audio,0,0.5,0.6000000238418579,0.5555555820465088,0.5223459005355835,0.4776540994644165,0.0006761717959307134,0.008946709334850311,0.9903771281242371,0.25669896602630615,0.352588027715683,0.39071303606033325,vision,vision,0,0.05670870095491409,1.0838146209716797,0.39977607131004333,0.010805636644363403,0.02597615122795105
314,k5Y_838nuGo$_$2,1.2000000476837158,0.42612865567207336,0.0009709417936392128,0.007624234072864056,0.9914048910140991,0.4992976486682892,0.47339582443237305,0.5026418566703796,0.700702428817749,0.7266042232513428,0.6973581910133362,0.33643636107444763,0.3257179260253906,0.33784571290016174,vision,vision,1,0.7142857313156128,0.5416666865348816,0.5714285969734192,0.5224171876907349,0.47758281230926514,0.0009709417936392128,0.007624234072864056,0.9914048910140991,0.35479018092155457,0.28233012557029724,0.3628797233104706,vision,vision,1,0.05247269570827484,1.092545747756958,0.4190167784690857,0.013069983571767807,0.029246032238006592
636,yvsjCA6Y5Fc$_$4,-0.20000000298023224,0.053377196192741394,0.0007887803367339075,0.007723335176706314,0.9914878606796265,0.1023203432559967,0.12725140154361725,0.08195453882217407,0.30232036113739014,0.3272514045238495,0.2819545269012451,0.3338785767555237,0.3236340880393982,0.34248730540275574,vision,vision,1,0.42105263471603394,0.38596490025520325,0.44117647409439087,0.521384060382843,0.478615939617157,0.0007887803367339075,0.007723335176706314,0.9914878606796265,0.28977522253990173,0.30230334401130676,0.4079214334487915,vision,vision,1,0.05167414993047714,1.0863580703735352,0.38904428482055664,0.018523648381233215,0.045296862721443176
415,pLTX3ipuDJI$_$15,-1.399999976158142,0.13690853118896484,0.0008411486051045358,0.007324890233576298,0.9918339252471924,0.12487061321735382,0.14642195403575897,0.15530997514724731,1.5248706340789795,1.5464218854904175,1.5553100109100342,0.3405894637107849,0.33153676986694336,0.32787373661994934,vision,text,0,0.5600000023841858,0.4545454680919647,0.5,0.5218757390975952,0.4781242609024048,0.0008411486051045358,0.007324890233576298,0.9918339252471924,0.3190748393535614,0.29331567883491516,0.38760948181152344,vision,vision,0,0.05010123550891876,1.0916016101837158,0.4028162956237793,0.012780245393514633,0.030439361929893494
389,nzpVDcQ0ywM$_$13,-1.0,-0.07421109080314636,0.0007941965013742447,0.006483223754912615,0.9927225708961487,-0.07759224623441696,-0.01227465271949768,-0.03482482582330704,0.9224077463150024,0.9877253770828247,0.9651751518249512,0.3484877049922943,0.3211652934551239,0.3303470313549042,vision,text,0,0.5882353186607361,0.3928571343421936,0.4852941036224365,0.5215630531311035,0.4784369468688965,0.0007941965013742447,0.006483223754912615,0.9927225708961487,0.35518646240234375,0.2624588906764984,0.38235464692115784,vision,vision,0,0.04558594897389412,1.0863370895385742,0.4069119393825531,0.027088232338428497,0.06531759351491928
417,pLTX3ipuDJI$_$16,-1.600000023841858,0.6733489036560059,0.0007858174503780901,0.00821704138070345,0.9909970760345459,0.7163333296775818,0.6778807640075684,0.7252562046051025,2.316333293914795,2.2778806686401367,2.32525634765625,0.32914796471595764,0.3453550636768341,0.3254970610141754,vision,audio,0,0.5142857432365417,0.48514851927757263,0.47999998927116394,0.5218712687492371,0.47812873125076294,0.0007858174503780901,0.00821704138070345,0.9909970760345459,0.30073416233062744,0.3187688887119293,0.38049694895744324,vision,vision,0,0.054034389555454254,1.0934511423110962,0.4070001244544983,0.020555224269628525,0.04737544059753418
223,f9O3YtZ2VfI$_$17,-2.0,0.035105448216199875,0.001390680088661611,0.010306738317012787,0.9883025288581848,0.10232704132795334,0.12818093597888947,0.09616918861865997,2.1023271083831787,2.128180980682373,2.0961692333221436,0.3360298275947571,0.32534387707710266,0.33862632513046265,vision,vision,1,0.7058823704719543,0.5205479264259338,0.38596490025520325,0.522564709186554,0.47743529081344604,0.001390680088661611,0.010306738317012787,0.9883025288581848,0.3983495831489563,0.3125978112220764,0.2890526056289673,vision,text,0,0.06792949140071869,1.088908314704895,0.466166615486145,0.013868811540305614,0.03201174736022949
188,etzxEpPuc6I$_$18,1.399999976158142,0.7822705507278442,0.0008859320660121739,0.009432299993932247,0.9896817803382874,0.8025875091552734,0.7597222924232483,0.8232017755508423,0.5974124670028687,0.6402776837348938,0.5767982006072998,0.3362552225589752,0.31871238350868225,0.34503239393234253,vision,vision,1,0.6000000238418579,0.5714285969734192,0.5,0.5222647190093994,0.4777352809906006,0.0008859320660121739,0.009432299993932247,0.9896817803382874,0.3160114586353302,0.33448415994644165,0.349504292011261,vision,vision,1,0.0604805052280426,1.0977661609649658,0.4267849624156952,0.026440750807523727,0.063479483127594
51,cW1FSBF59ik$_$21,1.600000023841858,0.5141165256500244,0.0005651161773130298,0.009271640330553055,0.9901632070541382,0.532751739025116,0.5110977292060852,0.5231204628944397,1.0672483444213867,1.088902235031128,1.0768795013427734,0.3376862108707428,0.3286685645580292,0.33364519476890564,vision,text,0,0.38461539149284363,0.6206896305084229,0.5882353186607361,0.5222864151000977,0.47771358489990234,0.0005651161773130298,0.009271640330553055,0.9901632070541382,0.20548784732818604,0.3722217082977295,0.4222904145717621,vision,vision,0,0.05741309002041817,1.0570518970489502,0.37858185172080994,0.00885816477239132,0.02165400981903076
116,d3_k5Xpfmik$_$4,-1.0,0.32815635204315186,0.0010948940180242062,0.005352524109184742,0.993552565574646,0.34044456481933594,0.3520100712776184,0.3664300739765167,1.340444564819336,1.3520100116729736,1.3664300441741943,0.3385598659515381,0.33370062708854675,0.32773953676223755,vision,text,0,0.8333333134651184,0.40425533056259155,0.5357142686843872,0.5222650766372681,0.47773492336273193,0.0010948940180242062,0.005352524109184742,0.993552565574646,0.4477866291999817,0.2152823954820633,0.3369310200214386,vision,text,1,0.04188528656959534,1.0569401979446411,0.4377477169036865,0.01062985323369503,0.025985509157180786
494,tStelxIAHjw$_$16,0.800000011920929,1.519712209701538,0.0016934627201408148,0.007838861085474491,0.9904676079750061,1.6874374151229858,1.5861053466796875,1.6869008541107178,0.8874374032020569,0.7861053347587585,0.8869008421897888,0.3189072906970978,0.3619714677333832,0.31912127137184143,vision,audio,0,1.0,0.5555555820465088,0.5454545617103577,0.5230013132095337,0.4769986867904663,0.0016934627201408148,0.007838861085474491,0.9904676079750061,0.49564704298973083,0.23112095892429352,0.27323204278945923,vision,text,0,0.05830072984099388,1.0409400463104248,0.478157103061676,0.04764240235090256,0.10133206844329834
247,fvVhgmXxadc$_$14,0.0,0.7727435827255249,0.0010874918662011623,0.00963596347719431,0.9892765283584595,0.8331956267356873,0.7871811985969543,0.7950422763824463,0.8331956267356873,0.7871811985969543,0.7950422763824463,0.32174500823020935,0.3407936692237854,0.33746132254600525,vision,audio,0,0.6842105388641357,0.5283018946647644,0.4126984179019928,0.5224626660346985,0.4775373339653015,0.0010874918662011623,0.00963596347719431,0.9892765283584595,0.38905805349349976,0.3118739724159241,0.29906806349754333,vision,text,0,0.06281924247741699,1.0916633605957031,0.4601390063762665,0.020096449181437492,0.04601442813873291
484,tIrG4oNLFzE$_$7,-1.399999976158142,-0.17191804945468903,0.0007870938279666007,0.006266823038458824,0.9929460883140564,-0.16505184769630432,-0.07733947038650513,-0.05007154494524002,1.2349481582641602,1.3226604461669922,1.349928379058838,0.36201953887939453,0.3244260847568512,0.3135543763637543,vision,text,0,0.6428571343421936,0.4716981053352356,0.5714285969734192,0.5217204093933105,0.47827959060668945,0.0007870938279666007,0.006266823038458824,0.9929460883140564,0.33630436658859253,0.26841697096824646,0.3952786326408386,vision,vision,0,0.044442810118198395,1.086393117904663,0.3984449803829193,0.04905492439866066,0.1149803027510643
390,nzpVDcQ0ywM$_$12,-1.399999976158142,-0.7228659987449646,0.0007499862695112824,0.010964629240334034,0.9882854223251343,-0.5092273354530334,-0.45451438426971436,-0.6266176700592041,0.8907726407051086,0.9454855918884277,0.773382306098938,0.3234209716320038,0.30204126238822937,0.37453779578208923,vision,vision,1,0.46666666865348816,0.6153846383094788,0.42553192377090454,0.5219667553901672,0.47803324460983276,0.0007499862695112824,0.010964629240334034,0.9882854223251343,0.2703952491283417,0.3981347978115082,0.33146992325782776,vision,audio,0,0.06652642041444778,1.0863251686096191,0.43787699937820435,0.07179718464612961,0.17210328578948975
125,d6hH302o4v8$_$26,-2.5999999046325684,-0.3120565414428711,0.0016428198432549834,0.008168213069438934,0.9901888966560364,-0.284255713224411,-0.17964814603328705,-0.13939425349235535,2.315744161605835,2.42035174369812,2.4606056213378906,0.36875876784324646,0.3235595226287842,0.30768170952796936,vision,text,0,0.875,0.5,0.5333333611488342,0.522299587726593,0.477700412273407,0.0016428198432549834,0.008168213069438934,0.9901888966560364,0.4495105743408203,0.23983369767665863,0.31065577268600464,vision,text,1,0.059564199298620224,1.0650418996810913,0.4530221223831177,0.06105367839336395,0.14486145973205566
425,pLTX3ipuDJI$_$9,0.0,0.020093394443392754,0.0009779895190149546,0.00816553458571434,0.990856409072876,0.10223059356212616,0.12598256766796112,0.08036279678344727,0.10223059356212616,0.12598256766796112,0.08036279678344727,0.33350473642349243,0.32374852895736694,0.34274670481681824,vision,vision,1,0.59375,0.4848484992980957,0.5128205418586731,0.521980345249176,0.478019654750824,0.0009779895190149546,0.00816553458571434,0.990856409072876,0.32577627897262573,0.2962515652179718,0.37797215580940247,vision,vision,1,0.055137649178504944,1.0935184955596924,0.40858954191207886,0.018629487603902817,0.045619770884513855
228,f_pcplsH_V0$_$11,-0.4000000059604645,-0.03785496577620506,0.0009557178127579391,0.013182435184717178,0.9858618974685669,-0.06189312785863876,0.005435541272163391,0.015759117901325226,0.3381068706512451,0.40543556213378906,0.4157591164112091,0.35375937819480896,0.32520514726638794,0.3210355043411255,vision,text,0,0.4285714328289032,0.574999988079071,0.3617021143436432,0.522159218788147,0.477840781211853,0.0009557178127579391,0.013182435184717178,0.9858618974685669,0.2699810266494751,0.40770959854125977,0.32230934500694275,vision,audio,0,0.07774786651134491,1.084243893623352,0.44236835837364197,0.034431248903274536,0.07765224575996399
265,iiK8YX8oH1E$_$18,-1.0,-0.08354876190423965,0.0005062645650468767,0.005596534349024296,0.9938972592353821,-0.12228038161993027,-0.033073946833610535,-0.009301818907260895,0.8777196407318115,0.9669260382652283,0.9906981587409973,0.36195430159568787,0.3237623870372772,0.3142833113670349,vision,text,0,0.4545454680919647,0.48148149251937866,0.6875,0.5214861631393433,0.47851383686065674,0.0005062645650468767,0.005596534349024296,0.9938972592353821,0.22937346994876862,0.2732131779193878,0.49741336703300476,vision,vision,0,0.03894725441932678,1.039585828781128,0.3309892416000366,0.04863361641764641,0.11297856271266937
140,d6hH302o4v8$_$7,-2.799999952316284,-0.05519408360123634,0.0009145099320448935,0.008639759384095669,0.9904457330703735,-0.11436640471220016,-0.057576701045036316,-0.03773878514766693,2.685633659362793,2.7424232959747314,2.762261152267456,0.3520960807800293,0.3279683589935303,0.31993556022644043,vision,text,0,0.5555555820465088,0.4864864945411682,0.4545454680919647,0.5218446850776672,0.47815531492233276,0.0009145099320448935,0.008639759384095669,0.9904457330703735,0.32415834069252014,0.31635811924934387,0.3594835102558136,vision,vision,0,0.05695818364620209,1.0970451831817627,0.4206415116786957,0.03247290104627609,0.07662761956453323
651,zhpQhgha_KU$_$24,0.0,-0.09297877550125122,0.0011104108998551965,0.011370206251740456,0.9875192642211914,-0.10585934668779373,-0.03126102685928345,-0.0073486268520355225,0.10585934668779373,0.03126102685928345,0.0073486268520355225,0.30971503257751465,0.339984655380249,0.3503003418445587,vision,vision,1,0.625,0.5909090638160706,0.40740740299224854,0.5223818421363831,0.47761815786361694,0.0011104108998551965,0.011370206251740456,0.9875192642211914,0.34112000465393066,0.3584214448928833,0.30045852065086365,vision,audio,0,0.07085832953453064,1.0959235429763794,0.4580405354499817,0.04195377603173256,0.09851071983575821
438,phBUpBr1hSo$_$1,1.399999976158142,1.150409460067749,0.0005779012572020292,0.007489368785172701,0.9919328093528748,1.2342103719711304,1.1425108909606934,1.2342549562454224,0.16578960418701172,0.25748908519744873,0.16574501991271973,0.34581056237220764,0.30835962295532227,0.3458298444747925,vision,vision,1,0.5,0.5909090638160706,0.6296296119689941,0.5220441222190857,0.4779558777809143,0.0005779012572020292,0.007489368785172701,0.9919328093528748,0.24172569811344147,0.32900211215019226,0.42927220463752747,vision,vision,1,0.04899843782186508,1.072007656097412,0.3751070499420166,0.04323806241154671,0.091744065284729
203,f9O3YtZ2VfI$_$21,2.0,0.7390479445457458,0.0007592592155560851,0.007471095770597458,0.9917696714401245,0.7380208969116211,0.6972493529319763,0.7671413421630859,1.261979103088379,1.302750587463379,1.232858657836914,0.3347410559654236,0.31810861825942993,0.3471502959728241,vision,vision,1,0.6000000238418579,0.5526315569877625,0.5777778029441833,0.522128164768219,0.477871835231781,0.0007592592155560851,0.007471095770597458,0.9917696714401245,0.3025475740432739,0.30821675062179565,0.38923561573028564,vision,vision,1,0.050234049558639526,1.0917282104492188,0.4016893804073334,0.02866513468325138,0.06989198923110962
429,phBUpBr1hSo$_$13,0.800000011920929,1.1430977582931519,0.001047946629114449,0.012891949154436588,0.9860601425170898,1.2134991884231567,1.1371675729751587,1.2223823070526123,0.4134991765022278,0.33716756105422974,0.42238229513168335,0.3237217962741852,0.3561311662197113,0.3201470971107483,vision,audio,0,0.5454545617103577,0.5789473652839661,0.3181818127632141,0.5223839282989502,0.4776160717010498,0.001047946629114449,0.012891949154436588,0.9860601425170898,0.3263836205005646,0.3927292227745056,0.2808871567249298,vision,audio,1,0.07712693512439728,1.0891754627227783,0.4701153635978699,0.0382491797208786,0.08521473407745361
667,zhpQhgha_KU$_$6,1.0,-0.14338155090808868,0.0005495555815286934,0.003813921008259058,0.995636522769928,-0.1461893618106842,-0.060732170939445496,-0.04297133535146713,1.1461893320083618,1.060732126235962,1.0429713726043701,0.3076495826244354,0.3423326313495636,0.3500177264213562,vision,vision,1,0.6000000238418579,0.3499999940395355,0.7083333134651184,0.5212123394012451,0.4787876605987549,0.0005495555815286934,0.003813921008259058,0.995636522769928,0.29971078038215637,0.20159383118152618,0.4986954629421234,vision,vision,1,0.02971920557320118,1.0309574604034424,0.33129405975341797,0.04505840688943863,0.10321802645921707
598,wMbj6ajWbic$_$14,-0.800000011920929,0.003988190088421106,0.000778974499553442,0.009366894140839577,0.9898541569709778,0.06228286027908325,0.11187931895256042,0.07989656180143356,0.8622828722000122,0.911879301071167,0.8798965811729431,0.3426874876022339,0.3220875859260559,0.335224986076355,vision,text,0,0.5,0.5151515007019043,0.4000000059604645,0.5220199823379517,0.47798001766204834,0.000778974499553442,0.009366894140839577,0.9898541569709778,0.3071979582309723,0.3543139398097992,0.3384881019592285,vision,audio,0,0.059418484568595886,1.0968732833862305,0.4342440068721771,0.020528970286250114,0.04959645867347717
382,nzpVDcQ0ywM$_$4,-1.600000023841858,0.18479478359222412,0.0006349817267619073,0.0077521963976323605,0.9916127920150757,0.16618135571479797,0.1737491935491562,0.17228654026985168,1.7661813497543335,1.7737492322921753,1.7722865343093872,0.33523494005203247,0.3320786654949188,0.3326863944530487,vision,text,0,0.46666666865348816,0.5,0.5116279125213623,0.52199387550354,0.47800612449645996,0.0006349817267619073,0.0077521963976323605,0.9916127920150757,0.2728733718395233,0.3247578740119934,0.4023687243461609,vision,vision,0,0.050700560212135315,1.085951805114746,0.39282938838005066,0.0032776142470538616,0.007567837834358215
185,etzxEpPuc6I$_$17,-0.4000000059604645,0.5367677211761475,0.0011573509545996785,0.012458231300115585,0.9863843321800232,0.5684810876846313,0.5504365563392639,0.5908218622207642,0.9684810638427734,0.9504365921020508,0.9908218383789062,0.3338594436645508,0.3414754569530487,0.3246650993824005,vision,audio,0,0.625,0.625,0.4035087823867798,0.5227683782577515,0.47723162174224854,0.0011573509545996785,0.012458231300115585,0.9863843321800232,0.3320499062538147,0.37645554542541504,0.2914945185184479,vision,audio,1,0.07598210126161575,1.0931905508041382,0.46325990557670593,0.016518300399184227,0.040385305881500244
316,k5Y_838nuGo$_$4,1.0,0.3910176455974579,0.0007736133993603289,0.009580038487911224,0.9896463751792908,0.3852551579475403,0.3763246536254883,0.4121663272380829,0.6147448420524597,0.6236753463745117,0.5878336429595947,0.33078518509864807,0.3271131217479706,0.34210172295570374,vision,vision,1,0.4615384638309479,0.47999998927116394,0.3333333432674408,0.5219408273696899,0.47805917263031006,0.0007736133993603289,0.009580038487911224,0.9896463751792908,0.31171905994415283,0.3625313937664032,0.3257495164871216,vision,audio,0,0.060371048748493195,1.0965659618377686,0.4425978660583496,0.015233694575726986,0.035841673612594604
0,c7UH_rxdZv4$_$24,-1.7999999523162842,0.15840375423431396,0.000858631799928844,0.010208833031356335,0.9889326095581055,0.15800383687019348,0.1599157601594925,0.16464772820472717,1.9580037593841553,1.9599157571792603,1.964647650718689,0.33452174067497253,0.3337232172489166,0.33175504207611084,vision,text,0,0.4285714328289032,0.4848484992980957,0.41025641560554504,0.5219305157661438,0.4780694842338562,0.000858631799928844,0.010208833031356335,0.9889326095581055,0.2818359434604645,0.3510182499885559,0.367145836353302,vision,vision,0,0.0638704001903534,1.0922913551330566,0.41452449560165405,0.0027926145121455193,0.006643891334533691
306,k5Y_838nuGo$_$20,0.4000000059604645,0.053332969546318054,0.0009660826181061566,0.007332507986575365,0.9917014241218567,0.10230554640293121,0.12802572548389435,0.08069433271884918,0.29769444465637207,0.27197426557540894,0.3193056583404541,0.3326657712459564,0.34353482723236084,0.3237994313240051,vision,audio,0,0.699999988079071,0.4736842215061188,0.4285714328289032,0.5222583413124084,0.47774165868759155,0.0009660826181061566,0.007332507986575365,0.9917014241218567,0.40081217885017395,0.28568217158317566,0.31350570917129517,vision,text,0,0.05101330950856209,1.0880186557769775,0.4521304965019226,0.019347216933965683,0.047331392765045166
469,rnaNMUZpvvg$_$18,-2.200000047683716,0.4972873628139496,0.0009579852921888232,0.009315050207078457,0.9897269606590271,0.5216004252433777,0.5112181305885315,0.5397222638130188,2.7216005325317383,2.7112181186676025,2.73972225189209,0.3343737721443176,0.33874160051345825,0.3268846273422241,vision,audio,0,0.5813953280448914,0.525547444820404,0.4601227045059204,0.5222101807594299,0.47778981924057007,0.0009579852921888232,0.009315050207078457,0.9897269606590271,0.3257662355899811,0.3268320858478546,0.3474017381668091,vision,vision,0,0.060437045991420746,1.0981690883636475,0.4282168745994568,0.011778882704675198,0.028504133224487305
313,k5Y_838nuGo$_$3,0.800000011920929,1.0260742902755737,0.001001911936327815,0.008307124488055706,0.9906909465789795,1.1255656480789185,1.0508350133895874,1.132895827293396,0.3255656361579895,0.25083500146865845,0.33289581537246704,0.32375094294548035,0.3554511070251465,0.32079800963401794,vision,audio,0,0.6428571343421936,0.4888888895511627,0.4680851101875305,0.5219817757606506,0.47801822423934937,0.001001911936327815,0.008307124488055706,0.9906909465789795,0.3588573932647705,0.29693400859832764,0.34420862793922424,vision,text,0,0.055981073528528214,1.0954196453094482,0.43098825216293335,0.03707706183195114,0.0820608139038086
409,ob23OKe5a9Q$_$9,-1.399999976158142,0.010818365961313248,0.0010053063742816448,0.007607155945152044,0.9913875460624695,0.10222858190536499,0.1259137988090515,0.0798935815691948,1.5022284984588623,1.5259137153625488,1.4798935651779175,0.3334290087223053,0.32370200753211975,0.34286901354789734,vision,vision,1,0.6399999856948853,0.4900662302970886,0.5696202516555786,0.5220425128936768,0.47795748710632324,0.0010053063742816448,0.007607155945152044,0.9913875460624695,0.3299350440502167,0.2775915861129761,0.39247336983680725,vision,vision,1,0.05262710154056549,1.0886893272399902,0.39927610754966736,0.018790369853377342,0.04602021723985672
310,k5Y_838nuGo$_$28,2.0,0.8465414643287659,0.000651054026093334,0.006481745280325413,0.9928672313690186,0.8044016361236572,0.7504386305809021,0.8421382904052734,1.1955983638763428,1.2495613098144531,1.1578617095947266,0.3352248966693878,0.31335848569869995,0.35141658782958984,vision,vision,1,0.5,0.4375,0.5263158082962036,0.5214840173721313,0.47851598262786865,0.000651054026093334,0.006481745280325413,0.9928672313690186,0.2950696349143982,0.28987592458724976,0.41505444049835205,vision,vision,1,0.044543974101543427,1.084075689315796,0.3852085471153259,0.0376310870051384,0.09169965982437134
452,rnaNMUZpvvg$_$3,-0.800000011920929,0.11773226410150528,0.0005526394816115499,0.007103814277797937,0.9923434853553772,0.10232023894786835,0.12902599573135376,0.08457901328802109,0.9023202657699585,0.9290260076522827,0.8845790028572083,0.3344936966896057,0.32351186871528625,0.3419944941997528,vision,vision,1,0.5454545617103577,0.5909090638160706,0.5925925970077515,0.5222864151000977,0.47771358489990234,0.0005526394816115499,0.007103814277797937,0.9923434853553772,0.27077576518058777,0.33123907446861267,0.39798521995544434,vision,vision,1,0.04691579192876816,1.0864297151565552,0.39623889327049255,0.01826801523566246,0.04444698244333267
529,v0zCBqDeKcE$_$14,1.5,0.7234604358673096,0.0010559478541836143,0.007710978388786316,0.9912331700325012,0.7802794575691223,0.7388597726821899,0.7854015827178955,0.7197205424308777,0.7611402273178101,0.7145984172821045,0.33829888701438904,0.32122930884361267,0.3404718339443207,vision,vision,1,0.75,0.5517241358757019,0.5882353186607361,0.5224483609199524,0.4775516390800476,0.0010559478541836143,0.007710978388786316,0.9912331700325012,0.3654380142688751,0.2760358452796936,0.3585261106491089,vision,text,0,0.05347977206110954,1.0909509658813477,0.42180466651916504,0.020837897434830666,0.046541810035705566
603,wMbj6ajWbic$_$30,0.800000011920929,0.3533798158168793,0.001017218572087586,0.00752878887578845,0.991454005241394,0.3532673120498657,0.35723191499710083,0.3721439242362976,0.44673269987106323,0.4427680969238281,0.42785608768463135,0.33015891909599304,0.331799179315567,0.33804190158843994,vision,vision,1,0.6153846383094788,0.4000000059604645,0.4166666567325592,0.5218876004219055,0.4781123995780945,0.001017218572087586,0.00752878887578845,0.991454005241394,0.37990981340408325,0.2764129042625427,0.343677282333374,vision,text,0,0.05232709273695946,1.0901782512664795,0.4318511486053467,0.008126859553158283,0.018876612186431885
393,nzpVDcQ0ywM$_$17,1.600000023841858,-0.1674567312002182,0.0009594180737622082,0.0062080202624201775,0.9928325414657593,-0.1157677099108696,-0.13664881885051727,-0.31293290853500366,1.715767741203308,1.7366487979888916,1.9129328727722168,0.36287081241607666,0.3535219430923462,0.2836073040962219,vision,text,0,0.5,0.30434781312942505,0.48148149251937866,0.5206260681152344,0.4793739318847656,0.0009594180737622082,0.0062080202624201775,0.9928325414657593,0.3303327262401581,0.2452174723148346,0.4244498014450073,vision,vision,0,0.04535748437047005,1.0743118524551392,0.37892183661460876,0.08843466639518738,0.19716519117355347
616,yDtzw_Y-7RU$_$9,-1.0,-0.017725087702274323,0.0006170422420836985,0.008302181959152222,0.9910807013511658,-0.0031202509999275208,0.05053547024726868,0.04194808006286621,0.9968797564506531,1.0505354404449463,1.0419480800628662,0.34717974066734314,0.32465824484825134,0.32816195487976074,vision,text,0,0.40625,0.5,0.4830508530139923,0.5217519998550415,0.4782480001449585,0.0006170422420836985,0.008302181959152222,0.9910807013511658,0.25579074025154114,0.3428272306919098,0.4013820290565491,vision,vision,0,0.05321739986538887,1.082148551940918,0.39313244819641113,0.023532092571258545,0.0536557212471962
468,rnaNMUZpvvg$_$19,-1.399999976158142,0.489866703748703,0.0008093144278973341,0.006753520108759403,0.9924371838569641,0.5010912418365479,0.49207788705825806,0.5182264447212219,1.90109121799469,1.892077922821045,1.9182264804840088,0.33443260192871094,0.33822187781333923,0.3273455500602722,vision,audio,0,0.5652173757553101,0.4150943458080292,0.484375,0.5217560529708862,0.47824394702911377,0.0008093144278973341,0.006753520108759403,0.9924371838569641,0.33526545763015747,0.27905207872390747,0.3856824040412903,vision,vision,0,0.04704790934920311,1.0900145769119263,0.4045031666755676,0.010845381766557693,0.026148557662963867
237,f_pcplsH_V0$_$5,1.2000000476837158,0.593845784664154,0.000806046649813652,0.008755004033446312,0.9904389381408691,0.6555031538009644,0.6164665222167969,0.6502758264541626,0.5444968938827515,0.583533525466919,0.5497242212295532,0.3394591212272644,0.3232925534248352,0.3372482657432556,vision,text,0,0.5789473652839661,0.5591397881507874,0.5178571343421936,0.5222660303115845,0.4777339696884155,0.000806046649813652,0.008755004033446312,0.9904389381408691,0.3059554398059845,0.32792484760284424,0.36611971259117126,vision,vision,0,0.05673930421471596,1.0958497524261475,0.41621285676956177,0.01730206236243248,0.03903663158416748
502,tStelxIAHjw$_$9,-1.399999976158142,-0.02060660719871521,0.0009030086803250015,0.021699445322155952,0.9773975014686584,-0.0359254851937294,0.03577937185764313,0.04868677258491516,1.364074468612671,1.435779333114624,1.4486867189407349,0.355378121137619,0.3249109983444214,0.3197108209133148,vision,text,0,0.4444444477558136,0.8666666746139526,0.3888888955116272,0.5236497521400452,0.47635024785995483,0.0009030086803250015,0.021699445322155952,0.9773975014686584,0.2057783603668213,0.5422977805137634,0.25192388892173767,vision,audio,0,0.11179403215646744,1.004489541053772,0.4836491048336029,0.037219204008579254,0.08461225777864456
640,yvsjCA6Y5Fc$_$8,0.4000000059604645,0.016446581110358238,0.0010043858783319592,0.007347701117396355,0.9916479587554932,0.09718284010887146,0.1259298175573349,0.07990751415491104,0.302817165851593,0.27407020330429077,0.32009249925613403,0.3316502869129181,0.3437843918800354,0.3245653212070465,vision,audio,0,0.5652173757553101,0.41428571939468384,0.5301204919815063,0.5216618776321411,0.4783381223678589,0.0010043858783319592,0.007347701117396355,0.9916479587554932,0.3207734227180481,0.268765926361084,0.4104606807231903,vision,vision,0,0.05135266110301018,1.0833663940429688,0.3874581754207611,0.018982093781232834,0.04602230340242386
269,iiK8YX8oH1E$_$5,-0.4000000059604645,0.7196553945541382,0.0007461646455340087,0.007720621302723885,0.9915332198143005,0.7600230574607849,0.7283153533935547,0.7803945541381836,1.1600230932235718,1.1283153295516968,1.1803945302963257,0.33164331316947937,0.3450518846511841,0.32330483198165894,vision,audio,0,0.5428571701049805,0.4876033067703247,0.4749999940395355,0.5219079852104187,0.4780920147895813,0.0007461646455340087,0.007720621302723885,0.9915332198143005,0.31304919719696045,0.3157746493816376,0.3711760938167572,vision,vision,0,0.051355645060539246,1.0954402685165405,0.41357144713401794,0.02142849750816822,0.052079200744628906
432,phBUpBr1hSo$_$14,-1.2000000476837158,0.5606594681739807,0.0010360943851992488,0.009595506824553013,0.9893683791160583,0.5571231842041016,0.5482430458068848,0.579018771648407,1.7571232318878174,1.7482430934906006,1.7790188789367676,0.33510228991508484,0.33884263038635254,0.3260550796985626,vision,audio,0,0.75,0.625,0.4791666567325592,0.5229532718658447,0.4770467281341553,0.0010360943851992488,0.009595506824553013,0.9893683791160583,0.37650641798973083,0.3288434147834778,0.29465019702911377,vision,text,0,0.06228037178516388,1.0935626029968262,0.46314549446105957,0.01293325237929821,0.030775725841522217
612,yDtzw_Y-7RU$_$5,0.5,0.8566075563430786,0.0007222555577754974,0.010208843275904655,0.9890689253807068,0.8988186717033386,0.8489792346954346,0.9098279476165771,0.3988186717033386,0.34897923469543457,0.40982794761657715,0.32780295610427856,0.34887436032295227,0.32332271337509155,vision,audio,0,0.4736842215061188,0.5846154093742371,0.43589743971824646,0.522224485874176,0.477775514125824,0.0007222555577754974,0.010208843275904655,0.9890689253807068,0.2721099257469177,0.3836499750614166,0.34424006938934326,vision,audio,1,0.0628977119922638,1.0888137817382812,0.4298858642578125,0.026473775506019592,0.06084871292114258
658,zhpQhgha_KU$_$23,-0.5,0.5912444591522217,0.0011706642108038068,0.008786733262240887,0.9900425672531128,0.6382966637611389,0.6118836998939514,0.6509089469909668,1.1382966041564941,1.1118836402893066,1.1509089469909668,0.33135345578193665,0.34247609972953796,0.32617050409317017,vision,audio,0,0.8333333134651184,0.6000000238418579,0.5116279125213623,0.5229949355125427,0.4770050644874573,0.0011706642108038068,0.008786733262240887,0.9900425672531128,0.41511306166648865,0.29074832797050476,0.2941386103630066,vision,text,0,0.05941076576709747,1.0840685367584229,0.4639359712600708,0.016260655596852303,0.03902524709701538
119,d3_k5Xpfmik$_$9,1.399999976158142,0.9836958050727844,0.0013755856780335307,0.0074486215598881245,0.9911757707595825,1.0671254396438599,1.0111627578735352,1.0764269828796387,0.3328745365142822,0.38883721828460693,0.3235729932785034,0.3396586775779724,0.3167104125022888,0.34363093972206116,vision,vision,1,0.9090909361839294,0.53125,0.5263158082962036,0.5228198766708374,0.4771801233291626,0.0013755856780335307,0.0074486215598881245,0.9911757707595825,0.4627645015716553,0.2453073412179947,0.29192811250686646,vision,text,0,0.05434492975473404,1.0607295036315918,0.46616506576538086,0.02882465161383152,0.06526422500610352
355,lXPQBPVc5Cw$_$12,-2.0,1.3890814781188965,0.0005642191972583532,0.006427937652915716,0.9930078983306885,1.500194787979126,1.3996868133544922,1.4917981624603271,3.500194787979126,3.399686813354492,3.491798162460327,0.31802377104759216,0.36059698462486267,0.32137924432754517,vision,audio,0,0.5384615659713745,0.5714285969734192,0.6666666865348816,0.521979033946991,0.47802096605300903,0.0005642191972583532,0.006427937652915716,0.9930078983306885,0.24963811039924622,0.3046799898147583,0.4456818997859955,vision,vision,0,0.04363042861223221,1.0687214136123657,0.36488398909568787,0.045530036091804504,0.10050797462463379
49,cW1FSBF59ik$_$24,0.0,-0.06244052201509476,0.0007146170828491449,0.009139329195022583,0.9901461005210876,-0.04504946619272232,0.025524117052555084,0.03291808068752289,0.04504946619272232,0.025524117052555084,0.03291808068752289,0.3289487957954407,0.3370761275291443,0.33397504687309265,vision,audio,0,0.5,0.5517241358757019,0.4571428596973419,0.52200847864151,0.47799152135849,0.0007146170828491449,0.009139329195022583,0.9901461005210876,0.28900083899497986,0.356155663728714,0.35484352707862854,vision,audio,1,0.05789237469434738,1.0940804481506348,0.4235350489616394,0.035141363739967346,0.07796754688024521
522,tmZoasNr4rU$_$9,-0.6000000238418579,-0.14745159447193146,0.0010154771152883768,0.00909479521214962,0.9898897409439087,0.04128067195415497,0.044819414615631104,-0.23019590973854065,0.6412807106971741,0.644819438457489,0.36980411410331726,0.2941509485244751,0.2928526699542999,0.41299641132354736,vision,vision,1,0.6399999856948853,0.550000011920929,0.4861111044883728,0.5214894413948059,0.4785105586051941,0.0010154771152883768,0.00909479521214962,0.9898897409439087,0.34603986144065857,0.3151756227016449,0.3387845456600189,vision,text,0,0.0598040446639061,1.097825050354004,0.4340701103210449,0.12881746888160706,0.27501532435417175
198,f9O3YtZ2VfI$_$24,-2.5999999046325684,-0.008748282678425312,0.0012344705173745751,0.008849593810737133,0.9899159073829651,0.09926500916481018,0.1243024691939354,0.07987844198942184,2.6992650032043457,2.724302291870117,2.6798782348632812,0.33403289318084717,0.3237406313419342,0.34222647547721863,vision,vision,1,0.6800000071525574,0.5096774101257324,0.5403226017951965,0.5222007632255554,0.4777992367744446,0.0012344705173745751,0.008849593810737133,0.9899159073829651,0.35477563738822937,0.28219136595726013,0.3630329966545105,vision,vision,1,0.060135871171951294,1.09251070022583,0.4179219603538513,0.018184874206781387,0.04442402720451355
422,pLTX3ipuDJI$_$4,-2.200000047683716,1.3221198320388794,0.000710662454366684,0.008805005811154842,0.990484356880188,1.4184380769729614,1.3129966259002686,1.4057915210723877,3.618438243865967,3.5129966735839844,3.6057915687561035,0.31677478551864624,0.36140280961990356,0.3218223452568054,vision,audio,0,0.4722222089767456,0.5544554591178894,0.5593220591545105,0.5218358039855957,0.4781641960144043,0.000710662454366684,0.008805005811154842,0.990484356880188,0.2533513307571411,0.33574628829956055,0.4109024107456207,vision,vision,0,0.056291136890649796,1.079735517501831,0.38638800382614136,0.04700916260480881,0.10544145107269287
267,iiK8YX8oH1E$_$3,-1.25,0.3626142144203186,0.0003612749569583684,0.007520416751503944,0.9921182990074158,0.24481594562530518,0.2311154007911682,0.2886650562286377,1.4948159456253052,1.4811153411865234,1.5386650562286377,0.3373890817165375,0.3432168960571289,0.31939399242401123,vision,audio,0,0.1428571492433548,0.4444444477558136,0.4375,0.521209180355072,0.478790819644928,0.0003612749569583684,0.007520416751503944,0.9921182990074158,0.18355092406272888,0.37414222955703735,0.44230687618255615,vision,vision,0,0.04748980328440666,1.0398060083389282,0.36654096841812134,0.02454567514359951,0.05754965543746948
378,nzpVDcQ0ywM$_$1,0.0,0.9070979952812195,0.0008642750908620656,0.009965416043996811,0.9891703724861145,0.9605116248130798,0.9007641077041626,0.9567357301712036,0.9605116248130798,0.9007641077041626,0.9567357301712036,0.32443565130233765,0.34959372878074646,0.3259706199169159,vision,audio,0,0.5333333611488342,0.5208333134651184,0.4035087823867798,0.5220528841018677,0.4779471158981323,0.0008642750908620656,0.009965416043996811,0.9891703724861145,0.32098865509033203,0.34683775901794434,0.3321736454963684,vision,audio,1,0.06279398500919342,1.0981087684631348,0.43799781799316406,0.027318773791193962,0.059747517108917236
133,d6hH302o4v8$_$40,-1.0,-0.3034006357192993,0.008541208691895008,0.010782739147543907,0.9806759357452393,-0.22786998748779297,-0.16954748332500458,-0.09758851677179337,0.772130012512207,0.8304525017738342,0.9024114608764648,0.3597888648509979,0.33449241518974304,0.3057187497615814,vision,text,0,1.0,0.0,0.0,0.5218343138694763,0.4781656861305237,0.008541208691895008,0.010782739147543907,0.9806759357452393,0.751031219959259,0.11341936141252518,0.1355494260787964,vision,text,1,0.10866038501262665,0.7327865362167358,0.5634176731109619,0.05328421667218208,0.1302814781665802
94,cXypl4FnoZo$_$13,-1.0,-0.010870675556361675,0.0008556885877624154,0.008239112794399261,0.9909051656723022,0.00869830697774887,0.07416830211877823,0.06744564324617386,1.0086983442306519,1.07416832447052,1.0674456357955933,0.3508009910583496,0.3232356607913971,0.3259633481502533,vision,text,0,0.550000011920929,0.48571428656578064,0.46666666865348816,0.5218676924705505,0.47813230752944946,0.0008556885877624154,0.008239112794399261,0.9909051656723022,0.3174777328968048,0.3154865503311157,0.36703574657440186,vision,vision,0,0.054635949432849884,1.0960934162139893,0.4159129559993744,0.029406659305095673,0.06546999514102936
627,yDtzw_Y-7RU$_$18,-2.0,0.8823778033256531,0.0007551236776635051,0.006875892169773579,0.9923689365386963,0.9392528533935547,0.8889496326446533,0.9494122266769409,2.9392528533935547,2.8889496326446533,2.9494123458862305,0.32762405276298523,0.3488862216472626,0.3234897553920746,vision,audio,0,0.5,0.3877550959587097,0.4482758641242981,0.5214466452598572,0.4785533547401428,0.0007551236776635051,0.006875892169773579,0.9923689365386963,0.32007431983947754,0.28738170862197876,0.3925439417362213,vision,vision,0,0.0472702719271183,1.0900486707687378,0.39988335967063904,0.02643514610826969,0.0604625940322876
169,dq3Nf_lMPnE$_$14,-1.7999999523162842,0.09373581409454346,0.0010773477843031287,0.00766199454665184,0.9912607073783875,0.10227353870868683,0.13029761612415314,0.0855238065123558,1.9022735357284546,1.930297613143921,1.885523796081543,0.33481383323669434,0.32328829169273376,0.3418978154659271,vision,vision,1,0.5333333611488342,0.375,0.48275861144065857,0.5214918255805969,0.4785081744194031,0.0010773477843031287,0.00766199454665184,0.9912607073783875,0.32735317945480347,0.26873067021369934,0.4039161503314972,vision,vision,1,0.05338804051280022,1.0848541259765625,0.3915630280971527,0.018470989540219307,0.04477380961179733
90,cXypl4FnoZo$_$9,1.2000000476837158,0.25877898931503296,0.0011338291224092245,0.010074593126773834,0.9887915849685669,0.29842936992645264,0.2824844717979431,0.3277730345726013,0.9015706777572632,0.9175155758857727,0.8722270131111145,0.3313862681388855,0.3248467445373535,0.34376704692840576,vision,vision,1,0.5789473652839661,0.5102040767669678,0.4482758641242981,0.5220929384231567,0.47790706157684326,0.0011338291224092245,0.010074593126773834,0.9887915849685669,0.3276916742324829,0.3246901035308838,0.3476182222366333,vision,vision,1,0.06515549123287201,1.0981494188308716,0.42744892835617065,0.01875676028430462,0.0452885627746582
584,wMbj6ajWbic$_$1,0.5,0.9151227474212646,0.0005956807290203869,0.0093071348965168,0.990097165107727,0.9250999093055725,0.8780686855316162,0.9405314922332764,0.4250999093055725,0.3780686855316162,0.44053149223327637,0.3287908732891083,0.3486996591091156,0.32250943779945374,vision,audio,0,0.5,0.6499999761581421,0.5416666865348816,0.5224283933639526,0.47757160663604736,0.0005956807290203869,0.0093071348965168,0.990097165107727,0.2513063848018646,0.3803809583187103,0.36831268668174744,vision,audio,1,0.05780625343322754,1.0826233625411987,0.41452300548553467,0.026565779000520706,0.062462806701660156
349,lXPQBPVc5Cw$_$6,-1.399999976158142,0.6723745465278625,0.0006618049228563905,0.008411912247538567,0.9909263849258423,0.7266528606414795,0.6763455867767334,0.6959986686706543,2.126652717590332,2.076345443725586,2.095998764038086,0.32216864824295044,0.34307846426963806,0.3347528576850891,vision,audio,0,0.4166666567325592,0.4880000054836273,0.47999998927116394,0.5217333436012268,0.4782666563987732,0.0006618049228563905,0.008411912247538567,0.9909263849258423,0.26257744431495667,0.33617064356803894,0.4012519121170044,vision,vision,0,0.054070085287094116,1.0840023756027222,0.3931163251399994,0.02070089802145958,0.050307273864746094
9,c7UH_rxdZv4$_$29,0.6000000238418579,0.2091553658246994,0.0005383312818594277,0.008927332237362862,0.9905343055725098,0.19230327010154724,0.19993044435977936,0.21929550170898438,0.40769675374031067,0.40006959438323975,0.38070452213287354,0.3285263776779175,0.3316735029220581,0.33980005979537964,vision,vision,1,0.3333333432674408,0.5531914830207825,0.5263158082962036,0.5219529867172241,0.4780470132827759,0.0005383312818594277,0.008927332237362862,0.9905343055725098,0.21037358045578003,0.3675938844680786,0.42203253507614136,vision,vision,1,0.05559761822223663,1.0599005222320557,0.3790012001991272,0.011361532844603062,0.026992231607437134
189,etzxEpPuc6I$_$1,0.4000000059604645,0.3125508427619934,0.0011044183047488332,0.01028547901660204,0.9886101484298706,0.322710782289505,0.3215872645378113,0.3492792546749115,0.07728922367095947,0.0784127414226532,0.05072075128555298,0.3297756314277649,0.329312801361084,0.3409115672111511,vision,vision,1,0.6666666865348816,0.5753424763679504,0.4367816150188446,0.522621750831604,0.477378249168396,0.0011044183047488332,0.01028547901660204,0.9886101484298706,0.35767626762390137,0.3358496129512787,0.30647411942481995,vision,text,0,0.06592094898223877,1.0966224670410156,0.4547573924064636,0.012797536328434944,0.02769199013710022
114,d3_k5Xpfmik$_$2,0.0,0.5603768825531006,0.0006342726992443204,0.00752542307600379,0.9918403625488281,0.5026392936706543,0.47737646102905273,0.5344496369361877,0.5026392936706543,0.47737646102905273,0.5344496369361877,0.3341017961502075,0.34482061862945557,0.3210776150226593,vision,audio,0,0.5,0.5,0.47058823704719543,0.5218740105628967,0.47812598943710327,0.0006342726992443204,0.00752542307600379,0.9918403625488281,0.2963560223579407,0.3305486738681793,0.3730953335762024,vision,vision,0,0.04959172382950783,1.094186782836914,0.4124966561794281,0.023351065814495087,0.05707317590713501
106,d3_k5Xpfmik$_$15,2.5999999046325684,0.6135861873626709,0.0004940468352288008,0.006639149505645037,0.9928668737411499,0.578876256942749,0.5604607462882996,0.5939958095550537,2.0211236476898193,2.039539098739624,2.0060040950775146,0.3337424099445343,0.3261476755142212,0.3401099741458893,vision,vision,1,0.48571428656578064,0.53125,0.5526315569877625,0.5220277309417725,0.47797226905822754,0.0004940468352288008,0.006639149505645037,0.9928668737411499,0.26645568013191223,0.3253478705883026,0.40819650888442993,vision,vision,1,0.04416254162788391,1.0834672451019287,0.3897802531719208,0.013712655752897263,0.03353506326675415
205,f9O3YtZ2VfI$_$23,1.600000023841858,-0.08531956374645233,0.0007742408197373152,0.006303051486611366,0.9929226636886597,-0.10288793593645096,-0.025062456727027893,0.007173530757427216,1.702888011932373,1.6250624656677246,1.59282648563385,0.3077244162559509,0.33916497230529785,0.353110671043396,vision,vision,1,0.5833333134651184,0.4444444477558136,0.5625,0.521551787853241,0.47844821214675903,0.0007742408197373152,0.006303051486611366,0.9929226636886597,0.31536245346069336,0.2707635462284088,0.41387397050857544,vision,vision,1,0.04453439265489578,1.0828107595443726,0.3860325217247009,0.046199437230825424,0.11006146669387817
477,tIrG4oNLFzE$_$16,-1.600000023841858,0.5551148653030396,0.0009538562735542655,0.007471362594515085,0.9915747046470642,0.6294345259666443,0.5879377126693726,0.6328293681144714,2.2294344902038574,2.1879377365112305,2.2328293323516846,0.3279758393764496,0.3454371690750122,0.3265869915485382,vision,audio,0,0.5833333134651184,0.43023255467414856,0.49514561891555786,0.5217689871788025,0.4782310128211975,0.0009538562735542655,0.007471362594515085,0.9915747046470642,0.33552899956703186,0.27901262044906616,0.385458379983902,vision,vision,0,0.051608607172966,1.090038537979126,0.40407758951187134,0.02040906995534897,0.04489165544509888
18,c7UH_rxdZv4$_$8,-2.799999952316284,0.8442386984825134,0.0006861312431283295,0.007420992478728294,0.9918928146362305,0.9332554936408997,0.8662307262420654,0.9256224632263184,3.733255386352539,3.6662306785583496,3.7256224155426025,0.32289546728134155,0.3511134684085846,0.32599112391471863,vision,audio,0,0.5,0.483146071434021,0.5076923370361328,0.5217592120170593,0.4782407879829407,0.0006861312431283295,0.007420992478728294,0.9918928146362305,0.28735312819480896,0.31368350982666016,0.3989633321762085,vision,vision,0,0.049460701644420624,1.0886189937591553,0.39528632164001465,0.029959145933389664,0.06702476739883423
13,c7UH_rxdZv4$_$5,-2.200000047683716,0.03244289383292198,0.0006578536122106016,0.007924973964691162,0.9914172291755676,0.02262144535779953,0.07150759547948837,0.07074707746505737,2.222621440887451,2.271507740020752,2.270747184753418,0.3469405174255371,0.32637453079223633,0.3266849219799042,vision,text,0,0.5263158082962036,0.5740740895271301,0.5625,0.5221909880638123,0.47780901193618774,0.0006578536122106016,0.007924973964691162,0.9914172291755676,0.27167633175849915,0.3347012400627136,0.3936224579811096,vision,vision,0,0.0517045333981514,1.0873686075210571,0.39852985739707947,0.022868003696203232,0.04888615012168884
635,yvsjCA6Y5Fc$_$5,0.4000000059604645,-0.2118796855211258,0.0010658528190106153,0.00800856202840805,0.9909255504608154,-0.26427146792411804,-0.19984565675258636,-0.17806261777877808,0.6642714738845825,0.5998456478118896,0.5780626535415649,0.3127301037311554,0.3389568626880646,0.34831303358078003,vision,vision,1,0.625,0.4375,0.4444444477558136,0.5217673182487488,0.4782326817512512,0.0010658528190106153,0.00800856202840805,0.9909255504608154,0.3708227276802063,0.2827344834804535,0.34644272923469543,vision,text,0,0.054987091571092606,1.092273473739624,0.4296552538871765,0.03660168498754501,0.08620885014533997
493,tStelxIAHjw$_$14,-1.7999999523162842,0.05612754076719284,0.0010904144728556275,0.004993564449250698,0.9939160943031311,0.10236263275146484,0.12987738847732544,0.08356095105409622,1.902362585067749,1.9298772811889648,1.8835608959197998,0.334451287984848,0.32314395904541016,0.34240472316741943,vision,vision,1,0.75,0.2857142984867096,0.47058823704719543,0.5216310620307922,0.47836893796920776,0.0010904144728556275,0.004993564449250698,0.9939160943031311,0.44986599683761597,0.20076170563697815,0.34937232732772827,vision,text,0,0.03996719419956207,1.0491117238998413,0.42969584465026855,0.019019808620214462,0.04631643742322922
211,f9O3YtZ2VfI$_$5,-1.7999999523162842,-0.9527830481529236,0.0010123825632035732,0.009480349719524384,0.989507257938385,-0.7611910104751587,-0.6763178110122681,-0.764485239982605,1.0388089418411255,1.1236821413040161,1.0355147123336792,0.3444156348705292,0.3097475469112396,0.3458367586135864,vision,vision,1,0.5714285969734192,0.517241358757019,0.43809524178504944,0.5219554901123047,0.4780445098876953,0.0010123825632035732,0.009480349719524384,0.989507257938385,0.3319489657878876,0.32783007621765137,0.34022092819213867,vision,vision,1,0.06158284470438957,1.0984930992126465,0.43285757303237915,0.04080823436379433,0.08816742897033691
218,f9O3YtZ2VfI$_$10,-2.0,0.17546066641807556,0.0010930499993264675,0.01170328725129366,0.9872036576271057,0.11285489797592163,0.13447561860084534,0.16351580619812012,2.1128549575805664,2.1344757080078125,2.16351580619812,0.3434097468852997,0.3342530429363251,0.32233721017837524,vision,text,0,0.5,0.5384615659713745,0.4000000059604645,0.5221285820007324,0.4778714179992676,0.0010930499993264675,0.01170328725129366,0.9872036576271057,0.3023901581764221,0.3651791512966156,0.3324306607246399,vision,audio,0,0.07222224771976471,1.0956531763076782,0.43651533126831055,0.020756030455231667,0.050660908222198486
243,fvVhgmXxadc$_$11,-0.20000000298023224,0.39190271496772766,0.0007871389971114695,0.00811900943517685,0.9910939335823059,0.4208014905452728,0.4092355966567993,0.4360521733760834,0.6208015084266663,0.6092355847358704,0.6360521912574768,0.3338140547275543,0.33867523074150085,0.3275107443332672,vision,audio,0,0.6000000238418579,0.5384615659713745,0.5,0.5222718715667725,0.47772812843322754,0.0007871389971114695,0.00811900943517685,0.9910939335823059,0.32238003611564636,0.3198733329772949,0.35774660110473633,vision,vision,0,0.05357326567173004,1.097281813621521,0.422231525182724,0.010982218198478222,0.026816576719284058
538,v0zCBqDeKcE$_$9,1.7999999523162842,0.28931525349617004,0.000500357011333108,0.008575848303735256,0.9909238219261169,0.25500577688217163,0.2718047499656677,0.27414700388908386,1.5449941158294678,1.5281951427459717,1.525852918624878,0.32836025953292847,0.33532825112342834,0.3363114893436432,vision,vision,1,0.4444444477558136,0.6190476417541504,0.5199999809265137,0.5223899483680725,0.4776100516319275,0.000500357011333108,0.008575848303735256,0.9909238219261169,0.24121564626693726,0.38184815645217896,0.37693625688552856,vision,audio,0,0.0536484457552433,1.0784103870391846,0.4093250632286072,0.008524986915290356,0.01914122700691223
570,vyB00TXsimI$_$17,1.399999976158142,-0.19501255452632904,0.0005488057504408062,0.008777965791523457,0.9906732439994812,-0.23041871190071106,-0.13345851004123688,-0.108004130423069,1.6304186582565308,1.5334584712982178,1.508004069328308,0.3035641312599182,0.34267860651016235,0.35375726222991943,vision,vision,1,0.3684210479259491,0.5531914830207825,0.5263158082962036,0.5216425657272339,0.4783574342727661,0.0005488057504408062,0.008777965791523457,0.9906732439994812,0.22427082061767578,0.36124566197395325,0.41448354721069336,vision,vision,1,0.05497156083583832,1.0681266784667969,0.3841264843940735,0.05274101719260216,0.12241458147764206
1,c7UH_rxdZv4$_$25,0.0,0.6567162871360779,0.00034719001268967986,0.0055140480399131775,0.9941387176513672,0.6240958571434021,0.6136137247085571,0.649827778339386,0.6240958571434021,0.6136137247085571,0.649827778339386,0.3353976011276245,0.33982113003730774,0.324781209230423,vision,audio,0,0.3333333432674408,0.5,0.6399999856948853,0.5216997265815735,0.4783002734184265,0.00034719001268967986,0.0055140480399131775,0.9941387176513672,0.19696009159088135,0.3097524046897888,0.49328747391700745,vision,vision,0,0.0372852087020874,1.0316240787506104,0.3339008688926697,0.015214994549751282,0.03621405363082886
498,tStelxIAHjw$_$5,-2.200000047683716,-0.27813899517059326,0.0007678667898289859,0.006315944250673056,0.9929162263870239,-0.282185822725296,-0.21428446471691132,-0.1828574538230896,1.9178142547607422,1.985715627670288,2.0171425342559814,0.3569052815437317,0.32786229252815247,0.31523242592811584,vision,text,0,0.5714285969734192,0.47999998927116394,0.6333333253860474,0.5216837525367737,0.4783162474632263,0.0007678667898289859,0.006315944250673056,0.9929162263870239,0.2886489927768707,0.2703394889831543,0.44101157784461975,vision,vision,0,0.04455389082431793,1.0733330249786377,0.36793646216392517,0.04145194962620735,0.09932836890220642
326,k5Y_838nuGo$_$14,-1.7999999523162842,0.01598682627081871,0.0006250216392800212,0.010767674073576927,0.9886073470115662,0.07889900356531143,0.1171901524066925,0.08028744161128998,1.8788989782333374,1.9171900749206543,1.8802874088287354,0.3388073444366455,0.32297274470329285,0.33821988105773926,vision,text,0,0.3684210479259491,0.6122449040412903,0.5,0.5222127437591553,0.4777872562408447,0.0006250216392800212,0.010767674073576927,0.9886073470115662,0.2175021767616272,0.39742210507392883,0.38507571816444397,vision,audio,0,0.06472928076982498,1.0660170316696167,0.4023544192314148,0.017732422798871994,0.03829114884138107
209,f9O3YtZ2VfI$_$3,0.6000000238418579,0.4809969663619995,0.000857954379171133,0.007238959893584251,0.9919031262397766,0.5007580518722534,0.4799879789352417,0.5150386095046997,0.09924197196960449,0.12001204490661621,0.0849614143371582,0.33418184518814087,0.32561731338500977,0.340200811624527,vision,vision,1,0.6666666865348816,0.5135135054588318,0.47727271914482117,0.5222927927970886,0.4777072072029114,0.000857954379171133,0.007238959893584251,0.9919031262397766,0.36129826307296753,0.30089372396469116,0.3378080129623413,vision,text,0,0.04979757219552994,1.095808506011963,0.43606340885162354,0.01439088024199009,0.03505063056945801
523,tmZoasNr4rU$_$8,-2.0,-0.34741848707199097,0.002576409373432398,0.009527262300252914,0.9878963232040405,-0.2900291085243225,-0.19231568276882172,-0.18604794144630432,1.7099709510803223,1.807684302330017,1.813952088356018,0.3619072437286377,0.32029616832733154,0.3177965581417084,vision,text,0,1.0,0.512499988079071,0.5520833134651184,0.5228301286697388,0.47716987133026123,0.002576409373432398,0.009527262300252914,0.9878963232040405,0.5064292550086975,0.21301554143428802,0.28055518865585327,vision,text,1,0.07172505557537079,1.0305461883544922,0.4715607762336731,0.04760868474841118,0.10398116707801819
305,k5Y_838nuGo$_$27,-0.800000011920929,0.21570590138435364,0.0008035929640755057,0.008761690929532051,0.9904347658157349,0.23217666149139404,0.23544597625732422,0.25692424178123474,1.0321767330169678,1.0354459285736084,1.0569242238998413,0.3372156620025635,0.33584049344062805,0.3269438147544861,vision,text,0,0.4848484992980957,0.4838709533214569,0.4464285671710968,0.521923840045929,0.47807615995407104,0.0008035929640755057,0.008761690929532051,0.9904347658157349,0.2952122688293457,0.33198341727256775,0.37280431389808655,vision,vision,0,0.05675340071320534,1.0940916538238525,0.4117536246776581,0.010976981371641159,0.024747580289840698
161,d6hH302o4v8$_$34,-3.0,0.5393456816673279,0.00122269825078547,0.009052610956132412,0.9897247552871704,0.4783731997013092,0.45202451944351196,0.543046236038208,3.4783732891082764,3.452024459838867,3.543046236038208,0.3383150100708008,0.34964337944984436,0.31204161047935486,vision,audio,0,0.6000000238418579,0.4444444477558136,0.4545454680919647,0.5217017531394958,0.47829824686050415,0.00122269825078547,0.009052610956132412,0.9897247552871704,0.3555661141872406,0.29002365469932556,0.35441023111343384,vision,text,0,0.061012353748083115,1.094290018081665,0.42354297637939453,0.038241636008024216,0.09102171659469604
487,tIrG4oNLFzE$_$8,-1.2000000476837158,-0.03343924507498741,0.0007400066242553294,0.008368314243853092,0.9908916354179382,0.013235330581665039,0.06849484145641327,0.06669443845748901,1.2132353782653809,1.2684948444366455,1.2666945457458496,0.34860002994537354,0.32533353567123413,0.3260664641857147,vision,text,0,0.46000000834465027,0.5230769515037537,0.5555555820465088,0.5218864679336548,0.4781135320663452,0.0007400066242553294,0.008368314243853092,0.9908916354179382,0.25275522470474243,0.32570162415504456,0.42154309153556824,vision,vision,0,0.054429516196250916,1.0771292448043823,0.3795657157897949,0.025635764002799988,0.05525951087474823
121,d6hH302o4v8$_$42,-1.399999976158142,-0.7817243933677673,0.0009934997651726007,0.00844188965857029,0.9905647039413452,-0.5055620074272156,-0.4463944435119629,-0.6189605593681335,0.8944379687309265,0.9536055326461792,0.7810394167900085,0.3245703876018524,0.3014315366744995,0.37399807572364807,vision,vision,1,0.6363636255264282,0.517241358757019,0.5,0.5217111110687256,0.4782888889312744,0.0009934997651726007,0.00844188965857029,0.9905647039413452,0.3491766154766083,0.2992340624332428,0.3515893518924713,vision,vision,1,0.05656617134809494,1.0959436893463135,0.42598360776901245,0.071600042283535,0.17256611585617065
103,d3_k5Xpfmik$_$10,0.4000000059604645,0.667806088924408,0.0005452700424939394,0.008980801329016685,0.9904739260673523,0.6711711287498474,0.6328908205032349,0.6866095662117004,0.27117112278938293,0.23289081454277039,0.28660956025123596,0.33004382252693176,0.3462204933166504,0.32373568415641785,vision,audio,0,0.3571428656578064,0.5846154093742371,0.5844155550003052,0.5219924449920654,0.47800755500793457,0.0005452700424939394,0.008980801329016685,0.9904739260673523,0.20378822088241577,0.3599470853805542,0.4362647235393524,vision,vision,0,0.055901337414979935,1.0538381338119507,0.36947283148765564,0.022581780329346657,0.053718745708465576
81,cXypl4FnoZo$_$28,-2.200000047683716,0.212322399020195,0.001095884363166988,0.009397284127771854,0.9895069003105164,0.24264106154441833,0.2387029528617859,0.24902817606925964,2.442641019821167,2.4387030601501465,2.449028253555298,0.33366891741752625,0.3353155255317688,0.33101555705070496,vision,audio,0,0.6363636255264282,0.5199999809265137,0.4333333373069763,0.5223992466926575,0.47760075330734253,0.001095884363166988,0.009397284127771854,0.9895069003105164,0.35654839873313904,0.31875330209732056,0.3246983587741852,vision,text,0,0.06176786497235298,1.0973855257034302,0.44320568442344666,0.004254594445228577,0.010325223207473755
329,k5Y_838nuGo$_$19,-0.6000000238418579,0.9918648600578308,0.00036316842306405306,0.007882480509579182,0.9917542934417725,1.0164473056793213,0.9607627987861633,1.027796983718872,1.6164473295211792,1.560762882232666,1.62779700756073,0.3270113468170166,0.3505840003490448,0.32240474224090576,vision,audio,0,0.3684210479259491,0.6857143044471741,0.6428571343421936,0.5223435759544373,0.47765642404556274,0.00036316842306405306,0.007882480509579182,0.9917542934417725,0.18223559856414795,0.3879087269306183,0.42985573410987854,vision,vision,0,0.04926386475563049,1.0405213832855225,0.3745990991592407,0.029293840751051903,0.06703418493270874
200,f9O3YtZ2VfI$_$26,1.399999976158142,1.2491563558578491,0.0009690723964013159,0.0065630339086055756,0.9924678206443787,1.372137427330017,1.2852959632873535,1.3725440502166748,0.027862548828125,0.11470401287078857,0.027455925941467285,0.3451083302497864,0.3096078634262085,0.3452838361263275,vision,vision,1,0.7142857313156128,0.4375,0.5,0.5219017863273621,0.47809821367263794,0.0009690723964013159,0.0065630339086055756,0.9924678206443787,0.3949797451496124,0.25542423129081726,0.3495960831642151,vision,text,0,0.04721607267856598,1.0829328298568726,0.42858120799064636,0.041033610701560974,0.08724808692932129
593,wMbj6ajWbic$_$11,0.4000000059604645,-0.14560839533805847,0.0010196163784712553,0.00871435645967722,0.9902660250663757,-0.08785643428564072,-0.004098907113075256,0.00738457590341568,0.4878564476966858,0.4040989279747009,0.3926154375076294,0.3089469373226166,0.343046635389328,0.34800639748573303,vision,vision,1,0.5882353186607361,0.4615384638309479,0.42553192377090454,0.521761417388916,0.478238582611084,0.0010196163784712553,0.00871435645967722,0.9902660250663757,0.35229209065437317,0.3060353994369507,0.34167250990867615,vision,text,0,0.058040179312229156,1.096830129623413,0.43239569664001465,0.04245002940297127,0.0952410101890564
551,vvZ4IcEtiZc$_$8,-1.5,0.9465671181678772,0.0005795648321509361,0.009836412034928799,0.9895840287208557,1.023958683013916,0.9567115306854248,1.006353497505188,2.523958683013916,2.456711530685425,2.5063533782958984,0.32154929637908936,0.34974682331085205,0.328703910112381,vision,audio,0,0.4375,0.6393442749977112,0.5270270109176636,0.5222920179367065,0.47770798206329346,0.0005795648321509361,0.009836412034928799,0.9895840287208557,0.2333451509475708,0.38981035351753235,0.3768444359302521,vision,audio,1,0.06014173850417137,1.0745818614959717,0.4084930419921875,0.028473054990172386,0.06724715232849121
363,nbWiPyCm4g0$_$10,1.2000000476837158,0.8985492587089539,0.0008215215639211237,0.008253557607531548,0.9909248352050781,1.0148260593414307,0.9735024571418762,0.8276064395904541,0.18517398834228516,0.2264975905418396,0.3723936080932617,0.36483046412467957,0.34646376967430115,0.2887057960033417,vision,text,0,0.6363636255264282,0.5365853905677795,0.4375,0.5218199491500854,0.47818005084991455,0.0008215215639211237,0.008253557607531548,0.9909248352050781,0.35999149084091187,0.32069364190101624,0.3193148970603943,vision,text,1,0.05446344614028931,1.0970319509506226,0.44774001836776733,0.08030807226896286,0.18721961975097656
77,cXypl4FnoZo$_$20,-1.0,0.6895105242729187,0.0008774188463576138,0.008672661148011684,0.9904499650001526,0.7497033476829529,0.6996338963508606,0.7604551911354065,1.7497034072875977,1.6996338367462158,1.7604551315307617,0.32773587107658386,0.3489033877849579,0.32336071133613586,vision,audio,0,0.5,0.47457626461982727,0.48571428656578064,0.5217596292495728,0.47824037075042725,0.0008774188463576138,0.008672661148011684,0.9904499650001526,0.2939559817314148,0.3149712383747101,0.3910727798938751,vision,vision,0,0.05685415118932724,1.090938925743103,0.3995847702026367,0.02650321274995804,0.0608212947845459
392,nzpVDcQ0ywM$_$14,0.20000000298023224,0.371096670627594,0.0006524162017740309,0.006592882331460714,0.9927546381950378,0.3663857579231262,0.35950326919555664,0.3406755030155182,0.16638575494289398,0.1595032662153244,0.14067550003528595,0.3288067579269409,0.33164772391319275,0.33954551815986633,vision,vision,1,0.550000011920929,0.4545454680919647,0.52173912525177,0.5218654870986938,0.47813451290130615,0.0006524162017740309,0.006592882331460714,0.9927546381950378,0.3168606460094452,0.28668302297592163,0.39645636081695557,vision,vision,1,0.04511229693889618,1.0891385078430176,0.39753222465515137,0.010867230594158173,0.025710254907608032
541,vvZ4IcEtiZc$_$10,-2.0,0.34671443700790405,0.0011788372648879886,0.01444931235164404,0.9843718409538269,0.3771146237850189,0.36715906858444214,0.39748284220695496,2.3771145343780518,2.367159128189087,2.3974828720092773,0.33474111557006836,0.3389327824115753,0.32632607221603394,vision,audio,0,0.6000000238418579,0.6458333134651184,0.3333333432674408,0.5229732394218445,0.4770267605781555,0.0011788372648879886,0.01444931235164404,0.9843718409538269,0.3294764757156372,0.40730077028274536,0.26322272419929504,vision,audio,1,0.08467785269021988,1.0829780101776123,0.48076605796813965,0.01262056827545166,0.030323773622512817
680,zhpQhgha_KU$_$31,-1.0,0.039873555302619934,0.0007987212156876922,0.007741812150925398,0.9914594888687134,0.10225635766983032,0.1263827681541443,0.08025933057069778,1.1022562980651855,1.126382827758789,1.0802593231201172,0.3335367739200592,0.32362809777259827,0.34283503890037537,vision,vision,1,0.5,0.4375,0.43103447556495667,0.5216967463493347,0.4783032536506653,0.0007987212156876922,0.007741812150925398,0.9914594888687134,0.3142523169517517,0.3126713037490845,0.3730764091014862,vision,vision,1,0.051834672689437866,1.0951210260391235,0.4122553765773773,0.018836503848433495,0.0461234375834465
454,rnaNMUZpvvg$_$5,-2.799999952316284,-0.20673786103725433,0.0019378814613446593,0.006628119852393866,0.9914339780807495,-0.10129440575838089,-0.03496889770030975,-0.019245415925979614,2.6987054347991943,2.765031099319458,2.780754566192627,0.3542381525039673,0.32605382800102234,0.319707989692688,vision,text,0,0.8181818127632141,0.2380952388048172,0.3199999928474426,0.5217686295509338,0.47823137044906616,0.0019378814613446593,0.006628119852393866,0.9914339780807495,0.5408846735954285,0.19026340544223785,0.2688519060611725,vision,text,1,0.05388305336236954,1.0012754201889038,0.4817214012145996,0.035556431859731674,0.08204898983240128
109,d3_k5Xpfmik$_$16,2.0,1.3712552785873413,0.0008950316114351153,0.015997646376490593,0.983107328414917,1.4065799713134766,1.3041718006134033,1.4132016897201538,0.5934200286865234,0.6958281993865967,0.5867983102798462,0.34624168276786804,0.3046388328075409,0.34911948442459106,vision,vision,1,0.5,0.695652186870575,0.2857142984867096,0.522866427898407,0.477133572101593,0.0008950316114351153,0.015997646376490593,0.983107328414917,0.2836366891860962,0.468649297952652,0.24771399796009064,vision,audio,0,0.08918636292219162,1.0582691431045532,0.4902622401714325,0.049909722059965134,0.10902988910675049
641,yvsjCA6Y5Fc$_$11,2.0,0.5606930255889893,0.0006369964103214443,0.007500872015953064,0.9918621778488159,0.5411168336868286,0.5332620143890381,0.5535655617713928,1.4588831663131714,1.466737985610962,1.446434497833252,0.3326776921749115,0.3294273316860199,0.3378949463367462,vision,vision,1,0.529411792755127,0.5365853905677795,0.5510203838348389,0.5221589207649231,0.4778410792350769,0.0006369964103214443,0.007500872015953064,0.9918621778488159,0.2842869162559509,0.3194669187068939,0.3962461054325104,vision,vision,1,0.04949188232421875,1.0889248847961426,0.39707738161087036,0.008359324187040329,0.020303547382354736
74,cXypl4FnoZo$_$25,-1.2000000476837158,0.3708486258983612,0.0009270847658626735,0.008872506208717823,0.9902003407478333,0.4212973713874817,0.3998241424560547,0.4351635277271271,1.6212973594665527,1.5998241901397705,1.6351635456085205,0.3322235643863678,0.3412616550922394,0.3265147805213928,vision,audio,0,0.6190476417541504,0.5714285969734192,0.5593220591545105,0.5223682522773743,0.47763174772262573,0.0009270847658626735,0.008872506208717823,0.9902003407478333,0.30894288420677185,0.31659629940986633,0.3744608163833618,vision,vision,0,0.05814652889966965,1.094831109046936,0.41049301624298096,0.014538239687681198,0.03533938527107239
656,zhpQhgha_KU$_$21,0.6000000238418579,0.18500488996505737,0.00048018901725299656,0.006591483019292355,0.9929283261299133,0.1595785915851593,0.17581911385059357,0.1743602752685547,0.4404214322566986,0.42418092489242554,0.4256397485733032,0.3290386497974396,0.3357865810394287,0.3351748585700989,vision,audio,0,0.42105263471603394,0.5161290168762207,0.5675675868988037,0.5219478607177734,0.47805213928222656,0.00048018901725299656,0.006591483019292355,0.9929283261299133,0.23850129544734955,0.32557690143585205,0.4359217882156372,vision,vision,0,0.043818149715662,1.0691540241241455,0.3713377118110657,0.007336218375712633,0.016240522265434265
312,k5Y_838nuGo$_$1,-1.600000023841858,1.1349753141403198,0.000967844040133059,0.015485747717320919,0.9835463762283325,1.1499998569488525,1.0816339254379272,1.1879123449325562,2.75,2.681633949279785,2.787912368774414,0.32863062620162964,0.35794946551322937,0.3134199380874634,vision,audio,0,0.4444444477558136,0.6666666865348816,0.3636363744735718,0.5225380063056946,0.4774619936943054,0.000967844040133059,0.015485747717320919,0.9835463762283325,0.2564341723918915,0.44937336444854736,0.29419243335723877,vision,audio,1,0.08757680654525757,1.068381905555725,0.4595693051815033,0.04397769644856453,0.1062784194946289
430,phBUpBr1hSo$_$12,1.7999999523162842,0.1888827085494995,0.0006233745370991528,0.007662586402148008,0.9917140603065491,0.11405826359987259,0.1552678346633911,0.15907225012779236,1.6859416961669922,1.644732117652893,1.6409276723861694,0.32146668434143066,0.3384599983692169,0.3400733768939972,vision,vision,1,0.47999998927116394,0.5133333206176758,0.49444442987442017,0.5219321250915527,0.47806787490844727,0.0006233745370991528,0.007662586402148008,0.9917140603065491,0.2779662311077118,0.33488819003105164,0.3871455490589142,vision,vision,1,0.05017979443073273,1.0896050930023193,0.403045654296875,0.02038235031068325,0.04501398652791977
289,jUzDDGyPkXU$_$6,-1.600000023841858,0.1633525937795639,0.0010317959822714329,0.009174332953989506,0.9897938966751099,0.1549985259771347,0.17625974118709564,0.18723446130752563,1.7549985647201538,1.7762597799301147,1.7872345447540283,0.3407991826534271,0.3318611681461334,0.32733967900276184,vision,text,0,0.5806451439857483,0.4639175236225128,0.380952388048172,0.5220440626144409,0.4779559373855591,0.0010317959822714329,0.009174332953989506,0.9897938966751099,0.3567945957183838,0.3184989094734192,0.324706494808197,vision,text,1,0.06028888747096062,1.0973576307296753,0.4433915615081787,0.01338174194097519,0.03223593533039093
248,fvVhgmXxadc$_$1,-0.4000000059604645,0.6819663047790527,0.0005625377525575459,0.00815832894295454,0.9912791848182678,0.7182819843292236,0.697341799736023,0.5729304552078247,1.1182819604873657,1.097341775894165,0.9729304313659668,0.31000423431396484,0.31822583079338074,0.3717699646949768,vision,vision,1,0.44999998807907104,0.5384615659713745,0.47727271914482117,0.5216240286827087,0.47837597131729126,0.0005625377525575459,0.00815832894295454,0.9912791848182678,0.27217379212379456,0.35152316093444824,0.3763029873371124,vision,vision,1,0.05212324485182762,1.089477777481079,0.4099840819835663,0.06415583938360214,0.14535152912139893
398,ob23OKe5a9Q$_$10,1.25,0.007981697097420692,0.0010127621935680509,0.006614543031901121,0.9923727512359619,0.06628952920436859,0.11232994496822357,0.0798964723944664,1.1837104558944702,1.1376700401306152,1.1701035499572754,0.3250560164451599,0.3443119525909424,0.3306320607662201,vision,audio,0,0.5,0.23529411852359772,0.3499999940395355,0.5209865570068359,0.47901344299316406,0.0010127621935680509,0.006614543031901121,0.9923727512359619,0.3767589330673218,0.2479843646287918,0.3752567172050476,vision,text,0,0.04777612164616585,1.081365942955017,0.41141068935394287,0.019312631338834763,0.04604041576385498
102,d3_k5Xpfmik$_$11,2.4000000953674316,0.2231498658657074,0.000951223773881793,0.009524342603981495,0.9895244240760803,0.22023068368434906,0.22379544377326965,0.24212577939033508,2.179769515991211,2.1762046813964844,2.157874345779419,0.3297921121120453,0.3312649726867676,0.33894285559654236,vision,vision,1,0.5625,0.508474588394165,0.4285714328289032,0.5221571922302246,0.4778428077697754,0.000951223773881793,0.009524342603981495,0.9895244240760803,0.32879769802093506,0.3309550881385803,0.3402472138404846,vision,vision,1,0.06136426329612732,1.0985015630722046,0.43285149335861206,0.009592263959348202,0.021895095705986023
597,wMbj6ajWbic$_$15,2.0,-0.03223341330885887,0.0005967648467049003,0.005708153359591961,0.993695080280304,-0.013230085372924805,0.06372178345918655,0.05611197650432587,2.013230085372925,1.936278223991394,1.9438880681991577,0.3133310377597809,0.34496748447418213,0.34170153737068176,vision,audio,0,0.47058823704719543,0.3913043439388275,0.5636363625526428,0.521315336227417,0.478684663772583,0.0005967648467049003,0.005708153359591961,0.993695080280304,0.28027820587158203,0.26640963554382324,0.4533121883869171,vision,vision,0,0.040202878415584564,1.0675405263900757,0.36025524139404297,0.034621477127075195,0.07695186883211136
470,tIrG4oNLFzE$_$11,-1.600000023841858,-0.07678749412298203,0.0008521505515091121,0.007609380874782801,0.9915384650230408,-0.08470388501882553,-0.02487681806087494,-0.04999995976686478,1.5152961015701294,1.5751231908798218,1.5500000715255737,0.34656140208244324,0.32158955931663513,0.33184894919395447,vision,text,0,0.5625,0.4649122953414917,0.5147058963775635,0.5218029022216797,0.4781970977783203,0.0008521505515091121,0.007609380874782801,0.9915384650230408,0.3194376826286316,0.29079824686050415,0.38976404070854187,vision,vision,0,0.051569804549217224,1.0909534692764282,0.40118297934532166,0.024528469890356064,0.05982706695795059
530,v0zCBqDeKcE$_$16,0.0,-0.011350831016898155,0.00048209528904408216,0.002316561294719577,0.9972014427185059,0.003649003803730011,0.03927294909954071,0.06484360992908478,0.003649003803730011,0.03927294909954071,0.06484360992908478,0.34688422083854675,0.33177635073661804,0.3213393986225128,vision,text,0,0.7142857313156128,0.3333333432674408,1.0,0.52147376537323,0.47852623462677,0.00048209528904408216,0.002316561294719577,0.9972014427185059,0.2581789493560791,0.13422617316246033,0.607594907283783,vision,vision,0,0.02053268998861313,0.9218899011611938,0.25973767042160034,0.025094717741012573,0.06119460612535477
61,cW1FSBF59ik$_$9,-2.4000000953674316,0.8967445492744446,0.0008322200737893581,0.008107134141027927,0.9910606741905212,0.9586940407752991,0.8999125957489014,0.9536073207855225,3.358694076538086,3.299912691116333,3.353607416152954,0.32439911365509033,0.3491324782371521,0.32646840810775757,vision,audio,0,0.5333333611488342,0.4893617033958435,0.4821428656578064,0.5218738317489624,0.4781261682510376,0.0008322200737893581,0.008107134141027927,0.9910606741905212,0.305010050535202,0.3171737492084503,0.3778161406517029,vision,vision,0,0.05383678525686264,1.0941309928894043,0.4088296592235565,0.026592083275318146,0.058781445026397705
197,etzxEpPuc6I$_$8,-1.0,0.06926030665636063,0.0006297692307271063,0.006767339538782835,0.9926028847694397,0.10230428725481033,0.1286475509405136,0.08295252919197083,1.1023043394088745,1.1286475658416748,1.0829524993896484,0.3342142701148987,0.3233882188796997,0.3423974812030792,vision,vision,1,0.46666666865348816,0.44186046719551086,0.5192307829856873,0.5216265320777893,0.4783734679222107,0.0006297692307271063,0.006767339538782835,0.9926028847694397,0.2814481258392334,0.29920893907546997,0.419342964887619,vision,vision,1,0.04581841081380844,1.0822882652282715,0.3821732997894287,0.018727561458945274,0.045695021748542786
574,wMbj6ajWbic$_$24,1.399999976158142,0.6674221754074097,0.0005434468039311469,0.006691536400467157,0.9927650094032288,0.6484706997871399,0.6182451248168945,0.669641375541687,0.7515292763710022,0.7817548513412476,0.7303586006164551,0.33447733521461487,0.32207587361335754,0.34344685077667236,vision,vision,1,0.5,0.529411792755127,0.5714285969734192,0.5219684839248657,0.4780315160751343,0.0005434468039311469,0.006691536400467157,0.9927650094032288,0.26725342869758606,0.31757527589797974,0.4151713252067566,vision,vision,1,0.044798072427511215,1.0818902254104614,0.38506245613098145,0.021090710535645485,0.05139625072479248
646,yvsjCA6Y5Fc$_$14,-1.0,0.7230862975120544,0.0012186153326183558,0.011389387771487236,0.987392008304596,0.8252868056297302,0.7639685869216919,0.8235189318656921,1.825286865234375,1.763968586921692,1.823518991470337,0.324477881193161,0.35032641887664795,0.3251957297325134,vision,audio,0,0.6153846383094788,0.5675675868988037,0.4545454680919647,0.5223242044448853,0.47767579555511475,0.0012186153326183558,0.011389387771487236,0.987392008304596,0.3323385417461395,0.33943578600883484,0.328225702047348,vision,audio,1,0.0716734528541565,1.0985159873962402,0.43944424390792847,0.028498133644461632,0.06131821870803833
331,k5Y_838nuGo$_$31,-1.0,0.6360753178596497,0.0005278419121168554,0.00854730885475874,0.9909248352050781,0.6202688217163086,0.5994589924812317,0.6428457498550415,1.6202688217163086,1.599458932876587,1.6428457498550415,0.3334970772266388,0.34228596091270447,0.32421696186065674,vision,audio,0,0.4615384638309479,0.6086956262588501,0.5185185074806213,0.5222764611244202,0.47772353887557983,0.0005278419121168554,0.00854730885475874,0.9909248352050781,0.2490111142396927,0.37413138151168823,0.3768574595451355,vision,vision,0,0.053720779716968536,1.0817869901657104,0.4093782305717468,0.01771746575832367,0.043386757373809814
4,c7UH_rxdZv4$_$20,-1.7999999523162842,-0.9429699778556824,0.0006981856422498822,0.006500399671494961,0.9928014278411865,-0.68780916929245,-0.610248327255249,-0.7427824139595032,1.1121907234191895,1.1897516250610352,1.0572175979614258,0.3357132077217102,0.30469346046447754,0.35959330201148987,vision,vision,1,0.5416666865348816,0.4794520437717438,0.6022727489471436,0.5215274095535278,0.47847259044647217,0.0006981856422498822,0.006500399671494961,0.9928014278411865,0.288091242313385,0.27843374013900757,0.4334750771522522,vision,vision,1,0.04498162120580673,1.0768725872039795,0.37288424372673035,0.054368115961551666,0.13253408670425415
458,rnaNMUZpvvg$_$9,-1.399999976158142,0.12418333441019058,0.0007991330930963159,0.009430481120944023,0.9897704124450684,0.1289002150297165,0.14483854174613953,0.14587828516960144,1.528900146484375,1.544838547706604,1.545878291130066,0.337920606136322,0.33125483989715576,0.330824613571167,vision,text,0,0.550000011920929,0.5862069129943848,0.49275362491607666,0.5224249958992004,0.47757500410079956,0.0007991330930963159,0.009430481120944023,0.9897704124450684,0.291057288646698,0.3538236618041992,0.35511907935142517,vision,vision,0,0.059858422726392746,1.0944961309432983,0.42310088872909546,0.007770074065774679,0.01697807013988495
545,vvZ4IcEtiZc$_$2,2.4000000953674316,0.891923725605011,0.0010184096172451973,0.008389846421778202,0.9905917048454285,1.0314306020736694,0.9875564575195312,0.829063355922699,1.3685694932937622,1.4124436378479004,1.570936679840088,0.36722394824028015,0.3476267457008362,0.28514933586120605,vision,text,0,0.5,0.4117647111415863,0.44999998807907104,0.5210212469100952,0.4789787530899048,0.0010184096172451973,0.008389846421778202,0.9905917048454285,0.3205600678920746,0.2931050956249237,0.3863348066806793,vision,vision,0,0.056489840149879456,1.0918262004852295,0.40283793210983276,0.08692111074924469,0.20236724615097046
46,cM3Yna7AavY$_$6,2.799999952316284,0.5212323665618896,0.0006385070155374706,0.007146340329200029,0.9922152161598206,0.5655143857002258,0.5327379703521729,0.5424075126647949,2.234485626220703,2.2672619819641113,2.2575924396514893,0.3411354124546051,0.32744139432907104,0.33142316341400146,vision,text,0,0.46666666865348816,0.4642857015132904,0.5259259343147278,0.5217581391334534,0.47824186086654663,0.0006385070155374706,0.007146340329200029,0.9922152161598206,0.27705147862434387,0.30500438809394836,0.4179441034793854,vision,vision,0,0.047762658447027206,1.0823986530303955,0.382847398519516,0.013750630430877209,0.03277641534805298
481,tIrG4oNLFzE$_$2,2.4000000953674316,0.8148557543754578,0.000529400713276118,0.007277528755366802,0.9921930432319641,0.852053165435791,0.800118625164032,0.8720372915267944,1.5479469299316406,1.5998814105987549,1.5279628038406372,0.33755970001220703,0.3163421154022217,0.3460982143878937,vision,vision,1,0.3636363744735718,0.5,0.5833333134651184,0.5216082334518433,0.47839176654815674,0.000529400713276118,0.007277528755366802,0.9921930432319641,0.21694520115852356,0.32238656282424927,0.4606682360172272,vision,vision,1,0.04759707301855087,1.0535125732421875,0.35434991121292114,0.030311083421111107,0.07191866636276245
649,yvsjCA6Y5Fc$_$19,-1.600000023841858,-0.03415297716856003,0.0006609727279283106,0.008141652680933475,0.9911973476409912,-0.08019138127565384,-0.005716606974601746,0.013464100658893585,1.5198086500167847,1.5942834615707397,1.613464117050171,0.35706230998039246,0.3253224492073059,0.3176153004169464,vision,text,0,0.3636363744735718,0.46226415038108826,0.5370370149612427,0.5213913321495056,0.4786086678504944,0.0006609727279283106,0.008141652680933475,0.9911973476409912,0.23403413593769073,0.3183807134628296,0.44758516550064087,vision,vision,0,0.052770838141441345,1.0640826225280762,0.3624081313610077,0.04039491340517998,0.09365548193454742
554,vyB00TXsimI$_$22,0.6000000238418579,0.5290448665618896,0.0009966352954506874,0.01012442447245121,0.9888789653778076,0.4764561057090759,0.44607675075531006,0.4973051846027374,0.12354391813278198,0.15392327308654785,0.10269483923912048,0.33454418182373047,0.32207831740379333,0.3433774709701538,vision,vision,1,0.75,0.6538461446762085,0.4516128897666931,0.5230349898338318,0.4769650101661682,0.0009966352954506874,0.01012442447245121,0.9888789653778076,0.3780212700366974,0.3448125422000885,0.2771661877632141,vision,text,0,0.06444631516933441,1.0905239582061768,0.4744751453399658,0.02103421650826931,0.05122843384742737
402,ob23OKe5a9Q$_$1,1.2000000476837158,1.2317724227905273,0.0010335413971915841,0.009504604153335094,0.9894618391990662,1.3415628671646118,1.2586696147918701,1.337167739868164,0.141562819480896,0.0586695671081543,0.13716769218444824,0.32105985283851624,0.356111615896225,0.3228285610675812,vision,audio,0,0.75,0.6206896305084229,0.47058823704719543,0.5227523446083069,0.4772476553916931,0.0010335413971915841,0.009504604153335094,0.9894618391990662,0.3781062662601471,0.3285295069217682,0.2933642566204071,vision,text,0,0.06184100732207298,1.093198537826538,0.4640650749206543,0.038082581013441086,0.0828932523727417
59,cW1FSBF59ik$_$7,0.5,0.03133410960435867,0.00042889639735221863,0.005327734164893627,0.994243323802948,0.047014664858579636,0.09089414775371552,0.05799025297164917,0.45298534631729126,0.4091058373451233,0.44200974702835083,0.3257121741771698,0.3440763056278229,0.3302115499973297,vision,audio,0,0.4000000059604645,0.47058823704719543,0.75,0.5216432213783264,0.4783567786216736,0.00042889639735221863,0.005327734164893627,0.994243323802948,0.20390701293945312,0.25544804334640503,0.5406449437141418,vision,vision,0,0.03695562481880188,1.0053424835205078,0.3023989200592041,0.01864444836974144,0.04387948289513588
187,etzxEpPuc6I$_$19,-0.5,0.23073647916316986,0.0007299857097677886,0.0073132989928126335,0.9919567108154297,0.17297717928886414,0.2005113810300827,0.2274174988269806,0.6729772090911865,0.7005113959312439,0.7274174690246582,0.3447822630405426,0.3331174850463867,0.3221002221107483,vision,text,0,0.46000000834465027,0.4327485263347626,0.5196078419685364,0.5215530395507812,0.47844696044921875,0.0007299857097677886,0.0073132989928126335,0.9919567108154297,0.27745872735977173,0.2971867024898529,0.42535465955734253,vision,vision,0,0.049250394105911255,1.0799366235733032,0.3777347505092621,0.02222565934062004,0.054440319538116455
456,rnaNMUZpvvg$_$7,-0.4000000059604645,0.3827098309993744,0.0007306800107471645,0.006882361602038145,0.992387056350708,0.3938516676425934,0.3894963264465332,0.4161621034145355,0.7938516736030579,0.7894963026046753,0.816162109375,0.33580082654953003,0.3376339375972748,0.32656532526016235,vision,audio,0,0.5555555820465088,0.48275861144065857,0.5588235259056091,0.5219653248786926,0.4780346751213074,0.0007306800107471645,0.006882361602038145,0.992387056350708,0.2985972762107849,0.2916918396949768,0.4097108244895935,vision,vision,0,0.04712636023759842,1.0858700275421143,0.3884508013725281,0.011679936200380325,0.02666577696800232
648,yvsjCA6Y5Fc$_$16,-1.7999999523162842,-0.05130952596664429,0.001239543897099793,0.010230290703475475,0.9885300993919373,-0.0076784417033195496,0.049540773034095764,0.04505806043744087,1.7923215627670288,1.8495407104492188,1.8450579643249512,0.34877482056617737,0.3247002959251404,0.32652488350868225,vision,text,0,0.5600000023841858,0.48677247762680054,0.5087719559669495,0.5218973755836487,0.4781026244163513,0.001239543897099793,0.010230290703475475,0.9885300993919373,0.3137185573577881,0.301985502243042,0.3842960000038147,vision,vision,0,0.0665794387459755,1.0927897691726685,0.4028227925300598,0.025981344282627106,0.057219214737415314
401,ob23OKe5a9Q$_$14,0.800000011920929,0.5591427087783813,0.0008936934755183756,0.008467822335660458,0.9906384944915771,0.6148961186408997,0.5773316621780396,0.6351945996284485,0.1851038932800293,0.2226683497428894,0.16480541229248047,0.3355899155139923,0.32019633054733276,0.3442137837409973,vision,vision,1,0.5,0.44897958636283875,0.470085471868515,0.5216792821884155,0.4783207178115845,0.0008936934755183756,0.008467822335660458,0.9906384944915771,0.30213651061058044,0.308397501707077,0.38946598768234253,vision,vision,1,0.05599544569849968,1.0916664600372314,0.40078169107437134,0.023970436304807663,0.057862937450408936
100,cXypl4FnoZo$_$19,0.800000011920929,0.4023855924606323,0.0007044058875180781,0.008738880977034569,0.9905567169189453,0.38722723722457886,0.38652271032333374,0.41525033116340637,0.4127727746963501,0.4134773015975952,0.3847496807575226,0.3295143246650696,0.32922428846359253,0.3412613868713379,vision,vision,1,0.550000011920929,0.5844155550003052,0.5249999761581421,0.5223566889762878,0.47764331102371216,0.0007044058875180781,0.008738880977034569,0.9905567169189453,0.2869780957698822,0.3439784646034241,0.3690434396266937,vision,vision,1,0.055933281779289246,1.0932121276855469,0.41434216499328613,0.01337936706840992,0.028727620840072632
662,zhpQhgha_KU$_$3,-1.600000023841858,0.055100493133068085,0.000510615122038871,0.005926268175244331,0.993563175201416,0.09391453117132187,0.1217409148812294,0.08004096150398254,1.693914532661438,1.721740961074829,1.680040955543518,0.33519837260246277,0.32373958826065063,0.3410620093345642,vision,vision,1,0.44999998807907104,0.4482758641242981,0.5357142686843872,0.5216383337974548,0.47836166620254517,0.000510615122038871,0.005926268175244331,0.993563175201416,0.26906275749206543,0.30008551478385925,0.4308517277240753,vision,vision,1,0.040678493678569794,1.0772111415863037,0.3751409947872162,0.01733868196606636,0.04169995337724686
256,fvVhgmXxadc$_$8,-0.5,-0.143449604511261,0.0009359532850794494,0.007563477382063866,0.9915004968643188,-0.10422616451978683,-0.021484971046447754,-0.0005955696105957031,0.39577382802963257,0.47851502895355225,0.4994044303894043,0.35968074202537537,0.3243393301963806,0.31597989797592163,vision,text,0,0.5714285969734192,0.4000000059604645,0.4166666567325592,0.5214689373970032,0.4785310626029968,0.0009359532850794494,0.007563477382063866,0.9915004968643188,0.35994866490364075,0.2855108976364136,0.35454049706459045,vision,text,1,0.05193377658724785,1.0933088064193726,0.42464005947113037,0.044748399406671524,0.10363059490919113
304,k5Y_838nuGo$_$26,2.0,1.2535555362701416,0.00047827084199525416,0.004698782693594694,0.9948229789733887,1.367608904838562,1.2721102237701416,1.3623634576797485,0.632391095161438,0.7278897762298584,0.6376365423202515,0.34710878133773804,0.30805084109306335,0.3448403477668762,vision,text,0,0.5,0.44999998807907104,0.7083333134651184,0.521490216255188,0.478509783744812,0.00047827084199525416,0.004698782693594694,0.9948229789733887,0.2429990917444229,0.24963811039924622,0.5073627829551697,vision,vision,0,0.0340077169239521,1.0344641208648682,0.324973464012146,0.04383448511362076,0.09549868106842041
410,ob23OKe5a9Q$_$8,0.6000000238418579,0.9229027628898621,0.0009248018614016473,0.008639490231871605,0.9904357194900513,0.9924219846725464,0.929472804069519,1.0047117471694946,0.3924219608306885,0.32947278022766113,0.4047117233276367,0.3260919153690338,0.35278740525245667,0.3211207091808319,vision,audio,0,0.6111111044883728,0.5327102541923523,0.49152541160583496,0.5220935344696045,0.4779064655303955,0.0009248018614016473,0.008639490231871605,0.9904357194900513,0.3284190595149994,0.3181287348270416,0.3534521758556366,vision,vision,0,0.05702875182032585,1.0976284742355347,0.4246556758880615,0.03295541927218437,0.07523894309997559
644,yvsjCA6Y5Fc$_$12,-0.6000000238418579,0.0009295069612562656,0.0009021575096994638,0.009463880211114883,0.9896340370178223,0.051579996943473816,0.10367315262556076,0.07989654690027237,0.6515800356864929,0.7036731839179993,0.6798965930938721,0.3445683717727661,0.3228462040424347,0.3325854539871216,vision,text,0,0.5,0.5210084319114685,0.5070422291755676,0.5219610333442688,0.4780389666557312,0.0009021575096994638,0.009463880211114883,0.9896340370178223,0.2810787558555603,0.3298704922199249,0.3890507221221924,vision,vision,0,0.06074106693267822,1.0898489952087402,0.4003888964653015,0.021293845027685165,0.052093155682086945
39,cM3Yna7AavY$_$16,-2.799999952316284,0.3353733718395233,0.0007712515071034431,0.0077942609786987305,0.9914344549179077,0.363910049200058,0.35220205783843994,0.3457082211971283,3.163909912109375,3.1522021293640137,3.1457080841064453,0.3291904032230377,0.3340435028076172,0.3367660641670227,vision,vision,1,0.6000000238418579,0.5357142686843872,0.529411792755127,0.5222777724266052,0.4777222275733948,0.0007712515071034431,0.0077942609786987305,0.9914344549179077,0.31745606660842896,0.310747355222702,0.371796578168869,vision,vision,1,0.05189288407564163,1.0953065156936646,0.4130919575691223,0.00753181055188179,0.018201828002929688
510,tmZoasNr4rU$_$17,-1.399999976158142,-0.037696387618780136,0.0008380974177271128,0.00819541048258543,0.9909664392471313,-0.02298785001039505,0.028788045048713684,0.0017747655510902405,1.3770121335983276,1.4287880659103394,1.4017747640609741,0.34401488304138184,0.3224554657936096,0.33352962136268616,vision,text,0,0.5384615659713745,0.48689138889312744,0.5249999761581421,0.5218762755393982,0.4781237244606018,0.0008380974177271128,0.00819541048258543,0.9909664392471313,0.3039012551307678,0.30115044116973877,0.3949483335018158,vision,vision,0,0.05430224537849426,1.0902937650680542,0.3973454236984253,0.0211440771818161,0.051775895059108734
562,vyB00TXsimI$_$9,-0.25,0.9648434519767761,0.0005260187899693847,0.004567792173475027,0.9949061870574951,1.0096231698989868,0.9542733430862427,1.0129553079605103,1.2596231698989868,1.2042733430862427,1.2629553079605103,0.3260004222393036,0.3493541181087494,0.324645459651947,vision,audio,0,0.5,0.3529411852359772,0.625,0.5212692022323608,0.47873079776763916,0.0005260187899693847,0.004567792173475027,0.9949061870574951,0.2809840440750122,0.23307019472122192,0.48594585061073303,vision,vision,0,0.033666908740997314,1.0468310117721558,0.33930695056915283,0.026911955326795578,0.05868196487426758
6,c7UH_rxdZv4$_$22,-2.4000000953674316,0.01886414922773838,0.0007455470622517169,0.007122789975255728,0.9921316504478455,0.07168099284172058,0.11081858724355698,0.07991108298301697,2.4716811180114746,2.5108187198638916,2.4799110889434814,0.33990246057510376,0.32367393374443054,0.3364236354827881,vision,text,0,0.5,0.4754098355770111,0.5753424763679504,0.5218114256858826,0.47818857431411743,0.0007455470622517169,0.007122789975255728,0.9921316504478455,0.27132946252822876,0.2937193214893341,0.43495118618011475,vision,vision,0,0.04842459037899971,1.0758787393569946,0.3714536428451538,0.016848210245370865,0.039137594401836395
518,tmZoasNr4rU$_$5,-0.800000011920929,-0.2850041389465332,0.0013552168384194374,0.0117952274158597,0.9868495464324951,-0.2785070240497589,-0.18071885406970978,-0.15013054013252258,0.5214929580688477,0.6192811727523804,0.649869441986084,0.3654058575630188,0.3233623504638672,0.311231791973114,vision,text,0,0.75,0.6666666865348816,0.5185185074806213,0.5226903557777405,0.4773096442222595,0.0013552168384194374,0.0117952274158597,0.9868495464324951,0.3554913103580475,0.3388020098209381,0.3057066798210144,vision,text,1,0.07438468188047409,1.09666907787323,0.4540952444076538,0.05475064367055893,0.12837648391723633
492,tStelxIAHjw$_$15,0.4000000059604645,0.46745356917381287,0.0006071777315810323,0.008247158490121365,0.991145670413971,0.4597873389720917,0.45737409591674805,0.48218974471092224,0.0597873330116272,0.05737408995628357,0.08218973875045776,0.33608850836753845,0.33710387349128723,0.32680758833885193,vision,audio,0,0.46666666865348816,0.5370370149612427,0.453125,0.5220997929573059,0.4779002070426941,0.0006071777315810323,0.008247158490121365,0.991145670413971,0.27654561400413513,0.3586749732494354,0.36477938294410706,vision,vision,0,0.05288109928369522,1.0910956859588623,0.41757750511169434,0.011172923259437084,0.024815648794174194
459,rnaNMUZpvvg$_$8,-1.600000023841858,-0.5153842568397522,0.0014552677748724818,0.007473775651305914,0.9910709857940674,-0.4556916654109955,-0.3338205814361572,-0.31309065222740173,1.14430832862854,1.2661794424057007,1.2869093418121338,0.37099844217300415,0.31857529282569885,0.3104263246059418,vision,text,0,0.8181818127632141,0.48275861144065857,0.5714285969734192,0.5220291614532471,0.47797083854675293,0.0014552677748724818,0.007473775651305914,0.9910709857940674,0.4136357307434082,0.23961971700191498,0.34674450755119324,vision,text,1,0.054989904165267944,1.074750542640686,0.4295509457588196,0.06290852278470993,0.14260101318359375
512,tmZoasNr4rU$_$19,0.20000000298023224,-0.25322720408439636,0.000765192904509604,0.006474541500210762,0.9927603006362915,-0.19063925743103027,-0.14215143024921417,-0.24576160311698914,0.3906392455101013,0.3421514332294464,0.44576162099838257,0.33378931879997253,0.3546459376811981,0.31156471371650696,vision,audio,0,0.6666666865348816,0.4931506812572479,0.5517241358757019,0.5218890309333801,0.4781109690666199,0.000765192904509604,0.006474541500210762,0.9927603006362915,0.35512518882751465,0.272991806268692,0.37188300490379333,vision,vision,0,0.04533485695719719,1.089942455291748,0.4139181971549988,0.04232757166028023,0.10361017286777496
537,v0zCBqDeKcE$_$6,0.800000011920929,1.2881108522415161,0.0009498725412413478,0.007866831496357918,0.9911832809448242,1.4065030813217163,1.3086566925048828,1.4031569957733154,0.6065030694007874,0.5086566805839539,0.6031569838523865,0.31905117630958557,0.3605603873729706,0.32038843631744385,vision,audio,0,0.6499999761581421,0.4736842215061188,0.43478259444236755,0.5219319462776184,0.4780680537223816,0.0009498725412413478,0.007866831496357918,0.9911832809448242,0.37360379099845886,0.2958831191062927,0.3305131494998932,vision,text,0,0.05350363627076149,1.0940728187561035,0.4404468238353729,0.04535709694027901,0.0978463888168335
210,f9O3YtZ2VfI$_$2,1.25,1.0209569931030273,0.0012439859565347433,0.01324195135384798,0.9855140447616577,1.028977394104004,0.9681518077850342,1.0741876363754272,0.2210226058959961,0.2818481922149658,0.17581236362457275,0.3350166082382202,0.31048887968063354,0.35449454188346863,vision,vision,1,0.5714285969734192,0.5769230723381042,0.35483869910240173,0.5222840905189514,0.4777159094810486,0.0012439859565347433,0.01324195135384798,0.9855140447616577,0.3337918817996979,0.37678027153015137,0.28942787647247314,vision,audio,0,0.07996509969234467,1.0928685665130615,0.46405744552612305,0.0434451587498188,0.10603582859039307
531,v0zCBqDeKcE$_$1,2.5999999046325684,0.7492796778678894,0.0005693284329026937,0.007507764734327793,0.9919227957725525,0.7663825154304504,0.7327824234962463,0.7777663469314575,1.8336174488067627,1.8672175407409668,1.8222335577011108,0.3363378345966339,0.3225041627883911,0.34115806221961975,vision,vision,1,0.4000000059604645,0.4848484992980957,0.4871794879436493,0.5217167735099792,0.47828322649002075,0.0005693284329026937,0.007507764734327793,0.9919227957725525,0.25244683027267456,0.33781957626342773,0.4097336530685425,vision,vision,1,0.04902457445859909,1.079707384109497,0.3881261348724365,0.019096584990620613,0.04498392343521118
276,jUzDDGyPkXU$_$25,-2.0,0.03452082723379135,0.00039217271842062473,0.005902222357690334,0.9937055706977844,0.07183025777339935,0.11589812487363815,0.08000048995018005,2.0718302726745605,2.1158981323242188,2.080000400543213,0.3405711352825165,0.3223181366920471,0.3371107280254364,vision,text,0,0.4117647111415863,0.5476190447807312,0.6730769276618958,0.5219384431838989,0.4780615568161011,0.00039217271842062473,0.005902222357690334,0.9937055706977844,0.2111889123916626,0.30908796191215515,0.47972315549850464,vision,vision,0,0.03964340686798096,1.043687343597412,0.3426549434661865,0.019140910357236862,0.0440678671002388
339,lXPQBPVc5Cw$_$22,2.5999999046325684,1.2602533102035522,0.0006170833366923034,0.005511744413524866,0.9938712120056152,1.3523340225219727,1.2666022777557373,1.300920009613037,1.2476658821105957,1.333397626876831,1.2990798950195312,0.35259294509887695,0.31676164269447327,0.33064544200897217,vision,text,0,0.6153846383094788,0.4736842215061188,0.6222222447395325,0.5217735767364502,0.4782264232635498,0.0006170833366923034,0.005511744413524866,0.9938712120056152,0.31353047490119934,0.2612249553203583,0.42524459958076477,vision,vision,0,0.039336398243904114,1.0779352188110352,0.37908443808555603,0.03523104637861252,0.08573174476623535
673,zhpQhgha_KU$_$12,-1.399999976158142,0.7991134524345398,0.0004616619844455272,0.00871520210057497,0.9908230304718018,0.8336530327796936,0.7803617715835571,0.8306687474250793,2.2336530685424805,2.180361747741699,2.230668783187866,0.3254551291465759,0.3478734493255615,0.32667142152786255,vision,audio,0,0.31578946113586426,0.5600000023841858,0.5,0.5218659043312073,0.4781340956687927,0.0004616619844455272,0.00871520210057497,0.9908230304718018,0.2099599540233612,0.3810238540172577,0.40901628136634827,vision,vision,0,0.05401405692100525,1.0610215663909912,0.38787123560905457,0.024448715150356293,0.053291261196136475
515,tmZoasNr4rU$_$1,0.0,0.16253449022769928,0.0007252467330545187,0.007360118441283703,0.9919147491455078,0.14938536286354065,0.16231876611709595,0.17577576637268066,0.14938536286354065,0.16231876611709595,0.17577576637268066,0.3388092517852783,0.33337581157684326,0.32781490683555603,vision,text,0,0.5454545617103577,0.4893617033958435,0.5263158082962036,0.5219892859458923,0.47801071405410767,0.0007252467330545187,0.007360118441283703,0.9919147491455078,0.3023225963115692,0.30345895886421204,0.39421844482421875,vision,vision,0,0.049445804208517075,1.0904924869537354,0.398464173078537,0.010774543508887291,0.026390403509140015
461,rnaNMUZpvvg$_$10,-2.5999999046325684,0.0056363618932664394,0.0010380411986261606,0.011528255417943,0.9874336123466492,0.06529588997364044,0.1119767501950264,0.07989653944969177,2.6652958393096924,2.7119767665863037,2.679896354675293,0.3418530523777008,0.322476327419281,0.3356705904006958,vision,text,0,0.5384615659713745,0.5652173757553101,0.40740740299224854,0.5223166942596436,0.47768330574035645,0.0010380411986261606,0.011528255417943,0.9874336123466492,0.3080810308456421,0.3673805296421051,0.3245384693145752,vision,audio,0,0.07106893509626389,1.0958311557769775,0.4419301450252533,0.019497640430927277,0.046680860221385956
467,rnaNMUZpvvg$_$16,-1.7999999523162842,0.6936290860176086,0.001251085428521037,0.004668244626373053,0.9940807223320007,0.6909923553466797,0.6509230136871338,0.7437385320663452,2.490992307662964,2.450922966003418,2.54373836517334,0.3347216844558716,0.35191377997398376,0.3133644759654999,vision,audio,0,0.800000011920929,0.2857142984867096,0.5882353186607361,0.5214223265647888,0.4785776734352112,0.001251085428521037,0.004668244626373053,0.9940807223320007,0.4399685859680176,0.1757591962814331,0.3842722773551941,vision,text,0,0.03931798040866852,1.0343385934829712,0.4065389633178711,0.0380094014108181,0.09281551837921143
353,lXPQBPVc5Cw$_$10,-2.200000047683716,-0.07921791821718216,0.0009843272855505347,0.008997458033263683,0.9900182485580444,-0.0881071463227272,-0.022774741053581238,-0.030363239347934723,2.1118929386138916,2.177225351333618,2.1696367263793945,0.3506380617618561,0.32314106822013855,0.32622089982032776,vision,text,0,0.5714285969734192,0.5,0.4972677528858185,0.5219390392303467,0.4780609607696533,0.0009843272855505347,0.008997458033263683,0.9900182485580444,0.32128721475601196,0.3077850341796875,0.3709278106689453,vision,vision,0,0.059132128953933716,1.0953423976898193,0.4127269685268402,0.02917431853711605,0.06533240526914597
142,d6hH302o4v8$_$9,-2.4000000953674316,-0.47709518671035767,0.0013518314808607101,0.009144412353634834,0.9895037412643433,-0.4952702820301056,-0.4109295606613159,-0.37620943784713745,1.9047298431396484,1.9890705347061157,2.0237905979156494,0.3621009886264801,0.325869619846344,0.3120293617248535,vision,text,0,0.875,0.625,0.5263158082962036,0.5228795409202576,0.47712045907974243,0.0013518314808607101,0.009144412353634834,0.9895037412643433,0.42464008927345276,0.2885860800743103,0.28677383065223694,vision,text,1,0.06230102479457855,1.0805518627166748,0.46848663687705994,0.04999370127916336,0.11906084418296814
80,cXypl4FnoZo$_$23,0.4000000059604645,0.024037811905145645,0.0008313231519423425,0.004684182349592447,0.9944844841957092,0.046942826360464096,0.07768488675355911,0.06871023774147034,0.3530571758747101,0.32231512665748596,0.33128976821899414,0.3260772228240967,0.3388514220714569,0.3350713551044464,vision,audio,0,0.5714285969734192,0.20000000298023224,0.4166666567325592,0.5209989547729492,0.4790010452270508,0.0008313231519423425,0.004684182349592447,0.9944844841957092,0.3999302089214325,0.20982585847377777,0.3902439475059509,vision,text,0,0.03652032092213631,1.0613734722137451,0.40282702445983887,0.012907528318464756,0.030742060393095016
547,vvZ4IcEtiZc$_$4,2.200000047683716,-0.30784738063812256,0.0008933644858188927,0.008725486695766449,0.9903810620307922,-0.041162557899951935,-0.02033992111682892,-0.36751797795295715,2.2411625385284424,2.2203400135040283,2.5675179958343506,0.37155577540397644,0.3813536763191223,0.24709051847457886,vision,audio,0,0.5,0.49038460850715637,0.5,0.5207749009132385,0.4792250990867615,0.0008933644858188927,0.008725486695766449,0.9903810620307922,0.29476961493492126,0.3140661120414734,0.39116424322128296,vision,vision,0,0.0572163462638855,1.090972900390625,0.39947792887687683,0.15898080170154572,0.34717804193496704
53,cW1FSBF59ik$_$23,1.399999976158142,0.5651653409004211,0.0007285234751179814,0.0078193424269557,0.9914520978927612,0.5908604860305786,0.5636844038963318,0.5810146927833557,0.8091394901275635,0.8363155722618103,0.8189852833747864,0.33848175406455994,0.32717666029930115,0.33434155583381653,vision,text,0,0.4761904776096344,0.47311827540397644,0.5089285969734192,0.521833062171936,0.47816693782806396,0.0007285234751179814,0.0078193424269557,0.9914520978927612,0.281635582447052,0.31197109818458557,0.40639325976371765,vision,vision,0,0.05170729383826256,1.08620023727417,0.39003920555114746,0.011233978904783726,0.027176082134246826
441,phBUpBr1hSo$_$5,-1.399999976158142,0.9387025237083435,0.0004324561159592122,0.00542287016287446,0.9941447377204895,0.940972089767456,0.8864686489105225,0.949793815612793,2.3409719467163086,2.286468505859375,2.3497939109802246,0.32684680819511414,0.3498907685279846,0.32326242327690125,vision,audio,0,0.4117647111415863,0.4528301954269409,0.6315789222717285,0.5215108394622803,0.4784891605377197,0.0004324561159592122,0.00542287016287446,0.9941447377204895,0.23266519606113434,0.28220707178115845,0.48512765765190125,vision,vision,0,0.0374797023832798,1.0471998453140259,0.33934471011161804,0.02800500951707363,0.06332516670227051
258,iiK8YX8oH1E$_$10,0.0,-0.08978389948606491,0.0010850789258256555,0.01003336813300848,0.988881528377533,-0.07442402094602585,-0.011783167719841003,0.01498837023973465,0.07442402094602585,0.011783167719841003,0.01498837023973465,0.31659871339797974,0.3423851728439331,0.34101614356040955,vision,audio,0,0.7142857313156128,0.6000000238418579,0.43478259444236755,0.5226141810417175,0.47738581895828247,0.0010850789258256555,0.01003336813300848,0.988881528377533,0.37578296661376953,0.33540502190589905,0.28881198167800903,vision,text,0,0.06463521718978882,1.092895746231079,0.4667130410671234,0.03746875375509262,0.0894123911857605
563,vyB00TXsimI$_$8,2.5999999046325684,0.2724176347255707,0.0004976865602657199,0.006197301670908928,0.9933050274848938,0.16369080543518066,0.17174845933914185,0.20326870679855347,2.4363090991973877,2.4282515048980713,2.39673113822937,0.32670775055885315,0.33001500368118286,0.3432772159576416,vision,vision,1,0.44999998807907104,0.47999998927116394,0.5423728823661804,0.5217646956443787,0.47823530435562134,0.0004976865602657199,0.006197301670908928,0.9933050274848938,0.2623160779476166,0.3122246563434601,0.4254593253135681,vision,vision,1,0.04196252301335335,1.0780638456344604,0.3785638213157654,0.01707780361175537,0.0395779013633728
226,f9O3YtZ2VfI$_$18,-1.0,0.40406450629234314,0.0014285938814282417,0.012380305677652359,0.9861910343170166,0.4918510317802429,0.4717786908149719,0.5011048913002014,1.4918510913848877,1.4717786312103271,1.5011048316955566,0.3317951560020447,0.3402254283428192,0.32797935605049133,vision,audio,0,0.75,0.625,0.375,0.5231071710586548,0.4768928289413452,0.0014285938814282417,0.012380305677652359,0.9861910343170166,0.3947714865207672,0.34902337193489075,0.2562052011489868,vision,text,0,0.07744191586971283,1.0832016468048096,0.4866572618484497,0.012240909039974213,0.029326200485229492
431,phBUpBr1hSo$_$15,-2.200000047683716,0.7877536416053772,0.0008578213746659458,0.008528776466846466,0.9906134605407715,0.8041232228279114,0.7732144594192505,0.8350393772125244,3.0041232109069824,2.973214626312256,3.0350394248962402,0.33316856622695923,0.346292644739151,0.32053878903388977,vision,audio,0,0.5400000214576721,0.4968944191932678,0.4845360815525055,0.5218995809555054,0.47810041904449463,0.0008578213746659458,0.008528776466846466,0.9906134605407715,0.3071215748786926,0.3183176815509796,0.37456071376800537,vision,vision,0,0.05603323131799698,1.0947597026824951,0.41070181131362915,0.02523990534245968,0.061824917793273926
235,f_pcplsH_V0$_$3,0.800000011920929,-0.013820713385939598,0.002246097195893526,0.009835261851549149,0.9879186749458313,0.1022394448518753,0.1259343922138214,0.07994392514228821,0.6977605819702148,0.6740655899047852,0.7200560569763184,0.3330472409725189,0.3430592119693756,0.32389357686042786,vision,audio,0,0.9090909361839294,0.4761904776096344,0.40789473056793213,0.5228736996650696,0.4771263003349304,0.002246097195893526,0.009835261851549149,0.9879186749458313,0.5051736235618591,0.24038825929164886,0.2544381618499756,vision,text,0,0.07116241753101349,1.0358816385269165,0.4889870285987854,0.018778426572680473,0.0459904670715332
62,cW1FSBF59ik$_$8,1.7999999523162842,0.6059280633926392,0.0009684326942078769,0.005361864343285561,0.9936696887016296,0.6704321503639221,0.6293904781341553,0.6765155792236328,1.1295678615570068,1.170609474182129,1.1234843730926514,0.3381091058254242,0.32120081782341003,0.340690016746521,vision,vision,1,0.7142857313156128,0.4000000059604645,0.6451612710952759,0.521782398223877,0.47821760177612305,0.0009684326942078769,0.005361864343285561,0.9936696887016296,0.35774222016334534,0.21586093306541443,0.4263968765735626,vision,vision,1,0.04106517881155014,1.062133550643921,0.37818190455436707,0.020928971469402313,0.04712510108947754
37,cM3Yna7AavY$_$15,-2.4000000953674316,-0.26808273792266846,0.0016642012633383274,0.011304082348942757,0.9870317578315735,-0.2430192530155182,-0.14112235605716705,-0.10353799909353256,2.1569807529449463,2.258877754211426,2.296462059020996,0.367591917514801,0.3236303925514221,0.30877768993377686,vision,text,0,0.7272727489471436,0.53125,0.43589743971824646,0.5221920609474182,0.4778079390525818,0.0016642012633383274,0.011304082348942757,0.9870317578315735,0.3957979083061218,0.30166152119636536,0.3025405704975128,vision,text,1,0.07420359551906586,1.0900713205337524,0.4563274383544922,0.05892610922455788,0.13948124647140503
615,yDtzw_Y-7RU$_$6,-1.2000000476837158,0.05615592747926712,0.0009205332025885582,0.0072014289908111095,0.9918780326843262,0.10231318324804306,0.12880703806877136,0.10155780613422394,1.302313208580017,1.3288071155548096,1.3015578985214233,0.3368853032588959,0.3259112536907196,0.3372034728527069,vision,vision,1,0.6326530575752258,0.462184876203537,0.5244755148887634,0.5220155119895935,0.4779844880104065,0.0009205332025885582,0.0072014289908111095,0.9918780326843262,0.3455010950565338,0.27673304080963135,0.3777657747268677,vision,vision,1,0.050051990896463394,1.090451717376709,0.4094081521034241,0.012671122327446938,0.027249231934547424
323,k5Y_838nuGo$_$13,0.6000000238418579,0.8341532945632935,0.0007796544814482331,0.012922084890305996,0.9862982630729675,0.8545279502868652,0.8114391565322876,0.8759812712669373,0.2545279264450073,0.2114391326904297,0.27598124742507935,0.33015531301498413,0.34842541813850403,0.32141929864883423,vision,audio,0,0.5714285969734192,0.7333333492279053,0.4444444477558136,0.5230807662010193,0.4769192337989807,0.0007796544814482331,0.012922084890305996,0.9862982630729675,0.27800700068473816,0.43069159984588623,0.2913014590740204,vision,audio,1,0.07538293302059174,1.0779681205749512,0.4633312225341797,0.026838157325983047,0.06454211473464966
10,c7UH_rxdZv4$_$1,-2.799999952316284,0.2678243815898895,0.00033378414809703827,0.005155506543815136,0.9945107698440552,0.19306695461273193,0.21312007308006287,0.22758710384368896,2.9930667877197266,3.01311993598938,3.0275869369506836,0.34094634652137756,0.3325062692165375,0.3265473246574402,vision,text,0,0.25,0.42424243688583374,0.6410256624221802,0.5213383436203003,0.4786616563796997,0.00033378414809703827,0.005155506543815136,0.9945107698440552,0.17931930720806122,0.2866164445877075,0.5340642929077148,vision,vision,0,0.03530367463827133,1.001320719718933,0.30696433782577515,0.014154164120554924,0.03452014923095703
404,ob23OKe5a9Q$_$2,1.0,0.7815828323364258,0.0005853234324604273,0.01176504883915186,0.9876496195793152,0.7915113568305969,0.7590054273605347,0.8039585947990417,0.20848864316940308,0.24099457263946533,0.19604140520095825,0.3360370099544525,0.3226567208766937,0.34130629897117615,vision,vision,1,0.4285714328289032,0.6875,0.42105263471603394,0.5227658152580261,0.4772341847419739,0.0005853234324604273,0.01176504883915186,0.9876496195793152,0.2372722327709198,0.4467199742794037,0.3160078525543213,vision,audio,0,0.06889820843935013,1.0653419494628906,0.4477611780166626,0.01895127259194851,0.04495316743850708
245,fvVhgmXxadc$_$13,0.20000000298023224,0.8422149419784546,0.0007813886040821671,0.008799726143479347,0.9904188513755798,0.8842546343803406,0.8300198316574097,0.8904380202293396,0.6842546463012695,0.6300198435783386,0.6904380321502686,0.3265364468097687,0.34944114089012146,0.3240223228931427,vision,audio,0,0.550000011920929,0.5185185074806213,0.4153846204280853,0.522049605846405,0.47795039415359497,0.0007813886040821671,0.008799726143479347,0.9904188513755798,0.3243612051010132,0.34086111187934875,0.3347776234149933,vision,audio,1,0.056774891912937164,1.098402976989746,0.43709415197372437,0.027141615748405457,0.06041818857192993
455,rnaNMUZpvvg$_$4,-2.4000000953674316,0.49510595202445984,0.0008022056426852942,0.010309231467545033,0.9888885617256165,0.5215857625007629,0.49709779024124146,0.5447949171066284,2.92158579826355,2.8970978260040283,2.9447951316833496,0.3330570459365845,0.34340956807136536,0.32353338599205017,vision,audio,0,0.3877550959587097,0.4964539110660553,0.42352941632270813,0.5217621326446533,0.4782378673553467,0.0008022056426852942,0.010309231467545033,0.9888885617256165,0.25840431451797485,0.36181363463401794,0.3797820508480072,vision,vision,0,0.0639294981956482,1.0851984024047852,0.4060710370540619,0.019474616274237633,0.04769712686538696
165,dq3Nf_lMPnE$_$10,1.0,0.6988308429718018,0.0009354734793305397,0.008074074052274227,0.990990400314331,0.7175540328025818,0.6893664598464966,0.737763524055481,0.2824459671974182,0.3106335401535034,0.26223647594451904,0.33434051275253296,0.3227653503417969,0.34289416670799255,vision,vision,1,0.6000000238418579,0.46875,0.44736841320991516,0.5219549536705017,0.4780450463294983,0.0009354734793305397,0.008074074052274227,0.990990400314331,0.34936684370040894,0.30223700404167175,0.3483962118625641,vision,text,0,0.05440303683280945,1.0963996648788452,0.42839616537094116,0.019847288727760315,0.048397064208984375
5,c7UH_rxdZv4$_$21,-0.800000011920929,0.5941612720489502,0.0008718027966096997,0.007744300179183483,0.9913839101791382,0.5934972167015076,0.575264573097229,0.6153390407562256,1.3934972286224365,1.3752646446228027,1.4153389930725098,0.33376505970954895,0.34145909547805786,0.3247758150100708,vision,audio,0,0.6842105388641357,0.54347825050354,0.48275861144065857,0.5224280953407288,0.47757190465927124,0.0008718027966096997,0.007744300179183483,0.9913839101791382,0.3627261221408844,0.3088994324207306,0.328374445438385,vision,text,0,0.052364129573106766,1.0963976383209229,0.44200628995895386,0.016382446512579918,0.04007446765899658
290,jUzDDGyPkXU$_$9,2.799999952316284,1.6611958742141724,0.001292891800403595,0.006962439510971308,0.9917446970939636,1.7976502180099487,1.6761677265167236,1.789276123046875,1.0023497343063354,1.1238322257995605,1.0107238292694092,0.3510371148586273,0.30158108472824097,0.3473818004131317,vision,text,0,0.8571428656578064,0.47826087474823,0.5357142686843872,0.5222558975219727,0.47774410247802734,0.001292891800403595,0.006962439510971308,0.9917446970939636,0.446577787399292,0.23537974059581757,0.31804245710372925,vision,text,1,0.05140398070216179,1.064834713935852,0.44913479685783386,0.05539921671152115,0.1214824914932251
587,wMbj6ajWbic$_$5,0.20000000298023224,0.3486228585243225,0.0008600386208854616,0.008167137391865253,0.9909728765487671,0.3410940170288086,0.3282911777496338,0.3544709086418152,0.14109401404857635,0.12829117476940155,0.15447090566158295,0.33338332176208496,0.3387615382671356,0.32785511016845703,vision,audio,0,0.5,0.41025641560554504,0.3958333432674408,0.5216845273971558,0.47831547260284424,0.0008600386208854616,0.008167137391865253,0.9909728765487671,0.3304167091846466,0.3085414171218872,0.3610419034957886,vision,vision,0,0.05432148277759552,1.0965328216552734,0.41995400190353394,0.01068868674337864,0.026179730892181396
338,lXPQBPVc5Cw$_$21,1.7999999523162842,0.06657935678958893,0.0004908272530883551,0.005683272145688534,0.9938259124755859,0.1022789254784584,0.12760992348194122,0.0806209072470665,1.697721004486084,1.6723899841308594,1.7193790674209595,0.33272767066955566,0.34343162178993225,0.3238406777381897,vision,audio,0,0.4166666567325592,0.4285714328289032,0.5600000023841858,0.5214955806732178,0.4785044193267822,0.0004908272530883551,0.005683272145688534,0.9938259124755859,0.25292423367500305,0.2914780080318451,0.45559775829315186,vision,vision,0,0.039278604090213776,1.065183401107788,0.35881876945495605,0.019202711060643196,0.046989016234874725
580,wMbj6ajWbic$_$22,1.399999976158142,1.5229086875915527,0.00046568692778237164,0.0063672191463410854,0.9931671023368835,1.5774542093276978,1.479520320892334,1.5739638805389404,0.17745423316955566,0.0795203447341919,0.17396390438079834,0.31902018189430237,0.36056482791900635,0.32041504979133606,vision,audio,0,0.4545454680919647,0.517241358757019,0.568965494632721,0.5216902494430542,0.4783097505569458,0.00046568692778237164,0.0063672191463410854,0.9931671023368835,0.25242742896080017,0.3205949366092682,0.42697760462760925,vision,vision,0,0.04257866367697716,1.0755690336227417,0.37745964527130127,0.04536621272563934,0.09793388843536377
420,pLTX3ipuDJI$_$2,-1.7999999523162842,0.9522676467895508,0.000797094835434109,0.009062910452485085,0.9901400208473206,1.0037940740585327,0.9291491508483887,1.0062609910964966,2.8037939071655273,2.729149103164673,2.8062610626220703,0.32313114404678345,0.3547326326370239,0.32213619351387024,vision,audio,0,0.42222222685813904,0.49242424964904785,0.5189873576164246,0.5216485261917114,0.4783514738082886,0.000797094835434109,0.009062910452485085,0.9901400208473206,0.25298795104026794,0.32770881056785583,0.4193032681941986,vision,vision,0,0.05812607705593109,1.0777537822723389,0.3805578649044037,0.035783588886260986,0.07711184024810791
251,fvVhgmXxadc$_$5,0.0,-0.016540402546525,0.0007802865584380925,0.008907392621040344,0.9903122186660767,-0.0022022053599357605,0.07315169274806976,0.06045200303196907,0.0022022053599357605,0.07315169274806976,0.06045200303196907,0.3515052795410156,0.32167375087738037,0.3268209397792816,vision,text,0,0.5384615659713745,0.5526315569877625,0.5,0.522055447101593,0.477944552898407,0.0007802865584380925,0.008907392621040344,0.9903122186660767,0.29349491000175476,0.33831316232681274,0.3681919574737549,vision,vision,0,0.057274967432022095,1.0943313837051392,0.41474688053131104,0.03293940797448158,0.07535389810800552
573,vyB00TXsimI$_$18,2.4000000953674316,0.9991016983985901,0.0004886726383119822,0.0074322703294456005,0.9920790791511536,1.0432580709457397,0.9779608249664307,1.0360419750213623,1.356742024421692,1.422039270401001,1.3639581203460693,0.3433310091495514,0.3164209723472595,0.3402480483055115,vision,text,0,0.5,0.6111111044883728,0.5454545617103577,0.5222461819648743,0.47775381803512573,0.0004886726383119822,0.0074322703294456005,0.9920790791511536,0.2572024464607239,0.3608147203922272,0.38198283314704895,vision,vision,0,0.048047423362731934,1.084676742553711,0.4067308306694031,0.02922937646508217,0.06529724597930908
291,jUzDDGyPkXU$_$8,1.7999999523162842,0.5932482481002808,0.0009829791961237788,0.011109336279332638,0.9879075884819031,0.621088445186615,0.6011870503425598,0.6394497752189636,1.1789114475250244,1.1988129615783691,1.1605501174926758,0.3334837555885315,0.3252900242805481,0.3412262499332428,vision,vision,1,0.6363636255264282,0.625,0.4137931168079376,0.5227789878845215,0.4772210121154785,0.0009829791961237788,0.011109336279332638,0.9879075884819031,0.3364625573158264,0.3710230886936188,0.2925143241882324,vision,audio,0,0.06881771236658096,1.0939348936080933,0.46359556913375854,0.015624908730387688,0.03826272487640381
23,c7UH_rxdZv4$_$15,-2.4000000953674316,-0.11526667326688766,0.0025922975037246943,0.010214978829026222,0.9871927499771118,-0.057341866195201874,-0.01076042652130127,0.0216200090944767,2.342658281326294,2.38923978805542,2.4216201305389404,0.3509451448917389,0.33109426498413086,0.31796061992645264,vision,text,0,1.0,0.5,0.4000000059604645,0.5231261253356934,0.47687387466430664,0.0025922975037246943,0.010214978829026222,0.9871927499771118,0.5499264001846313,0.22678673267364502,0.22328689694404602,vision,text,1,0.07498698681592941,1.0001071691513062,0.5092706084251404,0.032409366220235825,0.07896187901496887
575,wMbj6ajWbic$_$25,2.0,1.2027539014816284,0.0006726354476995766,0.006803242489695549,0.9925240874290466,1.261816143989563,1.1802856922149658,1.263979434967041,0.738183856010437,0.8197143077850342,0.736020565032959,0.34413743019104004,0.31079328060150146,0.3450692892074585,vision,vision,1,0.5833333134651184,0.52173912525177,0.5925925970077515,0.5219292640686035,0.4780707359313965,0.0006726354476995766,0.006803242489695549,0.9925240874290466,0.29693394899368286,0.2944542169570923,0.40861186385154724,vision,vision,1,0.04631161689758301,1.0862631797790527,0.38927483558654785,0.03895370289683342,0.0836937427520752
150,d6hH302o4v8$_$15,-1.75,-0.024702686816453934,0.0016813435358926654,0.009670731611549854,0.988647997379303,0.016556568443775177,0.0757734626531601,0.07056459784507751,1.7665566205978394,1.8257734775543213,1.8205646276474,0.3492388129234314,0.32432135939598083,0.32643985748291016,vision,text,0,0.75,0.4285714328289032,0.3125,0.5223503708839417,0.47764962911605835,0.0016813435358926654,0.009670731611549854,0.988647997379303,0.4604785144329071,0.2755224108695984,0.2639990746974945,vision,text,1,0.06688715517520905,1.0638647079467773,0.4830993115901947,0.02677195891737938,0.05921689420938492
